N,psi,delta,lambda,theta,alpha,effective_beta,psi_check,selection_mode,path_index,t_0,first_loss_time,kappa_1_at_t0,X0_count_at_stop,X_0_at_stop,leading_zero_count_at_t0,first_nonzero_class_at_t0
10000,0.7,0.4,0.010266767126901843,3.684136148790474,0.0027867501938744826,0.4971415721575887,0.7,exponential,0,240.0,240.0,3.9145,0,0.0,1.0,1.0
10000,0.7,0.4,0.010266767126901843,3.684136148790474,0.0027867501938744826,0.4971415721575887,0.7,exponential,1,404.0,404.0,3.5109,0,0.0,1.0,1.0
10000,0.7,0.4,0.010266767126901843,3.684136148790474,0.0027867501938744826,0.4971415721575887,0.7,exponential,2,190.0,190.0,3.9266999,0,0.0,1.0,1.0
10000,0.7,0.4,0.010266767126901843,3.684136148790474,0.0027867501938744826,0.4971415721575887,0.7,exponential,3,934.0,934.0,3.3237,0,0.0,1.0,1.0
10000,0.7,0.4,0.010266767126901843,3.684136148790474,0.0027867501938744826,0.4971415721575887,0.7,exponential,4,201.0,201.0,3.7589,0,0.0,1.0,1.0
10000,0.7,0.4,0.010266767126901843,3.684136148790474,0.0027867501938744826,0.4971415721575887,0.7,exponential,5,152.0,152.0,4.1548,0,0.0,1.0,1.0
10000,0.7,0.4,0.010266767126901843,3.684136148790474,0.0027867501938744826,0.4971415721575887,0.7,exponential,6,841.0,841.0,3.8602998,0,0.0,1.0,1.0
10000,0.7,0.4,0.010266767126901843,3.684136148790474,0.0027867501938744826,0.4971415721575887,0.7,exponential,7,1880.0,1880.0,3.6627998,0,0.0,1.0,1.0
10000,0.7,0.4,0.010266767126901843,3.684136148790474,0.0027867501938744826,0.4971415721575887,0.7,exponential,8,237.0,237.0,3.9057,0,0.0,1.0,1.0
10000,0.7,0.4,0.010266767126901843,3.684136148790474,0.0027867501938744826,0.4971415721575887,0.7,exponential,9,902.0,902.0,3.5753,0,0.0,1.0,1.0
10000,0.7,0.4,0.010266767126901843,3.684136148790474,0.0027867501938744826,0.4971415721575887,0.7,exponential,10,148.0,148.0,3.9826999,0,0.0,1.0,1.0
10000,0.7,0.4,0.010266767126901843,3.684136148790474,0.0027867501938744826,0.4971415721575887,0.7,exponential,11,980.0,980.0,4.081,0,0.0,1.0,1.0
10000,0.7,0.4,0.010266767126901843,3.684136148790474,0.0027867501938744826,0.4971415721575887,0.7,exponential,12,165.0,165.0,3.9280999,0,0.0,1.0,1.0
10000,0.7,0.4,0.010266767126901843,3.684136148790474,0.0027867501938744826,0.4971415721575887,0.7,exponential,13,1605.0,1605.0,3.5449,0,0.0,1.0,1.0
10000,0.7,0.4,0.010266767126901843,3.684136148790474,0.0027867501938744826,0.4971415721575887,0.7,exponential,14,1849.0,1849.0,3.5358999,0,0.0,1.0,1.0
10000,0.7,0.4,0.010266767126901843,3.684136148790474,0.0027867501938744826,0.4971415721575887,0.7,exponential,15,519.0,519.0,4.6451,0,0.0,1.0,1.0
10000,0.7,0.4,0.010266767126901843,3.684136148790474,0.0027867501938744826,0.4971415721575887,0.7,exponential,16,1135.0,1135.0,3.8318,0,0.0,1.0,1.0
10000,0.7,0.4,0.010266767126901843,3.684136148790474,0.0027867501938744826,0.4971415721575887,0.7,exponential,17,484.0,484.0,4.2599,0,0.0,1.0,1.0
10000,0.7,0.4,0.010266767126901843,3.684136148790474,0.0027867501938744826,0.4971415721575887,0.7,exponential,18,923.0,923.0,3.8195999,0,0.0,1.0,1.0
10000,0.7,0.4,0.010266767126901843,3.684136148790474,0.0027867501938744826,0.4971415721575887,0.7,exponential,19,1714.0,1714.0,4.1493,0,0.0,1.0,1.0
10000,0.7,0.4,0.010266767126901843,3.684136148790474,0.0027867501938744826,0.4971415721575887,0.7,exponential,20,1072.0,1072.0,3.8193998,0,0.0,1.0,1.0
10000,0.7,0.4,0.010266767126901843,3.684136148790474,0.0027867501938744826,0.4971415721575887,0.7,exponential,21,2372.0,2372.0,3.8816998,0,0.0,1.0,1.0
10000,0.7,0.4,0.010266767126901843,3.684136148790474,0.0027867501938744826,0.4971415721575887,0.7,exponential,22,499.0,499.0,3.7373,0,0.0,1.0,1.0
10000,0.7,0.4,0.010266767126901843,3.684136148790474,0.0027867501938744826,0.4971415721575887,0.7,exponential,23,463.0,463.0,3.7596998,0,0.0,1.0,1.0
10000,0.7,0.4,0.010266767126901843,3.684136148790474,0.0027867501938744826,0.4971415721575887,0.7,exponential,24,290.0,290.0,3.6327999,0,0.0,1.0,1.0
10000,0.7,0.4,0.010266767126901843,3.684136148790474,0.0027867501938744826,0.4971415721575887,0.7,exponential,25,436.0,436.0,4.1523,0,0.0,1.0,1.0
10000,0.7,0.4,0.010266767126901843,3.684136148790474,0.0027867501938744826,0.4971415721575887,0.7,exponential,26,671.0,671.0,3.5266,0,0.0,1.0,1.0
10000,0.7,0.4,0.010266767126901843,3.684136148790474,0.0027867501938744826,0.4971415721575887,0.7,exponential,27,243.0,243.0,4.2532997,0,0.0,1.0,1.0
10000,0.7,0.4,0.010266767126901843,3.684136148790474,0.0027867501938744826,0.4971415721575887,0.7,exponential,28,1685.0,1685.0,3.9192,0,0.0,1.0,1.0
10000,0.7,0.4,0.010266767126901843,3.684136148790474,0.0027867501938744826,0.4971415721575887,0.7,exponential,29,948.0,948.0,3.665,0,0.0,1.0,1.0
10000,0.7,0.4,0.010266767126901843,3.684136148790474,0.0027867501938744826,0.4971415721575887,0.7,exponential,30,205.0,205.0,3.8481998,0,0.0,1.0,1.0
10000,0.7,0.4,0.010266767126901843,3.684136148790474,0.0027867501938744826,0.4971415721575887,0.7,exponential,31,498.0,498.0,4.1949997,0,0.0,1.0,1.0
10000,0.7,0.4,0.010266767126901843,3.684136148790474,0.0027867501938744826,0.4971415721575887,0.7,exponential,32,500.0,500.0,4.2063,0,0.0,1.0,1.0
10000,0.7,0.4,0.010266767126901843,3.684136148790474,0.0027867501938744826,0.4971415721575887,0.7,exponential,33,2243.0,2243.0,3.8987,0,0.0,1.0,1.0
10000,0.7,0.4,0.010266767126901843,3.684136148790474,0.0027867501938744826,0.4971415721575887,0.7,exponential,34,208.0,208.0,3.6943,0,0.0,1.0,1.0
10000,0.7,0.4,0.010266767126901843,3.684136148790474,0.0027867501938744826,0.4971415721575887,0.7,exponential,35,86.0,86.0,3.8156998,0,0.0,1.0,1.0
10000,0.7,0.4,0.010266767126901843,3.684136148790474,0.0027867501938744826,0.4971415721575887,0.7,exponential,36,555.0,555.0,3.5516,0,0.0,1.0,1.0
10000,0.7,0.4,0.010266767126901843,3.684136148790474,0.0027867501938744826,0.4971415721575887,0.7,exponential,37,777.0,777.0,4.2338,0,0.0,1.0,1.0
10000,0.7,0.4,0.010266767126901843,3.684136148790474,0.0027867501938744826,0.4971415721575887,0.7,exponential,38,81.0,81.0,3.6703,0,0.0,1.0,1.0
10000,0.7,0.4,0.010266767126901843,3.684136148790474,0.0027867501938744826,0.4971415721575887,0.7,exponential,39,634.0,634.0,3.7982,0,0.0,1.0,1.0
10000,0.7,0.4,0.010266767126901843,3.684136148790474,0.0027867501938744826,0.4971415721575887,0.7,exponential,40,290.0,290.0,3.9039,0,0.0,1.0,1.0
10000,0.7,0.4,0.010266767126901843,3.684136148790474,0.0027867501938744826,0.4971415721575887,0.7,exponential,41,1272.0,1272.0,4.4137,0,0.0,1.0,1.0
10000,0.7,0.4,0.010266767126901843,3.684136148790474,0.0027867501938744826,0.4971415721575887,0.7,exponential,42,536.0,536.0,4.0263,0,0.0,1.0,1.0
10000,0.7,0.4,0.010266767126901843,3.684136148790474,0.0027867501938744826,0.4971415721575887,0.7,exponential,43,754.0,754.0,3.7398,0,0.0,1.0,1.0
10000,0.7,0.4,0.010266767126901843,3.684136148790474,0.0027867501938744826,0.4971415721575887,0.7,exponential,44,739.0,739.0,4.1763997,0,0.0,1.0,1.0
10000,0.7,0.4,0.010266767126901843,3.684136148790474,0.0027867501938744826,0.4971415721575887,0.7,exponential,45,1714.0,1714.0,3.9708998,0,0.0,1.0,1.0
10000,0.7,0.4,0.010266767126901843,3.684136148790474,0.0027867501938744826,0.4971415721575887,0.7,exponential,46,1090.0,1090.0,4.1226,0,0.0,1.0,1.0
10000,0.7,0.4,0.010266767126901843,3.684136148790474,0.0027867501938744826,0.4971415721575887,0.7,exponential,47,231.0,231.0,3.7816,0,0.0,1.0,1.0
10000,0.7,0.4,0.010266767126901843,3.684136148790474,0.0027867501938744826,0.4971415721575887,0.7,exponential,48,521.0,521.0,4.4459,0,0.0,1.0,1.0
10000,0.7,0.4,0.010266767126901843,3.684136148790474,0.0027867501938744826,0.4971415721575887,0.7,exponential,49,341.0,341.0,3.9106998,0,0.0,1.0,1.0
10000,0.7,0.4,0.010266767126901843,3.684136148790474,0.0027867501938744826,0.4971415721575887,0.7,exponential,50,2288.0,2288.0,4.1183,0,0.0,1.0,1.0
10000,0.7,0.4,0.010266767126901843,3.684136148790474,0.0027867501938744826,0.4971415721575887,0.7,exponential,51,1117.0,1117.0,4.0027,0,0.0,1.0,1.0
10000,0.7,0.4,0.010266767126901843,3.684136148790474,0.0027867501938744826,0.4971415721575887,0.7,exponential,52,661.0,661.0,4.9179997,0,0.0,1.0,1.0
10000,0.7,0.4,0.010266767126901843,3.684136148790474,0.0027867501938744826,0.4971415721575887,0.7,exponential,53,495.0,495.0,3.9789999,0,0.0,1.0,1.0
10000,0.7,0.4,0.010266767126901843,3.684136148790474,0.0027867501938744826,0.4971415721575887,0.7,exponential,54,898.0,898.0,3.6727,0,0.0,1.0,1.0
10000,0.7,0.4,0.010266767126901843,3.684136148790474,0.0027867501938744826,0.4971415721575887,0.7,exponential,55,549.0,549.0,3.5851,0,0.0,1.0,1.0
10000,0.7,0.4,0.010266767126901843,3.684136148790474,0.0027867501938744826,0.4971415721575887,0.7,exponential,56,1687.0,1687.0,3.5558999,0,0.0,1.0,1.0
10000,0.7,0.4,0.010266767126901843,3.684136148790474,0.0027867501938744826,0.4971415721575887,0.7,exponential,57,469.0,469.0,3.7768998,0,0.0,1.0,1.0
10000,0.7,0.4,0.010266767126901843,3.684136148790474,0.0027867501938744826,0.4971415721575887,0.7,exponential,58,802.0,802.0,3.9943998,0,0.0,1.0,1.0
10000,0.7,0.4,0.010266767126901843,3.684136148790474,0.0027867501938744826,0.4971415721575887,0.7,exponential,59,714.0,714.0,3.8012998,0,0.0,1.0,1.0
10000,0.7,0.4,0.010266767126901843,3.684136148790474,0.0027867501938744826,0.4971415721575887,0.7,exponential,60,4445.0,4445.0,3.5946,0,0.0,1.0,1.0
10000,0.7,0.4,0.010266767126901843,3.684136148790474,0.0027867501938744826,0.4971415721575887,0.7,exponential,61,430.0,430.0,4.1822,0,0.0,1.0,1.0
10000,0.7,0.4,0.010266767126901843,3.684136148790474,0.0027867501938744826,0.4971415721575887,0.7,exponential,62,931.0,931.0,4.8773,0,0.0,1.0,1.0
10000,0.7,0.4,0.010266767126901843,3.684136148790474,0.0027867501938744826,0.4971415721575887,0.7,exponential,63,1237.0,1237.0,3.4292,0,0.0,1.0,1.0
10000,0.7,0.4,0.010266767126901843,3.684136148790474,0.0027867501938744826,0.4971415721575887,0.7,exponential,64,157.0,157.0,3.5825,0,0.0,1.0,1.0
10000,0.7,0.4,0.010266767126901843,3.684136148790474,0.0027867501938744826,0.4971415721575887,0.7,exponential,65,241.0,241.0,3.7431998,0,0.0,1.0,1.0
10000,0.7,0.4,0.010266767126901843,3.684136148790474,0.0027867501938744826,0.4971415721575887,0.7,exponential,66,1474.0,1474.0,4.2193,0,0.0,1.0,1.0
10000,0.7,0.4,0.010266767126901843,3.684136148790474,0.0027867501938744826,0.4971415721575887,0.7,exponential,67,993.0,993.0,4.0476,0,0.0,1.0,1.0
10000,0.7,0.4,0.010266767126901843,3.684136148790474,0.0027867501938744826,0.4971415721575887,0.7,exponential,68,135.0,135.0,4.0794,0,0.0,1.0,1.0
10000,0.7,0.4,0.010266767126901843,3.684136148790474,0.0027867501938744826,0.4971415721575887,0.7,exponential,69,666.0,666.0,3.9877,0,0.0,1.0,1.0
10000,0.7,0.4,0.010266767126901843,3.684136148790474,0.0027867501938744826,0.4971415721575887,0.7,exponential,70,135.0,135.0,3.613,0,0.0,1.0,1.0
10000,0.7,0.4,0.010266767126901843,3.684136148790474,0.0027867501938744826,0.4971415721575887,0.7,exponential,71,474.0,474.0,3.6383,0,0.0,1.0,1.0
10000,0.7,0.4,0.010266767126901843,3.684136148790474,0.0027867501938744826,0.4971415721575887,0.7,exponential,72,724.0,724.0,4.2174,0,0.0,1.0,1.0
10000,0.7,0.4,0.010266767126901843,3.684136148790474,0.0027867501938744826,0.4971415721575887,0.7,exponential,73,489.0,489.0,3.7763999,0,0.0,1.0,1.0
10000,0.7,0.4,0.010266767126901843,3.684136148790474,0.0027867501938744826,0.4971415721575887,0.7,exponential,74,4318.0,4318.0,4.6700997,0,0.0,1.0,1.0
10000,0.7,0.4,0.010266767126901843,3.684136148790474,0.0027867501938744826,0.4971415721575887,0.7,exponential,75,621.0,621.0,3.8471,0,0.0,1.0,1.0
10000,0.7,0.4,0.010266767126901843,3.684136148790474,0.0027867501938744826,0.4971415721575887,0.7,exponential,76,292.0,292.0,3.8771,0,0.0,1.0,1.0
10000,0.7,0.4,0.010266767126901843,3.684136148790474,0.0027867501938744826,0.4971415721575887,0.7,exponential,77,1805.0,1805.0,3.635,0,0.0,1.0,1.0
10000,0.7,0.4,0.010266767126901843,3.684136148790474,0.0027867501938744826,0.4971415721575887,0.7,exponential,78,432.0,432.0,4.6179,0,0.0,1.0,1.0
10000,0.7,0.4,0.010266767126901843,3.684136148790474,0.0027867501938744826,0.4971415721575887,0.7,exponential,79,474.0,474.0,3.8418999,0,0.0,1.0,1.0
10000,0.7,0.4,0.010266767126901843,3.684136148790474,0.0027867501938744826,0.4971415721575887,0.7,exponential,80,3455.0,3455.0,4.0885997,0,0.0,1.0,1.0
10000,0.7,0.4,0.010266767126901843,3.684136148790474,0.0027867501938744826,0.4971415721575887,0.7,exponential,81,845.0,845.0,3.8421998,0,0.0,1.0,1.0
10000,0.7,0.4,0.010266767126901843,3.684136148790474,0.0027867501938744826,0.4971415721575887,0.7,exponential,82,607.0,607.0,4.0905,0,0.0,1.0,1.0
10000,0.7,0.4,0.010266767126901843,3.684136148790474,0.0027867501938744826,0.4971415721575887,0.7,exponential,83,693.0,693.0,4.0478997,0,0.0,1.0,1.0
10000,0.7,0.4,0.010266767126901843,3.684136148790474,0.0027867501938744826,0.4971415721575887,0.7,exponential,84,1437.0,1437.0,3.8198998,0,0.0,1.0,1.0
10000,0.7,0.4,0.010266767126901843,3.684136148790474,0.0027867501938744826,0.4971415721575887,0.7,exponential,85,153.0,153.0,4.0092998,0,0.0,1.0,1.0
10000,0.7,0.4,0.010266767126901843,3.684136148790474,0.0027867501938744826,0.4971415721575887,0.7,exponential,86,452.0,452.0,4.1674,0,0.0,1.0,1.0
10000,0.7,0.4,0.010266767126901843,3.684136148790474,0.0027867501938744826,0.4971415721575887,0.7,exponential,87,4661.0,4661.0,4.0997,0,0.0,1.0,1.0
10000,0.7,0.4,0.010266767126901843,3.684136148790474,0.0027867501938744826,0.4971415721575887,0.7,exponential,88,1155.0,1155.0,4.0429997,0,0.0,1.0,1.0
10000,0.7,0.4,0.010266767126901843,3.684136148790474,0.0027867501938744826,0.4971415721575887,0.7,exponential,89,413.0,413.0,3.9429,0,0.0,1.0,1.0
10000,0.7,0.4,0.010266767126901843,3.684136148790474,0.0027867501938744826,0.4971415721575887,0.7,exponential,90,146.0,146.0,4.0811,0,0.0,1.0,1.0
10000,0.7,0.4,0.010266767126901843,3.684136148790474,0.0027867501938744826,0.4971415721575887,0.7,exponential,91,561.0,561.0,4.4045,0,0.0,1.0,1.0
10000,0.7,0.4,0.010266767126901843,3.684136148790474,0.0027867501938744826,0.4971415721575887,0.7,exponential,92,366.0,366.0,4.0215,0,0.0,1.0,1.0
10000,0.7,0.4,0.010266767126901843,3.684136148790474,0.0027867501938744826,0.4971415721575887,0.7,exponential,93,397.0,397.0,4.3451,0,0.0,1.0,1.0
10000,0.7,0.4,0.010266767126901843,3.684136148790474,0.0027867501938744826,0.4971415721575887,0.7,exponential,94,850.0,850.0,4.0460997,0,0.0,1.0,1.0
10000,0.7,0.4,0.010266767126901843,3.684136148790474,0.0027867501938744826,0.4971415721575887,0.7,exponential,95,415.0,415.0,4.297,0,0.0,1.0,1.0
10000,0.7,0.4,0.010266767126901843,3.684136148790474,0.0027867501938744826,0.4971415721575887,0.7,exponential,96,286.0,286.0,3.6711998,0,0.0,1.0,1.0
10000,0.7,0.4,0.010266767126901843,3.684136148790474,0.0027867501938744826,0.4971415721575887,0.7,exponential,97,404.0,404.0,4.0780997,0,0.0,1.0,1.0
10000,0.7,0.4,0.010266767126901843,3.684136148790474,0.0027867501938744826,0.4971415721575887,0.7,exponential,98,352.0,352.0,3.8576,0,0.0,1.0,1.0
10000,0.7,0.4,0.010266767126901843,3.684136148790474,0.0027867501938744826,0.4971415721575887,0.7,exponential,99,1648.0,1648.0,3.8118,0,0.0,1.0,1.0
10000,0.7,0.4,0.010266767126901843,3.684136148790474,0.0027867501938744826,0.4971415721575887,0.7,exponential,100,1309.0,1309.0,4.252,0,0.0,1.0,1.0
10000,0.7,0.4,0.010266767126901843,3.684136148790474,0.0027867501938744826,0.4971415721575887,0.7,exponential,101,577.0,577.0,3.8944,0,0.0,1.0,1.0
10000,0.7,0.4,0.010266767126901843,3.684136148790474,0.0027867501938744826,0.4971415721575887,0.7,exponential,102,2505.0,2505.0,3.9313998,0,0.0,1.0,1.0
10000,0.7,0.4,0.010266767126901843,3.684136148790474,0.0027867501938744826,0.4971415721575887,0.7,exponential,103,1083.0,1083.0,3.9757998,0,0.0,1.0,1.0
10000,0.7,0.4,0.010266767126901843,3.684136148790474,0.0027867501938744826,0.4971415721575887,0.7,exponential,104,6177.0,6177.0,3.4059,0,0.0,1.0,1.0
10000,0.7,0.4,0.010266767126901843,3.684136148790474,0.0027867501938744826,0.4971415721575887,0.7,exponential,105,480.0,480.0,3.6122,0,0.0,1.0,1.0
10000,0.7,0.4,0.010266767126901843,3.684136148790474,0.0027867501938744826,0.4971415721575887,0.7,exponential,106,718.0,718.0,4.2332,0,0.0,1.0,1.0
10000,0.7,0.4,0.010266767126901843,3.684136148790474,0.0027867501938744826,0.4971415721575887,0.7,exponential,107,521.0,521.0,3.7842,0,0.0,1.0,1.0
10000,0.7,0.4,0.010266767126901843,3.684136148790474,0.0027867501938744826,0.4971415721575887,0.7,exponential,108,5493.0,5493.0,3.9364998,0,0.0,1.0,1.0
10000,0.7,0.4,0.010266767126901843,3.684136148790474,0.0027867501938744826,0.4971415721575887,0.7,exponential,109,373.0,373.0,3.5665998,0,0.0,1.0,1.0
10000,0.7,0.4,0.010266767126901843,3.684136148790474,0.0027867501938744826,0.4971415721575887,0.7,exponential,110,489.0,489.0,3.573,0,0.0,1.0,1.0
10000,0.7,0.4,0.010266767126901843,3.684136148790474,0.0027867501938744826,0.4971415721575887,0.7,exponential,111,2272.0,2272.0,3.5554998,0,0.0,1.0,1.0
10000,0.7,0.4,0.010266767126901843,3.684136148790474,0.0027867501938744826,0.4971415721575887,0.7,exponential,112,1175.0,1175.0,3.6353,0,0.0,1.0,1.0
10000,0.7,0.4,0.010266767126901843,3.684136148790474,0.0027867501938744826,0.4971415721575887,0.7,exponential,113,334.0,334.0,4.1816,0,0.0,1.0,1.0
10000,0.7,0.4,0.010266767126901843,3.684136148790474,0.0027867501938744826,0.4971415721575887,0.7,exponential,114,440.0,440.0,3.8739998,0,0.0,1.0,1.0
10000,0.7,0.4,0.010266767126901843,3.684136148790474,0.0027867501938744826,0.4971415721575887,0.7,exponential,115,218.0,218.0,3.9627,0,0.0,1.0,1.0
10000,0.7,0.4,0.010266767126901843,3.684136148790474,0.0027867501938744826,0.4971415721575887,0.7,exponential,116,3387.0,3387.0,3.6118999,0,0.0,1.0,1.0
10000,0.7,0.4,0.010266767126901843,3.684136148790474,0.0027867501938744826,0.4971415721575887,0.7,exponential,117,270.0,270.0,3.6778998,0,0.0,1.0,1.0
10000,0.7,0.4,0.010266767126901843,3.684136148790474,0.0027867501938744826,0.4971415721575887,0.7,exponential,118,1964.0,1964.0,3.9519,0,0.0,1.0,1.0
10000,0.7,0.4,0.010266767126901843,3.684136148790474,0.0027867501938744826,0.4971415721575887,0.7,exponential,119,684.0,684.0,3.7956998,0,0.0,1.0,1.0
10000,0.7,0.4,0.010266767126901843,3.684136148790474,0.0027867501938744826,0.4971415721575887,0.7,exponential,120,316.0,316.0,4.3575,0,0.0,1.0,1.0
10000,0.7,0.4,0.010266767126901843,3.684136148790474,0.0027867501938744826,0.4971415721575887,0.7,exponential,121,1695.0,1695.0,3.4487998,0,0.0,1.0,1.0
10000,0.7,0.4,0.010266767126901843,3.684136148790474,0.0027867501938744826,0.4971415721575887,0.7,exponential,122,759.0,759.0,3.9814,0,0.0,1.0,1.0
10000,0.7,0.4,0.010266767126901843,3.684136148790474,0.0027867501938744826,0.4971415721575887,0.7,exponential,123,2049.0,2049.0,3.814,0,0.0,1.0,1.0
10000,0.7,0.4,0.010266767126901843,3.684136148790474,0.0027867501938744826,0.4971415721575887,0.7,exponential,124,615.0,615.0,4.193,0,0.0,1.0,1.0
10000,0.7,0.4,0.010266767126901843,3.684136148790474,0.0027867501938744826,0.4971415721575887,0.7,exponential,125,386.0,386.0,3.9601998,0,0.0,1.0,1.0
10000,0.7,0.4,0.010266767126901843,3.684136148790474,0.0027867501938744826,0.4971415721575887,0.7,exponential,126,4062.0,4062.0,3.8177,0,0.0,1.0,1.0
10000,0.7,0.4,0.010266767126901843,3.684136148790474,0.0027867501938744826,0.4971415721575887,0.7,exponential,127,1063.0,1063.0,3.3021,0,0.0,1.0,1.0
10000,0.7,0.4,0.010266767126901843,3.684136148790474,0.0027867501938744826,0.4971415721575887,0.7,exponential,128,668.0,668.0,3.4673,0,0.0,1.0,1.0
10000,0.7,0.4,0.010266767126901843,3.684136148790474,0.0027867501938744826,0.4971415721575887,0.7,exponential,129,342.0,342.0,3.6139,0,0.0,1.0,1.0
10000,0.7,0.4,0.010266767126901843,3.684136148790474,0.0027867501938744826,0.4971415721575887,0.7,exponential,130,2275.0,2275.0,4.1184,0,0.0,1.0,1.0
10000,0.7,0.4,0.010266767126901843,3.684136148790474,0.0027867501938744826,0.4971415721575887,0.7,exponential,131,2591.0,2591.0,3.9146998,0,0.0,1.0,1.0
10000,0.7,0.4,0.010266767126901843,3.684136148790474,0.0027867501938744826,0.4971415721575887,0.7,exponential,132,4420.0,4420.0,3.9203,0,0.0,1.0,1.0
10000,0.7,0.4,0.010266767126901843,3.684136148790474,0.0027867501938744826,0.4971415721575887,0.7,exponential,133,520.0,520.0,3.8632998,0,0.0,1.0,1.0
10000,0.7,0.4,0.010266767126901843,3.684136148790474,0.0027867501938744826,0.4971415721575887,0.7,exponential,134,516.0,516.0,4.0975,0,0.0,1.0,1.0
10000,0.7,0.4,0.010266767126901843,3.684136148790474,0.0027867501938744826,0.4971415721575887,0.7,exponential,135,1959.0,1959.0,3.579,0,0.0,1.0,1.0
10000,0.7,0.4,0.010266767126901843,3.684136148790474,0.0027867501938744826,0.4971415721575887,0.7,exponential,136,2116.0,2116.0,3.7896,0,0.0,1.0,1.0
10000,0.7,0.4,0.010266767126901843,3.684136148790474,0.0027867501938744826,0.4971415721575887,0.7,exponential,137,354.0,354.0,3.8506,0,0.0,1.0,1.0
10000,0.7,0.4,0.010266767126901843,3.684136148790474,0.0027867501938744826,0.4971415721575887,0.7,exponential,138,5265.0,5265.0,4.206,0,0.0,1.0,1.0
10000,0.7,0.4,0.010266767126901843,3.684136148790474,0.0027867501938744826,0.4971415721575887,0.7,exponential,139,360.0,360.0,3.806,0,0.0,1.0,1.0
10000,0.7,0.4,0.010266767126901843,3.684136148790474,0.0027867501938744826,0.4971415721575887,0.7,exponential,140,715.0,715.0,3.5716999,0,0.0,1.0,1.0
10000,0.7,0.4,0.010266767126901843,3.684136148790474,0.0027867501938744826,0.4971415721575887,0.7,exponential,141,333.0,333.0,4.0952997,0,0.0,1.0,1.0
10000,0.7,0.4,0.010266767126901843,3.684136148790474,0.0027867501938744826,0.4971415721575887,0.7,exponential,142,505.0,505.0,4.7983,0,0.0,1.0,1.0
10000,0.7,0.4,0.010266767126901843,3.684136148790474,0.0027867501938744826,0.4971415721575887,0.7,exponential,143,251.0,251.0,3.9096,0,0.0,1.0,1.0
10000,0.7,0.4,0.010266767126901843,3.684136148790474,0.0027867501938744826,0.4971415721575887,0.7,exponential,144,380.0,380.0,4.0552,0,0.0,1.0,1.0
10000,0.7,0.4,0.010266767126901843,3.684136148790474,0.0027867501938744826,0.4971415721575887,0.7,exponential,145,1187.0,1187.0,4.1913,0,0.0,1.0,1.0
10000,0.7,0.4,0.010266767126901843,3.684136148790474,0.0027867501938744826,0.4971415721575887,0.7,exponential,146,3724.0,3724.0,3.768,0,0.0,1.0,1.0
10000,0.7,0.4,0.010266767126901843,3.684136148790474,0.0027867501938744826,0.4971415721575887,0.7,exponential,147,140.0,140.0,3.6566,0,0.0,1.0,1.0
10000,0.7,0.4,0.010266767126901843,3.684136148790474,0.0027867501938744826,0.4971415721575887,0.7,exponential,148,3598.0,3598.0,3.5237,0,0.0,1.0,1.0
10000,0.7,0.4,0.010266767126901843,3.684136148790474,0.0027867501938744826,0.4971415721575887,0.7,exponential,149,562.0,562.0,3.9350998,0,0.0,1.0,1.0
10000,0.7,0.4,0.010266767126901843,3.684136148790474,0.0027867501938744826,0.4971415721575887,0.7,exponential,150,1985.0,1985.0,3.7814,0,0.0,1.0,1.0
10000,0.7,0.4,0.010266767126901843,3.684136148790474,0.0027867501938744826,0.4971415721575887,0.7,exponential,151,226.0,226.0,4.0218,0,0.0,1.0,1.0
10000,0.7,0.4,0.010266767126901843,3.684136148790474,0.0027867501938744826,0.4971415721575887,0.7,exponential,152,853.0,853.0,3.8042998,0,0.0,1.0,1.0
10000,0.7,0.4,0.010266767126901843,3.684136148790474,0.0027867501938744826,0.4971415721575887,0.7,exponential,153,272.0,272.0,3.8572998,0,0.0,1.0,1.0
10000,0.7,0.4,0.010266767126901843,3.684136148790474,0.0027867501938744826,0.4971415721575887,0.7,exponential,154,3314.0,3314.0,4.3557997,0,0.0,1.0,1.0
10000,0.7,0.4,0.010266767126901843,3.684136148790474,0.0027867501938744826,0.4971415721575887,0.7,exponential,155,1083.0,1083.0,3.7763,0,0.0,1.0,1.0
10000,0.7,0.4,0.010266767126901843,3.684136148790474,0.0027867501938744826,0.4971415721575887,0.7,exponential,156,1630.0,1630.0,3.7010999,0,0.0,1.0,1.0
10000,0.7,0.4,0.010266767126901843,3.684136148790474,0.0027867501938744826,0.4971415721575887,0.7,exponential,157,1290.0,1290.0,3.9392,0,0.0,1.0,1.0
10000,0.7,0.4,0.010266767126901843,3.684136148790474,0.0027867501938744826,0.4971415721575887,0.7,exponential,158,2971.0,2971.0,3.684,0,0.0,1.0,1.0
10000,0.7,0.4,0.010266767126901843,3.684136148790474,0.0027867501938744826,0.4971415721575887,0.7,exponential,159,1548.0,1548.0,3.8841999,0,0.0,1.0,1.0
10000,0.7,0.4,0.010266767126901843,3.684136148790474,0.0027867501938744826,0.4971415721575887,0.7,exponential,160,2070.0,2070.0,4.1506,0,0.0,1.0,1.0
10000,0.7,0.4,0.010266767126901843,3.684136148790474,0.0027867501938744826,0.4971415721575887,0.7,exponential,161,3201.0,3201.0,4.4198,0,0.0,1.0,1.0
10000,0.7,0.4,0.010266767126901843,3.684136148790474,0.0027867501938744826,0.4971415721575887,0.7,exponential,162,1085.0,1085.0,3.5184,0,0.0,1.0,1.0
10000,0.7,0.4,0.010266767126901843,3.684136148790474,0.0027867501938744826,0.4971415721575887,0.7,exponential,163,429.0,429.0,3.4566998,0,0.0,1.0,1.0
10000,0.7,0.4,0.010266767126901843,3.684136148790474,0.0027867501938744826,0.4971415721575887,0.7,exponential,164,2623.0,2623.0,4.3886,0,0.0,1.0,1.0
10000,0.7,0.4,0.010266767126901843,3.684136148790474,0.0027867501938744826,0.4971415721575887,0.7,exponential,165,477.0,477.0,4.2237,0,0.0,1.0,1.0
10000,0.7,0.4,0.010266767126901843,3.684136148790474,0.0027867501938744826,0.4971415721575887,0.7,exponential,166,1166.0,1166.0,4.5278997,0,0.0,1.0,1.0
10000,0.7,0.4,0.010266767126901843,3.684136148790474,0.0027867501938744826,0.4971415721575887,0.7,exponential,167,1537.0,1537.0,4.2738,0,0.0,1.0,1.0
10000,0.7,0.4,0.010266767126901843,3.684136148790474,0.0027867501938744826,0.4971415721575887,0.7,exponential,168,1882.0,1882.0,4.9255,0,0.0,1.0,1.0
10000,0.7,0.4,0.010266767126901843,3.684136148790474,0.0027867501938744826,0.4971415721575887,0.7,exponential,169,452.0,452.0,3.7979999,0,0.0,1.0,1.0
10000,0.7,0.4,0.010266767126901843,3.684136148790474,0.0027867501938744826,0.4971415721575887,0.7,exponential,170,998.0,998.0,3.6104999,0,0.0,1.0,1.0
10000,0.7,0.4,0.010266767126901843,3.684136148790474,0.0027867501938744826,0.4971415721575887,0.7,exponential,171,829.0,829.0,4.9509,0,0.0,1.0,1.0
10000,0.7,0.4,0.010266767126901843,3.684136148790474,0.0027867501938744826,0.4971415721575887,0.7,exponential,172,1820.0,1820.0,4.8682,0,0.0,1.0,1.0
10000,0.7,0.4,0.010266767126901843,3.684136148790474,0.0027867501938744826,0.4971415721575887,0.7,exponential,173,1818.0,1818.0,3.6904,0,0.0,1.0,1.0
10000,0.7,0.4,0.010266767126901843,3.684136148790474,0.0027867501938744826,0.4971415721575887,0.7,exponential,174,151.0,151.0,3.9634998,0,0.0,1.0,1.0
10000,0.7,0.4,0.010266767126901843,3.684136148790474,0.0027867501938744826,0.4971415721575887,0.7,exponential,175,4960.0,4960.0,4.3066,0,0.0,1.0,1.0
10000,0.7,0.4,0.010266767126901843,3.684136148790474,0.0027867501938744826,0.4971415721575887,0.7,exponential,176,249.0,249.0,3.4752,0,0.0,1.0,1.0
10000,0.7,0.4,0.010266767126901843,3.684136148790474,0.0027867501938744826,0.4971415721575887,0.7,exponential,177,791.0,791.0,3.6936998,0,0.0,1.0,1.0
10000,0.7,0.4,0.010266767126901843,3.684136148790474,0.0027867501938744826,0.4971415721575887,0.7,exponential,178,631.0,631.0,4.4488,0,0.0,1.0,1.0
10000,0.7,0.4,0.010266767126901843,3.684136148790474,0.0027867501938744826,0.4971415721575887,0.7,exponential,179,2556.0,2556.0,3.1487,0,0.0,1.0,1.0
10000,0.7,0.4,0.010266767126901843,3.684136148790474,0.0027867501938744826,0.4971415721575887,0.7,exponential,180,143.0,143.0,3.9241,0,0.0,1.0,1.0
10000,0.7,0.4,0.010266767126901843,3.684136148790474,0.0027867501938744826,0.4971415721575887,0.7,exponential,181,611.0,611.0,3.7087998,0,0.0,1.0,1.0
10000,0.7,0.4,0.010266767126901843,3.684136148790474,0.0027867501938744826,0.4971415721575887,0.7,exponential,182,111.0,111.0,3.7551,0,0.0,1.0,1.0
10000,0.7,0.4,0.010266767126901843,3.684136148790474,0.0027867501938744826,0.4971415721575887,0.7,exponential,183,1526.0,1526.0,3.7731,0,0.0,1.0,1.0
10000,0.7,0.4,0.010266767126901843,3.684136148790474,0.0027867501938744826,0.4971415721575887,0.7,exponential,184,542.0,542.0,4.2915,0,0.0,1.0,1.0
10000,0.7,0.4,0.010266767126901843,3.684136148790474,0.0027867501938744826,0.4971415721575887,0.7,exponential,185,591.0,591.0,3.9355998,0,0.0,1.0,1.0
10000,0.7,0.4,0.010266767126901843,3.684136148790474,0.0027867501938744826,0.4971415721575887,0.7,exponential,186,2756.0,2756.0,3.5047998,0,0.0,1.0,1.0
10000,0.7,0.4,0.010266767126901843,3.684136148790474,0.0027867501938744826,0.4971415721575887,0.7,exponential,187,286.0,286.0,3.8030999,0,0.0,1.0,1.0
10000,0.7,0.4,0.010266767126901843,3.684136148790474,0.0027867501938744826,0.4971415721575887,0.7,exponential,188,1045.0,1045.0,3.9308,0,0.0,1.0,1.0
10000,0.7,0.4,0.010266767126901843,3.684136148790474,0.0027867501938744826,0.4971415721575887,0.7,exponential,189,1760.0,1760.0,4.222,0,0.0,1.0,1.0
10000,0.7,0.4,0.010266767126901843,3.684136148790474,0.0027867501938744826,0.4971415721575887,0.7,exponential,190,2548.0,2548.0,3.5256999,0,0.0,1.0,1.0
10000,0.7,0.4,0.010266767126901843,3.684136148790474,0.0027867501938744826,0.4971415721575887,0.7,exponential,191,263.0,263.0,4.2583,0,0.0,1.0,1.0
10000,0.7,0.4,0.010266767126901843,3.684136148790474,0.0027867501938744826,0.4971415721575887,0.7,exponential,192,306.0,306.0,3.9136,0,0.0,1.0,1.0
10000,0.7,0.4,0.010266767126901843,3.684136148790474,0.0027867501938744826,0.4971415721575887,0.7,exponential,193,386.0,386.0,4.3584,0,0.0,1.0,1.0
10000,0.7,0.4,0.010266767126901843,3.684136148790474,0.0027867501938744826,0.4971415721575887,0.7,exponential,194,227.0,227.0,3.4745,0,0.0,1.0,1.0
10000,0.7,0.4,0.010266767126901843,3.684136148790474,0.0027867501938744826,0.4971415721575887,0.7,exponential,195,328.0,328.0,3.9155,0,0.0,1.0,1.0
10000,0.7,0.4,0.010266767126901843,3.684136148790474,0.0027867501938744826,0.4971415721575887,0.7,exponential,196,504.0,504.0,4.6435,0,0.0,1.0,1.0
10000,0.7,0.4,0.010266767126901843,3.684136148790474,0.0027867501938744826,0.4971415721575887,0.7,exponential,197,550.0,550.0,3.8507,0,0.0,1.0,1.0
10000,0.7,0.4,0.010266767126901843,3.684136148790474,0.0027867501938744826,0.4971415721575887,0.7,exponential,198,390.0,390.0,3.4624999,0,0.0,1.0,1.0
10000,0.7,0.4,0.010266767126901843,3.684136148790474,0.0027867501938744826,0.4971415721575887,0.7,exponential,199,264.0,264.0,4.3705997,0,0.0,1.0,1.0
10000,0.7,0.4,0.010266767126901843,3.684136148790474,0.0027867501938744826,0.4971415721575887,0.7,exponential,200,3324.0,3324.0,4.0319,0,0.0,1.0,1.0
10000,0.7,0.4,0.010266767126901843,3.684136148790474,0.0027867501938744826,0.4971415721575887,0.7,exponential,201,759.0,759.0,3.9004998,0,0.0,1.0,1.0
10000,0.7,0.4,0.010266767126901843,3.684136148790474,0.0027867501938744826,0.4971415721575887,0.7,exponential,202,697.0,697.0,4.571,0,0.0,1.0,1.0
10000,0.7,0.4,0.010266767126901843,3.684136148790474,0.0027867501938744826,0.4971415721575887,0.7,exponential,203,240.0,240.0,3.8195,0,0.0,1.0,1.0
10000,0.7,0.4,0.010266767126901843,3.684136148790474,0.0027867501938744826,0.4971415721575887,0.7,exponential,204,401.0,401.0,4.6735997,0,0.0,1.0,1.0
10000,0.7,0.4,0.010266767126901843,3.684136148790474,0.0027867501938744826,0.4971415721575887,0.7,exponential,205,300.0,300.0,4.0058,0,0.0,1.0,1.0
10000,0.7,0.4,0.010266767126901843,3.684136148790474,0.0027867501938744826,0.4971415721575887,0.7,exponential,206,4040.0,4040.0,3.8467,0,0.0,1.0,1.0
10000,0.7,0.4,0.010266767126901843,3.684136148790474,0.0027867501938744826,0.4971415721575887,0.7,exponential,207,3337.0,3337.0,3.5939999,0,0.0,1.0,1.0
10000,0.7,0.4,0.010266767126901843,3.684136148790474,0.0027867501938744826,0.4971415721575887,0.7,exponential,208,145.0,145.0,3.9203,0,0.0,1.0,1.0
10000,0.7,0.4,0.010266767126901843,3.684136148790474,0.0027867501938744826,0.4971415721575887,0.7,exponential,209,353.0,353.0,3.8662,0,0.0,1.0,1.0
10000,0.7,0.4,0.010266767126901843,3.684136148790474,0.0027867501938744826,0.4971415721575887,0.7,exponential,210,413.0,413.0,4.1601,0,0.0,1.0,1.0
10000,0.7,0.4,0.010266767126901843,3.684136148790474,0.0027867501938744826,0.4971415721575887,0.7,exponential,211,195.0,195.0,4.3198,0,0.0,1.0,1.0
10000,0.7,0.4,0.010266767126901843,3.684136148790474,0.0027867501938744826,0.4971415721575887,0.7,exponential,212,225.0,225.0,3.6409998,0,0.0,1.0,1.0
10000,0.7,0.4,0.010266767126901843,3.684136148790474,0.0027867501938744826,0.4971415721575887,0.7,exponential,213,422.0,422.0,4.2307997,0,0.0,1.0,1.0
10000,0.7,0.4,0.010266767126901843,3.684136148790474,0.0027867501938744826,0.4971415721575887,0.7,exponential,214,947.0,947.0,3.8799999,0,0.0,1.0,1.0
10000,0.7,0.4,0.010266767126901843,3.684136148790474,0.0027867501938744826,0.4971415721575887,0.7,exponential,215,224.0,224.0,4.0629,0,0.0,1.0,1.0
10000,0.7,0.4,0.010266767126901843,3.684136148790474,0.0027867501938744826,0.4971415721575887,0.7,exponential,216,367.0,367.0,3.4994998,0,0.0,1.0,1.0
10000,0.7,0.4,0.010266767126901843,3.684136148790474,0.0027867501938744826,0.4971415721575887,0.7,exponential,217,198.0,198.0,4.1484,0,0.0,1.0,1.0
10000,0.7,0.4,0.010266767126901843,3.684136148790474,0.0027867501938744826,0.4971415721575887,0.7,exponential,218,759.0,759.0,3.4352,0,0.0,1.0,1.0
10000,0.7,0.4,0.010266767126901843,3.684136148790474,0.0027867501938744826,0.4971415721575887,0.7,exponential,219,1064.0,1064.0,4.0227,0,0.0,1.0,1.0
10000,0.7,0.4,0.010266767126901843,3.684136148790474,0.0027867501938744826,0.4971415721575887,0.7,exponential,220,766.0,766.0,3.4826,0,0.0,1.0,1.0
10000,0.7,0.4,0.010266767126901843,3.684136148790474,0.0027867501938744826,0.4971415721575887,0.7,exponential,221,761.0,761.0,4.0353,0,0.0,1.0,1.0
10000,0.7,0.4,0.010266767126901843,3.684136148790474,0.0027867501938744826,0.4971415721575887,0.7,exponential,222,2004.0,2004.0,3.3272998,0,0.0,1.0,1.0
10000,0.7,0.4,0.010266767126901843,3.684136148790474,0.0027867501938744826,0.4971415721575887,0.7,exponential,223,178.0,178.0,4.0095997,0,0.0,1.0,1.0
10000,0.7,0.4,0.010266767126901843,3.684136148790474,0.0027867501938744826,0.4971415721575887,0.7,exponential,224,344.0,344.0,3.5584,0,0.0,1.0,1.0
10000,0.7,0.4,0.010266767126901843,3.684136148790474,0.0027867501938744826,0.4971415721575887,0.7,exponential,225,572.0,572.0,4.244,0,0.0,1.0,1.0
10000,0.7,0.4,0.010266767126901843,3.684136148790474,0.0027867501938744826,0.4971415721575887,0.7,exponential,226,3481.0,3481.0,3.8132,0,0.0,1.0,1.0
10000,0.7,0.4,0.010266767126901843,3.684136148790474,0.0027867501938744826,0.4971415721575887,0.7,exponential,227,988.0,988.0,3.5319998,0,0.0,1.0,1.0
10000,0.7,0.4,0.010266767126901843,3.684136148790474,0.0027867501938744826,0.4971415721575887,0.7,exponential,228,3158.0,3158.0,3.2124999,0,0.0,1.0,1.0
10000,0.7,0.4,0.010266767126901843,3.684136148790474,0.0027867501938744826,0.4971415721575887,0.7,exponential,229,257.0,257.0,3.5016,0,0.0,1.0,1.0
10000,0.7,0.4,0.010266767126901843,3.684136148790474,0.0027867501938744826,0.4971415721575887,0.7,exponential,230,575.0,575.0,4.0565,0,0.0,1.0,1.0
10000,0.7,0.4,0.010266767126901843,3.684136148790474,0.0027867501938744826,0.4971415721575887,0.7,exponential,231,1326.0,1326.0,3.7384999,0,0.0,1.0,1.0
10000,0.7,0.4,0.010266767126901843,3.684136148790474,0.0027867501938744826,0.4971415721575887,0.7,exponential,232,1391.0,1391.0,3.9692,0,0.0,1.0,1.0
10000,0.7,0.4,0.010266767126901843,3.684136148790474,0.0027867501938744826,0.4971415721575887,0.7,exponential,233,533.0,533.0,3.826,0,0.0,1.0,1.0
10000,0.7,0.4,0.010266767126901843,3.684136148790474,0.0027867501938744826,0.4971415721575887,0.7,exponential,234,518.0,518.0,3.7698,0,0.0,1.0,1.0
10000,0.7,0.4,0.010266767126901843,3.684136148790474,0.0027867501938744826,0.4971415721575887,0.7,exponential,235,842.0,842.0,3.9390998,0,0.0,1.0,1.0
10000,0.7,0.4,0.010266767126901843,3.684136148790474,0.0027867501938744826,0.4971415721575887,0.7,exponential,236,88.0,88.0,4.1941,0,0.0,1.0,1.0
10000,0.7,0.4,0.010266767126901843,3.684136148790474,0.0027867501938744826,0.4971415721575887,0.7,exponential,237,797.0,797.0,3.9211998,0,0.0,1.0,1.0
10000,0.7,0.4,0.010266767126901843,3.684136148790474,0.0027867501938744826,0.4971415721575887,0.7,exponential,238,905.0,905.0,3.4977999,0,0.0,1.0,1.0
10000,0.7,0.4,0.010266767126901843,3.684136148790474,0.0027867501938744826,0.4971415721575887,0.7,exponential,239,2976.0,2976.0,3.7175,0,0.0,1.0,1.0
10000,0.7,0.4,0.010266767126901843,3.684136148790474,0.0027867501938744826,0.4971415721575887,0.7,exponential,240,2856.0,2856.0,4.0655,0,0.0,1.0,1.0
10000,0.7,0.4,0.010266767126901843,3.684136148790474,0.0027867501938744826,0.4971415721575887,0.7,exponential,241,934.0,934.0,4.1612997,0,0.0,1.0,1.0
10000,0.7,0.4,0.010266767126901843,3.684136148790474,0.0027867501938744826,0.4971415721575887,0.7,exponential,242,2207.0,2207.0,4.04,0,0.0,1.0,1.0
10000,0.7,0.4,0.010266767126901843,3.684136148790474,0.0027867501938744826,0.4971415721575887,0.7,exponential,243,2107.0,2107.0,4.0115,0,0.0,1.0,1.0
10000,0.7,0.4,0.010266767126901843,3.684136148790474,0.0027867501938744826,0.4971415721575887,0.7,exponential,244,618.0,618.0,4.3171997,0,0.0,1.0,1.0
10000,0.7,0.4,0.010266767126901843,3.684136148790474,0.0027867501938744826,0.4971415721575887,0.7,exponential,245,1158.0,1158.0,4.4104,0,0.0,1.0,1.0
10000,0.7,0.4,0.010266767126901843,3.684136148790474,0.0027867501938744826,0.4971415721575887,0.7,exponential,246,438.0,438.0,3.8769,0,0.0,1.0,1.0
10000,0.7,0.4,0.010266767126901843,3.684136148790474,0.0027867501938744826,0.4971415721575887,0.7,exponential,247,340.0,340.0,3.8126998,0,0.0,1.0,1.0
10000,0.7,0.4,0.010266767126901843,3.684136148790474,0.0027867501938744826,0.4971415721575887,0.7,exponential,248,608.0,608.0,4.2056,0,0.0,1.0,1.0
10000,0.7,0.4,0.010266767126901843,3.684136148790474,0.0027867501938744826,0.4971415721575887,0.7,exponential,249,964.0,964.0,4.1036997,0,0.0,1.0,1.0
10000,0.7,0.4,0.010266767126901843,3.684136148790474,0.0027867501938744826,0.4971415721575887,0.7,exponential,250,2599.0,2599.0,3.6892998,0,0.0,1.0,1.0
10000,0.7,0.4,0.010266767126901843,3.684136148790474,0.0027867501938744826,0.4971415721575887,0.7,exponential,251,445.0,445.0,3.8711,0,0.0,1.0,1.0
10000,0.7,0.4,0.010266767126901843,3.684136148790474,0.0027867501938744826,0.4971415721575887,0.7,exponential,252,182.0,182.0,3.8193998,0,0.0,1.0,1.0
10000,0.7,0.4,0.010266767126901843,3.684136148790474,0.0027867501938744826,0.4971415721575887,0.7,exponential,253,452.0,452.0,4.2153,0,0.0,1.0,1.0
10000,0.7,0.4,0.010266767126901843,3.684136148790474,0.0027867501938744826,0.4971415721575887,0.7,exponential,254,1418.0,1418.0,5.1988,0,0.0,1.0,1.0
10000,0.7,0.4,0.010266767126901843,3.684136148790474,0.0027867501938744826,0.4971415721575887,0.7,exponential,255,837.0,837.0,3.8061,0,0.0,1.0,1.0
10000,0.7,0.4,0.010266767126901843,3.684136148790474,0.0027867501938744826,0.4971415721575887,0.7,exponential,256,933.0,933.0,3.8363998,0,0.0,1.0,1.0
10000,0.7,0.4,0.010266767126901843,3.684136148790474,0.0027867501938744826,0.4971415721575887,0.7,exponential,257,444.0,444.0,3.7063,0,0.0,1.0,1.0
10000,0.7,0.4,0.010266767126901843,3.684136148790474,0.0027867501938744826,0.4971415721575887,0.7,exponential,258,1374.0,1374.0,4.0221,0,0.0,1.0,1.0
10000,0.7,0.4,0.010266767126901843,3.684136148790474,0.0027867501938744826,0.4971415721575887,0.7,exponential,259,1851.0,1851.0,3.9153998,0,0.0,1.0,1.0
10000,0.7,0.4,0.010266767126901843,3.684136148790474,0.0027867501938744826,0.4971415721575887,0.7,exponential,260,524.0,524.0,4.1696,0,0.0,1.0,1.0
10000,0.7,0.4,0.010266767126901843,3.684136148790474,0.0027867501938744826,0.4971415721575887,0.7,exponential,261,1997.0,1997.0,4.1802,0,0.0,1.0,1.0
10000,0.7,0.4,0.010266767126901843,3.684136148790474,0.0027867501938744826,0.4971415721575887,0.7,exponential,262,174.0,174.0,3.7967,0,0.0,1.0,1.0
10000,0.7,0.4,0.010266767126901843,3.684136148790474,0.0027867501938744826,0.4971415721575887,0.7,exponential,263,517.0,517.0,3.9189,0,0.0,1.0,1.0
10000,0.7,0.4,0.010266767126901843,3.684136148790474,0.0027867501938744826,0.4971415721575887,0.7,exponential,264,492.0,492.0,3.5858998,0,0.0,1.0,1.0
10000,0.7,0.4,0.010266767126901843,3.684136148790474,0.0027867501938744826,0.4971415721575887,0.7,exponential,265,774.0,774.0,4.249,0,0.0,1.0,1.0
10000,0.7,0.4,0.010266767126901843,3.684136148790474,0.0027867501938744826,0.4971415721575887,0.7,exponential,266,144.0,144.0,4.0713,0,0.0,1.0,1.0
10000,0.7,0.4,0.010266767126901843,3.684136148790474,0.0027867501938744826,0.4971415721575887,0.7,exponential,267,135.0,135.0,3.8927999,0,0.0,1.0,1.0
10000,0.7,0.4,0.010266767126901843,3.684136148790474,0.0027867501938744826,0.4971415721575887,0.7,exponential,268,1236.0,1236.0,3.7835999,0,0.0,1.0,1.0
10000,0.7,0.4,0.010266767126901843,3.684136148790474,0.0027867501938744826,0.4971415721575887,0.7,exponential,269,350.0,350.0,3.7150998,0,0.0,1.0,1.0
10000,0.7,0.4,0.010266767126901843,3.684136148790474,0.0027867501938744826,0.4971415721575887,0.7,exponential,270,1264.0,1264.0,3.4959,0,0.0,1.0,1.0
10000,0.7,0.4,0.010266767126901843,3.684136148790474,0.0027867501938744826,0.4971415721575887,0.7,exponential,271,465.0,465.0,4.012,0,0.0,1.0,1.0
10000,0.7,0.4,0.010266767126901843,3.684136148790474,0.0027867501938744826,0.4971415721575887,0.7,exponential,272,654.0,654.0,4.8037,0,0.0,1.0,1.0
10000,0.7,0.4,0.010266767126901843,3.684136148790474,0.0027867501938744826,0.4971415721575887,0.7,exponential,273,154.0,154.0,3.7180998,0,0.0,1.0,1.0
10000,0.7,0.4,0.010266767126901843,3.684136148790474,0.0027867501938744826,0.4971415721575887,0.7,exponential,274,452.0,452.0,3.9078,0,0.0,1.0,1.0
10000,0.7,0.4,0.010266767126901843,3.684136148790474,0.0027867501938744826,0.4971415721575887,0.7,exponential,275,1793.0,1793.0,4.0221,0,0.0,1.0,1.0
10000,0.7,0.4,0.010266767126901843,3.684136148790474,0.0027867501938744826,0.4971415721575887,0.7,exponential,276,172.0,172.0,3.5993998,0,0.0,1.0,1.0
10000,0.7,0.4,0.010266767126901843,3.684136148790474,0.0027867501938744826,0.4971415721575887,0.7,exponential,277,1069.0,1069.0,3.4385,0,0.0,1.0,1.0
10000,0.7,0.4,0.010266767126901843,3.684136148790474,0.0027867501938744826,0.4971415721575887,0.7,exponential,278,1181.0,1181.0,4.1274,0,0.0,1.0,1.0
10000,0.7,0.4,0.010266767126901843,3.684136148790474,0.0027867501938744826,0.4971415721575887,0.7,exponential,279,406.0,406.0,3.7057998,0,0.0,1.0,1.0
10000,0.7,0.4,0.010266767126901843,3.684136148790474,0.0027867501938744826,0.4971415721575887,0.7,exponential,280,1076.0,1076.0,3.7717998,0,0.0,1.0,1.0
10000,0.7,0.4,0.010266767126901843,3.684136148790474,0.0027867501938744826,0.4971415721575887,0.7,exponential,281,1401.0,1401.0,3.3941998,0,0.0,1.0,1.0
10000,0.7,0.4,0.010266767126901843,3.684136148790474,0.0027867501938744826,0.4971415721575887,0.7,exponential,282,372.0,372.0,3.767,0,0.0,1.0,1.0
10000,0.7,0.4,0.010266767126901843,3.684136148790474,0.0027867501938744826,0.4971415721575887,0.7,exponential,283,1807.0,1807.0,3.9134,0,0.0,1.0,1.0
10000,0.7,0.4,0.010266767126901843,3.684136148790474,0.0027867501938744826,0.4971415721575887,0.7,exponential,284,462.0,462.0,3.9276,0,0.0,1.0,1.0
10000,0.7,0.4,0.010266767126901843,3.684136148790474,0.0027867501938744826,0.4971415721575887,0.7,exponential,285,341.0,341.0,3.7759,0,0.0,1.0,1.0
10000,0.7,0.4,0.010266767126901843,3.684136148790474,0.0027867501938744826,0.4971415721575887,0.7,exponential,286,2420.0,2420.0,4.6475,0,0.0,1.0,1.0
10000,0.7,0.4,0.010266767126901843,3.684136148790474,0.0027867501938744826,0.4971415721575887,0.7,exponential,287,190.0,190.0,4.4838,0,0.0,1.0,1.0
10000,0.7,0.4,0.010266767126901843,3.684136148790474,0.0027867501938744826,0.4971415721575887,0.7,exponential,288,1419.0,1419.0,3.4989998,0,0.0,1.0,1.0
10000,0.7,0.4,0.010266767126901843,3.684136148790474,0.0027867501938744826,0.4971415721575887,0.7,exponential,289,2411.0,2411.0,4.1226997,0,0.0,1.0,1.0
10000,0.7,0.4,0.010266767126901843,3.684136148790474,0.0027867501938744826,0.4971415721575887,0.7,exponential,290,681.0,681.0,3.7658,0,0.0,1.0,1.0
10000,0.7,0.4,0.010266767126901843,3.684136148790474,0.0027867501938744826,0.4971415721575887,0.7,exponential,291,3731.0,3731.0,3.9991999,0,0.0,1.0,1.0
10000,0.7,0.4,0.010266767126901843,3.684136148790474,0.0027867501938744826,0.4971415721575887,0.7,exponential,292,401.0,401.0,3.5430999,0,0.0,1.0,1.0
10000,0.7,0.4,0.010266767126901843,3.684136148790474,0.0027867501938744826,0.4971415721575887,0.7,exponential,293,257.0,257.0,3.6106,0,0.0,1.0,1.0
10000,0.7,0.4,0.010266767126901843,3.684136148790474,0.0027867501938744826,0.4971415721575887,0.7,exponential,294,674.0,674.0,3.7656,0,0.0,1.0,1.0
10000,0.7,0.4,0.010266767126901843,3.684136148790474,0.0027867501938744826,0.4971415721575887,0.7,exponential,295,2495.0,2495.0,3.8262,0,0.0,1.0,1.0
10000,0.7,0.4,0.010266767126901843,3.684136148790474,0.0027867501938744826,0.4971415721575887,0.7,exponential,296,499.0,499.0,3.9580998,0,0.0,1.0,1.0
10000,0.7,0.4,0.010266767126901843,3.684136148790474,0.0027867501938744826,0.4971415721575887,0.7,exponential,297,688.0,688.0,4.4695997,0,0.0,1.0,1.0
10000,0.7,0.4,0.010266767126901843,3.684136148790474,0.0027867501938744826,0.4971415721575887,0.7,exponential,298,4013.0,4013.0,3.9494998,0,0.0,1.0,1.0
10000,0.7,0.4,0.010266767126901843,3.684136148790474,0.0027867501938744826,0.4971415721575887,0.7,exponential,299,4043.0,4043.0,3.7544,0,0.0,1.0,1.0
10000,0.7,0.4,0.010266767126901843,3.684136148790474,0.0027867501938744826,0.4971415721575887,0.7,exponential,300,206.0,206.0,4.2025,0,0.0,1.0,1.0
10000,0.7,0.4,0.010266767126901843,3.684136148790474,0.0027867501938744826,0.4971415721575887,0.7,exponential,301,1354.0,1354.0,4.5548,0,0.0,1.0,1.0
10000,0.7,0.4,0.010266767126901843,3.684136148790474,0.0027867501938744826,0.4971415721575887,0.7,exponential,302,408.0,408.0,3.8967,0,0.0,1.0,1.0
10000,0.7,0.4,0.010266767126901843,3.684136148790474,0.0027867501938744826,0.4971415721575887,0.7,exponential,303,3784.0,3784.0,3.5149,0,0.0,1.0,1.0
10000,0.7,0.4,0.010266767126901843,3.684136148790474,0.0027867501938744826,0.4971415721575887,0.7,exponential,304,1618.0,1618.0,4.1966,0,0.0,1.0,1.0
10000,0.7,0.4,0.010266767126901843,3.684136148790474,0.0027867501938744826,0.4971415721575887,0.7,exponential,305,143.0,143.0,3.8467999,0,0.0,1.0,1.0
10000,0.7,0.4,0.010266767126901843,3.684136148790474,0.0027867501938744826,0.4971415721575887,0.7,exponential,306,272.0,272.0,3.674,0,0.0,1.0,1.0
10000,0.7,0.4,0.010266767126901843,3.684136148790474,0.0027867501938744826,0.4971415721575887,0.7,exponential,307,2723.0,2723.0,3.3474998,0,0.0,1.0,1.0
10000,0.7,0.4,0.010266767126901843,3.684136148790474,0.0027867501938744826,0.4971415721575887,0.7,exponential,308,704.0,704.0,4.7446,0,0.0,1.0,1.0
10000,0.7,0.4,0.010266767126901843,3.684136148790474,0.0027867501938744826,0.4971415721575887,0.7,exponential,309,573.0,573.0,3.3021998,0,0.0,1.0,1.0
10000,0.7,0.4,0.010266767126901843,3.684136148790474,0.0027867501938744826,0.4971415721575887,0.7,exponential,310,801.0,801.0,4.884,0,0.0,1.0,1.0
10000,0.7,0.4,0.010266767126901843,3.684136148790474,0.0027867501938744826,0.4971415721575887,0.7,exponential,311,719.0,719.0,3.866,0,0.0,1.0,1.0
10000,0.7,0.4,0.010266767126901843,3.684136148790474,0.0027867501938744826,0.4971415721575887,0.7,exponential,312,87.0,87.0,3.7882998,0,0.0,1.0,1.0
10000,0.7,0.4,0.010266767126901843,3.684136148790474,0.0027867501938744826,0.4971415721575887,0.7,exponential,313,2172.0,2172.0,3.4747,0,0.0,1.0,1.0
10000,0.7,0.4,0.010266767126901843,3.684136148790474,0.0027867501938744826,0.4971415721575887,0.7,exponential,314,611.0,611.0,3.5702999,0,0.0,1.0,1.0
10000,0.7,0.4,0.010266767126901843,3.684136148790474,0.0027867501938744826,0.4971415721575887,0.7,exponential,315,506.0,506.0,3.9034,0,0.0,1.0,1.0
10000,0.7,0.4,0.010266767126901843,3.684136148790474,0.0027867501938744826,0.4971415721575887,0.7,exponential,316,3601.0,3601.0,3.5486999,0,0.0,1.0,1.0
10000,0.7,0.4,0.010266767126901843,3.684136148790474,0.0027867501938744826,0.4971415721575887,0.7,exponential,317,1909.0,1909.0,3.8859,0,0.0,1.0,1.0
10000,0.7,0.4,0.010266767126901843,3.684136148790474,0.0027867501938744826,0.4971415721575887,0.7,exponential,318,1235.0,1235.0,4.2406,0,0.0,1.0,1.0
10000,0.7,0.4,0.010266767126901843,3.684136148790474,0.0027867501938744826,0.4971415721575887,0.7,exponential,319,253.0,253.0,3.6643999,0,0.0,1.0,1.0
10000,0.7,0.4,0.010266767126901843,3.684136148790474,0.0027867501938744826,0.4971415721575887,0.7,exponential,320,180.0,180.0,3.7944999,0,0.0,1.0,1.0
10000,0.7,0.4,0.010266767126901843,3.684136148790474,0.0027867501938744826,0.4971415721575887,0.7,exponential,321,255.0,255.0,4.225,0,0.0,1.0,1.0
10000,0.7,0.4,0.010266767126901843,3.684136148790474,0.0027867501938744826,0.4971415721575887,0.7,exponential,322,298.0,298.0,4.0582,0,0.0,1.0,1.0
10000,0.7,0.4,0.010266767126901843,3.684136148790474,0.0027867501938744826,0.4971415721575887,0.7,exponential,323,2282.0,2282.0,3.6711998,0,0.0,1.0,1.0
10000,0.7,0.4,0.010266767126901843,3.684136148790474,0.0027867501938744826,0.4971415721575887,0.7,exponential,324,1411.0,1411.0,4.5621,0,0.0,1.0,1.0
10000,0.7,0.4,0.010266767126901843,3.684136148790474,0.0027867501938744826,0.4971415721575887,0.7,exponential,325,1907.0,1907.0,4.6696,0,0.0,1.0,1.0
10000,0.7,0.4,0.010266767126901843,3.684136148790474,0.0027867501938744826,0.4971415721575887,0.7,exponential,326,858.0,858.0,3.7819,0,0.0,1.0,1.0
10000,0.7,0.4,0.010266767126901843,3.684136148790474,0.0027867501938744826,0.4971415721575887,0.7,exponential,327,2120.0,2120.0,3.7421,0,0.0,1.0,1.0
10000,0.7,0.4,0.010266767126901843,3.684136148790474,0.0027867501938744826,0.4971415721575887,0.7,exponential,328,2402.0,2402.0,4.0797,0,0.0,1.0,1.0
10000,0.7,0.4,0.010266767126901843,3.684136148790474,0.0027867501938744826,0.4971415721575887,0.7,exponential,329,303.0,303.0,3.786,0,0.0,1.0,1.0
10000,0.7,0.4,0.010266767126901843,3.684136148790474,0.0027867501938744826,0.4971415721575887,0.7,exponential,330,1000.0,1000.0,4.3487,0,0.0,1.0,1.0
10000,0.7,0.4,0.010266767126901843,3.684136148790474,0.0027867501938744826,0.4971415721575887,0.7,exponential,331,878.0,878.0,3.8165998,0,0.0,1.0,1.0
10000,0.7,0.4,0.010266767126901843,3.684136148790474,0.0027867501938744826,0.4971415721575887,0.7,exponential,332,1689.0,1689.0,3.836,0,0.0,1.0,1.0
10000,0.7,0.4,0.010266767126901843,3.684136148790474,0.0027867501938744826,0.4971415721575887,0.7,exponential,333,419.0,419.0,4.0137,0,0.0,1.0,1.0
10000,0.7,0.4,0.010266767126901843,3.684136148790474,0.0027867501938744826,0.4971415721575887,0.7,exponential,334,577.0,577.0,3.9689,0,0.0,1.0,1.0
10000,0.7,0.4,0.010266767126901843,3.684136148790474,0.0027867501938744826,0.4971415721575887,0.7,exponential,335,649.0,649.0,4.315,0,0.0,1.0,1.0
10000,0.7,0.4,0.010266767126901843,3.684136148790474,0.0027867501938744826,0.4971415721575887,0.7,exponential,336,542.0,542.0,3.5939,0,0.0,1.0,1.0
10000,0.7,0.4,0.010266767126901843,3.684136148790474,0.0027867501938744826,0.4971415721575887,0.7,exponential,337,201.0,201.0,4.2904,0,0.0,1.0,1.0
10000,0.7,0.4,0.010266767126901843,3.684136148790474,0.0027867501938744826,0.4971415721575887,0.7,exponential,338,898.0,898.0,3.9817,0,0.0,1.0,1.0
10000,0.7,0.4,0.010266767126901843,3.684136148790474,0.0027867501938744826,0.4971415721575887,0.7,exponential,339,1152.0,1152.0,3.9777,0,0.0,1.0,1.0
10000,0.7,0.4,0.010266767126901843,3.684136148790474,0.0027867501938744826,0.4971415721575887,0.7,exponential,340,741.0,741.0,4.6412,0,0.0,1.0,1.0
10000,0.7,0.4,0.010266767126901843,3.684136148790474,0.0027867501938744826,0.4971415721575887,0.7,exponential,341,921.0,921.0,4.1154,0,0.0,1.0,1.0
10000,0.7,0.4,0.010266767126901843,3.684136148790474,0.0027867501938744826,0.4971415721575887,0.7,exponential,342,995.0,995.0,4.1435,0,0.0,1.0,1.0
10000,0.7,0.4,0.010266767126901843,3.684136148790474,0.0027867501938744826,0.4971415721575887,0.7,exponential,343,410.0,410.0,3.4197998,0,0.0,1.0,1.0
10000,0.7,0.4,0.010266767126901843,3.684136148790474,0.0027867501938744826,0.4971415721575887,0.7,exponential,344,565.0,565.0,3.5161,0,0.0,1.0,1.0
10000,0.7,0.4,0.010266767126901843,3.684136148790474,0.0027867501938744826,0.4971415721575887,0.7,exponential,345,1134.0,1134.0,3.7115998,0,0.0,1.0,1.0
10000,0.7,0.4,0.010266767126901843,3.684136148790474,0.0027867501938744826,0.4971415721575887,0.7,exponential,346,2111.0,2111.0,4.0910997,0,0.0,1.0,1.0
10000,0.7,0.4,0.010266767126901843,3.684136148790474,0.0027867501938744826,0.4971415721575887,0.7,exponential,347,1844.0,1844.0,4.3139997,0,0.0,1.0,1.0
10000,0.7,0.4,0.010266767126901843,3.684136148790474,0.0027867501938744826,0.4971415721575887,0.7,exponential,348,833.0,833.0,4.832,0,0.0,1.0,1.0
10000,0.7,0.4,0.010266767126901843,3.684136148790474,0.0027867501938744826,0.4971415721575887,0.7,exponential,349,272.0,272.0,4.0116,0,0.0,1.0,1.0
10000,0.7,0.4,0.010266767126901843,3.684136148790474,0.0027867501938744826,0.4971415721575887,0.7,exponential,350,1111.0,1111.0,3.9759998,0,0.0,1.0,1.0
10000,0.7,0.4,0.010266767126901843,3.684136148790474,0.0027867501938744826,0.4971415721575887,0.7,exponential,351,924.0,924.0,3.8871999,0,0.0,1.0,1.0
10000,0.7,0.4,0.010266767126901843,3.684136148790474,0.0027867501938744826,0.4971415721575887,0.7,exponential,352,870.0,870.0,4.1056,0,0.0,1.0,1.0
10000,0.7,0.4,0.010266767126901843,3.684136148790474,0.0027867501938744826,0.4971415721575887,0.7,exponential,353,212.0,212.0,4.074,0,0.0,1.0,1.0
10000,0.7,0.4,0.010266767126901843,3.684136148790474,0.0027867501938744826,0.4971415721575887,0.7,exponential,354,519.0,519.0,3.7914999,0,0.0,1.0,1.0
10000,0.7,0.4,0.010266767126901843,3.684136148790474,0.0027867501938744826,0.4971415721575887,0.7,exponential,355,414.0,414.0,3.74,0,0.0,1.0,1.0
10000,0.7,0.4,0.010266767126901843,3.684136148790474,0.0027867501938744826,0.4971415721575887,0.7,exponential,356,1248.0,1248.0,3.8621,0,0.0,1.0,1.0
10000,0.7,0.4,0.010266767126901843,3.684136148790474,0.0027867501938744826,0.4971415721575887,0.7,exponential,357,4401.0,4401.0,4.0316,0,0.0,1.0,1.0
10000,0.7,0.4,0.010266767126901843,3.684136148790474,0.0027867501938744826,0.4971415721575887,0.7,exponential,358,182.0,182.0,3.9311,0,0.0,1.0,1.0
10000,0.7,0.4,0.010266767126901843,3.684136148790474,0.0027867501938744826,0.4971415721575887,0.7,exponential,359,2964.0,2964.0,3.8305,0,0.0,1.0,1.0
10000,0.7,0.4,0.010266767126901843,3.684136148790474,0.0027867501938744826,0.4971415721575887,0.7,exponential,360,919.0,919.0,3.4547,0,0.0,1.0,1.0
10000,0.7,0.4,0.010266767126901843,3.684136148790474,0.0027867501938744826,0.4971415721575887,0.7,exponential,361,609.0,609.0,3.8058999,0,0.0,1.0,1.0
10000,0.7,0.4,0.010266767126901843,3.684136148790474,0.0027867501938744826,0.4971415721575887,0.7,exponential,362,1296.0,1296.0,4.0027,0,0.0,1.0,1.0
10000,0.7,0.4,0.010266767126901843,3.684136148790474,0.0027867501938744826,0.4971415721575887,0.7,exponential,363,1271.0,1271.0,4.0022,0,0.0,1.0,1.0
10000,0.7,0.4,0.010266767126901843,3.684136148790474,0.0027867501938744826,0.4971415721575887,0.7,exponential,364,1619.0,1619.0,3.9436998,0,0.0,1.0,1.0
10000,0.7,0.4,0.010266767126901843,3.684136148790474,0.0027867501938744826,0.4971415721575887,0.7,exponential,365,138.0,138.0,3.695,0,0.0,1.0,1.0
10000,0.7,0.4,0.010266767126901843,3.684136148790474,0.0027867501938744826,0.4971415721575887,0.7,exponential,366,2332.0,2332.0,4.4491997,0,0.0,1.0,1.0
10000,0.7,0.4,0.010266767126901843,3.684136148790474,0.0027867501938744826,0.4971415721575887,0.7,exponential,367,490.0,490.0,4.4382997,0,0.0,1.0,1.0
10000,0.7,0.4,0.010266767126901843,3.684136148790474,0.0027867501938744826,0.4971415721575887,0.7,exponential,368,1028.0,1028.0,4.2089,0,0.0,1.0,1.0
10000,0.7,0.4,0.010266767126901843,3.684136148790474,0.0027867501938744826,0.4971415721575887,0.7,exponential,369,141.0,141.0,3.8400998,0,0.0,1.0,1.0
10000,0.7,0.4,0.010266767126901843,3.684136148790474,0.0027867501938744826,0.4971415721575887,0.7,exponential,370,2290.0,2290.0,4.218,0,0.0,1.0,1.0
10000,0.7,0.4,0.010266767126901843,3.684136148790474,0.0027867501938744826,0.4971415721575887,0.7,exponential,371,156.0,156.0,3.8358,0,0.0,1.0,1.0
10000,0.7,0.4,0.010266767126901843,3.684136148790474,0.0027867501938744826,0.4971415721575887,0.7,exponential,372,649.0,649.0,3.9345999,0,0.0,1.0,1.0
10000,0.7,0.4,0.010266767126901843,3.684136148790474,0.0027867501938744826,0.4971415721575887,0.7,exponential,373,2436.0,2436.0,4.2015,0,0.0,1.0,1.0
10000,0.7,0.4,0.010266767126901843,3.684136148790474,0.0027867501938744826,0.4971415721575887,0.7,exponential,374,1498.0,1498.0,4.0213,0,0.0,1.0,1.0
10000,0.7,0.4,0.010266767126901843,3.684136148790474,0.0027867501938744826,0.4971415721575887,0.7,exponential,375,1346.0,1346.0,4.7634997,0,0.0,1.0,1.0
10000,0.7,0.4,0.010266767126901843,3.684136148790474,0.0027867501938744826,0.4971415721575887,0.7,exponential,376,2662.0,2662.0,3.3883,0,0.0,1.0,1.0
10000,0.7,0.4,0.010266767126901843,3.684136148790474,0.0027867501938744826,0.4971415721575887,0.7,exponential,377,867.0,867.0,3.3783,0,0.0,1.0,1.0
10000,0.7,0.4,0.010266767126901843,3.684136148790474,0.0027867501938744826,0.4971415721575887,0.7,exponential,378,2054.0,2054.0,3.8722,0,0.0,1.0,1.0
10000,0.7,0.4,0.010266767126901843,3.684136148790474,0.0027867501938744826,0.4971415721575887,0.7,exponential,379,138.0,138.0,3.5661,0,0.0,1.0,1.0
10000,0.7,0.4,0.010266767126901843,3.684136148790474,0.0027867501938744826,0.4971415721575887,0.7,exponential,380,226.0,226.0,3.7484,0,0.0,1.0,1.0
10000,0.7,0.4,0.010266767126901843,3.684136148790474,0.0027867501938744826,0.4971415721575887,0.7,exponential,381,817.0,817.0,3.5913,0,0.0,1.0,1.0
10000,0.7,0.4,0.010266767126901843,3.684136148790474,0.0027867501938744826,0.4971415721575887,0.7,exponential,382,588.0,588.0,4.0064,0,0.0,1.0,1.0
10000,0.7,0.4,0.010266767126901843,3.684136148790474,0.0027867501938744826,0.4971415721575887,0.7,exponential,383,589.0,589.0,4.5123,0,0.0,1.0,1.0
10000,0.7,0.4,0.010266767126901843,3.684136148790474,0.0027867501938744826,0.4971415721575887,0.7,exponential,384,3690.0,3690.0,3.9838998,0,0.0,1.0,1.0
10000,0.7,0.4,0.010266767126901843,3.684136148790474,0.0027867501938744826,0.4971415721575887,0.7,exponential,385,223.0,223.0,3.6754,0,0.0,1.0,1.0
10000,0.7,0.4,0.010266767126901843,3.684136148790474,0.0027867501938744826,0.4971415721575887,0.7,exponential,386,1063.0,1063.0,3.7642,0,0.0,1.0,1.0
10000,0.7,0.4,0.010266767126901843,3.684136148790474,0.0027867501938744826,0.4971415721575887,0.7,exponential,387,197.0,197.0,3.9817998,0,0.0,1.0,1.0
10000,0.7,0.4,0.010266767126901843,3.684136148790474,0.0027867501938744826,0.4971415721575887,0.7,exponential,388,392.0,392.0,4.1217,0,0.0,1.0,1.0
10000,0.7,0.4,0.010266767126901843,3.684136148790474,0.0027867501938744826,0.4971415721575887,0.7,exponential,389,3870.0,3870.0,3.8425999,0,0.0,1.0,1.0
10000,0.7,0.4,0.010266767126901843,3.684136148790474,0.0027867501938744826,0.4971415721575887,0.7,exponential,390,488.0,488.0,3.9287,0,0.0,1.0,1.0
10000,0.7,0.4,0.010266767126901843,3.684136148790474,0.0027867501938744826,0.4971415721575887,0.7,exponential,391,1291.0,1291.0,4.4578,0,0.0,1.0,1.0
10000,0.7,0.4,0.010266767126901843,3.684136148790474,0.0027867501938744826,0.4971415721575887,0.7,exponential,392,180.0,180.0,3.9343998,0,0.0,1.0,1.0
10000,0.7,0.4,0.010266767126901843,3.684136148790474,0.0027867501938744826,0.4971415721575887,0.7,exponential,393,1272.0,1272.0,3.8302999,0,0.0,1.0,1.0
10000,0.7,0.4,0.010266767126901843,3.684136148790474,0.0027867501938744826,0.4971415721575887,0.7,exponential,394,584.0,584.0,3.8595,0,0.0,1.0,1.0
10000,0.7,0.4,0.010266767126901843,3.684136148790474,0.0027867501938744826,0.4971415721575887,0.7,exponential,395,4386.0,4386.0,3.6999,0,0.0,1.0,1.0
10000,0.7,0.4,0.010266767126901843,3.684136148790474,0.0027867501938744826,0.4971415721575887,0.7,exponential,396,97.0,97.0,3.8084998,0,0.0,1.0,1.0
10000,0.7,0.4,0.010266767126901843,3.684136148790474,0.0027867501938744826,0.4971415721575887,0.7,exponential,397,1100.0,1100.0,3.9843998,0,0.0,1.0,1.0
10000,0.7,0.4,0.010266767126901843,3.684136148790474,0.0027867501938744826,0.4971415721575887,0.7,exponential,398,410.0,410.0,3.1088,0,0.0,1.0,1.0
10000,0.7,0.4,0.010266767126901843,3.684136148790474,0.0027867501938744826,0.4971415721575887,0.7,exponential,399,493.0,493.0,4.2195997,0,0.0,1.0,1.0
10000,0.7,0.4,0.010266767126901843,3.684136148790474,0.0027867501938744826,0.4971415721575887,0.7,exponential,400,1274.0,1274.0,3.8962998,0,0.0,1.0,1.0
10000,0.7,0.4,0.010266767126901843,3.684136148790474,0.0027867501938744826,0.4971415721575887,0.7,exponential,401,566.0,566.0,4.1465,0,0.0,1.0,1.0
10000,0.7,0.4,0.010266767126901843,3.684136148790474,0.0027867501938744826,0.4971415721575887,0.7,exponential,402,158.0,158.0,3.8218,0,0.0,1.0,1.0
10000,0.7,0.4,0.010266767126901843,3.684136148790474,0.0027867501938744826,0.4971415721575887,0.7,exponential,403,5109.0,5109.0,3.7164998,0,0.0,1.0,1.0
10000,0.7,0.4,0.010266767126901843,3.684136148790474,0.0027867501938744826,0.4971415721575887,0.7,exponential,404,693.0,693.0,3.5918999,0,0.0,1.0,1.0
10000,0.7,0.4,0.010266767126901843,3.684136148790474,0.0027867501938744826,0.4971415721575887,0.7,exponential,405,619.0,619.0,3.4201999,0,0.0,1.0,1.0
10000,0.7,0.4,0.010266767126901843,3.684136148790474,0.0027867501938744826,0.4971415721575887,0.7,exponential,406,1093.0,1093.0,4.2757,0,0.0,1.0,1.0
10000,0.7,0.4,0.010266767126901843,3.684136148790474,0.0027867501938744826,0.4971415721575887,0.7,exponential,407,726.0,726.0,3.8943,0,0.0,1.0,1.0
10000,0.7,0.4,0.010266767126901843,3.684136148790474,0.0027867501938744826,0.4971415721575887,0.7,exponential,408,807.0,807.0,3.9006,0,0.0,1.0,1.0
10000,0.7,0.4,0.010266767126901843,3.684136148790474,0.0027867501938744826,0.4971415721575887,0.7,exponential,409,1491.0,1491.0,3.8967,0,0.0,1.0,1.0
10000,0.7,0.4,0.010266767126901843,3.684136148790474,0.0027867501938744826,0.4971415721575887,0.7,exponential,410,172.0,172.0,3.9485,0,0.0,1.0,1.0
10000,0.7,0.4,0.010266767126901843,3.684136148790474,0.0027867501938744826,0.4971415721575887,0.7,exponential,411,563.0,563.0,3.2735999,0,0.0,1.0,1.0
10000,0.7,0.4,0.010266767126901843,3.684136148790474,0.0027867501938744826,0.4971415721575887,0.7,exponential,412,552.0,552.0,4.3127,0,0.0,1.0,1.0
10000,0.7,0.4,0.010266767126901843,3.684136148790474,0.0027867501938744826,0.4971415721575887,0.7,exponential,413,2483.0,2483.0,4.4881997,0,0.0,1.0,1.0
10000,0.7,0.4,0.010266767126901843,3.684136148790474,0.0027867501938744826,0.4971415721575887,0.7,exponential,414,3078.0,3078.0,3.7891,0,0.0,1.0,1.0
10000,0.7,0.4,0.010266767126901843,3.684136148790474,0.0027867501938744826,0.4971415721575887,0.7,exponential,415,175.0,175.0,4.045,0,0.0,1.0,1.0
10000,0.7,0.4,0.010266767126901843,3.684136148790474,0.0027867501938744826,0.4971415721575887,0.7,exponential,416,151.0,151.0,4.026,0,0.0,1.0,1.0
10000,0.7,0.4,0.010266767126901843,3.684136148790474,0.0027867501938744826,0.4971415721575887,0.7,exponential,417,3336.0,3336.0,3.7907,0,0.0,1.0,1.0
10000,0.7,0.4,0.010266767126901843,3.684136148790474,0.0027867501938744826,0.4971415721575887,0.7,exponential,418,268.0,268.0,3.971,0,0.0,1.0,1.0
10000,0.7,0.4,0.010266767126901843,3.684136148790474,0.0027867501938744826,0.4971415721575887,0.7,exponential,419,531.0,531.0,3.4801998,0,0.0,1.0,1.0
10000,0.7,0.4,0.010266767126901843,3.684136148790474,0.0027867501938744826,0.4971415721575887,0.7,exponential,420,488.0,488.0,4.0178,0,0.0,1.0,1.0
10000,0.7,0.4,0.010266767126901843,3.684136148790474,0.0027867501938744826,0.4971415721575887,0.7,exponential,421,489.0,489.0,3.8737,0,0.0,1.0,1.0
10000,0.7,0.4,0.010266767126901843,3.684136148790474,0.0027867501938744826,0.4971415721575887,0.7,exponential,422,1830.0,1830.0,3.4329998,0,0.0,1.0,1.0
10000,0.7,0.4,0.010266767126901843,3.684136148790474,0.0027867501938744826,0.4971415721575887,0.7,exponential,423,240.0,240.0,3.5070999,0,0.0,1.0,1.0
10000,0.7,0.4,0.010266767126901843,3.684136148790474,0.0027867501938744826,0.4971415721575887,0.7,exponential,424,1365.0,1365.0,3.4124,0,0.0,1.0,1.0
10000,0.7,0.4,0.010266767126901843,3.684136148790474,0.0027867501938744826,0.4971415721575887,0.7,exponential,425,1339.0,1339.0,3.6912,0,0.0,1.0,1.0
10000,0.7,0.4,0.010266767126901843,3.684136148790474,0.0027867501938744826,0.4971415721575887,0.7,exponential,426,1070.0,1070.0,3.6441998,0,0.0,1.0,1.0
10000,0.7,0.4,0.010266767126901843,3.684136148790474,0.0027867501938744826,0.4971415721575887,0.7,exponential,427,3174.0,3174.0,4.0453,0,0.0,1.0,1.0
10000,0.7,0.4,0.010266767126901843,3.684136148790474,0.0027867501938744826,0.4971415721575887,0.7,exponential,428,1683.0,1683.0,3.7749,0,0.0,1.0,1.0
10000,0.7,0.4,0.010266767126901843,3.684136148790474,0.0027867501938744826,0.4971415721575887,0.7,exponential,429,135.0,135.0,3.7828999,0,0.0,1.0,1.0
10000,0.7,0.4,0.010266767126901843,3.684136148790474,0.0027867501938744826,0.4971415721575887,0.7,exponential,430,307.0,307.0,4.0634,0,0.0,1.0,1.0
10000,0.7,0.4,0.010266767126901843,3.684136148790474,0.0027867501938744826,0.4971415721575887,0.7,exponential,431,3140.0,3140.0,3.7889998,0,0.0,1.0,1.0
10000,0.7,0.4,0.010266767126901843,3.684136148790474,0.0027867501938744826,0.4971415721575887,0.7,exponential,432,295.0,295.0,4.0267,0,0.0,1.0,1.0
10000,0.7,0.4,0.010266767126901843,3.684136148790474,0.0027867501938744826,0.4971415721575887,0.7,exponential,433,173.0,173.0,4.2862997,0,0.0,1.0,1.0
10000,0.7,0.4,0.010266767126901843,3.684136148790474,0.0027867501938744826,0.4971415721575887,0.7,exponential,434,149.0,149.0,4.0425997,0,0.0,1.0,1.0
10000,0.7,0.4,0.010266767126901843,3.684136148790474,0.0027867501938744826,0.4971415721575887,0.7,exponential,435,1049.0,1049.0,3.3811,0,0.0,1.0,1.0
10000,0.7,0.4,0.010266767126901843,3.684136148790474,0.0027867501938744826,0.4971415721575887,0.7,exponential,436,508.0,508.0,4.0320997,0,0.0,1.0,1.0
10000,0.7,0.4,0.010266767126901843,3.684136148790474,0.0027867501938744826,0.4971415721575887,0.7,exponential,437,711.0,711.0,4.0759,0,0.0,1.0,1.0
10000,0.7,0.4,0.010266767126901843,3.684136148790474,0.0027867501938744826,0.4971415721575887,0.7,exponential,438,385.0,385.0,3.6439,0,0.0,1.0,1.0
10000,0.7,0.4,0.010266767126901843,3.684136148790474,0.0027867501938744826,0.4971415721575887,0.7,exponential,439,1122.0,1122.0,4.1893,0,0.0,1.0,1.0
10000,0.7,0.4,0.010266767126901843,3.684136148790474,0.0027867501938744826,0.4971415721575887,0.7,exponential,440,452.0,452.0,4.0924,0,0.0,1.0,1.0
10000,0.7,0.4,0.010266767126901843,3.684136148790474,0.0027867501938744826,0.4971415721575887,0.7,exponential,441,1835.0,1835.0,3.7345998,0,0.0,1.0,1.0
10000,0.7,0.4,0.010266767126901843,3.684136148790474,0.0027867501938744826,0.4971415721575887,0.7,exponential,442,1557.0,1557.0,3.8212,0,0.0,1.0,1.0
10000,0.7,0.4,0.010266767126901843,3.684136148790474,0.0027867501938744826,0.4971415721575887,0.7,exponential,443,572.0,572.0,3.7754998,0,0.0,1.0,1.0
10000,0.7,0.4,0.010266767126901843,3.684136148790474,0.0027867501938744826,0.4971415721575887,0.7,exponential,444,1388.0,1388.0,3.7921,0,0.0,1.0,1.0
10000,0.7,0.4,0.010266767126901843,3.684136148790474,0.0027867501938744826,0.4971415721575887,0.7,exponential,445,493.0,493.0,4.029,0,0.0,1.0,1.0
10000,0.7,0.4,0.010266767126901843,3.684136148790474,0.0027867501938744826,0.4971415721575887,0.7,exponential,446,329.0,329.0,3.6908,0,0.0,1.0,1.0
10000,0.7,0.4,0.010266767126901843,3.684136148790474,0.0027867501938744826,0.4971415721575887,0.7,exponential,447,2162.0,2162.0,3.5203998,0,0.0,1.0,1.0
10000,0.7,0.4,0.010266767126901843,3.684136148790474,0.0027867501938744826,0.4971415721575887,0.7,exponential,448,533.0,533.0,3.9462998,0,0.0,1.0,1.0
10000,0.7,0.4,0.010266767126901843,3.684136148790474,0.0027867501938744826,0.4971415721575887,0.7,exponential,449,1023.0,1023.0,3.309,0,0.0,1.0,1.0
10000,0.7,0.4,0.010266767126901843,3.684136148790474,0.0027867501938744826,0.4971415721575887,0.7,exponential,450,520.0,520.0,3.5676,0,0.0,1.0,1.0
10000,0.7,0.4,0.010266767126901843,3.684136148790474,0.0027867501938744826,0.4971415721575887,0.7,exponential,451,128.0,128.0,3.9424999,0,0.0,1.0,1.0
10000,0.7,0.4,0.010266767126901843,3.684136148790474,0.0027867501938744826,0.4971415721575887,0.7,exponential,452,1649.0,1649.0,3.5261998,0,0.0,1.0,1.0
10000,0.7,0.4,0.010266767126901843,3.684136148790474,0.0027867501938744826,0.4971415721575887,0.7,exponential,453,199.0,199.0,3.6873999,0,0.0,1.0,1.0
10000,0.7,0.4,0.010266767126901843,3.684136148790474,0.0027867501938744826,0.4971415721575887,0.7,exponential,454,756.0,756.0,3.5370998,0,0.0,1.0,1.0
10000,0.7,0.4,0.010266767126901843,3.684136148790474,0.0027867501938744826,0.4971415721575887,0.7,exponential,455,1364.0,1364.0,3.5737,0,0.0,1.0,1.0
10000,0.7,0.4,0.010266767126901843,3.684136148790474,0.0027867501938744826,0.4971415721575887,0.7,exponential,456,331.0,331.0,3.9812999,0,0.0,1.0,1.0
10000,0.7,0.4,0.010266767126901843,3.684136148790474,0.0027867501938744826,0.4971415721575887,0.7,exponential,457,3983.0,3983.0,3.2351,0,0.0,1.0,1.0
10000,0.7,0.4,0.010266767126901843,3.684136148790474,0.0027867501938744826,0.4971415721575887,0.7,exponential,458,125.0,125.0,3.8932,0,0.0,1.0,1.0
10000,0.7,0.4,0.010266767126901843,3.684136148790474,0.0027867501938744826,0.4971415721575887,0.7,exponential,459,801.0,801.0,4.1535997,0,0.0,1.0,1.0
10000,0.7,0.4,0.010266767126901843,3.684136148790474,0.0027867501938744826,0.4971415721575887,0.7,exponential,460,1099.0,1099.0,3.9945,0,0.0,1.0,1.0
10000,0.7,0.4,0.010266767126901843,3.684136148790474,0.0027867501938744826,0.4971415721575887,0.7,exponential,461,455.0,455.0,3.3091998,0,0.0,1.0,1.0
10000,0.7,0.4,0.010266767126901843,3.684136148790474,0.0027867501938744826,0.4971415721575887,0.7,exponential,462,386.0,386.0,3.7282999,0,0.0,1.0,1.0
10000,0.7,0.4,0.010266767126901843,3.684136148790474,0.0027867501938744826,0.4971415721575887,0.7,exponential,463,858.0,858.0,3.9338999,0,0.0,1.0,1.0
10000,0.7,0.4,0.010266767126901843,3.684136148790474,0.0027867501938744826,0.4971415721575887,0.7,exponential,464,263.0,263.0,3.409,0,0.0,1.0,1.0
10000,0.7,0.4,0.010266767126901843,3.684136148790474,0.0027867501938744826,0.4971415721575887,0.7,exponential,465,548.0,548.0,3.5663998,0,0.0,1.0,1.0
10000,0.7,0.4,0.010266767126901843,3.684136148790474,0.0027867501938744826,0.4971415721575887,0.7,exponential,466,775.0,775.0,3.9139998,0,0.0,1.0,1.0
10000,0.7,0.4,0.010266767126901843,3.684136148790474,0.0027867501938744826,0.4971415721575887,0.7,exponential,467,884.0,884.0,4.0422997,0,0.0,1.0,1.0
10000,0.7,0.4,0.010266767126901843,3.684136148790474,0.0027867501938744826,0.4971415721575887,0.7,exponential,468,491.0,491.0,4.3057,0,0.0,1.0,1.0
10000,0.7,0.4,0.010266767126901843,3.684136148790474,0.0027867501938744826,0.4971415721575887,0.7,exponential,469,3511.0,3511.0,4.2014,0,0.0,1.0,1.0
10000,0.7,0.4,0.010266767126901843,3.684136148790474,0.0027867501938744826,0.4971415721575887,0.7,exponential,470,590.0,590.0,3.7975,0,0.0,1.0,1.0
10000,0.7,0.4,0.010266767126901843,3.684136148790474,0.0027867501938744826,0.4971415721575887,0.7,exponential,471,207.0,207.0,3.8855999,0,0.0,1.0,1.0
10000,0.7,0.4,0.010266767126901843,3.684136148790474,0.0027867501938744826,0.4971415721575887,0.7,exponential,472,414.0,414.0,3.5930998,0,0.0,1.0,1.0
10000,0.7,0.4,0.010266767126901843,3.684136148790474,0.0027867501938744826,0.4971415721575887,0.7,exponential,473,527.0,527.0,4.0773997,0,0.0,1.0,1.0
10000,0.7,0.4,0.010266767126901843,3.684136148790474,0.0027867501938744826,0.4971415721575887,0.7,exponential,474,473.0,473.0,3.7364,0,0.0,1.0,1.0
10000,0.7,0.4,0.010266767126901843,3.684136148790474,0.0027867501938744826,0.4971415721575887,0.7,exponential,475,609.0,609.0,3.8527,0,0.0,1.0,1.0
10000,0.7,0.4,0.010266767126901843,3.684136148790474,0.0027867501938744826,0.4971415721575887,0.7,exponential,476,186.0,186.0,3.5279999,0,0.0,1.0,1.0
10000,0.7,0.4,0.010266767126901843,3.684136148790474,0.0027867501938744826,0.4971415721575887,0.7,exponential,477,637.0,637.0,4.1201997,0,0.0,1.0,1.0
10000,0.7,0.4,0.010266767126901843,3.684136148790474,0.0027867501938744826,0.4971415721575887,0.7,exponential,478,999.0,999.0,4.4637,0,0.0,1.0,1.0
10000,0.7,0.4,0.010266767126901843,3.684136148790474,0.0027867501938744826,0.4971415721575887,0.7,exponential,479,2463.0,2463.0,4.2056,0,0.0,1.0,1.0
10000,0.7,0.4,0.010266767126901843,3.684136148790474,0.0027867501938744826,0.4971415721575887,0.7,exponential,480,337.0,337.0,3.8076,0,0.0,1.0,1.0
10000,0.7,0.4,0.010266767126901843,3.684136148790474,0.0027867501938744826,0.4971415721575887,0.7,exponential,481,2082.0,2082.0,3.9243999,0,0.0,1.0,1.0
10000,0.7,0.4,0.010266767126901843,3.684136148790474,0.0027867501938744826,0.4971415721575887,0.7,exponential,482,5065.0,5065.0,3.6046,0,0.0,1.0,1.0
10000,0.7,0.4,0.010266767126901843,3.684136148790474,0.0027867501938744826,0.4971415721575887,0.7,exponential,483,149.0,149.0,4.2036,0,0.0,1.0,1.0
10000,0.7,0.4,0.010266767126901843,3.684136148790474,0.0027867501938744826,0.4971415721575887,0.7,exponential,484,619.0,619.0,3.4857,0,0.0,1.0,1.0
10000,0.7,0.4,0.010266767126901843,3.684136148790474,0.0027867501938744826,0.4971415721575887,0.7,exponential,485,590.0,590.0,3.8216,0,0.0,1.0,1.0
10000,0.7,0.4,0.010266767126901843,3.684136148790474,0.0027867501938744826,0.4971415721575887,0.7,exponential,486,869.0,869.0,3.8009,0,0.0,1.0,1.0
10000,0.7,0.4,0.010266767126901843,3.684136148790474,0.0027867501938744826,0.4971415721575887,0.7,exponential,487,1145.0,1145.0,3.7589,0,0.0,1.0,1.0
10000,0.7,0.4,0.010266767126901843,3.684136148790474,0.0027867501938744826,0.4971415721575887,0.7,exponential,488,373.0,373.0,3.8707,0,0.0,1.0,1.0
10000,0.7,0.4,0.010266767126901843,3.684136148790474,0.0027867501938744826,0.4971415721575887,0.7,exponential,489,1804.0,1804.0,3.9945,0,0.0,1.0,1.0
10000,0.7,0.4,0.010266767126901843,3.684136148790474,0.0027867501938744826,0.4971415721575887,0.7,exponential,490,99.0,99.0,4.2622,0,0.0,1.0,1.0
10000,0.7,0.4,0.010266767126901843,3.684136148790474,0.0027867501938744826,0.4971415721575887,0.7,exponential,491,884.0,884.0,3.5286999,0,0.0,1.0,1.0
10000,0.7,0.4,0.010266767126901843,3.684136148790474,0.0027867501938744826,0.4971415721575887,0.7,exponential,492,2278.0,2278.0,3.8154,0,0.0,1.0,1.0
10000,0.7,0.4,0.010266767126901843,3.684136148790474,0.0027867501938744826,0.4971415721575887,0.7,exponential,493,582.0,582.0,3.6409998,0,0.0,1.0,1.0
10000,0.7,0.4,0.010266767126901843,3.684136148790474,0.0027867501938744826,0.4971415721575887,0.7,exponential,494,3342.0,3342.0,4.0613,0,0.0,1.0,1.0
10000,0.7,0.4,0.010266767126901843,3.684136148790474,0.0027867501938744826,0.4971415721575887,0.7,exponential,495,217.0,217.0,3.9678,0,0.0,1.0,1.0
10000,0.7,0.4,0.010266767126901843,3.684136148790474,0.0027867501938744826,0.4971415721575887,0.7,exponential,496,850.0,850.0,4.1686,0,0.0,1.0,1.0
10000,0.7,0.4,0.010266767126901843,3.684136148790474,0.0027867501938744826,0.4971415721575887,0.7,exponential,497,154.0,154.0,3.9338999,0,0.0,1.0,1.0
10000,0.7,0.4,0.010266767126901843,3.684136148790474,0.0027867501938744826,0.4971415721575887,0.7,exponential,498,1098.0,1098.0,3.9998999,0,0.0,1.0,1.0
10000,0.7,0.4,0.010266767126901843,3.684136148790474,0.0027867501938744826,0.4971415721575887,0.7,exponential,499,326.0,326.0,4.1025,0,0.0,1.0,1.0
10000,0.7,0.4,0.010266767126901843,3.684136148790474,0.0027867501938744826,0.4971415721575887,0.7,exponential,500,380.0,380.0,3.8453999,0,0.0,1.0,1.0
10000,0.7,0.4,0.010266767126901843,3.684136148790474,0.0027867501938744826,0.4971415721575887,0.7,exponential,501,826.0,826.0,3.576,0,0.0,1.0,1.0
10000,0.7,0.4,0.010266767126901843,3.684136148790474,0.0027867501938744826,0.4971415721575887,0.7,exponential,502,2990.0,2990.0,3.9261,0,0.0,1.0,1.0
10000,0.7,0.4,0.010266767126901843,3.684136148790474,0.0027867501938744826,0.4971415721575887,0.7,exponential,503,1025.0,1025.0,4.5829,0,0.0,1.0,1.0
10000,0.7,0.4,0.010266767126901843,3.684136148790474,0.0027867501938744826,0.4971415721575887,0.7,exponential,504,4735.0,4735.0,4.1068997,0,0.0,1.0,1.0
10000,0.7,0.4,0.010266767126901843,3.684136148790474,0.0027867501938744826,0.4971415721575887,0.7,exponential,505,865.0,865.0,3.2965,0,0.0,1.0,1.0
10000,0.7,0.4,0.010266767126901843,3.684136148790474,0.0027867501938744826,0.4971415721575887,0.7,exponential,506,2490.0,2490.0,3.8811998,0,0.0,1.0,1.0
10000,0.7,0.4,0.010266767126901843,3.684136148790474,0.0027867501938744826,0.4971415721575887,0.7,exponential,507,2200.0,2200.0,3.6945999,0,0.0,1.0,1.0
10000,0.7,0.4,0.010266767126901843,3.684136148790474,0.0027867501938744826,0.4971415721575887,0.7,exponential,508,466.0,466.0,3.8176,0,0.0,1.0,1.0
10000,0.7,0.4,0.010266767126901843,3.684136148790474,0.0027867501938744826,0.4971415721575887,0.7,exponential,509,554.0,554.0,4.1075,0,0.0,1.0,1.0
10000,0.7,0.4,0.010266767126901843,3.684136148790474,0.0027867501938744826,0.4971415721575887,0.7,exponential,510,485.0,485.0,4.2344,0,0.0,1.0,1.0
10000,0.7,0.4,0.010266767126901843,3.684136148790474,0.0027867501938744826,0.4971415721575887,0.7,exponential,511,1615.0,1615.0,3.6557,0,0.0,1.0,1.0
10000,0.7,0.4,0.010266767126901843,3.684136148790474,0.0027867501938744826,0.4971415721575887,0.7,exponential,512,1700.0,1700.0,3.3769999,0,0.0,1.0,1.0
10000,0.7,0.4,0.010266767126901843,3.684136148790474,0.0027867501938744826,0.4971415721575887,0.7,exponential,513,839.0,839.0,3.4239,0,0.0,1.0,1.0
10000,0.7,0.4,0.010266767126901843,3.684136148790474,0.0027867501938744826,0.4971415721575887,0.7,exponential,514,1546.0,1546.0,3.5832999,0,0.0,1.0,1.0
10000,0.7,0.4,0.010266767126901843,3.684136148790474,0.0027867501938744826,0.4971415721575887,0.7,exponential,515,2237.0,2237.0,4.3013997,0,0.0,1.0,1.0
10000,0.7,0.4,0.010266767126901843,3.684136148790474,0.0027867501938744826,0.4971415721575887,0.7,exponential,516,934.0,934.0,3.6529999,0,0.0,1.0,1.0
10000,0.7,0.4,0.010266767126901843,3.684136148790474,0.0027867501938744826,0.4971415721575887,0.7,exponential,517,290.0,290.0,3.6137,0,0.0,1.0,1.0
10000,0.7,0.4,0.010266767126901843,3.684136148790474,0.0027867501938744826,0.4971415721575887,0.7,exponential,518,1101.0,1101.0,4.0253997,0,0.0,1.0,1.0
10000,0.7,0.4,0.010266767126901843,3.684136148790474,0.0027867501938744826,0.4971415721575887,0.7,exponential,519,799.0,799.0,3.7935,0,0.0,1.0,1.0
10000,0.7,0.4,0.010266767126901843,3.684136148790474,0.0027867501938744826,0.4971415721575887,0.7,exponential,520,313.0,313.0,4.0044,0,0.0,1.0,1.0
10000,0.7,0.4,0.010266767126901843,3.684136148790474,0.0027867501938744826,0.4971415721575887,0.7,exponential,521,138.0,138.0,3.6566,0,0.0,1.0,1.0
10000,0.7,0.4,0.010266767126901843,3.684136148790474,0.0027867501938744826,0.4971415721575887,0.7,exponential,522,108.0,108.0,3.7791998,0,0.0,1.0,1.0
10000,0.7,0.4,0.010266767126901843,3.684136148790474,0.0027867501938744826,0.4971415721575887,0.7,exponential,523,97.0,97.0,3.8846,0,0.0,1.0,1.0
10000,0.7,0.4,0.010266767126901843,3.684136148790474,0.0027867501938744826,0.4971415721575887,0.7,exponential,524,227.0,227.0,4.1075,0,0.0,1.0,1.0
10000,0.7,0.4,0.010266767126901843,3.684136148790474,0.0027867501938744826,0.4971415721575887,0.7,exponential,525,303.0,303.0,3.7089,0,0.0,1.0,1.0
10000,0.7,0.4,0.010266767126901843,3.684136148790474,0.0027867501938744826,0.4971415721575887,0.7,exponential,526,710.0,710.0,3.2919998,0,0.0,1.0,1.0
10000,0.7,0.4,0.010266767126901843,3.684136148790474,0.0027867501938744826,0.4971415721575887,0.7,exponential,527,969.0,969.0,3.455,0,0.0,1.0,1.0
10000,0.7,0.4,0.010266767126901843,3.684136148790474,0.0027867501938744826,0.4971415721575887,0.7,exponential,528,602.0,602.0,4.3945,0,0.0,1.0,1.0
10000,0.7,0.4,0.010266767126901843,3.684136148790474,0.0027867501938744826,0.4971415721575887,0.7,exponential,529,3923.0,3923.0,4.5109997,0,0.0,1.0,1.0
10000,0.7,0.4,0.010266767126901843,3.684136148790474,0.0027867501938744826,0.4971415721575887,0.7,exponential,530,317.0,317.0,4.2465997,0,0.0,1.0,1.0
10000,0.7,0.4,0.010266767126901843,3.684136148790474,0.0027867501938744826,0.4971415721575887,0.7,exponential,531,305.0,305.0,4.2293,0,0.0,1.0,1.0
10000,0.7,0.4,0.010266767126901843,3.684136148790474,0.0027867501938744826,0.4971415721575887,0.7,exponential,532,1437.0,1437.0,3.6615999,0,0.0,1.0,1.0
10000,0.7,0.4,0.010266767126901843,3.684136148790474,0.0027867501938744826,0.4971415721575887,0.7,exponential,533,584.0,584.0,3.8913,0,0.0,1.0,1.0
10000,0.7,0.4,0.010266767126901843,3.684136148790474,0.0027867501938744826,0.4971415721575887,0.7,exponential,534,499.0,499.0,3.6290998,0,0.0,1.0,1.0
10000,0.7,0.4,0.010266767126901843,3.684136148790474,0.0027867501938744826,0.4971415721575887,0.7,exponential,535,708.0,708.0,3.7782998,0,0.0,1.0,1.0
10000,0.7,0.4,0.010266767126901843,3.684136148790474,0.0027867501938744826,0.4971415721575887,0.7,exponential,536,702.0,702.0,3.6922,0,0.0,1.0,1.0
10000,0.7,0.4,0.010266767126901843,3.684136148790474,0.0027867501938744826,0.4971415721575887,0.7,exponential,537,400.0,400.0,3.8723998,0,0.0,1.0,1.0
10000,0.7,0.4,0.010266767126901843,3.684136148790474,0.0027867501938744826,0.4971415721575887,0.7,exponential,538,737.0,737.0,4.204,0,0.0,1.0,1.0
10000,0.7,0.4,0.010266767126901843,3.684136148790474,0.0027867501938744826,0.4971415721575887,0.7,exponential,539,771.0,771.0,3.5772,0,0.0,1.0,1.0
10000,0.7,0.4,0.010266767126901843,3.684136148790474,0.0027867501938744826,0.4971415721575887,0.7,exponential,540,346.0,346.0,3.9743998,0,0.0,1.0,1.0
10000,0.7,0.4,0.010266767126901843,3.684136148790474,0.0027867501938744826,0.4971415721575887,0.7,exponential,541,736.0,736.0,3.2884998,0,0.0,1.0,1.0
10000,0.7,0.4,0.010266767126901843,3.684136148790474,0.0027867501938744826,0.4971415721575887,0.7,exponential,542,240.0,240.0,4.4391,0,0.0,1.0,1.0
10000,0.7,0.4,0.010266767126901843,3.684136148790474,0.0027867501938744826,0.4971415721575887,0.7,exponential,543,138.0,138.0,3.7347999,0,0.0,1.0,1.0
10000,0.7,0.4,0.010266767126901843,3.684136148790474,0.0027867501938744826,0.4971415721575887,0.7,exponential,544,1222.0,1222.0,3.6341999,0,0.0,1.0,1.0
10000,0.7,0.4,0.010266767126901843,3.684136148790474,0.0027867501938744826,0.4971415721575887,0.7,exponential,545,189.0,189.0,3.6984,0,0.0,1.0,1.0
10000,0.7,0.4,0.010266767126901843,3.684136148790474,0.0027867501938744826,0.4971415721575887,0.7,exponential,546,492.0,492.0,3.9371998,0,0.0,1.0,1.0
10000,0.7,0.4,0.010266767126901843,3.684136148790474,0.0027867501938744826,0.4971415721575887,0.7,exponential,547,327.0,327.0,4.3609,0,0.0,1.0,1.0
10000,0.7,0.4,0.010266767126901843,3.684136148790474,0.0027867501938744826,0.4971415721575887,0.7,exponential,548,164.0,164.0,3.8281999,0,0.0,1.0,1.0
10000,0.7,0.4,0.010266767126901843,3.684136148790474,0.0027867501938744826,0.4971415721575887,0.7,exponential,549,1195.0,1195.0,4.2043,0,0.0,1.0,1.0
10000,0.7,0.4,0.010266767126901843,3.684136148790474,0.0027867501938744826,0.4971415721575887,0.7,exponential,550,394.0,394.0,4.3543,0,0.0,1.0,1.0
10000,0.7,0.4,0.010266767126901843,3.684136148790474,0.0027867501938744826,0.4971415721575887,0.7,exponential,551,71.0,71.0,4.0648,0,0.0,1.0,1.0
10000,0.7,0.4,0.010266767126901843,3.684136148790474,0.0027867501938744826,0.4971415721575887,0.7,exponential,552,276.0,276.0,3.6966999,0,0.0,1.0,1.0
10000,0.7,0.4,0.010266767126901843,3.684136148790474,0.0027867501938744826,0.4971415721575887,0.7,exponential,553,1395.0,1395.0,3.7858,0,0.0,1.0,1.0
10000,0.7,0.4,0.010266767126901843,3.684136148790474,0.0027867501938744826,0.4971415721575887,0.7,exponential,554,315.0,315.0,3.9692998,0,0.0,1.0,1.0
10000,0.7,0.4,0.010266767126901843,3.684136148790474,0.0027867501938744826,0.4971415721575887,0.7,exponential,555,159.0,159.0,3.921,0,0.0,1.0,1.0
10000,0.7,0.4,0.010266767126901843,3.684136148790474,0.0027867501938744826,0.4971415721575887,0.7,exponential,556,148.0,148.0,3.7082999,0,0.0,1.0,1.0
10000,0.7,0.4,0.010266767126901843,3.684136148790474,0.0027867501938744826,0.4971415721575887,0.7,exponential,557,1831.0,1831.0,3.6852999,0,0.0,1.0,1.0
10000,0.7,0.4,0.010266767126901843,3.684136148790474,0.0027867501938744826,0.4971415721575887,0.7,exponential,558,1359.0,1359.0,4.0569,0,0.0,1.0,1.0
10000,0.7,0.4,0.010266767126901843,3.684136148790474,0.0027867501938744826,0.4971415721575887,0.7,exponential,559,1818.0,1818.0,4.0659,0,0.0,1.0,1.0
10000,0.7,0.4,0.010266767126901843,3.684136148790474,0.0027867501938744826,0.4971415721575887,0.7,exponential,560,843.0,843.0,3.5321999,0,0.0,1.0,1.0
10000,0.7,0.4,0.010266767126901843,3.684136148790474,0.0027867501938744826,0.4971415721575887,0.7,exponential,561,810.0,810.0,3.8016999,0,0.0,1.0,1.0
10000,0.7,0.4,0.010266767126901843,3.684136148790474,0.0027867501938744826,0.4971415721575887,0.7,exponential,562,1702.0,1702.0,4.1138997,0,0.0,1.0,1.0
10000,0.7,0.4,0.010266767126901843,3.684136148790474,0.0027867501938744826,0.4971415721575887,0.7,exponential,563,380.0,380.0,3.5832999,0,0.0,1.0,1.0
10000,0.7,0.4,0.010266767126901843,3.684136148790474,0.0027867501938744826,0.4971415721575887,0.7,exponential,564,1101.0,1101.0,4.3387,0,0.0,1.0,1.0
10000,0.7,0.4,0.010266767126901843,3.684136148790474,0.0027867501938744826,0.4971415721575887,0.7,exponential,565,415.0,415.0,3.9476998,0,0.0,1.0,1.0
10000,0.7,0.4,0.010266767126901843,3.684136148790474,0.0027867501938744826,0.4971415721575887,0.7,exponential,566,1848.0,1848.0,3.7387998,0,0.0,1.0,1.0
10000,0.7,0.4,0.010266767126901843,3.684136148790474,0.0027867501938744826,0.4971415721575887,0.7,exponential,567,805.0,805.0,3.681,0,0.0,1.0,1.0
10000,0.7,0.4,0.010266767126901843,3.684136148790474,0.0027867501938744826,0.4971415721575887,0.7,exponential,568,453.0,453.0,4.1777,0,0.0,1.0,1.0
10000,0.7,0.4,0.010266767126901843,3.684136148790474,0.0027867501938744826,0.4971415721575887,0.7,exponential,569,608.0,608.0,4.1688,0,0.0,1.0,1.0
10000,0.7,0.4,0.010266767126901843,3.684136148790474,0.0027867501938744826,0.4971415721575887,0.7,exponential,570,806.0,806.0,4.1438,0,0.0,1.0,1.0
10000,0.7,0.4,0.010266767126901843,3.684136148790474,0.0027867501938744826,0.4971415721575887,0.7,exponential,571,1468.0,1468.0,3.5335999,0,0.0,1.0,1.0
10000,0.7,0.4,0.010266767126901843,3.684136148790474,0.0027867501938744826,0.4971415721575887,0.7,exponential,572,162.0,162.0,3.7147,0,0.0,1.0,1.0
10000,0.7,0.4,0.010266767126901843,3.684136148790474,0.0027867501938744826,0.4971415721575887,0.7,exponential,573,116.0,116.0,3.8188999,0,0.0,1.0,1.0
10000,0.7,0.4,0.010266767126901843,3.684136148790474,0.0027867501938744826,0.4971415721575887,0.7,exponential,574,2582.0,2582.0,3.7159998,0,0.0,1.0,1.0
10000,0.7,0.4,0.010266767126901843,3.684136148790474,0.0027867501938744826,0.4971415721575887,0.7,exponential,575,2717.0,2717.0,3.5662,0,0.0,1.0,1.0
10000,0.7,0.4,0.010266767126901843,3.684136148790474,0.0027867501938744826,0.4971415721575887,0.7,exponential,576,715.0,715.0,3.8318,0,0.0,1.0,1.0
10000,0.7,0.4,0.010266767126901843,3.684136148790474,0.0027867501938744826,0.4971415721575887,0.7,exponential,577,637.0,637.0,4.1763,0,0.0,1.0,1.0
10000,0.7,0.4,0.010266767126901843,3.684136148790474,0.0027867501938744826,0.4971415721575887,0.7,exponential,578,1051.0,1051.0,3.8855999,0,0.0,1.0,1.0
10000,0.7,0.4,0.010266767126901843,3.684136148790474,0.0027867501938744826,0.4971415721575887,0.7,exponential,579,362.0,362.0,3.8284,0,0.0,1.0,1.0
10000,0.7,0.4,0.010266767126901843,3.684136148790474,0.0027867501938744826,0.4971415721575887,0.7,exponential,580,712.0,712.0,3.4752998,0,0.0,1.0,1.0
10000,0.7,0.4,0.010266767126901843,3.684136148790474,0.0027867501938744826,0.4971415721575887,0.7,exponential,581,1036.0,1036.0,3.9287999,0,0.0,1.0,1.0
10000,0.7,0.4,0.010266767126901843,3.684136148790474,0.0027867501938744826,0.4971415721575887,0.7,exponential,582,360.0,360.0,3.6543999,0,0.0,1.0,1.0
10000,0.7,0.4,0.010266767126901843,3.684136148790474,0.0027867501938744826,0.4971415721575887,0.7,exponential,583,397.0,397.0,4.5390997,0,0.0,1.0,1.0
10000,0.7,0.4,0.010266767126901843,3.684136148790474,0.0027867501938744826,0.4971415721575887,0.7,exponential,584,187.0,187.0,3.7935998,0,0.0,1.0,1.0
10000,0.7,0.4,0.010266767126901843,3.684136148790474,0.0027867501938744826,0.4971415721575887,0.7,exponential,585,775.0,775.0,4.3842998,0,0.0,1.0,1.0
10000,0.7,0.4,0.010266767126901843,3.684136148790474,0.0027867501938744826,0.4971415721575887,0.7,exponential,586,122.0,122.0,3.6276999,0,0.0,1.0,1.0
10000,0.7,0.4,0.010266767126901843,3.684136148790474,0.0027867501938744826,0.4971415721575887,0.7,exponential,587,158.0,158.0,3.6929998,0,0.0,1.0,1.0
10000,0.7,0.4,0.010266767126901843,3.684136148790474,0.0027867501938744826,0.4971415721575887,0.7,exponential,588,548.0,548.0,3.7923,0,0.0,1.0,1.0
10000,0.7,0.4,0.010266767126901843,3.684136148790474,0.0027867501938744826,0.4971415721575887,0.7,exponential,589,2530.0,2530.0,4.1047997,0,0.0,1.0,1.0
10000,0.7,0.4,0.010266767126901843,3.684136148790474,0.0027867501938744826,0.4971415721575887,0.7,exponential,590,178.0,178.0,3.7974,0,0.0,1.0,1.0
10000,0.7,0.4,0.010266767126901843,3.684136148790474,0.0027867501938744826,0.4971415721575887,0.7,exponential,591,1056.0,1056.0,4.5483,0,0.0,1.0,1.0
10000,0.7,0.4,0.010266767126901843,3.684136148790474,0.0027867501938744826,0.4971415721575887,0.7,exponential,592,240.0,240.0,3.9954,0,0.0,1.0,1.0
10000,0.7,0.4,0.010266767126901843,3.684136148790474,0.0027867501938744826,0.4971415721575887,0.7,exponential,593,992.0,992.0,3.8000998,0,0.0,1.0,1.0
10000,0.7,0.4,0.010266767126901843,3.684136148790474,0.0027867501938744826,0.4971415721575887,0.7,exponential,594,238.0,238.0,3.5270998,0,0.0,1.0,1.0
10000,0.7,0.4,0.010266767126901843,3.684136148790474,0.0027867501938744826,0.4971415721575887,0.7,exponential,595,946.0,946.0,3.3667,0,0.0,1.0,1.0
10000,0.7,0.4,0.010266767126901843,3.684136148790474,0.0027867501938744826,0.4971415721575887,0.7,exponential,596,999.0,999.0,3.6566,0,0.0,1.0,1.0
10000,0.7,0.4,0.010266767126901843,3.684136148790474,0.0027867501938744826,0.4971415721575887,0.7,exponential,597,422.0,422.0,4.0242,0,0.0,1.0,1.0
10000,0.7,0.4,0.010266767126901843,3.684136148790474,0.0027867501938744826,0.4971415721575887,0.7,exponential,598,613.0,613.0,3.8702,0,0.0,1.0,1.0
10000,0.7,0.4,0.010266767126901843,3.684136148790474,0.0027867501938744826,0.4971415721575887,0.7,exponential,599,418.0,418.0,3.6601,0,0.0,1.0,1.0
10000,0.7,0.4,0.010266767126901843,3.684136148790474,0.0027867501938744826,0.4971415721575887,0.7,exponential,600,706.0,706.0,3.606,0,0.0,1.0,1.0
10000,0.7,0.4,0.010266767126901843,3.684136148790474,0.0027867501938744826,0.4971415721575887,0.7,exponential,601,4016.0,4016.0,3.8546999,0,0.0,1.0,1.0
10000,0.7,0.4,0.010266767126901843,3.684136148790474,0.0027867501938744826,0.4971415721575887,0.7,exponential,602,5002.0,5002.0,3.9742,0,0.0,1.0,1.0
10000,0.7,0.4,0.010266767126901843,3.684136148790474,0.0027867501938744826,0.4971415721575887,0.7,exponential,603,1625.0,1625.0,4.2746,0,0.0,1.0,1.0
10000,0.7,0.4,0.010266767126901843,3.684136148790474,0.0027867501938744826,0.4971415721575887,0.7,exponential,604,1366.0,1366.0,3.7793,0,0.0,1.0,1.0
10000,0.7,0.4,0.010266767126901843,3.684136148790474,0.0027867501938744826,0.4971415721575887,0.7,exponential,605,408.0,408.0,3.3999,0,0.0,1.0,1.0
10000,0.7,0.4,0.010266767126901843,3.684136148790474,0.0027867501938744826,0.4971415721575887,0.7,exponential,606,304.0,304.0,4.3993998,0,0.0,1.0,1.0
10000,0.7,0.4,0.010266767126901843,3.684136148790474,0.0027867501938744826,0.4971415721575887,0.7,exponential,607,375.0,375.0,4.1247,0,0.0,1.0,1.0
10000,0.7,0.4,0.010266767126901843,3.684136148790474,0.0027867501938744826,0.4971415721575887,0.7,exponential,608,1572.0,1572.0,4.0439997,0,0.0,1.0,1.0
10000,0.7,0.4,0.010266767126901843,3.684136148790474,0.0027867501938744826,0.4971415721575887,0.7,exponential,609,216.0,216.0,3.6306999,0,0.0,1.0,1.0
10000,0.7,0.4,0.010266767126901843,3.684136148790474,0.0027867501938744826,0.4971415721575887,0.7,exponential,610,278.0,278.0,4.1243997,0,0.0,1.0,1.0
10000,0.7,0.4,0.010266767126901843,3.684136148790474,0.0027867501938744826,0.4971415721575887,0.7,exponential,611,505.0,505.0,3.8804998,0,0.0,1.0,1.0
10000,0.7,0.4,0.010266767126901843,3.684136148790474,0.0027867501938744826,0.4971415721575887,0.7,exponential,612,1063.0,1063.0,4.0573997,0,0.0,1.0,1.0
10000,0.7,0.4,0.010266767126901843,3.684136148790474,0.0027867501938744826,0.4971415721575887,0.7,exponential,613,351.0,351.0,3.8337998,0,0.0,1.0,1.0
10000,0.7,0.4,0.010266767126901843,3.684136148790474,0.0027867501938744826,0.4971415721575887,0.7,exponential,614,1267.0,1267.0,3.5277,0,0.0,1.0,1.0
10000,0.7,0.4,0.010266767126901843,3.684136148790474,0.0027867501938744826,0.4971415721575887,0.7,exponential,615,1092.0,1092.0,4.3697,0,0.0,1.0,1.0
10000,0.7,0.4,0.010266767126901843,3.684136148790474,0.0027867501938744826,0.4971415721575887,0.7,exponential,616,775.0,775.0,3.7201,0,0.0,1.0,1.0
10000,0.7,0.4,0.010266767126901843,3.684136148790474,0.0027867501938744826,0.4971415721575887,0.7,exponential,617,246.0,246.0,3.9852998,0,0.0,1.0,1.0
10000,0.7,0.4,0.010266767126901843,3.684136148790474,0.0027867501938744826,0.4971415721575887,0.7,exponential,618,1585.0,1585.0,3.78,0,0.0,1.0,1.0
10000,0.7,0.4,0.010266767126901843,3.684136148790474,0.0027867501938744826,0.4971415721575887,0.7,exponential,619,599.0,599.0,3.8613,0,0.0,1.0,1.0
10000,0.7,0.4,0.010266767126901843,3.684136148790474,0.0027867501938744826,0.4971415721575887,0.7,exponential,620,422.0,422.0,3.7652,0,0.0,1.0,1.0
10000,0.7,0.4,0.010266767126901843,3.684136148790474,0.0027867501938744826,0.4971415721575887,0.7,exponential,621,195.0,195.0,4.046,0,0.0,1.0,1.0
10000,0.7,0.4,0.010266767126901843,3.684136148790474,0.0027867501938744826,0.4971415721575887,0.7,exponential,622,420.0,420.0,4.3359,0,0.0,1.0,1.0
10000,0.7,0.4,0.010266767126901843,3.684136148790474,0.0027867501938744826,0.4971415721575887,0.7,exponential,623,434.0,434.0,3.9222999,0,0.0,1.0,1.0
10000,0.7,0.4,0.010266767126901843,3.684136148790474,0.0027867501938744826,0.4971415721575887,0.7,exponential,624,1140.0,1140.0,4.0095,0,0.0,1.0,1.0
10000,0.7,0.4,0.010266767126901843,3.684136148790474,0.0027867501938744826,0.4971415721575887,0.7,exponential,625,1614.0,1614.0,4.047,0,0.0,1.0,1.0
10000,0.7,0.4,0.010266767126901843,3.684136148790474,0.0027867501938744826,0.4971415721575887,0.7,exponential,626,1138.0,1138.0,3.2803,0,0.0,1.0,1.0
10000,0.7,0.4,0.010266767126901843,3.684136148790474,0.0027867501938744826,0.4971415721575887,0.7,exponential,627,1324.0,1324.0,3.6517,0,0.0,1.0,1.0
10000,0.7,0.4,0.010266767126901843,3.684136148790474,0.0027867501938744826,0.4971415721575887,0.7,exponential,628,2560.0,2560.0,5.1131,0,0.0,1.0,1.0
10000,0.7,0.4,0.010266767126901843,3.684136148790474,0.0027867501938744826,0.4971415721575887,0.7,exponential,629,2908.0,2908.0,3.7407,0,0.0,1.0,1.0
10000,0.7,0.4,0.010266767126901843,3.684136148790474,0.0027867501938744826,0.4971415721575887,0.7,exponential,630,2577.0,2577.0,3.5779998,0,0.0,1.0,1.0
10000,0.7,0.4,0.010266767126901843,3.684136148790474,0.0027867501938744826,0.4971415721575887,0.7,exponential,631,910.0,910.0,3.7484,0,0.0,1.0,1.0
10000,0.7,0.4,0.010266767126901843,3.684136148790474,0.0027867501938744826,0.4971415721575887,0.7,exponential,632,478.0,478.0,3.8063998,0,0.0,1.0,1.0
10000,0.7,0.4,0.010266767126901843,3.684136148790474,0.0027867501938744826,0.4971415721575887,0.7,exponential,633,657.0,657.0,3.7159,0,0.0,1.0,1.0
10000,0.7,0.4,0.010266767126901843,3.684136148790474,0.0027867501938744826,0.4971415721575887,0.7,exponential,634,810.0,810.0,3.8449,0,0.0,1.0,1.0
10000,0.7,0.4,0.010266767126901843,3.684136148790474,0.0027867501938744826,0.4971415721575887,0.7,exponential,635,705.0,705.0,3.8755999,0,0.0,1.0,1.0
10000,0.7,0.4,0.010266767126901843,3.684136148790474,0.0027867501938744826,0.4971415721575887,0.7,exponential,636,799.0,799.0,3.7993,0,0.0,1.0,1.0
10000,0.7,0.4,0.010266767126901843,3.684136148790474,0.0027867501938744826,0.4971415721575887,0.7,exponential,637,337.0,337.0,3.5733,0,0.0,1.0,1.0
10000,0.7,0.4,0.010266767126901843,3.684136148790474,0.0027867501938744826,0.4971415721575887,0.7,exponential,638,156.0,156.0,3.9118998,0,0.0,1.0,1.0
10000,0.7,0.4,0.010266767126901843,3.684136148790474,0.0027867501938744826,0.4971415721575887,0.7,exponential,639,608.0,608.0,4.164,0,0.0,1.0,1.0
10000,0.7,0.4,0.010266767126901843,3.684136148790474,0.0027867501938744826,0.4971415721575887,0.7,exponential,640,620.0,620.0,4.2216,0,0.0,1.0,1.0
10000,0.7,0.4,0.010266767126901843,3.684136148790474,0.0027867501938744826,0.4971415721575887,0.7,exponential,641,1167.0,1167.0,3.7199998,0,0.0,1.0,1.0
10000,0.7,0.4,0.010266767126901843,3.684136148790474,0.0027867501938744826,0.4971415721575887,0.7,exponential,642,391.0,391.0,4.0987997,0,0.0,1.0,1.0
10000,0.7,0.4,0.010266767126901843,3.684136148790474,0.0027867501938744826,0.4971415721575887,0.7,exponential,643,1980.0,1980.0,3.9143999,0,0.0,1.0,1.0
10000,0.7,0.4,0.010266767126901843,3.684136148790474,0.0027867501938744826,0.4971415721575887,0.7,exponential,644,221.0,221.0,3.803,0,0.0,1.0,1.0
10000,0.7,0.4,0.010266767126901843,3.684136148790474,0.0027867501938744826,0.4971415721575887,0.7,exponential,645,360.0,360.0,4.5527997,0,0.0,1.0,1.0
10000,0.7,0.4,0.010266767126901843,3.684136148790474,0.0027867501938744826,0.4971415721575887,0.7,exponential,646,3013.0,3013.0,3.8674,0,0.0,1.0,1.0
10000,0.7,0.4,0.010266767126901843,3.684136148790474,0.0027867501938744826,0.4971415721575887,0.7,exponential,647,146.0,146.0,3.8088,0,0.0,1.0,1.0
10000,0.7,0.4,0.010266767126901843,3.684136148790474,0.0027867501938744826,0.4971415721575887,0.7,exponential,648,3030.0,3030.0,3.6899998,0,0.0,1.0,1.0
10000,0.7,0.4,0.010266767126901843,3.684136148790474,0.0027867501938744826,0.4971415721575887,0.7,exponential,649,1250.0,1250.0,4.3046,0,0.0,1.0,1.0
10000,0.7,0.4,0.010266767126901843,3.684136148790474,0.0027867501938744826,0.4971415721575887,0.7,exponential,650,245.0,245.0,4.0734,0,0.0,1.0,1.0
10000,0.7,0.4,0.010266767126901843,3.684136148790474,0.0027867501938744826,0.4971415721575887,0.7,exponential,651,608.0,608.0,3.6962,0,0.0,1.0,1.0
10000,0.7,0.4,0.010266767126901843,3.684136148790474,0.0027867501938744826,0.4971415721575887,0.7,exponential,652,209.0,209.0,4.3409,0,0.0,1.0,1.0
10000,0.7,0.4,0.010266767126901843,3.684136148790474,0.0027867501938744826,0.4971415721575887,0.7,exponential,653,1411.0,1411.0,3.7647998,0,0.0,1.0,1.0
10000,0.7,0.4,0.010266767126901843,3.684136148790474,0.0027867501938744826,0.4971415721575887,0.7,exponential,654,172.0,172.0,4.0804,0,0.0,1.0,1.0
10000,0.7,0.4,0.010266767126901843,3.684136148790474,0.0027867501938744826,0.4971415721575887,0.7,exponential,655,487.0,487.0,4.0906,0,0.0,1.0,1.0
10000,0.7,0.4,0.010266767126901843,3.684136148790474,0.0027867501938744826,0.4971415721575887,0.7,exponential,656,2467.0,2467.0,3.6469998,0,0.0,1.0,1.0
10000,0.7,0.4,0.010266767126901843,3.684136148790474,0.0027867501938744826,0.4971415721575887,0.7,exponential,657,972.0,972.0,4.2539997,0,0.0,1.0,1.0
10000,0.7,0.4,0.010266767126901843,3.684136148790474,0.0027867501938744826,0.4971415721575887,0.7,exponential,658,1905.0,1905.0,3.6866,0,0.0,1.0,1.0
10000,0.7,0.4,0.010266767126901843,3.684136148790474,0.0027867501938744826,0.4971415721575887,0.7,exponential,659,1846.0,1846.0,3.6511,0,0.0,1.0,1.0
10000,0.7,0.4,0.010266767126901843,3.684136148790474,0.0027867501938744826,0.4971415721575887,0.7,exponential,660,788.0,788.0,3.8109999,0,0.0,1.0,1.0
10000,0.7,0.4,0.010266767126901843,3.684136148790474,0.0027867501938744826,0.4971415721575887,0.7,exponential,661,1093.0,1093.0,4.039,0,0.0,1.0,1.0
10000,0.7,0.4,0.010266767126901843,3.684136148790474,0.0027867501938744826,0.4971415721575887,0.7,exponential,662,3923.0,3923.0,3.5726,0,0.0,1.0,1.0
10000,0.7,0.4,0.010266767126901843,3.684136148790474,0.0027867501938744826,0.4971415721575887,0.7,exponential,663,278.0,278.0,4.0084,0,0.0,1.0,1.0
10000,0.7,0.4,0.010266767126901843,3.684136148790474,0.0027867501938744826,0.4971415721575887,0.7,exponential,664,1730.0,1730.0,3.8393,0,0.0,1.0,1.0
10000,0.7,0.4,0.010266767126901843,3.684136148790474,0.0027867501938744826,0.4971415721575887,0.7,exponential,665,1473.0,1473.0,3.4048998,0,0.0,1.0,1.0
10000,0.7,0.4,0.010266767126901843,3.684136148790474,0.0027867501938744826,0.4971415721575887,0.7,exponential,666,1525.0,1525.0,3.757,0,0.0,1.0,1.0
10000,0.7,0.4,0.010266767126901843,3.684136148790474,0.0027867501938744826,0.4971415721575887,0.7,exponential,667,2054.0,2054.0,3.6815999,0,0.0,1.0,1.0
10000,0.7,0.4,0.010266767126901843,3.684136148790474,0.0027867501938744826,0.4971415721575887,0.7,exponential,668,275.0,275.0,3.9090998,0,0.0,1.0,1.0
10000,0.7,0.4,0.010266767126901843,3.684136148790474,0.0027867501938744826,0.4971415721575887,0.7,exponential,669,734.0,734.0,4.6115,0,0.0,1.0,1.0
10000,0.7,0.4,0.010266767126901843,3.684136148790474,0.0027867501938744826,0.4971415721575887,0.7,exponential,670,1662.0,1662.0,3.5893,0,0.0,1.0,1.0
10000,0.7,0.4,0.010266767126901843,3.684136148790474,0.0027867501938744826,0.4971415721575887,0.7,exponential,671,404.0,404.0,4.3536997,0,0.0,1.0,1.0
10000,0.7,0.4,0.010266767126901843,3.684136148790474,0.0027867501938744826,0.4971415721575887,0.7,exponential,672,2517.0,2517.0,3.8607,0,0.0,1.0,1.0
10000,0.7,0.4,0.010266767126901843,3.684136148790474,0.0027867501938744826,0.4971415721575887,0.7,exponential,673,925.0,925.0,3.9478998,0,0.0,1.0,1.0
10000,0.7,0.4,0.010266767126901843,3.684136148790474,0.0027867501938744826,0.4971415721575887,0.7,exponential,674,1298.0,1298.0,3.5809999,0,0.0,1.0,1.0
10000,0.7,0.4,0.010266767126901843,3.684136148790474,0.0027867501938744826,0.4971415721575887,0.7,exponential,675,1524.0,1524.0,3.8976,0,0.0,1.0,1.0
10000,0.7,0.4,0.010266767126901843,3.684136148790474,0.0027867501938744826,0.4971415721575887,0.7,exponential,676,438.0,438.0,4.0815,0,0.0,1.0,1.0
10000,0.7,0.4,0.010266767126901843,3.684136148790474,0.0027867501938744826,0.4971415721575887,0.7,exponential,677,483.0,483.0,3.5358,0,0.0,1.0,1.0
10000,0.7,0.4,0.010266767126901843,3.684136148790474,0.0027867501938744826,0.4971415721575887,0.7,exponential,678,386.0,386.0,4.0046,0,0.0,1.0,1.0
10000,0.7,0.4,0.010266767126901843,3.684136148790474,0.0027867501938744826,0.4971415721575887,0.7,exponential,679,1463.0,1463.0,3.8602998,0,0.0,1.0,1.0
10000,0.7,0.4,0.010266767126901843,3.684136148790474,0.0027867501938744826,0.4971415721575887,0.7,exponential,680,2776.0,2776.0,3.4392998,0,0.0,1.0,1.0
10000,0.7,0.4,0.010266767126901843,3.684136148790474,0.0027867501938744826,0.4971415721575887,0.7,exponential,681,568.0,568.0,3.6701,0,0.0,1.0,1.0
10000,0.7,0.4,0.010266767126901843,3.684136148790474,0.0027867501938744826,0.4971415721575887,0.7,exponential,682,1921.0,1921.0,3.4068,0,0.0,1.0,1.0
10000,0.7,0.4,0.010266767126901843,3.684136148790474,0.0027867501938744826,0.4971415721575887,0.7,exponential,683,489.0,489.0,3.7895,0,0.0,1.0,1.0
10000,0.7,0.4,0.010266767126901843,3.684136148790474,0.0027867501938744826,0.4971415721575887,0.7,exponential,684,132.0,132.0,3.8451,0,0.0,1.0,1.0
10000,0.7,0.4,0.010266767126901843,3.684136148790474,0.0027867501938744826,0.4971415721575887,0.7,exponential,685,98.0,98.0,3.7452,0,0.0,1.0,1.0
10000,0.7,0.4,0.010266767126901843,3.684136148790474,0.0027867501938744826,0.4971415721575887,0.7,exponential,686,723.0,723.0,3.8054,0,0.0,1.0,1.0
10000,0.7,0.4,0.010266767126901843,3.684136148790474,0.0027867501938744826,0.4971415721575887,0.7,exponential,687,639.0,639.0,3.5221,0,0.0,1.0,1.0
10000,0.7,0.4,0.010266767126901843,3.684136148790474,0.0027867501938744826,0.4971415721575887,0.7,exponential,688,2186.0,2186.0,4.1656,0,0.0,1.0,1.0
10000,0.7,0.4,0.010266767126901843,3.684136148790474,0.0027867501938744826,0.4971415721575887,0.7,exponential,689,837.0,837.0,4.4129,0,0.0,1.0,1.0
10000,0.7,0.4,0.010266767126901843,3.684136148790474,0.0027867501938744826,0.4971415721575887,0.7,exponential,690,823.0,823.0,4.023,0,0.0,1.0,1.0
10000,0.7,0.4,0.010266767126901843,3.684136148790474,0.0027867501938744826,0.4971415721575887,0.7,exponential,691,458.0,458.0,3.9554,0,0.0,1.0,1.0
10000,0.7,0.4,0.010266767126901843,3.684136148790474,0.0027867501938744826,0.4971415721575887,0.7,exponential,692,411.0,411.0,4.0687,0,0.0,1.0,1.0
10000,0.7,0.4,0.010266767126901843,3.684136148790474,0.0027867501938744826,0.4971415721575887,0.7,exponential,693,468.0,468.0,4.1094,0,0.0,1.0,1.0
10000,0.7,0.4,0.010266767126901843,3.684136148790474,0.0027867501938744826,0.4971415721575887,0.7,exponential,694,269.0,269.0,3.7853,0,0.0,1.0,1.0
10000,0.7,0.4,0.010266767126901843,3.684136148790474,0.0027867501938744826,0.4971415721575887,0.7,exponential,695,805.0,805.0,3.9282,0,0.0,1.0,1.0
10000,0.7,0.4,0.010266767126901843,3.684136148790474,0.0027867501938744826,0.4971415721575887,0.7,exponential,696,1011.0,1011.0,4.6419,0,0.0,1.0,1.0
10000,0.7,0.4,0.010266767126901843,3.684136148790474,0.0027867501938744826,0.4971415721575887,0.7,exponential,697,416.0,416.0,4.2668,0,0.0,1.0,1.0
10000,0.7,0.4,0.010266767126901843,3.684136148790474,0.0027867501938744826,0.4971415721575887,0.7,exponential,698,238.0,238.0,4.1995997,0,0.0,1.0,1.0
10000,0.7,0.4,0.010266767126901843,3.684136148790474,0.0027867501938744826,0.4971415721575887,0.7,exponential,699,1976.0,1976.0,3.0521998,0,0.0,1.0,1.0
10000,0.7,0.4,0.010266767126901843,3.684136148790474,0.0027867501938744826,0.4971415721575887,0.7,exponential,700,472.0,472.0,4.1068,0,0.0,1.0,1.0
10000,0.7,0.4,0.010266767126901843,3.684136148790474,0.0027867501938744826,0.4971415721575887,0.7,exponential,701,147.0,147.0,3.6539,0,0.0,1.0,1.0
10000,0.7,0.4,0.010266767126901843,3.684136148790474,0.0027867501938744826,0.4971415721575887,0.7,exponential,702,488.0,488.0,3.7148,0,0.0,1.0,1.0
10000,0.7,0.4,0.010266767126901843,3.684136148790474,0.0027867501938744826,0.4971415721575887,0.7,exponential,703,508.0,508.0,3.7470999,0,0.0,1.0,1.0
10000,0.7,0.4,0.010266767126901843,3.684136148790474,0.0027867501938744826,0.4971415721575887,0.7,exponential,704,398.0,398.0,4.0355997,0,0.0,1.0,1.0
10000,0.7,0.4,0.010266767126901843,3.684136148790474,0.0027867501938744826,0.4971415721575887,0.7,exponential,705,2144.0,2144.0,4.1598997,0,0.0,1.0,1.0
10000,0.7,0.4,0.010266767126901843,3.684136148790474,0.0027867501938744826,0.4971415721575887,0.7,exponential,706,2112.0,2112.0,3.3837,0,0.0,1.0,1.0
10000,0.7,0.4,0.010266767126901843,3.684136148790474,0.0027867501938744826,0.4971415721575887,0.7,exponential,707,1684.0,1684.0,3.9009998,0,0.0,1.0,1.0
10000,0.7,0.4,0.010266767126901843,3.684136148790474,0.0027867501938744826,0.4971415721575887,0.7,exponential,708,715.0,715.0,4.2132,0,0.0,1.0,1.0
10000,0.7,0.4,0.010266767126901843,3.684136148790474,0.0027867501938744826,0.4971415721575887,0.7,exponential,709,1594.0,1594.0,3.8337,0,0.0,1.0,1.0
10000,0.7,0.4,0.010266767126901843,3.684136148790474,0.0027867501938744826,0.4971415721575887,0.7,exponential,710,6504.0,6504.0,4.2746,0,0.0,1.0,1.0
10000,0.7,0.4,0.010266767126901843,3.684136148790474,0.0027867501938744826,0.4971415721575887,0.7,exponential,711,172.0,172.0,3.7022,0,0.0,1.0,1.0
10000,0.7,0.4,0.010266767126901843,3.684136148790474,0.0027867501938744826,0.4971415721575887,0.7,exponential,712,1431.0,1431.0,3.4759998,0,0.0,1.0,1.0
10000,0.7,0.4,0.010266767126901843,3.684136148790474,0.0027867501938744826,0.4971415721575887,0.7,exponential,713,798.0,798.0,3.9129999,0,0.0,1.0,1.0
10000,0.7,0.4,0.010266767126901843,3.684136148790474,0.0027867501938744826,0.4971415721575887,0.7,exponential,714,1299.0,1299.0,3.3974998,0,0.0,1.0,1.0
10000,0.7,0.4,0.010266767126901843,3.684136148790474,0.0027867501938744826,0.4971415721575887,0.7,exponential,715,165.0,165.0,3.6534998,0,0.0,1.0,1.0
10000,0.7,0.4,0.010266767126901843,3.684136148790474,0.0027867501938744826,0.4971415721575887,0.7,exponential,716,744.0,744.0,3.9413998,0,0.0,1.0,1.0
10000,0.7,0.4,0.010266767126901843,3.684136148790474,0.0027867501938744826,0.4971415721575887,0.7,exponential,717,2106.0,2106.0,3.8890998,0,0.0,1.0,1.0
10000,0.7,0.4,0.010266767126901843,3.684136148790474,0.0027867501938744826,0.4971415721575887,0.7,exponential,718,614.0,614.0,3.9067,0,0.0,1.0,1.0
10000,0.7,0.4,0.010266767126901843,3.684136148790474,0.0027867501938744826,0.4971415721575887,0.7,exponential,719,607.0,607.0,4.0116,0,0.0,1.0,1.0
10000,0.7,0.4,0.010266767126901843,3.684136148790474,0.0027867501938744826,0.4971415721575887,0.7,exponential,720,294.0,294.0,3.4863,0,0.0,1.0,1.0
10000,0.7,0.4,0.010266767126901843,3.684136148790474,0.0027867501938744826,0.4971415721575887,0.7,exponential,721,212.0,212.0,3.6325998,0,0.0,1.0,1.0
10000,0.7,0.4,0.010266767126901843,3.684136148790474,0.0027867501938744826,0.4971415721575887,0.7,exponential,722,3368.0,3368.0,3.4261,0,0.0,1.0,1.0
10000,0.7,0.4,0.010266767126901843,3.684136148790474,0.0027867501938744826,0.4971415721575887,0.7,exponential,723,1242.0,1242.0,4.2729,0,0.0,1.0,1.0
10000,0.7,0.4,0.010266767126901843,3.684136148790474,0.0027867501938744826,0.4971415721575887,0.7,exponential,724,260.0,260.0,4.2859,0,0.0,1.0,1.0
10000,0.7,0.4,0.010266767126901843,3.684136148790474,0.0027867501938744826,0.4971415721575887,0.7,exponential,725,1656.0,1656.0,3.6220999,0,0.0,1.0,1.0
10000,0.7,0.4,0.010266767126901843,3.684136148790474,0.0027867501938744826,0.4971415721575887,0.7,exponential,726,331.0,331.0,3.4399998,0,0.0,1.0,1.0
10000,0.7,0.4,0.010266767126901843,3.684136148790474,0.0027867501938744826,0.4971415721575887,0.7,exponential,727,513.0,513.0,3.8701,0,0.0,1.0,1.0
10000,0.7,0.4,0.010266767126901843,3.684136148790474,0.0027867501938744826,0.4971415721575887,0.7,exponential,728,1348.0,1348.0,3.5049999,0,0.0,1.0,1.0
10000,0.7,0.4,0.010266767126901843,3.684136148790474,0.0027867501938744826,0.4971415721575887,0.7,exponential,729,312.0,312.0,3.8295999,0,0.0,1.0,1.0
10000,0.7,0.4,0.010266767126901843,3.684136148790474,0.0027867501938744826,0.4971415721575887,0.7,exponential,730,651.0,651.0,3.7663,0,0.0,1.0,1.0
10000,0.7,0.4,0.010266767126901843,3.684136148790474,0.0027867501938744826,0.4971415721575887,0.7,exponential,731,1412.0,1412.0,4.1507,0,0.0,1.0,1.0
10000,0.7,0.4,0.010266767126901843,3.684136148790474,0.0027867501938744826,0.4971415721575887,0.7,exponential,732,490.0,490.0,3.8709,0,0.0,1.0,1.0
10000,0.7,0.4,0.010266767126901843,3.684136148790474,0.0027867501938744826,0.4971415721575887,0.7,exponential,733,591.0,591.0,3.8964,0,0.0,1.0,1.0
10000,0.7,0.4,0.010266767126901843,3.684136148790474,0.0027867501938744826,0.4971415721575887,0.7,exponential,734,383.0,383.0,3.9745,0,0.0,1.0,1.0
10000,0.7,0.4,0.010266767126901843,3.684136148790474,0.0027867501938744826,0.4971415721575887,0.7,exponential,735,1741.0,1741.0,4.1306,0,0.0,1.0,1.0
10000,0.7,0.4,0.010266767126901843,3.684136148790474,0.0027867501938744826,0.4971415721575887,0.7,exponential,736,6225.0,6225.0,3.8592,0,0.0,1.0,1.0
10000,0.7,0.4,0.010266767126901843,3.684136148790474,0.0027867501938744826,0.4971415721575887,0.7,exponential,737,2013.0,2013.0,3.3769999,0,0.0,1.0,1.0
10000,0.7,0.4,0.010266767126901843,3.684136148790474,0.0027867501938744826,0.4971415721575887,0.7,exponential,738,475.0,475.0,3.6395998,0,0.0,1.0,1.0
10000,0.7,0.4,0.010266767126901843,3.684136148790474,0.0027867501938744826,0.4971415721575887,0.7,exponential,739,547.0,547.0,3.7177,0,0.0,1.0,1.0
10000,0.7,0.4,0.010266767126901843,3.684136148790474,0.0027867501938744826,0.4971415721575887,0.7,exponential,740,1473.0,1473.0,3.8815,0,0.0,1.0,1.0
10000,0.7,0.4,0.010266767126901843,3.684136148790474,0.0027867501938744826,0.4971415721575887,0.7,exponential,741,273.0,273.0,3.8701,0,0.0,1.0,1.0
10000,0.7,0.4,0.010266767126901843,3.684136148790474,0.0027867501938744826,0.4971415721575887,0.7,exponential,742,648.0,648.0,4.178,0,0.0,1.0,1.0
10000,0.7,0.4,0.010266767126901843,3.684136148790474,0.0027867501938744826,0.4971415721575887,0.7,exponential,743,1469.0,1469.0,4.3298,0,0.0,1.0,1.0
10000,0.7,0.4,0.010266767126901843,3.684136148790474,0.0027867501938744826,0.4971415721575887,0.7,exponential,744,390.0,390.0,4.5828,0,0.0,1.0,1.0
10000,0.7,0.4,0.010266767126901843,3.684136148790474,0.0027867501938744826,0.4971415721575887,0.7,exponential,745,736.0,736.0,4.015,0,0.0,1.0,1.0
10000,0.7,0.4,0.010266767126901843,3.684136148790474,0.0027867501938744826,0.4971415721575887,0.7,exponential,746,571.0,571.0,4.3198,0,0.0,1.0,1.0
10000,0.7,0.4,0.010266767126901843,3.684136148790474,0.0027867501938744826,0.4971415721575887,0.7,exponential,747,75.0,75.0,3.5616999,0,0.0,1.0,1.0
10000,0.7,0.4,0.010266767126901843,3.684136148790474,0.0027867501938744826,0.4971415721575887,0.7,exponential,748,173.0,173.0,4.1602,0,0.0,1.0,1.0
10000,0.7,0.4,0.010266767126901843,3.684136148790474,0.0027867501938744826,0.4971415721575887,0.7,exponential,749,1072.0,1072.0,4.1973,0,0.0,1.0,1.0
10000,0.7,0.4,0.010266767126901843,3.684136148790474,0.0027867501938744826,0.4971415721575887,0.7,exponential,750,1308.0,1308.0,3.7152,0,0.0,1.0,1.0
10000,0.7,0.4,0.010266767126901843,3.684136148790474,0.0027867501938744826,0.4971415721575887,0.7,exponential,751,185.0,185.0,3.7487998,0,0.0,1.0,1.0
10000,0.7,0.4,0.010266767126901843,3.684136148790474,0.0027867501938744826,0.4971415721575887,0.7,exponential,752,499.0,499.0,3.7563,0,0.0,1.0,1.0
10000,0.7,0.4,0.010266767126901843,3.684136148790474,0.0027867501938744826,0.4971415721575887,0.7,exponential,753,1554.0,1554.0,3.83,0,0.0,1.0,1.0
10000,0.7,0.4,0.010266767126901843,3.684136148790474,0.0027867501938744826,0.4971415721575887,0.7,exponential,754,1775.0,1775.0,3.7496,0,0.0,1.0,1.0
10000,0.7,0.4,0.010266767126901843,3.684136148790474,0.0027867501938744826,0.4971415721575887,0.7,exponential,755,921.0,921.0,3.7117,0,0.0,1.0,1.0
10000,0.7,0.4,0.010266767126901843,3.684136148790474,0.0027867501938744826,0.4971415721575887,0.7,exponential,756,1960.0,1960.0,3.5475998,0,0.0,1.0,1.0
10000,0.7,0.4,0.010266767126901843,3.684136148790474,0.0027867501938744826,0.4971415721575887,0.7,exponential,757,5643.0,5643.0,4.1416,0,0.0,1.0,1.0
10000,0.7,0.4,0.010266767126901843,3.684136148790474,0.0027867501938744826,0.4971415721575887,0.7,exponential,758,2775.0,2775.0,4.2886,0,0.0,1.0,1.0
10000,0.7,0.4,0.010266767126901843,3.684136148790474,0.0027867501938744826,0.4971415721575887,0.7,exponential,759,245.0,245.0,4.0136,0,0.0,1.0,1.0
10000,0.7,0.4,0.010266767126901843,3.684136148790474,0.0027867501938744826,0.4971415721575887,0.7,exponential,760,1117.0,1117.0,4.0015,0,0.0,1.0,1.0
10000,0.7,0.4,0.010266767126901843,3.684136148790474,0.0027867501938744826,0.4971415721575887,0.7,exponential,761,222.0,222.0,3.5523,0,0.0,1.0,1.0
10000,0.7,0.4,0.010266767126901843,3.684136148790474,0.0027867501938744826,0.4971415721575887,0.7,exponential,762,2992.0,2992.0,3.6374998,0,0.0,1.0,1.0
10000,0.7,0.4,0.010266767126901843,3.684136148790474,0.0027867501938744826,0.4971415721575887,0.7,exponential,763,2967.0,2967.0,3.9222,0,0.0,1.0,1.0
10000,0.7,0.4,0.010266767126901843,3.684136148790474,0.0027867501938744826,0.4971415721575887,0.7,exponential,764,1214.0,1214.0,3.7879999,0,0.0,1.0,1.0
10000,0.7,0.4,0.010266767126901843,3.684136148790474,0.0027867501938744826,0.4971415721575887,0.7,exponential,765,1548.0,1548.0,4.7381997,0,0.0,1.0,1.0
10000,0.7,0.4,0.010266767126901843,3.684136148790474,0.0027867501938744826,0.4971415721575887,0.7,exponential,766,420.0,420.0,4.0288997,0,0.0,1.0,1.0
10000,0.7,0.4,0.010266767126901843,3.684136148790474,0.0027867501938744826,0.4971415721575887,0.7,exponential,767,296.0,296.0,3.3399,0,0.0,1.0,1.0
10000,0.7,0.4,0.010266767126901843,3.684136148790474,0.0027867501938744826,0.4971415721575887,0.7,exponential,768,2120.0,2120.0,3.7515998,0,0.0,1.0,1.0
10000,0.7,0.4,0.010266767126901843,3.684136148790474,0.0027867501938744826,0.4971415721575887,0.7,exponential,769,1495.0,1495.0,3.333,0,0.0,1.0,1.0
10000,0.7,0.4,0.010266767126901843,3.684136148790474,0.0027867501938744826,0.4971415721575887,0.7,exponential,770,454.0,454.0,4.4414,0,0.0,1.0,1.0
10000,0.7,0.4,0.010266767126901843,3.684136148790474,0.0027867501938744826,0.4971415721575887,0.7,exponential,771,510.0,510.0,3.948,0,0.0,1.0,1.0
10000,0.7,0.4,0.010266767126901843,3.684136148790474,0.0027867501938744826,0.4971415721575887,0.7,exponential,772,333.0,333.0,4.2044997,0,0.0,1.0,1.0
10000,0.7,0.4,0.010266767126901843,3.684136148790474,0.0027867501938744826,0.4971415721575887,0.7,exponential,773,1174.0,1174.0,3.931,0,0.0,1.0,1.0
10000,0.7,0.4,0.010266767126901843,3.684136148790474,0.0027867501938744826,0.4971415721575887,0.7,exponential,774,458.0,458.0,4.3341,0,0.0,1.0,1.0
10000,0.7,0.4,0.010266767126901843,3.684136148790474,0.0027867501938744826,0.4971415721575887,0.7,exponential,775,443.0,443.0,3.6197999,0,0.0,1.0,1.0
10000,0.7,0.4,0.010266767126901843,3.684136148790474,0.0027867501938744826,0.4971415721575887,0.7,exponential,776,770.0,770.0,3.5205998,0,0.0,1.0,1.0
10000,0.7,0.4,0.010266767126901843,3.684136148790474,0.0027867501938744826,0.4971415721575887,0.7,exponential,777,198.0,198.0,4.1551,0,0.0,1.0,1.0
10000,0.7,0.4,0.010266767126901843,3.684136148790474,0.0027867501938744826,0.4971415721575887,0.7,exponential,778,1748.0,1748.0,3.9134998,0,0.0,1.0,1.0
10000,0.7,0.4,0.010266767126901843,3.684136148790474,0.0027867501938744826,0.4971415721575887,0.7,exponential,779,478.0,478.0,4.1177998,0,0.0,1.0,1.0
10000,0.7,0.4,0.010266767126901843,3.684136148790474,0.0027867501938744826,0.4971415721575887,0.7,exponential,780,459.0,459.0,3.2933998,0,0.0,1.0,1.0
10000,0.7,0.4,0.010266767126901843,3.684136148790474,0.0027867501938744826,0.4971415721575887,0.7,exponential,781,953.0,953.0,3.8957999,0,0.0,1.0,1.0
10000,0.7,0.4,0.010266767126901843,3.684136148790474,0.0027867501938744826,0.4971415721575887,0.7,exponential,782,290.0,290.0,4.2608,0,0.0,1.0,1.0
10000,0.7,0.4,0.010266767126901843,3.684136148790474,0.0027867501938744826,0.4971415721575887,0.7,exponential,783,404.0,404.0,4.7283,0,0.0,1.0,1.0
10000,0.7,0.4,0.010266767126901843,3.684136148790474,0.0027867501938744826,0.4971415721575887,0.7,exponential,784,338.0,338.0,3.8662999,0,0.0,1.0,1.0
10000,0.7,0.4,0.010266767126901843,3.684136148790474,0.0027867501938744826,0.4971415721575887,0.7,exponential,785,198.0,198.0,3.8707,0,0.0,1.0,1.0
10000,0.7,0.4,0.010266767126901843,3.684136148790474,0.0027867501938744826,0.4971415721575887,0.7,exponential,786,314.0,314.0,3.9438999,0,0.0,1.0,1.0
10000,0.7,0.4,0.010266767126901843,3.684136148790474,0.0027867501938744826,0.4971415721575887,0.7,exponential,787,512.0,512.0,3.5584,0,0.0,1.0,1.0
10000,0.7,0.4,0.010266767126901843,3.684136148790474,0.0027867501938744826,0.4971415721575887,0.7,exponential,788,461.0,461.0,4.3657,0,0.0,1.0,1.0
10000,0.7,0.4,0.010266767126901843,3.684136148790474,0.0027867501938744826,0.4971415721575887,0.7,exponential,789,557.0,557.0,3.5219998,0,0.0,1.0,1.0
10000,0.7,0.4,0.010266767126901843,3.684136148790474,0.0027867501938744826,0.4971415721575887,0.7,exponential,790,750.0,750.0,3.971,0,0.0,1.0,1.0
10000,0.7,0.4,0.010266767126901843,3.684136148790474,0.0027867501938744826,0.4971415721575887,0.7,exponential,791,647.0,647.0,4.3255,0,0.0,1.0,1.0
10000,0.7,0.4,0.010266767126901843,3.684136148790474,0.0027867501938744826,0.4971415721575887,0.7,exponential,792,722.0,722.0,3.8114998,0,0.0,1.0,1.0
10000,0.7,0.4,0.010266767126901843,3.684136148790474,0.0027867501938744826,0.4971415721575887,0.7,exponential,793,3144.0,3144.0,4.0221,0,0.0,1.0,1.0
10000,0.7,0.4,0.010266767126901843,3.684136148790474,0.0027867501938744826,0.4971415721575887,0.7,exponential,794,106.0,106.0,3.5630999,0,0.0,1.0,1.0
10000,0.7,0.4,0.010266767126901843,3.684136148790474,0.0027867501938744826,0.4971415721575887,0.7,exponential,795,548.0,548.0,4.6615,0,0.0,1.0,1.0
10000,0.7,0.4,0.010266767126901843,3.684136148790474,0.0027867501938744826,0.4971415721575887,0.7,exponential,796,532.0,532.0,3.6536,0,0.0,1.0,1.0
10000,0.7,0.4,0.010266767126901843,3.684136148790474,0.0027867501938744826,0.4971415721575887,0.7,exponential,797,318.0,318.0,4.0116,0,0.0,1.0,1.0
10000,0.7,0.4,0.010266767126901843,3.684136148790474,0.0027867501938744826,0.4971415721575887,0.7,exponential,798,358.0,358.0,3.7694,0,0.0,1.0,1.0
10000,0.7,0.4,0.010266767126901843,3.684136148790474,0.0027867501938744826,0.4971415721575887,0.7,exponential,799,735.0,735.0,4.0427,0,0.0,1.0,1.0
10000,0.7,0.4,0.010266767126901843,3.684136148790474,0.0027867501938744826,0.4971415721575887,0.7,exponential,800,2002.0,2002.0,3.9863,0,0.0,1.0,1.0
10000,0.7,0.4,0.010266767126901843,3.684136148790474,0.0027867501938744826,0.4971415721575887,0.7,exponential,801,329.0,329.0,3.4259999,0,0.0,1.0,1.0
10000,0.7,0.4,0.010266767126901843,3.684136148790474,0.0027867501938744826,0.4971415721575887,0.7,exponential,802,157.0,157.0,4.0022,0,0.0,1.0,1.0
10000,0.7,0.4,0.010266767126901843,3.684136148790474,0.0027867501938744826,0.4971415721575887,0.7,exponential,803,113.0,113.0,3.9397998,0,0.0,1.0,1.0
10000,0.7,0.4,0.010266767126901843,3.684136148790474,0.0027867501938744826,0.4971415721575887,0.7,exponential,804,1477.0,1477.0,4.1893,0,0.0,1.0,1.0
10000,0.7,0.4,0.010266767126901843,3.684136148790474,0.0027867501938744826,0.4971415721575887,0.7,exponential,805,642.0,642.0,4.0831,0,0.0,1.0,1.0
10000,0.7,0.4,0.010266767126901843,3.684136148790474,0.0027867501938744826,0.4971415721575887,0.7,exponential,806,1356.0,1356.0,3.4589999,0,0.0,1.0,1.0
10000,0.7,0.4,0.010266767126901843,3.684136148790474,0.0027867501938744826,0.4971415721575887,0.7,exponential,807,946.0,946.0,3.9115999,0,0.0,1.0,1.0
10000,0.7,0.4,0.010266767126901843,3.684136148790474,0.0027867501938744826,0.4971415721575887,0.7,exponential,808,236.0,236.0,4.3427,0,0.0,1.0,1.0
10000,0.7,0.4,0.010266767126901843,3.684136148790474,0.0027867501938744826,0.4971415721575887,0.7,exponential,809,333.0,333.0,3.9526,0,0.0,1.0,1.0
10000,0.7,0.4,0.010266767126901843,3.684136148790474,0.0027867501938744826,0.4971415721575887,0.7,exponential,810,569.0,569.0,3.3755999,0,0.0,1.0,1.0
10000,0.7,0.4,0.010266767126901843,3.684136148790474,0.0027867501938744826,0.4971415721575887,0.7,exponential,811,1457.0,1457.0,3.3888,0,0.0,1.0,1.0
10000,0.7,0.4,0.010266767126901843,3.684136148790474,0.0027867501938744826,0.4971415721575887,0.7,exponential,812,843.0,843.0,3.8135998,0,0.0,1.0,1.0
10000,0.7,0.4,0.010266767126901843,3.684136148790474,0.0027867501938744826,0.4971415721575887,0.7,exponential,813,1559.0,1559.0,4.2794,0,0.0,1.0,1.0
10000,0.7,0.4,0.010266767126901843,3.684136148790474,0.0027867501938744826,0.4971415721575887,0.7,exponential,814,1429.0,1429.0,3.6269999,0,0.0,1.0,1.0
10000,0.7,0.4,0.010266767126901843,3.684136148790474,0.0027867501938744826,0.4971415721575887,0.7,exponential,815,2454.0,2454.0,3.8467,0,0.0,1.0,1.0
10000,0.7,0.4,0.010266767126901843,3.684136148790474,0.0027867501938744826,0.4971415721575887,0.7,exponential,816,556.0,556.0,4.1514997,0,0.0,1.0,1.0
10000,0.7,0.4,0.010266767126901843,3.684136148790474,0.0027867501938744826,0.4971415721575887,0.7,exponential,817,760.0,760.0,3.9840999,0,0.0,1.0,1.0
10000,0.7,0.4,0.010266767126901843,3.684136148790474,0.0027867501938744826,0.4971415721575887,0.7,exponential,818,286.0,286.0,4.1735997,0,0.0,1.0,1.0
10000,0.7,0.4,0.010266767126901843,3.684136148790474,0.0027867501938744826,0.4971415721575887,0.7,exponential,819,239.0,239.0,4.3013997,0,0.0,1.0,1.0
10000,0.7,0.4,0.010266767126901843,3.684136148790474,0.0027867501938744826,0.4971415721575887,0.7,exponential,820,147.0,147.0,3.6181,0,0.0,1.0,1.0
10000,0.7,0.4,0.010266767126901843,3.684136148790474,0.0027867501938744826,0.4971415721575887,0.7,exponential,821,3822.0,3822.0,3.8908,0,0.0,1.0,1.0
10000,0.7,0.4,0.010266767126901843,3.684136148790474,0.0027867501938744826,0.4971415721575887,0.7,exponential,822,2013.0,2013.0,4.2441,0,0.0,1.0,1.0
10000,0.7,0.4,0.010266767126901843,3.684136148790474,0.0027867501938744826,0.4971415721575887,0.7,exponential,823,782.0,782.0,3.8878999,0,0.0,1.0,1.0
10000,0.7,0.4,0.010266767126901843,3.684136148790474,0.0027867501938744826,0.4971415721575887,0.7,exponential,824,995.0,995.0,4.3254,0,0.0,1.0,1.0
10000,0.7,0.4,0.010266767126901843,3.684136148790474,0.0027867501938744826,0.4971415721575887,0.7,exponential,825,146.0,146.0,3.5405,0,0.0,1.0,1.0
10000,0.7,0.4,0.010266767126901843,3.684136148790474,0.0027867501938744826,0.4971415721575887,0.7,exponential,826,1092.0,1092.0,3.0038,0,0.0,1.0,1.0
10000,0.7,0.4,0.010266767126901843,3.684136148790474,0.0027867501938744826,0.4971415721575887,0.7,exponential,827,641.0,641.0,4.2099,0,0.0,1.0,1.0
10000,0.7,0.4,0.010266767126901843,3.684136148790474,0.0027867501938744826,0.4971415721575887,0.7,exponential,828,563.0,563.0,3.5177999,0,0.0,1.0,1.0
10000,0.7,0.4,0.010266767126901843,3.684136148790474,0.0027867501938744826,0.4971415721575887,0.7,exponential,829,3985.0,3985.0,3.6527998,0,0.0,1.0,1.0
10000,0.7,0.4,0.010266767126901843,3.684136148790474,0.0027867501938744826,0.4971415721575887,0.7,exponential,830,261.0,261.0,3.7579,0,0.0,1.0,1.0
10000,0.7,0.4,0.010266767126901843,3.684136148790474,0.0027867501938744826,0.4971415721575887,0.7,exponential,831,3135.0,3135.0,4.29,0,0.0,1.0,1.0
10000,0.7,0.4,0.010266767126901843,3.684136148790474,0.0027867501938744826,0.4971415721575887,0.7,exponential,832,986.0,986.0,3.784,0,0.0,1.0,1.0
10000,0.7,0.4,0.010266767126901843,3.684136148790474,0.0027867501938744826,0.4971415721575887,0.7,exponential,833,89.0,89.0,3.902,0,0.0,1.0,1.0
10000,0.7,0.4,0.010266767126901843,3.684136148790474,0.0027867501938744826,0.4971415721575887,0.7,exponential,834,997.0,997.0,3.7745998,0,0.0,1.0,1.0
10000,0.7,0.4,0.010266767126901843,3.684136148790474,0.0027867501938744826,0.4971415721575887,0.7,exponential,835,3868.0,3868.0,3.7872,0,0.0,1.0,1.0
10000,0.7,0.4,0.010266767126901843,3.684136148790474,0.0027867501938744826,0.4971415721575887,0.7,exponential,836,1651.0,1651.0,4.5264,0,0.0,1.0,1.0
10000,0.7,0.4,0.010266767126901843,3.684136148790474,0.0027867501938744826,0.4971415721575887,0.7,exponential,837,2547.0,2547.0,3.5372999,0,0.0,1.0,1.0
10000,0.7,0.4,0.010266767126901843,3.684136148790474,0.0027867501938744826,0.4971415721575887,0.7,exponential,838,776.0,776.0,3.8955,0,0.0,1.0,1.0
10000,0.7,0.4,0.010266767126901843,3.684136148790474,0.0027867501938744826,0.4971415721575887,0.7,exponential,839,1386.0,1386.0,3.3086,0,0.0,1.0,1.0
10000,0.7,0.4,0.010266767126901843,3.684136148790474,0.0027867501938744826,0.4971415721575887,0.7,exponential,840,1087.0,1087.0,4.2009,0,0.0,1.0,1.0
10000,0.7,0.4,0.010266767126901843,3.684136148790474,0.0027867501938744826,0.4971415721575887,0.7,exponential,841,1205.0,1205.0,3.6582,0,0.0,1.0,1.0
10000,0.7,0.4,0.010266767126901843,3.684136148790474,0.0027867501938744826,0.4971415721575887,0.7,exponential,842,1636.0,1636.0,3.8453999,0,0.0,1.0,1.0
10000,0.7,0.4,0.010266767126901843,3.684136148790474,0.0027867501938744826,0.4971415721575887,0.7,exponential,843,179.0,179.0,3.7342,0,0.0,1.0,1.0
10000,0.7,0.4,0.010266767126901843,3.684136148790474,0.0027867501938744826,0.4971415721575887,0.7,exponential,844,320.0,320.0,3.4822,0,0.0,1.0,1.0
10000,0.7,0.4,0.010266767126901843,3.684136148790474,0.0027867501938744826,0.4971415721575887,0.7,exponential,845,442.0,442.0,3.4791,0,0.0,1.0,1.0
10000,0.7,0.4,0.010266767126901843,3.684136148790474,0.0027867501938744826,0.4971415721575887,0.7,exponential,846,1269.0,1269.0,4.1414,0,0.0,1.0,1.0
10000,0.7,0.4,0.010266767126901843,3.684136148790474,0.0027867501938744826,0.4971415721575887,0.7,exponential,847,1461.0,1461.0,4.3596997,0,0.0,1.0,1.0
10000,0.7,0.4,0.010266767126901843,3.684136148790474,0.0027867501938744826,0.4971415721575887,0.7,exponential,848,603.0,603.0,3.041,0,0.0,1.0,1.0
10000,0.7,0.4,0.010266767126901843,3.684136148790474,0.0027867501938744826,0.4971415721575887,0.7,exponential,849,371.0,371.0,3.9468,0,0.0,1.0,1.0
10000,0.7,0.4,0.010266767126901843,3.684136148790474,0.0027867501938744826,0.4971415721575887,0.7,exponential,850,2518.0,2518.0,3.9612,0,0.0,1.0,1.0
10000,0.7,0.4,0.010266767126901843,3.684136148790474,0.0027867501938744826,0.4971415721575887,0.7,exponential,851,1236.0,1236.0,3.9343998,0,0.0,1.0,1.0
10000,0.7,0.4,0.010266767126901843,3.684136148790474,0.0027867501938744826,0.4971415721575887,0.7,exponential,852,190.0,190.0,3.922,0,0.0,1.0,1.0
10000,0.7,0.4,0.010266767126901843,3.684136148790474,0.0027867501938744826,0.4971415721575887,0.7,exponential,853,2198.0,2198.0,3.5556,0,0.0,1.0,1.0
10000,0.7,0.4,0.010266767126901843,3.684136148790474,0.0027867501938744826,0.4971415721575887,0.7,exponential,854,1269.0,1269.0,3.8655,0,0.0,1.0,1.0
10000,0.7,0.4,0.010266767126901843,3.684136148790474,0.0027867501938744826,0.4971415721575887,0.7,exponential,855,1449.0,1449.0,3.5080998,0,0.0,1.0,1.0
10000,0.7,0.4,0.010266767126901843,3.684136148790474,0.0027867501938744826,0.4971415721575887,0.7,exponential,856,1079.0,1079.0,3.8258998,0,0.0,1.0,1.0
10000,0.7,0.4,0.010266767126901843,3.684136148790474,0.0027867501938744826,0.4971415721575887,0.7,exponential,857,492.0,492.0,3.8362,0,0.0,1.0,1.0
10000,0.7,0.4,0.010266767126901843,3.684136148790474,0.0027867501938744826,0.4971415721575887,0.7,exponential,858,1368.0,1368.0,3.8349,0,0.0,1.0,1.0
10000,0.7,0.4,0.010266767126901843,3.684136148790474,0.0027867501938744826,0.4971415721575887,0.7,exponential,859,2518.0,2518.0,4.5655,0,0.0,1.0,1.0
10000,0.7,0.4,0.010266767126901843,3.684136148790474,0.0027867501938744826,0.4971415721575887,0.7,exponential,860,129.0,129.0,3.8095,0,0.0,1.0,1.0
10000,0.7,0.4,0.010266767126901843,3.684136148790474,0.0027867501938744826,0.4971415721575887,0.7,exponential,861,355.0,355.0,3.4515998,0,0.0,1.0,1.0
10000,0.7,0.4,0.010266767126901843,3.684136148790474,0.0027867501938744826,0.4971415721575887,0.7,exponential,862,119.0,119.0,3.8813,0,0.0,1.0,1.0
10000,0.7,0.4,0.010266767126901843,3.684136148790474,0.0027867501938744826,0.4971415721575887,0.7,exponential,863,2786.0,2786.0,4.1772,0,0.0,1.0,1.0
10000,0.7,0.4,0.010266767126901843,3.684136148790474,0.0027867501938744826,0.4971415721575887,0.7,exponential,864,87.0,87.0,3.7277,0,0.0,1.0,1.0
10000,0.7,0.4,0.010266767126901843,3.684136148790474,0.0027867501938744826,0.4971415721575887,0.7,exponential,865,645.0,645.0,4.1117,0,0.0,1.0,1.0
10000,0.7,0.4,0.010266767126901843,3.684136148790474,0.0027867501938744826,0.4971415721575887,0.7,exponential,866,3525.0,3525.0,4.2699,0,0.0,1.0,1.0
10000,0.7,0.4,0.010266767126901843,3.684136148790474,0.0027867501938744826,0.4971415721575887,0.7,exponential,867,1215.0,1215.0,3.6332,0,0.0,1.0,1.0
10000,0.7,0.4,0.010266767126901843,3.684136148790474,0.0027867501938744826,0.4971415721575887,0.7,exponential,868,134.0,134.0,3.7027998,0,0.0,1.0,1.0
10000,0.7,0.4,0.010266767126901843,3.684136148790474,0.0027867501938744826,0.4971415721575887,0.7,exponential,869,1328.0,1328.0,4.0099998,0,0.0,1.0,1.0
10000,0.7,0.4,0.010266767126901843,3.684136148790474,0.0027867501938744826,0.4971415721575887,0.7,exponential,870,1301.0,1301.0,3.6339998,0,0.0,1.0,1.0
10000,0.7,0.4,0.010266767126901843,3.684136148790474,0.0027867501938744826,0.4971415721575887,0.7,exponential,871,376.0,376.0,4.125,0,0.0,1.0,1.0
10000,0.7,0.4,0.010266767126901843,3.684136148790474,0.0027867501938744826,0.4971415721575887,0.7,exponential,872,959.0,959.0,3.4515998,0,0.0,1.0,1.0
10000,0.7,0.4,0.010266767126901843,3.684136148790474,0.0027867501938744826,0.4971415721575887,0.7,exponential,873,2892.0,2892.0,3.9222999,0,0.0,1.0,1.0
10000,0.7,0.4,0.010266767126901843,3.684136148790474,0.0027867501938744826,0.4971415721575887,0.7,exponential,874,519.0,519.0,3.8660998,0,0.0,1.0,1.0
10000,0.7,0.4,0.010266767126901843,3.684136148790474,0.0027867501938744826,0.4971415721575887,0.7,exponential,875,530.0,530.0,4.2078,0,0.0,1.0,1.0
10000,0.7,0.4,0.010266767126901843,3.684136148790474,0.0027867501938744826,0.4971415721575887,0.7,exponential,876,147.0,147.0,3.5819,0,0.0,1.0,1.0
10000,0.7,0.4,0.010266767126901843,3.684136148790474,0.0027867501938744826,0.4971415721575887,0.7,exponential,877,773.0,773.0,3.7048,0,0.0,1.0,1.0
10000,0.7,0.4,0.010266767126901843,3.684136148790474,0.0027867501938744826,0.4971415721575887,0.7,exponential,878,543.0,543.0,3.6894,0,0.0,1.0,1.0
10000,0.7,0.4,0.010266767126901843,3.684136148790474,0.0027867501938744826,0.4971415721575887,0.7,exponential,879,1024.0,1024.0,4.2226,0,0.0,1.0,1.0
10000,0.7,0.4,0.010266767126901843,3.684136148790474,0.0027867501938744826,0.4971415721575887,0.7,exponential,880,405.0,405.0,4.2296,0,0.0,1.0,1.0
10000,0.7,0.4,0.010266767126901843,3.684136148790474,0.0027867501938744826,0.4971415721575887,0.7,exponential,881,3873.0,3873.0,4.3099,0,0.0,1.0,1.0
10000,0.7,0.4,0.010266767126901843,3.684136148790474,0.0027867501938744826,0.4971415721575887,0.7,exponential,882,1617.0,1617.0,3.4399,0,0.0,1.0,1.0
10000,0.7,0.4,0.010266767126901843,3.684136148790474,0.0027867501938744826,0.4971415721575887,0.7,exponential,883,1774.0,1774.0,3.8023999,0,0.0,1.0,1.0
10000,0.7,0.4,0.010266767126901843,3.684136148790474,0.0027867501938744826,0.4971415721575887,0.7,exponential,884,149.0,149.0,3.9378998,0,0.0,1.0,1.0
10000,0.7,0.4,0.010266767126901843,3.684136148790474,0.0027867501938744826,0.4971415721575887,0.7,exponential,885,807.0,807.0,3.6402998,0,0.0,1.0,1.0
10000,0.7,0.4,0.010266767126901843,3.684136148790474,0.0027867501938744826,0.4971415721575887,0.7,exponential,886,524.0,524.0,4.3396997,0,0.0,1.0,1.0
10000,0.7,0.4,0.010266767126901843,3.684136148790474,0.0027867501938744826,0.4971415721575887,0.7,exponential,887,564.0,564.0,3.6771,0,0.0,1.0,1.0
10000,0.7,0.4,0.010266767126901843,3.684136148790474,0.0027867501938744826,0.4971415721575887,0.7,exponential,888,1170.0,1170.0,4.375,0,0.0,1.0,1.0
10000,0.7,0.4,0.010266767126901843,3.684136148790474,0.0027867501938744826,0.4971415721575887,0.7,exponential,889,1490.0,1490.0,3.5811,0,0.0,1.0,1.0
10000,0.7,0.4,0.010266767126901843,3.684136148790474,0.0027867501938744826,0.4971415721575887,0.7,exponential,890,1836.0,1836.0,4.0515,0,0.0,1.0,1.0
10000,0.7,0.4,0.010266767126901843,3.684136148790474,0.0027867501938744826,0.4971415721575887,0.7,exponential,891,3873.0,3873.0,4.0513997,0,0.0,1.0,1.0
10000,0.7,0.4,0.010266767126901843,3.684136148790474,0.0027867501938744826,0.4971415721575887,0.7,exponential,892,459.0,459.0,3.8421,0,0.0,1.0,1.0
10000,0.7,0.4,0.010266767126901843,3.684136148790474,0.0027867501938744826,0.4971415721575887,0.7,exponential,893,1246.0,1246.0,3.6016998,0,0.0,1.0,1.0
10000,0.7,0.4,0.010266767126901843,3.684136148790474,0.0027867501938744826,0.4971415721575887,0.7,exponential,894,1292.0,1292.0,3.6102,0,0.0,1.0,1.0
10000,0.7,0.4,0.010266767126901843,3.684136148790474,0.0027867501938744826,0.4971415721575887,0.7,exponential,895,676.0,676.0,3.8639998,0,0.0,1.0,1.0
10000,0.7,0.4,0.010266767126901843,3.684136148790474,0.0027867501938744826,0.4971415721575887,0.7,exponential,896,982.0,982.0,3.7335,0,0.0,1.0,1.0
10000,0.7,0.4,0.010266767126901843,3.684136148790474,0.0027867501938744826,0.4971415721575887,0.7,exponential,897,2083.0,2083.0,3.7205,0,0.0,1.0,1.0
10000,0.7,0.4,0.010266767126901843,3.684136148790474,0.0027867501938744826,0.4971415721575887,0.7,exponential,898,737.0,737.0,3.9385,0,0.0,1.0,1.0
10000,0.7,0.4,0.010266767126901843,3.684136148790474,0.0027867501938744826,0.4971415721575887,0.7,exponential,899,1314.0,1314.0,3.5189998,0,0.0,1.0,1.0
10000,0.7,0.4,0.010266767126901843,3.684136148790474,0.0027867501938744826,0.4971415721575887,0.7,exponential,900,260.0,260.0,4.1893,0,0.0,1.0,1.0
10000,0.7,0.4,0.010266767126901843,3.684136148790474,0.0027867501938744826,0.4971415721575887,0.7,exponential,901,3187.0,3187.0,4.2148,0,0.0,1.0,1.0
10000,0.7,0.4,0.010266767126901843,3.684136148790474,0.0027867501938744826,0.4971415721575887,0.7,exponential,902,607.0,607.0,3.3211,0,0.0,1.0,1.0
10000,0.7,0.4,0.010266767126901843,3.684136148790474,0.0027867501938744826,0.4971415721575887,0.7,exponential,903,435.0,435.0,3.9234998,0,0.0,1.0,1.0
10000,0.7,0.4,0.010266767126901843,3.684136148790474,0.0027867501938744826,0.4971415721575887,0.7,exponential,904,1291.0,1291.0,4.5938997,0,0.0,1.0,1.0
10000,0.7,0.4,0.010266767126901843,3.684136148790474,0.0027867501938744826,0.4971415721575887,0.7,exponential,905,1548.0,1548.0,4.8111,0,0.0,1.0,1.0
10000,0.7,0.4,0.010266767126901843,3.684136148790474,0.0027867501938744826,0.4971415721575887,0.7,exponential,906,537.0,537.0,3.7329,0,0.0,1.0,1.0
10000,0.7,0.4,0.010266767126901843,3.684136148790474,0.0027867501938744826,0.4971415721575887,0.7,exponential,907,718.0,718.0,3.4096,0,0.0,1.0,1.0
10000,0.7,0.4,0.010266767126901843,3.684136148790474,0.0027867501938744826,0.4971415721575887,0.7,exponential,908,4697.0,4697.0,4.0906997,0,0.0,1.0,1.0
10000,0.7,0.4,0.010266767126901843,3.684136148790474,0.0027867501938744826,0.4971415721575887,0.7,exponential,909,1161.0,1161.0,4.8029,0,0.0,1.0,1.0
10000,0.7,0.4,0.010266767126901843,3.684136148790474,0.0027867501938744826,0.4971415721575887,0.7,exponential,910,2245.0,2245.0,4.1113,0,0.0,1.0,1.0
10000,0.7,0.4,0.010266767126901843,3.684136148790474,0.0027867501938744826,0.4971415721575887,0.7,exponential,911,462.0,462.0,3.9943,0,0.0,1.0,1.0
10000,0.7,0.4,0.010266767126901843,3.684136148790474,0.0027867501938744826,0.4971415721575887,0.7,exponential,912,1298.0,1298.0,3.9034998,0,0.0,1.0,1.0
10000,0.7,0.4,0.010266767126901843,3.684136148790474,0.0027867501938744826,0.4971415721575887,0.7,exponential,913,1942.0,1942.0,3.8107,0,0.0,1.0,1.0
10000,0.7,0.4,0.010266767126901843,3.684136148790474,0.0027867501938744826,0.4971415721575887,0.7,exponential,914,3542.0,3542.0,3.9789,0,0.0,1.0,1.0
10000,0.7,0.4,0.010266767126901843,3.684136148790474,0.0027867501938744826,0.4971415721575887,0.7,exponential,915,899.0,899.0,4.5169,0,0.0,1.0,1.0
10000,0.7,0.4,0.010266767126901843,3.684136148790474,0.0027867501938744826,0.4971415721575887,0.7,exponential,916,346.0,346.0,4.457,0,0.0,1.0,1.0
10000,0.7,0.4,0.010266767126901843,3.684136148790474,0.0027867501938744826,0.4971415721575887,0.7,exponential,917,279.0,279.0,3.7838,0,0.0,1.0,1.0
10000,0.7,0.4,0.010266767126901843,3.684136148790474,0.0027867501938744826,0.4971415721575887,0.7,exponential,918,670.0,670.0,4.0167,0,0.0,1.0,1.0
10000,0.7,0.4,0.010266767126901843,3.684136148790474,0.0027867501938744826,0.4971415721575887,0.7,exponential,919,472.0,472.0,3.882,0,0.0,1.0,1.0
10000,0.7,0.4,0.010266767126901843,3.684136148790474,0.0027867501938744826,0.4971415721575887,0.7,exponential,920,183.0,183.0,3.8704,0,0.0,1.0,1.0
10000,0.7,0.4,0.010266767126901843,3.684136148790474,0.0027867501938744826,0.4971415721575887,0.7,exponential,921,648.0,648.0,3.6311,0,0.0,1.0,1.0
10000,0.7,0.4,0.010266767126901843,3.684136148790474,0.0027867501938744826,0.4971415721575887,0.7,exponential,922,1844.0,1844.0,3.6367,0,0.0,1.0,1.0
10000,0.7,0.4,0.010266767126901843,3.684136148790474,0.0027867501938744826,0.4971415721575887,0.7,exponential,923,753.0,753.0,3.7565,0,0.0,1.0,1.0
10000,0.7,0.4,0.010266767126901843,3.684136148790474,0.0027867501938744826,0.4971415721575887,0.7,exponential,924,2140.0,2140.0,3.1067998,0,0.0,1.0,1.0
10000,0.7,0.4,0.010266767126901843,3.684136148790474,0.0027867501938744826,0.4971415721575887,0.7,exponential,925,547.0,547.0,3.9894,0,0.0,1.0,1.0
10000,0.7,0.4,0.010266767126901843,3.684136148790474,0.0027867501938744826,0.4971415721575887,0.7,exponential,926,221.0,221.0,4.1693,0,0.0,1.0,1.0
10000,0.7,0.4,0.010266767126901843,3.684136148790474,0.0027867501938744826,0.4971415721575887,0.7,exponential,927,1868.0,1868.0,3.8788,0,0.0,1.0,1.0
10000,0.7,0.4,0.010266767126901843,3.684136148790474,0.0027867501938744826,0.4971415721575887,0.7,exponential,928,817.0,817.0,3.8033998,0,0.0,1.0,1.0
10000,0.7,0.4,0.010266767126901843,3.684136148790474,0.0027867501938744826,0.4971415721575887,0.7,exponential,929,189.0,189.0,3.593,0,0.0,1.0,1.0
10000,0.7,0.4,0.010266767126901843,3.684136148790474,0.0027867501938744826,0.4971415721575887,0.7,exponential,930,440.0,440.0,4.5295,0,0.0,1.0,1.0
10000,0.7,0.4,0.010266767126901843,3.684136148790474,0.0027867501938744826,0.4971415721575887,0.7,exponential,931,279.0,279.0,4.3594,0,0.0,1.0,1.0
10000,0.7,0.4,0.010266767126901843,3.684136148790474,0.0027867501938744826,0.4971415721575887,0.7,exponential,932,517.0,517.0,4.2282,0,0.0,1.0,1.0
10000,0.7,0.4,0.010266767126901843,3.684136148790474,0.0027867501938744826,0.4971415721575887,0.7,exponential,933,646.0,646.0,3.684,0,0.0,1.0,1.0
10000,0.7,0.4,0.010266767126901843,3.684136148790474,0.0027867501938744826,0.4971415721575887,0.7,exponential,934,1135.0,1135.0,3.6044998,0,0.0,1.0,1.0
10000,0.7,0.4,0.010266767126901843,3.684136148790474,0.0027867501938744826,0.4971415721575887,0.7,exponential,935,64.0,64.0,3.8353999,0,0.0,1.0,1.0
10000,0.7,0.4,0.010266767126901843,3.684136148790474,0.0027867501938744826,0.4971415721575887,0.7,exponential,936,319.0,319.0,3.9852998,0,0.0,1.0,1.0
10000,0.7,0.4,0.010266767126901843,3.684136148790474,0.0027867501938744826,0.4971415721575887,0.7,exponential,937,288.0,288.0,3.8339,0,0.0,1.0,1.0
10000,0.7,0.4,0.010266767126901843,3.684136148790474,0.0027867501938744826,0.4971415721575887,0.7,exponential,938,1399.0,1399.0,3.6866999,0,0.0,1.0,1.0
10000,0.7,0.4,0.010266767126901843,3.684136148790474,0.0027867501938744826,0.4971415721575887,0.7,exponential,939,970.0,970.0,3.2666,0,0.0,1.0,1.0
10000,0.7,0.4,0.010266767126901843,3.684136148790474,0.0027867501938744826,0.4971415721575887,0.7,exponential,940,570.0,570.0,3.6924,0,0.0,1.0,1.0
10000,0.7,0.4,0.010266767126901843,3.684136148790474,0.0027867501938744826,0.4971415721575887,0.7,exponential,941,270.0,270.0,3.5691998,0,0.0,1.0,1.0
10000,0.7,0.4,0.010266767126901843,3.684136148790474,0.0027867501938744826,0.4971415721575887,0.7,exponential,942,1112.0,1112.0,3.7482998,0,0.0,1.0,1.0
10000,0.7,0.4,0.010266767126901843,3.684136148790474,0.0027867501938744826,0.4971415721575887,0.7,exponential,943,353.0,353.0,3.8349,0,0.0,1.0,1.0
10000,0.7,0.4,0.010266767126901843,3.684136148790474,0.0027867501938744826,0.4971415721575887,0.7,exponential,944,300.0,300.0,4.2462997,0,0.0,1.0,1.0
10000,0.7,0.4,0.010266767126901843,3.684136148790474,0.0027867501938744826,0.4971415721575887,0.7,exponential,945,494.0,494.0,3.2828,0,0.0,1.0,1.0
10000,0.7,0.4,0.010266767126901843,3.684136148790474,0.0027867501938744826,0.4971415721575887,0.7,exponential,946,477.0,477.0,3.7468998,0,0.0,1.0,1.0
10000,0.7,0.4,0.010266767126901843,3.684136148790474,0.0027867501938744826,0.4971415721575887,0.7,exponential,947,112.0,112.0,3.8504999,0,0.0,1.0,1.0
10000,0.7,0.4,0.010266767126901843,3.684136148790474,0.0027867501938744826,0.4971415721575887,0.7,exponential,948,1641.0,1641.0,3.5256,0,0.0,1.0,1.0
10000,0.7,0.4,0.010266767126901843,3.684136148790474,0.0027867501938744826,0.4971415721575887,0.7,exponential,949,1520.0,1520.0,3.8839,0,0.0,1.0,1.0
10000,0.7,0.4,0.010266767126901843,3.684136148790474,0.0027867501938744826,0.4971415721575887,0.7,exponential,950,177.0,177.0,3.7779999,0,0.0,1.0,1.0
10000,0.7,0.4,0.010266767126901843,3.684136148790474,0.0027867501938744826,0.4971415721575887,0.7,exponential,951,1300.0,1300.0,3.7066998,0,0.0,1.0,1.0
10000,0.7,0.4,0.010266767126901843,3.684136148790474,0.0027867501938744826,0.4971415721575887,0.7,exponential,952,2573.0,2573.0,3.6638,0,0.0,1.0,1.0
10000,0.7,0.4,0.010266767126901843,3.684136148790474,0.0027867501938744826,0.4971415721575887,0.7,exponential,953,455.0,455.0,4.2771997,0,0.0,1.0,1.0
10000,0.7,0.4,0.010266767126901843,3.684136148790474,0.0027867501938744826,0.4971415721575887,0.7,exponential,954,1325.0,1325.0,4.0778,0,0.0,1.0,1.0
10000,0.7,0.4,0.010266767126901843,3.684136148790474,0.0027867501938744826,0.4971415721575887,0.7,exponential,955,709.0,709.0,4.3115,0,0.0,1.0,1.0
10000,0.7,0.4,0.010266767126901843,3.684136148790474,0.0027867501938744826,0.4971415721575887,0.7,exponential,956,2461.0,2461.0,3.8823998,0,0.0,1.0,1.0
10000,0.7,0.4,0.010266767126901843,3.684136148790474,0.0027867501938744826,0.4971415721575887,0.7,exponential,957,1024.0,1024.0,3.9069998,0,0.0,1.0,1.0
10000,0.7,0.4,0.010266767126901843,3.684136148790474,0.0027867501938744826,0.4971415721575887,0.7,exponential,958,934.0,934.0,4.1714997,0,0.0,1.0,1.0
10000,0.7,0.4,0.010266767126901843,3.684136148790474,0.0027867501938744826,0.4971415721575887,0.7,exponential,959,649.0,649.0,4.2072,0,0.0,1.0,1.0
10000,0.7,0.4,0.010266767126901843,3.684136148790474,0.0027867501938744826,0.4971415721575887,0.7,exponential,960,1005.0,1005.0,3.7266,0,0.0,1.0,1.0
10000,0.7,0.4,0.010266767126901843,3.684136148790474,0.0027867501938744826,0.4971415721575887,0.7,exponential,961,284.0,284.0,3.4211998,0,0.0,1.0,1.0
10000,0.7,0.4,0.010266767126901843,3.684136148790474,0.0027867501938744826,0.4971415721575887,0.7,exponential,962,2438.0,2438.0,4.1861997,0,0.0,1.0,1.0
10000,0.7,0.4,0.010266767126901843,3.684136148790474,0.0027867501938744826,0.4971415721575887,0.7,exponential,963,551.0,551.0,3.9531999,0,0.0,1.0,1.0
10000,0.7,0.4,0.010266767126901843,3.684136148790474,0.0027867501938744826,0.4971415721575887,0.7,exponential,964,311.0,311.0,3.9687,0,0.0,1.0,1.0
10000,0.7,0.4,0.010266767126901843,3.684136148790474,0.0027867501938744826,0.4971415721575887,0.7,exponential,965,304.0,304.0,4.0125,0,0.0,1.0,1.0
10000,0.7,0.4,0.010266767126901843,3.684136148790474,0.0027867501938744826,0.4971415721575887,0.7,exponential,966,1066.0,1066.0,3.704,0,0.0,1.0,1.0
10000,0.7,0.4,0.010266767126901843,3.684136148790474,0.0027867501938744826,0.4971415721575887,0.7,exponential,967,2722.0,2722.0,3.8644998,0,0.0,1.0,1.0
10000,0.7,0.4,0.010266767126901843,3.684136148790474,0.0027867501938744826,0.4971415721575887,0.7,exponential,968,1591.0,1591.0,4.1507998,0,0.0,1.0,1.0
10000,0.7,0.4,0.010266767126901843,3.684136148790474,0.0027867501938744826,0.4971415721575887,0.7,exponential,969,688.0,688.0,4.0134997,0,0.0,1.0,1.0
10000,0.7,0.4,0.010266767126901843,3.684136148790474,0.0027867501938744826,0.4971415721575887,0.7,exponential,970,188.0,188.0,3.7603,0,0.0,1.0,1.0
10000,0.7,0.4,0.010266767126901843,3.684136148790474,0.0027867501938744826,0.4971415721575887,0.7,exponential,971,688.0,688.0,4.1752,0,0.0,1.0,1.0
10000,0.7,0.4,0.010266767126901843,3.684136148790474,0.0027867501938744826,0.4971415721575887,0.7,exponential,972,1986.0,1986.0,3.2847,0,0.0,1.0,1.0
10000,0.7,0.4,0.010266767126901843,3.684136148790474,0.0027867501938744826,0.4971415721575887,0.7,exponential,973,508.0,508.0,3.9587,0,0.0,1.0,1.0
10000,0.7,0.4,0.010266767126901843,3.684136148790474,0.0027867501938744826,0.4971415721575887,0.7,exponential,974,1098.0,1098.0,4.3515997,0,0.0,1.0,1.0
10000,0.7,0.4,0.010266767126901843,3.684136148790474,0.0027867501938744826,0.4971415721575887,0.7,exponential,975,3190.0,3190.0,4.0264997,0,0.0,1.0,1.0
10000,0.7,0.4,0.010266767126901843,3.684136148790474,0.0027867501938744826,0.4971415721575887,0.7,exponential,976,461.0,461.0,4.6463,0,0.0,1.0,1.0
10000,0.7,0.4,0.010266767126901843,3.684136148790474,0.0027867501938744826,0.4971415721575887,0.7,exponential,977,148.0,148.0,3.8688,0,0.0,1.0,1.0
10000,0.7,0.4,0.010266767126901843,3.684136148790474,0.0027867501938744826,0.4971415721575887,0.7,exponential,978,230.0,230.0,3.8866,0,0.0,1.0,1.0
10000,0.7,0.4,0.010266767126901843,3.684136148790474,0.0027867501938744826,0.4971415721575887,0.7,exponential,979,75.0,75.0,3.7854998,0,0.0,1.0,1.0
10000,0.7,0.4,0.010266767126901843,3.684136148790474,0.0027867501938744826,0.4971415721575887,0.7,exponential,980,140.0,140.0,3.6615999,0,0.0,1.0,1.0
10000,0.7,0.4,0.010266767126901843,3.684136148790474,0.0027867501938744826,0.4971415721575887,0.7,exponential,981,564.0,564.0,4.0475,0,0.0,1.0,1.0
10000,0.7,0.4,0.010266767126901843,3.684136148790474,0.0027867501938744826,0.4971415721575887,0.7,exponential,982,2106.0,2106.0,3.8688,0,0.0,1.0,1.0
10000,0.7,0.4,0.010266767126901843,3.684136148790474,0.0027867501938744826,0.4971415721575887,0.7,exponential,983,398.0,398.0,4.1773,0,0.0,1.0,1.0
10000,0.7,0.4,0.010266767126901843,3.684136148790474,0.0027867501938744826,0.4971415721575887,0.7,exponential,984,1151.0,1151.0,3.6806,0,0.0,1.0,1.0
10000,0.7,0.4,0.010266767126901843,3.684136148790474,0.0027867501938744826,0.4971415721575887,0.7,exponential,985,854.0,854.0,4.2041,0,0.0,1.0,1.0
10000,0.7,0.4,0.010266767126901843,3.684136148790474,0.0027867501938744826,0.4971415721575887,0.7,exponential,986,569.0,569.0,4.3582997,0,0.0,1.0,1.0
10000,0.7,0.4,0.010266767126901843,3.684136148790474,0.0027867501938744826,0.4971415721575887,0.7,exponential,987,336.0,336.0,3.5072,0,0.0,1.0,1.0
10000,0.7,0.4,0.010266767126901843,3.684136148790474,0.0027867501938744826,0.4971415721575887,0.7,exponential,988,466.0,466.0,3.5611,0,0.0,1.0,1.0
10000,0.7,0.4,0.010266767126901843,3.684136148790474,0.0027867501938744826,0.4971415721575887,0.7,exponential,989,324.0,324.0,3.3625,0,0.0,1.0,1.0
10000,0.7,0.4,0.010266767126901843,3.684136148790474,0.0027867501938744826,0.4971415721575887,0.7,exponential,990,185.0,185.0,3.7624,0,0.0,1.0,1.0
10000,0.7,0.4,0.010266767126901843,3.684136148790474,0.0027867501938744826,0.4971415721575887,0.7,exponential,991,535.0,535.0,3.1962,0,0.0,1.0,1.0
10000,0.7,0.4,0.010266767126901843,3.684136148790474,0.0027867501938744826,0.4971415721575887,0.7,exponential,992,6225.0,6225.0,3.4726,0,0.0,1.0,1.0
10000,0.7,0.4,0.010266767126901843,3.684136148790474,0.0027867501938744826,0.4971415721575887,0.7,exponential,993,551.0,551.0,3.9201999,0,0.0,1.0,1.0
10000,0.7,0.4,0.010266767126901843,3.684136148790474,0.0027867501938744826,0.4971415721575887,0.7,exponential,994,609.0,609.0,3.7712998,0,0.0,1.0,1.0
10000,0.7,0.4,0.010266767126901843,3.684136148790474,0.0027867501938744826,0.4971415721575887,0.7,exponential,995,381.0,381.0,3.5877,0,0.0,1.0,1.0
10000,0.7,0.4,0.010266767126901843,3.684136148790474,0.0027867501938744826,0.4971415721575887,0.7,exponential,996,946.0,946.0,4.1437,0,0.0,1.0,1.0
10000,0.7,0.4,0.010266767126901843,3.684136148790474,0.0027867501938744826,0.4971415721575887,0.7,exponential,997,395.0,395.0,4.2107,0,0.0,1.0,1.0
10000,0.7,0.4,0.010266767126901843,3.684136148790474,0.0027867501938744826,0.4971415721575887,0.7,exponential,998,167.0,167.0,3.7231,0,0.0,1.0,1.0
10000,0.7,0.4,0.010266767126901843,3.684136148790474,0.0027867501938744826,0.4971415721575887,0.7,exponential,999,590.0,590.0,3.8188999,0,0.0,1.0,1.0
