N,psi,delta,lambda,theta,alpha,effective_beta,psi_check,selection_mode,path_index,t_0,first_loss_time,kappa_1_at_t0,X0_count_at_stop,X_0_at_stop,leading_zero_count_at_t0,first_nonzero_class_at_t0
10000,2.0,0.3,0.008758443453476887,2.763102111592855,0.0031697863849222273,0.5143932673972327,2.0,exponential,0,1307.0,1307.0,3.2777998,0,0.0,1.0,1.0
10000,2.0,0.3,0.008758443453476887,2.763102111592855,0.0031697863849222273,0.5143932673972327,2.0,exponential,1,1013.0,1013.0,3.2867,0,0.0,1.0,1.0
10000,2.0,0.3,0.008758443453476887,2.763102111592855,0.0031697863849222273,0.5143932673972327,2.0,exponential,2,2418.0,2418.0,3.3128,0,0.0,1.0,1.0
10000,2.0,0.3,0.008758443453476887,2.763102111592855,0.0031697863849222273,0.5143932673972327,2.0,exponential,3,2705.0,2705.0,3.6071,0,0.0,1.0,1.0
10000,2.0,0.3,0.008758443453476887,2.763102111592855,0.0031697863849222273,0.5143932673972327,2.0,exponential,4,2377.0,2377.0,3.3885999,0,0.0,1.0,1.0
10000,2.0,0.3,0.008758443453476887,2.763102111592855,0.0031697863849222273,0.5143932673972327,2.0,exponential,5,4036.0,4036.0,3.0953,0,0.0,1.0,1.0
10000,2.0,0.3,0.008758443453476887,2.763102111592855,0.0031697863849222273,0.5143932673972327,2.0,exponential,6,2589.0,2589.0,3.3328998,0,0.0,1.0,1.0
10000,2.0,0.3,0.008758443453476887,2.763102111592855,0.0031697863849222273,0.5143932673972327,2.0,exponential,7,1760.0,1760.0,3.3569,0,0.0,1.0,1.0
10000,2.0,0.3,0.008758443453476887,2.763102111592855,0.0031697863849222273,0.5143932673972327,2.0,exponential,8,3988.0,3988.0,3.1278,0,0.0,1.0,1.0
10000,2.0,0.3,0.008758443453476887,2.763102111592855,0.0031697863849222273,0.5143932673972327,2.0,exponential,9,1314.0,1314.0,3.5755,0,0.0,1.0,1.0
10000,2.0,0.3,0.008758443453476887,2.763102111592855,0.0031697863849222273,0.5143932673972327,2.0,exponential,10,1597.0,1597.0,3.4083998,0,0.0,1.0,1.0
10000,2.0,0.3,0.008758443453476887,2.763102111592855,0.0031697863849222273,0.5143932673972327,2.0,exponential,11,3226.0,3226.0,3.429,0,0.0,1.0,1.0
10000,2.0,0.3,0.008758443453476887,2.763102111592855,0.0031697863849222273,0.5143932673972327,2.0,exponential,12,2170.0,2170.0,3.1778,0,0.0,1.0,1.0
10000,2.0,0.3,0.008758443453476887,2.763102111592855,0.0031697863849222273,0.5143932673972327,2.0,exponential,13,3007.0,3007.0,3.1427,0,0.0,1.0,1.0
10000,2.0,0.3,0.008758443453476887,2.763102111592855,0.0031697863849222273,0.5143932673972327,2.0,exponential,14,1378.0,1378.0,3.4814,0,0.0,1.0,1.0
10000,2.0,0.3,0.008758443453476887,2.763102111592855,0.0031697863849222273,0.5143932673972327,2.0,exponential,15,889.0,889.0,3.2182,0,0.0,1.0,1.0
10000,2.0,0.3,0.008758443453476887,2.763102111592855,0.0031697863849222273,0.5143932673972327,2.0,exponential,16,3246.0,3246.0,3.7547998,0,0.0,1.0,1.0
10000,2.0,0.3,0.008758443453476887,2.763102111592855,0.0031697863849222273,0.5143932673972327,2.0,exponential,17,773.0,773.0,3.0702,0,0.0,1.0,1.0
10000,2.0,0.3,0.008758443453476887,2.763102111592855,0.0031697863849222273,0.5143932673972327,2.0,exponential,18,1296.0,1296.0,3.4406998,0,0.0,1.0,1.0
10000,2.0,0.3,0.008758443453476887,2.763102111592855,0.0031697863849222273,0.5143932673972327,2.0,exponential,19,2814.0,2814.0,3.3162,0,0.0,1.0,1.0
10000,2.0,0.3,0.008758443453476887,2.763102111592855,0.0031697863849222273,0.5143932673972327,2.0,exponential,20,5636.0,5636.0,3.2189,0,0.0,1.0,1.0
10000,2.0,0.3,0.008758443453476887,2.763102111592855,0.0031697863849222273,0.5143932673972327,2.0,exponential,21,2394.0,2394.0,3.0049999,0,0.0,1.0,1.0
10000,2.0,0.3,0.008758443453476887,2.763102111592855,0.0031697863849222273,0.5143932673972327,2.0,exponential,22,1104.0,1104.0,3.434,0,0.0,1.0,1.0
10000,2.0,0.3,0.008758443453476887,2.763102111592855,0.0031697863849222273,0.5143932673972327,2.0,exponential,23,2907.0,2907.0,3.2689998,0,0.0,1.0,1.0
10000,2.0,0.3,0.008758443453476887,2.763102111592855,0.0031697863849222273,0.5143932673972327,2.0,exponential,24,3507.0,3507.0,3.6931999,0,0.0,1.0,1.0
10000,2.0,0.3,0.008758443453476887,2.763102111592855,0.0031697863849222273,0.5143932673972327,2.0,exponential,25,320.0,320.0,3.3673,0,0.0,1.0,1.0
10000,2.0,0.3,0.008758443453476887,2.763102111592855,0.0031697863849222273,0.5143932673972327,2.0,exponential,26,1426.0,1426.0,3.2064998,0,0.0,1.0,1.0
10000,2.0,0.3,0.008758443453476887,2.763102111592855,0.0031697863849222273,0.5143932673972327,2.0,exponential,27,1867.0,1867.0,3.0623999,0,0.0,1.0,1.0
10000,2.0,0.3,0.008758443453476887,2.763102111592855,0.0031697863849222273,0.5143932673972327,2.0,exponential,28,2741.0,2741.0,3.577,0,0.0,1.0,1.0
10000,2.0,0.3,0.008758443453476887,2.763102111592855,0.0031697863849222273,0.5143932673972327,2.0,exponential,29,1696.0,1696.0,3.4812,0,0.0,1.0,1.0
10000,2.0,0.3,0.008758443453476887,2.763102111592855,0.0031697863849222273,0.5143932673972327,2.0,exponential,30,2196.0,2196.0,4.1492,0,0.0,1.0,1.0
10000,2.0,0.3,0.008758443453476887,2.763102111592855,0.0031697863849222273,0.5143932673972327,2.0,exponential,31,8170.0,8170.0,3.2101,0,0.0,1.0,1.0
10000,2.0,0.3,0.008758443453476887,2.763102111592855,0.0031697863849222273,0.5143932673972327,2.0,exponential,32,1972.0,1972.0,3.087,0,0.0,1.0,1.0
10000,2.0,0.3,0.008758443453476887,2.763102111592855,0.0031697863849222273,0.5143932673972327,2.0,exponential,33,1625.0,1625.0,3.5823998,0,0.0,1.0,1.0
10000,2.0,0.3,0.008758443453476887,2.763102111592855,0.0031697863849222273,0.5143932673972327,2.0,exponential,34,5913.0,5913.0,3.0969,0,0.0,1.0,1.0
10000,2.0,0.3,0.008758443453476887,2.763102111592855,0.0031697863849222273,0.5143932673972327,2.0,exponential,35,2560.0,2560.0,3.6167998,0,0.0,1.0,1.0
10000,2.0,0.3,0.008758443453476887,2.763102111592855,0.0031697863849222273,0.5143932673972327,2.0,exponential,36,1636.0,1636.0,3.4208,0,0.0,1.0,1.0
10000,2.0,0.3,0.008758443453476887,2.763102111592855,0.0031697863849222273,0.5143932673972327,2.0,exponential,37,431.0,431.0,3.2694,0,0.0,1.0,1.0
10000,2.0,0.3,0.008758443453476887,2.763102111592855,0.0031697863849222273,0.5143932673972327,2.0,exponential,38,1318.0,1318.0,3.4531999,0,0.0,1.0,1.0
10000,2.0,0.3,0.008758443453476887,2.763102111592855,0.0031697863849222273,0.5143932673972327,2.0,exponential,39,7233.0,7233.0,3.5993998,0,0.0,1.0,1.0
10000,2.0,0.3,0.008758443453476887,2.763102111592855,0.0031697863849222273,0.5143932673972327,2.0,exponential,40,5071.0,5071.0,3.2605999,0,0.0,1.0,1.0
10000,2.0,0.3,0.008758443453476887,2.763102111592855,0.0031697863849222273,0.5143932673972327,2.0,exponential,41,5437.0,5437.0,3.4025,0,0.0,1.0,1.0
10000,2.0,0.3,0.008758443453476887,2.763102111592855,0.0031697863849222273,0.5143932673972327,2.0,exponential,42,1302.0,1302.0,3.8374,0,0.0,1.0,1.0
10000,2.0,0.3,0.008758443453476887,2.763102111592855,0.0031697863849222273,0.5143932673972327,2.0,exponential,43,530.0,530.0,3.0658998,0,0.0,1.0,1.0
10000,2.0,0.3,0.008758443453476887,2.763102111592855,0.0031697863849222273,0.5143932673972327,2.0,exponential,44,5317.0,5317.0,3.4564,0,0.0,1.0,1.0
10000,2.0,0.3,0.008758443453476887,2.763102111592855,0.0031697863849222273,0.5143932673972327,2.0,exponential,45,1053.0,1053.0,2.7786999,0,0.0,1.0,1.0
10000,2.0,0.3,0.008758443453476887,2.763102111592855,0.0031697863849222273,0.5143932673972327,2.0,exponential,46,1982.0,1982.0,2.8946,0,0.0,1.0,1.0
10000,2.0,0.3,0.008758443453476887,2.763102111592855,0.0031697863849222273,0.5143932673972327,2.0,exponential,47,2379.0,2379.0,3.7838,0,0.0,1.0,1.0
10000,2.0,0.3,0.008758443453476887,2.763102111592855,0.0031697863849222273,0.5143932673972327,2.0,exponential,48,322.0,322.0,3.0749998,0,0.0,1.0,1.0
10000,2.0,0.3,0.008758443453476887,2.763102111592855,0.0031697863849222273,0.5143932673972327,2.0,exponential,49,2291.0,2291.0,3.2259,0,0.0,1.0,1.0
10000,2.0,0.3,0.008758443453476887,2.763102111592855,0.0031697863849222273,0.5143932673972327,2.0,exponential,50,2229.0,2229.0,3.724,0,0.0,1.0,1.0
10000,2.0,0.3,0.008758443453476887,2.763102111592855,0.0031697863849222273,0.5143932673972327,2.0,exponential,51,4279.0,4279.0,3.7254,0,0.0,1.0,1.0
10000,2.0,0.3,0.008758443453476887,2.763102111592855,0.0031697863849222273,0.5143932673972327,2.0,exponential,52,455.0,455.0,3.4317,0,0.0,1.0,1.0
10000,2.0,0.3,0.008758443453476887,2.763102111592855,0.0031697863849222273,0.5143932673972327,2.0,exponential,53,1424.0,1424.0,3.2252,0,0.0,1.0,1.0
10000,2.0,0.3,0.008758443453476887,2.763102111592855,0.0031697863849222273,0.5143932673972327,2.0,exponential,54,1269.0,1269.0,3.3444998,0,0.0,1.0,1.0
10000,2.0,0.3,0.008758443453476887,2.763102111592855,0.0031697863849222273,0.5143932673972327,2.0,exponential,55,739.0,739.0,3.6632,0,0.0,1.0,1.0
10000,2.0,0.3,0.008758443453476887,2.763102111592855,0.0031697863849222273,0.5143932673972327,2.0,exponential,56,2000.0,2000.0,3.2568,0,0.0,1.0,1.0
10000,2.0,0.3,0.008758443453476887,2.763102111592855,0.0031697863849222273,0.5143932673972327,2.0,exponential,57,1207.0,1207.0,3.1165,0,0.0,1.0,1.0
10000,2.0,0.3,0.008758443453476887,2.763102111592855,0.0031697863849222273,0.5143932673972327,2.0,exponential,58,5525.0,5525.0,3.1489,0,0.0,1.0,1.0
10000,2.0,0.3,0.008758443453476887,2.763102111592855,0.0031697863849222273,0.5143932673972327,2.0,exponential,59,2248.0,2248.0,3.6376998,0,0.0,1.0,1.0
10000,2.0,0.3,0.008758443453476887,2.763102111592855,0.0031697863849222273,0.5143932673972327,2.0,exponential,60,4749.0,4749.0,3.6074998,0,0.0,1.0,1.0
10000,2.0,0.3,0.008758443453476887,2.763102111592855,0.0031697863849222273,0.5143932673972327,2.0,exponential,61,2597.0,2597.0,3.5054998,0,0.0,1.0,1.0
10000,2.0,0.3,0.008758443453476887,2.763102111592855,0.0031697863849222273,0.5143932673972327,2.0,exponential,62,6339.0,6339.0,3.3783,0,0.0,1.0,1.0
10000,2.0,0.3,0.008758443453476887,2.763102111592855,0.0031697863849222273,0.5143932673972327,2.0,exponential,63,5118.0,5118.0,3.9826999,0,0.0,1.0,1.0
10000,2.0,0.3,0.008758443453476887,2.763102111592855,0.0031697863849222273,0.5143932673972327,2.0,exponential,64,5605.0,5605.0,2.8892999,0,0.0,1.0,1.0
10000,2.0,0.3,0.008758443453476887,2.763102111592855,0.0031697863849222273,0.5143932673972327,2.0,exponential,65,13298.0,13298.0,3.1803,0,0.0,1.0,1.0
10000,2.0,0.3,0.008758443453476887,2.763102111592855,0.0031697863849222273,0.5143932673972327,2.0,exponential,66,5758.0,5758.0,3.6759,0,0.0,1.0,1.0
10000,2.0,0.3,0.008758443453476887,2.763102111592855,0.0031697863849222273,0.5143932673972327,2.0,exponential,67,2472.0,2472.0,2.8353,0,0.0,1.0,1.0
10000,2.0,0.3,0.008758443453476887,2.763102111592855,0.0031697863849222273,0.5143932673972327,2.0,exponential,68,657.0,657.0,3.1496,0,0.0,1.0,1.0
10000,2.0,0.3,0.008758443453476887,2.763102111592855,0.0031697863849222273,0.5143932673972327,2.0,exponential,69,1150.0,1150.0,3.1604998,0,0.0,1.0,1.0
10000,2.0,0.3,0.008758443453476887,2.763102111592855,0.0031697863849222273,0.5143932673972327,2.0,exponential,70,3396.0,3396.0,3.5562,0,0.0,1.0,1.0
10000,2.0,0.3,0.008758443453476887,2.763102111592855,0.0031697863849222273,0.5143932673972327,2.0,exponential,71,900.0,900.0,3.3876,0,0.0,1.0,1.0
10000,2.0,0.3,0.008758443453476887,2.763102111592855,0.0031697863849222273,0.5143932673972327,2.0,exponential,72,7994.0,7994.0,3.3456,0,0.0,1.0,1.0
10000,2.0,0.3,0.008758443453476887,2.763102111592855,0.0031697863849222273,0.5143932673972327,2.0,exponential,73,889.0,889.0,3.5577,0,0.0,1.0,1.0
10000,2.0,0.3,0.008758443453476887,2.763102111592855,0.0031697863849222273,0.5143932673972327,2.0,exponential,74,6769.0,6769.0,3.3076,0,0.0,1.0,1.0
10000,2.0,0.3,0.008758443453476887,2.763102111592855,0.0031697863849222273,0.5143932673972327,2.0,exponential,75,2179.0,2179.0,3.4143,0,0.0,1.0,1.0
10000,2.0,0.3,0.008758443453476887,2.763102111592855,0.0031697863849222273,0.5143932673972327,2.0,exponential,76,932.0,932.0,3.1297,0,0.0,1.0,1.0
10000,2.0,0.3,0.008758443453476887,2.763102111592855,0.0031697863849222273,0.5143932673972327,2.0,exponential,77,2120.0,2120.0,3.0986,0,0.0,1.0,1.0
10000,2.0,0.3,0.008758443453476887,2.763102111592855,0.0031697863849222273,0.5143932673972327,2.0,exponential,78,4599.0,4599.0,3.5268,0,0.0,1.0,1.0
10000,2.0,0.3,0.008758443453476887,2.763102111592855,0.0031697863849222273,0.5143932673972327,2.0,exponential,79,1904.0,1904.0,3.1188,0,0.0,1.0,1.0
10000,2.0,0.3,0.008758443453476887,2.763102111592855,0.0031697863849222273,0.5143932673972327,2.0,exponential,80,1287.0,1287.0,2.9636998,0,0.0,1.0,1.0
10000,2.0,0.3,0.008758443453476887,2.763102111592855,0.0031697863849222273,0.5143932673972327,2.0,exponential,81,1901.0,1901.0,3.5026999,0,0.0,1.0,1.0
10000,2.0,0.3,0.008758443453476887,2.763102111592855,0.0031697863849222273,0.5143932673972327,2.0,exponential,82,2052.0,2052.0,3.6037,0,0.0,1.0,1.0
10000,2.0,0.3,0.008758443453476887,2.763102111592855,0.0031697863849222273,0.5143932673972327,2.0,exponential,83,2162.0,2162.0,2.9415,0,0.0,1.0,1.0
10000,2.0,0.3,0.008758443453476887,2.763102111592855,0.0031697863849222273,0.5143932673972327,2.0,exponential,84,7274.0,7274.0,3.1901,0,0.0,1.0,1.0
10000,2.0,0.3,0.008758443453476887,2.763102111592855,0.0031697863849222273,0.5143932673972327,2.0,exponential,85,6479.0,6479.0,3.6060998,0,0.0,1.0,1.0
10000,2.0,0.3,0.008758443453476887,2.763102111592855,0.0031697863849222273,0.5143932673972327,2.0,exponential,86,1795.0,1795.0,3.5163999,0,0.0,1.0,1.0
10000,2.0,0.3,0.008758443453476887,2.763102111592855,0.0031697863849222273,0.5143932673972327,2.0,exponential,87,908.0,908.0,2.8016,0,0.0,1.0,1.0
10000,2.0,0.3,0.008758443453476887,2.763102111592855,0.0031697863849222273,0.5143932673972327,2.0,exponential,88,6058.0,6058.0,3.4878,0,0.0,1.0,1.0
10000,2.0,0.3,0.008758443453476887,2.763102111592855,0.0031697863849222273,0.5143932673972327,2.0,exponential,89,2389.0,2389.0,3.1483,0,0.0,1.0,1.0
10000,2.0,0.3,0.008758443453476887,2.763102111592855,0.0031697863849222273,0.5143932673972327,2.0,exponential,90,3425.0,3425.0,3.0142999,0,0.0,1.0,1.0
10000,2.0,0.3,0.008758443453476887,2.763102111592855,0.0031697863849222273,0.5143932673972327,2.0,exponential,91,2291.0,2291.0,3.322,0,0.0,1.0,1.0
10000,2.0,0.3,0.008758443453476887,2.763102111592855,0.0031697863849222273,0.5143932673972327,2.0,exponential,92,383.0,383.0,2.8069,0,0.0,1.0,1.0
10000,2.0,0.3,0.008758443453476887,2.763102111592855,0.0031697863849222273,0.5143932673972327,2.0,exponential,93,3237.0,3237.0,3.4308999,0,0.0,1.0,1.0
10000,2.0,0.3,0.008758443453476887,2.763102111592855,0.0031697863849222273,0.5143932673972327,2.0,exponential,94,2078.0,2078.0,3.4211998,0,0.0,1.0,1.0
10000,2.0,0.3,0.008758443453476887,2.763102111592855,0.0031697863849222273,0.5143932673972327,2.0,exponential,95,2862.0,2862.0,3.1697,0,0.0,1.0,1.0
10000,2.0,0.3,0.008758443453476887,2.763102111592855,0.0031697863849222273,0.5143932673972327,2.0,exponential,96,400.0,400.0,3.2379,0,0.0,1.0,1.0
10000,2.0,0.3,0.008758443453476887,2.763102111592855,0.0031697863849222273,0.5143932673972327,2.0,exponential,97,2276.0,2276.0,3.3618999,0,0.0,1.0,1.0
10000,2.0,0.3,0.008758443453476887,2.763102111592855,0.0031697863849222273,0.5143932673972327,2.0,exponential,98,4624.0,4624.0,3.2222998,0,0.0,1.0,1.0
10000,2.0,0.3,0.008758443453476887,2.763102111592855,0.0031697863849222273,0.5143932673972327,2.0,exponential,99,5220.0,5220.0,3.2231,0,0.0,1.0,1.0
10000,2.0,0.3,0.008758443453476887,2.763102111592855,0.0031697863849222273,0.5143932673972327,2.0,exponential,100,718.0,718.0,4.1896,0,0.0,1.0,1.0
10000,2.0,0.3,0.008758443453476887,2.763102111592855,0.0031697863849222273,0.5143932673972327,2.0,exponential,101,3009.0,3009.0,3.0632,0,0.0,1.0,1.0
10000,2.0,0.3,0.008758443453476887,2.763102111592855,0.0031697863849222273,0.5143932673972327,2.0,exponential,102,2342.0,2342.0,3.2835,0,0.0,1.0,1.0
10000,2.0,0.3,0.008758443453476887,2.763102111592855,0.0031697863849222273,0.5143932673972327,2.0,exponential,103,8190.0,8190.0,3.4868,0,0.0,1.0,1.0
10000,2.0,0.3,0.008758443453476887,2.763102111592855,0.0031697863849222273,0.5143932673972327,2.0,exponential,104,7974.0,7974.0,3.0593998,0,0.0,1.0,1.0
10000,2.0,0.3,0.008758443453476887,2.763102111592855,0.0031697863849222273,0.5143932673972327,2.0,exponential,105,2318.0,2318.0,3.069,0,0.0,1.0,1.0
10000,2.0,0.3,0.008758443453476887,2.763102111592855,0.0031697863849222273,0.5143932673972327,2.0,exponential,106,6043.0,6043.0,3.1827998,0,0.0,1.0,1.0
10000,2.0,0.3,0.008758443453476887,2.763102111592855,0.0031697863849222273,0.5143932673972327,2.0,exponential,107,651.0,651.0,3.0117998,0,0.0,1.0,1.0
10000,2.0,0.3,0.008758443453476887,2.763102111592855,0.0031697863849222273,0.5143932673972327,2.0,exponential,108,914.0,914.0,3.7386,0,0.0,1.0,1.0
10000,2.0,0.3,0.008758443453476887,2.763102111592855,0.0031697863849222273,0.5143932673972327,2.0,exponential,109,1690.0,1690.0,4.1965,0,0.0,1.0,1.0
10000,2.0,0.3,0.008758443453476887,2.763102111592855,0.0031697863849222273,0.5143932673972327,2.0,exponential,110,7350.0,7350.0,3.5179,0,0.0,1.0,1.0
10000,2.0,0.3,0.008758443453476887,2.763102111592855,0.0031697863849222273,0.5143932673972327,2.0,exponential,111,624.0,624.0,2.9587998,0,0.0,1.0,1.0
10000,2.0,0.3,0.008758443453476887,2.763102111592855,0.0031697863849222273,0.5143932673972327,2.0,exponential,112,7176.0,7176.0,3.5526998,0,0.0,1.0,1.0
10000,2.0,0.3,0.008758443453476887,2.763102111592855,0.0031697863849222273,0.5143932673972327,2.0,exponential,113,458.0,458.0,2.8288,0,0.0,1.0,1.0
10000,2.0,0.3,0.008758443453476887,2.763102111592855,0.0031697863849222273,0.5143932673972327,2.0,exponential,114,4504.0,4504.0,3.2740998,0,0.0,1.0,1.0
10000,2.0,0.3,0.008758443453476887,2.763102111592855,0.0031697863849222273,0.5143932673972327,2.0,exponential,115,2240.0,2240.0,3.4584,0,0.0,1.0,1.0
10000,2.0,0.3,0.008758443453476887,2.763102111592855,0.0031697863849222273,0.5143932673972327,2.0,exponential,116,3220.0,3220.0,3.1752,0,0.0,1.0,1.0
10000,2.0,0.3,0.008758443453476887,2.763102111592855,0.0031697863849222273,0.5143932673972327,2.0,exponential,117,5095.0,5095.0,3.2779999,0,0.0,1.0,1.0
10000,2.0,0.3,0.008758443453476887,2.763102111592855,0.0031697863849222273,0.5143932673972327,2.0,exponential,118,1143.0,1143.0,3.0741,0,0.0,1.0,1.0
10000,2.0,0.3,0.008758443453476887,2.763102111592855,0.0031697863849222273,0.5143932673972327,2.0,exponential,119,752.0,752.0,3.8407,0,0.0,1.0,1.0
10000,2.0,0.3,0.008758443453476887,2.763102111592855,0.0031697863849222273,0.5143932673972327,2.0,exponential,120,2414.0,2414.0,3.1436,0,0.0,1.0,1.0
10000,2.0,0.3,0.008758443453476887,2.763102111592855,0.0031697863849222273,0.5143932673972327,2.0,exponential,121,3274.0,3274.0,3.1604,0,0.0,1.0,1.0
10000,2.0,0.3,0.008758443453476887,2.763102111592855,0.0031697863849222273,0.5143932673972327,2.0,exponential,122,1973.0,1973.0,3.2454998,0,0.0,1.0,1.0
10000,2.0,0.3,0.008758443453476887,2.763102111592855,0.0031697863849222273,0.5143932673972327,2.0,exponential,123,3817.0,3817.0,3.1301,0,0.0,1.0,1.0
10000,2.0,0.3,0.008758443453476887,2.763102111592855,0.0031697863849222273,0.5143932673972327,2.0,exponential,124,1609.0,1609.0,3.092,0,0.0,1.0,1.0
10000,2.0,0.3,0.008758443453476887,2.763102111592855,0.0031697863849222273,0.5143932673972327,2.0,exponential,125,8711.0,8711.0,2.8427,0,0.0,1.0,1.0
10000,2.0,0.3,0.008758443453476887,2.763102111592855,0.0031697863849222273,0.5143932673972327,2.0,exponential,126,2051.0,2051.0,3.4780998,0,0.0,1.0,1.0
10000,2.0,0.3,0.008758443453476887,2.763102111592855,0.0031697863849222273,0.5143932673972327,2.0,exponential,127,930.0,930.0,3.7912998,0,0.0,1.0,1.0
10000,2.0,0.3,0.008758443453476887,2.763102111592855,0.0031697863849222273,0.5143932673972327,2.0,exponential,128,289.0,289.0,3.2465,0,0.0,1.0,1.0
10000,2.0,0.3,0.008758443453476887,2.763102111592855,0.0031697863849222273,0.5143932673972327,2.0,exponential,129,3450.0,3450.0,3.1097,0,0.0,1.0,1.0
10000,2.0,0.3,0.008758443453476887,2.763102111592855,0.0031697863849222273,0.5143932673972327,2.0,exponential,130,1493.0,1493.0,3.3818998,0,0.0,1.0,1.0
10000,2.0,0.3,0.008758443453476887,2.763102111592855,0.0031697863849222273,0.5143932673972327,2.0,exponential,131,287.0,287.0,2.9766,0,0.0,1.0,1.0
10000,2.0,0.3,0.008758443453476887,2.763102111592855,0.0031697863849222273,0.5143932673972327,2.0,exponential,132,6860.0,6860.0,3.0070999,0,0.0,1.0,1.0
10000,2.0,0.3,0.008758443453476887,2.763102111592855,0.0031697863849222273,0.5143932673972327,2.0,exponential,133,829.0,829.0,3.2029998,0,0.0,1.0,1.0
10000,2.0,0.3,0.008758443453476887,2.763102111592855,0.0031697863849222273,0.5143932673972327,2.0,exponential,134,432.0,432.0,2.9731998,0,0.0,1.0,1.0
10000,2.0,0.3,0.008758443453476887,2.763102111592855,0.0031697863849222273,0.5143932673972327,2.0,exponential,135,1230.0,1230.0,3.4032,0,0.0,1.0,1.0
10000,2.0,0.3,0.008758443453476887,2.763102111592855,0.0031697863849222273,0.5143932673972327,2.0,exponential,136,3045.0,3045.0,2.9743,0,0.0,1.0,1.0
10000,2.0,0.3,0.008758443453476887,2.763102111592855,0.0031697863849222273,0.5143932673972327,2.0,exponential,137,3051.0,3051.0,3.481,0,0.0,1.0,1.0
10000,2.0,0.3,0.008758443453476887,2.763102111592855,0.0031697863849222273,0.5143932673972327,2.0,exponential,138,1730.0,1730.0,3.7084,0,0.0,1.0,1.0
10000,2.0,0.3,0.008758443453476887,2.763102111592855,0.0031697863849222273,0.5143932673972327,2.0,exponential,139,631.0,631.0,3.2524,0,0.0,1.0,1.0
10000,2.0,0.3,0.008758443453476887,2.763102111592855,0.0031697863849222273,0.5143932673972327,2.0,exponential,140,205.0,205.0,3.1376,0,0.0,1.0,1.0
10000,2.0,0.3,0.008758443453476887,2.763102111592855,0.0031697863849222273,0.5143932673972327,2.0,exponential,141,1569.0,1569.0,3.3825,0,0.0,1.0,1.0
10000,2.0,0.3,0.008758443453476887,2.763102111592855,0.0031697863849222273,0.5143932673972327,2.0,exponential,142,8928.0,8928.0,3.2361999,0,0.0,1.0,1.0
10000,2.0,0.3,0.008758443453476887,2.763102111592855,0.0031697863849222273,0.5143932673972327,2.0,exponential,143,655.0,655.0,3.8428,0,0.0,1.0,1.0
10000,2.0,0.3,0.008758443453476887,2.763102111592855,0.0031697863849222273,0.5143932673972327,2.0,exponential,144,5259.0,5259.0,3.4966,0,0.0,1.0,1.0
10000,2.0,0.3,0.008758443453476887,2.763102111592855,0.0031697863849222273,0.5143932673972327,2.0,exponential,145,6556.0,6556.0,3.3021,0,0.0,1.0,1.0
10000,2.0,0.3,0.008758443453476887,2.763102111592855,0.0031697863849222273,0.5143932673972327,2.0,exponential,146,2420.0,2420.0,3.2907,0,0.0,1.0,1.0
10000,2.0,0.3,0.008758443453476887,2.763102111592855,0.0031697863849222273,0.5143932673972327,2.0,exponential,147,558.0,558.0,3.178,0,0.0,1.0,1.0
10000,2.0,0.3,0.008758443453476887,2.763102111592855,0.0031697863849222273,0.5143932673972327,2.0,exponential,148,3312.0,3312.0,3.3397,0,0.0,1.0,1.0
10000,2.0,0.3,0.008758443453476887,2.763102111592855,0.0031697863849222273,0.5143932673972327,2.0,exponential,149,3787.0,3787.0,3.3360999,0,0.0,1.0,1.0
10000,2.0,0.3,0.008758443453476887,2.763102111592855,0.0031697863849222273,0.5143932673972327,2.0,exponential,150,4449.0,4449.0,3.5698,0,0.0,1.0,1.0
10000,2.0,0.3,0.008758443453476887,2.763102111592855,0.0031697863849222273,0.5143932673972327,2.0,exponential,151,3633.0,3633.0,3.0367,0,0.0,1.0,1.0
10000,2.0,0.3,0.008758443453476887,2.763102111592855,0.0031697863849222273,0.5143932673972327,2.0,exponential,152,2371.0,2371.0,3.4659,0,0.0,1.0,1.0
10000,2.0,0.3,0.008758443453476887,2.763102111592855,0.0031697863849222273,0.5143932673972327,2.0,exponential,153,1453.0,1453.0,2.891,0,0.0,1.0,1.0
10000,2.0,0.3,0.008758443453476887,2.763102111592855,0.0031697863849222273,0.5143932673972327,2.0,exponential,154,508.0,508.0,3.1018999,0,0.0,1.0,1.0
10000,2.0,0.3,0.008758443453476887,2.763102111592855,0.0031697863849222273,0.5143932673972327,2.0,exponential,155,3202.0,3202.0,3.5424,0,0.0,1.0,1.0
10000,2.0,0.3,0.008758443453476887,2.763102111592855,0.0031697863849222273,0.5143932673972327,2.0,exponential,156,715.0,715.0,3.2831,0,0.0,1.0,1.0
10000,2.0,0.3,0.008758443453476887,2.763102111592855,0.0031697863849222273,0.5143932673972327,2.0,exponential,157,422.0,422.0,3.3083,0,0.0,1.0,1.0
10000,2.0,0.3,0.008758443453476887,2.763102111592855,0.0031697863849222273,0.5143932673972327,2.0,exponential,158,6342.0,6342.0,3.1134999,0,0.0,1.0,1.0
10000,2.0,0.3,0.008758443453476887,2.763102111592855,0.0031697863849222273,0.5143932673972327,2.0,exponential,159,2483.0,2483.0,3.1719,0,0.0,1.0,1.0
10000,2.0,0.3,0.008758443453476887,2.763102111592855,0.0031697863849222273,0.5143932673972327,2.0,exponential,160,3432.0,3432.0,3.165,0,0.0,1.0,1.0
10000,2.0,0.3,0.008758443453476887,2.763102111592855,0.0031697863849222273,0.5143932673972327,2.0,exponential,161,4240.0,4240.0,3.0056,0,0.0,1.0,1.0
10000,2.0,0.3,0.008758443453476887,2.763102111592855,0.0031697863849222273,0.5143932673972327,2.0,exponential,162,2206.0,2206.0,3.3981,0,0.0,1.0,1.0
10000,2.0,0.3,0.008758443453476887,2.763102111592855,0.0031697863849222273,0.5143932673972327,2.0,exponential,163,977.0,977.0,3.4863,0,0.0,1.0,1.0
10000,2.0,0.3,0.008758443453476887,2.763102111592855,0.0031697863849222273,0.5143932673972327,2.0,exponential,164,410.0,410.0,3.2863998,0,0.0,1.0,1.0
10000,2.0,0.3,0.008758443453476887,2.763102111592855,0.0031697863849222273,0.5143932673972327,2.0,exponential,165,2782.0,2782.0,3.7479,0,0.0,1.0,1.0
10000,2.0,0.3,0.008758443453476887,2.763102111592855,0.0031697863849222273,0.5143932673972327,2.0,exponential,166,3797.0,3797.0,3.204,0,0.0,1.0,1.0
10000,2.0,0.3,0.008758443453476887,2.763102111592855,0.0031697863849222273,0.5143932673972327,2.0,exponential,167,2685.0,2685.0,3.3481,0,0.0,1.0,1.0
10000,2.0,0.3,0.008758443453476887,2.763102111592855,0.0031697863849222273,0.5143932673972327,2.0,exponential,168,3663.0,3663.0,3.3281999,0,0.0,1.0,1.0
10000,2.0,0.3,0.008758443453476887,2.763102111592855,0.0031697863849222273,0.5143932673972327,2.0,exponential,169,2764.0,2764.0,3.0588,0,0.0,1.0,1.0
10000,2.0,0.3,0.008758443453476887,2.763102111592855,0.0031697863849222273,0.5143932673972327,2.0,exponential,170,1327.0,1327.0,3.3002,0,0.0,1.0,1.0
10000,2.0,0.3,0.008758443453476887,2.763102111592855,0.0031697863849222273,0.5143932673972327,2.0,exponential,171,3397.0,3397.0,3.5719,0,0.0,1.0,1.0
10000,2.0,0.3,0.008758443453476887,2.763102111592855,0.0031697863849222273,0.5143932673972327,2.0,exponential,172,426.0,426.0,3.0273,0,0.0,1.0,1.0
10000,2.0,0.3,0.008758443453476887,2.763102111592855,0.0031697863849222273,0.5143932673972327,2.0,exponential,173,3096.0,3096.0,3.1134999,0,0.0,1.0,1.0
10000,2.0,0.3,0.008758443453476887,2.763102111592855,0.0031697863849222273,0.5143932673972327,2.0,exponential,174,1046.0,1046.0,3.8358998,0,0.0,1.0,1.0
10000,2.0,0.3,0.008758443453476887,2.763102111592855,0.0031697863849222273,0.5143932673972327,2.0,exponential,175,2778.0,2778.0,3.6437,0,0.0,1.0,1.0
10000,2.0,0.3,0.008758443453476887,2.763102111592855,0.0031697863849222273,0.5143932673972327,2.0,exponential,176,339.0,339.0,3.1044,0,0.0,1.0,1.0
10000,2.0,0.3,0.008758443453476887,2.763102111592855,0.0031697863849222273,0.5143932673972327,2.0,exponential,177,3561.0,3561.0,3.5321999,0,0.0,1.0,1.0
10000,2.0,0.3,0.008758443453476887,2.763102111592855,0.0031697863849222273,0.5143932673972327,2.0,exponential,178,459.0,459.0,2.6833,0,0.0,1.0,1.0
10000,2.0,0.3,0.008758443453476887,2.763102111592855,0.0031697863849222273,0.5143932673972327,2.0,exponential,179,1526.0,1526.0,3.1564,0,0.0,1.0,1.0
10000,2.0,0.3,0.008758443453476887,2.763102111592855,0.0031697863849222273,0.5143932673972327,2.0,exponential,180,342.0,342.0,3.1267998,0,0.0,1.0,1.0
10000,2.0,0.3,0.008758443453476887,2.763102111592855,0.0031697863849222273,0.5143932673972327,2.0,exponential,181,1939.0,1939.0,3.6508,0,0.0,1.0,1.0
10000,2.0,0.3,0.008758443453476887,2.763102111592855,0.0031697863849222273,0.5143932673972327,2.0,exponential,182,8592.0,8592.0,3.0572,0,0.0,1.0,1.0
10000,2.0,0.3,0.008758443453476887,2.763102111592855,0.0031697863849222273,0.5143932673972327,2.0,exponential,183,2906.0,2906.0,3.2935,0,0.0,1.0,1.0
10000,2.0,0.3,0.008758443453476887,2.763102111592855,0.0031697863849222273,0.5143932673972327,2.0,exponential,184,9116.0,9116.0,3.1762998,0,0.0,1.0,1.0
10000,2.0,0.3,0.008758443453476887,2.763102111592855,0.0031697863849222273,0.5143932673972327,2.0,exponential,185,4767.0,4767.0,2.9106998,0,0.0,1.0,1.0
10000,2.0,0.3,0.008758443453476887,2.763102111592855,0.0031697863849222273,0.5143932673972327,2.0,exponential,186,4300.0,4300.0,3.5697,0,0.0,1.0,1.0
10000,2.0,0.3,0.008758443453476887,2.763102111592855,0.0031697863849222273,0.5143932673972327,2.0,exponential,187,5014.0,5014.0,2.774,0,0.0,1.0,1.0
10000,2.0,0.3,0.008758443453476887,2.763102111592855,0.0031697863849222273,0.5143932673972327,2.0,exponential,188,687.0,687.0,3.044,0,0.0,1.0,1.0
10000,2.0,0.3,0.008758443453476887,2.763102111592855,0.0031697863849222273,0.5143932673972327,2.0,exponential,189,4844.0,4844.0,2.9803,0,0.0,1.0,1.0
10000,2.0,0.3,0.008758443453476887,2.763102111592855,0.0031697863849222273,0.5143932673972327,2.0,exponential,190,1519.0,1519.0,2.7682998,0,0.0,1.0,1.0
10000,2.0,0.3,0.008758443453476887,2.763102111592855,0.0031697863849222273,0.5143932673972327,2.0,exponential,191,439.0,439.0,3.4513998,0,0.0,1.0,1.0
10000,2.0,0.3,0.008758443453476887,2.763102111592855,0.0031697863849222273,0.5143932673972327,2.0,exponential,192,6365.0,6365.0,3.7542999,0,0.0,1.0,1.0
10000,2.0,0.3,0.008758443453476887,2.763102111592855,0.0031697863849222273,0.5143932673972327,2.0,exponential,193,4467.0,4467.0,3.4352,0,0.0,1.0,1.0
10000,2.0,0.3,0.008758443453476887,2.763102111592855,0.0031697863849222273,0.5143932673972327,2.0,exponential,194,833.0,833.0,3.2375998,0,0.0,1.0,1.0
10000,2.0,0.3,0.008758443453476887,2.763102111592855,0.0031697863849222273,0.5143932673972327,2.0,exponential,195,2726.0,2726.0,3.7329,0,0.0,1.0,1.0
10000,2.0,0.3,0.008758443453476887,2.763102111592855,0.0031697863849222273,0.5143932673972327,2.0,exponential,196,1474.0,1474.0,3.0075,0,0.0,1.0,1.0
10000,2.0,0.3,0.008758443453476887,2.763102111592855,0.0031697863849222273,0.5143932673972327,2.0,exponential,197,3258.0,3258.0,3.6882,0,0.0,1.0,1.0
10000,2.0,0.3,0.008758443453476887,2.763102111592855,0.0031697863849222273,0.5143932673972327,2.0,exponential,198,3332.0,3332.0,3.6803,0,0.0,1.0,1.0
10000,2.0,0.3,0.008758443453476887,2.763102111592855,0.0031697863849222273,0.5143932673972327,2.0,exponential,199,1544.0,1544.0,3.7958,0,0.0,1.0,1.0
10000,2.0,0.3,0.008758443453476887,2.763102111592855,0.0031697863849222273,0.5143932673972327,2.0,exponential,200,507.0,507.0,3.0221999,0,0.0,1.0,1.0
10000,2.0,0.3,0.008758443453476887,2.763102111592855,0.0031697863849222273,0.5143932673972327,2.0,exponential,201,4519.0,4519.0,3.4057,0,0.0,1.0,1.0
10000,2.0,0.3,0.008758443453476887,2.763102111592855,0.0031697863849222273,0.5143932673972327,2.0,exponential,202,488.0,488.0,3.2106,0,0.0,1.0,1.0
10000,2.0,0.3,0.008758443453476887,2.763102111592855,0.0031697863849222273,0.5143932673972327,2.0,exponential,203,1286.0,1286.0,3.4706,0,0.0,1.0,1.0
10000,2.0,0.3,0.008758443453476887,2.763102111592855,0.0031697863849222273,0.5143932673972327,2.0,exponential,204,1652.0,1652.0,3.2057,0,0.0,1.0,1.0
10000,2.0,0.3,0.008758443453476887,2.763102111592855,0.0031697863849222273,0.5143932673972327,2.0,exponential,205,1884.0,1884.0,3.2879,0,0.0,1.0,1.0
10000,2.0,0.3,0.008758443453476887,2.763102111592855,0.0031697863849222273,0.5143932673972327,2.0,exponential,206,847.0,847.0,3.1471,0,0.0,1.0,1.0
10000,2.0,0.3,0.008758443453476887,2.763102111592855,0.0031697863849222273,0.5143932673972327,2.0,exponential,207,3844.0,3844.0,3.2826,0,0.0,1.0,1.0
10000,2.0,0.3,0.008758443453476887,2.763102111592855,0.0031697863849222273,0.5143932673972327,2.0,exponential,208,1573.0,1573.0,3.2335,0,0.0,1.0,1.0
10000,2.0,0.3,0.008758443453476887,2.763102111592855,0.0031697863849222273,0.5143932673972327,2.0,exponential,209,2246.0,2246.0,3.3925998,0,0.0,1.0,1.0
10000,2.0,0.3,0.008758443453476887,2.763102111592855,0.0031697863849222273,0.5143932673972327,2.0,exponential,210,8797.0,8797.0,3.899,0,0.0,1.0,1.0
10000,2.0,0.3,0.008758443453476887,2.763102111592855,0.0031697863849222273,0.5143932673972327,2.0,exponential,211,1235.0,1235.0,3.1655998,0,0.0,1.0,1.0
10000,2.0,0.3,0.008758443453476887,2.763102111592855,0.0031697863849222273,0.5143932673972327,2.0,exponential,212,1169.0,1169.0,3.1453998,0,0.0,1.0,1.0
10000,2.0,0.3,0.008758443453476887,2.763102111592855,0.0031697863849222273,0.5143932673972327,2.0,exponential,213,888.0,888.0,3.6151998,0,0.0,1.0,1.0
10000,2.0,0.3,0.008758443453476887,2.763102111592855,0.0031697863849222273,0.5143932673972327,2.0,exponential,214,7303.0,7303.0,2.8325,0,0.0,1.0,1.0
10000,2.0,0.3,0.008758443453476887,2.763102111592855,0.0031697863849222273,0.5143932673972327,2.0,exponential,215,3799.0,3799.0,3.016,0,0.0,1.0,1.0
10000,2.0,0.3,0.008758443453476887,2.763102111592855,0.0031697863849222273,0.5143932673972327,2.0,exponential,216,1497.0,1497.0,3.296,0,0.0,1.0,1.0
10000,2.0,0.3,0.008758443453476887,2.763102111592855,0.0031697863849222273,0.5143932673972327,2.0,exponential,217,4967.0,4967.0,3.2494,0,0.0,1.0,1.0
10000,2.0,0.3,0.008758443453476887,2.763102111592855,0.0031697863849222273,0.5143932673972327,2.0,exponential,218,1457.0,1457.0,3.0946999,0,0.0,1.0,1.0
10000,2.0,0.3,0.008758443453476887,2.763102111592855,0.0031697863849222273,0.5143932673972327,2.0,exponential,219,1704.0,1704.0,3.362,0,0.0,1.0,1.0
10000,2.0,0.3,0.008758443453476887,2.763102111592855,0.0031697863849222273,0.5143932673972327,2.0,exponential,220,238.0,238.0,2.853,0,0.0,1.0,1.0
10000,2.0,0.3,0.008758443453476887,2.763102111592855,0.0031697863849222273,0.5143932673972327,2.0,exponential,221,459.0,459.0,3.062,0,0.0,1.0,1.0
10000,2.0,0.3,0.008758443453476887,2.763102111592855,0.0031697863849222273,0.5143932673972327,2.0,exponential,222,5035.0,5035.0,3.7278998,0,0.0,1.0,1.0
10000,2.0,0.3,0.008758443453476887,2.763102111592855,0.0031697863849222273,0.5143932673972327,2.0,exponential,223,4422.0,4422.0,3.8353,0,0.0,1.0,1.0
10000,2.0,0.3,0.008758443453476887,2.763102111592855,0.0031697863849222273,0.5143932673972327,2.0,exponential,224,1889.0,1889.0,3.5217998,0,0.0,1.0,1.0
10000,2.0,0.3,0.008758443453476887,2.763102111592855,0.0031697863849222273,0.5143932673972327,2.0,exponential,225,8122.0,8122.0,3.5353,0,0.0,1.0,1.0
10000,2.0,0.3,0.008758443453476887,2.763102111592855,0.0031697863849222273,0.5143932673972327,2.0,exponential,226,12239.0,12239.0,3.313,0,0.0,1.0,1.0
10000,2.0,0.3,0.008758443453476887,2.763102111592855,0.0031697863849222273,0.5143932673972327,2.0,exponential,227,990.0,990.0,3.3667,0,0.0,1.0,1.0
10000,2.0,0.3,0.008758443453476887,2.763102111592855,0.0031697863849222273,0.5143932673972327,2.0,exponential,228,2419.0,2419.0,3.0705,0,0.0,1.0,1.0
10000,2.0,0.3,0.008758443453476887,2.763102111592855,0.0031697863849222273,0.5143932673972327,2.0,exponential,229,537.0,537.0,3.4606,0,0.0,1.0,1.0
10000,2.0,0.3,0.008758443453476887,2.763102111592855,0.0031697863849222273,0.5143932673972327,2.0,exponential,230,683.0,683.0,3.0214999,0,0.0,1.0,1.0
10000,2.0,0.3,0.008758443453476887,2.763102111592855,0.0031697863849222273,0.5143932673972327,2.0,exponential,231,457.0,457.0,2.9812999,0,0.0,1.0,1.0
10000,2.0,0.3,0.008758443453476887,2.763102111592855,0.0031697863849222273,0.5143932673972327,2.0,exponential,232,1435.0,1435.0,3.2688,0,0.0,1.0,1.0
10000,2.0,0.3,0.008758443453476887,2.763102111592855,0.0031697863849222273,0.5143932673972327,2.0,exponential,233,5866.0,5866.0,3.1685,0,0.0,1.0,1.0
10000,2.0,0.3,0.008758443453476887,2.763102111592855,0.0031697863849222273,0.5143932673972327,2.0,exponential,234,3361.0,3361.0,3.5005999,0,0.0,1.0,1.0
10000,2.0,0.3,0.008758443453476887,2.763102111592855,0.0031697863849222273,0.5143932673972327,2.0,exponential,235,293.0,293.0,3.0746999,0,0.0,1.0,1.0
10000,2.0,0.3,0.008758443453476887,2.763102111592855,0.0031697863849222273,0.5143932673972327,2.0,exponential,236,2752.0,2752.0,3.4082,0,0.0,1.0,1.0
10000,2.0,0.3,0.008758443453476887,2.763102111592855,0.0031697863849222273,0.5143932673972327,2.0,exponential,237,2477.0,2477.0,3.8437,0,0.0,1.0,1.0
10000,2.0,0.3,0.008758443453476887,2.763102111592855,0.0031697863849222273,0.5143932673972327,2.0,exponential,238,4518.0,4518.0,3.8184998,0,0.0,1.0,1.0
10000,2.0,0.3,0.008758443453476887,2.763102111592855,0.0031697863849222273,0.5143932673972327,2.0,exponential,239,1664.0,1664.0,3.0254,0,0.0,1.0,1.0
10000,2.0,0.3,0.008758443453476887,2.763102111592855,0.0031697863849222273,0.5143932673972327,2.0,exponential,240,731.0,731.0,3.5549998,0,0.0,1.0,1.0
10000,2.0,0.3,0.008758443453476887,2.763102111592855,0.0031697863849222273,0.5143932673972327,2.0,exponential,241,2074.0,2074.0,3.2951,0,0.0,1.0,1.0
10000,2.0,0.3,0.008758443453476887,2.763102111592855,0.0031697863849222273,0.5143932673972327,2.0,exponential,242,3688.0,3688.0,3.349,0,0.0,1.0,1.0
10000,2.0,0.3,0.008758443453476887,2.763102111592855,0.0031697863849222273,0.5143932673972327,2.0,exponential,243,228.0,228.0,3.0932999,0,0.0,1.0,1.0
10000,2.0,0.3,0.008758443453476887,2.763102111592855,0.0031697863849222273,0.5143932673972327,2.0,exponential,244,4497.0,4497.0,3.6137,0,0.0,1.0,1.0
10000,2.0,0.3,0.008758443453476887,2.763102111592855,0.0031697863849222273,0.5143932673972327,2.0,exponential,245,670.0,670.0,3.3337,0,0.0,1.0,1.0
10000,2.0,0.3,0.008758443453476887,2.763102111592855,0.0031697863849222273,0.5143932673972327,2.0,exponential,246,4224.0,4224.0,3.28,0,0.0,1.0,1.0
10000,2.0,0.3,0.008758443453476887,2.763102111592855,0.0031697863849222273,0.5143932673972327,2.0,exponential,247,1714.0,1714.0,2.912,0,0.0,1.0,1.0
10000,2.0,0.3,0.008758443453476887,2.763102111592855,0.0031697863849222273,0.5143932673972327,2.0,exponential,248,7667.0,7667.0,3.2414,0,0.0,1.0,1.0
10000,2.0,0.3,0.008758443453476887,2.763102111592855,0.0031697863849222273,0.5143932673972327,2.0,exponential,249,489.0,489.0,2.8765,0,0.0,1.0,1.0
10000,2.0,0.3,0.008758443453476887,2.763102111592855,0.0031697863849222273,0.5143932673972327,2.0,exponential,250,6688.0,6688.0,2.8906,0,0.0,1.0,1.0
10000,2.0,0.3,0.008758443453476887,2.763102111592855,0.0031697863849222273,0.5143932673972327,2.0,exponential,251,2858.0,2858.0,3.1508,0,0.0,1.0,1.0
10000,2.0,0.3,0.008758443453476887,2.763102111592855,0.0031697863849222273,0.5143932673972327,2.0,exponential,252,2014.0,2014.0,3.1975,0,0.0,1.0,1.0
10000,2.0,0.3,0.008758443453476887,2.763102111592855,0.0031697863849222273,0.5143932673972327,2.0,exponential,253,7246.0,7246.0,2.9097,0,0.0,1.0,1.0
10000,2.0,0.3,0.008758443453476887,2.763102111592855,0.0031697863849222273,0.5143932673972327,2.0,exponential,254,1009.0,1009.0,3.0105,0,0.0,1.0,1.0
10000,2.0,0.3,0.008758443453476887,2.763102111592855,0.0031697863849222273,0.5143932673972327,2.0,exponential,255,1452.0,1452.0,3.0635,0,0.0,1.0,1.0
10000,2.0,0.3,0.008758443453476887,2.763102111592855,0.0031697863849222273,0.5143932673972327,2.0,exponential,256,1363.0,1363.0,3.3858,0,0.0,1.0,1.0
10000,2.0,0.3,0.008758443453476887,2.763102111592855,0.0031697863849222273,0.5143932673972327,2.0,exponential,257,5486.0,5486.0,3.3941,0,0.0,1.0,1.0
10000,2.0,0.3,0.008758443453476887,2.763102111592855,0.0031697863849222273,0.5143932673972327,2.0,exponential,258,1025.0,1025.0,3.1338,0,0.0,1.0,1.0
10000,2.0,0.3,0.008758443453476887,2.763102111592855,0.0031697863849222273,0.5143932673972327,2.0,exponential,259,1212.0,1212.0,3.195,0,0.0,1.0,1.0
10000,2.0,0.3,0.008758443453476887,2.763102111592855,0.0031697863849222273,0.5143932673972327,2.0,exponential,260,1161.0,1161.0,3.2235,0,0.0,1.0,1.0
10000,2.0,0.3,0.008758443453476887,2.763102111592855,0.0031697863849222273,0.5143932673972327,2.0,exponential,261,3966.0,3966.0,3.3586,0,0.0,1.0,1.0
10000,2.0,0.3,0.008758443453476887,2.763102111592855,0.0031697863849222273,0.5143932673972327,2.0,exponential,262,8454.0,8454.0,3.7635999,0,0.0,1.0,1.0
10000,2.0,0.3,0.008758443453476887,2.763102111592855,0.0031697863849222273,0.5143932673972327,2.0,exponential,263,2811.0,2811.0,3.5572,0,0.0,1.0,1.0
10000,2.0,0.3,0.008758443453476887,2.763102111592855,0.0031697863849222273,0.5143932673972327,2.0,exponential,264,2142.0,2142.0,3.5275998,0,0.0,1.0,1.0
10000,2.0,0.3,0.008758443453476887,2.763102111592855,0.0031697863849222273,0.5143932673972327,2.0,exponential,265,1552.0,1552.0,3.2068,0,0.0,1.0,1.0
10000,2.0,0.3,0.008758443453476887,2.763102111592855,0.0031697863849222273,0.5143932673972327,2.0,exponential,266,557.0,557.0,3.5381,0,0.0,1.0,1.0
10000,2.0,0.3,0.008758443453476887,2.763102111592855,0.0031697863849222273,0.5143932673972327,2.0,exponential,267,1266.0,1266.0,3.1534,0,0.0,1.0,1.0
10000,2.0,0.3,0.008758443453476887,2.763102111592855,0.0031697863849222273,0.5143932673972327,2.0,exponential,268,3968.0,3968.0,3.3346999,0,0.0,1.0,1.0
10000,2.0,0.3,0.008758443453476887,2.763102111592855,0.0031697863849222273,0.5143932673972327,2.0,exponential,269,2382.0,2382.0,3.1488,0,0.0,1.0,1.0
10000,2.0,0.3,0.008758443453476887,2.763102111592855,0.0031697863849222273,0.5143932673972327,2.0,exponential,270,829.0,829.0,3.2222,0,0.0,1.0,1.0
10000,2.0,0.3,0.008758443453476887,2.763102111592855,0.0031697863849222273,0.5143932673972327,2.0,exponential,271,5449.0,5449.0,3.1783998,0,0.0,1.0,1.0
10000,2.0,0.3,0.008758443453476887,2.763102111592855,0.0031697863849222273,0.5143932673972327,2.0,exponential,272,1904.0,1904.0,3.1599,0,0.0,1.0,1.0
10000,2.0,0.3,0.008758443453476887,2.763102111592855,0.0031697863849222273,0.5143932673972327,2.0,exponential,273,2873.0,2873.0,3.5511,0,0.0,1.0,1.0
10000,2.0,0.3,0.008758443453476887,2.763102111592855,0.0031697863849222273,0.5143932673972327,2.0,exponential,274,2549.0,2549.0,3.1771,0,0.0,1.0,1.0
10000,2.0,0.3,0.008758443453476887,2.763102111592855,0.0031697863849222273,0.5143932673972327,2.0,exponential,275,3799.0,3799.0,3.6806998,0,0.0,1.0,1.0
10000,2.0,0.3,0.008758443453476887,2.763102111592855,0.0031697863849222273,0.5143932673972327,2.0,exponential,276,7329.0,7329.0,3.3860998,0,0.0,1.0,1.0
10000,2.0,0.3,0.008758443453476887,2.763102111592855,0.0031697863849222273,0.5143932673972327,2.0,exponential,277,1448.0,1448.0,3.0825999,0,0.0,1.0,1.0
10000,2.0,0.3,0.008758443453476887,2.763102111592855,0.0031697863849222273,0.5143932673972327,2.0,exponential,278,8978.0,8978.0,3.2496,0,0.0,1.0,1.0
10000,2.0,0.3,0.008758443453476887,2.763102111592855,0.0031697863849222273,0.5143932673972327,2.0,exponential,279,7138.0,7138.0,3.6325998,0,0.0,1.0,1.0
10000,2.0,0.3,0.008758443453476887,2.763102111592855,0.0031697863849222273,0.5143932673972327,2.0,exponential,280,3325.0,3325.0,3.2903,0,0.0,1.0,1.0
10000,2.0,0.3,0.008758443453476887,2.763102111592855,0.0031697863849222273,0.5143932673972327,2.0,exponential,281,3484.0,3484.0,3.6051,0,0.0,1.0,1.0
10000,2.0,0.3,0.008758443453476887,2.763102111592855,0.0031697863849222273,0.5143932673972327,2.0,exponential,282,704.0,704.0,3.0885,0,0.0,1.0,1.0
10000,2.0,0.3,0.008758443453476887,2.763102111592855,0.0031697863849222273,0.5143932673972327,2.0,exponential,283,2224.0,2224.0,3.2036,0,0.0,1.0,1.0
10000,2.0,0.3,0.008758443453476887,2.763102111592855,0.0031697863849222273,0.5143932673972327,2.0,exponential,284,1255.0,1255.0,3.4311,0,0.0,1.0,1.0
10000,2.0,0.3,0.008758443453476887,2.763102111592855,0.0031697863849222273,0.5143932673972327,2.0,exponential,285,3234.0,3234.0,3.5830998,0,0.0,1.0,1.0
10000,2.0,0.3,0.008758443453476887,2.763102111592855,0.0031697863849222273,0.5143932673972327,2.0,exponential,286,2942.0,2942.0,3.2828999,0,0.0,1.0,1.0
10000,2.0,0.3,0.008758443453476887,2.763102111592855,0.0031697863849222273,0.5143932673972327,2.0,exponential,287,951.0,951.0,3.1866,0,0.0,1.0,1.0
10000,2.0,0.3,0.008758443453476887,2.763102111592855,0.0031697863849222273,0.5143932673972327,2.0,exponential,288,2787.0,2787.0,2.9882998,0,0.0,1.0,1.0
10000,2.0,0.3,0.008758443453476887,2.763102111592855,0.0031697863849222273,0.5143932673972327,2.0,exponential,289,4656.0,4656.0,3.6009998,0,0.0,1.0,1.0
10000,2.0,0.3,0.008758443453476887,2.763102111592855,0.0031697863849222273,0.5143932673972327,2.0,exponential,290,2748.0,2748.0,3.9924998,0,0.0,1.0,1.0
10000,2.0,0.3,0.008758443453476887,2.763102111592855,0.0031697863849222273,0.5143932673972327,2.0,exponential,291,1350.0,1350.0,3.2222998,0,0.0,1.0,1.0
10000,2.0,0.3,0.008758443453476887,2.763102111592855,0.0031697863849222273,0.5143932673972327,2.0,exponential,292,3590.0,3590.0,3.2839,0,0.0,1.0,1.0
10000,2.0,0.3,0.008758443453476887,2.763102111592855,0.0031697863849222273,0.5143932673972327,2.0,exponential,293,3023.0,3023.0,3.2291,0,0.0,1.0,1.0
10000,2.0,0.3,0.008758443453476887,2.763102111592855,0.0031697863849222273,0.5143932673972327,2.0,exponential,294,1878.0,1878.0,3.5777,0,0.0,1.0,1.0
10000,2.0,0.3,0.008758443453476887,2.763102111592855,0.0031697863849222273,0.5143932673972327,2.0,exponential,295,4476.0,4476.0,3.4708998,0,0.0,1.0,1.0
10000,2.0,0.3,0.008758443453476887,2.763102111592855,0.0031697863849222273,0.5143932673972327,2.0,exponential,296,6220.0,6220.0,3.3147,0,0.0,1.0,1.0
10000,2.0,0.3,0.008758443453476887,2.763102111592855,0.0031697863849222273,0.5143932673972327,2.0,exponential,297,1926.0,1926.0,3.1213999,0,0.0,1.0,1.0
10000,2.0,0.3,0.008758443453476887,2.763102111592855,0.0031697863849222273,0.5143932673972327,2.0,exponential,298,4764.0,4764.0,3.5117,0,0.0,1.0,1.0
10000,2.0,0.3,0.008758443453476887,2.763102111592855,0.0031697863849222273,0.5143932673972327,2.0,exponential,299,950.0,950.0,3.2486,0,0.0,1.0,1.0
10000,2.0,0.3,0.008758443453476887,2.763102111592855,0.0031697863849222273,0.5143932673972327,2.0,exponential,300,6914.0,6914.0,3.3158998,0,0.0,1.0,1.0
10000,2.0,0.3,0.008758443453476887,2.763102111592855,0.0031697863849222273,0.5143932673972327,2.0,exponential,301,2643.0,2643.0,3.2761998,0,0.0,1.0,1.0
10000,2.0,0.3,0.008758443453476887,2.763102111592855,0.0031697863849222273,0.5143932673972327,2.0,exponential,302,2071.0,2071.0,3.3142998,0,0.0,1.0,1.0
10000,2.0,0.3,0.008758443453476887,2.763102111592855,0.0031697863849222273,0.5143932673972327,2.0,exponential,303,5820.0,5820.0,2.8859,0,0.0,1.0,1.0
10000,2.0,0.3,0.008758443453476887,2.763102111592855,0.0031697863849222273,0.5143932673972327,2.0,exponential,304,1084.0,1084.0,3.5096998,0,0.0,1.0,1.0
10000,2.0,0.3,0.008758443453476887,2.763102111592855,0.0031697863849222273,0.5143932673972327,2.0,exponential,305,4457.0,4457.0,3.2949,0,0.0,1.0,1.0
10000,2.0,0.3,0.008758443453476887,2.763102111592855,0.0031697863849222273,0.5143932673972327,2.0,exponential,306,661.0,661.0,2.9266999,0,0.0,1.0,1.0
10000,2.0,0.3,0.008758443453476887,2.763102111592855,0.0031697863849222273,0.5143932673972327,2.0,exponential,307,1747.0,1747.0,3.3902,0,0.0,1.0,1.0
10000,2.0,0.3,0.008758443453476887,2.763102111592855,0.0031697863849222273,0.5143932673972327,2.0,exponential,308,604.0,604.0,3.2459998,0,0.0,1.0,1.0
10000,2.0,0.3,0.008758443453476887,2.763102111592855,0.0031697863849222273,0.5143932673972327,2.0,exponential,309,2036.0,2036.0,3.4011,0,0.0,1.0,1.0
10000,2.0,0.3,0.008758443453476887,2.763102111592855,0.0031697863849222273,0.5143932673972327,2.0,exponential,310,5236.0,5236.0,3.5281,0,0.0,1.0,1.0
10000,2.0,0.3,0.008758443453476887,2.763102111592855,0.0031697863849222273,0.5143932673972327,2.0,exponential,311,3975.0,3975.0,3.2328,0,0.0,1.0,1.0
10000,2.0,0.3,0.008758443453476887,2.763102111592855,0.0031697863849222273,0.5143932673972327,2.0,exponential,312,2277.0,2277.0,2.8242998,0,0.0,1.0,1.0
10000,2.0,0.3,0.008758443453476887,2.763102111592855,0.0031697863849222273,0.5143932673972327,2.0,exponential,313,727.0,727.0,3.4194,0,0.0,1.0,1.0
10000,2.0,0.3,0.008758443453476887,2.763102111592855,0.0031697863849222273,0.5143932673972327,2.0,exponential,314,1303.0,1303.0,3.2228,0,0.0,1.0,1.0
10000,2.0,0.3,0.008758443453476887,2.763102111592855,0.0031697863849222273,0.5143932673972327,2.0,exponential,315,2713.0,2713.0,3.0163,0,0.0,1.0,1.0
10000,2.0,0.3,0.008758443453476887,2.763102111592855,0.0031697863849222273,0.5143932673972327,2.0,exponential,316,4822.0,4822.0,3.1279,0,0.0,1.0,1.0
10000,2.0,0.3,0.008758443453476887,2.763102111592855,0.0031697863849222273,0.5143932673972327,2.0,exponential,317,1063.0,1063.0,2.8894,0,0.0,1.0,1.0
10000,2.0,0.3,0.008758443453476887,2.763102111592855,0.0031697863849222273,0.5143932673972327,2.0,exponential,318,2603.0,2603.0,3.3555,0,0.0,1.0,1.0
10000,2.0,0.3,0.008758443453476887,2.763102111592855,0.0031697863849222273,0.5143932673972327,2.0,exponential,319,1367.0,1367.0,2.9714,0,0.0,1.0,1.0
10000,2.0,0.3,0.008758443453476887,2.763102111592855,0.0031697863849222273,0.5143932673972327,2.0,exponential,320,10823.0,10823.0,3.1987,0,0.0,1.0,1.0
10000,2.0,0.3,0.008758443453476887,2.763102111592855,0.0031697863849222273,0.5143932673972327,2.0,exponential,321,3585.0,3585.0,3.3688,0,0.0,1.0,1.0
10000,2.0,0.3,0.008758443453476887,2.763102111592855,0.0031697863849222273,0.5143932673972327,2.0,exponential,322,3371.0,3371.0,3.5033,0,0.0,1.0,1.0
10000,2.0,0.3,0.008758443453476887,2.763102111592855,0.0031697863849222273,0.5143932673972327,2.0,exponential,323,6432.0,6432.0,3.2535,0,0.0,1.0,1.0
10000,2.0,0.3,0.008758443453476887,2.763102111592855,0.0031697863849222273,0.5143932673972327,2.0,exponential,324,2284.0,2284.0,3.0795999,0,0.0,1.0,1.0
10000,2.0,0.3,0.008758443453476887,2.763102111592855,0.0031697863849222273,0.5143932673972327,2.0,exponential,325,3210.0,3210.0,3.3748,0,0.0,1.0,1.0
10000,2.0,0.3,0.008758443453476887,2.763102111592855,0.0031697863849222273,0.5143932673972327,2.0,exponential,326,2220.0,2220.0,2.96,0,0.0,1.0,1.0
10000,2.0,0.3,0.008758443453476887,2.763102111592855,0.0031697863849222273,0.5143932673972327,2.0,exponential,327,1688.0,1688.0,2.7786999,0,0.0,1.0,1.0
10000,2.0,0.3,0.008758443453476887,2.763102111592855,0.0031697863849222273,0.5143932673972327,2.0,exponential,328,1287.0,1287.0,3.1604998,0,0.0,1.0,1.0
10000,2.0,0.3,0.008758443453476887,2.763102111592855,0.0031697863849222273,0.5143932673972327,2.0,exponential,329,662.0,662.0,3.5212,0,0.0,1.0,1.0
10000,2.0,0.3,0.008758443453476887,2.763102111592855,0.0031697863849222273,0.5143932673972327,2.0,exponential,330,1817.0,1817.0,3.6162999,0,0.0,1.0,1.0
10000,2.0,0.3,0.008758443453476887,2.763102111592855,0.0031697863849222273,0.5143932673972327,2.0,exponential,331,4012.0,4012.0,3.3836,0,0.0,1.0,1.0
10000,2.0,0.3,0.008758443453476887,2.763102111592855,0.0031697863849222273,0.5143932673972327,2.0,exponential,332,5194.0,5194.0,3.3797998,0,0.0,1.0,1.0
10000,2.0,0.3,0.008758443453476887,2.763102111592855,0.0031697863849222273,0.5143932673972327,2.0,exponential,333,1278.0,1278.0,3.2250998,0,0.0,1.0,1.0
10000,2.0,0.3,0.008758443453476887,2.763102111592855,0.0031697863849222273,0.5143932673972327,2.0,exponential,334,402.0,402.0,3.2791998,0,0.0,1.0,1.0
10000,2.0,0.3,0.008758443453476887,2.763102111592855,0.0031697863849222273,0.5143932673972327,2.0,exponential,335,1745.0,1745.0,2.9052,0,0.0,1.0,1.0
10000,2.0,0.3,0.008758443453476887,2.763102111592855,0.0031697863849222273,0.5143932673972327,2.0,exponential,336,451.0,451.0,3.0993998,0,0.0,1.0,1.0
10000,2.0,0.3,0.008758443453476887,2.763102111592855,0.0031697863849222273,0.5143932673972327,2.0,exponential,337,2876.0,2876.0,3.4124,0,0.0,1.0,1.0
10000,2.0,0.3,0.008758443453476887,2.763102111592855,0.0031697863849222273,0.5143932673972327,2.0,exponential,338,7813.0,7813.0,3.2731,0,0.0,1.0,1.0
10000,2.0,0.3,0.008758443453476887,2.763102111592855,0.0031697863849222273,0.5143932673972327,2.0,exponential,339,1105.0,1105.0,3.0997999,0,0.0,1.0,1.0
10000,2.0,0.3,0.008758443453476887,2.763102111592855,0.0031697863849222273,0.5143932673972327,2.0,exponential,340,3932.0,3932.0,3.2133,0,0.0,1.0,1.0
10000,2.0,0.3,0.008758443453476887,2.763102111592855,0.0031697863849222273,0.5143932673972327,2.0,exponential,341,1351.0,1351.0,3.3583,0,0.0,1.0,1.0
10000,2.0,0.3,0.008758443453476887,2.763102111592855,0.0031697863849222273,0.5143932673972327,2.0,exponential,342,466.0,466.0,3.2707999,0,0.0,1.0,1.0
10000,2.0,0.3,0.008758443453476887,2.763102111592855,0.0031697863849222273,0.5143932673972327,2.0,exponential,343,7990.0,7990.0,3.1251,0,0.0,1.0,1.0
10000,2.0,0.3,0.008758443453476887,2.763102111592855,0.0031697863849222273,0.5143932673972327,2.0,exponential,344,1785.0,1785.0,3.3432,0,0.0,1.0,1.0
10000,2.0,0.3,0.008758443453476887,2.763102111592855,0.0031697863849222273,0.5143932673972327,2.0,exponential,345,940.0,940.0,3.2933,0,0.0,1.0,1.0
10000,2.0,0.3,0.008758443453476887,2.763102111592855,0.0031697863849222273,0.5143932673972327,2.0,exponential,346,684.0,684.0,3.0792,0,0.0,1.0,1.0
10000,2.0,0.3,0.008758443453476887,2.763102111592855,0.0031697863849222273,0.5143932673972327,2.0,exponential,347,1608.0,1608.0,3.5647,0,0.0,1.0,1.0
10000,2.0,0.3,0.008758443453476887,2.763102111592855,0.0031697863849222273,0.5143932673972327,2.0,exponential,348,1999.0,1999.0,3.1543,0,0.0,1.0,1.0
10000,2.0,0.3,0.008758443453476887,2.763102111592855,0.0031697863849222273,0.5143932673972327,2.0,exponential,349,2568.0,2568.0,3.0621,0,0.0,1.0,1.0
10000,2.0,0.3,0.008758443453476887,2.763102111592855,0.0031697863849222273,0.5143932673972327,2.0,exponential,350,514.0,514.0,3.0267,0,0.0,1.0,1.0
10000,2.0,0.3,0.008758443453476887,2.763102111592855,0.0031697863849222273,0.5143932673972327,2.0,exponential,351,2319.0,2319.0,3.0128,0,0.0,1.0,1.0
10000,2.0,0.3,0.008758443453476887,2.763102111592855,0.0031697863849222273,0.5143932673972327,2.0,exponential,352,1908.0,1908.0,3.4996998,0,0.0,1.0,1.0
10000,2.0,0.3,0.008758443453476887,2.763102111592855,0.0031697863849222273,0.5143932673972327,2.0,exponential,353,5850.0,5850.0,3.1557999,0,0.0,1.0,1.0
10000,2.0,0.3,0.008758443453476887,2.763102111592855,0.0031697863849222273,0.5143932673972327,2.0,exponential,354,2796.0,2796.0,2.7309,0,0.0,1.0,1.0
10000,2.0,0.3,0.008758443453476887,2.763102111592855,0.0031697863849222273,0.5143932673972327,2.0,exponential,355,3072.0,3072.0,3.1064,0,0.0,1.0,1.0
10000,2.0,0.3,0.008758443453476887,2.763102111592855,0.0031697863849222273,0.5143932673972327,2.0,exponential,356,999.0,999.0,3.0089998,0,0.0,1.0,1.0
10000,2.0,0.3,0.008758443453476887,2.763102111592855,0.0031697863849222273,0.5143932673972327,2.0,exponential,357,2848.0,2848.0,3.1604998,0,0.0,1.0,1.0
10000,2.0,0.3,0.008758443453476887,2.763102111592855,0.0031697863849222273,0.5143932673972327,2.0,exponential,358,269.0,269.0,3.3005,0,0.0,1.0,1.0
10000,2.0,0.3,0.008758443453476887,2.763102111592855,0.0031697863849222273,0.5143932673972327,2.0,exponential,359,1726.0,1726.0,3.0128999,0,0.0,1.0,1.0
10000,2.0,0.3,0.008758443453476887,2.763102111592855,0.0031697863849222273,0.5143932673972327,2.0,exponential,360,3129.0,3129.0,3.2991998,0,0.0,1.0,1.0
10000,2.0,0.3,0.008758443453476887,2.763102111592855,0.0031697863849222273,0.5143932673972327,2.0,exponential,361,2476.0,2476.0,3.7185,0,0.0,1.0,1.0
10000,2.0,0.3,0.008758443453476887,2.763102111592855,0.0031697863849222273,0.5143932673972327,2.0,exponential,362,1042.0,1042.0,3.5884,0,0.0,1.0,1.0
10000,2.0,0.3,0.008758443453476887,2.763102111592855,0.0031697863849222273,0.5143932673972327,2.0,exponential,363,675.0,675.0,3.0802,0,0.0,1.0,1.0
10000,2.0,0.3,0.008758443453476887,2.763102111592855,0.0031697863849222273,0.5143932673972327,2.0,exponential,364,2618.0,2618.0,3.4638,0,0.0,1.0,1.0
10000,2.0,0.3,0.008758443453476887,2.763102111592855,0.0031697863849222273,0.5143932673972327,2.0,exponential,365,3645.0,3645.0,3.3151999,0,0.0,1.0,1.0
10000,2.0,0.3,0.008758443453476887,2.763102111592855,0.0031697863849222273,0.5143932673972327,2.0,exponential,366,2283.0,2283.0,3.6185,0,0.0,1.0,1.0
10000,2.0,0.3,0.008758443453476887,2.763102111592855,0.0031697863849222273,0.5143932673972327,2.0,exponential,367,423.0,423.0,2.7969,0,0.0,1.0,1.0
10000,2.0,0.3,0.008758443453476887,2.763102111592855,0.0031697863849222273,0.5143932673972327,2.0,exponential,368,9788.0,9788.0,2.8555999,0,0.0,1.0,1.0
10000,2.0,0.3,0.008758443453476887,2.763102111592855,0.0031697863849222273,0.5143932673972327,2.0,exponential,369,1839.0,1839.0,3.9348998,0,0.0,1.0,1.0
10000,2.0,0.3,0.008758443453476887,2.763102111592855,0.0031697863849222273,0.5143932673972327,2.0,exponential,370,1828.0,1828.0,3.0066,0,0.0,1.0,1.0
10000,2.0,0.3,0.008758443453476887,2.763102111592855,0.0031697863849222273,0.5143932673972327,2.0,exponential,371,3736.0,3736.0,3.2826998,0,0.0,1.0,1.0
10000,2.0,0.3,0.008758443453476887,2.763102111592855,0.0031697863849222273,0.5143932673972327,2.0,exponential,372,1751.0,1751.0,3.2919,0,0.0,1.0,1.0
10000,2.0,0.3,0.008758443453476887,2.763102111592855,0.0031697863849222273,0.5143932673972327,2.0,exponential,373,603.0,603.0,3.3528,0,0.0,1.0,1.0
10000,2.0,0.3,0.008758443453476887,2.763102111592855,0.0031697863849222273,0.5143932673972327,2.0,exponential,374,940.0,940.0,3.0783,0,0.0,1.0,1.0
10000,2.0,0.3,0.008758443453476887,2.763102111592855,0.0031697863849222273,0.5143932673972327,2.0,exponential,375,3054.0,3054.0,3.0902,0,0.0,1.0,1.0
10000,2.0,0.3,0.008758443453476887,2.763102111592855,0.0031697863849222273,0.5143932673972327,2.0,exponential,376,2524.0,2524.0,3.4408998,0,0.0,1.0,1.0
10000,2.0,0.3,0.008758443453476887,2.763102111592855,0.0031697863849222273,0.5143932673972327,2.0,exponential,377,725.0,725.0,2.9873998,0,0.0,1.0,1.0
10000,2.0,0.3,0.008758443453476887,2.763102111592855,0.0031697863849222273,0.5143932673972327,2.0,exponential,378,1430.0,1430.0,3.151,0,0.0,1.0,1.0
10000,2.0,0.3,0.008758443453476887,2.763102111592855,0.0031697863849222273,0.5143932673972327,2.0,exponential,379,7944.0,7944.0,3.5686998,0,0.0,1.0,1.0
10000,2.0,0.3,0.008758443453476887,2.763102111592855,0.0031697863849222273,0.5143932673972327,2.0,exponential,380,663.0,663.0,3.1789,0,0.0,1.0,1.0
10000,2.0,0.3,0.008758443453476887,2.763102111592855,0.0031697863849222273,0.5143932673972327,2.0,exponential,381,3421.0,3421.0,3.2256,0,0.0,1.0,1.0
10000,2.0,0.3,0.008758443453476887,2.763102111592855,0.0031697863849222273,0.5143932673972327,2.0,exponential,382,3479.0,3479.0,3.3369,0,0.0,1.0,1.0
10000,2.0,0.3,0.008758443453476887,2.763102111592855,0.0031697863849222273,0.5143932673972327,2.0,exponential,383,696.0,696.0,3.0642998,0,0.0,1.0,1.0
10000,2.0,0.3,0.008758443453476887,2.763102111592855,0.0031697863849222273,0.5143932673972327,2.0,exponential,384,5634.0,5634.0,3.2128,0,0.0,1.0,1.0
10000,2.0,0.3,0.008758443453476887,2.763102111592855,0.0031697863849222273,0.5143932673972327,2.0,exponential,385,12667.0,12667.0,3.0411,0,0.0,1.0,1.0
10000,2.0,0.3,0.008758443453476887,2.763102111592855,0.0031697863849222273,0.5143932673972327,2.0,exponential,386,2502.0,2502.0,3.0893,0,0.0,1.0,1.0
10000,2.0,0.3,0.008758443453476887,2.763102111592855,0.0031697863849222273,0.5143932673972327,2.0,exponential,387,524.0,524.0,3.0261998,0,0.0,1.0,1.0
10000,2.0,0.3,0.008758443453476887,2.763102111592855,0.0031697863849222273,0.5143932673972327,2.0,exponential,388,5288.0,5288.0,3.3007998,0,0.0,1.0,1.0
10000,2.0,0.3,0.008758443453476887,2.763102111592855,0.0031697863849222273,0.5143932673972327,2.0,exponential,389,542.0,542.0,3.843,0,0.0,1.0,1.0
10000,2.0,0.3,0.008758443453476887,2.763102111592855,0.0031697863849222273,0.5143932673972327,2.0,exponential,390,2707.0,2707.0,3.6481998,0,0.0,1.0,1.0
10000,2.0,0.3,0.008758443453476887,2.763102111592855,0.0031697863849222273,0.5143932673972327,2.0,exponential,391,2493.0,2493.0,3.8244,0,0.0,1.0,1.0
10000,2.0,0.3,0.008758443453476887,2.763102111592855,0.0031697863849222273,0.5143932673972327,2.0,exponential,392,1168.0,1168.0,3.0721,0,0.0,1.0,1.0
10000,2.0,0.3,0.008758443453476887,2.763102111592855,0.0031697863849222273,0.5143932673972327,2.0,exponential,393,511.0,511.0,3.0556,0,0.0,1.0,1.0
10000,2.0,0.3,0.008758443453476887,2.763102111592855,0.0031697863849222273,0.5143932673972327,2.0,exponential,394,418.0,418.0,2.9299,0,0.0,1.0,1.0
10000,2.0,0.3,0.008758443453476887,2.763102111592855,0.0031697863849222273,0.5143932673972327,2.0,exponential,395,20602.0,20602.0,3.1204998,0,0.0,1.0,1.0
10000,2.0,0.3,0.008758443453476887,2.763102111592855,0.0031697863849222273,0.5143932673972327,2.0,exponential,396,306.0,306.0,2.9779,0,0.0,1.0,1.0
10000,2.0,0.3,0.008758443453476887,2.763102111592855,0.0031697863849222273,0.5143932673972327,2.0,exponential,397,1297.0,1297.0,3.5832,0,0.0,1.0,1.0
10000,2.0,0.3,0.008758443453476887,2.763102111592855,0.0031697863849222273,0.5143932673972327,2.0,exponential,398,3845.0,3845.0,3.2452998,0,0.0,1.0,1.0
10000,2.0,0.3,0.008758443453476887,2.763102111592855,0.0031697863849222273,0.5143932673972327,2.0,exponential,399,1693.0,1693.0,3.0425,0,0.0,1.0,1.0
10000,2.0,0.3,0.008758443453476887,2.763102111592855,0.0031697863849222273,0.5143932673972327,2.0,exponential,400,2341.0,2341.0,3.2514,0,0.0,1.0,1.0
10000,2.0,0.3,0.008758443453476887,2.763102111592855,0.0031697863849222273,0.5143932673972327,2.0,exponential,401,4284.0,4284.0,4.2125998,0,0.0,1.0,1.0
10000,2.0,0.3,0.008758443453476887,2.763102111592855,0.0031697863849222273,0.5143932673972327,2.0,exponential,402,381.0,381.0,3.3751,0,0.0,1.0,1.0
10000,2.0,0.3,0.008758443453476887,2.763102111592855,0.0031697863849222273,0.5143932673972327,2.0,exponential,403,1986.0,1986.0,3.4141998,0,0.0,1.0,1.0
10000,2.0,0.3,0.008758443453476887,2.763102111592855,0.0031697863849222273,0.5143932673972327,2.0,exponential,404,1229.0,1229.0,3.2191,0,0.0,1.0,1.0
10000,2.0,0.3,0.008758443453476887,2.763102111592855,0.0031697863849222273,0.5143932673972327,2.0,exponential,405,5697.0,5697.0,3.2522,0,0.0,1.0,1.0
10000,2.0,0.3,0.008758443453476887,2.763102111592855,0.0031697863849222273,0.5143932673972327,2.0,exponential,406,5715.0,5715.0,3.5379999,0,0.0,1.0,1.0
10000,2.0,0.3,0.008758443453476887,2.763102111592855,0.0031697863849222273,0.5143932673972327,2.0,exponential,407,2240.0,2240.0,3.6437,0,0.0,1.0,1.0
10000,2.0,0.3,0.008758443453476887,2.763102111592855,0.0031697863849222273,0.5143932673972327,2.0,exponential,408,6509.0,6509.0,3.4512,0,0.0,1.0,1.0
10000,2.0,0.3,0.008758443453476887,2.763102111592855,0.0031697863849222273,0.5143932673972327,2.0,exponential,409,3054.0,3054.0,3.1471999,0,0.0,1.0,1.0
10000,2.0,0.3,0.008758443453476887,2.763102111592855,0.0031697863849222273,0.5143932673972327,2.0,exponential,410,1870.0,1870.0,3.5042,0,0.0,1.0,1.0
10000,2.0,0.3,0.008758443453476887,2.763102111592855,0.0031697863849222273,0.5143932673972327,2.0,exponential,411,9643.0,9643.0,3.4278,0,0.0,1.0,1.0
10000,2.0,0.3,0.008758443453476887,2.763102111592855,0.0031697863849222273,0.5143932673972327,2.0,exponential,412,5404.0,5404.0,3.1409,0,0.0,1.0,1.0
10000,2.0,0.3,0.008758443453476887,2.763102111592855,0.0031697863849222273,0.5143932673972327,2.0,exponential,413,1468.0,1468.0,3.1718,0,0.0,1.0,1.0
10000,2.0,0.3,0.008758443453476887,2.763102111592855,0.0031697863849222273,0.5143932673972327,2.0,exponential,414,3316.0,3316.0,3.1216,0,0.0,1.0,1.0
10000,2.0,0.3,0.008758443453476887,2.763102111592855,0.0031697863849222273,0.5143932673972327,2.0,exponential,415,3561.0,3561.0,3.2273,0,0.0,1.0,1.0
10000,2.0,0.3,0.008758443453476887,2.763102111592855,0.0031697863849222273,0.5143932673972327,2.0,exponential,416,1717.0,1717.0,3.2221,0,0.0,1.0,1.0
10000,2.0,0.3,0.008758443453476887,2.763102111592855,0.0031697863849222273,0.5143932673972327,2.0,exponential,417,4954.0,4954.0,3.3404999,0,0.0,1.0,1.0
10000,2.0,0.3,0.008758443453476887,2.763102111592855,0.0031697863849222273,0.5143932673972327,2.0,exponential,418,5654.0,5654.0,3.4838998,0,0.0,1.0,1.0
10000,2.0,0.3,0.008758443453476887,2.763102111592855,0.0031697863849222273,0.5143932673972327,2.0,exponential,419,3281.0,3281.0,3.0621998,0,0.0,1.0,1.0
10000,2.0,0.3,0.008758443453476887,2.763102111592855,0.0031697863849222273,0.5143932673972327,2.0,exponential,420,11765.0,11765.0,3.2875,0,0.0,1.0,1.0
10000,2.0,0.3,0.008758443453476887,2.763102111592855,0.0031697863849222273,0.5143932673972327,2.0,exponential,421,3814.0,3814.0,3.0416,0,0.0,1.0,1.0
10000,2.0,0.3,0.008758443453476887,2.763102111592855,0.0031697863849222273,0.5143932673972327,2.0,exponential,422,6810.0,6810.0,3.1392,0,0.0,1.0,1.0
10000,2.0,0.3,0.008758443453476887,2.763102111592855,0.0031697863849222273,0.5143932673972327,2.0,exponential,423,1881.0,1881.0,3.3053,0,0.0,1.0,1.0
10000,2.0,0.3,0.008758443453476887,2.763102111592855,0.0031697863849222273,0.5143932673972327,2.0,exponential,424,3838.0,3838.0,3.5644999,0,0.0,1.0,1.0
10000,2.0,0.3,0.008758443453476887,2.763102111592855,0.0031697863849222273,0.5143932673972327,2.0,exponential,425,2450.0,2450.0,3.151,0,0.0,1.0,1.0
10000,2.0,0.3,0.008758443453476887,2.763102111592855,0.0031697863849222273,0.5143932673972327,2.0,exponential,426,2013.0,2013.0,3.8258,0,0.0,1.0,1.0
10000,2.0,0.3,0.008758443453476887,2.763102111592855,0.0031697863849222273,0.5143932673972327,2.0,exponential,427,1333.0,1333.0,3.0793998,0,0.0,1.0,1.0
10000,2.0,0.3,0.008758443453476887,2.763102111592855,0.0031697863849222273,0.5143932673972327,2.0,exponential,428,12845.0,12845.0,3.194,0,0.0,1.0,1.0
10000,2.0,0.3,0.008758443453476887,2.763102111592855,0.0031697863849222273,0.5143932673972327,2.0,exponential,429,2719.0,2719.0,2.8651,0,0.0,1.0,1.0
10000,2.0,0.3,0.008758443453476887,2.763102111592855,0.0031697863849222273,0.5143932673972327,2.0,exponential,430,5003.0,5003.0,3.3255,0,0.0,1.0,1.0
10000,2.0,0.3,0.008758443453476887,2.763102111592855,0.0031697863849222273,0.5143932673972327,2.0,exponential,431,2790.0,2790.0,3.1107,0,0.0,1.0,1.0
10000,2.0,0.3,0.008758443453476887,2.763102111592855,0.0031697863849222273,0.5143932673972327,2.0,exponential,432,503.0,503.0,2.8151999,0,0.0,1.0,1.0
10000,2.0,0.3,0.008758443453476887,2.763102111592855,0.0031697863849222273,0.5143932673972327,2.0,exponential,433,524.0,524.0,3.5382998,0,0.0,1.0,1.0
10000,2.0,0.3,0.008758443453476887,2.763102111592855,0.0031697863849222273,0.5143932673972327,2.0,exponential,434,6916.0,6916.0,3.293,0,0.0,1.0,1.0
10000,2.0,0.3,0.008758443453476887,2.763102111592855,0.0031697863849222273,0.5143932673972327,2.0,exponential,435,238.0,238.0,3.1627,0,0.0,1.0,1.0
10000,2.0,0.3,0.008758443453476887,2.763102111592855,0.0031697863849222273,0.5143932673972327,2.0,exponential,436,1345.0,1345.0,3.757,0,0.0,1.0,1.0
10000,2.0,0.3,0.008758443453476887,2.763102111592855,0.0031697863849222273,0.5143932673972327,2.0,exponential,437,444.0,444.0,2.9845,0,0.0,1.0,1.0
10000,2.0,0.3,0.008758443453476887,2.763102111592855,0.0031697863849222273,0.5143932673972327,2.0,exponential,438,4502.0,4502.0,3.3162,0,0.0,1.0,1.0
10000,2.0,0.3,0.008758443453476887,2.763102111592855,0.0031697863849222273,0.5143932673972327,2.0,exponential,439,2270.0,2270.0,2.9794,0,0.0,1.0,1.0
10000,2.0,0.3,0.008758443453476887,2.763102111592855,0.0031697863849222273,0.5143932673972327,2.0,exponential,440,1272.0,1272.0,3.3521,0,0.0,1.0,1.0
10000,2.0,0.3,0.008758443453476887,2.763102111592855,0.0031697863849222273,0.5143932673972327,2.0,exponential,441,2624.0,2624.0,3.1896,0,0.0,1.0,1.0
10000,2.0,0.3,0.008758443453476887,2.763102111592855,0.0031697863849222273,0.5143932673972327,2.0,exponential,442,1837.0,1837.0,3.5470998,0,0.0,1.0,1.0
10000,2.0,0.3,0.008758443453476887,2.763102111592855,0.0031697863849222273,0.5143932673972327,2.0,exponential,443,5845.0,5845.0,2.9287,0,0.0,1.0,1.0
10000,2.0,0.3,0.008758443453476887,2.763102111592855,0.0031697863849222273,0.5143932673972327,2.0,exponential,444,3548.0,3548.0,3.1915998,0,0.0,1.0,1.0
10000,2.0,0.3,0.008758443453476887,2.763102111592855,0.0031697863849222273,0.5143932673972327,2.0,exponential,445,342.0,342.0,3.4533,0,0.0,1.0,1.0
10000,2.0,0.3,0.008758443453476887,2.763102111592855,0.0031697863849222273,0.5143932673972327,2.0,exponential,446,3934.0,3934.0,3.5317998,0,0.0,1.0,1.0
10000,2.0,0.3,0.008758443453476887,2.763102111592855,0.0031697863849222273,0.5143932673972327,2.0,exponential,447,11315.0,11315.0,3.4227,0,0.0,1.0,1.0
10000,2.0,0.3,0.008758443453476887,2.763102111592855,0.0031697863849222273,0.5143932673972327,2.0,exponential,448,6280.0,6280.0,3.339,0,0.0,1.0,1.0
10000,2.0,0.3,0.008758443453476887,2.763102111592855,0.0031697863849222273,0.5143932673972327,2.0,exponential,449,13991.0,13991.0,3.7222998,0,0.0,1.0,1.0
10000,2.0,0.3,0.008758443453476887,2.763102111592855,0.0031697863849222273,0.5143932673972327,2.0,exponential,450,8719.0,8719.0,2.9517999,0,0.0,1.0,1.0
10000,2.0,0.3,0.008758443453476887,2.763102111592855,0.0031697863849222273,0.5143932673972327,2.0,exponential,451,9372.0,9372.0,3.7141,0,0.0,1.0,1.0
10000,2.0,0.3,0.008758443453476887,2.763102111592855,0.0031697863849222273,0.5143932673972327,2.0,exponential,452,4999.0,4999.0,3.3576999,0,0.0,1.0,1.0
10000,2.0,0.3,0.008758443453476887,2.763102111592855,0.0031697863849222273,0.5143932673972327,2.0,exponential,453,2656.0,2656.0,3.2586,0,0.0,1.0,1.0
10000,2.0,0.3,0.008758443453476887,2.763102111592855,0.0031697863849222273,0.5143932673972327,2.0,exponential,454,10790.0,10790.0,3.0751998,0,0.0,1.0,1.0
10000,2.0,0.3,0.008758443453476887,2.763102111592855,0.0031697863849222273,0.5143932673972327,2.0,exponential,455,1728.0,1728.0,3.2149,0,0.0,1.0,1.0
10000,2.0,0.3,0.008758443453476887,2.763102111592855,0.0031697863849222273,0.5143932673972327,2.0,exponential,456,2226.0,2226.0,3.4515,0,0.0,1.0,1.0
10000,2.0,0.3,0.008758443453476887,2.763102111592855,0.0031697863849222273,0.5143932673972327,2.0,exponential,457,2153.0,2153.0,3.8834999,0,0.0,1.0,1.0
10000,2.0,0.3,0.008758443453476887,2.763102111592855,0.0031697863849222273,0.5143932673972327,2.0,exponential,458,4886.0,4886.0,3.4259999,0,0.0,1.0,1.0
10000,2.0,0.3,0.008758443453476887,2.763102111592855,0.0031697863849222273,0.5143932673972327,2.0,exponential,459,2065.0,2065.0,3.1613,0,0.0,1.0,1.0
10000,2.0,0.3,0.008758443453476887,2.763102111592855,0.0031697863849222273,0.5143932673972327,2.0,exponential,460,3119.0,3119.0,3.1869,0,0.0,1.0,1.0
10000,2.0,0.3,0.008758443453476887,2.763102111592855,0.0031697863849222273,0.5143932673972327,2.0,exponential,461,10308.0,10308.0,3.1606,0,0.0,1.0,1.0
10000,2.0,0.3,0.008758443453476887,2.763102111592855,0.0031697863849222273,0.5143932673972327,2.0,exponential,462,9834.0,9834.0,3.3786,0,0.0,1.0,1.0
10000,2.0,0.3,0.008758443453476887,2.763102111592855,0.0031697863849222273,0.5143932673972327,2.0,exponential,463,6238.0,6238.0,3.5133998,0,0.0,1.0,1.0
10000,2.0,0.3,0.008758443453476887,2.763102111592855,0.0031697863849222273,0.5143932673972327,2.0,exponential,464,1527.0,1527.0,3.0825999,0,0.0,1.0,1.0
10000,2.0,0.3,0.008758443453476887,2.763102111592855,0.0031697863849222273,0.5143932673972327,2.0,exponential,465,1260.0,1260.0,3.5684,0,0.0,1.0,1.0
10000,2.0,0.3,0.008758443453476887,2.763102111592855,0.0031697863849222273,0.5143932673972327,2.0,exponential,466,3942.0,3942.0,3.5946,0,0.0,1.0,1.0
10000,2.0,0.3,0.008758443453476887,2.763102111592855,0.0031697863849222273,0.5143932673972327,2.0,exponential,467,452.0,452.0,3.2303,0,0.0,1.0,1.0
10000,2.0,0.3,0.008758443453476887,2.763102111592855,0.0031697863849222273,0.5143932673972327,2.0,exponential,468,1675.0,1675.0,3.5124,0,0.0,1.0,1.0
10000,2.0,0.3,0.008758443453476887,2.763102111592855,0.0031697863849222273,0.5143932673972327,2.0,exponential,469,874.0,874.0,3.0839,0,0.0,1.0,1.0
10000,2.0,0.3,0.008758443453476887,2.763102111592855,0.0031697863849222273,0.5143932673972327,2.0,exponential,470,2654.0,2654.0,3.3351998,0,0.0,1.0,1.0
10000,2.0,0.3,0.008758443453476887,2.763102111592855,0.0031697863849222273,0.5143932673972327,2.0,exponential,471,731.0,731.0,3.3493,0,0.0,1.0,1.0
10000,2.0,0.3,0.008758443453476887,2.763102111592855,0.0031697863849222273,0.5143932673972327,2.0,exponential,472,8001.0,8001.0,2.8711998,0,0.0,1.0,1.0
10000,2.0,0.3,0.008758443453476887,2.763102111592855,0.0031697863849222273,0.5143932673972327,2.0,exponential,473,3604.0,3604.0,3.2087,0,0.0,1.0,1.0
10000,2.0,0.3,0.008758443453476887,2.763102111592855,0.0031697863849222273,0.5143932673972327,2.0,exponential,474,3659.0,3659.0,3.3581998,0,0.0,1.0,1.0
10000,2.0,0.3,0.008758443453476887,2.763102111592855,0.0031697863849222273,0.5143932673972327,2.0,exponential,475,7395.0,7395.0,3.0888999,0,0.0,1.0,1.0
10000,2.0,0.3,0.008758443453476887,2.763102111592855,0.0031697863849222273,0.5143932673972327,2.0,exponential,476,3492.0,3492.0,3.3098998,0,0.0,1.0,1.0
10000,2.0,0.3,0.008758443453476887,2.763102111592855,0.0031697863849222273,0.5143932673972327,2.0,exponential,477,464.0,464.0,3.3285,0,0.0,1.0,1.0
10000,2.0,0.3,0.008758443453476887,2.763102111592855,0.0031697863849222273,0.5143932673972327,2.0,exponential,478,1984.0,1984.0,2.9831,0,0.0,1.0,1.0
10000,2.0,0.3,0.008758443453476887,2.763102111592855,0.0031697863849222273,0.5143932673972327,2.0,exponential,479,1427.0,1427.0,3.9575,0,0.0,1.0,1.0
10000,2.0,0.3,0.008758443453476887,2.763102111592855,0.0031697863849222273,0.5143932673972327,2.0,exponential,480,647.0,647.0,3.4840999,0,0.0,1.0,1.0
10000,2.0,0.3,0.008758443453476887,2.763102111592855,0.0031697863849222273,0.5143932673972327,2.0,exponential,481,4606.0,4606.0,3.5256999,0,0.0,1.0,1.0
10000,2.0,0.3,0.008758443453476887,2.763102111592855,0.0031697863849222273,0.5143932673972327,2.0,exponential,482,1920.0,1920.0,3.1919,0,0.0,1.0,1.0
10000,2.0,0.3,0.008758443453476887,2.763102111592855,0.0031697863849222273,0.5143932673972327,2.0,exponential,483,4948.0,4948.0,3.2479,0,0.0,1.0,1.0
10000,2.0,0.3,0.008758443453476887,2.763102111592855,0.0031697863849222273,0.5143932673972327,2.0,exponential,484,5638.0,5638.0,3.7087998,0,0.0,1.0,1.0
10000,2.0,0.3,0.008758443453476887,2.763102111592855,0.0031697863849222273,0.5143932673972327,2.0,exponential,485,1155.0,1155.0,3.4733,0,0.0,1.0,1.0
10000,2.0,0.3,0.008758443453476887,2.763102111592855,0.0031697863849222273,0.5143932673972327,2.0,exponential,486,1030.0,1030.0,3.3009,0,0.0,1.0,1.0
10000,2.0,0.3,0.008758443453476887,2.763102111592855,0.0031697863849222273,0.5143932673972327,2.0,exponential,487,1802.0,1802.0,3.5015,0,0.0,1.0,1.0
10000,2.0,0.3,0.008758443453476887,2.763102111592855,0.0031697863849222273,0.5143932673972327,2.0,exponential,488,662.0,662.0,3.0997999,0,0.0,1.0,1.0
10000,2.0,0.3,0.008758443453476887,2.763102111592855,0.0031697863849222273,0.5143932673972327,2.0,exponential,489,1230.0,1230.0,3.5056,0,0.0,1.0,1.0
10000,2.0,0.3,0.008758443453476887,2.763102111592855,0.0031697863849222273,0.5143932673972327,2.0,exponential,490,5416.0,5416.0,3.2352998,0,0.0,1.0,1.0
10000,2.0,0.3,0.008758443453476887,2.763102111592855,0.0031697863849222273,0.5143932673972327,2.0,exponential,491,4648.0,4648.0,3.566,0,0.0,1.0,1.0
10000,2.0,0.3,0.008758443453476887,2.763102111592855,0.0031697863849222273,0.5143932673972327,2.0,exponential,492,450.0,450.0,3.1353,0,0.0,1.0,1.0
10000,2.0,0.3,0.008758443453476887,2.763102111592855,0.0031697863849222273,0.5143932673972327,2.0,exponential,493,609.0,609.0,3.1638,0,0.0,1.0,1.0
10000,2.0,0.3,0.008758443453476887,2.763102111592855,0.0031697863849222273,0.5143932673972327,2.0,exponential,494,633.0,633.0,3.7903,0,0.0,1.0,1.0
10000,2.0,0.3,0.008758443453476887,2.763102111592855,0.0031697863849222273,0.5143932673972327,2.0,exponential,495,7416.0,7416.0,3.2645,0,0.0,1.0,1.0
10000,2.0,0.3,0.008758443453476887,2.763102111592855,0.0031697863849222273,0.5143932673972327,2.0,exponential,496,2037.0,2037.0,3.0895998,0,0.0,1.0,1.0
10000,2.0,0.3,0.008758443453476887,2.763102111592855,0.0031697863849222273,0.5143932673972327,2.0,exponential,497,4981.0,4981.0,3.0374,0,0.0,1.0,1.0
10000,2.0,0.3,0.008758443453476887,2.763102111592855,0.0031697863849222273,0.5143932673972327,2.0,exponential,498,5127.0,5127.0,3.5402,0,0.0,1.0,1.0
10000,2.0,0.3,0.008758443453476887,2.763102111592855,0.0031697863849222273,0.5143932673972327,2.0,exponential,499,681.0,681.0,3.7505999,0,0.0,1.0,1.0
10000,2.0,0.3,0.008758443453476887,2.763102111592855,0.0031697863849222273,0.5143932673972327,2.0,exponential,500,1400.0,1400.0,3.0974,0,0.0,1.0,1.0
10000,2.0,0.3,0.008758443453476887,2.763102111592855,0.0031697863849222273,0.5143932673972327,2.0,exponential,501,1608.0,1608.0,3.0939,0,0.0,1.0,1.0
10000,2.0,0.3,0.008758443453476887,2.763102111592855,0.0031697863849222273,0.5143932673972327,2.0,exponential,502,4729.0,4729.0,3.2401,0,0.0,1.0,1.0
10000,2.0,0.3,0.008758443453476887,2.763102111592855,0.0031697863849222273,0.5143932673972327,2.0,exponential,503,1953.0,1953.0,2.6898,0,0.0,1.0,1.0
10000,2.0,0.3,0.008758443453476887,2.763102111592855,0.0031697863849222273,0.5143932673972327,2.0,exponential,504,2429.0,2429.0,3.8274999,0,0.0,1.0,1.0
10000,2.0,0.3,0.008758443453476887,2.763102111592855,0.0031697863849222273,0.5143932673972327,2.0,exponential,505,1527.0,1527.0,3.1778998,0,0.0,1.0,1.0
10000,2.0,0.3,0.008758443453476887,2.763102111592855,0.0031697863849222273,0.5143932673972327,2.0,exponential,506,4240.0,4240.0,3.2554998,0,0.0,1.0,1.0
10000,2.0,0.3,0.008758443453476887,2.763102111592855,0.0031697863849222273,0.5143932673972327,2.0,exponential,507,2366.0,2366.0,3.6457,0,0.0,1.0,1.0
10000,2.0,0.3,0.008758443453476887,2.763102111592855,0.0031697863849222273,0.5143932673972327,2.0,exponential,508,4670.0,4670.0,3.1894,0,0.0,1.0,1.0
10000,2.0,0.3,0.008758443453476887,2.763102111592855,0.0031697863849222273,0.5143932673972327,2.0,exponential,509,1415.0,1415.0,3.395,0,0.0,1.0,1.0
10000,2.0,0.3,0.008758443453476887,2.763102111592855,0.0031697863849222273,0.5143932673972327,2.0,exponential,510,1182.0,1182.0,3.1569998,0,0.0,1.0,1.0
10000,2.0,0.3,0.008758443453476887,2.763102111592855,0.0031697863849222273,0.5143932673972327,2.0,exponential,511,3026.0,3026.0,3.2001998,0,0.0,1.0,1.0
10000,2.0,0.3,0.008758443453476887,2.763102111592855,0.0031697863849222273,0.5143932673972327,2.0,exponential,512,1161.0,1161.0,4.0625,0,0.0,1.0,1.0
10000,2.0,0.3,0.008758443453476887,2.763102111592855,0.0031697863849222273,0.5143932673972327,2.0,exponential,513,2930.0,2930.0,3.9352999,0,0.0,1.0,1.0
10000,2.0,0.3,0.008758443453476887,2.763102111592855,0.0031697863849222273,0.5143932673972327,2.0,exponential,514,1765.0,1765.0,3.5379999,0,0.0,1.0,1.0
10000,2.0,0.3,0.008758443453476887,2.763102111592855,0.0031697863849222273,0.5143932673972327,2.0,exponential,515,258.0,258.0,3.136,0,0.0,1.0,1.0
10000,2.0,0.3,0.008758443453476887,2.763102111592855,0.0031697863849222273,0.5143932673972327,2.0,exponential,516,2706.0,2706.0,3.4025998,0,0.0,1.0,1.0
10000,2.0,0.3,0.008758443453476887,2.763102111592855,0.0031697863849222273,0.5143932673972327,2.0,exponential,517,2648.0,2648.0,3.0149,0,0.0,1.0,1.0
10000,2.0,0.3,0.008758443453476887,2.763102111592855,0.0031697863849222273,0.5143932673972327,2.0,exponential,518,5347.0,5347.0,3.314,0,0.0,1.0,1.0
10000,2.0,0.3,0.008758443453476887,2.763102111592855,0.0031697863849222273,0.5143932673972327,2.0,exponential,519,1937.0,1937.0,2.8284,0,0.0,1.0,1.0
10000,2.0,0.3,0.008758443453476887,2.763102111592855,0.0031697863849222273,0.5143932673972327,2.0,exponential,520,565.0,565.0,4.0053,0,0.0,1.0,1.0
10000,2.0,0.3,0.008758443453476887,2.763102111592855,0.0031697863849222273,0.5143932673972327,2.0,exponential,521,1573.0,1573.0,3.9145,0,0.0,1.0,1.0
10000,2.0,0.3,0.008758443453476887,2.763102111592855,0.0031697863849222273,0.5143932673972327,2.0,exponential,522,4254.0,4254.0,2.9343998,0,0.0,1.0,1.0
10000,2.0,0.3,0.008758443453476887,2.763102111592855,0.0031697863849222273,0.5143932673972327,2.0,exponential,523,5592.0,5592.0,3.2556999,0,0.0,1.0,1.0
10000,2.0,0.3,0.008758443453476887,2.763102111592855,0.0031697863849222273,0.5143932673972327,2.0,exponential,524,197.0,197.0,3.2626,0,0.0,1.0,1.0
10000,2.0,0.3,0.008758443453476887,2.763102111592855,0.0031697863849222273,0.5143932673972327,2.0,exponential,525,1258.0,1258.0,3.5253,0,0.0,1.0,1.0
10000,2.0,0.3,0.008758443453476887,2.763102111592855,0.0031697863849222273,0.5143932673972327,2.0,exponential,526,3725.0,3725.0,3.5277998,0,0.0,1.0,1.0
10000,2.0,0.3,0.008758443453476887,2.763102111592855,0.0031697863849222273,0.5143932673972327,2.0,exponential,527,1458.0,1458.0,3.7403998,0,0.0,1.0,1.0
10000,2.0,0.3,0.008758443453476887,2.763102111592855,0.0031697863849222273,0.5143932673972327,2.0,exponential,528,1347.0,1347.0,3.3916,0,0.0,1.0,1.0
10000,2.0,0.3,0.008758443453476887,2.763102111592855,0.0031697863849222273,0.5143932673972327,2.0,exponential,529,2252.0,2252.0,3.2775,0,0.0,1.0,1.0
10000,2.0,0.3,0.008758443453476887,2.763102111592855,0.0031697863849222273,0.5143932673972327,2.0,exponential,530,416.0,416.0,3.2902,0,0.0,1.0,1.0
10000,2.0,0.3,0.008758443453476887,2.763102111592855,0.0031697863849222273,0.5143932673972327,2.0,exponential,531,888.0,888.0,3.7837,0,0.0,1.0,1.0
10000,2.0,0.3,0.008758443453476887,2.763102111592855,0.0031697863849222273,0.5143932673972327,2.0,exponential,532,2481.0,2481.0,3.3888,0,0.0,1.0,1.0
10000,2.0,0.3,0.008758443453476887,2.763102111592855,0.0031697863849222273,0.5143932673972327,2.0,exponential,533,4296.0,4296.0,3.2916,0,0.0,1.0,1.0
10000,2.0,0.3,0.008758443453476887,2.763102111592855,0.0031697863849222273,0.5143932673972327,2.0,exponential,534,703.0,703.0,3.238,0,0.0,1.0,1.0
10000,2.0,0.3,0.008758443453476887,2.763102111592855,0.0031697863849222273,0.5143932673972327,2.0,exponential,535,1671.0,1671.0,3.4011998,0,0.0,1.0,1.0
10000,2.0,0.3,0.008758443453476887,2.763102111592855,0.0031697863849222273,0.5143932673972327,2.0,exponential,536,2011.0,2011.0,3.1957998,0,0.0,1.0,1.0
10000,2.0,0.3,0.008758443453476887,2.763102111592855,0.0031697863849222273,0.5143932673972327,2.0,exponential,537,3539.0,3539.0,2.7870998,0,0.0,1.0,1.0
10000,2.0,0.3,0.008758443453476887,2.763102111592855,0.0031697863849222273,0.5143932673972327,2.0,exponential,538,7671.0,7671.0,3.5595,0,0.0,1.0,1.0
10000,2.0,0.3,0.008758443453476887,2.763102111592855,0.0031697863849222273,0.5143932673972327,2.0,exponential,539,1258.0,1258.0,3.4654,0,0.0,1.0,1.0
10000,2.0,0.3,0.008758443453476887,2.763102111592855,0.0031697863849222273,0.5143932673972327,2.0,exponential,540,14203.0,14203.0,3.4752998,0,0.0,1.0,1.0
10000,2.0,0.3,0.008758443453476887,2.763102111592855,0.0031697863849222273,0.5143932673972327,2.0,exponential,541,11191.0,11191.0,3.2203,0,0.0,1.0,1.0
10000,2.0,0.3,0.008758443453476887,2.763102111592855,0.0031697863849222273,0.5143932673972327,2.0,exponential,542,953.0,953.0,3.5049999,0,0.0,1.0,1.0
10000,2.0,0.3,0.008758443453476887,2.763102111592855,0.0031697863849222273,0.5143932673972327,2.0,exponential,543,7614.0,7614.0,3.2754998,0,0.0,1.0,1.0
10000,2.0,0.3,0.008758443453476887,2.763102111592855,0.0031697863849222273,0.5143932673972327,2.0,exponential,544,1478.0,1478.0,3.3848999,0,0.0,1.0,1.0
10000,2.0,0.3,0.008758443453476887,2.763102111592855,0.0031697863849222273,0.5143932673972327,2.0,exponential,545,1853.0,1853.0,3.1422,0,0.0,1.0,1.0
10000,2.0,0.3,0.008758443453476887,2.763102111592855,0.0031697863849222273,0.5143932673972327,2.0,exponential,546,2040.0,2040.0,3.3425,0,0.0,1.0,1.0
10000,2.0,0.3,0.008758443453476887,2.763102111592855,0.0031697863849222273,0.5143932673972327,2.0,exponential,547,1317.0,1317.0,3.2707,0,0.0,1.0,1.0
10000,2.0,0.3,0.008758443453476887,2.763102111592855,0.0031697863849222273,0.5143932673972327,2.0,exponential,548,435.0,435.0,3.3583,0,0.0,1.0,1.0
10000,2.0,0.3,0.008758443453476887,2.763102111592855,0.0031697863849222273,0.5143932673972327,2.0,exponential,549,4747.0,4747.0,3.0266,0,0.0,1.0,1.0
10000,2.0,0.3,0.008758443453476887,2.763102111592855,0.0031697863849222273,0.5143932673972327,2.0,exponential,550,6631.0,6631.0,3.7238,0,0.0,1.0,1.0
10000,2.0,0.3,0.008758443453476887,2.763102111592855,0.0031697863849222273,0.5143932673972327,2.0,exponential,551,3049.0,3049.0,3.5979,0,0.0,1.0,1.0
10000,2.0,0.3,0.008758443453476887,2.763102111592855,0.0031697863849222273,0.5143932673972327,2.0,exponential,552,1444.0,1444.0,3.9510999,0,0.0,1.0,1.0
10000,2.0,0.3,0.008758443453476887,2.763102111592855,0.0031697863849222273,0.5143932673972327,2.0,exponential,553,4678.0,4678.0,3.3609,0,0.0,1.0,1.0
10000,2.0,0.3,0.008758443453476887,2.763102111592855,0.0031697863849222273,0.5143932673972327,2.0,exponential,554,5768.0,5768.0,3.281,0,0.0,1.0,1.0
10000,2.0,0.3,0.008758443453476887,2.763102111592855,0.0031697863849222273,0.5143932673972327,2.0,exponential,555,849.0,849.0,3.2598,0,0.0,1.0,1.0
10000,2.0,0.3,0.008758443453476887,2.763102111592855,0.0031697863849222273,0.5143932673972327,2.0,exponential,556,1607.0,1607.0,3.0855,0,0.0,1.0,1.0
10000,2.0,0.3,0.008758443453476887,2.763102111592855,0.0031697863849222273,0.5143932673972327,2.0,exponential,557,6833.0,6833.0,3.0023,0,0.0,1.0,1.0
10000,2.0,0.3,0.008758443453476887,2.763102111592855,0.0031697863849222273,0.5143932673972327,2.0,exponential,558,10328.0,10328.0,3.1743,0,0.0,1.0,1.0
10000,2.0,0.3,0.008758443453476887,2.763102111592855,0.0031697863849222273,0.5143932673972327,2.0,exponential,559,13980.0,13980.0,3.5363,0,0.0,1.0,1.0
10000,2.0,0.3,0.008758443453476887,2.763102111592855,0.0031697863849222273,0.5143932673972327,2.0,exponential,560,1906.0,1906.0,3.4522,0,0.0,1.0,1.0
10000,2.0,0.3,0.008758443453476887,2.763102111592855,0.0031697863849222273,0.5143932673972327,2.0,exponential,561,2573.0,2573.0,3.4057999,0,0.0,1.0,1.0
10000,2.0,0.3,0.008758443453476887,2.763102111592855,0.0031697863849222273,0.5143932673972327,2.0,exponential,562,1062.0,1062.0,3.6258,0,0.0,1.0,1.0
10000,2.0,0.3,0.008758443453476887,2.763102111592855,0.0031697863849222273,0.5143932673972327,2.0,exponential,563,2769.0,2769.0,3.4417,0,0.0,1.0,1.0
10000,2.0,0.3,0.008758443453476887,2.763102111592855,0.0031697863849222273,0.5143932673972327,2.0,exponential,564,2665.0,2665.0,3.8363998,0,0.0,1.0,1.0
10000,2.0,0.3,0.008758443453476887,2.763102111592855,0.0031697863849222273,0.5143932673972327,2.0,exponential,565,3203.0,3203.0,3.2423,0,0.0,1.0,1.0
10000,2.0,0.3,0.008758443453476887,2.763102111592855,0.0031697863849222273,0.5143932673972327,2.0,exponential,566,4969.0,4969.0,3.1002,0,0.0,1.0,1.0
10000,2.0,0.3,0.008758443453476887,2.763102111592855,0.0031697863849222273,0.5143932673972327,2.0,exponential,567,1512.0,1512.0,3.4129,0,0.0,1.0,1.0
10000,2.0,0.3,0.008758443453476887,2.763102111592855,0.0031697863849222273,0.5143932673972327,2.0,exponential,568,452.0,452.0,3.2914,0,0.0,1.0,1.0
10000,2.0,0.3,0.008758443453476887,2.763102111592855,0.0031697863849222273,0.5143932673972327,2.0,exponential,569,674.0,674.0,3.4861,0,0.0,1.0,1.0
10000,2.0,0.3,0.008758443453476887,2.763102111592855,0.0031697863849222273,0.5143932673972327,2.0,exponential,570,921.0,921.0,3.7473,0,0.0,1.0,1.0
10000,2.0,0.3,0.008758443453476887,2.763102111592855,0.0031697863849222273,0.5143932673972327,2.0,exponential,571,2402.0,2402.0,3.2114,0,0.0,1.0,1.0
10000,2.0,0.3,0.008758443453476887,2.763102111592855,0.0031697863849222273,0.5143932673972327,2.0,exponential,572,3491.0,3491.0,3.3943,0,0.0,1.0,1.0
10000,2.0,0.3,0.008758443453476887,2.763102111592855,0.0031697863849222273,0.5143932673972327,2.0,exponential,573,3555.0,3555.0,2.9212,0,0.0,1.0,1.0
10000,2.0,0.3,0.008758443453476887,2.763102111592855,0.0031697863849222273,0.5143932673972327,2.0,exponential,574,11551.0,11551.0,3.4384,0,0.0,1.0,1.0
10000,2.0,0.3,0.008758443453476887,2.763102111592855,0.0031697863849222273,0.5143932673972327,2.0,exponential,575,6664.0,6664.0,3.5052998,0,0.0,1.0,1.0
10000,2.0,0.3,0.008758443453476887,2.763102111592855,0.0031697863849222273,0.5143932673972327,2.0,exponential,576,1474.0,1474.0,3.4663,0,0.0,1.0,1.0
10000,2.0,0.3,0.008758443453476887,2.763102111592855,0.0031697863849222273,0.5143932673972327,2.0,exponential,577,1775.0,1775.0,3.2731,0,0.0,1.0,1.0
10000,2.0,0.3,0.008758443453476887,2.763102111592855,0.0031697863849222273,0.5143932673972327,2.0,exponential,578,542.0,542.0,3.2344,0,0.0,1.0,1.0
10000,2.0,0.3,0.008758443453476887,2.763102111592855,0.0031697863849222273,0.5143932673972327,2.0,exponential,579,1875.0,1875.0,3.1253,0,0.0,1.0,1.0
10000,2.0,0.3,0.008758443453476887,2.763102111592855,0.0031697863849222273,0.5143932673972327,2.0,exponential,580,4154.0,4154.0,2.8183,0,0.0,1.0,1.0
10000,2.0,0.3,0.008758443453476887,2.763102111592855,0.0031697863849222273,0.5143932673972327,2.0,exponential,581,554.0,554.0,3.1151,0,0.0,1.0,1.0
10000,2.0,0.3,0.008758443453476887,2.763102111592855,0.0031697863849222273,0.5143932673972327,2.0,exponential,582,1819.0,1819.0,3.4984999,0,0.0,1.0,1.0
10000,2.0,0.3,0.008758443453476887,2.763102111592855,0.0031697863849222273,0.5143932673972327,2.0,exponential,583,1667.0,1667.0,3.3167,0,0.0,1.0,1.0
10000,2.0,0.3,0.008758443453476887,2.763102111592855,0.0031697863849222273,0.5143932673972327,2.0,exponential,584,1327.0,1327.0,3.4455998,0,0.0,1.0,1.0
10000,2.0,0.3,0.008758443453476887,2.763102111592855,0.0031697863849222273,0.5143932673972327,2.0,exponential,585,2543.0,2543.0,3.076,0,0.0,1.0,1.0
10000,2.0,0.3,0.008758443453476887,2.763102111592855,0.0031697863849222273,0.5143932673972327,2.0,exponential,586,1946.0,1946.0,3.1362998,0,0.0,1.0,1.0
10000,2.0,0.3,0.008758443453476887,2.763102111592855,0.0031697863849222273,0.5143932673972327,2.0,exponential,587,5840.0,5840.0,3.4148,0,0.0,1.0,1.0
10000,2.0,0.3,0.008758443453476887,2.763102111592855,0.0031697863849222273,0.5143932673972327,2.0,exponential,588,1266.0,1266.0,3.1403,0,0.0,1.0,1.0
10000,2.0,0.3,0.008758443453476887,2.763102111592855,0.0031697863849222273,0.5143932673972327,2.0,exponential,589,2825.0,2825.0,3.3437,0,0.0,1.0,1.0
10000,2.0,0.3,0.008758443453476887,2.763102111592855,0.0031697863849222273,0.5143932673972327,2.0,exponential,590,3690.0,3690.0,3.178,0,0.0,1.0,1.0
10000,2.0,0.3,0.008758443453476887,2.763102111592855,0.0031697863849222273,0.5143932673972327,2.0,exponential,591,1328.0,1328.0,3.3458998,0,0.0,1.0,1.0
10000,2.0,0.3,0.008758443453476887,2.763102111592855,0.0031697863849222273,0.5143932673972327,2.0,exponential,592,5072.0,5072.0,3.3007,0,0.0,1.0,1.0
10000,2.0,0.3,0.008758443453476887,2.763102111592855,0.0031697863849222273,0.5143932673972327,2.0,exponential,593,6582.0,6582.0,3.5576,0,0.0,1.0,1.0
10000,2.0,0.3,0.008758443453476887,2.763102111592855,0.0031697863849222273,0.5143932673972327,2.0,exponential,594,11743.0,11743.0,3.2268,0,0.0,1.0,1.0
10000,2.0,0.3,0.008758443453476887,2.763102111592855,0.0031697863849222273,0.5143932673972327,2.0,exponential,595,1914.0,1914.0,3.3997,0,0.0,1.0,1.0
10000,2.0,0.3,0.008758443453476887,2.763102111592855,0.0031697863849222273,0.5143932673972327,2.0,exponential,596,1749.0,1749.0,3.0163999,0,0.0,1.0,1.0
10000,2.0,0.3,0.008758443453476887,2.763102111592855,0.0031697863849222273,0.5143932673972327,2.0,exponential,597,355.0,355.0,3.3414,0,0.0,1.0,1.0
10000,2.0,0.3,0.008758443453476887,2.763102111592855,0.0031697863849222273,0.5143932673972327,2.0,exponential,598,2121.0,2121.0,3.2977998,0,0.0,1.0,1.0
10000,2.0,0.3,0.008758443453476887,2.763102111592855,0.0031697863849222273,0.5143932673972327,2.0,exponential,599,323.0,323.0,3.3149998,0,0.0,1.0,1.0
10000,2.0,0.3,0.008758443453476887,2.763102111592855,0.0031697863849222273,0.5143932673972327,2.0,exponential,600,2414.0,2414.0,2.9166,0,0.0,1.0,1.0
10000,2.0,0.3,0.008758443453476887,2.763102111592855,0.0031697863849222273,0.5143932673972327,2.0,exponential,601,5633.0,5633.0,2.6738,0,0.0,1.0,1.0
10000,2.0,0.3,0.008758443453476887,2.763102111592855,0.0031697863849222273,0.5143932673972327,2.0,exponential,602,4155.0,4155.0,3.3704,0,0.0,1.0,1.0
10000,2.0,0.3,0.008758443453476887,2.763102111592855,0.0031697863849222273,0.5143932673972327,2.0,exponential,603,2213.0,2213.0,3.2937999,0,0.0,1.0,1.0
10000,2.0,0.3,0.008758443453476887,2.763102111592855,0.0031697863849222273,0.5143932673972327,2.0,exponential,604,9478.0,9478.0,4.055,0,0.0,1.0,1.0
10000,2.0,0.3,0.008758443453476887,2.763102111592855,0.0031697863849222273,0.5143932673972327,2.0,exponential,605,2866.0,2866.0,3.3888,0,0.0,1.0,1.0
10000,2.0,0.3,0.008758443453476887,2.763102111592855,0.0031697863849222273,0.5143932673972327,2.0,exponential,606,3008.0,3008.0,3.2928,0,0.0,1.0,1.0
10000,2.0,0.3,0.008758443453476887,2.763102111592855,0.0031697863849222273,0.5143932673972327,2.0,exponential,607,3237.0,3237.0,3.4118,0,0.0,1.0,1.0
10000,2.0,0.3,0.008758443453476887,2.763102111592855,0.0031697863849222273,0.5143932673972327,2.0,exponential,608,1666.0,1666.0,2.8621,0,0.0,1.0,1.0
10000,2.0,0.3,0.008758443453476887,2.763102111592855,0.0031697863849222273,0.5143932673972327,2.0,exponential,609,1442.0,1442.0,3.017,0,0.0,1.0,1.0
10000,2.0,0.3,0.008758443453476887,2.763102111592855,0.0031697863849222273,0.5143932673972327,2.0,exponential,610,1421.0,1421.0,3.4087,0,0.0,1.0,1.0
10000,2.0,0.3,0.008758443453476887,2.763102111592855,0.0031697863849222273,0.5143932673972327,2.0,exponential,611,3803.0,3803.0,3.2414,0,0.0,1.0,1.0
10000,2.0,0.3,0.008758443453476887,2.763102111592855,0.0031697863849222273,0.5143932673972327,2.0,exponential,612,2696.0,2696.0,3.1922998,0,0.0,1.0,1.0
10000,2.0,0.3,0.008758443453476887,2.763102111592855,0.0031697863849222273,0.5143932673972327,2.0,exponential,613,5439.0,5439.0,3.3536,0,0.0,1.0,1.0
10000,2.0,0.3,0.008758443453476887,2.763102111592855,0.0031697863849222273,0.5143932673972327,2.0,exponential,614,3130.0,3130.0,3.3162,0,0.0,1.0,1.0
10000,2.0,0.3,0.008758443453476887,2.763102111592855,0.0031697863849222273,0.5143932673972327,2.0,exponential,615,1291.0,1291.0,3.2365,0,0.0,1.0,1.0
10000,2.0,0.3,0.008758443453476887,2.763102111592855,0.0031697863849222273,0.5143932673972327,2.0,exponential,616,2861.0,2861.0,3.1030998,0,0.0,1.0,1.0
10000,2.0,0.3,0.008758443453476887,2.763102111592855,0.0031697863849222273,0.5143932673972327,2.0,exponential,617,703.0,703.0,3.2961998,0,0.0,1.0,1.0
10000,2.0,0.3,0.008758443453476887,2.763102111592855,0.0031697863849222273,0.5143932673972327,2.0,exponential,618,273.0,273.0,3.3472,0,0.0,1.0,1.0
10000,2.0,0.3,0.008758443453476887,2.763102111592855,0.0031697863849222273,0.5143932673972327,2.0,exponential,619,560.0,560.0,3.0547,0,0.0,1.0,1.0
10000,2.0,0.3,0.008758443453476887,2.763102111592855,0.0031697863849222273,0.5143932673972327,2.0,exponential,620,3808.0,3808.0,3.4001,0,0.0,1.0,1.0
10000,2.0,0.3,0.008758443453476887,2.763102111592855,0.0031697863849222273,0.5143932673972327,2.0,exponential,621,610.0,610.0,3.3595998,0,0.0,1.0,1.0
10000,2.0,0.3,0.008758443453476887,2.763102111592855,0.0031697863849222273,0.5143932673972327,2.0,exponential,622,17675.0,17675.0,3.0786998,0,0.0,1.0,1.0
10000,2.0,0.3,0.008758443453476887,2.763102111592855,0.0031697863849222273,0.5143932673972327,2.0,exponential,623,4271.0,4271.0,3.5198998,0,0.0,1.0,1.0
10000,2.0,0.3,0.008758443453476887,2.763102111592855,0.0031697863849222273,0.5143932673972327,2.0,exponential,624,6226.0,6226.0,3.0089998,0,0.0,1.0,1.0
10000,2.0,0.3,0.008758443453476887,2.763102111592855,0.0031697863849222273,0.5143932673972327,2.0,exponential,625,1964.0,1964.0,3.1141999,0,0.0,1.0,1.0
10000,2.0,0.3,0.008758443453476887,2.763102111592855,0.0031697863849222273,0.5143932673972327,2.0,exponential,626,6356.0,6356.0,3.1001,0,0.0,1.0,1.0
10000,2.0,0.3,0.008758443453476887,2.763102111592855,0.0031697863849222273,0.5143932673972327,2.0,exponential,627,692.0,692.0,3.4947999,0,0.0,1.0,1.0
10000,2.0,0.3,0.008758443453476887,2.763102111592855,0.0031697863849222273,0.5143932673972327,2.0,exponential,628,662.0,662.0,3.0895,0,0.0,1.0,1.0
10000,2.0,0.3,0.008758443453476887,2.763102111592855,0.0031697863849222273,0.5143932673972327,2.0,exponential,629,5135.0,5135.0,3.1541,0,0.0,1.0,1.0
10000,2.0,0.3,0.008758443453476887,2.763102111592855,0.0031697863849222273,0.5143932673972327,2.0,exponential,630,511.0,511.0,3.2305999,0,0.0,1.0,1.0
10000,2.0,0.3,0.008758443453476887,2.763102111592855,0.0031697863849222273,0.5143932673972327,2.0,exponential,631,4911.0,4911.0,3.82,0,0.0,1.0,1.0
10000,2.0,0.3,0.008758443453476887,2.763102111592855,0.0031697863849222273,0.5143932673972327,2.0,exponential,632,935.0,935.0,3.7252998,0,0.0,1.0,1.0
10000,2.0,0.3,0.008758443453476887,2.763102111592855,0.0031697863849222273,0.5143932673972327,2.0,exponential,633,5095.0,5095.0,3.8797,0,0.0,1.0,1.0
10000,2.0,0.3,0.008758443453476887,2.763102111592855,0.0031697863849222273,0.5143932673972327,2.0,exponential,634,311.0,311.0,2.8969,0,0.0,1.0,1.0
10000,2.0,0.3,0.008758443453476887,2.763102111592855,0.0031697863849222273,0.5143932673972327,2.0,exponential,635,511.0,511.0,3.161,0,0.0,1.0,1.0
10000,2.0,0.3,0.008758443453476887,2.763102111592855,0.0031697863849222273,0.5143932673972327,2.0,exponential,636,2182.0,2182.0,3.3230999,0,0.0,1.0,1.0
10000,2.0,0.3,0.008758443453476887,2.763102111592855,0.0031697863849222273,0.5143932673972327,2.0,exponential,637,2301.0,2301.0,3.3623998,0,0.0,1.0,1.0
10000,2.0,0.3,0.008758443453476887,2.763102111592855,0.0031697863849222273,0.5143932673972327,2.0,exponential,638,644.0,644.0,3.2924,0,0.0,1.0,1.0
10000,2.0,0.3,0.008758443453476887,2.763102111592855,0.0031697863849222273,0.5143932673972327,2.0,exponential,639,12892.0,12892.0,3.0593998,0,0.0,1.0,1.0
10000,2.0,0.3,0.008758443453476887,2.763102111592855,0.0031697863849222273,0.5143932673972327,2.0,exponential,640,533.0,533.0,3.1648998,0,0.0,1.0,1.0
10000,2.0,0.3,0.008758443453476887,2.763102111592855,0.0031697863849222273,0.5143932673972327,2.0,exponential,641,692.0,692.0,2.7738,0,0.0,1.0,1.0
10000,2.0,0.3,0.008758443453476887,2.763102111592855,0.0031697863849222273,0.5143932673972327,2.0,exponential,642,7089.0,7089.0,3.2396,0,0.0,1.0,1.0
10000,2.0,0.3,0.008758443453476887,2.763102111592855,0.0031697863849222273,0.5143932673972327,2.0,exponential,643,5344.0,5344.0,2.8476999,0,0.0,1.0,1.0
10000,2.0,0.3,0.008758443453476887,2.763102111592855,0.0031697863849222273,0.5143932673972327,2.0,exponential,644,6673.0,6673.0,2.8625998,0,0.0,1.0,1.0
10000,2.0,0.3,0.008758443453476887,2.763102111592855,0.0031697863849222273,0.5143932673972327,2.0,exponential,645,6359.0,6359.0,3.3267,0,0.0,1.0,1.0
10000,2.0,0.3,0.008758443453476887,2.763102111592855,0.0031697863849222273,0.5143932673972327,2.0,exponential,646,1565.0,1565.0,3.6755998,0,0.0,1.0,1.0
10000,2.0,0.3,0.008758443453476887,2.763102111592855,0.0031697863849222273,0.5143932673972327,2.0,exponential,647,6994.0,6994.0,3.7378,0,0.0,1.0,1.0
10000,2.0,0.3,0.008758443453476887,2.763102111592855,0.0031697863849222273,0.5143932673972327,2.0,exponential,648,6014.0,6014.0,3.4631,0,0.0,1.0,1.0
10000,2.0,0.3,0.008758443453476887,2.763102111592855,0.0031697863849222273,0.5143932673972327,2.0,exponential,649,2522.0,2522.0,3.5658998,0,0.0,1.0,1.0
10000,2.0,0.3,0.008758443453476887,2.763102111592855,0.0031697863849222273,0.5143932673972327,2.0,exponential,650,5161.0,5161.0,2.9601998,0,0.0,1.0,1.0
10000,2.0,0.3,0.008758443453476887,2.763102111592855,0.0031697863849222273,0.5143932673972327,2.0,exponential,651,890.0,890.0,2.8543,0,0.0,1.0,1.0
10000,2.0,0.3,0.008758443453476887,2.763102111592855,0.0031697863849222273,0.5143932673972327,2.0,exponential,652,11440.0,11440.0,3.6151,0,0.0,1.0,1.0
10000,2.0,0.3,0.008758443453476887,2.763102111592855,0.0031697863849222273,0.5143932673972327,2.0,exponential,653,4856.0,4856.0,3.5649,0,0.0,1.0,1.0
10000,2.0,0.3,0.008758443453476887,2.763102111592855,0.0031697863849222273,0.5143932673972327,2.0,exponential,654,7669.0,7669.0,3.6023,0,0.0,1.0,1.0
10000,2.0,0.3,0.008758443453476887,2.763102111592855,0.0031697863849222273,0.5143932673972327,2.0,exponential,655,6163.0,6163.0,3.0047,0,0.0,1.0,1.0
10000,2.0,0.3,0.008758443453476887,2.763102111592855,0.0031697863849222273,0.5143932673972327,2.0,exponential,656,5321.0,5321.0,3.5428,0,0.0,1.0,1.0
10000,2.0,0.3,0.008758443453476887,2.763102111592855,0.0031697863849222273,0.5143932673972327,2.0,exponential,657,2184.0,2184.0,2.9657,0,0.0,1.0,1.0
10000,2.0,0.3,0.008758443453476887,2.763102111592855,0.0031697863849222273,0.5143932673972327,2.0,exponential,658,11043.0,11043.0,3.2766,0,0.0,1.0,1.0
10000,2.0,0.3,0.008758443453476887,2.763102111592855,0.0031697863849222273,0.5143932673972327,2.0,exponential,659,793.0,793.0,3.4852,0,0.0,1.0,1.0
10000,2.0,0.3,0.008758443453476887,2.763102111592855,0.0031697863849222273,0.5143932673972327,2.0,exponential,660,1575.0,1575.0,3.6674,0,0.0,1.0,1.0
10000,2.0,0.3,0.008758443453476887,2.763102111592855,0.0031697863849222273,0.5143932673972327,2.0,exponential,661,5447.0,5447.0,3.2098,0,0.0,1.0,1.0
10000,2.0,0.3,0.008758443453476887,2.763102111592855,0.0031697863849222273,0.5143932673972327,2.0,exponential,662,1263.0,1263.0,3.359,0,0.0,1.0,1.0
10000,2.0,0.3,0.008758443453476887,2.763102111592855,0.0031697863849222273,0.5143932673972327,2.0,exponential,663,1965.0,1965.0,3.8890998,0,0.0,1.0,1.0
10000,2.0,0.3,0.008758443453476887,2.763102111592855,0.0031697863849222273,0.5143932673972327,2.0,exponential,664,654.0,654.0,3.5033998,0,0.0,1.0,1.0
10000,2.0,0.3,0.008758443453476887,2.763102111592855,0.0031697863849222273,0.5143932673972327,2.0,exponential,665,626.0,626.0,3.6954,0,0.0,1.0,1.0
10000,2.0,0.3,0.008758443453476887,2.763102111592855,0.0031697863849222273,0.5143932673972327,2.0,exponential,666,1553.0,1553.0,3.2103,0,0.0,1.0,1.0
10000,2.0,0.3,0.008758443453476887,2.763102111592855,0.0031697863849222273,0.5143932673972327,2.0,exponential,667,3386.0,3386.0,3.47,0,0.0,1.0,1.0
10000,2.0,0.3,0.008758443453476887,2.763102111592855,0.0031697863849222273,0.5143932673972327,2.0,exponential,668,2168.0,2168.0,3.2229998,0,0.0,1.0,1.0
10000,2.0,0.3,0.008758443453476887,2.763102111592855,0.0031697863849222273,0.5143932673972327,2.0,exponential,669,1922.0,1922.0,3.2510998,0,0.0,1.0,1.0
10000,2.0,0.3,0.008758443453476887,2.763102111592855,0.0031697863849222273,0.5143932673972327,2.0,exponential,670,328.0,328.0,3.0154,0,0.0,1.0,1.0
10000,2.0,0.3,0.008758443453476887,2.763102111592855,0.0031697863849222273,0.5143932673972327,2.0,exponential,671,4834.0,4834.0,3.139,0,0.0,1.0,1.0
10000,2.0,0.3,0.008758443453476887,2.763102111592855,0.0031697863849222273,0.5143932673972327,2.0,exponential,672,1098.0,1098.0,3.5591998,0,0.0,1.0,1.0
10000,2.0,0.3,0.008758443453476887,2.763102111592855,0.0031697863849222273,0.5143932673972327,2.0,exponential,673,1856.0,1856.0,3.2224,0,0.0,1.0,1.0
10000,2.0,0.3,0.008758443453476887,2.763102111592855,0.0031697863849222273,0.5143932673972327,2.0,exponential,674,1862.0,1862.0,3.0613,0,0.0,1.0,1.0
10000,2.0,0.3,0.008758443453476887,2.763102111592855,0.0031697863849222273,0.5143932673972327,2.0,exponential,675,14361.0,14361.0,3.619,0,0.0,1.0,1.0
10000,2.0,0.3,0.008758443453476887,2.763102111592855,0.0031697863849222273,0.5143932673972327,2.0,exponential,676,1812.0,1812.0,2.6747,0,0.0,1.0,1.0
10000,2.0,0.3,0.008758443453476887,2.763102111592855,0.0031697863849222273,0.5143932673972327,2.0,exponential,677,398.0,398.0,3.2389,0,0.0,1.0,1.0
10000,2.0,0.3,0.008758443453476887,2.763102111592855,0.0031697863849222273,0.5143932673972327,2.0,exponential,678,5508.0,5508.0,3.1021,0,0.0,1.0,1.0
10000,2.0,0.3,0.008758443453476887,2.763102111592855,0.0031697863849222273,0.5143932673972327,2.0,exponential,679,4015.0,4015.0,3.2812,0,0.0,1.0,1.0
10000,2.0,0.3,0.008758443453476887,2.763102111592855,0.0031697863849222273,0.5143932673972327,2.0,exponential,680,2435.0,2435.0,3.7407,0,0.0,1.0,1.0
10000,2.0,0.3,0.008758443453476887,2.763102111592855,0.0031697863849222273,0.5143932673972327,2.0,exponential,681,5947.0,5947.0,2.9431,0,0.0,1.0,1.0
10000,2.0,0.3,0.008758443453476887,2.763102111592855,0.0031697863849222273,0.5143932673972327,2.0,exponential,682,6849.0,6849.0,2.8471,0,0.0,1.0,1.0
10000,2.0,0.3,0.008758443453476887,2.763102111592855,0.0031697863849222273,0.5143932673972327,2.0,exponential,683,2465.0,2465.0,3.5737998,0,0.0,1.0,1.0
10000,2.0,0.3,0.008758443453476887,2.763102111592855,0.0031697863849222273,0.5143932673972327,2.0,exponential,684,2962.0,2962.0,3.1913,0,0.0,1.0,1.0
10000,2.0,0.3,0.008758443453476887,2.763102111592855,0.0031697863849222273,0.5143932673972327,2.0,exponential,685,4057.0,4057.0,3.4257,0,0.0,1.0,1.0
10000,2.0,0.3,0.008758443453476887,2.763102111592855,0.0031697863849222273,0.5143932673972327,2.0,exponential,686,1063.0,1063.0,3.1367998,0,0.0,1.0,1.0
10000,2.0,0.3,0.008758443453476887,2.763102111592855,0.0031697863849222273,0.5143932673972327,2.0,exponential,687,1929.0,1929.0,3.4273,0,0.0,1.0,1.0
10000,2.0,0.3,0.008758443453476887,2.763102111592855,0.0031697863849222273,0.5143932673972327,2.0,exponential,688,6996.0,6996.0,3.3084,0,0.0,1.0,1.0
10000,2.0,0.3,0.008758443453476887,2.763102111592855,0.0031697863849222273,0.5143932673972327,2.0,exponential,689,1534.0,1534.0,3.1804,0,0.0,1.0,1.0
10000,2.0,0.3,0.008758443453476887,2.763102111592855,0.0031697863849222273,0.5143932673972327,2.0,exponential,690,1236.0,1236.0,3.1153998,0,0.0,1.0,1.0
10000,2.0,0.3,0.008758443453476887,2.763102111592855,0.0031697863849222273,0.5143932673972327,2.0,exponential,691,3983.0,3983.0,3.4694,0,0.0,1.0,1.0
10000,2.0,0.3,0.008758443453476887,2.763102111592855,0.0031697863849222273,0.5143932673972327,2.0,exponential,692,3422.0,3422.0,3.2503998,0,0.0,1.0,1.0
10000,2.0,0.3,0.008758443453476887,2.763102111592855,0.0031697863849222273,0.5143932673972327,2.0,exponential,693,2349.0,2349.0,3.3378,0,0.0,1.0,1.0
10000,2.0,0.3,0.008758443453476887,2.763102111592855,0.0031697863849222273,0.5143932673972327,2.0,exponential,694,747.0,747.0,2.8515,0,0.0,1.0,1.0
10000,2.0,0.3,0.008758443453476887,2.763102111592855,0.0031697863849222273,0.5143932673972327,2.0,exponential,695,2252.0,2252.0,3.6799998,0,0.0,1.0,1.0
10000,2.0,0.3,0.008758443453476887,2.763102111592855,0.0031697863849222273,0.5143932673972327,2.0,exponential,696,443.0,443.0,3.0036,0,0.0,1.0,1.0
10000,2.0,0.3,0.008758443453476887,2.763102111592855,0.0031697863849222273,0.5143932673972327,2.0,exponential,697,3943.0,3943.0,3.3119998,0,0.0,1.0,1.0
10000,2.0,0.3,0.008758443453476887,2.763102111592855,0.0031697863849222273,0.5143932673972327,2.0,exponential,698,12722.0,12722.0,3.3959,0,0.0,1.0,1.0
10000,2.0,0.3,0.008758443453476887,2.763102111592855,0.0031697863849222273,0.5143932673972327,2.0,exponential,699,7965.0,7965.0,3.8086998,0,0.0,1.0,1.0
10000,2.0,0.3,0.008758443453476887,2.763102111592855,0.0031697863849222273,0.5143932673972327,2.0,exponential,700,2326.0,2326.0,2.8300998,0,0.0,1.0,1.0
10000,2.0,0.3,0.008758443453476887,2.763102111592855,0.0031697863849222273,0.5143932673972327,2.0,exponential,701,1005.0,1005.0,3.1554,0,0.0,1.0,1.0
10000,2.0,0.3,0.008758443453476887,2.763102111592855,0.0031697863849222273,0.5143932673972327,2.0,exponential,702,2291.0,2291.0,3.0328999,0,0.0,1.0,1.0
10000,2.0,0.3,0.008758443453476887,2.763102111592855,0.0031697863849222273,0.5143932673972327,2.0,exponential,703,332.0,332.0,3.4262,0,0.0,1.0,1.0
10000,2.0,0.3,0.008758443453476887,2.763102111592855,0.0031697863849222273,0.5143932673972327,2.0,exponential,704,3922.0,3922.0,2.8976,0,0.0,1.0,1.0
10000,2.0,0.3,0.008758443453476887,2.763102111592855,0.0031697863849222273,0.5143932673972327,2.0,exponential,705,1113.0,1113.0,2.9747999,0,0.0,1.0,1.0
10000,2.0,0.3,0.008758443453476887,2.763102111592855,0.0031697863849222273,0.5143932673972327,2.0,exponential,706,471.0,471.0,3.2739,0,0.0,1.0,1.0
10000,2.0,0.3,0.008758443453476887,2.763102111592855,0.0031697863849222273,0.5143932673972327,2.0,exponential,707,1353.0,1353.0,2.8681,0,0.0,1.0,1.0
10000,2.0,0.3,0.008758443453476887,2.763102111592855,0.0031697863849222273,0.5143932673972327,2.0,exponential,708,3954.0,3954.0,3.2389,0,0.0,1.0,1.0
10000,2.0,0.3,0.008758443453476887,2.763102111592855,0.0031697863849222273,0.5143932673972327,2.0,exponential,709,3953.0,3953.0,3.517,0,0.0,1.0,1.0
10000,2.0,0.3,0.008758443453476887,2.763102111592855,0.0031697863849222273,0.5143932673972327,2.0,exponential,710,1744.0,1744.0,3.7080998,0,0.0,1.0,1.0
10000,2.0,0.3,0.008758443453476887,2.763102111592855,0.0031697863849222273,0.5143932673972327,2.0,exponential,711,1922.0,1922.0,3.4613998,0,0.0,1.0,1.0
10000,2.0,0.3,0.008758443453476887,2.763102111592855,0.0031697863849222273,0.5143932673972327,2.0,exponential,712,721.0,721.0,3.1281998,0,0.0,1.0,1.0
10000,2.0,0.3,0.008758443453476887,2.763102111592855,0.0031697863849222273,0.5143932673972327,2.0,exponential,713,16703.0,16703.0,3.207,0,0.0,1.0,1.0
10000,2.0,0.3,0.008758443453476887,2.763102111592855,0.0031697863849222273,0.5143932673972327,2.0,exponential,714,1468.0,1468.0,3.3569999,0,0.0,1.0,1.0
10000,2.0,0.3,0.008758443453476887,2.763102111592855,0.0031697863849222273,0.5143932673972327,2.0,exponential,715,7341.0,7341.0,3.5412,0,0.0,1.0,1.0
10000,2.0,0.3,0.008758443453476887,2.763102111592855,0.0031697863849222273,0.5143932673972327,2.0,exponential,716,582.0,582.0,3.0786998,0,0.0,1.0,1.0
10000,2.0,0.3,0.008758443453476887,2.763102111592855,0.0031697863849222273,0.5143932673972327,2.0,exponential,717,4566.0,4566.0,3.1011999,0,0.0,1.0,1.0
10000,2.0,0.3,0.008758443453476887,2.763102111592855,0.0031697863849222273,0.5143932673972327,2.0,exponential,718,3081.0,3081.0,2.9229999,0,0.0,1.0,1.0
10000,2.0,0.3,0.008758443453476887,2.763102111592855,0.0031697863849222273,0.5143932673972327,2.0,exponential,719,1069.0,1069.0,3.1376998,0,0.0,1.0,1.0
10000,2.0,0.3,0.008758443453476887,2.763102111592855,0.0031697863849222273,0.5143932673972327,2.0,exponential,720,5567.0,5567.0,2.8262,0,0.0,1.0,1.0
10000,2.0,0.3,0.008758443453476887,2.763102111592855,0.0031697863849222273,0.5143932673972327,2.0,exponential,721,3020.0,3020.0,3.7624998,0,0.0,1.0,1.0
10000,2.0,0.3,0.008758443453476887,2.763102111592855,0.0031697863849222273,0.5143932673972327,2.0,exponential,722,6992.0,6992.0,3.2626,0,0.0,1.0,1.0
10000,2.0,0.3,0.008758443453476887,2.763102111592855,0.0031697863849222273,0.5143932673972327,2.0,exponential,723,6741.0,6741.0,3.4571,0,0.0,1.0,1.0
10000,2.0,0.3,0.008758443453476887,2.763102111592855,0.0031697863849222273,0.5143932673972327,2.0,exponential,724,2080.0,2080.0,3.376,0,0.0,1.0,1.0
10000,2.0,0.3,0.008758443453476887,2.763102111592855,0.0031697863849222273,0.5143932673972327,2.0,exponential,725,9125.0,9125.0,3.2944,0,0.0,1.0,1.0
10000,2.0,0.3,0.008758443453476887,2.763102111592855,0.0031697863849222273,0.5143932673972327,2.0,exponential,726,4491.0,4491.0,3.7219,0,0.0,1.0,1.0
10000,2.0,0.3,0.008758443453476887,2.763102111592855,0.0031697863849222273,0.5143932673972327,2.0,exponential,727,6542.0,6542.0,3.4729,0,0.0,1.0,1.0
10000,2.0,0.3,0.008758443453476887,2.763102111592855,0.0031697863849222273,0.5143932673972327,2.0,exponential,728,2011.0,2011.0,3.1664,0,0.0,1.0,1.0
10000,2.0,0.3,0.008758443453476887,2.763102111592855,0.0031697863849222273,0.5143932673972327,2.0,exponential,729,4148.0,4148.0,3.5274,0,0.0,1.0,1.0
10000,2.0,0.3,0.008758443453476887,2.763102111592855,0.0031697863849222273,0.5143932673972327,2.0,exponential,730,1728.0,1728.0,3.1808999,0,0.0,1.0,1.0
10000,2.0,0.3,0.008758443453476887,2.763102111592855,0.0031697863849222273,0.5143932673972327,2.0,exponential,731,2567.0,2567.0,3.2073998,0,0.0,1.0,1.0
10000,2.0,0.3,0.008758443453476887,2.763102111592855,0.0031697863849222273,0.5143932673972327,2.0,exponential,732,1830.0,1830.0,3.6373,0,0.0,1.0,1.0
10000,2.0,0.3,0.008758443453476887,2.763102111592855,0.0031697863849222273,0.5143932673972327,2.0,exponential,733,1518.0,1518.0,3.4666,0,0.0,1.0,1.0
10000,2.0,0.3,0.008758443453476887,2.763102111592855,0.0031697863849222273,0.5143932673972327,2.0,exponential,734,5474.0,5474.0,2.9473999,0,0.0,1.0,1.0
10000,2.0,0.3,0.008758443453476887,2.763102111592855,0.0031697863849222273,0.5143932673972327,2.0,exponential,735,5046.0,5046.0,3.2747,0,0.0,1.0,1.0
10000,2.0,0.3,0.008758443453476887,2.763102111592855,0.0031697863849222273,0.5143932673972327,2.0,exponential,736,2566.0,2566.0,3.4845998,0,0.0,1.0,1.0
10000,2.0,0.3,0.008758443453476887,2.763102111592855,0.0031697863849222273,0.5143932673972327,2.0,exponential,737,1391.0,1391.0,3.0835998,0,0.0,1.0,1.0
10000,2.0,0.3,0.008758443453476887,2.763102111592855,0.0031697863849222273,0.5143932673972327,2.0,exponential,738,5222.0,5222.0,3.0985,0,0.0,1.0,1.0
10000,2.0,0.3,0.008758443453476887,2.763102111592855,0.0031697863849222273,0.5143932673972327,2.0,exponential,739,1051.0,1051.0,3.4782,0,0.0,1.0,1.0
10000,2.0,0.3,0.008758443453476887,2.763102111592855,0.0031697863849222273,0.5143932673972327,2.0,exponential,740,189.0,189.0,3.2656,0,0.0,1.0,1.0
10000,2.0,0.3,0.008758443453476887,2.763102111592855,0.0031697863849222273,0.5143932673972327,2.0,exponential,741,4224.0,4224.0,3.0265,0,0.0,1.0,1.0
10000,2.0,0.3,0.008758443453476887,2.763102111592855,0.0031697863849222273,0.5143932673972327,2.0,exponential,742,2847.0,2847.0,2.6843998,0,0.0,1.0,1.0
10000,2.0,0.3,0.008758443453476887,2.763102111592855,0.0031697863849222273,0.5143932673972327,2.0,exponential,743,3015.0,3015.0,2.7877,0,0.0,1.0,1.0
10000,2.0,0.3,0.008758443453476887,2.763102111592855,0.0031697863849222273,0.5143932673972327,2.0,exponential,744,2951.0,2951.0,3.034,0,0.0,1.0,1.0
10000,2.0,0.3,0.008758443453476887,2.763102111592855,0.0031697863849222273,0.5143932673972327,2.0,exponential,745,713.0,713.0,3.3121,0,0.0,1.0,1.0
10000,2.0,0.3,0.008758443453476887,2.763102111592855,0.0031697863849222273,0.5143932673972327,2.0,exponential,746,2405.0,2405.0,2.7456,0,0.0,1.0,1.0
10000,2.0,0.3,0.008758443453476887,2.763102111592855,0.0031697863849222273,0.5143932673972327,2.0,exponential,747,832.0,832.0,3.4882,0,0.0,1.0,1.0
10000,2.0,0.3,0.008758443453476887,2.763102111592855,0.0031697863849222273,0.5143932673972327,2.0,exponential,748,8513.0,8513.0,2.9398,0,0.0,1.0,1.0
10000,2.0,0.3,0.008758443453476887,2.763102111592855,0.0031697863849222273,0.5143932673972327,2.0,exponential,749,2025.0,2025.0,3.243,0,0.0,1.0,1.0
10000,2.0,0.3,0.008758443453476887,2.763102111592855,0.0031697863849222273,0.5143932673972327,2.0,exponential,750,485.0,485.0,3.1176999,0,0.0,1.0,1.0
10000,2.0,0.3,0.008758443453476887,2.763102111592855,0.0031697863849222273,0.5143932673972327,2.0,exponential,751,733.0,733.0,4.0197997,0,0.0,1.0,1.0
10000,2.0,0.3,0.008758443453476887,2.763102111592855,0.0031697863849222273,0.5143932673972327,2.0,exponential,752,6737.0,6737.0,3.2559998,0,0.0,1.0,1.0
10000,2.0,0.3,0.008758443453476887,2.763102111592855,0.0031697863849222273,0.5143932673972327,2.0,exponential,753,974.0,974.0,3.4629,0,0.0,1.0,1.0
10000,2.0,0.3,0.008758443453476887,2.763102111592855,0.0031697863849222273,0.5143932673972327,2.0,exponential,754,3737.0,3737.0,3.7849,0,0.0,1.0,1.0
10000,2.0,0.3,0.008758443453476887,2.763102111592855,0.0031697863849222273,0.5143932673972327,2.0,exponential,755,4739.0,4739.0,3.0709,0,0.0,1.0,1.0
10000,2.0,0.3,0.008758443453476887,2.763102111592855,0.0031697863849222273,0.5143932673972327,2.0,exponential,756,1315.0,1315.0,3.0937,0,0.0,1.0,1.0
10000,2.0,0.3,0.008758443453476887,2.763102111592855,0.0031697863849222273,0.5143932673972327,2.0,exponential,757,530.0,530.0,3.1769,0,0.0,1.0,1.0
10000,2.0,0.3,0.008758443453476887,2.763102111592855,0.0031697863849222273,0.5143932673972327,2.0,exponential,758,422.0,422.0,3.1797,0,0.0,1.0,1.0
10000,2.0,0.3,0.008758443453476887,2.763102111592855,0.0031697863849222273,0.5143932673972327,2.0,exponential,759,2604.0,2604.0,3.4103,0,0.0,1.0,1.0
10000,2.0,0.3,0.008758443453476887,2.763102111592855,0.0031697863849222273,0.5143932673972327,2.0,exponential,760,1973.0,1973.0,2.8757,0,0.0,1.0,1.0
10000,2.0,0.3,0.008758443453476887,2.763102111592855,0.0031697863849222273,0.5143932673972327,2.0,exponential,761,6404.0,6404.0,3.6341,0,0.0,1.0,1.0
10000,2.0,0.3,0.008758443453476887,2.763102111592855,0.0031697863849222273,0.5143932673972327,2.0,exponential,762,2341.0,2341.0,3.3725,0,0.0,1.0,1.0
10000,2.0,0.3,0.008758443453476887,2.763102111592855,0.0031697863849222273,0.5143932673972327,2.0,exponential,763,1556.0,1556.0,3.3643,0,0.0,1.0,1.0
10000,2.0,0.3,0.008758443453476887,2.763102111592855,0.0031697863849222273,0.5143932673972327,2.0,exponential,764,1676.0,1676.0,2.9943,0,0.0,1.0,1.0
10000,2.0,0.3,0.008758443453476887,2.763102111592855,0.0031697863849222273,0.5143932673972327,2.0,exponential,765,870.0,870.0,3.201,0,0.0,1.0,1.0
10000,2.0,0.3,0.008758443453476887,2.763102111592855,0.0031697863849222273,0.5143932673972327,2.0,exponential,766,2109.0,2109.0,3.5142,0,0.0,1.0,1.0
10000,2.0,0.3,0.008758443453476887,2.763102111592855,0.0031697863849222273,0.5143932673972327,2.0,exponential,767,316.0,316.0,3.0463998,0,0.0,1.0,1.0
10000,2.0,0.3,0.008758443453476887,2.763102111592855,0.0031697863849222273,0.5143932673972327,2.0,exponential,768,2774.0,2774.0,3.2540998,0,0.0,1.0,1.0
10000,2.0,0.3,0.008758443453476887,2.763102111592855,0.0031697863849222273,0.5143932673972327,2.0,exponential,769,4759.0,4759.0,2.6592,0,0.0,1.0,1.0
10000,2.0,0.3,0.008758443453476887,2.763102111592855,0.0031697863849222273,0.5143932673972327,2.0,exponential,770,4506.0,4506.0,3.5022,0,0.0,1.0,1.0
10000,2.0,0.3,0.008758443453476887,2.763102111592855,0.0031697863849222273,0.5143932673972327,2.0,exponential,771,353.0,353.0,3.1478,0,0.0,1.0,1.0
10000,2.0,0.3,0.008758443453476887,2.763102111592855,0.0031697863849222273,0.5143932673972327,2.0,exponential,772,1041.0,1041.0,3.6680999,0,0.0,1.0,1.0
10000,2.0,0.3,0.008758443453476887,2.763102111592855,0.0031697863849222273,0.5143932673972327,2.0,exponential,773,896.0,896.0,3.4664,0,0.0,1.0,1.0
10000,2.0,0.3,0.008758443453476887,2.763102111592855,0.0031697863849222273,0.5143932673972327,2.0,exponential,774,2106.0,2106.0,3.2765,0,0.0,1.0,1.0
10000,2.0,0.3,0.008758443453476887,2.763102111592855,0.0031697863849222273,0.5143932673972327,2.0,exponential,775,1290.0,1290.0,3.3119,0,0.0,1.0,1.0
10000,2.0,0.3,0.008758443453476887,2.763102111592855,0.0031697863849222273,0.5143932673972327,2.0,exponential,776,1253.0,1253.0,3.4987998,0,0.0,1.0,1.0
10000,2.0,0.3,0.008758443453476887,2.763102111592855,0.0031697863849222273,0.5143932673972327,2.0,exponential,777,1642.0,1642.0,2.9833,0,0.0,1.0,1.0
10000,2.0,0.3,0.008758443453476887,2.763102111592855,0.0031697863849222273,0.5143932673972327,2.0,exponential,778,619.0,619.0,3.5932,0,0.0,1.0,1.0
10000,2.0,0.3,0.008758443453476887,2.763102111592855,0.0031697863849222273,0.5143932673972327,2.0,exponential,779,2292.0,2292.0,2.9494,0,0.0,1.0,1.0
10000,2.0,0.3,0.008758443453476887,2.763102111592855,0.0031697863849222273,0.5143932673972327,2.0,exponential,780,4932.0,4932.0,3.0658,0,0.0,1.0,1.0
10000,2.0,0.3,0.008758443453476887,2.763102111592855,0.0031697863849222273,0.5143932673972327,2.0,exponential,781,4646.0,4646.0,3.6668,0,0.0,1.0,1.0
10000,2.0,0.3,0.008758443453476887,2.763102111592855,0.0031697863849222273,0.5143932673972327,2.0,exponential,782,983.0,983.0,3.3414,0,0.0,1.0,1.0
10000,2.0,0.3,0.008758443453476887,2.763102111592855,0.0031697863849222273,0.5143932673972327,2.0,exponential,783,2277.0,2277.0,3.4868,0,0.0,1.0,1.0
10000,2.0,0.3,0.008758443453476887,2.763102111592855,0.0031697863849222273,0.5143932673972327,2.0,exponential,784,878.0,878.0,3.1194,0,0.0,1.0,1.0
10000,2.0,0.3,0.008758443453476887,2.763102111592855,0.0031697863849222273,0.5143932673972327,2.0,exponential,785,3460.0,3460.0,3.7168,0,0.0,1.0,1.0
10000,2.0,0.3,0.008758443453476887,2.763102111592855,0.0031697863849222273,0.5143932673972327,2.0,exponential,786,493.0,493.0,3.3592,0,0.0,1.0,1.0
10000,2.0,0.3,0.008758443453476887,2.763102111592855,0.0031697863849222273,0.5143932673972327,2.0,exponential,787,3088.0,3088.0,3.258,0,0.0,1.0,1.0
10000,2.0,0.3,0.008758443453476887,2.763102111592855,0.0031697863849222273,0.5143932673972327,2.0,exponential,788,8245.0,8245.0,3.1697998,0,0.0,1.0,1.0
10000,2.0,0.3,0.008758443453476887,2.763102111592855,0.0031697863849222273,0.5143932673972327,2.0,exponential,789,430.0,430.0,3.0929,0,0.0,1.0,1.0
10000,2.0,0.3,0.008758443453476887,2.763102111592855,0.0031697863849222273,0.5143932673972327,2.0,exponential,790,5135.0,5135.0,3.2179,0,0.0,1.0,1.0
10000,2.0,0.3,0.008758443453476887,2.763102111592855,0.0031697863849222273,0.5143932673972327,2.0,exponential,791,1533.0,1533.0,3.1748,0,0.0,1.0,1.0
10000,2.0,0.3,0.008758443453476887,2.763102111592855,0.0031697863849222273,0.5143932673972327,2.0,exponential,792,7944.0,7944.0,3.3609998,0,0.0,1.0,1.0
10000,2.0,0.3,0.008758443453476887,2.763102111592855,0.0031697863849222273,0.5143932673972327,2.0,exponential,793,7240.0,7240.0,3.5363,0,0.0,1.0,1.0
10000,2.0,0.3,0.008758443453476887,2.763102111592855,0.0031697863849222273,0.5143932673972327,2.0,exponential,794,1153.0,1153.0,3.4076998,0,0.0,1.0,1.0
10000,2.0,0.3,0.008758443453476887,2.763102111592855,0.0031697863849222273,0.5143932673972327,2.0,exponential,795,418.0,418.0,3.3349,0,0.0,1.0,1.0
10000,2.0,0.3,0.008758443453476887,2.763102111592855,0.0031697863849222273,0.5143932673972327,2.0,exponential,796,3066.0,3066.0,3.5512998,0,0.0,1.0,1.0
10000,2.0,0.3,0.008758443453476887,2.763102111592855,0.0031697863849222273,0.5143932673972327,2.0,exponential,797,387.0,387.0,3.2619998,0,0.0,1.0,1.0
10000,2.0,0.3,0.008758443453476887,2.763102111592855,0.0031697863849222273,0.5143932673972327,2.0,exponential,798,1361.0,1361.0,3.1567,0,0.0,1.0,1.0
10000,2.0,0.3,0.008758443453476887,2.763102111592855,0.0031697863849222273,0.5143932673972327,2.0,exponential,799,10474.0,10474.0,3.2835999,0,0.0,1.0,1.0
10000,2.0,0.3,0.008758443453476887,2.763102111592855,0.0031697863849222273,0.5143932673972327,2.0,exponential,800,730.0,730.0,3.4183,0,0.0,1.0,1.0
10000,2.0,0.3,0.008758443453476887,2.763102111592855,0.0031697863849222273,0.5143932673972327,2.0,exponential,801,3030.0,3030.0,3.2856998,0,0.0,1.0,1.0
10000,2.0,0.3,0.008758443453476887,2.763102111592855,0.0031697863849222273,0.5143932673972327,2.0,exponential,802,436.0,436.0,3.4161,0,0.0,1.0,1.0
10000,2.0,0.3,0.008758443453476887,2.763102111592855,0.0031697863849222273,0.5143932673972327,2.0,exponential,803,2140.0,2140.0,3.3411999,0,0.0,1.0,1.0
10000,2.0,0.3,0.008758443453476887,2.763102111592855,0.0031697863849222273,0.5143932673972327,2.0,exponential,804,789.0,789.0,3.6028,0,0.0,1.0,1.0
10000,2.0,0.3,0.008758443453476887,2.763102111592855,0.0031697863849222273,0.5143932673972327,2.0,exponential,805,1587.0,1587.0,3.6209998,0,0.0,1.0,1.0
10000,2.0,0.3,0.008758443453476887,2.763102111592855,0.0031697863849222273,0.5143932673972327,2.0,exponential,806,1607.0,1607.0,3.4994998,0,0.0,1.0,1.0
10000,2.0,0.3,0.008758443453476887,2.763102111592855,0.0031697863849222273,0.5143932673972327,2.0,exponential,807,1716.0,1716.0,3.1662998,0,0.0,1.0,1.0
10000,2.0,0.3,0.008758443453476887,2.763102111592855,0.0031697863849222273,0.5143932673972327,2.0,exponential,808,6164.0,6164.0,3.1734,0,0.0,1.0,1.0
10000,2.0,0.3,0.008758443453476887,2.763102111592855,0.0031697863849222273,0.5143932673972327,2.0,exponential,809,4867.0,4867.0,3.4354,0,0.0,1.0,1.0
10000,2.0,0.3,0.008758443453476887,2.763102111592855,0.0031697863849222273,0.5143932673972327,2.0,exponential,810,1037.0,1037.0,3.4624999,0,0.0,1.0,1.0
10000,2.0,0.3,0.008758443453476887,2.763102111592855,0.0031697863849222273,0.5143932673972327,2.0,exponential,811,6721.0,6721.0,3.2687,0,0.0,1.0,1.0
10000,2.0,0.3,0.008758443453476887,2.763102111592855,0.0031697863849222273,0.5143932673972327,2.0,exponential,812,4277.0,4277.0,3.1952,0,0.0,1.0,1.0
10000,2.0,0.3,0.008758443453476887,2.763102111592855,0.0031697863849222273,0.5143932673972327,2.0,exponential,813,3410.0,3410.0,3.3265998,0,0.0,1.0,1.0
10000,2.0,0.3,0.008758443453476887,2.763102111592855,0.0031697863849222273,0.5143932673972327,2.0,exponential,814,705.0,705.0,3.2229,0,0.0,1.0,1.0
10000,2.0,0.3,0.008758443453476887,2.763102111592855,0.0031697863849222273,0.5143932673972327,2.0,exponential,815,1891.0,1891.0,3.2136998,0,0.0,1.0,1.0
10000,2.0,0.3,0.008758443453476887,2.763102111592855,0.0031697863849222273,0.5143932673972327,2.0,exponential,816,1547.0,1547.0,3.7849,0,0.0,1.0,1.0
10000,2.0,0.3,0.008758443453476887,2.763102111592855,0.0031697863849222273,0.5143932673972327,2.0,exponential,817,4156.0,4156.0,3.3792,0,0.0,1.0,1.0
10000,2.0,0.3,0.008758443453476887,2.763102111592855,0.0031697863849222273,0.5143932673972327,2.0,exponential,818,1905.0,1905.0,3.5507,0,0.0,1.0,1.0
10000,2.0,0.3,0.008758443453476887,2.763102111592855,0.0031697863849222273,0.5143932673972327,2.0,exponential,819,703.0,703.0,3.5558999,0,0.0,1.0,1.0
10000,2.0,0.3,0.008758443453476887,2.763102111592855,0.0031697863849222273,0.5143932673972327,2.0,exponential,820,2015.0,2015.0,3.5537,0,0.0,1.0,1.0
10000,2.0,0.3,0.008758443453476887,2.763102111592855,0.0031697863849222273,0.5143932673972327,2.0,exponential,821,2582.0,2582.0,3.5117,0,0.0,1.0,1.0
10000,2.0,0.3,0.008758443453476887,2.763102111592855,0.0031697863849222273,0.5143932673972327,2.0,exponential,822,3691.0,3691.0,3.3397,0,0.0,1.0,1.0
10000,2.0,0.3,0.008758443453476887,2.763102111592855,0.0031697863849222273,0.5143932673972327,2.0,exponential,823,1716.0,1716.0,3.1183,0,0.0,1.0,1.0
10000,2.0,0.3,0.008758443453476887,2.763102111592855,0.0031697863849222273,0.5143932673972327,2.0,exponential,824,894.0,894.0,3.5268,0,0.0,1.0,1.0
10000,2.0,0.3,0.008758443453476887,2.763102111592855,0.0031697863849222273,0.5143932673972327,2.0,exponential,825,4050.0,4050.0,3.0393,0,0.0,1.0,1.0
10000,2.0,0.3,0.008758443453476887,2.763102111592855,0.0031697863849222273,0.5143932673972327,2.0,exponential,826,1599.0,1599.0,3.0054998,0,0.0,1.0,1.0
10000,2.0,0.3,0.008758443453476887,2.763102111592855,0.0031697863849222273,0.5143932673972327,2.0,exponential,827,5417.0,5417.0,3.0627,0,0.0,1.0,1.0
10000,2.0,0.3,0.008758443453476887,2.763102111592855,0.0031697863849222273,0.5143932673972327,2.0,exponential,828,855.0,855.0,3.7214,0,0.0,1.0,1.0
10000,2.0,0.3,0.008758443453476887,2.763102111592855,0.0031697863849222273,0.5143932673972327,2.0,exponential,829,1474.0,1474.0,3.4829,0,0.0,1.0,1.0
10000,2.0,0.3,0.008758443453476887,2.763102111592855,0.0031697863849222273,0.5143932673972327,2.0,exponential,830,1543.0,1543.0,3.169,0,0.0,1.0,1.0
10000,2.0,0.3,0.008758443453476887,2.763102111592855,0.0031697863849222273,0.5143932673972327,2.0,exponential,831,6507.0,6507.0,3.4747,0,0.0,1.0,1.0
10000,2.0,0.3,0.008758443453476887,2.763102111592855,0.0031697863849222273,0.5143932673972327,2.0,exponential,832,1942.0,1942.0,3.3673,0,0.0,1.0,1.0
10000,2.0,0.3,0.008758443453476887,2.763102111592855,0.0031697863849222273,0.5143932673972327,2.0,exponential,833,2318.0,2318.0,3.0038998,0,0.0,1.0,1.0
10000,2.0,0.3,0.008758443453476887,2.763102111592855,0.0031697863849222273,0.5143932673972327,2.0,exponential,834,1064.0,1064.0,3.5704,0,0.0,1.0,1.0
10000,2.0,0.3,0.008758443453476887,2.763102111592855,0.0031697863849222273,0.5143932673972327,2.0,exponential,835,597.0,597.0,3.3144999,0,0.0,1.0,1.0
10000,2.0,0.3,0.008758443453476887,2.763102111592855,0.0031697863849222273,0.5143932673972327,2.0,exponential,836,8564.0,8564.0,2.8923,0,0.0,1.0,1.0
10000,2.0,0.3,0.008758443453476887,2.763102111592855,0.0031697863849222273,0.5143932673972327,2.0,exponential,837,4269.0,4269.0,3.0161,0,0.0,1.0,1.0
10000,2.0,0.3,0.008758443453476887,2.763102111592855,0.0031697863849222273,0.5143932673972327,2.0,exponential,838,3033.0,3033.0,3.1453,0,0.0,1.0,1.0
10000,2.0,0.3,0.008758443453476887,2.763102111592855,0.0031697863849222273,0.5143932673972327,2.0,exponential,839,987.0,987.0,2.9733999,0,0.0,1.0,1.0
10000,2.0,0.3,0.008758443453476887,2.763102111592855,0.0031697863849222273,0.5143932673972327,2.0,exponential,840,6012.0,6012.0,3.8151999,0,0.0,1.0,1.0
10000,2.0,0.3,0.008758443453476887,2.763102111592855,0.0031697863849222273,0.5143932673972327,2.0,exponential,841,1325.0,1325.0,2.883,0,0.0,1.0,1.0
10000,2.0,0.3,0.008758443453476887,2.763102111592855,0.0031697863849222273,0.5143932673972327,2.0,exponential,842,768.0,768.0,3.4008,0,0.0,1.0,1.0
10000,2.0,0.3,0.008758443453476887,2.763102111592855,0.0031697863849222273,0.5143932673972327,2.0,exponential,843,1876.0,1876.0,2.8929,0,0.0,1.0,1.0
10000,2.0,0.3,0.008758443453476887,2.763102111592855,0.0031697863849222273,0.5143932673972327,2.0,exponential,844,1902.0,1902.0,3.1553,0,0.0,1.0,1.0
10000,2.0,0.3,0.008758443453476887,2.763102111592855,0.0031697863849222273,0.5143932673972327,2.0,exponential,845,1614.0,1614.0,2.9728,0,0.0,1.0,1.0
10000,2.0,0.3,0.008758443453476887,2.763102111592855,0.0031697863849222273,0.5143932673972327,2.0,exponential,846,835.0,835.0,2.9617999,0,0.0,1.0,1.0
10000,2.0,0.3,0.008758443453476887,2.763102111592855,0.0031697863849222273,0.5143932673972327,2.0,exponential,847,693.0,693.0,3.2285,0,0.0,1.0,1.0
10000,2.0,0.3,0.008758443453476887,2.763102111592855,0.0031697863849222273,0.5143932673972327,2.0,exponential,848,2122.0,2122.0,3.4636,0,0.0,1.0,1.0
10000,2.0,0.3,0.008758443453476887,2.763102111592855,0.0031697863849222273,0.5143932673972327,2.0,exponential,849,5236.0,5236.0,3.378,0,0.0,1.0,1.0
10000,2.0,0.3,0.008758443453476887,2.763102111592855,0.0031697863849222273,0.5143932673972327,2.0,exponential,850,209.0,209.0,3.1132998,0,0.0,1.0,1.0
10000,2.0,0.3,0.008758443453476887,2.763102111592855,0.0031697863849222273,0.5143932673972327,2.0,exponential,851,732.0,732.0,3.8432,0,0.0,1.0,1.0
10000,2.0,0.3,0.008758443453476887,2.763102111592855,0.0031697863849222273,0.5143932673972327,2.0,exponential,852,3220.0,3220.0,3.6309,0,0.0,1.0,1.0
10000,2.0,0.3,0.008758443453476887,2.763102111592855,0.0031697863849222273,0.5143932673972327,2.0,exponential,853,929.0,929.0,3.2782998,0,0.0,1.0,1.0
10000,2.0,0.3,0.008758443453476887,2.763102111592855,0.0031697863849222273,0.5143932673972327,2.0,exponential,854,4163.0,4163.0,3.283,0,0.0,1.0,1.0
10000,2.0,0.3,0.008758443453476887,2.763102111592855,0.0031697863849222273,0.5143932673972327,2.0,exponential,855,2806.0,2806.0,3.6053,0,0.0,1.0,1.0
10000,2.0,0.3,0.008758443453476887,2.763102111592855,0.0031697863849222273,0.5143932673972327,2.0,exponential,856,1567.0,1567.0,3.3741999,0,0.0,1.0,1.0
10000,2.0,0.3,0.008758443453476887,2.763102111592855,0.0031697863849222273,0.5143932673972327,2.0,exponential,857,3120.0,3120.0,3.5563998,0,0.0,1.0,1.0
10000,2.0,0.3,0.008758443453476887,2.763102111592855,0.0031697863849222273,0.5143932673972327,2.0,exponential,858,4203.0,4203.0,3.0556,0,0.0,1.0,1.0
10000,2.0,0.3,0.008758443453476887,2.763102111592855,0.0031697863849222273,0.5143932673972327,2.0,exponential,859,2315.0,2315.0,3.4441,0,0.0,1.0,1.0
10000,2.0,0.3,0.008758443453476887,2.763102111592855,0.0031697863849222273,0.5143932673972327,2.0,exponential,860,2804.0,2804.0,3.4589999,0,0.0,1.0,1.0
10000,2.0,0.3,0.008758443453476887,2.763102111592855,0.0031697863849222273,0.5143932673972327,2.0,exponential,861,7150.0,7150.0,3.3193998,0,0.0,1.0,1.0
10000,2.0,0.3,0.008758443453476887,2.763102111592855,0.0031697863849222273,0.5143932673972327,2.0,exponential,862,7614.0,7614.0,3.1829,0,0.0,1.0,1.0
10000,2.0,0.3,0.008758443453476887,2.763102111592855,0.0031697863849222273,0.5143932673972327,2.0,exponential,863,3377.0,3377.0,3.3436,0,0.0,1.0,1.0
10000,2.0,0.3,0.008758443453476887,2.763102111592855,0.0031697863849222273,0.5143932673972327,2.0,exponential,864,7695.0,7695.0,3.2263,0,0.0,1.0,1.0
10000,2.0,0.3,0.008758443453476887,2.763102111592855,0.0031697863849222273,0.5143932673972327,2.0,exponential,865,3032.0,3032.0,3.9752,0,0.0,1.0,1.0
10000,2.0,0.3,0.008758443453476887,2.763102111592855,0.0031697863849222273,0.5143932673972327,2.0,exponential,866,3443.0,3443.0,3.1308,0,0.0,1.0,1.0
10000,2.0,0.3,0.008758443453476887,2.763102111592855,0.0031697863849222273,0.5143932673972327,2.0,exponential,867,428.0,428.0,3.2275999,0,0.0,1.0,1.0
10000,2.0,0.3,0.008758443453476887,2.763102111592855,0.0031697863849222273,0.5143932673972327,2.0,exponential,868,592.0,592.0,3.2675998,0,0.0,1.0,1.0
10000,2.0,0.3,0.008758443453476887,2.763102111592855,0.0031697863849222273,0.5143932673972327,2.0,exponential,869,1276.0,1276.0,3.4692,0,0.0,1.0,1.0
10000,2.0,0.3,0.008758443453476887,2.763102111592855,0.0031697863849222273,0.5143932673972327,2.0,exponential,870,4725.0,4725.0,3.0995998,0,0.0,1.0,1.0
10000,2.0,0.3,0.008758443453476887,2.763102111592855,0.0031697863849222273,0.5143932673972327,2.0,exponential,871,1404.0,1404.0,3.3119,0,0.0,1.0,1.0
10000,2.0,0.3,0.008758443453476887,2.763102111592855,0.0031697863849222273,0.5143932673972327,2.0,exponential,872,495.0,495.0,3.4203,0,0.0,1.0,1.0
10000,2.0,0.3,0.008758443453476887,2.763102111592855,0.0031697863849222273,0.5143932673972327,2.0,exponential,873,925.0,925.0,3.7372,0,0.0,1.0,1.0
10000,2.0,0.3,0.008758443453476887,2.763102111592855,0.0031697863849222273,0.5143932673972327,2.0,exponential,874,1574.0,1574.0,3.4273999,0,0.0,1.0,1.0
10000,2.0,0.3,0.008758443453476887,2.763102111592855,0.0031697863849222273,0.5143932673972327,2.0,exponential,875,9363.0,9363.0,3.3109999,0,0.0,1.0,1.0
10000,2.0,0.3,0.008758443453476887,2.763102111592855,0.0031697863849222273,0.5143932673972327,2.0,exponential,876,1903.0,1903.0,2.9148998,0,0.0,1.0,1.0
10000,2.0,0.3,0.008758443453476887,2.763102111592855,0.0031697863849222273,0.5143932673972327,2.0,exponential,877,3711.0,3711.0,3.2596998,0,0.0,1.0,1.0
10000,2.0,0.3,0.008758443453476887,2.763102111592855,0.0031697863849222273,0.5143932673972327,2.0,exponential,878,3783.0,3783.0,3.3530998,0,0.0,1.0,1.0
10000,2.0,0.3,0.008758443453476887,2.763102111592855,0.0031697863849222273,0.5143932673972327,2.0,exponential,879,762.0,762.0,3.8463998,0,0.0,1.0,1.0
10000,2.0,0.3,0.008758443453476887,2.763102111592855,0.0031697863849222273,0.5143932673972327,2.0,exponential,880,9059.0,9059.0,3.2192,0,0.0,1.0,1.0
10000,2.0,0.3,0.008758443453476887,2.763102111592855,0.0031697863849222273,0.5143932673972327,2.0,exponential,881,591.0,591.0,3.4708,0,0.0,1.0,1.0
10000,2.0,0.3,0.008758443453476887,2.763102111592855,0.0031697863849222273,0.5143932673972327,2.0,exponential,882,960.0,960.0,3.5628,0,0.0,1.0,1.0
10000,2.0,0.3,0.008758443453476887,2.763102111592855,0.0031697863849222273,0.5143932673972327,2.0,exponential,883,656.0,656.0,3.1309,0,0.0,1.0,1.0
10000,2.0,0.3,0.008758443453476887,2.763102111592855,0.0031697863849222273,0.5143932673972327,2.0,exponential,884,2858.0,2858.0,2.9255998,0,0.0,1.0,1.0
10000,2.0,0.3,0.008758443453476887,2.763102111592855,0.0031697863849222273,0.5143932673972327,2.0,exponential,885,1274.0,1274.0,3.3665,0,0.0,1.0,1.0
10000,2.0,0.3,0.008758443453476887,2.763102111592855,0.0031697863849222273,0.5143932673972327,2.0,exponential,886,374.0,374.0,3.4411,0,0.0,1.0,1.0
10000,2.0,0.3,0.008758443453476887,2.763102111592855,0.0031697863849222273,0.5143932673972327,2.0,exponential,887,405.0,405.0,3.2126,0,0.0,1.0,1.0
10000,2.0,0.3,0.008758443453476887,2.763102111592855,0.0031697863849222273,0.5143932673972327,2.0,exponential,888,7019.0,7019.0,2.9436998,0,0.0,1.0,1.0
10000,2.0,0.3,0.008758443453476887,2.763102111592855,0.0031697863849222273,0.5143932673972327,2.0,exponential,889,4842.0,4842.0,3.0247,0,0.0,1.0,1.0
10000,2.0,0.3,0.008758443453476887,2.763102111592855,0.0031697863849222273,0.5143932673972327,2.0,exponential,890,2028.0,2028.0,3.4764998,0,0.0,1.0,1.0
10000,2.0,0.3,0.008758443453476887,2.763102111592855,0.0031697863849222273,0.5143932673972327,2.0,exponential,891,2321.0,2321.0,3.7831998,0,0.0,1.0,1.0
10000,2.0,0.3,0.008758443453476887,2.763102111592855,0.0031697863849222273,0.5143932673972327,2.0,exponential,892,3528.0,3528.0,3.4320998,0,0.0,1.0,1.0
10000,2.0,0.3,0.008758443453476887,2.763102111592855,0.0031697863849222273,0.5143932673972327,2.0,exponential,893,420.0,420.0,2.9283,0,0.0,1.0,1.0
10000,2.0,0.3,0.008758443453476887,2.763102111592855,0.0031697863849222273,0.5143932673972327,2.0,exponential,894,303.0,303.0,3.1482,0,0.0,1.0,1.0
10000,2.0,0.3,0.008758443453476887,2.763102111592855,0.0031697863849222273,0.5143932673972327,2.0,exponential,895,3604.0,3604.0,3.3123,0,0.0,1.0,1.0
10000,2.0,0.3,0.008758443453476887,2.763102111592855,0.0031697863849222273,0.5143932673972327,2.0,exponential,896,7157.0,7157.0,3.2191,0,0.0,1.0,1.0
10000,2.0,0.3,0.008758443453476887,2.763102111592855,0.0031697863849222273,0.5143932673972327,2.0,exponential,897,1438.0,1438.0,2.9433,0,0.0,1.0,1.0
10000,2.0,0.3,0.008758443453476887,2.763102111592855,0.0031697863849222273,0.5143932673972327,2.0,exponential,898,5142.0,5142.0,2.822,0,0.0,1.0,1.0
10000,2.0,0.3,0.008758443453476887,2.763102111592855,0.0031697863849222273,0.5143932673972327,2.0,exponential,899,2798.0,2798.0,3.4273,0,0.0,1.0,1.0
10000,2.0,0.3,0.008758443453476887,2.763102111592855,0.0031697863849222273,0.5143932673972327,2.0,exponential,900,1822.0,1822.0,3.1812,0,0.0,1.0,1.0
10000,2.0,0.3,0.008758443453476887,2.763102111592855,0.0031697863849222273,0.5143932673972327,2.0,exponential,901,6530.0,6530.0,3.2631998,0,0.0,1.0,1.0
10000,2.0,0.3,0.008758443453476887,2.763102111592855,0.0031697863849222273,0.5143932673972327,2.0,exponential,902,10263.0,10263.0,3.5891,0,0.0,1.0,1.0
10000,2.0,0.3,0.008758443453476887,2.763102111592855,0.0031697863849222273,0.5143932673972327,2.0,exponential,903,1329.0,1329.0,3.4845998,0,0.0,1.0,1.0
10000,2.0,0.3,0.008758443453476887,2.763102111592855,0.0031697863849222273,0.5143932673972327,2.0,exponential,904,11987.0,11987.0,3.2842,0,0.0,1.0,1.0
10000,2.0,0.3,0.008758443453476887,2.763102111592855,0.0031697863849222273,0.5143932673972327,2.0,exponential,905,2416.0,2416.0,3.8172,0,0.0,1.0,1.0
10000,2.0,0.3,0.008758443453476887,2.763102111592855,0.0031697863849222273,0.5143932673972327,2.0,exponential,906,488.0,488.0,3.3562999,0,0.0,1.0,1.0
10000,2.0,0.3,0.008758443453476887,2.763102111592855,0.0031697863849222273,0.5143932673972327,2.0,exponential,907,7135.0,7135.0,3.1685998,0,0.0,1.0,1.0
10000,2.0,0.3,0.008758443453476887,2.763102111592855,0.0031697863849222273,0.5143932673972327,2.0,exponential,908,982.0,982.0,3.7003,0,0.0,1.0,1.0
10000,2.0,0.3,0.008758443453476887,2.763102111592855,0.0031697863849222273,0.5143932673972327,2.0,exponential,909,1464.0,1464.0,3.356,0,0.0,1.0,1.0
10000,2.0,0.3,0.008758443453476887,2.763102111592855,0.0031697863849222273,0.5143932673972327,2.0,exponential,910,2256.0,2256.0,3.0997999,0,0.0,1.0,1.0
10000,2.0,0.3,0.008758443453476887,2.763102111592855,0.0031697863849222273,0.5143932673972327,2.0,exponential,911,2019.0,2019.0,3.1227,0,0.0,1.0,1.0
10000,2.0,0.3,0.008758443453476887,2.763102111592855,0.0031697863849222273,0.5143932673972327,2.0,exponential,912,1439.0,1439.0,3.8479998,0,0.0,1.0,1.0
10000,2.0,0.3,0.008758443453476887,2.763102111592855,0.0031697863849222273,0.5143932673972327,2.0,exponential,913,307.0,307.0,2.9938998,0,0.0,1.0,1.0
10000,2.0,0.3,0.008758443453476887,2.763102111592855,0.0031697863849222273,0.5143932673972327,2.0,exponential,914,2653.0,2653.0,2.8495,0,0.0,1.0,1.0
10000,2.0,0.3,0.008758443453476887,2.763102111592855,0.0031697863849222273,0.5143932673972327,2.0,exponential,915,11850.0,11850.0,2.8701,0,0.0,1.0,1.0
10000,2.0,0.3,0.008758443453476887,2.763102111592855,0.0031697863849222273,0.5143932673972327,2.0,exponential,916,1072.0,1072.0,3.2356,0,0.0,1.0,1.0
10000,2.0,0.3,0.008758443453476887,2.763102111592855,0.0031697863849222273,0.5143932673972327,2.0,exponential,917,3150.0,3150.0,3.8188999,0,0.0,1.0,1.0
10000,2.0,0.3,0.008758443453476887,2.763102111592855,0.0031697863849222273,0.5143932673972327,2.0,exponential,918,4151.0,4151.0,3.2649999,0,0.0,1.0,1.0
10000,2.0,0.3,0.008758443453476887,2.763102111592855,0.0031697863849222273,0.5143932673972327,2.0,exponential,919,5975.0,5975.0,3.4924998,0,0.0,1.0,1.0
10000,2.0,0.3,0.008758443453476887,2.763102111592855,0.0031697863849222273,0.5143932673972327,2.0,exponential,920,1384.0,1384.0,2.9849,0,0.0,1.0,1.0
10000,2.0,0.3,0.008758443453476887,2.763102111592855,0.0031697863849222273,0.5143932673972327,2.0,exponential,921,3211.0,3211.0,3.9099998,0,0.0,1.0,1.0
10000,2.0,0.3,0.008758443453476887,2.763102111592855,0.0031697863849222273,0.5143932673972327,2.0,exponential,922,1605.0,1605.0,3.4332,0,0.0,1.0,1.0
10000,2.0,0.3,0.008758443453476887,2.763102111592855,0.0031697863849222273,0.5143932673972327,2.0,exponential,923,2175.0,2175.0,3.2495,0,0.0,1.0,1.0
10000,2.0,0.3,0.008758443453476887,2.763102111592855,0.0031697863849222273,0.5143932673972327,2.0,exponential,924,1893.0,1893.0,3.0574,0,0.0,1.0,1.0
10000,2.0,0.3,0.008758443453476887,2.763102111592855,0.0031697863849222273,0.5143932673972327,2.0,exponential,925,1522.0,1522.0,3.6402,0,0.0,1.0,1.0
10000,2.0,0.3,0.008758443453476887,2.763102111592855,0.0031697863849222273,0.5143932673972327,2.0,exponential,926,8252.0,8252.0,2.9668999,0,0.0,1.0,1.0
10000,2.0,0.3,0.008758443453476887,2.763102111592855,0.0031697863849222273,0.5143932673972327,2.0,exponential,927,4518.0,4518.0,3.2117,0,0.0,1.0,1.0
10000,2.0,0.3,0.008758443453476887,2.763102111592855,0.0031697863849222273,0.5143932673972327,2.0,exponential,928,1642.0,1642.0,3.1922,0,0.0,1.0,1.0
10000,2.0,0.3,0.008758443453476887,2.763102111592855,0.0031697863849222273,0.5143932673972327,2.0,exponential,929,685.0,685.0,3.6845999,0,0.0,1.0,1.0
10000,2.0,0.3,0.008758443453476887,2.763102111592855,0.0031697863849222273,0.5143932673972327,2.0,exponential,930,3807.0,3807.0,3.3365,0,0.0,1.0,1.0
10000,2.0,0.3,0.008758443453476887,2.763102111592855,0.0031697863849222273,0.5143932673972327,2.0,exponential,931,2472.0,2472.0,3.1058998,0,0.0,1.0,1.0
10000,2.0,0.3,0.008758443453476887,2.763102111592855,0.0031697863849222273,0.5143932673972327,2.0,exponential,932,790.0,790.0,3.6578999,0,0.0,1.0,1.0
10000,2.0,0.3,0.008758443453476887,2.763102111592855,0.0031697863849222273,0.5143932673972327,2.0,exponential,933,2565.0,2565.0,3.2968,0,0.0,1.0,1.0
10000,2.0,0.3,0.008758443453476887,2.763102111592855,0.0031697863849222273,0.5143932673972327,2.0,exponential,934,4787.0,4787.0,3.184,0,0.0,1.0,1.0
10000,2.0,0.3,0.008758443453476887,2.763102111592855,0.0031697863849222273,0.5143932673972327,2.0,exponential,935,4634.0,4634.0,3.5837998,0,0.0,1.0,1.0
10000,2.0,0.3,0.008758443453476887,2.763102111592855,0.0031697863849222273,0.5143932673972327,2.0,exponential,936,569.0,569.0,3.1985998,0,0.0,1.0,1.0
10000,2.0,0.3,0.008758443453476887,2.763102111592855,0.0031697863849222273,0.5143932673972327,2.0,exponential,937,440.0,440.0,2.8269,0,0.0,1.0,1.0
10000,2.0,0.3,0.008758443453476887,2.763102111592855,0.0031697863849222273,0.5143932673972327,2.0,exponential,938,2243.0,2243.0,3.1871,0,0.0,1.0,1.0
10000,2.0,0.3,0.008758443453476887,2.763102111592855,0.0031697863849222273,0.5143932673972327,2.0,exponential,939,5589.0,5589.0,3.2861,0,0.0,1.0,1.0
10000,2.0,0.3,0.008758443453476887,2.763102111592855,0.0031697863849222273,0.5143932673972327,2.0,exponential,940,3378.0,3378.0,3.1081,0,0.0,1.0,1.0
10000,2.0,0.3,0.008758443453476887,2.763102111592855,0.0031697863849222273,0.5143932673972327,2.0,exponential,941,9550.0,9550.0,2.9101999,0,0.0,1.0,1.0
10000,2.0,0.3,0.008758443453476887,2.763102111592855,0.0031697863849222273,0.5143932673972327,2.0,exponential,942,13234.0,13234.0,3.8263,0,0.0,1.0,1.0
10000,2.0,0.3,0.008758443453476887,2.763102111592855,0.0031697863849222273,0.5143932673972327,2.0,exponential,943,801.0,801.0,3.2028,0,0.0,1.0,1.0
10000,2.0,0.3,0.008758443453476887,2.763102111592855,0.0031697863849222273,0.5143932673972327,2.0,exponential,944,4876.0,4876.0,3.6292999,0,0.0,1.0,1.0
10000,2.0,0.3,0.008758443453476887,2.763102111592855,0.0031697863849222273,0.5143932673972327,2.0,exponential,945,5921.0,5921.0,3.0874999,0,0.0,1.0,1.0
10000,2.0,0.3,0.008758443453476887,2.763102111592855,0.0031697863849222273,0.5143932673972327,2.0,exponential,946,2304.0,2304.0,3.2407,0,0.0,1.0,1.0
10000,2.0,0.3,0.008758443453476887,2.763102111592855,0.0031697863849222273,0.5143932673972327,2.0,exponential,947,10789.0,10789.0,3.3048,0,0.0,1.0,1.0
10000,2.0,0.3,0.008758443453476887,2.763102111592855,0.0031697863849222273,0.5143932673972327,2.0,exponential,948,1399.0,1399.0,3.1653,0,0.0,1.0,1.0
10000,2.0,0.3,0.008758443453476887,2.763102111592855,0.0031697863849222273,0.5143932673972327,2.0,exponential,949,4559.0,4559.0,3.1360998,0,0.0,1.0,1.0
10000,2.0,0.3,0.008758443453476887,2.763102111592855,0.0031697863849222273,0.5143932673972327,2.0,exponential,950,3235.0,3235.0,3.0189998,0,0.0,1.0,1.0
10000,2.0,0.3,0.008758443453476887,2.763102111592855,0.0031697863849222273,0.5143932673972327,2.0,exponential,951,7646.0,7646.0,3.0855,0,0.0,1.0,1.0
10000,2.0,0.3,0.008758443453476887,2.763102111592855,0.0031697863849222273,0.5143932673972327,2.0,exponential,952,1126.0,1126.0,2.9917,0,0.0,1.0,1.0
10000,2.0,0.3,0.008758443453476887,2.763102111592855,0.0031697863849222273,0.5143932673972327,2.0,exponential,953,3319.0,3319.0,3.2554998,0,0.0,1.0,1.0
10000,2.0,0.3,0.008758443453476887,2.763102111592855,0.0031697863849222273,0.5143932673972327,2.0,exponential,954,2129.0,2129.0,3.2382,0,0.0,1.0,1.0
10000,2.0,0.3,0.008758443453476887,2.763102111592855,0.0031697863849222273,0.5143932673972327,2.0,exponential,955,2292.0,2292.0,3.1101,0,0.0,1.0,1.0
10000,2.0,0.3,0.008758443453476887,2.763102111592855,0.0031697863849222273,0.5143932673972327,2.0,exponential,956,10196.0,10196.0,3.2609,0,0.0,1.0,1.0
10000,2.0,0.3,0.008758443453476887,2.763102111592855,0.0031697863849222273,0.5143932673972327,2.0,exponential,957,4026.0,4026.0,3.2477999,0,0.0,1.0,1.0
10000,2.0,0.3,0.008758443453476887,2.763102111592855,0.0031697863849222273,0.5143932673972327,2.0,exponential,958,7223.0,7223.0,3.1804,0,0.0,1.0,1.0
10000,2.0,0.3,0.008758443453476887,2.763102111592855,0.0031697863849222273,0.5143932673972327,2.0,exponential,959,2065.0,2065.0,3.014,0,0.0,1.0,1.0
10000,2.0,0.3,0.008758443453476887,2.763102111592855,0.0031697863849222273,0.5143932673972327,2.0,exponential,960,3557.0,3557.0,3.9022,0,0.0,1.0,1.0
10000,2.0,0.3,0.008758443453476887,2.763102111592855,0.0031697863849222273,0.5143932673972327,2.0,exponential,961,11119.0,11119.0,3.1831,0,0.0,1.0,1.0
10000,2.0,0.3,0.008758443453476887,2.763102111592855,0.0031697863849222273,0.5143932673972327,2.0,exponential,962,2142.0,2142.0,3.7426999,0,0.0,1.0,1.0
10000,2.0,0.3,0.008758443453476887,2.763102111592855,0.0031697863849222273,0.5143932673972327,2.0,exponential,963,11653.0,11653.0,3.5619,0,0.0,1.0,1.0
10000,2.0,0.3,0.008758443453476887,2.763102111592855,0.0031697863849222273,0.5143932673972327,2.0,exponential,964,1955.0,1955.0,3.0568,0,0.0,1.0,1.0
10000,2.0,0.3,0.008758443453476887,2.763102111592855,0.0031697863849222273,0.5143932673972327,2.0,exponential,965,1594.0,1594.0,3.9406998,0,0.0,1.0,1.0
10000,2.0,0.3,0.008758443453476887,2.763102111592855,0.0031697863849222273,0.5143932673972327,2.0,exponential,966,2283.0,2283.0,3.6255999,0,0.0,1.0,1.0
10000,2.0,0.3,0.008758443453476887,2.763102111592855,0.0031697863849222273,0.5143932673972327,2.0,exponential,967,2920.0,2920.0,3.6076,0,0.0,1.0,1.0
10000,2.0,0.3,0.008758443453476887,2.763102111592855,0.0031697863849222273,0.5143932673972327,2.0,exponential,968,3565.0,3565.0,3.1734998,0,0.0,1.0,1.0
10000,2.0,0.3,0.008758443453476887,2.763102111592855,0.0031697863849222273,0.5143932673972327,2.0,exponential,969,1689.0,1689.0,3.0891,0,0.0,1.0,1.0
10000,2.0,0.3,0.008758443453476887,2.763102111592855,0.0031697863849222273,0.5143932673972327,2.0,exponential,970,842.0,842.0,3.4097,0,0.0,1.0,1.0
10000,2.0,0.3,0.008758443453476887,2.763102111592855,0.0031697863849222273,0.5143932673972327,2.0,exponential,971,1623.0,1623.0,3.0297,0,0.0,1.0,1.0
10000,2.0,0.3,0.008758443453476887,2.763102111592855,0.0031697863849222273,0.5143932673972327,2.0,exponential,972,1171.0,1171.0,3.2375,0,0.0,1.0,1.0
10000,2.0,0.3,0.008758443453476887,2.763102111592855,0.0031697863849222273,0.5143932673972327,2.0,exponential,973,2238.0,2238.0,3.02,0,0.0,1.0,1.0
10000,2.0,0.3,0.008758443453476887,2.763102111592855,0.0031697863849222273,0.5143932673972327,2.0,exponential,974,1421.0,1421.0,3.2329998,0,0.0,1.0,1.0
10000,2.0,0.3,0.008758443453476887,2.763102111592855,0.0031697863849222273,0.5143932673972327,2.0,exponential,975,1793.0,1793.0,3.0235,0,0.0,1.0,1.0
10000,2.0,0.3,0.008758443453476887,2.763102111592855,0.0031697863849222273,0.5143932673972327,2.0,exponential,976,544.0,544.0,3.188,0,0.0,1.0,1.0
10000,2.0,0.3,0.008758443453476887,2.763102111592855,0.0031697863849222273,0.5143932673972327,2.0,exponential,977,4484.0,4484.0,3.1174998,0,0.0,1.0,1.0
10000,2.0,0.3,0.008758443453476887,2.763102111592855,0.0031697863849222273,0.5143932673972327,2.0,exponential,978,877.0,877.0,3.2928,0,0.0,1.0,1.0
10000,2.0,0.3,0.008758443453476887,2.763102111592855,0.0031697863849222273,0.5143932673972327,2.0,exponential,979,297.0,297.0,3.2582998,0,0.0,1.0,1.0
10000,2.0,0.3,0.008758443453476887,2.763102111592855,0.0031697863849222273,0.5143932673972327,2.0,exponential,980,5485.0,5485.0,3.4708,0,0.0,1.0,1.0
10000,2.0,0.3,0.008758443453476887,2.763102111592855,0.0031697863849222273,0.5143932673972327,2.0,exponential,981,5246.0,5246.0,3.0691,0,0.0,1.0,1.0
10000,2.0,0.3,0.008758443453476887,2.763102111592855,0.0031697863849222273,0.5143932673972327,2.0,exponential,982,2590.0,2590.0,3.0953999,0,0.0,1.0,1.0
10000,2.0,0.3,0.008758443453476887,2.763102111592855,0.0031697863849222273,0.5143932673972327,2.0,exponential,983,4468.0,4468.0,2.7772,0,0.0,1.0,1.0
10000,2.0,0.3,0.008758443453476887,2.763102111592855,0.0031697863849222273,0.5143932673972327,2.0,exponential,984,7830.0,7830.0,3.2724998,0,0.0,1.0,1.0
10000,2.0,0.3,0.008758443453476887,2.763102111592855,0.0031697863849222273,0.5143932673972327,2.0,exponential,985,6257.0,6257.0,3.8307,0,0.0,1.0,1.0
10000,2.0,0.3,0.008758443453476887,2.763102111592855,0.0031697863849222273,0.5143932673972327,2.0,exponential,986,4249.0,4249.0,3.4764998,0,0.0,1.0,1.0
10000,2.0,0.3,0.008758443453476887,2.763102111592855,0.0031697863849222273,0.5143932673972327,2.0,exponential,987,5513.0,5513.0,3.5347,0,0.0,1.0,1.0
10000,2.0,0.3,0.008758443453476887,2.763102111592855,0.0031697863849222273,0.5143932673972327,2.0,exponential,988,1836.0,1836.0,3.1617,0,0.0,1.0,1.0
10000,2.0,0.3,0.008758443453476887,2.763102111592855,0.0031697863849222273,0.5143932673972327,2.0,exponential,989,1691.0,1691.0,3.5365,0,0.0,1.0,1.0
10000,2.0,0.3,0.008758443453476887,2.763102111592855,0.0031697863849222273,0.5143932673972327,2.0,exponential,990,1335.0,1335.0,3.3037,0,0.0,1.0,1.0
10000,2.0,0.3,0.008758443453476887,2.763102111592855,0.0031697863849222273,0.5143932673972327,2.0,exponential,991,2559.0,2559.0,3.4043,0,0.0,1.0,1.0
10000,2.0,0.3,0.008758443453476887,2.763102111592855,0.0031697863849222273,0.5143932673972327,2.0,exponential,992,813.0,813.0,3.4333,0,0.0,1.0,1.0
10000,2.0,0.3,0.008758443453476887,2.763102111592855,0.0031697863849222273,0.5143932673972327,2.0,exponential,993,6683.0,6683.0,3.2524,0,0.0,1.0,1.0
10000,2.0,0.3,0.008758443453476887,2.763102111592855,0.0031697863849222273,0.5143932673972327,2.0,exponential,994,6841.0,6841.0,3.1364,0,0.0,1.0,1.0
10000,2.0,0.3,0.008758443453476887,2.763102111592855,0.0031697863849222273,0.5143932673972327,2.0,exponential,995,5736.0,5736.0,3.0618,0,0.0,1.0,1.0
10000,2.0,0.3,0.008758443453476887,2.763102111592855,0.0031697863849222273,0.5143932673972327,2.0,exponential,996,5226.0,5226.0,3.3989,0,0.0,1.0,1.0
10000,2.0,0.3,0.008758443453476887,2.763102111592855,0.0031697863849222273,0.5143932673972327,2.0,exponential,997,3379.0,3379.0,3.7278998,0,0.0,1.0,1.0
10000,2.0,0.3,0.008758443453476887,2.763102111592855,0.0031697863849222273,0.5143932673972327,2.0,exponential,998,1719.0,1719.0,3.0182998,0,0.0,1.0,1.0
10000,2.0,0.3,0.008758443453476887,2.763102111592855,0.0031697863849222273,0.5143932673972327,2.0,exponential,999,639.0,639.0,3.3186,0,0.0,1.0,1.0
