N,psi,delta,lambda,theta,alpha,effective_beta,psi_check,selection_mode,path_index,t_0,first_loss_time,kappa_1_at_t0,X0_count_at_stop,X_0_at_stop,leading_zero_count_at_t0,first_nonzero_class_at_t0
10000,1.0,0.1,0.00023135329009951882,0.9210340371976184,0.00025118864315095806,0.9089310799931435,1.0,exponential,0,15329.0,15329.0,1.5925,0,0.0,1.0,1.0
10000,1.0,0.1,0.00023135329009951882,0.9210340371976184,0.00025118864315095806,0.9089310799931435,1.0,exponential,1,25813.0,25813.0,2.4675,0,0.0,1.0,1.0
10000,1.0,0.1,0.00023135329009951882,0.9210340371976184,0.00025118864315095806,0.9089310799931435,1.0,exponential,2,49648.0,49648.0,1.531,0,0.0,1.0,1.0
10000,1.0,0.1,0.00023135329009951882,0.9210340371976184,0.00025118864315095806,0.9089310799931435,1.0,exponential,3,14465.0,14465.0,2.2642999,0,0.0,1.0,1.0
10000,1.0,0.1,0.00023135329009951882,0.9210340371976184,0.00025118864315095806,0.9089310799931435,1.0,exponential,4,8722.0,8722.0,2.1069,0,0.0,1.0,1.0
10000,1.0,0.1,0.00023135329009951882,0.9210340371976184,0.00025118864315095806,0.9089310799931435,1.0,exponential,5,20625.0,20625.0,1.8836999,0,0.0,1.0,1.0
10000,1.0,0.1,0.00023135329009951882,0.9210340371976184,0.00025118864315095806,0.9089310799931435,1.0,exponential,6,24621.0,24621.0,2.0198,0,0.0,1.0,1.0
10000,1.0,0.1,0.00023135329009951882,0.9210340371976184,0.00025118864315095806,0.9089310799931435,1.0,exponential,7,3252.0,3252.0,1.5936999,0,0.0,1.0,1.0
10000,1.0,0.1,0.00023135329009951882,0.9210340371976184,0.00025118864315095806,0.9089310799931435,1.0,exponential,8,18464.0,18464.0,1.1449,0,0.0,1.0,1.0
10000,1.0,0.1,0.00023135329009951882,0.9210340371976184,0.00025118864315095806,0.9089310799931435,1.0,exponential,9,22606.0,22606.0,1.2844,0,0.0,1.0,1.0
10000,1.0,0.1,0.00023135329009951882,0.9210340371976184,0.00025118864315095806,0.9089310799931435,1.0,exponential,10,19466.0,19466.0,2.3485,0,0.0,1.0,1.0
10000,1.0,0.1,0.00023135329009951882,0.9210340371976184,0.00025118864315095806,0.9089310799931435,1.0,exponential,11,3160.0,3160.0,1.384,0,0.0,1.0,1.0
10000,1.0,0.1,0.00023135329009951882,0.9210340371976184,0.00025118864315095806,0.9089310799931435,1.0,exponential,12,21064.0,21064.0,1.505,0,0.0,1.0,1.0
10000,1.0,0.1,0.00023135329009951882,0.9210340371976184,0.00025118864315095806,0.9089310799931435,1.0,exponential,13,10519.0,10519.0,1.5318999,0,0.0,1.0,1.0
10000,1.0,0.1,0.00023135329009951882,0.9210340371976184,0.00025118864315095806,0.9089310799931435,1.0,exponential,14,39416.0,39416.0,2.096,0,0.0,1.0,1.0
10000,1.0,0.1,0.00023135329009951882,0.9210340371976184,0.00025118864315095806,0.9089310799931435,1.0,exponential,15,47319.0,47319.0,1.4175999,0,0.0,1.0,1.0
10000,1.0,0.1,0.00023135329009951882,0.9210340371976184,0.00025118864315095806,0.9089310799931435,1.0,exponential,16,43344.0,43344.0,2.6218998,0,0.0,1.0,1.0
10000,1.0,0.1,0.00023135329009951882,0.9210340371976184,0.00025118864315095806,0.9089310799931435,1.0,exponential,17,10259.0,10259.0,1.5761,0,0.0,1.0,1.0
10000,1.0,0.1,0.00023135329009951882,0.9210340371976184,0.00025118864315095806,0.9089310799931435,1.0,exponential,18,16299.0,16299.0,1.2797999,0,0.0,1.0,1.0
10000,1.0,0.1,0.00023135329009951882,0.9210340371976184,0.00025118864315095806,0.9089310799931435,1.0,exponential,19,2091.0,2091.0,1.8497,0,0.0,1.0,1.0
10000,1.0,0.1,0.00023135329009951882,0.9210340371976184,0.00025118864315095806,0.9089310799931435,1.0,exponential,20,32900.0,32900.0,1.4549999,0,0.0,1.0,1.0
10000,1.0,0.1,0.00023135329009951882,0.9210340371976184,0.00025118864315095806,0.9089310799931435,1.0,exponential,21,7309.0,7309.0,1.9241999,0,0.0,1.0,1.0
10000,1.0,0.1,0.00023135329009951882,0.9210340371976184,0.00025118864315095806,0.9089310799931435,1.0,exponential,22,13319.0,13319.0,1.4419,0,0.0,1.0,1.0
10000,1.0,0.1,0.00023135329009951882,0.9210340371976184,0.00025118864315095806,0.9089310799931435,1.0,exponential,23,31429.0,31429.0,1.8636999,0,0.0,1.0,1.0
10000,1.0,0.1,0.00023135329009951882,0.9210340371976184,0.00025118864315095806,0.9089310799931435,1.0,exponential,24,16322.0,16322.0,1.6552,0,0.0,1.0,1.0
10000,1.0,0.1,0.00023135329009951882,0.9210340371976184,0.00025118864315095806,0.9089310799931435,1.0,exponential,25,44728.0,44728.0,1.6904,0,0.0,1.0,1.0
10000,1.0,0.1,0.00023135329009951882,0.9210340371976184,0.00025118864315095806,0.9089310799931435,1.0,exponential,26,64936.0,64936.0,1.5246999,0,0.0,1.0,1.0
10000,1.0,0.1,0.00023135329009951882,0.9210340371976184,0.00025118864315095806,0.9089310799931435,1.0,exponential,27,37822.0,37822.0,2.1513999,0,0.0,1.0,1.0
10000,1.0,0.1,0.00023135329009951882,0.9210340371976184,0.00025118864315095806,0.9089310799931435,1.0,exponential,28,41157.0,41157.0,1.5853,0,0.0,1.0,1.0
10000,1.0,0.1,0.00023135329009951882,0.9210340371976184,0.00025118864315095806,0.9089310799931435,1.0,exponential,29,9725.0,9725.0,1.7443,0,0.0,1.0,1.0
10000,1.0,0.1,0.00023135329009951882,0.9210340371976184,0.00025118864315095806,0.9089310799931435,1.0,exponential,30,19651.0,19651.0,1.5816,0,0.0,1.0,1.0
10000,1.0,0.1,0.00023135329009951882,0.9210340371976184,0.00025118864315095806,0.9089310799931435,1.0,exponential,31,5263.0,5263.0,1.1156,0,0.0,1.0,1.0
10000,1.0,0.1,0.00023135329009951882,0.9210340371976184,0.00025118864315095806,0.9089310799931435,1.0,exponential,32,21100.0,21100.0,1.6479,0,0.0,1.0,1.0
10000,1.0,0.1,0.00023135329009951882,0.9210340371976184,0.00025118864315095806,0.9089310799931435,1.0,exponential,33,13625.0,13625.0,1.5717,0,0.0,1.0,1.0
10000,1.0,0.1,0.00023135329009951882,0.9210340371976184,0.00025118864315095806,0.9089310799931435,1.0,exponential,34,13970.0,13970.0,1.3222,0,0.0,1.0,1.0
10000,1.0,0.1,0.00023135329009951882,0.9210340371976184,0.00025118864315095806,0.9089310799931435,1.0,exponential,35,73562.0,73562.0,1.2146,0,0.0,1.0,1.0
10000,1.0,0.1,0.00023135329009951882,0.9210340371976184,0.00025118864315095806,0.9089310799931435,1.0,exponential,36,28871.0,28871.0,1.5702,0,0.0,1.0,1.0
10000,1.0,0.1,0.00023135329009951882,0.9210340371976184,0.00025118864315095806,0.9089310799931435,1.0,exponential,37,35802.0,35802.0,1.602,0,0.0,1.0,1.0
10000,1.0,0.1,0.00023135329009951882,0.9210340371976184,0.00025118864315095806,0.9089310799931435,1.0,exponential,38,2886.0,2886.0,1.6265999,0,0.0,1.0,1.0
10000,1.0,0.1,0.00023135329009951882,0.9210340371976184,0.00025118864315095806,0.9089310799931435,1.0,exponential,39,42392.0,42392.0,1.9083999,0,0.0,1.0,1.0
10000,1.0,0.1,0.00023135329009951882,0.9210340371976184,0.00025118864315095806,0.9089310799931435,1.0,exponential,40,6977.0,6977.0,1.6664,0,0.0,1.0,1.0
10000,1.0,0.1,0.00023135329009951882,0.9210340371976184,0.00025118864315095806,0.9089310799931435,1.0,exponential,41,11266.0,11266.0,2.0254,0,0.0,1.0,1.0
10000,1.0,0.1,0.00023135329009951882,0.9210340371976184,0.00025118864315095806,0.9089310799931435,1.0,exponential,42,27516.0,27516.0,1.4096,0,0.0,1.0,1.0
10000,1.0,0.1,0.00023135329009951882,0.9210340371976184,0.00025118864315095806,0.9089310799931435,1.0,exponential,43,9670.0,9670.0,1.3823,0,0.0,1.0,1.0
10000,1.0,0.1,0.00023135329009951882,0.9210340371976184,0.00025118864315095806,0.9089310799931435,1.0,exponential,44,32620.0,32620.0,1.6189,0,0.0,1.0,1.0
10000,1.0,0.1,0.00023135329009951882,0.9210340371976184,0.00025118864315095806,0.9089310799931435,1.0,exponential,45,26427.0,26427.0,1.3429999,0,0.0,1.0,1.0
10000,1.0,0.1,0.00023135329009951882,0.9210340371976184,0.00025118864315095806,0.9089310799931435,1.0,exponential,46,49323.0,49323.0,2.3902,0,0.0,1.0,1.0
10000,1.0,0.1,0.00023135329009951882,0.9210340371976184,0.00025118864315095806,0.9089310799931435,1.0,exponential,47,8525.0,8525.0,2.0402,0,0.0,1.0,1.0
10000,1.0,0.1,0.00023135329009951882,0.9210340371976184,0.00025118864315095806,0.9089310799931435,1.0,exponential,48,17801.0,17801.0,1.7926999,0,0.0,1.0,1.0
10000,1.0,0.1,0.00023135329009951882,0.9210340371976184,0.00025118864315095806,0.9089310799931435,1.0,exponential,49,8921.0,8921.0,1.3061,0,0.0,1.0,1.0
10000,1.0,0.1,0.00023135329009951882,0.9210340371976184,0.00025118864315095806,0.9089310799931435,1.0,exponential,50,4260.0,4260.0,2.0388,0,0.0,1.0,1.0
10000,1.0,0.1,0.00023135329009951882,0.9210340371976184,0.00025118864315095806,0.9089310799931435,1.0,exponential,51,19695.0,19695.0,1.3170999,0,0.0,1.0,1.0
10000,1.0,0.1,0.00023135329009951882,0.9210340371976184,0.00025118864315095806,0.9089310799931435,1.0,exponential,52,4893.0,4893.0,1.5393,0,0.0,1.0,1.0
10000,1.0,0.1,0.00023135329009951882,0.9210340371976184,0.00025118864315095806,0.9089310799931435,1.0,exponential,53,44917.0,44917.0,1.3548,0,0.0,1.0,1.0
10000,1.0,0.1,0.00023135329009951882,0.9210340371976184,0.00025118864315095806,0.9089310799931435,1.0,exponential,54,2816.0,2816.0,1.8018999,0,0.0,1.0,1.0
10000,1.0,0.1,0.00023135329009951882,0.9210340371976184,0.00025118864315095806,0.9089310799931435,1.0,exponential,55,1738.0,1738.0,1.7443999,0,0.0,1.0,1.0
10000,1.0,0.1,0.00023135329009951882,0.9210340371976184,0.00025118864315095806,0.9089310799931435,1.0,exponential,56,17082.0,17082.0,1.5322,0,0.0,1.0,1.0
10000,1.0,0.1,0.00023135329009951882,0.9210340371976184,0.00025118864315095806,0.9089310799931435,1.0,exponential,57,64409.0,64409.0,1.2853,0,0.0,1.0,1.0
10000,1.0,0.1,0.00023135329009951882,0.9210340371976184,0.00025118864315095806,0.9089310799931435,1.0,exponential,58,72327.0,72327.0,1.3967999,0,0.0,1.0,1.0
10000,1.0,0.1,0.00023135329009951882,0.9210340371976184,0.00025118864315095806,0.9089310799931435,1.0,exponential,59,3593.0,3593.0,1.2878,0,0.0,1.0,1.0
10000,1.0,0.1,0.00023135329009951882,0.9210340371976184,0.00025118864315095806,0.9089310799931435,1.0,exponential,60,14388.0,14388.0,2.3978999,0,0.0,1.0,1.0
10000,1.0,0.1,0.00023135329009951882,0.9210340371976184,0.00025118864315095806,0.9089310799931435,1.0,exponential,61,2770.0,2770.0,1.4977,0,0.0,1.0,1.0
10000,1.0,0.1,0.00023135329009951882,0.9210340371976184,0.00025118864315095806,0.9089310799931435,1.0,exponential,62,23085.0,23085.0,1.8422999,0,0.0,1.0,1.0
10000,1.0,0.1,0.00023135329009951882,0.9210340371976184,0.00025118864315095806,0.9089310799931435,1.0,exponential,63,17016.0,17016.0,1.4861,0,0.0,1.0,1.0
10000,1.0,0.1,0.00023135329009951882,0.9210340371976184,0.00025118864315095806,0.9089310799931435,1.0,exponential,64,3994.0,3994.0,1.2120999,0,0.0,1.0,1.0
10000,1.0,0.1,0.00023135329009951882,0.9210340371976184,0.00025118864315095806,0.9089310799931435,1.0,exponential,65,3383.0,3383.0,2.4224,0,0.0,1.0,1.0
10000,1.0,0.1,0.00023135329009951882,0.9210340371976184,0.00025118864315095806,0.9089310799931435,1.0,exponential,66,16856.0,16856.0,1.4159,0,0.0,1.0,1.0
10000,1.0,0.1,0.00023135329009951882,0.9210340371976184,0.00025118864315095806,0.9089310799931435,1.0,exponential,67,9328.0,9328.0,1.6092,0,0.0,1.0,1.0
10000,1.0,0.1,0.00023135329009951882,0.9210340371976184,0.00025118864315095806,0.9089310799931435,1.0,exponential,68,3183.0,3183.0,2.0172,0,0.0,1.0,1.0
10000,1.0,0.1,0.00023135329009951882,0.9210340371976184,0.00025118864315095806,0.9089310799931435,1.0,exponential,69,64526.0,64526.0,1.2832,0,0.0,1.0,1.0
10000,1.0,0.1,0.00023135329009951882,0.9210340371976184,0.00025118864315095806,0.9089310799931435,1.0,exponential,70,4688.0,4688.0,1.9235,0,0.0,1.0,1.0
10000,1.0,0.1,0.00023135329009951882,0.9210340371976184,0.00025118864315095806,0.9089310799931435,1.0,exponential,71,89482.0,89482.0,1.5645,0,0.0,1.0,1.0
10000,1.0,0.1,0.00023135329009951882,0.9210340371976184,0.00025118864315095806,0.9089310799931435,1.0,exponential,72,9047.0,9047.0,1.9186,0,0.0,1.0,1.0
10000,1.0,0.1,0.00023135329009951882,0.9210340371976184,0.00025118864315095806,0.9089310799931435,1.0,exponential,73,52539.0,52539.0,1.4494,0,0.0,1.0,1.0
10000,1.0,0.1,0.00023135329009951882,0.9210340371976184,0.00025118864315095806,0.9089310799931435,1.0,exponential,74,36724.0,36724.0,1.5813999,0,0.0,1.0,1.0
10000,1.0,0.1,0.00023135329009951882,0.9210340371976184,0.00025118864315095806,0.9089310799931435,1.0,exponential,75,6327.0,6327.0,2.6569998,0,0.0,1.0,1.0
10000,1.0,0.1,0.00023135329009951882,0.9210340371976184,0.00025118864315095806,0.9089310799931435,1.0,exponential,76,5384.0,5384.0,1.7256,0,0.0,1.0,1.0
10000,1.0,0.1,0.00023135329009951882,0.9210340371976184,0.00025118864315095806,0.9089310799931435,1.0,exponential,77,86384.0,86384.0,1.4369999,0,0.0,1.0,1.0
10000,1.0,0.1,0.00023135329009951882,0.9210340371976184,0.00025118864315095806,0.9089310799931435,1.0,exponential,78,35487.0,35487.0,1.3757,0,0.0,1.0,1.0
10000,1.0,0.1,0.00023135329009951882,0.9210340371976184,0.00025118864315095806,0.9089310799931435,1.0,exponential,79,7912.0,7912.0,1.7414999,0,0.0,1.0,1.0
10000,1.0,0.1,0.00023135329009951882,0.9210340371976184,0.00025118864315095806,0.9089310799931435,1.0,exponential,80,66126.0,66126.0,1.405,0,0.0,1.0,1.0
10000,1.0,0.1,0.00023135329009951882,0.9210340371976184,0.00025118864315095806,0.9089310799931435,1.0,exponential,81,9445.0,9445.0,1.6886,0,0.0,1.0,1.0
10000,1.0,0.1,0.00023135329009951882,0.9210340371976184,0.00025118864315095806,0.9089310799931435,1.0,exponential,82,52335.0,52335.0,1.3903999,0,0.0,1.0,1.0
10000,1.0,0.1,0.00023135329009951882,0.9210340371976184,0.00025118864315095806,0.9089310799931435,1.0,exponential,83,35472.0,35472.0,1.7059,0,0.0,1.0,1.0
10000,1.0,0.1,0.00023135329009951882,0.9210340371976184,0.00025118864315095806,0.9089310799931435,1.0,exponential,84,6307.0,6307.0,1.153,0,0.0,1.0,1.0
10000,1.0,0.1,0.00023135329009951882,0.9210340371976184,0.00025118864315095806,0.9089310799931435,1.0,exponential,85,5626.0,5626.0,1.2507,0,0.0,1.0,1.0
10000,1.0,0.1,0.00023135329009951882,0.9210340371976184,0.00025118864315095806,0.9089310799931435,1.0,exponential,86,72456.0,72456.0,1.8032999,0,0.0,1.0,1.0
10000,1.0,0.1,0.00023135329009951882,0.9210340371976184,0.00025118864315095806,0.9089310799931435,1.0,exponential,87,14140.0,14140.0,2.0598,0,0.0,1.0,1.0
10000,1.0,0.1,0.00023135329009951882,0.9210340371976184,0.00025118864315095806,0.9089310799931435,1.0,exponential,88,47394.0,47394.0,1.9915999,0,0.0,1.0,1.0
10000,1.0,0.1,0.00023135329009951882,0.9210340371976184,0.00025118864315095806,0.9089310799931435,1.0,exponential,89,3243.0,3243.0,1.8527,0,0.0,1.0,1.0
10000,1.0,0.1,0.00023135329009951882,0.9210340371976184,0.00025118864315095806,0.9089310799931435,1.0,exponential,90,46115.0,46115.0,1.3649,0,0.0,1.0,1.0
10000,1.0,0.1,0.00023135329009951882,0.9210340371976184,0.00025118864315095806,0.9089310799931435,1.0,exponential,91,33146.0,33146.0,1.2893,0,0.0,1.0,1.0
10000,1.0,0.1,0.00023135329009951882,0.9210340371976184,0.00025118864315095806,0.9089310799931435,1.0,exponential,92,22317.0,22317.0,1.7149999,0,0.0,1.0,1.0
10000,1.0,0.1,0.00023135329009951882,0.9210340371976184,0.00025118864315095806,0.9089310799931435,1.0,exponential,93,3639.0,3639.0,1.9624,0,0.0,1.0,1.0
10000,1.0,0.1,0.00023135329009951882,0.9210340371976184,0.00025118864315095806,0.9089310799931435,1.0,exponential,94,27506.0,27506.0,1.4235,0,0.0,1.0,1.0
10000,1.0,0.1,0.00023135329009951882,0.9210340371976184,0.00025118864315095806,0.9089310799931435,1.0,exponential,95,48797.0,48797.0,1.4018999,0,0.0,1.0,1.0
10000,1.0,0.1,0.00023135329009951882,0.9210340371976184,0.00025118864315095806,0.9089310799931435,1.0,exponential,96,26052.0,26052.0,1.9038999,0,0.0,1.0,1.0
10000,1.0,0.1,0.00023135329009951882,0.9210340371976184,0.00025118864315095806,0.9089310799931435,1.0,exponential,97,18237.0,18237.0,1.5717,0,0.0,1.0,1.0
10000,1.0,0.1,0.00023135329009951882,0.9210340371976184,0.00025118864315095806,0.9089310799931435,1.0,exponential,98,27970.0,27970.0,1.3577,0,0.0,1.0,1.0
10000,1.0,0.1,0.00023135329009951882,0.9210340371976184,0.00025118864315095806,0.9089310799931435,1.0,exponential,99,16099.0,16099.0,1.2998999,0,0.0,1.0,1.0
10000,1.0,0.1,0.00023135329009951882,0.9210340371976184,0.00025118864315095806,0.9089310799931435,1.0,exponential,100,80833.0,80833.0,1.7838,0,0.0,1.0,1.0
10000,1.0,0.1,0.00023135329009951882,0.9210340371976184,0.00025118864315095806,0.9089310799931435,1.0,exponential,101,3427.0,3427.0,1.7585,0,0.0,1.0,1.0
10000,1.0,0.1,0.00023135329009951882,0.9210340371976184,0.00025118864315095806,0.9089310799931435,1.0,exponential,102,56488.0,56488.0,2.1255999,0,0.0,1.0,1.0
10000,1.0,0.1,0.00023135329009951882,0.9210340371976184,0.00025118864315095806,0.9089310799931435,1.0,exponential,103,41566.0,41566.0,2.1276999,0,0.0,1.0,1.0
10000,1.0,0.1,0.00023135329009951882,0.9210340371976184,0.00025118864315095806,0.9089310799931435,1.0,exponential,104,7493.0,7493.0,1.7142999,0,0.0,1.0,1.0
10000,1.0,0.1,0.00023135329009951882,0.9210340371976184,0.00025118864315095806,0.9089310799931435,1.0,exponential,105,9288.0,9288.0,2.337,0,0.0,1.0,1.0
10000,1.0,0.1,0.00023135329009951882,0.9210340371976184,0.00025118864315095806,0.9089310799931435,1.0,exponential,106,14565.0,14565.0,2.238,0,0.0,1.0,1.0
10000,1.0,0.1,0.00023135329009951882,0.9210340371976184,0.00025118864315095806,0.9089310799931435,1.0,exponential,107,12829.0,12829.0,1.5919,0,0.0,1.0,1.0
10000,1.0,0.1,0.00023135329009951882,0.9210340371976184,0.00025118864315095806,0.9089310799931435,1.0,exponential,108,6425.0,6425.0,2.0902,0,0.0,1.0,1.0
10000,1.0,0.1,0.00023135329009951882,0.9210340371976184,0.00025118864315095806,0.9089310799931435,1.0,exponential,109,4114.0,4114.0,1.7694999,0,0.0,1.0,1.0
10000,1.0,0.1,0.00023135329009951882,0.9210340371976184,0.00025118864315095806,0.9089310799931435,1.0,exponential,110,60801.0,60801.0,1.4794999,0,0.0,1.0,1.0
10000,1.0,0.1,0.00023135329009951882,0.9210340371976184,0.00025118864315095806,0.9089310799931435,1.0,exponential,111,102807.0,102807.0,1.9095,0,0.0,1.0,1.0
10000,1.0,0.1,0.00023135329009951882,0.9210340371976184,0.00025118864315095806,0.9089310799931435,1.0,exponential,112,41673.0,41673.0,2.1385,0,0.0,1.0,1.0
10000,1.0,0.1,0.00023135329009951882,0.9210340371976184,0.00025118864315095806,0.9089310799931435,1.0,exponential,113,39284.0,39284.0,1.7389,0,0.0,1.0,1.0
10000,1.0,0.1,0.00023135329009951882,0.9210340371976184,0.00025118864315095806,0.9089310799931435,1.0,exponential,114,34589.0,34589.0,1.8462,0,0.0,1.0,1.0
10000,1.0,0.1,0.00023135329009951882,0.9210340371976184,0.00025118864315095806,0.9089310799931435,1.0,exponential,115,20796.0,20796.0,1.7096,0,0.0,1.0,1.0
10000,1.0,0.1,0.00023135329009951882,0.9210340371976184,0.00025118864315095806,0.9089310799931435,1.0,exponential,116,5861.0,5861.0,1.2631999,0,0.0,1.0,1.0
10000,1.0,0.1,0.00023135329009951882,0.9210340371976184,0.00025118864315095806,0.9089310799931435,1.0,exponential,117,26996.0,26996.0,2.2635,0,0.0,1.0,1.0
10000,1.0,0.1,0.00023135329009951882,0.9210340371976184,0.00025118864315095806,0.9089310799931435,1.0,exponential,118,36158.0,36158.0,1.9296999,0,0.0,1.0,1.0
10000,1.0,0.1,0.00023135329009951882,0.9210340371976184,0.00025118864315095806,0.9089310799931435,1.0,exponential,119,7733.0,7733.0,1.5083,0,0.0,1.0,1.0
10000,1.0,0.1,0.00023135329009951882,0.9210340371976184,0.00025118864315095806,0.9089310799931435,1.0,exponential,120,8477.0,8477.0,1.3219,0,0.0,1.0,1.0
10000,1.0,0.1,0.00023135329009951882,0.9210340371976184,0.00025118864315095806,0.9089310799931435,1.0,exponential,121,34799.0,34799.0,1.5126,0,0.0,1.0,1.0
10000,1.0,0.1,0.00023135329009951882,0.9210340371976184,0.00025118864315095806,0.9089310799931435,1.0,exponential,122,58072.0,58072.0,1.9632,0,0.0,1.0,1.0
10000,1.0,0.1,0.00023135329009951882,0.9210340371976184,0.00025118864315095806,0.9089310799931435,1.0,exponential,123,21350.0,21350.0,2.485,0,0.0,1.0,1.0
10000,1.0,0.1,0.00023135329009951882,0.9210340371976184,0.00025118864315095806,0.9089310799931435,1.0,exponential,124,6133.0,6133.0,1.6468999,0,0.0,1.0,1.0
10000,1.0,0.1,0.00023135329009951882,0.9210340371976184,0.00025118864315095806,0.9089310799931435,1.0,exponential,125,59297.0,59297.0,2.0614,0,0.0,1.0,1.0
10000,1.0,0.1,0.00023135329009951882,0.9210340371976184,0.00025118864315095806,0.9089310799931435,1.0,exponential,126,10820.0,10820.0,1.7462,0,0.0,1.0,1.0
10000,1.0,0.1,0.00023135329009951882,0.9210340371976184,0.00025118864315095806,0.9089310799931435,1.0,exponential,127,38563.0,38563.0,1.7557,0,0.0,1.0,1.0
10000,1.0,0.1,0.00023135329009951882,0.9210340371976184,0.00025118864315095806,0.9089310799931435,1.0,exponential,128,71681.0,71681.0,2.494,0,0.0,1.0,1.0
10000,1.0,0.1,0.00023135329009951882,0.9210340371976184,0.00025118864315095806,0.9089310799931435,1.0,exponential,129,18746.0,18746.0,1.344,0,0.0,1.0,1.0
10000,1.0,0.1,0.00023135329009951882,0.9210340371976184,0.00025118864315095806,0.9089310799931435,1.0,exponential,130,9363.0,9363.0,2.1562,0,0.0,1.0,1.0
10000,1.0,0.1,0.00023135329009951882,0.9210340371976184,0.00025118864315095806,0.9089310799931435,1.0,exponential,131,90559.0,90559.0,1.5092,0,0.0,1.0,1.0
10000,1.0,0.1,0.00023135329009951882,0.9210340371976184,0.00025118864315095806,0.9089310799931435,1.0,exponential,132,14696.0,14696.0,1.1848,0,0.0,1.0,1.0
10000,1.0,0.1,0.00023135329009951882,0.9210340371976184,0.00025118864315095806,0.9089310799931435,1.0,exponential,133,65941.0,65941.0,1.9,0,0.0,1.0,1.0
10000,1.0,0.1,0.00023135329009951882,0.9210340371976184,0.00025118864315095806,0.9089310799931435,1.0,exponential,134,11975.0,11975.0,1.3748,0,0.0,1.0,1.0
10000,1.0,0.1,0.00023135329009951882,0.9210340371976184,0.00025118864315095806,0.9089310799931435,1.0,exponential,135,9034.0,9034.0,1.8569,0,0.0,1.0,1.0
10000,1.0,0.1,0.00023135329009951882,0.9210340371976184,0.00025118864315095806,0.9089310799931435,1.0,exponential,136,15581.0,15581.0,1.7637,0,0.0,1.0,1.0
10000,1.0,0.1,0.00023135329009951882,0.9210340371976184,0.00025118864315095806,0.9089310799931435,1.0,exponential,137,13162.0,13162.0,1.2365,0,0.0,1.0,1.0
10000,1.0,0.1,0.00023135329009951882,0.9210340371976184,0.00025118864315095806,0.9089310799931435,1.0,exponential,138,19175.0,19175.0,1.6596999,0,0.0,1.0,1.0
10000,1.0,0.1,0.00023135329009951882,0.9210340371976184,0.00025118864315095806,0.9089310799931435,1.0,exponential,139,10698.0,10698.0,1.7952,0,0.0,1.0,1.0
10000,1.0,0.1,0.00023135329009951882,0.9210340371976184,0.00025118864315095806,0.9089310799931435,1.0,exponential,140,18574.0,18574.0,2.3408,0,0.0,1.0,1.0
10000,1.0,0.1,0.00023135329009951882,0.9210340371976184,0.00025118864315095806,0.9089310799931435,1.0,exponential,141,50318.0,50318.0,1.5387,0,0.0,1.0,1.0
10000,1.0,0.1,0.00023135329009951882,0.9210340371976184,0.00025118864315095806,0.9089310799931435,1.0,exponential,142,10260.0,10260.0,1.3302,0,0.0,1.0,1.0
10000,1.0,0.1,0.00023135329009951882,0.9210340371976184,0.00025118864315095806,0.9089310799931435,1.0,exponential,143,7568.0,7568.0,1.4445,0,0.0,1.0,1.0
10000,1.0,0.1,0.00023135329009951882,0.9210340371976184,0.00025118864315095806,0.9089310799931435,1.0,exponential,144,47923.0,47923.0,1.9517,0,0.0,1.0,1.0
10000,1.0,0.1,0.00023135329009951882,0.9210340371976184,0.00025118864315095806,0.9089310799931435,1.0,exponential,145,4348.0,4348.0,1.6074,0,0.0,1.0,1.0
10000,1.0,0.1,0.00023135329009951882,0.9210340371976184,0.00025118864315095806,0.9089310799931435,1.0,exponential,146,7381.0,7381.0,1.4976,0,0.0,1.0,1.0
10000,1.0,0.1,0.00023135329009951882,0.9210340371976184,0.00025118864315095806,0.9089310799931435,1.0,exponential,147,18420.0,18420.0,1.6266999,0,0.0,1.0,1.0
10000,1.0,0.1,0.00023135329009951882,0.9210340371976184,0.00025118864315095806,0.9089310799931435,1.0,exponential,148,27282.0,27282.0,2.3257,0,0.0,1.0,1.0
10000,1.0,0.1,0.00023135329009951882,0.9210340371976184,0.00025118864315095806,0.9089310799931435,1.0,exponential,149,57364.0,57364.0,1.3069999,0,0.0,1.0,1.0
10000,1.0,0.1,0.00023135329009951882,0.9210340371976184,0.00025118864315095806,0.9089310799931435,1.0,exponential,150,16343.0,16343.0,2.4164,0,0.0,1.0,1.0
10000,1.0,0.1,0.00023135329009951882,0.9210340371976184,0.00025118864315095806,0.9089310799931435,1.0,exponential,151,20395.0,20395.0,1.6604999,0,0.0,1.0,1.0
10000,1.0,0.1,0.00023135329009951882,0.9210340371976184,0.00025118864315095806,0.9089310799931435,1.0,exponential,152,4637.0,4637.0,2.0414999,0,0.0,1.0,1.0
10000,1.0,0.1,0.00023135329009951882,0.9210340371976184,0.00025118864315095806,0.9089310799931435,1.0,exponential,153,44948.0,44948.0,1.6439999,0,0.0,1.0,1.0
10000,1.0,0.1,0.00023135329009951882,0.9210340371976184,0.00025118864315095806,0.9089310799931435,1.0,exponential,154,40827.0,40827.0,1.3812,0,0.0,1.0,1.0
10000,1.0,0.1,0.00023135329009951882,0.9210340371976184,0.00025118864315095806,0.9089310799931435,1.0,exponential,155,29964.0,29964.0,1.5833,0,0.0,1.0,1.0
10000,1.0,0.1,0.00023135329009951882,0.9210340371976184,0.00025118864315095806,0.9089310799931435,1.0,exponential,156,5292.0,5292.0,1.7603999,0,0.0,1.0,1.0
10000,1.0,0.1,0.00023135329009951882,0.9210340371976184,0.00025118864315095806,0.9089310799931435,1.0,exponential,157,11370.0,11370.0,2.5419,0,0.0,1.0,1.0
10000,1.0,0.1,0.00023135329009951882,0.9210340371976184,0.00025118864315095806,0.9089310799931435,1.0,exponential,158,4009.0,4009.0,1.4104999,0,0.0,1.0,1.0
10000,1.0,0.1,0.00023135329009951882,0.9210340371976184,0.00025118864315095806,0.9089310799931435,1.0,exponential,159,15639.0,15639.0,1.783,0,0.0,1.0,1.0
10000,1.0,0.1,0.00023135329009951882,0.9210340371976184,0.00025118864315095806,0.9089310799931435,1.0,exponential,160,40737.0,40737.0,1.8138,0,0.0,1.0,1.0
10000,1.0,0.1,0.00023135329009951882,0.9210340371976184,0.00025118864315095806,0.9089310799931435,1.0,exponential,161,13395.0,13395.0,1.3580999,0,0.0,1.0,1.0
10000,1.0,0.1,0.00023135329009951882,0.9210340371976184,0.00025118864315095806,0.9089310799931435,1.0,exponential,162,27269.0,27269.0,1.2146,0,0.0,1.0,1.0
10000,1.0,0.1,0.00023135329009951882,0.9210340371976184,0.00025118864315095806,0.9089310799931435,1.0,exponential,163,17509.0,17509.0,1.7996999,0,0.0,1.0,1.0
10000,1.0,0.1,0.00023135329009951882,0.9210340371976184,0.00025118864315095806,0.9089310799931435,1.0,exponential,164,15648.0,15648.0,1.5873,0,0.0,1.0,1.0
10000,1.0,0.1,0.00023135329009951882,0.9210340371976184,0.00025118864315095806,0.9089310799931435,1.0,exponential,165,34963.0,34963.0,1.8943,0,0.0,1.0,1.0
10000,1.0,0.1,0.00023135329009951882,0.9210340371976184,0.00025118864315095806,0.9089310799931435,1.0,exponential,166,12355.0,12355.0,1.7055,0,0.0,1.0,1.0
10000,1.0,0.1,0.00023135329009951882,0.9210340371976184,0.00025118864315095806,0.9089310799931435,1.0,exponential,167,49760.0,49760.0,1.6931,0,0.0,1.0,1.0
10000,1.0,0.1,0.00023135329009951882,0.9210340371976184,0.00025118864315095806,0.9089310799931435,1.0,exponential,168,34248.0,34248.0,1.5501,0,0.0,1.0,1.0
10000,1.0,0.1,0.00023135329009951882,0.9210340371976184,0.00025118864315095806,0.9089310799931435,1.0,exponential,169,7915.0,7915.0,1.8934,0,0.0,1.0,1.0
10000,1.0,0.1,0.00023135329009951882,0.9210340371976184,0.00025118864315095806,0.9089310799931435,1.0,exponential,170,7100.0,7100.0,1.954,0,0.0,1.0,1.0
10000,1.0,0.1,0.00023135329009951882,0.9210340371976184,0.00025118864315095806,0.9089310799931435,1.0,exponential,171,16848.0,16848.0,1.8964,0,0.0,1.0,1.0
10000,1.0,0.1,0.00023135329009951882,0.9210340371976184,0.00025118864315095806,0.9089310799931435,1.0,exponential,172,23539.0,23539.0,2.1067998,0,0.0,1.0,1.0
10000,1.0,0.1,0.00023135329009951882,0.9210340371976184,0.00025118864315095806,0.9089310799931435,1.0,exponential,173,9516.0,9516.0,1.9899999,0,0.0,1.0,1.0
10000,1.0,0.1,0.00023135329009951882,0.9210340371976184,0.00025118864315095806,0.9089310799931435,1.0,exponential,174,26988.0,26988.0,1.3776,0,0.0,1.0,1.0
10000,1.0,0.1,0.00023135329009951882,0.9210340371976184,0.00025118864315095806,0.9089310799931435,1.0,exponential,175,41728.0,41728.0,1.6468999,0,0.0,1.0,1.0
10000,1.0,0.1,0.00023135329009951882,0.9210340371976184,0.00025118864315095806,0.9089310799931435,1.0,exponential,176,47764.0,47764.0,1.5984,0,0.0,1.0,1.0
10000,1.0,0.1,0.00023135329009951882,0.9210340371976184,0.00025118864315095806,0.9089310799931435,1.0,exponential,177,27181.0,27181.0,1.834,0,0.0,1.0,1.0
10000,1.0,0.1,0.00023135329009951882,0.9210340371976184,0.00025118864315095806,0.9089310799931435,1.0,exponential,178,15751.0,15751.0,2.2949,0,0.0,1.0,1.0
10000,1.0,0.1,0.00023135329009951882,0.9210340371976184,0.00025118864315095806,0.9089310799931435,1.0,exponential,179,7204.0,7204.0,1.3219999,0,0.0,1.0,1.0
10000,1.0,0.1,0.00023135329009951882,0.9210340371976184,0.00025118864315095806,0.9089310799931435,1.0,exponential,180,6024.0,6024.0,1.3949,0,0.0,1.0,1.0
10000,1.0,0.1,0.00023135329009951882,0.9210340371976184,0.00025118864315095806,0.9089310799931435,1.0,exponential,181,17389.0,17389.0,1.9978999,0,0.0,1.0,1.0
10000,1.0,0.1,0.00023135329009951882,0.9210340371976184,0.00025118864315095806,0.9089310799931435,1.0,exponential,182,15080.0,15080.0,1.6934999,0,0.0,1.0,1.0
10000,1.0,0.1,0.00023135329009951882,0.9210340371976184,0.00025118864315095806,0.9089310799931435,1.0,exponential,183,88726.0,88726.0,1.7469,0,0.0,1.0,1.0
10000,1.0,0.1,0.00023135329009951882,0.9210340371976184,0.00025118864315095806,0.9089310799931435,1.0,exponential,184,2370.0,2370.0,1.8253,0,0.0,1.0,1.0
10000,1.0,0.1,0.00023135329009951882,0.9210340371976184,0.00025118864315095806,0.9089310799931435,1.0,exponential,185,97970.0,97970.0,2.7773,0,0.0,2.0,2.0
10000,1.0,0.1,0.00023135329009951882,0.9210340371976184,0.00025118864315095806,0.9089310799931435,1.0,exponential,186,25688.0,25688.0,1.3478,0,0.0,1.0,1.0
10000,1.0,0.1,0.00023135329009951882,0.9210340371976184,0.00025118864315095806,0.9089310799931435,1.0,exponential,187,5610.0,5610.0,1.7759,0,0.0,1.0,1.0
10000,1.0,0.1,0.00023135329009951882,0.9210340371976184,0.00025118864315095806,0.9089310799931435,1.0,exponential,188,15280.0,15280.0,1.5128,0,0.0,1.0,1.0
10000,1.0,0.1,0.00023135329009951882,0.9210340371976184,0.00025118864315095806,0.9089310799931435,1.0,exponential,189,9238.0,9238.0,1.3981999,0,0.0,1.0,1.0
10000,1.0,0.1,0.00023135329009951882,0.9210340371976184,0.00025118864315095806,0.9089310799931435,1.0,exponential,190,5285.0,5285.0,1.4154999,0,0.0,1.0,1.0
10000,1.0,0.1,0.00023135329009951882,0.9210340371976184,0.00025118864315095806,0.9089310799931435,1.0,exponential,191,12526.0,12526.0,1.7504,0,0.0,1.0,1.0
10000,1.0,0.1,0.00023135329009951882,0.9210340371976184,0.00025118864315095806,0.9089310799931435,1.0,exponential,192,31748.0,31748.0,1.5324999,0,0.0,1.0,1.0
10000,1.0,0.1,0.00023135329009951882,0.9210340371976184,0.00025118864315095806,0.9089310799931435,1.0,exponential,193,53080.0,53080.0,1.5787,0,0.0,1.0,1.0
10000,1.0,0.1,0.00023135329009951882,0.9210340371976184,0.00025118864315095806,0.9089310799931435,1.0,exponential,194,30539.0,30539.0,1.2559,0,0.0,1.0,1.0
10000,1.0,0.1,0.00023135329009951882,0.9210340371976184,0.00025118864315095806,0.9089310799931435,1.0,exponential,195,2970.0,2970.0,1.5137,0,0.0,1.0,1.0
10000,1.0,0.1,0.00023135329009951882,0.9210340371976184,0.00025118864315095806,0.9089310799931435,1.0,exponential,196,17148.0,17148.0,1.5237,0,0.0,1.0,1.0
10000,1.0,0.1,0.00023135329009951882,0.9210340371976184,0.00025118864315095806,0.9089310799931435,1.0,exponential,197,4718.0,4718.0,1.5302,0,0.0,1.0,1.0
10000,1.0,0.1,0.00023135329009951882,0.9210340371976184,0.00025118864315095806,0.9089310799931435,1.0,exponential,198,34755.0,34755.0,1.67,0,0.0,1.0,1.0
10000,1.0,0.1,0.00023135329009951882,0.9210340371976184,0.00025118864315095806,0.9089310799931435,1.0,exponential,199,32850.0,32850.0,1.9574,0,0.0,1.0,1.0
10000,1.0,0.1,0.00023135329009951882,0.9210340371976184,0.00025118864315095806,0.9089310799931435,1.0,exponential,200,20617.0,20617.0,1.4085,0,0.0,1.0,1.0
10000,1.0,0.1,0.00023135329009951882,0.9210340371976184,0.00025118864315095806,0.9089310799931435,1.0,exponential,201,28376.0,28376.0,1.411,0,0.0,1.0,1.0
10000,1.0,0.1,0.00023135329009951882,0.9210340371976184,0.00025118864315095806,0.9089310799931435,1.0,exponential,202,11583.0,11583.0,2.6564,0,0.0,1.0,1.0
10000,1.0,0.1,0.00023135329009951882,0.9210340371976184,0.00025118864315095806,0.9089310799931435,1.0,exponential,203,10721.0,10721.0,2.2851999,0,0.0,1.0,1.0
10000,1.0,0.1,0.00023135329009951882,0.9210340371976184,0.00025118864315095806,0.9089310799931435,1.0,exponential,204,19182.0,19182.0,1.7184,0,0.0,1.0,1.0
10000,1.0,0.1,0.00023135329009951882,0.9210340371976184,0.00025118864315095806,0.9089310799931435,1.0,exponential,205,52815.0,52815.0,1.4333,0,0.0,1.0,1.0
10000,1.0,0.1,0.00023135329009951882,0.9210340371976184,0.00025118864315095806,0.9089310799931435,1.0,exponential,206,51635.0,51635.0,1.6343,0,0.0,1.0,1.0
10000,1.0,0.1,0.00023135329009951882,0.9210340371976184,0.00025118864315095806,0.9089310799931435,1.0,exponential,207,5634.0,5634.0,1.6803,0,0.0,1.0,1.0
10000,1.0,0.1,0.00023135329009951882,0.9210340371976184,0.00025118864315095806,0.9089310799931435,1.0,exponential,208,66046.0,66046.0,2.3437998,0,0.0,1.0,1.0
10000,1.0,0.1,0.00023135329009951882,0.9210340371976184,0.00025118864315095806,0.9089310799931435,1.0,exponential,209,26825.0,26825.0,1.6353999,0,0.0,1.0,1.0
10000,1.0,0.1,0.00023135329009951882,0.9210340371976184,0.00025118864315095806,0.9089310799931435,1.0,exponential,210,12042.0,12042.0,1.2336999,0,0.0,1.0,1.0
10000,1.0,0.1,0.00023135329009951882,0.9210340371976184,0.00025118864315095806,0.9089310799931435,1.0,exponential,211,11379.0,11379.0,1.2809,0,0.0,1.0,1.0
10000,1.0,0.1,0.00023135329009951882,0.9210340371976184,0.00025118864315095806,0.9089310799931435,1.0,exponential,212,1945.0,1945.0,1.7442,0,0.0,1.0,1.0
10000,1.0,0.1,0.00023135329009951882,0.9210340371976184,0.00025118864315095806,0.9089310799931435,1.0,exponential,213,21642.0,21642.0,1.4512999,0,0.0,1.0,1.0
10000,1.0,0.1,0.00023135329009951882,0.9210340371976184,0.00025118864315095806,0.9089310799931435,1.0,exponential,214,17524.0,17524.0,1.6703999,0,0.0,1.0,1.0
10000,1.0,0.1,0.00023135329009951882,0.9210340371976184,0.00025118864315095806,0.9089310799931435,1.0,exponential,215,6423.0,6423.0,1.3816999,0,0.0,1.0,1.0
10000,1.0,0.1,0.00023135329009951882,0.9210340371976184,0.00025118864315095806,0.9089310799931435,1.0,exponential,216,5892.0,5892.0,1.9540999,0,0.0,1.0,1.0
10000,1.0,0.1,0.00023135329009951882,0.9210340371976184,0.00025118864315095806,0.9089310799931435,1.0,exponential,217,17427.0,17427.0,1.1841999,0,0.0,1.0,1.0
10000,1.0,0.1,0.00023135329009951882,0.9210340371976184,0.00025118864315095806,0.9089310799931435,1.0,exponential,218,34517.0,34517.0,1.7716,0,0.0,1.0,1.0
10000,1.0,0.1,0.00023135329009951882,0.9210340371976184,0.00025118864315095806,0.9089310799931435,1.0,exponential,219,6817.0,6817.0,1.9705,0,0.0,1.0,1.0
10000,1.0,0.1,0.00023135329009951882,0.9210340371976184,0.00025118864315095806,0.9089310799931435,1.0,exponential,220,6600.0,6600.0,1.2966,0,0.0,1.0,1.0
10000,1.0,0.1,0.00023135329009951882,0.9210340371976184,0.00025118864315095806,0.9089310799931435,1.0,exponential,221,4144.0,4144.0,1.5459,0,0.0,1.0,1.0
10000,1.0,0.1,0.00023135329009951882,0.9210340371976184,0.00025118864315095806,0.9089310799931435,1.0,exponential,222,11358.0,11358.0,1.6273999,0,0.0,1.0,1.0
10000,1.0,0.1,0.00023135329009951882,0.9210340371976184,0.00025118864315095806,0.9089310799931435,1.0,exponential,223,112309.0,112309.0,2.2949998,0,0.0,1.0,1.0
10000,1.0,0.1,0.00023135329009951882,0.9210340371976184,0.00025118864315095806,0.9089310799931435,1.0,exponential,224,46754.0,46754.0,1.5698999,0,0.0,1.0,1.0
10000,1.0,0.1,0.00023135329009951882,0.9210340371976184,0.00025118864315095806,0.9089310799931435,1.0,exponential,225,8594.0,8594.0,1.5841,0,0.0,1.0,1.0
10000,1.0,0.1,0.00023135329009951882,0.9210340371976184,0.00025118864315095806,0.9089310799931435,1.0,exponential,226,92220.0,92220.0,1.3447,0,0.0,1.0,1.0
10000,1.0,0.1,0.00023135329009951882,0.9210340371976184,0.00025118864315095806,0.9089310799931435,1.0,exponential,227,56420.0,56420.0,1.1481999,0,0.0,1.0,1.0
10000,1.0,0.1,0.00023135329009951882,0.9210340371976184,0.00025118864315095806,0.9089310799931435,1.0,exponential,228,7673.0,7673.0,1.3558999,0,0.0,1.0,1.0
10000,1.0,0.1,0.00023135329009951882,0.9210340371976184,0.00025118864315095806,0.9089310799931435,1.0,exponential,229,37413.0,37413.0,2.2268999,0,0.0,1.0,1.0
10000,1.0,0.1,0.00023135329009951882,0.9210340371976184,0.00025118864315095806,0.9089310799931435,1.0,exponential,230,164646.0,164646.0,2.3248,0,0.0,1.0,1.0
10000,1.0,0.1,0.00023135329009951882,0.9210340371976184,0.00025118864315095806,0.9089310799931435,1.0,exponential,231,41118.0,41118.0,1.4646,0,0.0,1.0,1.0
10000,1.0,0.1,0.00023135329009951882,0.9210340371976184,0.00025118864315095806,0.9089310799931435,1.0,exponential,232,16724.0,16724.0,1.4587,0,0.0,1.0,1.0
10000,1.0,0.1,0.00023135329009951882,0.9210340371976184,0.00025118864315095806,0.9089310799931435,1.0,exponential,233,23201.0,23201.0,2.3305,0,0.0,1.0,1.0
10000,1.0,0.1,0.00023135329009951882,0.9210340371976184,0.00025118864315095806,0.9089310799931435,1.0,exponential,234,5503.0,5503.0,1.5389,0,0.0,1.0,1.0
10000,1.0,0.1,0.00023135329009951882,0.9210340371976184,0.00025118864315095806,0.9089310799931435,1.0,exponential,235,23673.0,23673.0,1.6703999,0,0.0,1.0,1.0
10000,1.0,0.1,0.00023135329009951882,0.9210340371976184,0.00025118864315095806,0.9089310799931435,1.0,exponential,236,53569.0,53569.0,1.6071,0,0.0,1.0,1.0
10000,1.0,0.1,0.00023135329009951882,0.9210340371976184,0.00025118864315095806,0.9089310799931435,1.0,exponential,237,13856.0,13856.0,2.2226,0,0.0,1.0,1.0
10000,1.0,0.1,0.00023135329009951882,0.9210340371976184,0.00025118864315095806,0.9089310799931435,1.0,exponential,238,31616.0,31616.0,1.6876,0,0.0,1.0,1.0
10000,1.0,0.1,0.00023135329009951882,0.9210340371976184,0.00025118864315095806,0.9089310799931435,1.0,exponential,239,23043.0,23043.0,1.8314999,0,0.0,1.0,1.0
10000,1.0,0.1,0.00023135329009951882,0.9210340371976184,0.00025118864315095806,0.9089310799931435,1.0,exponential,240,15187.0,15187.0,1.3682,0,0.0,1.0,1.0
10000,1.0,0.1,0.00023135329009951882,0.9210340371976184,0.00025118864315095806,0.9089310799931435,1.0,exponential,241,17619.0,17619.0,1.5874,0,0.0,1.0,1.0
10000,1.0,0.1,0.00023135329009951882,0.9210340371976184,0.00025118864315095806,0.9089310799931435,1.0,exponential,242,9180.0,9180.0,1.3065,0,0.0,1.0,1.0
10000,1.0,0.1,0.00023135329009951882,0.9210340371976184,0.00025118864315095806,0.9089310799931435,1.0,exponential,243,99374.0,99374.0,1.497,0,0.0,1.0,1.0
10000,1.0,0.1,0.00023135329009951882,0.9210340371976184,0.00025118864315095806,0.9089310799931435,1.0,exponential,244,28470.0,28470.0,2.2387,0,0.0,1.0,1.0
10000,1.0,0.1,0.00023135329009951882,0.9210340371976184,0.00025118864315095806,0.9089310799931435,1.0,exponential,245,52854.0,52854.0,1.9086,0,0.0,1.0,1.0
10000,1.0,0.1,0.00023135329009951882,0.9210340371976184,0.00025118864315095806,0.9089310799931435,1.0,exponential,246,23847.0,23847.0,1.8213999,0,0.0,1.0,1.0
10000,1.0,0.1,0.00023135329009951882,0.9210340371976184,0.00025118864315095806,0.9089310799931435,1.0,exponential,247,12938.0,12938.0,1.2597,0,0.0,1.0,1.0
10000,1.0,0.1,0.00023135329009951882,0.9210340371976184,0.00025118864315095806,0.9089310799931435,1.0,exponential,248,5022.0,5022.0,1.3914,0,0.0,1.0,1.0
10000,1.0,0.1,0.00023135329009951882,0.9210340371976184,0.00025118864315095806,0.9089310799931435,1.0,exponential,249,3825.0,3825.0,1.3512,0,0.0,1.0,1.0
10000,1.0,0.1,0.00023135329009951882,0.9210340371976184,0.00025118864315095806,0.9089310799931435,1.0,exponential,250,21733.0,21733.0,1.3407999,0,0.0,1.0,1.0
10000,1.0,0.1,0.00023135329009951882,0.9210340371976184,0.00025118864315095806,0.9089310799931435,1.0,exponential,251,38750.0,38750.0,1.3053,0,0.0,1.0,1.0
10000,1.0,0.1,0.00023135329009951882,0.9210340371976184,0.00025118864315095806,0.9089310799931435,1.0,exponential,252,3904.0,3904.0,1.6977999,0,0.0,1.0,1.0
10000,1.0,0.1,0.00023135329009951882,0.9210340371976184,0.00025118864315095806,0.9089310799931435,1.0,exponential,253,5630.0,5630.0,1.4646,0,0.0,1.0,1.0
10000,1.0,0.1,0.00023135329009951882,0.9210340371976184,0.00025118864315095806,0.9089310799931435,1.0,exponential,254,9497.0,9497.0,1.2185999,0,0.0,1.0,1.0
10000,1.0,0.1,0.00023135329009951882,0.9210340371976184,0.00025118864315095806,0.9089310799931435,1.0,exponential,255,12892.0,12892.0,2.049,0,0.0,1.0,1.0
10000,1.0,0.1,0.00023135329009951882,0.9210340371976184,0.00025118864315095806,0.9089310799931435,1.0,exponential,256,21506.0,21506.0,1.8167,0,0.0,1.0,1.0
10000,1.0,0.1,0.00023135329009951882,0.9210340371976184,0.00025118864315095806,0.9089310799931435,1.0,exponential,257,5462.0,5462.0,1.3015,0,0.0,1.0,1.0
10000,1.0,0.1,0.00023135329009951882,0.9210340371976184,0.00025118864315095806,0.9089310799931435,1.0,exponential,258,45184.0,45184.0,1.3246,0,0.0,1.0,1.0
10000,1.0,0.1,0.00023135329009951882,0.9210340371976184,0.00025118864315095806,0.9089310799931435,1.0,exponential,259,68295.0,68295.0,1.6572,0,0.0,1.0,1.0
10000,1.0,0.1,0.00023135329009951882,0.9210340371976184,0.00025118864315095806,0.9089310799931435,1.0,exponential,260,7261.0,7261.0,1.6784999,0,0.0,1.0,1.0
10000,1.0,0.1,0.00023135329009951882,0.9210340371976184,0.00025118864315095806,0.9089310799931435,1.0,exponential,261,29107.0,29107.0,1.0683,0,0.0,1.0,1.0
10000,1.0,0.1,0.00023135329009951882,0.9210340371976184,0.00025118864315095806,0.9089310799931435,1.0,exponential,262,16021.0,16021.0,1.6534,0,0.0,1.0,1.0
10000,1.0,0.1,0.00023135329009951882,0.9210340371976184,0.00025118864315095806,0.9089310799931435,1.0,exponential,263,47028.0,47028.0,1.6012,0,0.0,1.0,1.0
10000,1.0,0.1,0.00023135329009951882,0.9210340371976184,0.00025118864315095806,0.9089310799931435,1.0,exponential,264,17687.0,17687.0,2.0349,0,0.0,1.0,1.0
10000,1.0,0.1,0.00023135329009951882,0.9210340371976184,0.00025118864315095806,0.9089310799931435,1.0,exponential,265,30434.0,30434.0,1.4575,0,0.0,1.0,1.0
10000,1.0,0.1,0.00023135329009951882,0.9210340371976184,0.00025118864315095806,0.9089310799931435,1.0,exponential,266,26729.0,26729.0,1.5529,0,0.0,1.0,1.0
10000,1.0,0.1,0.00023135329009951882,0.9210340371976184,0.00025118864315095806,0.9089310799931435,1.0,exponential,267,40993.0,40993.0,1.3363999,0,0.0,1.0,1.0
10000,1.0,0.1,0.00023135329009951882,0.9210340371976184,0.00025118864315095806,0.9089310799931435,1.0,exponential,268,12493.0,12493.0,1.1697,0,0.0,1.0,1.0
10000,1.0,0.1,0.00023135329009951882,0.9210340371976184,0.00025118864315095806,0.9089310799931435,1.0,exponential,269,55297.0,55297.0,1.321,0,0.0,1.0,1.0
10000,1.0,0.1,0.00023135329009951882,0.9210340371976184,0.00025118864315095806,0.9089310799931435,1.0,exponential,270,3779.0,3779.0,1.8542999,0,0.0,1.0,1.0
10000,1.0,0.1,0.00023135329009951882,0.9210340371976184,0.00025118864315095806,0.9089310799931435,1.0,exponential,271,22841.0,22841.0,2.2735,0,0.0,1.0,1.0
10000,1.0,0.1,0.00023135329009951882,0.9210340371976184,0.00025118864315095806,0.9089310799931435,1.0,exponential,272,9418.0,9418.0,2.0389,0,0.0,1.0,1.0
10000,1.0,0.1,0.00023135329009951882,0.9210340371976184,0.00025118864315095806,0.9089310799931435,1.0,exponential,273,67638.0,67638.0,1.8844,0,0.0,1.0,1.0
10000,1.0,0.1,0.00023135329009951882,0.9210340371976184,0.00025118864315095806,0.9089310799931435,1.0,exponential,274,7315.0,7315.0,2.0621,0,0.0,1.0,1.0
10000,1.0,0.1,0.00023135329009951882,0.9210340371976184,0.00025118864315095806,0.9089310799931435,1.0,exponential,275,35467.0,35467.0,1.879,0,0.0,1.0,1.0
10000,1.0,0.1,0.00023135329009951882,0.9210340371976184,0.00025118864315095806,0.9089310799931435,1.0,exponential,276,5407.0,5407.0,3.0681999,0,0.0,1.0,1.0
10000,1.0,0.1,0.00023135329009951882,0.9210340371976184,0.00025118864315095806,0.9089310799931435,1.0,exponential,277,5707.0,5707.0,1.9648,0,0.0,1.0,1.0
10000,1.0,0.1,0.00023135329009951882,0.9210340371976184,0.00025118864315095806,0.9089310799931435,1.0,exponential,278,43331.0,43331.0,1.2454,0,0.0,1.0,1.0
10000,1.0,0.1,0.00023135329009951882,0.9210340371976184,0.00025118864315095806,0.9089310799931435,1.0,exponential,279,19326.0,19326.0,1.2238,0,0.0,1.0,1.0
10000,1.0,0.1,0.00023135329009951882,0.9210340371976184,0.00025118864315095806,0.9089310799931435,1.0,exponential,280,21459.0,21459.0,2.4220998,0,0.0,1.0,1.0
10000,1.0,0.1,0.00023135329009951882,0.9210340371976184,0.00025118864315095806,0.9089310799931435,1.0,exponential,281,20004.0,20004.0,1.2401,0,0.0,1.0,1.0
10000,1.0,0.1,0.00023135329009951882,0.9210340371976184,0.00025118864315095806,0.9089310799931435,1.0,exponential,282,202325.0,202325.0,1.6365,0,0.0,1.0,1.0
10000,1.0,0.1,0.00023135329009951882,0.9210340371976184,0.00025118864315095806,0.9089310799931435,1.0,exponential,283,13493.0,13493.0,1.7182,0,0.0,1.0,1.0
10000,1.0,0.1,0.00023135329009951882,0.9210340371976184,0.00025118864315095806,0.9089310799931435,1.0,exponential,284,11527.0,11527.0,2.0221,0,0.0,1.0,1.0
10000,1.0,0.1,0.00023135329009951882,0.9210340371976184,0.00025118864315095806,0.9089310799931435,1.0,exponential,285,32044.0,32044.0,1.4059,0,0.0,1.0,1.0
10000,1.0,0.1,0.00023135329009951882,0.9210340371976184,0.00025118864315095806,0.9089310799931435,1.0,exponential,286,4383.0,4383.0,1.4476999,0,0.0,1.0,1.0
10000,1.0,0.1,0.00023135329009951882,0.9210340371976184,0.00025118864315095806,0.9089310799931435,1.0,exponential,287,8566.0,8566.0,1.4934,0,0.0,1.0,1.0
10000,1.0,0.1,0.00023135329009951882,0.9210340371976184,0.00025118864315095806,0.9089310799931435,1.0,exponential,288,28295.0,28295.0,2.3321,0,0.0,1.0,1.0
10000,1.0,0.1,0.00023135329009951882,0.9210340371976184,0.00025118864315095806,0.9089310799931435,1.0,exponential,289,4379.0,4379.0,1.8527,0,0.0,1.0,1.0
10000,1.0,0.1,0.00023135329009951882,0.9210340371976184,0.00025118864315095806,0.9089310799931435,1.0,exponential,290,41633.0,41633.0,1.7666,0,0.0,1.0,1.0
10000,1.0,0.1,0.00023135329009951882,0.9210340371976184,0.00025118864315095806,0.9089310799931435,1.0,exponential,291,22186.0,22186.0,1.5024999,0,0.0,1.0,1.0
10000,1.0,0.1,0.00023135329009951882,0.9210340371976184,0.00025118864315095806,0.9089310799931435,1.0,exponential,292,36355.0,36355.0,1.3341,0,0.0,1.0,1.0
10000,1.0,0.1,0.00023135329009951882,0.9210340371976184,0.00025118864315095806,0.9089310799931435,1.0,exponential,293,12997.0,12997.0,1.3938999,0,0.0,1.0,1.0
10000,1.0,0.1,0.00023135329009951882,0.9210340371976184,0.00025118864315095806,0.9089310799931435,1.0,exponential,294,41504.0,41504.0,1.4576,0,0.0,1.0,1.0
10000,1.0,0.1,0.00023135329009951882,0.9210340371976184,0.00025118864315095806,0.9089310799931435,1.0,exponential,295,101795.0,101795.0,1.2892,0,0.0,1.0,1.0
10000,1.0,0.1,0.00023135329009951882,0.9210340371976184,0.00025118864315095806,0.9089310799931435,1.0,exponential,296,11203.0,11203.0,1.6431999,0,0.0,1.0,1.0
10000,1.0,0.1,0.00023135329009951882,0.9210340371976184,0.00025118864315095806,0.9089310799931435,1.0,exponential,297,32448.0,32448.0,1.5382999,0,0.0,1.0,1.0
10000,1.0,0.1,0.00023135329009951882,0.9210340371976184,0.00025118864315095806,0.9089310799931435,1.0,exponential,298,38452.0,38452.0,1.6156,0,0.0,1.0,1.0
10000,1.0,0.1,0.00023135329009951882,0.9210340371976184,0.00025118864315095806,0.9089310799931435,1.0,exponential,299,19075.0,19075.0,1.3467,0,0.0,1.0,1.0
10000,1.0,0.1,0.00023135329009951882,0.9210340371976184,0.00025118864315095806,0.9089310799931435,1.0,exponential,300,16444.0,16444.0,1.7713,0,0.0,1.0,1.0
10000,1.0,0.1,0.00023135329009951882,0.9210340371976184,0.00025118864315095806,0.9089310799931435,1.0,exponential,301,20348.0,20348.0,1.436,0,0.0,1.0,1.0
10000,1.0,0.1,0.00023135329009951882,0.9210340371976184,0.00025118864315095806,0.9089310799931435,1.0,exponential,302,4343.0,4343.0,1.8706,0,0.0,1.0,1.0
10000,1.0,0.1,0.00023135329009951882,0.9210340371976184,0.00025118864315095806,0.9089310799931435,1.0,exponential,303,37742.0,37742.0,1.7293999,0,0.0,1.0,1.0
10000,1.0,0.1,0.00023135329009951882,0.9210340371976184,0.00025118864315095806,0.9089310799931435,1.0,exponential,304,19865.0,19865.0,2.4882998,0,0.0,2.0,2.0
10000,1.0,0.1,0.00023135329009951882,0.9210340371976184,0.00025118864315095806,0.9089310799931435,1.0,exponential,305,14557.0,14557.0,1.2247,0,0.0,1.0,1.0
10000,1.0,0.1,0.00023135329009951882,0.9210340371976184,0.00025118864315095806,0.9089310799931435,1.0,exponential,306,12713.0,12713.0,2.3546,0,0.0,1.0,1.0
10000,1.0,0.1,0.00023135329009951882,0.9210340371976184,0.00025118864315095806,0.9089310799931435,1.0,exponential,307,22531.0,22531.0,1.9066999,0,0.0,1.0,1.0
10000,1.0,0.1,0.00023135329009951882,0.9210340371976184,0.00025118864315095806,0.9089310799931435,1.0,exponential,308,9504.0,9504.0,1.5034,0,0.0,1.0,1.0
10000,1.0,0.1,0.00023135329009951882,0.9210340371976184,0.00025118864315095806,0.9089310799931435,1.0,exponential,309,30248.0,30248.0,1.8607,0,0.0,1.0,1.0
10000,1.0,0.1,0.00023135329009951882,0.9210340371976184,0.00025118864315095806,0.9089310799931435,1.0,exponential,310,42868.0,42868.0,1.6710999,0,0.0,1.0,1.0
10000,1.0,0.1,0.00023135329009951882,0.9210340371976184,0.00025118864315095806,0.9089310799931435,1.0,exponential,311,33442.0,33442.0,1.5192,0,0.0,1.0,1.0
10000,1.0,0.1,0.00023135329009951882,0.9210340371976184,0.00025118864315095806,0.9089310799931435,1.0,exponential,312,14886.0,14886.0,1.4023,0,0.0,1.0,1.0
10000,1.0,0.1,0.00023135329009951882,0.9210340371976184,0.00025118864315095806,0.9089310799931435,1.0,exponential,313,2702.0,2702.0,1.6774,0,0.0,1.0,1.0
10000,1.0,0.1,0.00023135329009951882,0.9210340371976184,0.00025118864315095806,0.9089310799931435,1.0,exponential,314,40404.0,40404.0,1.6847999,0,0.0,1.0,1.0
10000,1.0,0.1,0.00023135329009951882,0.9210340371976184,0.00025118864315095806,0.9089310799931435,1.0,exponential,315,29363.0,29363.0,1.5339999,0,0.0,1.0,1.0
10000,1.0,0.1,0.00023135329009951882,0.9210340371976184,0.00025118864315095806,0.9089310799931435,1.0,exponential,316,2797.0,2797.0,2.1622,0,0.0,1.0,1.0
10000,1.0,0.1,0.00023135329009951882,0.9210340371976184,0.00025118864315095806,0.9089310799931435,1.0,exponential,317,23978.0,23978.0,2.2374,0,0.0,1.0,1.0
10000,1.0,0.1,0.00023135329009951882,0.9210340371976184,0.00025118864315095806,0.9089310799931435,1.0,exponential,318,33392.0,33392.0,2.1238,0,0.0,1.0,1.0
10000,1.0,0.1,0.00023135329009951882,0.9210340371976184,0.00025118864315095806,0.9089310799931435,1.0,exponential,319,27075.0,27075.0,2.2949998,0,0.0,1.0,1.0
10000,1.0,0.1,0.00023135329009951882,0.9210340371976184,0.00025118864315095806,0.9089310799931435,1.0,exponential,320,22626.0,22626.0,1.3988,0,0.0,1.0,1.0
10000,1.0,0.1,0.00023135329009951882,0.9210340371976184,0.00025118864315095806,0.9089310799931435,1.0,exponential,321,14765.0,14765.0,1.3255,0,0.0,1.0,1.0
10000,1.0,0.1,0.00023135329009951882,0.9210340371976184,0.00025118864315095806,0.9089310799931435,1.0,exponential,322,61068.0,61068.0,1.5734999,0,0.0,1.0,1.0
10000,1.0,0.1,0.00023135329009951882,0.9210340371976184,0.00025118864315095806,0.9089310799931435,1.0,exponential,323,13843.0,13843.0,1.5153999,0,0.0,1.0,1.0
10000,1.0,0.1,0.00023135329009951882,0.9210340371976184,0.00025118864315095806,0.9089310799931435,1.0,exponential,324,17046.0,17046.0,2.2117,0,0.0,1.0,1.0
10000,1.0,0.1,0.00023135329009951882,0.9210340371976184,0.00025118864315095806,0.9089310799931435,1.0,exponential,325,11915.0,11915.0,1.3519,0,0.0,1.0,1.0
10000,1.0,0.1,0.00023135329009951882,0.9210340371976184,0.00025118864315095806,0.9089310799931435,1.0,exponential,326,71585.0,71585.0,1.6603999,0,0.0,1.0,1.0
10000,1.0,0.1,0.00023135329009951882,0.9210340371976184,0.00025118864315095806,0.9089310799931435,1.0,exponential,327,7821.0,7821.0,1.6769999,0,0.0,1.0,1.0
10000,1.0,0.1,0.00023135329009951882,0.9210340371976184,0.00025118864315095806,0.9089310799931435,1.0,exponential,328,2521.0,2521.0,2.0152,0,0.0,1.0,1.0
10000,1.0,0.1,0.00023135329009951882,0.9210340371976184,0.00025118864315095806,0.9089310799931435,1.0,exponential,329,9227.0,9227.0,1.2313,0,0.0,1.0,1.0
10000,1.0,0.1,0.00023135329009951882,0.9210340371976184,0.00025118864315095806,0.9089310799931435,1.0,exponential,330,12380.0,12380.0,1.2602999,0,0.0,1.0,1.0
10000,1.0,0.1,0.00023135329009951882,0.9210340371976184,0.00025118864315095806,0.9089310799931435,1.0,exponential,331,9033.0,9033.0,2.0219,0,0.0,1.0,1.0
10000,1.0,0.1,0.00023135329009951882,0.9210340371976184,0.00025118864315095806,0.9089310799931435,1.0,exponential,332,27371.0,27371.0,1.2816,0,0.0,1.0,1.0
10000,1.0,0.1,0.00023135329009951882,0.9210340371976184,0.00025118864315095806,0.9089310799931435,1.0,exponential,333,15490.0,15490.0,1.2464,0,0.0,1.0,1.0
10000,1.0,0.1,0.00023135329009951882,0.9210340371976184,0.00025118864315095806,0.9089310799931435,1.0,exponential,334,36953.0,36953.0,1.6122999,0,0.0,1.0,1.0
10000,1.0,0.1,0.00023135329009951882,0.9210340371976184,0.00025118864315095806,0.9089310799931435,1.0,exponential,335,39666.0,39666.0,1.4489,0,0.0,1.0,1.0
10000,1.0,0.1,0.00023135329009951882,0.9210340371976184,0.00025118864315095806,0.9089310799931435,1.0,exponential,336,4481.0,4481.0,1.1955,0,0.0,1.0,1.0
10000,1.0,0.1,0.00023135329009951882,0.9210340371976184,0.00025118864315095806,0.9089310799931435,1.0,exponential,337,16884.0,16884.0,1.9807999,0,0.0,1.0,1.0
10000,1.0,0.1,0.00023135329009951882,0.9210340371976184,0.00025118864315095806,0.9089310799931435,1.0,exponential,338,7879.0,7879.0,2.0886,0,0.0,1.0,1.0
10000,1.0,0.1,0.00023135329009951882,0.9210340371976184,0.00025118864315095806,0.9089310799931435,1.0,exponential,339,15830.0,15830.0,1.4403,0,0.0,1.0,1.0
10000,1.0,0.1,0.00023135329009951882,0.9210340371976184,0.00025118864315095806,0.9089310799931435,1.0,exponential,340,32306.0,32306.0,2.9041,0,0.0,2.0,2.0
10000,1.0,0.1,0.00023135329009951882,0.9210340371976184,0.00025118864315095806,0.9089310799931435,1.0,exponential,341,7657.0,7657.0,1.6539999,0,0.0,1.0,1.0
10000,1.0,0.1,0.00023135329009951882,0.9210340371976184,0.00025118864315095806,0.9089310799931435,1.0,exponential,342,78830.0,78830.0,1.8248999,0,0.0,1.0,1.0
10000,1.0,0.1,0.00023135329009951882,0.9210340371976184,0.00025118864315095806,0.9089310799931435,1.0,exponential,343,41440.0,41440.0,1.3533,0,0.0,1.0,1.0
10000,1.0,0.1,0.00023135329009951882,0.9210340371976184,0.00025118864315095806,0.9089310799931435,1.0,exponential,344,14813.0,14813.0,1.5672,0,0.0,1.0,1.0
10000,1.0,0.1,0.00023135329009951882,0.9210340371976184,0.00025118864315095806,0.9089310799931435,1.0,exponential,345,6916.0,6916.0,2.2059,0,0.0,1.0,1.0
10000,1.0,0.1,0.00023135329009951882,0.9210340371976184,0.00025118864315095806,0.9089310799931435,1.0,exponential,346,37697.0,37697.0,1.2595,0,0.0,1.0,1.0
10000,1.0,0.1,0.00023135329009951882,0.9210340371976184,0.00025118864315095806,0.9089310799931435,1.0,exponential,347,8133.0,8133.0,1.9678999,0,0.0,1.0,1.0
10000,1.0,0.1,0.00023135329009951882,0.9210340371976184,0.00025118864315095806,0.9089310799931435,1.0,exponential,348,15772.0,15772.0,1.7634,0,0.0,1.0,1.0
10000,1.0,0.1,0.00023135329009951882,0.9210340371976184,0.00025118864315095806,0.9089310799931435,1.0,exponential,349,25374.0,25374.0,1.2802,0,0.0,1.0,1.0
10000,1.0,0.1,0.00023135329009951882,0.9210340371976184,0.00025118864315095806,0.9089310799931435,1.0,exponential,350,76190.0,76190.0,1.2349,0,0.0,1.0,1.0
10000,1.0,0.1,0.00023135329009951882,0.9210340371976184,0.00025118864315095806,0.9089310799931435,1.0,exponential,351,25469.0,25469.0,1.3518,0,0.0,1.0,1.0
10000,1.0,0.1,0.00023135329009951882,0.9210340371976184,0.00025118864315095806,0.9089310799931435,1.0,exponential,352,10883.0,10883.0,1.3708999,0,0.0,1.0,1.0
10000,1.0,0.1,0.00023135329009951882,0.9210340371976184,0.00025118864315095806,0.9089310799931435,1.0,exponential,353,33521.0,33521.0,1.8713,0,0.0,1.0,1.0
10000,1.0,0.1,0.00023135329009951882,0.9210340371976184,0.00025118864315095806,0.9089310799931435,1.0,exponential,354,25926.0,25926.0,1.4281,0,0.0,1.0,1.0
10000,1.0,0.1,0.00023135329009951882,0.9210340371976184,0.00025118864315095806,0.9089310799931435,1.0,exponential,355,27497.0,27497.0,1.6015999,0,0.0,1.0,1.0
10000,1.0,0.1,0.00023135329009951882,0.9210340371976184,0.00025118864315095806,0.9089310799931435,1.0,exponential,356,18723.0,18723.0,1.7397,0,0.0,1.0,1.0
10000,1.0,0.1,0.00023135329009951882,0.9210340371976184,0.00025118864315095806,0.9089310799931435,1.0,exponential,357,46626.0,46626.0,1.5906999,0,0.0,1.0,1.0
10000,1.0,0.1,0.00023135329009951882,0.9210340371976184,0.00025118864315095806,0.9089310799931435,1.0,exponential,358,27991.0,27991.0,1.7924999,0,0.0,1.0,1.0
10000,1.0,0.1,0.00023135329009951882,0.9210340371976184,0.00025118864315095806,0.9089310799931435,1.0,exponential,359,11798.0,11798.0,1.4104999,0,0.0,1.0,1.0
10000,1.0,0.1,0.00023135329009951882,0.9210340371976184,0.00025118864315095806,0.9089310799931435,1.0,exponential,360,7359.0,7359.0,1.8479999,0,0.0,1.0,1.0
10000,1.0,0.1,0.00023135329009951882,0.9210340371976184,0.00025118864315095806,0.9089310799931435,1.0,exponential,361,36949.0,36949.0,1.4431,0,0.0,1.0,1.0
10000,1.0,0.1,0.00023135329009951882,0.9210340371976184,0.00025118864315095806,0.9089310799931435,1.0,exponential,362,24557.0,24557.0,2.4108999,0,0.0,1.0,1.0
10000,1.0,0.1,0.00023135329009951882,0.9210340371976184,0.00025118864315095806,0.9089310799931435,1.0,exponential,363,2452.0,2452.0,1.2815,0,0.0,1.0,1.0
10000,1.0,0.1,0.00023135329009951882,0.9210340371976184,0.00025118864315095806,0.9089310799931435,1.0,exponential,364,12610.0,12610.0,1.4077,0,0.0,1.0,1.0
10000,1.0,0.1,0.00023135329009951882,0.9210340371976184,0.00025118864315095806,0.9089310799931435,1.0,exponential,365,4335.0,4335.0,1.3912,0,0.0,1.0,1.0
10000,1.0,0.1,0.00023135329009951882,0.9210340371976184,0.00025118864315095806,0.9089310799931435,1.0,exponential,366,29112.0,29112.0,2.0405,0,0.0,1.0,1.0
10000,1.0,0.1,0.00023135329009951882,0.9210340371976184,0.00025118864315095806,0.9089310799931435,1.0,exponential,367,17984.0,17984.0,1.6108999,0,0.0,1.0,1.0
10000,1.0,0.1,0.00023135329009951882,0.9210340371976184,0.00025118864315095806,0.9089310799931435,1.0,exponential,368,60731.0,60731.0,1.472,0,0.0,1.0,1.0
10000,1.0,0.1,0.00023135329009951882,0.9210340371976184,0.00025118864315095806,0.9089310799931435,1.0,exponential,369,6677.0,6677.0,1.2535,0,0.0,1.0,1.0
10000,1.0,0.1,0.00023135329009951882,0.9210340371976184,0.00025118864315095806,0.9089310799931435,1.0,exponential,370,19283.0,19283.0,2.0123,0,0.0,1.0,1.0
10000,1.0,0.1,0.00023135329009951882,0.9210340371976184,0.00025118864315095806,0.9089310799931435,1.0,exponential,371,64645.0,64645.0,1.5964999,0,0.0,1.0,1.0
10000,1.0,0.1,0.00023135329009951882,0.9210340371976184,0.00025118864315095806,0.9089310799931435,1.0,exponential,372,8005.0,8005.0,1.8608999,0,0.0,1.0,1.0
10000,1.0,0.1,0.00023135329009951882,0.9210340371976184,0.00025118864315095806,0.9089310799931435,1.0,exponential,373,38672.0,38672.0,1.696,0,0.0,1.0,1.0
10000,1.0,0.1,0.00023135329009951882,0.9210340371976184,0.00025118864315095806,0.9089310799931435,1.0,exponential,374,52074.0,52074.0,1.7485,0,0.0,1.0,1.0
10000,1.0,0.1,0.00023135329009951882,0.9210340371976184,0.00025118864315095806,0.9089310799931435,1.0,exponential,375,19538.0,19538.0,1.3848,0,0.0,1.0,1.0
10000,1.0,0.1,0.00023135329009951882,0.9210340371976184,0.00025118864315095806,0.9089310799931435,1.0,exponential,376,17309.0,17309.0,1.6255,0,0.0,1.0,1.0
10000,1.0,0.1,0.00023135329009951882,0.9210340371976184,0.00025118864315095806,0.9089310799931435,1.0,exponential,377,16964.0,16964.0,1.7452999,0,0.0,1.0,1.0
10000,1.0,0.1,0.00023135329009951882,0.9210340371976184,0.00025118864315095806,0.9089310799931435,1.0,exponential,378,16430.0,16430.0,1.3616999,0,0.0,1.0,1.0
10000,1.0,0.1,0.00023135329009951882,0.9210340371976184,0.00025118864315095806,0.9089310799931435,1.0,exponential,379,9394.0,9394.0,1.3474,0,0.0,1.0,1.0
10000,1.0,0.1,0.00023135329009951882,0.9210340371976184,0.00025118864315095806,0.9089310799931435,1.0,exponential,380,69360.0,69360.0,2.4824998,0,0.0,1.0,1.0
10000,1.0,0.1,0.00023135329009951882,0.9210340371976184,0.00025118864315095806,0.9089310799931435,1.0,exponential,381,3265.0,3265.0,1.4228,0,0.0,1.0,1.0
10000,1.0,0.1,0.00023135329009951882,0.9210340371976184,0.00025118864315095806,0.9089310799931435,1.0,exponential,382,13565.0,13565.0,1.4317,0,0.0,1.0,1.0
10000,1.0,0.1,0.00023135329009951882,0.9210340371976184,0.00025118864315095806,0.9089310799931435,1.0,exponential,383,75637.0,75637.0,1.4793999,0,0.0,1.0,1.0
10000,1.0,0.1,0.00023135329009951882,0.9210340371976184,0.00025118864315095806,0.9089310799931435,1.0,exponential,384,4134.0,4134.0,1.5071,0,0.0,1.0,1.0
10000,1.0,0.1,0.00023135329009951882,0.9210340371976184,0.00025118864315095806,0.9089310799931435,1.0,exponential,385,37295.0,37295.0,1.2580999,0,0.0,1.0,1.0
10000,1.0,0.1,0.00023135329009951882,0.9210340371976184,0.00025118864315095806,0.9089310799931435,1.0,exponential,386,11466.0,11466.0,1.5127,0,0.0,1.0,1.0
10000,1.0,0.1,0.00023135329009951882,0.9210340371976184,0.00025118864315095806,0.9089310799931435,1.0,exponential,387,30541.0,30541.0,2.1611,0,0.0,1.0,1.0
10000,1.0,0.1,0.00023135329009951882,0.9210340371976184,0.00025118864315095806,0.9089310799931435,1.0,exponential,388,8337.0,8337.0,1.288,0,0.0,1.0,1.0
10000,1.0,0.1,0.00023135329009951882,0.9210340371976184,0.00025118864315095806,0.9089310799931435,1.0,exponential,389,13919.0,13919.0,1.411,0,0.0,1.0,1.0
10000,1.0,0.1,0.00023135329009951882,0.9210340371976184,0.00025118864315095806,0.9089310799931435,1.0,exponential,390,47678.0,47678.0,1.62,0,0.0,1.0,1.0
10000,1.0,0.1,0.00023135329009951882,0.9210340371976184,0.00025118864315095806,0.9089310799931435,1.0,exponential,391,22681.0,22681.0,1.3721,0,0.0,1.0,1.0
10000,1.0,0.1,0.00023135329009951882,0.9210340371976184,0.00025118864315095806,0.9089310799931435,1.0,exponential,392,13258.0,13258.0,1.7652999,0,0.0,1.0,1.0
10000,1.0,0.1,0.00023135329009951882,0.9210340371976184,0.00025118864315095806,0.9089310799931435,1.0,exponential,393,8557.0,8557.0,1.8054999,0,0.0,1.0,1.0
10000,1.0,0.1,0.00023135329009951882,0.9210340371976184,0.00025118864315095806,0.9089310799931435,1.0,exponential,394,112064.0,112064.0,2.1064,0,0.0,1.0,1.0
10000,1.0,0.1,0.00023135329009951882,0.9210340371976184,0.00025118864315095806,0.9089310799931435,1.0,exponential,395,82318.0,82318.0,1.5645,0,0.0,1.0,1.0
10000,1.0,0.1,0.00023135329009951882,0.9210340371976184,0.00025118864315095806,0.9089310799931435,1.0,exponential,396,8513.0,8513.0,1.165,0,0.0,1.0,1.0
10000,1.0,0.1,0.00023135329009951882,0.9210340371976184,0.00025118864315095806,0.9089310799931435,1.0,exponential,397,58665.0,58665.0,1.1855,0,0.0,1.0,1.0
10000,1.0,0.1,0.00023135329009951882,0.9210340371976184,0.00025118864315095806,0.9089310799931435,1.0,exponential,398,77276.0,77276.0,1.6263,0,0.0,1.0,1.0
10000,1.0,0.1,0.00023135329009951882,0.9210340371976184,0.00025118864315095806,0.9089310799931435,1.0,exponential,399,64377.0,64377.0,1.6422,0,0.0,1.0,1.0
10000,1.0,0.1,0.00023135329009951882,0.9210340371976184,0.00025118864315095806,0.9089310799931435,1.0,exponential,400,26377.0,26377.0,1.8655,0,0.0,1.0,1.0
10000,1.0,0.1,0.00023135329009951882,0.9210340371976184,0.00025118864315095806,0.9089310799931435,1.0,exponential,401,11233.0,11233.0,1.7342,0,0.0,1.0,1.0
10000,1.0,0.1,0.00023135329009951882,0.9210340371976184,0.00025118864315095806,0.9089310799931435,1.0,exponential,402,33138.0,33138.0,1.2077,0,0.0,1.0,1.0
10000,1.0,0.1,0.00023135329009951882,0.9210340371976184,0.00025118864315095806,0.9089310799931435,1.0,exponential,403,9046.0,9046.0,1.3960999,0,0.0,1.0,1.0
10000,1.0,0.1,0.00023135329009951882,0.9210340371976184,0.00025118864315095806,0.9089310799931435,1.0,exponential,404,21084.0,21084.0,1.7256,0,0.0,1.0,1.0
10000,1.0,0.1,0.00023135329009951882,0.9210340371976184,0.00025118864315095806,0.9089310799931435,1.0,exponential,405,30695.0,30695.0,2.2774,0,0.0,1.0,1.0
10000,1.0,0.1,0.00023135329009951882,0.9210340371976184,0.00025118864315095806,0.9089310799931435,1.0,exponential,406,12317.0,12317.0,1.4607999,0,0.0,1.0,1.0
10000,1.0,0.1,0.00023135329009951882,0.9210340371976184,0.00025118864315095806,0.9089310799931435,1.0,exponential,407,46197.0,46197.0,2.1274,0,0.0,1.0,1.0
10000,1.0,0.1,0.00023135329009951882,0.9210340371976184,0.00025118864315095806,0.9089310799931435,1.0,exponential,408,5756.0,5756.0,2.072,0,0.0,1.0,1.0
10000,1.0,0.1,0.00023135329009951882,0.9210340371976184,0.00025118864315095806,0.9089310799931435,1.0,exponential,409,28456.0,28456.0,2.199,0,0.0,1.0,1.0
10000,1.0,0.1,0.00023135329009951882,0.9210340371976184,0.00025118864315095806,0.9089310799931435,1.0,exponential,410,23508.0,23508.0,1.3097999,0,0.0,1.0,1.0
10000,1.0,0.1,0.00023135329009951882,0.9210340371976184,0.00025118864315095806,0.9089310799931435,1.0,exponential,411,44840.0,44840.0,1.3738999,0,0.0,1.0,1.0
10000,1.0,0.1,0.00023135329009951882,0.9210340371976184,0.00025118864315095806,0.9089310799931435,1.0,exponential,412,23748.0,23748.0,2.0713,0,0.0,1.0,1.0
10000,1.0,0.1,0.00023135329009951882,0.9210340371976184,0.00025118864315095806,0.9089310799931435,1.0,exponential,413,23223.0,23223.0,1.604,0,0.0,1.0,1.0
10000,1.0,0.1,0.00023135329009951882,0.9210340371976184,0.00025118864315095806,0.9089310799931435,1.0,exponential,414,31174.0,31174.0,1.4031,0,0.0,1.0,1.0
10000,1.0,0.1,0.00023135329009951882,0.9210340371976184,0.00025118864315095806,0.9089310799931435,1.0,exponential,415,101092.0,101092.0,3.2828,0,0.0,1.0,1.0
10000,1.0,0.1,0.00023135329009951882,0.9210340371976184,0.00025118864315095806,0.9089310799931435,1.0,exponential,416,25591.0,25591.0,1.563,0,0.0,1.0,1.0
10000,1.0,0.1,0.00023135329009951882,0.9210340371976184,0.00025118864315095806,0.9089310799931435,1.0,exponential,417,3967.0,3967.0,1.494,0,0.0,1.0,1.0
10000,1.0,0.1,0.00023135329009951882,0.9210340371976184,0.00025118864315095806,0.9089310799931435,1.0,exponential,418,7509.0,7509.0,1.8413,0,0.0,1.0,1.0
10000,1.0,0.1,0.00023135329009951882,0.9210340371976184,0.00025118864315095806,0.9089310799931435,1.0,exponential,419,4136.0,4136.0,1.2271,0,0.0,1.0,1.0
10000,1.0,0.1,0.00023135329009951882,0.9210340371976184,0.00025118864315095806,0.9089310799931435,1.0,exponential,420,27346.0,27346.0,1.5613999,0,0.0,1.0,1.0
10000,1.0,0.1,0.00023135329009951882,0.9210340371976184,0.00025118864315095806,0.9089310799931435,1.0,exponential,421,30099.0,30099.0,1.3935,0,0.0,1.0,1.0
10000,1.0,0.1,0.00023135329009951882,0.9210340371976184,0.00025118864315095806,0.9089310799931435,1.0,exponential,422,58998.0,58998.0,2.1987,0,0.0,1.0,1.0
10000,1.0,0.1,0.00023135329009951882,0.9210340371976184,0.00025118864315095806,0.9089310799931435,1.0,exponential,423,21254.0,21254.0,1.8354,0,0.0,1.0,1.0
10000,1.0,0.1,0.00023135329009951882,0.9210340371976184,0.00025118864315095806,0.9089310799931435,1.0,exponential,424,53955.0,53955.0,1.5203999,0,0.0,1.0,1.0
10000,1.0,0.1,0.00023135329009951882,0.9210340371976184,0.00025118864315095806,0.9089310799931435,1.0,exponential,425,24336.0,24336.0,1.7651999,0,0.0,1.0,1.0
10000,1.0,0.1,0.00023135329009951882,0.9210340371976184,0.00025118864315095806,0.9089310799931435,1.0,exponential,426,13080.0,13080.0,1.5422,0,0.0,1.0,1.0
10000,1.0,0.1,0.00023135329009951882,0.9210340371976184,0.00025118864315095806,0.9089310799931435,1.0,exponential,427,36022.0,36022.0,2.1131,0,0.0,1.0,1.0
10000,1.0,0.1,0.00023135329009951882,0.9210340371976184,0.00025118864315095806,0.9089310799931435,1.0,exponential,428,9257.0,9257.0,1.55,0,0.0,1.0,1.0
10000,1.0,0.1,0.00023135329009951882,0.9210340371976184,0.00025118864315095806,0.9089310799931435,1.0,exponential,429,4368.0,4368.0,1.4646,0,0.0,1.0,1.0
10000,1.0,0.1,0.00023135329009951882,0.9210340371976184,0.00025118864315095806,0.9089310799931435,1.0,exponential,430,49703.0,49703.0,1.4923999,0,0.0,1.0,1.0
10000,1.0,0.1,0.00023135329009951882,0.9210340371976184,0.00025118864315095806,0.9089310799931435,1.0,exponential,431,35869.0,35869.0,1.2434,0,0.0,1.0,1.0
10000,1.0,0.1,0.00023135329009951882,0.9210340371976184,0.00025118864315095806,0.9089310799931435,1.0,exponential,432,30357.0,30357.0,1.6801,0,0.0,1.0,1.0
10000,1.0,0.1,0.00023135329009951882,0.9210340371976184,0.00025118864315095806,0.9089310799931435,1.0,exponential,433,10110.0,10110.0,1.8723999,0,0.0,1.0,1.0
10000,1.0,0.1,0.00023135329009951882,0.9210340371976184,0.00025118864315095806,0.9089310799931435,1.0,exponential,434,9571.0,9571.0,1.6508,0,0.0,1.0,1.0
10000,1.0,0.1,0.00023135329009951882,0.9210340371976184,0.00025118864315095806,0.9089310799931435,1.0,exponential,435,7981.0,7981.0,2.0448,0,0.0,1.0,1.0
10000,1.0,0.1,0.00023135329009951882,0.9210340371976184,0.00025118864315095806,0.9089310799931435,1.0,exponential,436,29862.0,29862.0,1.7547,0,0.0,1.0,1.0
10000,1.0,0.1,0.00023135329009951882,0.9210340371976184,0.00025118864315095806,0.9089310799931435,1.0,exponential,437,12972.0,12972.0,1.7786,0,0.0,1.0,1.0
10000,1.0,0.1,0.00023135329009951882,0.9210340371976184,0.00025118864315095806,0.9089310799931435,1.0,exponential,438,13522.0,13522.0,1.7638999,0,0.0,1.0,1.0
10000,1.0,0.1,0.00023135329009951882,0.9210340371976184,0.00025118864315095806,0.9089310799931435,1.0,exponential,439,49279.0,49279.0,1.9508,0,0.0,1.0,1.0
10000,1.0,0.1,0.00023135329009951882,0.9210340371976184,0.00025118864315095806,0.9089310799931435,1.0,exponential,440,3191.0,3191.0,1.5978,0,0.0,1.0,1.0
10000,1.0,0.1,0.00023135329009951882,0.9210340371976184,0.00025118864315095806,0.9089310799931435,1.0,exponential,441,26335.0,26335.0,1.5557,0,0.0,1.0,1.0
10000,1.0,0.1,0.00023135329009951882,0.9210340371976184,0.00025118864315095806,0.9089310799931435,1.0,exponential,442,9868.0,9868.0,1.7149999,0,0.0,1.0,1.0
10000,1.0,0.1,0.00023135329009951882,0.9210340371976184,0.00025118864315095806,0.9089310799931435,1.0,exponential,443,26786.0,26786.0,1.4654,0,0.0,1.0,1.0
10000,1.0,0.1,0.00023135329009951882,0.9210340371976184,0.00025118864315095806,0.9089310799931435,1.0,exponential,444,65244.0,65244.0,2.198,0,0.0,1.0,1.0
10000,1.0,0.1,0.00023135329009951882,0.9210340371976184,0.00025118864315095806,0.9089310799931435,1.0,exponential,445,20255.0,20255.0,1.3817999,0,0.0,1.0,1.0
10000,1.0,0.1,0.00023135329009951882,0.9210340371976184,0.00025118864315095806,0.9089310799931435,1.0,exponential,446,20861.0,20861.0,1.1839,0,0.0,1.0,1.0
10000,1.0,0.1,0.00023135329009951882,0.9210340371976184,0.00025118864315095806,0.9089310799931435,1.0,exponential,447,8807.0,8807.0,1.4261999,0,0.0,1.0,1.0
10000,1.0,0.1,0.00023135329009951882,0.9210340371976184,0.00025118864315095806,0.9089310799931435,1.0,exponential,448,67882.0,67882.0,1.3431,0,0.0,1.0,1.0
10000,1.0,0.1,0.00023135329009951882,0.9210340371976184,0.00025118864315095806,0.9089310799931435,1.0,exponential,449,22259.0,22259.0,1.7492,0,0.0,1.0,1.0
10000,1.0,0.1,0.00023135329009951882,0.9210340371976184,0.00025118864315095806,0.9089310799931435,1.0,exponential,450,6483.0,6483.0,1.8913,0,0.0,1.0,1.0
10000,1.0,0.1,0.00023135329009951882,0.9210340371976184,0.00025118864315095806,0.9089310799931435,1.0,exponential,451,4030.0,4030.0,1.3592,0,0.0,1.0,1.0
10000,1.0,0.1,0.00023135329009951882,0.9210340371976184,0.00025118864315095806,0.9089310799931435,1.0,exponential,452,11889.0,11889.0,3.0965998,0,0.0,1.0,1.0
10000,1.0,0.1,0.00023135329009951882,0.9210340371976184,0.00025118864315095806,0.9089310799931435,1.0,exponential,453,7104.0,7104.0,1.7724999,0,0.0,1.0,1.0
10000,1.0,0.1,0.00023135329009951882,0.9210340371976184,0.00025118864315095806,0.9089310799931435,1.0,exponential,454,6989.0,6989.0,2.1657999,0,0.0,1.0,1.0
10000,1.0,0.1,0.00023135329009951882,0.9210340371976184,0.00025118864315095806,0.9089310799931435,1.0,exponential,455,44562.0,44562.0,1.5008999,0,0.0,1.0,1.0
10000,1.0,0.1,0.00023135329009951882,0.9210340371976184,0.00025118864315095806,0.9089310799931435,1.0,exponential,456,28838.0,28838.0,1.9109,0,0.0,1.0,1.0
10000,1.0,0.1,0.00023135329009951882,0.9210340371976184,0.00025118864315095806,0.9089310799931435,1.0,exponential,457,11030.0,11030.0,2.5805,0,0.0,2.0,2.0
10000,1.0,0.1,0.00023135329009951882,0.9210340371976184,0.00025118864315095806,0.9089310799931435,1.0,exponential,458,9063.0,9063.0,2.2934,0,0.0,2.0,2.0
10000,1.0,0.1,0.00023135329009951882,0.9210340371976184,0.00025118864315095806,0.9089310799931435,1.0,exponential,459,4350.0,4350.0,2.6869,0,0.0,1.0,1.0
10000,1.0,0.1,0.00023135329009951882,0.9210340371976184,0.00025118864315095806,0.9089310799931435,1.0,exponential,460,90695.0,90695.0,2.0296,0,0.0,1.0,1.0
10000,1.0,0.1,0.00023135329009951882,0.9210340371976184,0.00025118864315095806,0.9089310799931435,1.0,exponential,461,2730.0,2730.0,1.3477,0,0.0,1.0,1.0
10000,1.0,0.1,0.00023135329009951882,0.9210340371976184,0.00025118864315095806,0.9089310799931435,1.0,exponential,462,11294.0,11294.0,1.9394,0,0.0,1.0,1.0
10000,1.0,0.1,0.00023135329009951882,0.9210340371976184,0.00025118864315095806,0.9089310799931435,1.0,exponential,463,13445.0,13445.0,2.1282,0,0.0,1.0,1.0
10000,1.0,0.1,0.00023135329009951882,0.9210340371976184,0.00025118864315095806,0.9089310799931435,1.0,exponential,464,6471.0,6471.0,1.5452,0,0.0,1.0,1.0
10000,1.0,0.1,0.00023135329009951882,0.9210340371976184,0.00025118864315095806,0.9089310799931435,1.0,exponential,465,15382.0,15382.0,1.337,0,0.0,1.0,1.0
10000,1.0,0.1,0.00023135329009951882,0.9210340371976184,0.00025118864315095806,0.9089310799931435,1.0,exponential,466,24201.0,24201.0,1.4498999,0,0.0,1.0,1.0
10000,1.0,0.1,0.00023135329009951882,0.9210340371976184,0.00025118864315095806,0.9089310799931435,1.0,exponential,467,41234.0,41234.0,1.877,0,0.0,1.0,1.0
10000,1.0,0.1,0.00023135329009951882,0.9210340371976184,0.00025118864315095806,0.9089310799931435,1.0,exponential,468,4439.0,4439.0,1.2613,0,0.0,1.0,1.0
10000,1.0,0.1,0.00023135329009951882,0.9210340371976184,0.00025118864315095806,0.9089310799931435,1.0,exponential,469,45263.0,45263.0,2.4266999,0,0.0,1.0,1.0
10000,1.0,0.1,0.00023135329009951882,0.9210340371976184,0.00025118864315095806,0.9089310799931435,1.0,exponential,470,12523.0,12523.0,1.8799,0,0.0,1.0,1.0
10000,1.0,0.1,0.00023135329009951882,0.9210340371976184,0.00025118864315095806,0.9089310799931435,1.0,exponential,471,8003.0,8003.0,1.4877,0,0.0,1.0,1.0
10000,1.0,0.1,0.00023135329009951882,0.9210340371976184,0.00025118864315095806,0.9089310799931435,1.0,exponential,472,4019.0,4019.0,2.1438,0,0.0,1.0,1.0
10000,1.0,0.1,0.00023135329009951882,0.9210340371976184,0.00025118864315095806,0.9089310799931435,1.0,exponential,473,3147.0,3147.0,1.9199,0,0.0,1.0,1.0
10000,1.0,0.1,0.00023135329009951882,0.9210340371976184,0.00025118864315095806,0.9089310799931435,1.0,exponential,474,58289.0,58289.0,1.7231,0,0.0,1.0,1.0
10000,1.0,0.1,0.00023135329009951882,0.9210340371976184,0.00025118864315095806,0.9089310799931435,1.0,exponential,475,1665.0,1665.0,1.2484,0,0.0,1.0,1.0
10000,1.0,0.1,0.00023135329009951882,0.9210340371976184,0.00025118864315095806,0.9089310799931435,1.0,exponential,476,18659.0,18659.0,1.8669,0,0.0,1.0,1.0
10000,1.0,0.1,0.00023135329009951882,0.9210340371976184,0.00025118864315095806,0.9089310799931435,1.0,exponential,477,52475.0,52475.0,1.8823999,0,0.0,1.0,1.0
10000,1.0,0.1,0.00023135329009951882,0.9210340371976184,0.00025118864315095806,0.9089310799931435,1.0,exponential,478,9293.0,9293.0,1.7738999,0,0.0,1.0,1.0
10000,1.0,0.1,0.00023135329009951882,0.9210340371976184,0.00025118864315095806,0.9089310799931435,1.0,exponential,479,78419.0,78419.0,1.6990999,0,0.0,1.0,1.0
10000,1.0,0.1,0.00023135329009951882,0.9210340371976184,0.00025118864315095806,0.9089310799931435,1.0,exponential,480,27203.0,27203.0,1.3813,0,0.0,1.0,1.0
10000,1.0,0.1,0.00023135329009951882,0.9210340371976184,0.00025118864315095806,0.9089310799931435,1.0,exponential,481,8026.0,8026.0,1.6373,0,0.0,1.0,1.0
10000,1.0,0.1,0.00023135329009951882,0.9210340371976184,0.00025118864315095806,0.9089310799931435,1.0,exponential,482,23485.0,23485.0,1.7578,0,0.0,1.0,1.0
10000,1.0,0.1,0.00023135329009951882,0.9210340371976184,0.00025118864315095806,0.9089310799931435,1.0,exponential,483,17775.0,17775.0,1.6272999,0,0.0,1.0,1.0
10000,1.0,0.1,0.00023135329009951882,0.9210340371976184,0.00025118864315095806,0.9089310799931435,1.0,exponential,484,21845.0,21845.0,2.0904,0,0.0,1.0,1.0
10000,1.0,0.1,0.00023135329009951882,0.9210340371976184,0.00025118864315095806,0.9089310799931435,1.0,exponential,485,7010.0,7010.0,1.548,0,0.0,1.0,1.0
10000,1.0,0.1,0.00023135329009951882,0.9210340371976184,0.00025118864315095806,0.9089310799931435,1.0,exponential,486,9040.0,9040.0,1.4519,0,0.0,1.0,1.0
10000,1.0,0.1,0.00023135329009951882,0.9210340371976184,0.00025118864315095806,0.9089310799931435,1.0,exponential,487,9581.0,9581.0,2.2288,0,0.0,1.0,1.0
10000,1.0,0.1,0.00023135329009951882,0.9210340371976184,0.00025118864315095806,0.9089310799931435,1.0,exponential,488,5715.0,5715.0,1.643,0,0.0,1.0,1.0
10000,1.0,0.1,0.00023135329009951882,0.9210340371976184,0.00025118864315095806,0.9089310799931435,1.0,exponential,489,22992.0,22992.0,1.7012,0,0.0,1.0,1.0
10000,1.0,0.1,0.00023135329009951882,0.9210340371976184,0.00025118864315095806,0.9089310799931435,1.0,exponential,490,25087.0,25087.0,1.8192999,0,0.0,1.0,1.0
10000,1.0,0.1,0.00023135329009951882,0.9210340371976184,0.00025118864315095806,0.9089310799931435,1.0,exponential,491,32165.0,32165.0,1.6927999,0,0.0,1.0,1.0
10000,1.0,0.1,0.00023135329009951882,0.9210340371976184,0.00025118864315095806,0.9089310799931435,1.0,exponential,492,47987.0,47987.0,1.3586,0,0.0,1.0,1.0
10000,1.0,0.1,0.00023135329009951882,0.9210340371976184,0.00025118864315095806,0.9089310799931435,1.0,exponential,493,15448.0,15448.0,2.1898,0,0.0,1.0,1.0
10000,1.0,0.1,0.00023135329009951882,0.9210340371976184,0.00025118864315095806,0.9089310799931435,1.0,exponential,494,26642.0,26642.0,1.8501999,0,0.0,1.0,1.0
10000,1.0,0.1,0.00023135329009951882,0.9210340371976184,0.00025118864315095806,0.9089310799931435,1.0,exponential,495,71465.0,71465.0,1.8126999,0,0.0,1.0,1.0
10000,1.0,0.1,0.00023135329009951882,0.9210340371976184,0.00025118864315095806,0.9089310799931435,1.0,exponential,496,4528.0,4528.0,1.2159,0,0.0,1.0,1.0
10000,1.0,0.1,0.00023135329009951882,0.9210340371976184,0.00025118864315095806,0.9089310799931435,1.0,exponential,497,18369.0,18369.0,2.0131,0,0.0,1.0,1.0
10000,1.0,0.1,0.00023135329009951882,0.9210340371976184,0.00025118864315095806,0.9089310799931435,1.0,exponential,498,10545.0,10545.0,2.3114998,0,0.0,1.0,1.0
10000,1.0,0.1,0.00023135329009951882,0.9210340371976184,0.00025118864315095806,0.9089310799931435,1.0,exponential,499,46768.0,46768.0,1.2904999,0,0.0,1.0,1.0
10000,1.0,0.1,0.00023135329009951882,0.9210340371976184,0.00025118864315095806,0.9089310799931435,1.0,exponential,500,18153.0,18153.0,2.7865,0,0.0,2.0,2.0
10000,1.0,0.1,0.00023135329009951882,0.9210340371976184,0.00025118864315095806,0.9089310799931435,1.0,exponential,501,26404.0,26404.0,1.5051999,0,0.0,1.0,1.0
10000,1.0,0.1,0.00023135329009951882,0.9210340371976184,0.00025118864315095806,0.9089310799931435,1.0,exponential,502,41267.0,41267.0,1.583,0,0.0,1.0,1.0
10000,1.0,0.1,0.00023135329009951882,0.9210340371976184,0.00025118864315095806,0.9089310799931435,1.0,exponential,503,15172.0,15172.0,1.6784999,0,0.0,1.0,1.0
10000,1.0,0.1,0.00023135329009951882,0.9210340371976184,0.00025118864315095806,0.9089310799931435,1.0,exponential,504,13042.0,13042.0,1.8834,0,0.0,1.0,1.0
10000,1.0,0.1,0.00023135329009951882,0.9210340371976184,0.00025118864315095806,0.9089310799931435,1.0,exponential,505,20106.0,20106.0,1.3942,0,0.0,1.0,1.0
10000,1.0,0.1,0.00023135329009951882,0.9210340371976184,0.00025118864315095806,0.9089310799931435,1.0,exponential,506,35511.0,35511.0,1.4086,0,0.0,1.0,1.0
10000,1.0,0.1,0.00023135329009951882,0.9210340371976184,0.00025118864315095806,0.9089310799931435,1.0,exponential,507,10965.0,10965.0,1.775,0,0.0,1.0,1.0
10000,1.0,0.1,0.00023135329009951882,0.9210340371976184,0.00025118864315095806,0.9089310799931435,1.0,exponential,508,30180.0,30180.0,1.6021999,0,0.0,1.0,1.0
10000,1.0,0.1,0.00023135329009951882,0.9210340371976184,0.00025118864315095806,0.9089310799931435,1.0,exponential,509,21067.0,21067.0,1.6374999,0,0.0,1.0,1.0
10000,1.0,0.1,0.00023135329009951882,0.9210340371976184,0.00025118864315095806,0.9089310799931435,1.0,exponential,510,10832.0,10832.0,1.2734,0,0.0,1.0,1.0
10000,1.0,0.1,0.00023135329009951882,0.9210340371976184,0.00025118864315095806,0.9089310799931435,1.0,exponential,511,3640.0,3640.0,1.7784,0,0.0,1.0,1.0
10000,1.0,0.1,0.00023135329009951882,0.9210340371976184,0.00025118864315095806,0.9089310799931435,1.0,exponential,512,2284.0,2284.0,1.7439,0,0.0,1.0,1.0
10000,1.0,0.1,0.00023135329009951882,0.9210340371976184,0.00025118864315095806,0.9089310799931435,1.0,exponential,513,33319.0,33319.0,1.1492,0,0.0,1.0,1.0
10000,1.0,0.1,0.00023135329009951882,0.9210340371976184,0.00025118864315095806,0.9089310799931435,1.0,exponential,514,32012.0,32012.0,1.8605,0,0.0,1.0,1.0
10000,1.0,0.1,0.00023135329009951882,0.9210340371976184,0.00025118864315095806,0.9089310799931435,1.0,exponential,515,95056.0,95056.0,1.4877,0,0.0,1.0,1.0
10000,1.0,0.1,0.00023135329009951882,0.9210340371976184,0.00025118864315095806,0.9089310799931435,1.0,exponential,516,38813.0,38813.0,1.3051,0,0.0,1.0,1.0
10000,1.0,0.1,0.00023135329009951882,0.9210340371976184,0.00025118864315095806,0.9089310799931435,1.0,exponential,517,41892.0,41892.0,1.3606,0,0.0,1.0,1.0
10000,1.0,0.1,0.00023135329009951882,0.9210340371976184,0.00025118864315095806,0.9089310799931435,1.0,exponential,518,11408.0,11408.0,1.6445,0,0.0,1.0,1.0
10000,1.0,0.1,0.00023135329009951882,0.9210340371976184,0.00025118864315095806,0.9089310799931435,1.0,exponential,519,28755.0,28755.0,1.3497,0,0.0,1.0,1.0
10000,1.0,0.1,0.00023135329009951882,0.9210340371976184,0.00025118864315095806,0.9089310799931435,1.0,exponential,520,11204.0,11204.0,1.6000999,0,0.0,1.0,1.0
10000,1.0,0.1,0.00023135329009951882,0.9210340371976184,0.00025118864315095806,0.9089310799931435,1.0,exponential,521,7107.0,7107.0,1.969,0,0.0,1.0,1.0
10000,1.0,0.1,0.00023135329009951882,0.9210340371976184,0.00025118864315095806,0.9089310799931435,1.0,exponential,522,8096.0,8096.0,1.5843999,0,0.0,1.0,1.0
10000,1.0,0.1,0.00023135329009951882,0.9210340371976184,0.00025118864315095806,0.9089310799931435,1.0,exponential,523,30684.0,30684.0,1.5394,0,0.0,1.0,1.0
10000,1.0,0.1,0.00023135329009951882,0.9210340371976184,0.00025118864315095806,0.9089310799931435,1.0,exponential,524,26018.0,26018.0,1.5467,0,0.0,1.0,1.0
10000,1.0,0.1,0.00023135329009951882,0.9210340371976184,0.00025118864315095806,0.9089310799931435,1.0,exponential,525,14465.0,14465.0,2.1574,0,0.0,1.0,1.0
10000,1.0,0.1,0.00023135329009951882,0.9210340371976184,0.00025118864315095806,0.9089310799931435,1.0,exponential,526,13640.0,13640.0,1.2254,0,0.0,1.0,1.0
10000,1.0,0.1,0.00023135329009951882,0.9210340371976184,0.00025118864315095806,0.9089310799931435,1.0,exponential,527,10674.0,10674.0,1.7784,0,0.0,1.0,1.0
10000,1.0,0.1,0.00023135329009951882,0.9210340371976184,0.00025118864315095806,0.9089310799931435,1.0,exponential,528,36851.0,36851.0,1.9566,0,0.0,1.0,1.0
10000,1.0,0.1,0.00023135329009951882,0.9210340371976184,0.00025118864315095806,0.9089310799931435,1.0,exponential,529,27788.0,27788.0,1.6926,0,0.0,1.0,1.0
10000,1.0,0.1,0.00023135329009951882,0.9210340371976184,0.00025118864315095806,0.9089310799931435,1.0,exponential,530,25421.0,25421.0,1.4208,0,0.0,1.0,1.0
10000,1.0,0.1,0.00023135329009951882,0.9210340371976184,0.00025118864315095806,0.9089310799931435,1.0,exponential,531,6673.0,6673.0,1.2444999,0,0.0,1.0,1.0
10000,1.0,0.1,0.00023135329009951882,0.9210340371976184,0.00025118864315095806,0.9089310799931435,1.0,exponential,532,110627.0,110627.0,1.5301,0,0.0,1.0,1.0
10000,1.0,0.1,0.00023135329009951882,0.9210340371976184,0.00025118864315095806,0.9089310799931435,1.0,exponential,533,73118.0,73118.0,1.3223,0,0.0,1.0,1.0
10000,1.0,0.1,0.00023135329009951882,0.9210340371976184,0.00025118864315095806,0.9089310799931435,1.0,exponential,534,141831.0,141831.0,1.4605,0,0.0,1.0,1.0
10000,1.0,0.1,0.00023135329009951882,0.9210340371976184,0.00025118864315095806,0.9089310799931435,1.0,exponential,535,5963.0,5963.0,1.3141999,0,0.0,1.0,1.0
10000,1.0,0.1,0.00023135329009951882,0.9210340371976184,0.00025118864315095806,0.9089310799931435,1.0,exponential,536,5880.0,5880.0,1.7326,0,0.0,1.0,1.0
10000,1.0,0.1,0.00023135329009951882,0.9210340371976184,0.00025118864315095806,0.9089310799931435,1.0,exponential,537,40012.0,40012.0,1.7363,0,0.0,1.0,1.0
10000,1.0,0.1,0.00023135329009951882,0.9210340371976184,0.00025118864315095806,0.9089310799931435,1.0,exponential,538,61402.0,61402.0,1.2092999,0,0.0,1.0,1.0
10000,1.0,0.1,0.00023135329009951882,0.9210340371976184,0.00025118864315095806,0.9089310799931435,1.0,exponential,539,13968.0,13968.0,1.2277,0,0.0,1.0,1.0
10000,1.0,0.1,0.00023135329009951882,0.9210340371976184,0.00025118864315095806,0.9089310799931435,1.0,exponential,540,5496.0,5496.0,1.4090999,0,0.0,1.0,1.0
10000,1.0,0.1,0.00023135329009951882,0.9210340371976184,0.00025118864315095806,0.9089310799931435,1.0,exponential,541,42079.0,42079.0,2.0858998,0,0.0,1.0,1.0
10000,1.0,0.1,0.00023135329009951882,0.9210340371976184,0.00025118864315095806,0.9089310799931435,1.0,exponential,542,78138.0,78138.0,1.3773,0,0.0,1.0,1.0
10000,1.0,0.1,0.00023135329009951882,0.9210340371976184,0.00025118864315095806,0.9089310799931435,1.0,exponential,543,7951.0,7951.0,1.5975,0,0.0,1.0,1.0
10000,1.0,0.1,0.00023135329009951882,0.9210340371976184,0.00025118864315095806,0.9089310799931435,1.0,exponential,544,19927.0,19927.0,2.4751,0,0.0,1.0,1.0
10000,1.0,0.1,0.00023135329009951882,0.9210340371976184,0.00025118864315095806,0.9089310799931435,1.0,exponential,545,2867.0,2867.0,1.265,0,0.0,1.0,1.0
10000,1.0,0.1,0.00023135329009951882,0.9210340371976184,0.00025118864315095806,0.9089310799931435,1.0,exponential,546,60608.0,60608.0,1.5409,0,0.0,1.0,1.0
10000,1.0,0.1,0.00023135329009951882,0.9210340371976184,0.00025118864315095806,0.9089310799931435,1.0,exponential,547,16088.0,16088.0,2.2349,0,0.0,1.0,1.0
10000,1.0,0.1,0.00023135329009951882,0.9210340371976184,0.00025118864315095806,0.9089310799931435,1.0,exponential,548,29310.0,29310.0,1.6466999,0,0.0,1.0,1.0
10000,1.0,0.1,0.00023135329009951882,0.9210340371976184,0.00025118864315095806,0.9089310799931435,1.0,exponential,549,42085.0,42085.0,2.1913,0,0.0,1.0,1.0
10000,1.0,0.1,0.00023135329009951882,0.9210340371976184,0.00025118864315095806,0.9089310799931435,1.0,exponential,550,15819.0,15819.0,1.8705,0,0.0,1.0,1.0
10000,1.0,0.1,0.00023135329009951882,0.9210340371976184,0.00025118864315095806,0.9089310799931435,1.0,exponential,551,160600.0,160600.0,2.4194,0,0.0,1.0,1.0
10000,1.0,0.1,0.00023135329009951882,0.9210340371976184,0.00025118864315095806,0.9089310799931435,1.0,exponential,552,17940.0,17940.0,1.5964999,0,0.0,1.0,1.0
10000,1.0,0.1,0.00023135329009951882,0.9210340371976184,0.00025118864315095806,0.9089310799931435,1.0,exponential,553,20783.0,20783.0,1.7802999,0,0.0,1.0,1.0
10000,1.0,0.1,0.00023135329009951882,0.9210340371976184,0.00025118864315095806,0.9089310799931435,1.0,exponential,554,10413.0,10413.0,1.9095,0,0.0,1.0,1.0
10000,1.0,0.1,0.00023135329009951882,0.9210340371976184,0.00025118864315095806,0.9089310799931435,1.0,exponential,555,29510.0,29510.0,1.3165,0,0.0,1.0,1.0
10000,1.0,0.1,0.00023135329009951882,0.9210340371976184,0.00025118864315095806,0.9089310799931435,1.0,exponential,556,12688.0,12688.0,1.452,0,0.0,1.0,1.0
10000,1.0,0.1,0.00023135329009951882,0.9210340371976184,0.00025118864315095806,0.9089310799931435,1.0,exponential,557,18221.0,18221.0,2.0238,0,0.0,1.0,1.0
10000,1.0,0.1,0.00023135329009951882,0.9210340371976184,0.00025118864315095806,0.9089310799931435,1.0,exponential,558,26747.0,26747.0,1.5274999,0,0.0,1.0,1.0
10000,1.0,0.1,0.00023135329009951882,0.9210340371976184,0.00025118864315095806,0.9089310799931435,1.0,exponential,559,24083.0,24083.0,1.7794,0,0.0,1.0,1.0
10000,1.0,0.1,0.00023135329009951882,0.9210340371976184,0.00025118864315095806,0.9089310799931435,1.0,exponential,560,65546.0,65546.0,1.5873,0,0.0,1.0,1.0
10000,1.0,0.1,0.00023135329009951882,0.9210340371976184,0.00025118864315095806,0.9089310799931435,1.0,exponential,561,3359.0,3359.0,1.4126999,0,0.0,1.0,1.0
10000,1.0,0.1,0.00023135329009951882,0.9210340371976184,0.00025118864315095806,0.9089310799931435,1.0,exponential,562,5889.0,5889.0,1.5604,0,0.0,1.0,1.0
10000,1.0,0.1,0.00023135329009951882,0.9210340371976184,0.00025118864315095806,0.9089310799931435,1.0,exponential,563,24980.0,24980.0,1.3356999,0,0.0,1.0,1.0
10000,1.0,0.1,0.00023135329009951882,0.9210340371976184,0.00025118864315095806,0.9089310799931435,1.0,exponential,564,20521.0,20521.0,1.4861,0,0.0,1.0,1.0
10000,1.0,0.1,0.00023135329009951882,0.9210340371976184,0.00025118864315095806,0.9089310799931435,1.0,exponential,565,84919.0,84919.0,1.5846,0,0.0,1.0,1.0
10000,1.0,0.1,0.00023135329009951882,0.9210340371976184,0.00025118864315095806,0.9089310799931435,1.0,exponential,566,88260.0,88260.0,1.7242999,0,0.0,1.0,1.0
10000,1.0,0.1,0.00023135329009951882,0.9210340371976184,0.00025118864315095806,0.9089310799931435,1.0,exponential,567,7728.0,7728.0,1.8141999,0,0.0,1.0,1.0
10000,1.0,0.1,0.00023135329009951882,0.9210340371976184,0.00025118864315095806,0.9089310799931435,1.0,exponential,568,4539.0,4539.0,1.3356999,0,0.0,1.0,1.0
10000,1.0,0.1,0.00023135329009951882,0.9210340371976184,0.00025118864315095806,0.9089310799931435,1.0,exponential,569,23611.0,23611.0,1.4972999,0,0.0,1.0,1.0
10000,1.0,0.1,0.00023135329009951882,0.9210340371976184,0.00025118864315095806,0.9089310799931435,1.0,exponential,570,8143.0,8143.0,1.4986,0,0.0,1.0,1.0
10000,1.0,0.1,0.00023135329009951882,0.9210340371976184,0.00025118864315095806,0.9089310799931435,1.0,exponential,571,24507.0,24507.0,1.1682999,0,0.0,1.0,1.0
10000,1.0,0.1,0.00023135329009951882,0.9210340371976184,0.00025118864315095806,0.9089310799931435,1.0,exponential,572,34064.0,34064.0,2.2698998,0,0.0,1.0,1.0
10000,1.0,0.1,0.00023135329009951882,0.9210340371976184,0.00025118864315095806,0.9089310799931435,1.0,exponential,573,19734.0,19734.0,1.3089,0,0.0,1.0,1.0
10000,1.0,0.1,0.00023135329009951882,0.9210340371976184,0.00025118864315095806,0.9089310799931435,1.0,exponential,574,36617.0,36617.0,2.4229,0,0.0,1.0,1.0
10000,1.0,0.1,0.00023135329009951882,0.9210340371976184,0.00025118864315095806,0.9089310799931435,1.0,exponential,575,21213.0,21213.0,1.4721999,0,0.0,1.0,1.0
10000,1.0,0.1,0.00023135329009951882,0.9210340371976184,0.00025118864315095806,0.9089310799931435,1.0,exponential,576,44360.0,44360.0,1.6949999,0,0.0,1.0,1.0
10000,1.0,0.1,0.00023135329009951882,0.9210340371976184,0.00025118864315095806,0.9089310799931435,1.0,exponential,577,24773.0,24773.0,1.839,0,0.0,1.0,1.0
10000,1.0,0.1,0.00023135329009951882,0.9210340371976184,0.00025118864315095806,0.9089310799931435,1.0,exponential,578,98665.0,98665.0,1.6733999,0,0.0,1.0,1.0
10000,1.0,0.1,0.00023135329009951882,0.9210340371976184,0.00025118864315095806,0.9089310799931435,1.0,exponential,579,16592.0,16592.0,2.3718,0,0.0,1.0,1.0
10000,1.0,0.1,0.00023135329009951882,0.9210340371976184,0.00025118864315095806,0.9089310799931435,1.0,exponential,580,26595.0,26595.0,2.1526,0,0.0,1.0,1.0
10000,1.0,0.1,0.00023135329009951882,0.9210340371976184,0.00025118864315095806,0.9089310799931435,1.0,exponential,581,39157.0,39157.0,1.6695,0,0.0,1.0,1.0
10000,1.0,0.1,0.00023135329009951882,0.9210340371976184,0.00025118864315095806,0.9089310799931435,1.0,exponential,582,14993.0,14993.0,1.3776,0,0.0,1.0,1.0
10000,1.0,0.1,0.00023135329009951882,0.9210340371976184,0.00025118864315095806,0.9089310799931435,1.0,exponential,583,42801.0,42801.0,3.04,0,0.0,2.0,2.0
10000,1.0,0.1,0.00023135329009951882,0.9210340371976184,0.00025118864315095806,0.9089310799931435,1.0,exponential,584,8633.0,8633.0,1.4423,0,0.0,1.0,1.0
10000,1.0,0.1,0.00023135329009951882,0.9210340371976184,0.00025118864315095806,0.9089310799931435,1.0,exponential,585,5967.0,5967.0,2.4055998,0,0.0,1.0,1.0
10000,1.0,0.1,0.00023135329009951882,0.9210340371976184,0.00025118864315095806,0.9089310799931435,1.0,exponential,586,82657.0,82657.0,2.2602,0,0.0,1.0,1.0
10000,1.0,0.1,0.00023135329009951882,0.9210340371976184,0.00025118864315095806,0.9089310799931435,1.0,exponential,587,41343.0,41343.0,3.0156999,0,0.0,1.0,1.0
10000,1.0,0.1,0.00023135329009951882,0.9210340371976184,0.00025118864315095806,0.9089310799931435,1.0,exponential,588,6416.0,6416.0,2.4680998,0,0.0,1.0,1.0
10000,1.0,0.1,0.00023135329009951882,0.9210340371976184,0.00025118864315095806,0.9089310799931435,1.0,exponential,589,12434.0,12434.0,1.7379999,0,0.0,1.0,1.0
10000,1.0,0.1,0.00023135329009951882,0.9210340371976184,0.00025118864315095806,0.9089310799931435,1.0,exponential,590,13707.0,13707.0,1.65,0,0.0,1.0,1.0
10000,1.0,0.1,0.00023135329009951882,0.9210340371976184,0.00025118864315095806,0.9089310799931435,1.0,exponential,591,3048.0,3048.0,1.2364,0,0.0,1.0,1.0
10000,1.0,0.1,0.00023135329009951882,0.9210340371976184,0.00025118864315095806,0.9089310799931435,1.0,exponential,592,11048.0,11048.0,1.6352999,0,0.0,1.0,1.0
10000,1.0,0.1,0.00023135329009951882,0.9210340371976184,0.00025118864315095806,0.9089310799931435,1.0,exponential,593,14831.0,14831.0,1.6213,0,0.0,1.0,1.0
10000,1.0,0.1,0.00023135329009951882,0.9210340371976184,0.00025118864315095806,0.9089310799931435,1.0,exponential,594,19054.0,19054.0,1.5218999,0,0.0,1.0,1.0
10000,1.0,0.1,0.00023135329009951882,0.9210340371976184,0.00025118864315095806,0.9089310799931435,1.0,exponential,595,4677.0,4677.0,1.1264,0,0.0,1.0,1.0
10000,1.0,0.1,0.00023135329009951882,0.9210340371976184,0.00025118864315095806,0.9089310799931435,1.0,exponential,596,18610.0,18610.0,2.3853,0,0.0,1.0,1.0
10000,1.0,0.1,0.00023135329009951882,0.9210340371976184,0.00025118864315095806,0.9089310799931435,1.0,exponential,597,11133.0,11133.0,1.9271,0,0.0,1.0,1.0
10000,1.0,0.1,0.00023135329009951882,0.9210340371976184,0.00025118864315095806,0.9089310799931435,1.0,exponential,598,12286.0,12286.0,1.7414999,0,0.0,1.0,1.0
10000,1.0,0.1,0.00023135329009951882,0.9210340371976184,0.00025118864315095806,0.9089310799931435,1.0,exponential,599,5879.0,5879.0,1.6078,0,0.0,1.0,1.0
10000,1.0,0.1,0.00023135329009951882,0.9210340371976184,0.00025118864315095806,0.9089310799931435,1.0,exponential,600,31019.0,31019.0,1.5130999,0,0.0,1.0,1.0
10000,1.0,0.1,0.00023135329009951882,0.9210340371976184,0.00025118864315095806,0.9089310799931435,1.0,exponential,601,27226.0,27226.0,1.668,0,0.0,1.0,1.0
10000,1.0,0.1,0.00023135329009951882,0.9210340371976184,0.00025118864315095806,0.9089310799931435,1.0,exponential,602,22725.0,22725.0,2.1338,0,0.0,1.0,1.0
10000,1.0,0.1,0.00023135329009951882,0.9210340371976184,0.00025118864315095806,0.9089310799931435,1.0,exponential,603,8959.0,8959.0,1.9599999,0,0.0,1.0,1.0
10000,1.0,0.1,0.00023135329009951882,0.9210340371976184,0.00025118864315095806,0.9089310799931435,1.0,exponential,604,4625.0,4625.0,2.771,0,0.0,1.0,1.0
10000,1.0,0.1,0.00023135329009951882,0.9210340371976184,0.00025118864315095806,0.9089310799931435,1.0,exponential,605,8390.0,8390.0,1.4855,0,0.0,1.0,1.0
10000,1.0,0.1,0.00023135329009951882,0.9210340371976184,0.00025118864315095806,0.9089310799931435,1.0,exponential,606,3552.0,3552.0,1.6656,0,0.0,1.0,1.0
10000,1.0,0.1,0.00023135329009951882,0.9210340371976184,0.00025118864315095806,0.9089310799931435,1.0,exponential,607,3981.0,3981.0,2.3264,0,0.0,1.0,1.0
10000,1.0,0.1,0.00023135329009951882,0.9210340371976184,0.00025118864315095806,0.9089310799931435,1.0,exponential,608,37121.0,37121.0,1.2494,0,0.0,1.0,1.0
10000,1.0,0.1,0.00023135329009951882,0.9210340371976184,0.00025118864315095806,0.9089310799931435,1.0,exponential,609,18866.0,18866.0,1.8191999,0,0.0,1.0,1.0
10000,1.0,0.1,0.00023135329009951882,0.9210340371976184,0.00025118864315095806,0.9089310799931435,1.0,exponential,610,3364.0,3364.0,1.3619,0,0.0,1.0,1.0
10000,1.0,0.1,0.00023135329009951882,0.9210340371976184,0.00025118864315095806,0.9089310799931435,1.0,exponential,611,20823.0,20823.0,1.5173,0,0.0,1.0,1.0
10000,1.0,0.1,0.00023135329009951882,0.9210340371976184,0.00025118864315095806,0.9089310799931435,1.0,exponential,612,10037.0,10037.0,2.0518,0,0.0,1.0,1.0
10000,1.0,0.1,0.00023135329009951882,0.9210340371976184,0.00025118864315095806,0.9089310799931435,1.0,exponential,613,18398.0,18398.0,1.5504,0,0.0,1.0,1.0
10000,1.0,0.1,0.00023135329009951882,0.9210340371976184,0.00025118864315095806,0.9089310799931435,1.0,exponential,614,14037.0,14037.0,1.7722,0,0.0,1.0,1.0
10000,1.0,0.1,0.00023135329009951882,0.9210340371976184,0.00025118864315095806,0.9089310799931435,1.0,exponential,615,9450.0,9450.0,2.5614998,0,0.0,1.0,1.0
10000,1.0,0.1,0.00023135329009951882,0.9210340371976184,0.00025118864315095806,0.9089310799931435,1.0,exponential,616,34294.0,34294.0,1.7405,0,0.0,1.0,1.0
10000,1.0,0.1,0.00023135329009951882,0.9210340371976184,0.00025118864315095806,0.9089310799931435,1.0,exponential,617,21422.0,21422.0,1.9487,0,0.0,1.0,1.0
10000,1.0,0.1,0.00023135329009951882,0.9210340371976184,0.00025118864315095806,0.9089310799931435,1.0,exponential,618,40674.0,40674.0,1.523,0,0.0,1.0,1.0
10000,1.0,0.1,0.00023135329009951882,0.9210340371976184,0.00025118864315095806,0.9089310799931435,1.0,exponential,619,53510.0,53510.0,1.7978,0,0.0,1.0,1.0
10000,1.0,0.1,0.00023135329009951882,0.9210340371976184,0.00025118864315095806,0.9089310799931435,1.0,exponential,620,31186.0,31186.0,2.4273999,0,0.0,1.0,1.0
10000,1.0,0.1,0.00023135329009951882,0.9210340371976184,0.00025118864315095806,0.9089310799931435,1.0,exponential,621,34619.0,34619.0,2.1680999,0,0.0,1.0,1.0
10000,1.0,0.1,0.00023135329009951882,0.9210340371976184,0.00025118864315095806,0.9089310799931435,1.0,exponential,622,5798.0,5798.0,2.1541,0,0.0,1.0,1.0
10000,1.0,0.1,0.00023135329009951882,0.9210340371976184,0.00025118864315095806,0.9089310799931435,1.0,exponential,623,15731.0,15731.0,1.5782,0,0.0,1.0,1.0
10000,1.0,0.1,0.00023135329009951882,0.9210340371976184,0.00025118864315095806,0.9089310799931435,1.0,exponential,624,64525.0,64525.0,2.3487,0,0.0,1.0,1.0
10000,1.0,0.1,0.00023135329009951882,0.9210340371976184,0.00025118864315095806,0.9089310799931435,1.0,exponential,625,4462.0,4462.0,2.5949,0,0.0,1.0,1.0
10000,1.0,0.1,0.00023135329009951882,0.9210340371976184,0.00025118864315095806,0.9089310799931435,1.0,exponential,626,48092.0,48092.0,1.6462,0,0.0,1.0,1.0
10000,1.0,0.1,0.00023135329009951882,0.9210340371976184,0.00025118864315095806,0.9089310799931435,1.0,exponential,627,33940.0,33940.0,1.7020999,0,0.0,1.0,1.0
10000,1.0,0.1,0.00023135329009951882,0.9210340371976184,0.00025118864315095806,0.9089310799931435,1.0,exponential,628,16808.0,16808.0,1.6608,0,0.0,1.0,1.0
10000,1.0,0.1,0.00023135329009951882,0.9210340371976184,0.00025118864315095806,0.9089310799931435,1.0,exponential,629,41047.0,41047.0,1.4542999,0,0.0,1.0,1.0
10000,1.0,0.1,0.00023135329009951882,0.9210340371976184,0.00025118864315095806,0.9089310799931435,1.0,exponential,630,24473.0,24473.0,2.3198,0,0.0,1.0,1.0
10000,1.0,0.1,0.00023135329009951882,0.9210340371976184,0.00025118864315095806,0.9089310799931435,1.0,exponential,631,20637.0,20637.0,2.0341,0,0.0,1.0,1.0
10000,1.0,0.1,0.00023135329009951882,0.9210340371976184,0.00025118864315095806,0.9089310799931435,1.0,exponential,632,57143.0,57143.0,1.661,0,0.0,1.0,1.0
10000,1.0,0.1,0.00023135329009951882,0.9210340371976184,0.00025118864315095806,0.9089310799931435,1.0,exponential,633,6607.0,6607.0,1.8648,0,0.0,1.0,1.0
10000,1.0,0.1,0.00023135329009951882,0.9210340371976184,0.00025118864315095806,0.9089310799931435,1.0,exponential,634,14421.0,14421.0,1.405,0,0.0,1.0,1.0
10000,1.0,0.1,0.00023135329009951882,0.9210340371976184,0.00025118864315095806,0.9089310799931435,1.0,exponential,635,7407.0,7407.0,1.2764,0,0.0,1.0,1.0
10000,1.0,0.1,0.00023135329009951882,0.9210340371976184,0.00025118864315095806,0.9089310799931435,1.0,exponential,636,21957.0,21957.0,1.8235999,0,0.0,1.0,1.0
10000,1.0,0.1,0.00023135329009951882,0.9210340371976184,0.00025118864315095806,0.9089310799931435,1.0,exponential,637,18105.0,18105.0,2.3609998,0,0.0,1.0,1.0
10000,1.0,0.1,0.00023135329009951882,0.9210340371976184,0.00025118864315095806,0.9089310799931435,1.0,exponential,638,9584.0,9584.0,1.3773999,0,0.0,1.0,1.0
10000,1.0,0.1,0.00023135329009951882,0.9210340371976184,0.00025118864315095806,0.9089310799931435,1.0,exponential,639,16484.0,16484.0,2.6415,0,0.0,1.0,1.0
10000,1.0,0.1,0.00023135329009951882,0.9210340371976184,0.00025118864315095806,0.9089310799931435,1.0,exponential,640,3050.0,3050.0,1.8068999,0,0.0,1.0,1.0
10000,1.0,0.1,0.00023135329009951882,0.9210340371976184,0.00025118864315095806,0.9089310799931435,1.0,exponential,641,10491.0,10491.0,1.4121,0,0.0,1.0,1.0
10000,1.0,0.1,0.00023135329009951882,0.9210340371976184,0.00025118864315095806,0.9089310799931435,1.0,exponential,642,4254.0,4254.0,1.5837,0,0.0,1.0,1.0
10000,1.0,0.1,0.00023135329009951882,0.9210340371976184,0.00025118864315095806,0.9089310799931435,1.0,exponential,643,11642.0,11642.0,1.2350999,0,0.0,1.0,1.0
10000,1.0,0.1,0.00023135329009951882,0.9210340371976184,0.00025118864315095806,0.9089310799931435,1.0,exponential,644,19257.0,19257.0,2.0836,0,0.0,1.0,1.0
10000,1.0,0.1,0.00023135329009951882,0.9210340371976184,0.00025118864315095806,0.9089310799931435,1.0,exponential,645,9213.0,9213.0,1.5728999,0,0.0,1.0,1.0
10000,1.0,0.1,0.00023135329009951882,0.9210340371976184,0.00025118864315095806,0.9089310799931435,1.0,exponential,646,94707.0,94707.0,1.4544,0,0.0,1.0,1.0
10000,1.0,0.1,0.00023135329009951882,0.9210340371976184,0.00025118864315095806,0.9089310799931435,1.0,exponential,647,19898.0,19898.0,2.1657,0,0.0,1.0,1.0
10000,1.0,0.1,0.00023135329009951882,0.9210340371976184,0.00025118864315095806,0.9089310799931435,1.0,exponential,648,7148.0,7148.0,2.2453,0,0.0,1.0,1.0
10000,1.0,0.1,0.00023135329009951882,0.9210340371976184,0.00025118864315095806,0.9089310799931435,1.0,exponential,649,7529.0,7529.0,1.6746,0,0.0,1.0,1.0
10000,1.0,0.1,0.00023135329009951882,0.9210340371976184,0.00025118864315095806,0.9089310799931435,1.0,exponential,650,59809.0,59809.0,1.8577,0,0.0,1.0,1.0
10000,1.0,0.1,0.00023135329009951882,0.9210340371976184,0.00025118864315095806,0.9089310799931435,1.0,exponential,651,53387.0,53387.0,1.9034,0,0.0,1.0,1.0
10000,1.0,0.1,0.00023135329009951882,0.9210340371976184,0.00025118864315095806,0.9089310799931435,1.0,exponential,652,67178.0,67178.0,1.2236999,0,0.0,1.0,1.0
10000,1.0,0.1,0.00023135329009951882,0.9210340371976184,0.00025118864315095806,0.9089310799931435,1.0,exponential,653,13703.0,13703.0,1.5507,0,0.0,1.0,1.0
10000,1.0,0.1,0.00023135329009951882,0.9210340371976184,0.00025118864315095806,0.9089310799931435,1.0,exponential,654,34748.0,34748.0,1.5712999,0,0.0,1.0,1.0
10000,1.0,0.1,0.00023135329009951882,0.9210340371976184,0.00025118864315095806,0.9089310799931435,1.0,exponential,655,15013.0,15013.0,1.2842,0,0.0,1.0,1.0
10000,1.0,0.1,0.00023135329009951882,0.9210340371976184,0.00025118864315095806,0.9089310799931435,1.0,exponential,656,9370.0,9370.0,2.2519,0,0.0,1.0,1.0
10000,1.0,0.1,0.00023135329009951882,0.9210340371976184,0.00025118864315095806,0.9089310799931435,1.0,exponential,657,13304.0,13304.0,1.4913,0,0.0,1.0,1.0
10000,1.0,0.1,0.00023135329009951882,0.9210340371976184,0.00025118864315095806,0.9089310799931435,1.0,exponential,658,6006.0,6006.0,1.8148999,0,0.0,1.0,1.0
10000,1.0,0.1,0.00023135329009951882,0.9210340371976184,0.00025118864315095806,0.9089310799931435,1.0,exponential,659,4916.0,4916.0,1.5386,0,0.0,1.0,1.0
10000,1.0,0.1,0.00023135329009951882,0.9210340371976184,0.00025118864315095806,0.9089310799931435,1.0,exponential,660,72653.0,72653.0,1.7091999,0,0.0,1.0,1.0
10000,1.0,0.1,0.00023135329009951882,0.9210340371976184,0.00025118864315095806,0.9089310799931435,1.0,exponential,661,14390.0,14390.0,1.5709,0,0.0,1.0,1.0
10000,1.0,0.1,0.00023135329009951882,0.9210340371976184,0.00025118864315095806,0.9089310799931435,1.0,exponential,662,40905.0,40905.0,2.0312,0,0.0,1.0,1.0
10000,1.0,0.1,0.00023135329009951882,0.9210340371976184,0.00025118864315095806,0.9089310799931435,1.0,exponential,663,4715.0,4715.0,1.6532999,0,0.0,1.0,1.0
10000,1.0,0.1,0.00023135329009951882,0.9210340371976184,0.00025118864315095806,0.9089310799931435,1.0,exponential,664,6527.0,6527.0,2.0023,0,0.0,1.0,1.0
10000,1.0,0.1,0.00023135329009951882,0.9210340371976184,0.00025118864315095806,0.9089310799931435,1.0,exponential,665,21835.0,21835.0,1.3311,0,0.0,1.0,1.0
10000,1.0,0.1,0.00023135329009951882,0.9210340371976184,0.00025118864315095806,0.9089310799931435,1.0,exponential,666,33869.0,33869.0,1.2415,0,0.0,1.0,1.0
10000,1.0,0.1,0.00023135329009951882,0.9210340371976184,0.00025118864315095806,0.9089310799931435,1.0,exponential,667,18831.0,18831.0,1.9108,0,0.0,1.0,1.0
10000,1.0,0.1,0.00023135329009951882,0.9210340371976184,0.00025118864315095806,0.9089310799931435,1.0,exponential,668,11274.0,11274.0,2.1584,0,0.0,1.0,1.0
10000,1.0,0.1,0.00023135329009951882,0.9210340371976184,0.00025118864315095806,0.9089310799931435,1.0,exponential,669,9584.0,9584.0,2.7101998,0,0.0,1.0,1.0
10000,1.0,0.1,0.00023135329009951882,0.9210340371976184,0.00025118864315095806,0.9089310799931435,1.0,exponential,670,26597.0,26597.0,1.4828,0,0.0,1.0,1.0
10000,1.0,0.1,0.00023135329009951882,0.9210340371976184,0.00025118864315095806,0.9089310799931435,1.0,exponential,671,22153.0,22153.0,1.3397,0,0.0,1.0,1.0
10000,1.0,0.1,0.00023135329009951882,0.9210340371976184,0.00025118864315095806,0.9089310799931435,1.0,exponential,672,15988.0,15988.0,2.4735,0,0.0,1.0,1.0
10000,1.0,0.1,0.00023135329009951882,0.9210340371976184,0.00025118864315095806,0.9089310799931435,1.0,exponential,673,32210.0,32210.0,2.1322,0,0.0,1.0,1.0
10000,1.0,0.1,0.00023135329009951882,0.9210340371976184,0.00025118864315095806,0.9089310799931435,1.0,exponential,674,31346.0,31346.0,1.3658999,0,0.0,1.0,1.0
10000,1.0,0.1,0.00023135329009951882,0.9210340371976184,0.00025118864315095806,0.9089310799931435,1.0,exponential,675,24089.0,24089.0,1.2745,0,0.0,1.0,1.0
10000,1.0,0.1,0.00023135329009951882,0.9210340371976184,0.00025118864315095806,0.9089310799931435,1.0,exponential,676,6245.0,6245.0,1.553,0,0.0,1.0,1.0
10000,1.0,0.1,0.00023135329009951882,0.9210340371976184,0.00025118864315095806,0.9089310799931435,1.0,exponential,677,9258.0,9258.0,2.297,0,0.0,1.0,1.0
10000,1.0,0.1,0.00023135329009951882,0.9210340371976184,0.00025118864315095806,0.9089310799931435,1.0,exponential,678,5152.0,5152.0,1.6258999,0,0.0,1.0,1.0
10000,1.0,0.1,0.00023135329009951882,0.9210340371976184,0.00025118864315095806,0.9089310799931435,1.0,exponential,679,10801.0,10801.0,2.1327999,0,0.0,1.0,1.0
10000,1.0,0.1,0.00023135329009951882,0.9210340371976184,0.00025118864315095806,0.9089310799931435,1.0,exponential,680,22636.0,22636.0,1.4045,0,0.0,1.0,1.0
10000,1.0,0.1,0.00023135329009951882,0.9210340371976184,0.00025118864315095806,0.9089310799931435,1.0,exponential,681,58564.0,58564.0,1.4311999,0,0.0,1.0,1.0
10000,1.0,0.1,0.00023135329009951882,0.9210340371976184,0.00025118864315095806,0.9089310799931435,1.0,exponential,682,16201.0,16201.0,1.6024,0,0.0,1.0,1.0
10000,1.0,0.1,0.00023135329009951882,0.9210340371976184,0.00025118864315095806,0.9089310799931435,1.0,exponential,683,5265.0,5265.0,2.0676,0,0.0,1.0,1.0
10000,1.0,0.1,0.00023135329009951882,0.9210340371976184,0.00025118864315095806,0.9089310799931435,1.0,exponential,684,47380.0,47380.0,1.8845999,0,0.0,1.0,1.0
10000,1.0,0.1,0.00023135329009951882,0.9210340371976184,0.00025118864315095806,0.9089310799931435,1.0,exponential,685,50093.0,50093.0,2.1183,0,0.0,1.0,1.0
10000,1.0,0.1,0.00023135329009951882,0.9210340371976184,0.00025118864315095806,0.9089310799931435,1.0,exponential,686,19671.0,19671.0,1.3534,0,0.0,1.0,1.0
10000,1.0,0.1,0.00023135329009951882,0.9210340371976184,0.00025118864315095806,0.9089310799931435,1.0,exponential,687,16070.0,16070.0,1.5807999,0,0.0,1.0,1.0
10000,1.0,0.1,0.00023135329009951882,0.9210340371976184,0.00025118864315095806,0.9089310799931435,1.0,exponential,688,13810.0,13810.0,2.1173,0,0.0,1.0,1.0
10000,1.0,0.1,0.00023135329009951882,0.9210340371976184,0.00025118864315095806,0.9089310799931435,1.0,exponential,689,10358.0,10358.0,1.9074999,0,0.0,1.0,1.0
10000,1.0,0.1,0.00023135329009951882,0.9210340371976184,0.00025118864315095806,0.9089310799931435,1.0,exponential,690,15552.0,15552.0,2.2933,0,0.0,1.0,1.0
10000,1.0,0.1,0.00023135329009951882,0.9210340371976184,0.00025118864315095806,0.9089310799931435,1.0,exponential,691,3357.0,3357.0,1.9002999,0,0.0,1.0,1.0
10000,1.0,0.1,0.00023135329009951882,0.9210340371976184,0.00025118864315095806,0.9089310799931435,1.0,exponential,692,12923.0,12923.0,1.7543,0,0.0,1.0,1.0
10000,1.0,0.1,0.00023135329009951882,0.9210340371976184,0.00025118864315095806,0.9089310799931435,1.0,exponential,693,41032.0,41032.0,1.3662,0,0.0,1.0,1.0
10000,1.0,0.1,0.00023135329009951882,0.9210340371976184,0.00025118864315095806,0.9089310799931435,1.0,exponential,694,6110.0,6110.0,1.5532,0,0.0,1.0,1.0
10000,1.0,0.1,0.00023135329009951882,0.9210340371976184,0.00025118864315095806,0.9089310799931435,1.0,exponential,695,11732.0,11732.0,2.5189,0,0.0,1.0,1.0
10000,1.0,0.1,0.00023135329009951882,0.9210340371976184,0.00025118864315095806,0.9089310799931435,1.0,exponential,696,16157.0,16157.0,1.6646,0,0.0,1.0,1.0
10000,1.0,0.1,0.00023135329009951882,0.9210340371976184,0.00025118864315095806,0.9089310799931435,1.0,exponential,697,7220.0,7220.0,1.4326,0,0.0,1.0,1.0
10000,1.0,0.1,0.00023135329009951882,0.9210340371976184,0.00025118864315095806,0.9089310799931435,1.0,exponential,698,21406.0,21406.0,2.3495,0,0.0,1.0,1.0
10000,1.0,0.1,0.00023135329009951882,0.9210340371976184,0.00025118864315095806,0.9089310799931435,1.0,exponential,699,8709.0,8709.0,1.1738,0,0.0,1.0,1.0
10000,1.0,0.1,0.00023135329009951882,0.9210340371976184,0.00025118864315095806,0.9089310799931435,1.0,exponential,700,42519.0,42519.0,1.9842999,0,0.0,1.0,1.0
10000,1.0,0.1,0.00023135329009951882,0.9210340371976184,0.00025118864315095806,0.9089310799931435,1.0,exponential,701,3961.0,3961.0,2.0629,0,0.0,1.0,1.0
10000,1.0,0.1,0.00023135329009951882,0.9210340371976184,0.00025118864315095806,0.9089310799931435,1.0,exponential,702,28711.0,28711.0,2.1836998,0,0.0,1.0,1.0
10000,1.0,0.1,0.00023135329009951882,0.9210340371976184,0.00025118864315095806,0.9089310799931435,1.0,exponential,703,16473.0,16473.0,1.4923999,0,0.0,1.0,1.0
10000,1.0,0.1,0.00023135329009951882,0.9210340371976184,0.00025118864315095806,0.9089310799931435,1.0,exponential,704,10929.0,10929.0,1.6125,0,0.0,1.0,1.0
10000,1.0,0.1,0.00023135329009951882,0.9210340371976184,0.00025118864315095806,0.9089310799931435,1.0,exponential,705,2573.0,2573.0,1.8949,0,0.0,1.0,1.0
10000,1.0,0.1,0.00023135329009951882,0.9210340371976184,0.00025118864315095806,0.9089310799931435,1.0,exponential,706,14002.0,14002.0,2.3485,0,0.0,1.0,1.0
10000,1.0,0.1,0.00023135329009951882,0.9210340371976184,0.00025118864315095806,0.9089310799931435,1.0,exponential,707,18635.0,18635.0,1.6080999,0,0.0,1.0,1.0
10000,1.0,0.1,0.00023135329009951882,0.9210340371976184,0.00025118864315095806,0.9089310799931435,1.0,exponential,708,21936.0,21936.0,1.2787,0,0.0,1.0,1.0
10000,1.0,0.1,0.00023135329009951882,0.9210340371976184,0.00025118864315095806,0.9089310799931435,1.0,exponential,709,56814.0,56814.0,2.1641998,0,0.0,1.0,1.0
10000,1.0,0.1,0.00023135329009951882,0.9210340371976184,0.00025118864315095806,0.9089310799931435,1.0,exponential,710,43862.0,43862.0,1.8133,0,0.0,1.0,1.0
10000,1.0,0.1,0.00023135329009951882,0.9210340371976184,0.00025118864315095806,0.9089310799931435,1.0,exponential,711,6655.0,6655.0,1.8694999,0,0.0,1.0,1.0
10000,1.0,0.1,0.00023135329009951882,0.9210340371976184,0.00025118864315095806,0.9089310799931435,1.0,exponential,712,43108.0,43108.0,1.2894,0,0.0,1.0,1.0
10000,1.0,0.1,0.00023135329009951882,0.9210340371976184,0.00025118864315095806,0.9089310799931435,1.0,exponential,713,35765.0,35765.0,2.2554,0,0.0,1.0,1.0
10000,1.0,0.1,0.00023135329009951882,0.9210340371976184,0.00025118864315095806,0.9089310799931435,1.0,exponential,714,12452.0,12452.0,2.1253998,0,0.0,1.0,1.0
10000,1.0,0.1,0.00023135329009951882,0.9210340371976184,0.00025118864315095806,0.9089310799931435,1.0,exponential,715,16853.0,16853.0,2.4661,0,0.0,2.0,2.0
10000,1.0,0.1,0.00023135329009951882,0.9210340371976184,0.00025118864315095806,0.9089310799931435,1.0,exponential,716,101775.0,101775.0,1.3045,0,0.0,1.0,1.0
10000,1.0,0.1,0.00023135329009951882,0.9210340371976184,0.00025118864315095806,0.9089310799931435,1.0,exponential,717,23673.0,23673.0,1.2513,0,0.0,1.0,1.0
10000,1.0,0.1,0.00023135329009951882,0.9210340371976184,0.00025118864315095806,0.9089310799931435,1.0,exponential,718,31806.0,31806.0,1.4287,0,0.0,1.0,1.0
10000,1.0,0.1,0.00023135329009951882,0.9210340371976184,0.00025118864315095806,0.9089310799931435,1.0,exponential,719,9456.0,9456.0,2.1983,0,0.0,1.0,1.0
10000,1.0,0.1,0.00023135329009951882,0.9210340371976184,0.00025118864315095806,0.9089310799931435,1.0,exponential,720,3505.0,3505.0,1.5199,0,0.0,1.0,1.0
10000,1.0,0.1,0.00023135329009951882,0.9210340371976184,0.00025118864315095806,0.9089310799931435,1.0,exponential,721,34743.0,34743.0,1.9293,0,0.0,1.0,1.0
10000,1.0,0.1,0.00023135329009951882,0.9210340371976184,0.00025118864315095806,0.9089310799931435,1.0,exponential,722,55375.0,55375.0,1.6887,0,0.0,1.0,1.0
10000,1.0,0.1,0.00023135329009951882,0.9210340371976184,0.00025118864315095806,0.9089310799931435,1.0,exponential,723,5968.0,5968.0,2.1759999,0,0.0,1.0,1.0
10000,1.0,0.1,0.00023135329009951882,0.9210340371976184,0.00025118864315095806,0.9089310799931435,1.0,exponential,724,2568.0,2568.0,1.5602,0,0.0,1.0,1.0
10000,1.0,0.1,0.00023135329009951882,0.9210340371976184,0.00025118864315095806,0.9089310799931435,1.0,exponential,725,51436.0,51436.0,1.3598,0,0.0,1.0,1.0
10000,1.0,0.1,0.00023135329009951882,0.9210340371976184,0.00025118864315095806,0.9089310799931435,1.0,exponential,726,4512.0,4512.0,1.5468999,0,0.0,1.0,1.0
10000,1.0,0.1,0.00023135329009951882,0.9210340371976184,0.00025118864315095806,0.9089310799931435,1.0,exponential,727,36369.0,36369.0,1.6308,0,0.0,1.0,1.0
10000,1.0,0.1,0.00023135329009951882,0.9210340371976184,0.00025118864315095806,0.9089310799931435,1.0,exponential,728,76448.0,76448.0,1.9485999,0,0.0,1.0,1.0
10000,1.0,0.1,0.00023135329009951882,0.9210340371976184,0.00025118864315095806,0.9089310799931435,1.0,exponential,729,18623.0,18623.0,1.8657,0,0.0,1.0,1.0
10000,1.0,0.1,0.00023135329009951882,0.9210340371976184,0.00025118864315095806,0.9089310799931435,1.0,exponential,730,19513.0,19513.0,1.4785,0,0.0,1.0,1.0
10000,1.0,0.1,0.00023135329009951882,0.9210340371976184,0.00025118864315095806,0.9089310799931435,1.0,exponential,731,47842.0,47842.0,1.1898999,0,0.0,1.0,1.0
10000,1.0,0.1,0.00023135329009951882,0.9210340371976184,0.00025118864315095806,0.9089310799931435,1.0,exponential,732,84515.0,84515.0,1.9022,0,0.0,1.0,1.0
10000,1.0,0.1,0.00023135329009951882,0.9210340371976184,0.00025118864315095806,0.9089310799931435,1.0,exponential,733,15705.0,15705.0,1.8819,0,0.0,1.0,1.0
10000,1.0,0.1,0.00023135329009951882,0.9210340371976184,0.00025118864315095806,0.9089310799931435,1.0,exponential,734,17190.0,17190.0,1.2657,0,0.0,1.0,1.0
10000,1.0,0.1,0.00023135329009951882,0.9210340371976184,0.00025118864315095806,0.9089310799931435,1.0,exponential,735,20161.0,20161.0,1.2391,0,0.0,1.0,1.0
10000,1.0,0.1,0.00023135329009951882,0.9210340371976184,0.00025118864315095806,0.9089310799931435,1.0,exponential,736,6043.0,6043.0,1.9513999,0,0.0,1.0,1.0
10000,1.0,0.1,0.00023135329009951882,0.9210340371976184,0.00025118864315095806,0.9089310799931435,1.0,exponential,737,32182.0,32182.0,2.2257,0,0.0,1.0,1.0
10000,1.0,0.1,0.00023135329009951882,0.9210340371976184,0.00025118864315095806,0.9089310799931435,1.0,exponential,738,26603.0,26603.0,1.4797,0,0.0,1.0,1.0
10000,1.0,0.1,0.00023135329009951882,0.9210340371976184,0.00025118864315095806,0.9089310799931435,1.0,exponential,739,8565.0,8565.0,1.4800999,0,0.0,1.0,1.0
10000,1.0,0.1,0.00023135329009951882,0.9210340371976184,0.00025118864315095806,0.9089310799931435,1.0,exponential,740,10358.0,10358.0,1.9201,0,0.0,1.0,1.0
10000,1.0,0.1,0.00023135329009951882,0.9210340371976184,0.00025118864315095806,0.9089310799931435,1.0,exponential,741,21812.0,21812.0,1.7666,0,0.0,1.0,1.0
10000,1.0,0.1,0.00023135329009951882,0.9210340371976184,0.00025118864315095806,0.9089310799931435,1.0,exponential,742,44966.0,44966.0,1.5282999,0,0.0,1.0,1.0
10000,1.0,0.1,0.00023135329009951882,0.9210340371976184,0.00025118864315095806,0.9089310799931435,1.0,exponential,743,16301.0,16301.0,1.3921,0,0.0,1.0,1.0
10000,1.0,0.1,0.00023135329009951882,0.9210340371976184,0.00025118864315095806,0.9089310799931435,1.0,exponential,744,45465.0,45465.0,1.355,0,0.0,1.0,1.0
10000,1.0,0.1,0.00023135329009951882,0.9210340371976184,0.00025118864315095806,0.9089310799931435,1.0,exponential,745,58588.0,58588.0,1.4395,0,0.0,1.0,1.0
10000,1.0,0.1,0.00023135329009951882,0.9210340371976184,0.00025118864315095806,0.9089310799931435,1.0,exponential,746,13163.0,13163.0,1.9612999,0,0.0,1.0,1.0
10000,1.0,0.1,0.00023135329009951882,0.9210340371976184,0.00025118864315095806,0.9089310799931435,1.0,exponential,747,15372.0,15372.0,1.7404,0,0.0,1.0,1.0
10000,1.0,0.1,0.00023135329009951882,0.9210340371976184,0.00025118864315095806,0.9089310799931435,1.0,exponential,748,23308.0,23308.0,1.8059,0,0.0,1.0,1.0
10000,1.0,0.1,0.00023135329009951882,0.9210340371976184,0.00025118864315095806,0.9089310799931435,1.0,exponential,749,17486.0,17486.0,2.8162,0,0.0,2.0,2.0
10000,1.0,0.1,0.00023135329009951882,0.9210340371976184,0.00025118864315095806,0.9089310799931435,1.0,exponential,750,42412.0,42412.0,2.3624,0,0.0,1.0,1.0
10000,1.0,0.1,0.00023135329009951882,0.9210340371976184,0.00025118864315095806,0.9089310799931435,1.0,exponential,751,16558.0,16558.0,1.1917,0,0.0,1.0,1.0
10000,1.0,0.1,0.00023135329009951882,0.9210340371976184,0.00025118864315095806,0.9089310799931435,1.0,exponential,752,14567.0,14567.0,1.7594,0,0.0,1.0,1.0
10000,1.0,0.1,0.00023135329009951882,0.9210340371976184,0.00025118864315095806,0.9089310799931435,1.0,exponential,753,5169.0,5169.0,1.2696999,0,0.0,1.0,1.0
10000,1.0,0.1,0.00023135329009951882,0.9210340371976184,0.00025118864315095806,0.9089310799931435,1.0,exponential,754,18652.0,18652.0,1.7418,0,0.0,1.0,1.0
10000,1.0,0.1,0.00023135329009951882,0.9210340371976184,0.00025118864315095806,0.9089310799931435,1.0,exponential,755,6518.0,6518.0,1.7045,0,0.0,1.0,1.0
10000,1.0,0.1,0.00023135329009951882,0.9210340371976184,0.00025118864315095806,0.9089310799931435,1.0,exponential,756,7132.0,7132.0,1.5805999,0,0.0,1.0,1.0
10000,1.0,0.1,0.00023135329009951882,0.9210340371976184,0.00025118864315095806,0.9089310799931435,1.0,exponential,757,1711.0,1711.0,1.7644,0,0.0,1.0,1.0
10000,1.0,0.1,0.00023135329009951882,0.9210340371976184,0.00025118864315095806,0.9089310799931435,1.0,exponential,758,5870.0,5870.0,1.3548,0,0.0,1.0,1.0
10000,1.0,0.1,0.00023135329009951882,0.9210340371976184,0.00025118864315095806,0.9089310799931435,1.0,exponential,759,13855.0,13855.0,2.2316,0,0.0,1.0,1.0
10000,1.0,0.1,0.00023135329009951882,0.9210340371976184,0.00025118864315095806,0.9089310799931435,1.0,exponential,760,3471.0,3471.0,2.3343,0,0.0,1.0,1.0
10000,1.0,0.1,0.00023135329009951882,0.9210340371976184,0.00025118864315095806,0.9089310799931435,1.0,exponential,761,9895.0,9895.0,1.4383999,0,0.0,1.0,1.0
10000,1.0,0.1,0.00023135329009951882,0.9210340371976184,0.00025118864315095806,0.9089310799931435,1.0,exponential,762,4389.0,4389.0,2.0699,0,0.0,1.0,1.0
10000,1.0,0.1,0.00023135329009951882,0.9210340371976184,0.00025118864315095806,0.9089310799931435,1.0,exponential,763,46248.0,46248.0,1.7318,0,0.0,1.0,1.0
10000,1.0,0.1,0.00023135329009951882,0.9210340371976184,0.00025118864315095806,0.9089310799931435,1.0,exponential,764,17934.0,17934.0,2.2402,0,0.0,1.0,1.0
10000,1.0,0.1,0.00023135329009951882,0.9210340371976184,0.00025118864315095806,0.9089310799931435,1.0,exponential,765,11190.0,11190.0,1.5942,0,0.0,1.0,1.0
10000,1.0,0.1,0.00023135329009951882,0.9210340371976184,0.00025118864315095806,0.9089310799931435,1.0,exponential,766,55584.0,55584.0,1.2939,0,0.0,1.0,1.0
10000,1.0,0.1,0.00023135329009951882,0.9210340371976184,0.00025118864315095806,0.9089310799931435,1.0,exponential,767,44731.0,44731.0,1.3383,0,0.0,1.0,1.0
10000,1.0,0.1,0.00023135329009951882,0.9210340371976184,0.00025118864315095806,0.9089310799931435,1.0,exponential,768,22255.0,22255.0,1.2041,0,0.0,1.0,1.0
10000,1.0,0.1,0.00023135329009951882,0.9210340371976184,0.00025118864315095806,0.9089310799931435,1.0,exponential,769,7576.0,7576.0,1.1087999,0,0.0,1.0,1.0
10000,1.0,0.1,0.00023135329009951882,0.9210340371976184,0.00025118864315095806,0.9089310799931435,1.0,exponential,770,10687.0,10687.0,1.1399,0,0.0,1.0,1.0
10000,1.0,0.1,0.00023135329009951882,0.9210340371976184,0.00025118864315095806,0.9089310799931435,1.0,exponential,771,13803.0,13803.0,2.4506,0,0.0,1.0,1.0
10000,1.0,0.1,0.00023135329009951882,0.9210340371976184,0.00025118864315095806,0.9089310799931435,1.0,exponential,772,9345.0,9345.0,1.5841999,0,0.0,1.0,1.0
10000,1.0,0.1,0.00023135329009951882,0.9210340371976184,0.00025118864315095806,0.9089310799931435,1.0,exponential,773,27312.0,27312.0,1.1747999,0,0.0,1.0,1.0
10000,1.0,0.1,0.00023135329009951882,0.9210340371976184,0.00025118864315095806,0.9089310799931435,1.0,exponential,774,2480.0,2480.0,1.5948,0,0.0,1.0,1.0
10000,1.0,0.1,0.00023135329009951882,0.9210340371976184,0.00025118864315095806,0.9089310799931435,1.0,exponential,775,28741.0,28741.0,1.8276999,0,0.0,1.0,1.0
10000,1.0,0.1,0.00023135329009951882,0.9210340371976184,0.00025118864315095806,0.9089310799931435,1.0,exponential,776,16644.0,16644.0,1.2915,0,0.0,1.0,1.0
10000,1.0,0.1,0.00023135329009951882,0.9210340371976184,0.00025118864315095806,0.9089310799931435,1.0,exponential,777,10292.0,10292.0,1.3292999,0,0.0,1.0,1.0
10000,1.0,0.1,0.00023135329009951882,0.9210340371976184,0.00025118864315095806,0.9089310799931435,1.0,exponential,778,24533.0,24533.0,1.8057,0,0.0,1.0,1.0
10000,1.0,0.1,0.00023135329009951882,0.9210340371976184,0.00025118864315095806,0.9089310799931435,1.0,exponential,779,19376.0,19376.0,1.7014999,0,0.0,1.0,1.0
10000,1.0,0.1,0.00023135329009951882,0.9210340371976184,0.00025118864315095806,0.9089310799931435,1.0,exponential,780,139015.0,139015.0,1.3942,0,0.0,1.0,1.0
10000,1.0,0.1,0.00023135329009951882,0.9210340371976184,0.00025118864315095806,0.9089310799931435,1.0,exponential,781,4547.0,4547.0,1.8111,0,0.0,1.0,1.0
10000,1.0,0.1,0.00023135329009951882,0.9210340371976184,0.00025118864315095806,0.9089310799931435,1.0,exponential,782,31842.0,31842.0,1.9733,0,0.0,1.0,1.0
10000,1.0,0.1,0.00023135329009951882,0.9210340371976184,0.00025118864315095806,0.9089310799931435,1.0,exponential,783,30012.0,30012.0,1.8745999,0,0.0,1.0,1.0
10000,1.0,0.1,0.00023135329009951882,0.9210340371976184,0.00025118864315095806,0.9089310799931435,1.0,exponential,784,44497.0,44497.0,1.2055,0,0.0,1.0,1.0
10000,1.0,0.1,0.00023135329009951882,0.9210340371976184,0.00025118864315095806,0.9089310799931435,1.0,exponential,785,19246.0,19246.0,1.7181,0,0.0,1.0,1.0
10000,1.0,0.1,0.00023135329009951882,0.9210340371976184,0.00025118864315095806,0.9089310799931435,1.0,exponential,786,12086.0,12086.0,1.6082,0,0.0,1.0,1.0
10000,1.0,0.1,0.00023135329009951882,0.9210340371976184,0.00025118864315095806,0.9089310799931435,1.0,exponential,787,64711.0,64711.0,1.3694,0,0.0,1.0,1.0
10000,1.0,0.1,0.00023135329009951882,0.9210340371976184,0.00025118864315095806,0.9089310799931435,1.0,exponential,788,16546.0,16546.0,1.2695999,0,0.0,1.0,1.0
10000,1.0,0.1,0.00023135329009951882,0.9210340371976184,0.00025118864315095806,0.9089310799931435,1.0,exponential,789,7243.0,7243.0,2.2549999,0,0.0,1.0,1.0
10000,1.0,0.1,0.00023135329009951882,0.9210340371976184,0.00025118864315095806,0.9089310799931435,1.0,exponential,790,61022.0,61022.0,1.4863,0,0.0,1.0,1.0
10000,1.0,0.1,0.00023135329009951882,0.9210340371976184,0.00025118864315095806,0.9089310799931435,1.0,exponential,791,37427.0,37427.0,1.7274,0,0.0,1.0,1.0
10000,1.0,0.1,0.00023135329009951882,0.9210340371976184,0.00025118864315095806,0.9089310799931435,1.0,exponential,792,6213.0,6213.0,1.6453999,0,0.0,1.0,1.0
10000,1.0,0.1,0.00023135329009951882,0.9210340371976184,0.00025118864315095806,0.9089310799931435,1.0,exponential,793,24215.0,24215.0,1.8306999,0,0.0,1.0,1.0
10000,1.0,0.1,0.00023135329009951882,0.9210340371976184,0.00025118864315095806,0.9089310799931435,1.0,exponential,794,32809.0,32809.0,1.3714,0,0.0,1.0,1.0
10000,1.0,0.1,0.00023135329009951882,0.9210340371976184,0.00025118864315095806,0.9089310799931435,1.0,exponential,795,15784.0,15784.0,2.4378998,0,0.0,1.0,1.0
10000,1.0,0.1,0.00023135329009951882,0.9210340371976184,0.00025118864315095806,0.9089310799931435,1.0,exponential,796,50646.0,50646.0,1.5165,0,0.0,1.0,1.0
10000,1.0,0.1,0.00023135329009951882,0.9210340371976184,0.00025118864315095806,0.9089310799931435,1.0,exponential,797,6482.0,6482.0,1.5244,0,0.0,1.0,1.0
10000,1.0,0.1,0.00023135329009951882,0.9210340371976184,0.00025118864315095806,0.9089310799931435,1.0,exponential,798,21098.0,21098.0,2.0835,0,0.0,1.0,1.0
10000,1.0,0.1,0.00023135329009951882,0.9210340371976184,0.00025118864315095806,0.9089310799931435,1.0,exponential,799,14459.0,14459.0,2.4417999,0,0.0,1.0,1.0
10000,1.0,0.1,0.00023135329009951882,0.9210340371976184,0.00025118864315095806,0.9089310799931435,1.0,exponential,800,25025.0,25025.0,1.8755,0,0.0,1.0,1.0
10000,1.0,0.1,0.00023135329009951882,0.9210340371976184,0.00025118864315095806,0.9089310799931435,1.0,exponential,801,8000.0,8000.0,1.3680999,0,0.0,1.0,1.0
10000,1.0,0.1,0.00023135329009951882,0.9210340371976184,0.00025118864315095806,0.9089310799931435,1.0,exponential,802,22710.0,22710.0,1.9614999,0,0.0,1.0,1.0
10000,1.0,0.1,0.00023135329009951882,0.9210340371976184,0.00025118864315095806,0.9089310799931435,1.0,exponential,803,19257.0,19257.0,1.6204,0,0.0,1.0,1.0
10000,1.0,0.1,0.00023135329009951882,0.9210340371976184,0.00025118864315095806,0.9089310799931435,1.0,exponential,804,11007.0,11007.0,1.4079,0,0.0,1.0,1.0
10000,1.0,0.1,0.00023135329009951882,0.9210340371976184,0.00025118864315095806,0.9089310799931435,1.0,exponential,805,29256.0,29256.0,2.2870998,0,0.0,1.0,1.0
10000,1.0,0.1,0.00023135329009951882,0.9210340371976184,0.00025118864315095806,0.9089310799931435,1.0,exponential,806,17172.0,17172.0,1.359,0,0.0,1.0,1.0
10000,1.0,0.1,0.00023135329009951882,0.9210340371976184,0.00025118864315095806,0.9089310799931435,1.0,exponential,807,16031.0,16031.0,1.508,0,0.0,1.0,1.0
10000,1.0,0.1,0.00023135329009951882,0.9210340371976184,0.00025118864315095806,0.9089310799931435,1.0,exponential,808,13800.0,13800.0,1.8521999,0,0.0,1.0,1.0
10000,1.0,0.1,0.00023135329009951882,0.9210340371976184,0.00025118864315095806,0.9089310799931435,1.0,exponential,809,14633.0,14633.0,1.2979,0,0.0,1.0,1.0
10000,1.0,0.1,0.00023135329009951882,0.9210340371976184,0.00025118864315095806,0.9089310799931435,1.0,exponential,810,3943.0,3943.0,1.5931,0,0.0,1.0,1.0
10000,1.0,0.1,0.00023135329009951882,0.9210340371976184,0.00025118864315095806,0.9089310799931435,1.0,exponential,811,22892.0,22892.0,1.3291,0,0.0,1.0,1.0
10000,1.0,0.1,0.00023135329009951882,0.9210340371976184,0.00025118864315095806,0.9089310799931435,1.0,exponential,812,62604.0,62604.0,1.7303,0,0.0,1.0,1.0
10000,1.0,0.1,0.00023135329009951882,0.9210340371976184,0.00025118864315095806,0.9089310799931435,1.0,exponential,813,37328.0,37328.0,2.1211,0,0.0,1.0,1.0
10000,1.0,0.1,0.00023135329009951882,0.9210340371976184,0.00025118864315095806,0.9089310799931435,1.0,exponential,814,17129.0,17129.0,1.3866,0,0.0,1.0,1.0
10000,1.0,0.1,0.00023135329009951882,0.9210340371976184,0.00025118864315095806,0.9089310799931435,1.0,exponential,815,41078.0,41078.0,1.5327,0,0.0,1.0,1.0
10000,1.0,0.1,0.00023135329009951882,0.9210340371976184,0.00025118864315095806,0.9089310799931435,1.0,exponential,816,2483.0,2483.0,1.3450999,0,0.0,1.0,1.0
10000,1.0,0.1,0.00023135329009951882,0.9210340371976184,0.00025118864315095806,0.9089310799931435,1.0,exponential,817,26415.0,26415.0,1.9354,0,0.0,1.0,1.0
10000,1.0,0.1,0.00023135329009951882,0.9210340371976184,0.00025118864315095806,0.9089310799931435,1.0,exponential,818,28334.0,28334.0,1.3707,0,0.0,1.0,1.0
10000,1.0,0.1,0.00023135329009951882,0.9210340371976184,0.00025118864315095806,0.9089310799931435,1.0,exponential,819,13999.0,13999.0,1.8016,0,0.0,1.0,1.0
10000,1.0,0.1,0.00023135329009951882,0.9210340371976184,0.00025118864315095806,0.9089310799931435,1.0,exponential,820,24805.0,24805.0,1.4268,0,0.0,1.0,1.0
10000,1.0,0.1,0.00023135329009951882,0.9210340371976184,0.00025118864315095806,0.9089310799931435,1.0,exponential,821,11304.0,11304.0,2.27,0,0.0,1.0,1.0
10000,1.0,0.1,0.00023135329009951882,0.9210340371976184,0.00025118864315095806,0.9089310799931435,1.0,exponential,822,18378.0,18378.0,2.2563,0,0.0,1.0,1.0
10000,1.0,0.1,0.00023135329009951882,0.9210340371976184,0.00025118864315095806,0.9089310799931435,1.0,exponential,823,14858.0,14858.0,1.6541,0,0.0,1.0,1.0
10000,1.0,0.1,0.00023135329009951882,0.9210340371976184,0.00025118864315095806,0.9089310799931435,1.0,exponential,824,31572.0,31572.0,1.7626,0,0.0,1.0,1.0
10000,1.0,0.1,0.00023135329009951882,0.9210340371976184,0.00025118864315095806,0.9089310799931435,1.0,exponential,825,9488.0,9488.0,1.2918,0,0.0,1.0,1.0
10000,1.0,0.1,0.00023135329009951882,0.9210340371976184,0.00025118864315095806,0.9089310799931435,1.0,exponential,826,3259.0,3259.0,1.9704,0,0.0,1.0,1.0
10000,1.0,0.1,0.00023135329009951882,0.9210340371976184,0.00025118864315095806,0.9089310799931435,1.0,exponential,827,4960.0,4960.0,1.749,0,0.0,1.0,1.0
10000,1.0,0.1,0.00023135329009951882,0.9210340371976184,0.00025118864315095806,0.9089310799931435,1.0,exponential,828,16413.0,16413.0,2.5173,0,0.0,1.0,1.0
10000,1.0,0.1,0.00023135329009951882,0.9210340371976184,0.00025118864315095806,0.9089310799931435,1.0,exponential,829,98332.0,98332.0,2.2694,0,0.0,1.0,1.0
10000,1.0,0.1,0.00023135329009951882,0.9210340371976184,0.00025118864315095806,0.9089310799931435,1.0,exponential,830,4995.0,4995.0,1.5669999,0,0.0,1.0,1.0
10000,1.0,0.1,0.00023135329009951882,0.9210340371976184,0.00025118864315095806,0.9089310799931435,1.0,exponential,831,7599.0,7599.0,2.0365999,0,0.0,1.0,1.0
10000,1.0,0.1,0.00023135329009951882,0.9210340371976184,0.00025118864315095806,0.9089310799931435,1.0,exponential,832,41958.0,41958.0,1.7843,0,0.0,1.0,1.0
10000,1.0,0.1,0.00023135329009951882,0.9210340371976184,0.00025118864315095806,0.9089310799931435,1.0,exponential,833,56124.0,56124.0,1.273,0,0.0,1.0,1.0
10000,1.0,0.1,0.00023135329009951882,0.9210340371976184,0.00025118864315095806,0.9089310799931435,1.0,exponential,834,15090.0,15090.0,1.7741,0,0.0,1.0,1.0
10000,1.0,0.1,0.00023135329009951882,0.9210340371976184,0.00025118864315095806,0.9089310799931435,1.0,exponential,835,19691.0,19691.0,2.5625,0,0.0,2.0,2.0
10000,1.0,0.1,0.00023135329009951882,0.9210340371976184,0.00025118864315095806,0.9089310799931435,1.0,exponential,836,29883.0,29883.0,1.7886,0,0.0,1.0,1.0
10000,1.0,0.1,0.00023135329009951882,0.9210340371976184,0.00025118864315095806,0.9089310799931435,1.0,exponential,837,19145.0,19145.0,1.7444999,0,0.0,1.0,1.0
10000,1.0,0.1,0.00023135329009951882,0.9210340371976184,0.00025118864315095806,0.9089310799931435,1.0,exponential,838,28535.0,28535.0,1.2233,0,0.0,1.0,1.0
10000,1.0,0.1,0.00023135329009951882,0.9210340371976184,0.00025118864315095806,0.9089310799931435,1.0,exponential,839,33401.0,33401.0,1.6310999,0,0.0,1.0,1.0
10000,1.0,0.1,0.00023135329009951882,0.9210340371976184,0.00025118864315095806,0.9089310799931435,1.0,exponential,840,20327.0,20327.0,2.863,0,0.0,1.0,1.0
10000,1.0,0.1,0.00023135329009951882,0.9210340371976184,0.00025118864315095806,0.9089310799931435,1.0,exponential,841,23566.0,23566.0,1.4283,0,0.0,1.0,1.0
10000,1.0,0.1,0.00023135329009951882,0.9210340371976184,0.00025118864315095806,0.9089310799931435,1.0,exponential,842,5585.0,5585.0,1.4082999,0,0.0,1.0,1.0
10000,1.0,0.1,0.00023135329009951882,0.9210340371976184,0.00025118864315095806,0.9089310799931435,1.0,exponential,843,19845.0,19845.0,1.6628,0,0.0,1.0,1.0
10000,1.0,0.1,0.00023135329009951882,0.9210340371976184,0.00025118864315095806,0.9089310799931435,1.0,exponential,844,13706.0,13706.0,1.3041999,0,0.0,1.0,1.0
10000,1.0,0.1,0.00023135329009951882,0.9210340371976184,0.00025118864315095806,0.9089310799931435,1.0,exponential,845,7121.0,7121.0,1.5178,0,0.0,1.0,1.0
10000,1.0,0.1,0.00023135329009951882,0.9210340371976184,0.00025118864315095806,0.9089310799931435,1.0,exponential,846,26400.0,26400.0,1.7113999,0,0.0,1.0,1.0
10000,1.0,0.1,0.00023135329009951882,0.9210340371976184,0.00025118864315095806,0.9089310799931435,1.0,exponential,847,74571.0,74571.0,1.403,0,0.0,1.0,1.0
10000,1.0,0.1,0.00023135329009951882,0.9210340371976184,0.00025118864315095806,0.9089310799931435,1.0,exponential,848,14756.0,14756.0,1.928,0,0.0,1.0,1.0
10000,1.0,0.1,0.00023135329009951882,0.9210340371976184,0.00025118864315095806,0.9089310799931435,1.0,exponential,849,6355.0,6355.0,1.4995999,0,0.0,1.0,1.0
10000,1.0,0.1,0.00023135329009951882,0.9210340371976184,0.00025118864315095806,0.9089310799931435,1.0,exponential,850,27310.0,27310.0,1.5013,0,0.0,1.0,1.0
10000,1.0,0.1,0.00023135329009951882,0.9210340371976184,0.00025118864315095806,0.9089310799931435,1.0,exponential,851,21693.0,21693.0,1.5027,0,0.0,1.0,1.0
10000,1.0,0.1,0.00023135329009951882,0.9210340371976184,0.00025118864315095806,0.9089310799931435,1.0,exponential,852,9429.0,9429.0,1.787,0,0.0,1.0,1.0
10000,1.0,0.1,0.00023135329009951882,0.9210340371976184,0.00025118864315095806,0.9089310799931435,1.0,exponential,853,15309.0,15309.0,1.5629,0,0.0,1.0,1.0
10000,1.0,0.1,0.00023135329009951882,0.9210340371976184,0.00025118864315095806,0.9089310799931435,1.0,exponential,854,70068.0,70068.0,1.3629999,0,0.0,1.0,1.0
10000,1.0,0.1,0.00023135329009951882,0.9210340371976184,0.00025118864315095806,0.9089310799931435,1.0,exponential,855,30792.0,30792.0,1.4791,0,0.0,1.0,1.0
10000,1.0,0.1,0.00023135329009951882,0.9210340371976184,0.00025118864315095806,0.9089310799931435,1.0,exponential,856,15831.0,15831.0,2.0807,0,0.0,1.0,1.0
10000,1.0,0.1,0.00023135329009951882,0.9210340371976184,0.00025118864315095806,0.9089310799931435,1.0,exponential,857,19783.0,19783.0,1.5866,0,0.0,1.0,1.0
10000,1.0,0.1,0.00023135329009951882,0.9210340371976184,0.00025118864315095806,0.9089310799931435,1.0,exponential,858,5696.0,5696.0,1.5365,0,0.0,1.0,1.0
10000,1.0,0.1,0.00023135329009951882,0.9210340371976184,0.00025118864315095806,0.9089310799931435,1.0,exponential,859,41735.0,41735.0,1.7813,0,0.0,1.0,1.0
10000,1.0,0.1,0.00023135329009951882,0.9210340371976184,0.00025118864315095806,0.9089310799931435,1.0,exponential,860,11578.0,11578.0,1.4633,0,0.0,1.0,1.0
10000,1.0,0.1,0.00023135329009951882,0.9210340371976184,0.00025118864315095806,0.9089310799931435,1.0,exponential,861,28059.0,28059.0,1.4922,0,0.0,1.0,1.0
10000,1.0,0.1,0.00023135329009951882,0.9210340371976184,0.00025118864315095806,0.9089310799931435,1.0,exponential,862,40846.0,40846.0,1.1465,0,0.0,1.0,1.0
10000,1.0,0.1,0.00023135329009951882,0.9210340371976184,0.00025118864315095806,0.9089310799931435,1.0,exponential,863,150304.0,150304.0,2.2022,0,0.0,1.0,1.0
10000,1.0,0.1,0.00023135329009951882,0.9210340371976184,0.00025118864315095806,0.9089310799931435,1.0,exponential,864,58556.0,58556.0,1.6753999,0,0.0,1.0,1.0
10000,1.0,0.1,0.00023135329009951882,0.9210340371976184,0.00025118864315095806,0.9089310799931435,1.0,exponential,865,14853.0,14853.0,1.6137999,0,0.0,1.0,1.0
10000,1.0,0.1,0.00023135329009951882,0.9210340371976184,0.00025118864315095806,0.9089310799931435,1.0,exponential,866,12392.0,12392.0,1.4892,0,0.0,1.0,1.0
10000,1.0,0.1,0.00023135329009951882,0.9210340371976184,0.00025118864315095806,0.9089310799931435,1.0,exponential,867,8399.0,8399.0,1.451,0,0.0,1.0,1.0
10000,1.0,0.1,0.00023135329009951882,0.9210340371976184,0.00025118864315095806,0.9089310799931435,1.0,exponential,868,7333.0,7333.0,1.7111,0,0.0,1.0,1.0
10000,1.0,0.1,0.00023135329009951882,0.9210340371976184,0.00025118864315095806,0.9089310799931435,1.0,exponential,869,6112.0,6112.0,1.4288,0,0.0,1.0,1.0
10000,1.0,0.1,0.00023135329009951882,0.9210340371976184,0.00025118864315095806,0.9089310799931435,1.0,exponential,870,63807.0,63807.0,1.4067,0,0.0,1.0,1.0
10000,1.0,0.1,0.00023135329009951882,0.9210340371976184,0.00025118864315095806,0.9089310799931435,1.0,exponential,871,33296.0,33296.0,1.3486999,0,0.0,1.0,1.0
10000,1.0,0.1,0.00023135329009951882,0.9210340371976184,0.00025118864315095806,0.9089310799931435,1.0,exponential,872,35806.0,35806.0,1.8077999,0,0.0,1.0,1.0
10000,1.0,0.1,0.00023135329009951882,0.9210340371976184,0.00025118864315095806,0.9089310799931435,1.0,exponential,873,4890.0,4890.0,1.6472,0,0.0,1.0,1.0
10000,1.0,0.1,0.00023135329009951882,0.9210340371976184,0.00025118864315095806,0.9089310799931435,1.0,exponential,874,28182.0,28182.0,1.7304,0,0.0,1.0,1.0
10000,1.0,0.1,0.00023135329009951882,0.9210340371976184,0.00025118864315095806,0.9089310799931435,1.0,exponential,875,11059.0,11059.0,1.3765,0,0.0,1.0,1.0
10000,1.0,0.1,0.00023135329009951882,0.9210340371976184,0.00025118864315095806,0.9089310799931435,1.0,exponential,876,21195.0,21195.0,2.4464998,0,0.0,1.0,1.0
10000,1.0,0.1,0.00023135329009951882,0.9210340371976184,0.00025118864315095806,0.9089310799931435,1.0,exponential,877,44505.0,44505.0,2.0397,0,0.0,1.0,1.0
10000,1.0,0.1,0.00023135329009951882,0.9210340371976184,0.00025118864315095806,0.9089310799931435,1.0,exponential,878,19924.0,19924.0,1.9015,0,0.0,1.0,1.0
10000,1.0,0.1,0.00023135329009951882,0.9210340371976184,0.00025118864315095806,0.9089310799931435,1.0,exponential,879,20757.0,20757.0,1.4854,0,0.0,1.0,1.0
10000,1.0,0.1,0.00023135329009951882,0.9210340371976184,0.00025118864315095806,0.9089310799931435,1.0,exponential,880,9754.0,9754.0,2.0737,0,0.0,1.0,1.0
10000,1.0,0.1,0.00023135329009951882,0.9210340371976184,0.00025118864315095806,0.9089310799931435,1.0,exponential,881,2145.0,2145.0,1.5524,0,0.0,1.0,1.0
10000,1.0,0.1,0.00023135329009951882,0.9210340371976184,0.00025118864315095806,0.9089310799931435,1.0,exponential,882,74829.0,74829.0,1.8138,0,0.0,1.0,1.0
10000,1.0,0.1,0.00023135329009951882,0.9210340371976184,0.00025118864315095806,0.9089310799931435,1.0,exponential,883,3187.0,3187.0,1.5238,0,0.0,1.0,1.0
10000,1.0,0.1,0.00023135329009951882,0.9210340371976184,0.00025118864315095806,0.9089310799931435,1.0,exponential,884,28363.0,28363.0,2.1303,0,0.0,1.0,1.0
10000,1.0,0.1,0.00023135329009951882,0.9210340371976184,0.00025118864315095806,0.9089310799931435,1.0,exponential,885,16404.0,16404.0,1.8173,0,0.0,1.0,1.0
10000,1.0,0.1,0.00023135329009951882,0.9210340371976184,0.00025118864315095806,0.9089310799931435,1.0,exponential,886,17125.0,17125.0,1.6669999,0,0.0,1.0,1.0
10000,1.0,0.1,0.00023135329009951882,0.9210340371976184,0.00025118864315095806,0.9089310799931435,1.0,exponential,887,4509.0,4509.0,1.8449,0,0.0,1.0,1.0
10000,1.0,0.1,0.00023135329009951882,0.9210340371976184,0.00025118864315095806,0.9089310799931435,1.0,exponential,888,14986.0,14986.0,1.2808,0,0.0,1.0,1.0
10000,1.0,0.1,0.00023135329009951882,0.9210340371976184,0.00025118864315095806,0.9089310799931435,1.0,exponential,889,18392.0,18392.0,1.4046999,0,0.0,1.0,1.0
10000,1.0,0.1,0.00023135329009951882,0.9210340371976184,0.00025118864315095806,0.9089310799931435,1.0,exponential,890,50389.0,50389.0,2.4498,0,0.0,1.0,1.0
10000,1.0,0.1,0.00023135329009951882,0.9210340371976184,0.00025118864315095806,0.9089310799931435,1.0,exponential,891,60417.0,60417.0,1.6084,0,0.0,1.0,1.0
10000,1.0,0.1,0.00023135329009951882,0.9210340371976184,0.00025118864315095806,0.9089310799931435,1.0,exponential,892,48202.0,48202.0,1.2993,0,0.0,1.0,1.0
10000,1.0,0.1,0.00023135329009951882,0.9210340371976184,0.00025118864315095806,0.9089310799931435,1.0,exponential,893,61976.0,61976.0,1.6594,0,0.0,1.0,1.0
10000,1.0,0.1,0.00023135329009951882,0.9210340371976184,0.00025118864315095806,0.9089310799931435,1.0,exponential,894,34670.0,34670.0,1.5041,0,0.0,1.0,1.0
10000,1.0,0.1,0.00023135329009951882,0.9210340371976184,0.00025118864315095806,0.9089310799931435,1.0,exponential,895,7756.0,7756.0,2.1713998,0,0.0,1.0,1.0
10000,1.0,0.1,0.00023135329009951882,0.9210340371976184,0.00025118864315095806,0.9089310799931435,1.0,exponential,896,20251.0,20251.0,1.8284999,0,0.0,1.0,1.0
10000,1.0,0.1,0.00023135329009951882,0.9210340371976184,0.00025118864315095806,0.9089310799931435,1.0,exponential,897,21428.0,21428.0,1.5138999,0,0.0,1.0,1.0
10000,1.0,0.1,0.00023135329009951882,0.9210340371976184,0.00025118864315095806,0.9089310799931435,1.0,exponential,898,5505.0,5505.0,1.6323999,0,0.0,1.0,1.0
10000,1.0,0.1,0.00023135329009951882,0.9210340371976184,0.00025118864315095806,0.9089310799931435,1.0,exponential,899,14032.0,14032.0,1.3086,0,0.0,1.0,1.0
10000,1.0,0.1,0.00023135329009951882,0.9210340371976184,0.00025118864315095806,0.9089310799931435,1.0,exponential,900,2765.0,2765.0,1.9817,0,0.0,1.0,1.0
10000,1.0,0.1,0.00023135329009951882,0.9210340371976184,0.00025118864315095806,0.9089310799931435,1.0,exponential,901,37759.0,37759.0,2.7900999,0,0.0,2.0,2.0
10000,1.0,0.1,0.00023135329009951882,0.9210340371976184,0.00025118864315095806,0.9089310799931435,1.0,exponential,902,11371.0,11371.0,1.4348999,0,0.0,1.0,1.0
10000,1.0,0.1,0.00023135329009951882,0.9210340371976184,0.00025118864315095806,0.9089310799931435,1.0,exponential,903,9202.0,9202.0,1.3828,0,0.0,1.0,1.0
10000,1.0,0.1,0.00023135329009951882,0.9210340371976184,0.00025118864315095806,0.9089310799931435,1.0,exponential,904,4476.0,4476.0,1.5976,0,0.0,1.0,1.0
10000,1.0,0.1,0.00023135329009951882,0.9210340371976184,0.00025118864315095806,0.9089310799931435,1.0,exponential,905,13956.0,13956.0,1.903,0,0.0,1.0,1.0
10000,1.0,0.1,0.00023135329009951882,0.9210340371976184,0.00025118864315095806,0.9089310799931435,1.0,exponential,906,3785.0,3785.0,1.2966,0,0.0,1.0,1.0
10000,1.0,0.1,0.00023135329009951882,0.9210340371976184,0.00025118864315095806,0.9089310799931435,1.0,exponential,907,5902.0,5902.0,1.7706,0,0.0,1.0,1.0
10000,1.0,0.1,0.00023135329009951882,0.9210340371976184,0.00025118864315095806,0.9089310799931435,1.0,exponential,908,10586.0,10586.0,1.9842999,0,0.0,1.0,1.0
10000,1.0,0.1,0.00023135329009951882,0.9210340371976184,0.00025118864315095806,0.9089310799931435,1.0,exponential,909,14844.0,14844.0,1.0797,0,0.0,1.0,1.0
10000,1.0,0.1,0.00023135329009951882,0.9210340371976184,0.00025118864315095806,0.9089310799931435,1.0,exponential,910,9257.0,9257.0,1.3951,0,0.0,1.0,1.0
10000,1.0,0.1,0.00023135329009951882,0.9210340371976184,0.00025118864315095806,0.9089310799931435,1.0,exponential,911,12647.0,12647.0,1.3195,0,0.0,1.0,1.0
10000,1.0,0.1,0.00023135329009951882,0.9210340371976184,0.00025118864315095806,0.9089310799931435,1.0,exponential,912,13541.0,13541.0,1.3893,0,0.0,1.0,1.0
10000,1.0,0.1,0.00023135329009951882,0.9210340371976184,0.00025118864315095806,0.9089310799931435,1.0,exponential,913,2928.0,2928.0,1.4401,0,0.0,1.0,1.0
10000,1.0,0.1,0.00023135329009951882,0.9210340371976184,0.00025118864315095806,0.9089310799931435,1.0,exponential,914,52924.0,52924.0,1.7449,0,0.0,1.0,1.0
10000,1.0,0.1,0.00023135329009951882,0.9210340371976184,0.00025118864315095806,0.9089310799931435,1.0,exponential,915,10079.0,10079.0,1.4534999,0,0.0,1.0,1.0
10000,1.0,0.1,0.00023135329009951882,0.9210340371976184,0.00025118864315095806,0.9089310799931435,1.0,exponential,916,4145.0,4145.0,1.8583,0,0.0,1.0,1.0
10000,1.0,0.1,0.00023135329009951882,0.9210340371976184,0.00025118864315095806,0.9089310799931435,1.0,exponential,917,77377.0,77377.0,1.3649,0,0.0,1.0,1.0
10000,1.0,0.1,0.00023135329009951882,0.9210340371976184,0.00025118864315095806,0.9089310799931435,1.0,exponential,918,21320.0,21320.0,1.2714,0,0.0,1.0,1.0
10000,1.0,0.1,0.00023135329009951882,0.9210340371976184,0.00025118864315095806,0.9089310799931435,1.0,exponential,919,43903.0,43903.0,1.1985999,0,0.0,1.0,1.0
10000,1.0,0.1,0.00023135329009951882,0.9210340371976184,0.00025118864315095806,0.9089310799931435,1.0,exponential,920,14524.0,14524.0,2.003,0,0.0,1.0,1.0
10000,1.0,0.1,0.00023135329009951882,0.9210340371976184,0.00025118864315095806,0.9089310799931435,1.0,exponential,921,14751.0,14751.0,1.5732,0,0.0,1.0,1.0
10000,1.0,0.1,0.00023135329009951882,0.9210340371976184,0.00025118864315095806,0.9089310799931435,1.0,exponential,922,59353.0,59353.0,1.4090999,0,0.0,1.0,1.0
10000,1.0,0.1,0.00023135329009951882,0.9210340371976184,0.00025118864315095806,0.9089310799931435,1.0,exponential,923,4948.0,4948.0,1.2515,0,0.0,1.0,1.0
10000,1.0,0.1,0.00023135329009951882,0.9210340371976184,0.00025118864315095806,0.9089310799931435,1.0,exponential,924,18308.0,18308.0,1.354,0,0.0,1.0,1.0
10000,1.0,0.1,0.00023135329009951882,0.9210340371976184,0.00025118864315095806,0.9089310799931435,1.0,exponential,925,13759.0,13759.0,1.5004,0,0.0,1.0,1.0
10000,1.0,0.1,0.00023135329009951882,0.9210340371976184,0.00025118864315095806,0.9089310799931435,1.0,exponential,926,19770.0,19770.0,1.5519999,0,0.0,1.0,1.0
10000,1.0,0.1,0.00023135329009951882,0.9210340371976184,0.00025118864315095806,0.9089310799931435,1.0,exponential,927,23396.0,23396.0,1.5436,0,0.0,1.0,1.0
10000,1.0,0.1,0.00023135329009951882,0.9210340371976184,0.00025118864315095806,0.9089310799931435,1.0,exponential,928,28897.0,28897.0,1.5611,0,0.0,1.0,1.0
10000,1.0,0.1,0.00023135329009951882,0.9210340371976184,0.00025118864315095806,0.9089310799931435,1.0,exponential,929,45149.0,45149.0,2.2078,0,0.0,1.0,1.0
10000,1.0,0.1,0.00023135329009951882,0.9210340371976184,0.00025118864315095806,0.9089310799931435,1.0,exponential,930,20091.0,20091.0,1.3859999,0,0.0,1.0,1.0
10000,1.0,0.1,0.00023135329009951882,0.9210340371976184,0.00025118864315095806,0.9089310799931435,1.0,exponential,931,6306.0,6306.0,1.9894999,0,0.0,1.0,1.0
10000,1.0,0.1,0.00023135329009951882,0.9210340371976184,0.00025118864315095806,0.9089310799931435,1.0,exponential,932,14089.0,14089.0,1.5265,0,0.0,1.0,1.0
10000,1.0,0.1,0.00023135329009951882,0.9210340371976184,0.00025118864315095806,0.9089310799931435,1.0,exponential,933,15153.0,15153.0,1.9122,0,0.0,1.0,1.0
10000,1.0,0.1,0.00023135329009951882,0.9210340371976184,0.00025118864315095806,0.9089310799931435,1.0,exponential,934,3363.0,3363.0,2.1759,0,0.0,1.0,1.0
10000,1.0,0.1,0.00023135329009951882,0.9210340371976184,0.00025118864315095806,0.9089310799931435,1.0,exponential,935,11207.0,11207.0,2.0609,0,0.0,1.0,1.0
10000,1.0,0.1,0.00023135329009951882,0.9210340371976184,0.00025118864315095806,0.9089310799931435,1.0,exponential,936,16224.0,16224.0,1.3428,0,0.0,1.0,1.0
10000,1.0,0.1,0.00023135329009951882,0.9210340371976184,0.00025118864315095806,0.9089310799931435,1.0,exponential,937,4713.0,4713.0,1.5529,0,0.0,1.0,1.0
10000,1.0,0.1,0.00023135329009951882,0.9210340371976184,0.00025118864315095806,0.9089310799931435,1.0,exponential,938,9185.0,9185.0,1.5361999,0,0.0,1.0,1.0
10000,1.0,0.1,0.00023135329009951882,0.9210340371976184,0.00025118864315095806,0.9089310799931435,1.0,exponential,939,24941.0,24941.0,1.6446999,0,0.0,1.0,1.0
10000,1.0,0.1,0.00023135329009951882,0.9210340371976184,0.00025118864315095806,0.9089310799931435,1.0,exponential,940,48203.0,48203.0,1.7973,0,0.0,1.0,1.0
10000,1.0,0.1,0.00023135329009951882,0.9210340371976184,0.00025118864315095806,0.9089310799931435,1.0,exponential,941,13938.0,13938.0,1.5102999,0,0.0,1.0,1.0
10000,1.0,0.1,0.00023135329009951882,0.9210340371976184,0.00025118864315095806,0.9089310799931435,1.0,exponential,942,8033.0,8033.0,1.2499,0,0.0,1.0,1.0
10000,1.0,0.1,0.00023135329009951882,0.9210340371976184,0.00025118864315095806,0.9089310799931435,1.0,exponential,943,31378.0,31378.0,1.352,0,0.0,1.0,1.0
10000,1.0,0.1,0.00023135329009951882,0.9210340371976184,0.00025118864315095806,0.9089310799931435,1.0,exponential,944,14472.0,14472.0,1.5137,0,0.0,1.0,1.0
10000,1.0,0.1,0.00023135329009951882,0.9210340371976184,0.00025118864315095806,0.9089310799931435,1.0,exponential,945,18146.0,18146.0,1.2544999,0,0.0,1.0,1.0
10000,1.0,0.1,0.00023135329009951882,0.9210340371976184,0.00025118864315095806,0.9089310799931435,1.0,exponential,946,55547.0,55547.0,1.5509,0,0.0,1.0,1.0
10000,1.0,0.1,0.00023135329009951882,0.9210340371976184,0.00025118864315095806,0.9089310799931435,1.0,exponential,947,20118.0,20118.0,1.4092,0,0.0,1.0,1.0
10000,1.0,0.1,0.00023135329009951882,0.9210340371976184,0.00025118864315095806,0.9089310799931435,1.0,exponential,948,51655.0,51655.0,1.4301,0,0.0,1.0,1.0
10000,1.0,0.1,0.00023135329009951882,0.9210340371976184,0.00025118864315095806,0.9089310799931435,1.0,exponential,949,39682.0,39682.0,1.6603,0,0.0,1.0,1.0
10000,1.0,0.1,0.00023135329009951882,0.9210340371976184,0.00025118864315095806,0.9089310799931435,1.0,exponential,950,23779.0,23779.0,1.5022,0,0.0,1.0,1.0
10000,1.0,0.1,0.00023135329009951882,0.9210340371976184,0.00025118864315095806,0.9089310799931435,1.0,exponential,951,16759.0,16759.0,2.315,0,0.0,1.0,1.0
10000,1.0,0.1,0.00023135329009951882,0.9210340371976184,0.00025118864315095806,0.9089310799931435,1.0,exponential,952,6256.0,6256.0,2.1863,0,0.0,1.0,1.0
10000,1.0,0.1,0.00023135329009951882,0.9210340371976184,0.00025118864315095806,0.9089310799931435,1.0,exponential,953,15872.0,15872.0,1.4896,0,0.0,1.0,1.0
10000,1.0,0.1,0.00023135329009951882,0.9210340371976184,0.00025118864315095806,0.9089310799931435,1.0,exponential,954,3070.0,3070.0,1.3718,0,0.0,1.0,1.0
10000,1.0,0.1,0.00023135329009951882,0.9210340371976184,0.00025118864315095806,0.9089310799931435,1.0,exponential,955,24248.0,24248.0,1.961,0,0.0,1.0,1.0
10000,1.0,0.1,0.00023135329009951882,0.9210340371976184,0.00025118864315095806,0.9089310799931435,1.0,exponential,956,2873.0,2873.0,1.3695999,0,0.0,1.0,1.0
10000,1.0,0.1,0.00023135329009951882,0.9210340371976184,0.00025118864315095806,0.9089310799931435,1.0,exponential,957,25786.0,25786.0,1.457,0,0.0,1.0,1.0
10000,1.0,0.1,0.00023135329009951882,0.9210340371976184,0.00025118864315095806,0.9089310799931435,1.0,exponential,958,5214.0,5214.0,1.1529,0,0.0,1.0,1.0
10000,1.0,0.1,0.00023135329009951882,0.9210340371976184,0.00025118864315095806,0.9089310799931435,1.0,exponential,959,9736.0,9736.0,1.2169,0,0.0,1.0,1.0
10000,1.0,0.1,0.00023135329009951882,0.9210340371976184,0.00025118864315095806,0.9089310799931435,1.0,exponential,960,35132.0,35132.0,1.9583999,0,0.0,1.0,1.0
10000,1.0,0.1,0.00023135329009951882,0.9210340371976184,0.00025118864315095806,0.9089310799931435,1.0,exponential,961,82498.0,82498.0,2.0297,0,0.0,1.0,1.0
10000,1.0,0.1,0.00023135329009951882,0.9210340371976184,0.00025118864315095806,0.9089310799931435,1.0,exponential,962,17988.0,17988.0,1.361,0,0.0,1.0,1.0
10000,1.0,0.1,0.00023135329009951882,0.9210340371976184,0.00025118864315095806,0.9089310799931435,1.0,exponential,963,47258.0,47258.0,1.7034,0,0.0,1.0,1.0
10000,1.0,0.1,0.00023135329009951882,0.9210340371976184,0.00025118864315095806,0.9089310799931435,1.0,exponential,964,59077.0,59077.0,1.2961,0,0.0,1.0,1.0
10000,1.0,0.1,0.00023135329009951882,0.9210340371976184,0.00025118864315095806,0.9089310799931435,1.0,exponential,965,51909.0,51909.0,1.7297,0,0.0,1.0,1.0
10000,1.0,0.1,0.00023135329009951882,0.9210340371976184,0.00025118864315095806,0.9089310799931435,1.0,exponential,966,19575.0,19575.0,1.8528999,0,0.0,1.0,1.0
10000,1.0,0.1,0.00023135329009951882,0.9210340371976184,0.00025118864315095806,0.9089310799931435,1.0,exponential,967,16239.0,16239.0,2.2149,0,0.0,1.0,1.0
10000,1.0,0.1,0.00023135329009951882,0.9210340371976184,0.00025118864315095806,0.9089310799931435,1.0,exponential,968,12371.0,12371.0,1.8194,0,0.0,1.0,1.0
10000,1.0,0.1,0.00023135329009951882,0.9210340371976184,0.00025118864315095806,0.9089310799931435,1.0,exponential,969,69015.0,69015.0,1.2061,0,0.0,1.0,1.0
10000,1.0,0.1,0.00023135329009951882,0.9210340371976184,0.00025118864315095806,0.9089310799931435,1.0,exponential,970,72868.0,72868.0,1.1923,0,0.0,1.0,1.0
10000,1.0,0.1,0.00023135329009951882,0.9210340371976184,0.00025118864315095806,0.9089310799931435,1.0,exponential,971,19730.0,19730.0,1.6334,0,0.0,1.0,1.0
10000,1.0,0.1,0.00023135329009951882,0.9210340371976184,0.00025118864315095806,0.9089310799931435,1.0,exponential,972,35832.0,35832.0,1.7593,0,0.0,1.0,1.0
10000,1.0,0.1,0.00023135329009951882,0.9210340371976184,0.00025118864315095806,0.9089310799931435,1.0,exponential,973,12733.0,12733.0,1.5101,0,0.0,1.0,1.0
10000,1.0,0.1,0.00023135329009951882,0.9210340371976184,0.00025118864315095806,0.9089310799931435,1.0,exponential,974,38249.0,38249.0,1.9796,0,0.0,1.0,1.0
10000,1.0,0.1,0.00023135329009951882,0.9210340371976184,0.00025118864315095806,0.9089310799931435,1.0,exponential,975,19137.0,19137.0,2.345,0,0.0,1.0,1.0
10000,1.0,0.1,0.00023135329009951882,0.9210340371976184,0.00025118864315095806,0.9089310799931435,1.0,exponential,976,8457.0,8457.0,1.4832,0,0.0,1.0,1.0
10000,1.0,0.1,0.00023135329009951882,0.9210340371976184,0.00025118864315095806,0.9089310799931435,1.0,exponential,977,38415.0,38415.0,1.1266,0,0.0,1.0,1.0
10000,1.0,0.1,0.00023135329009951882,0.9210340371976184,0.00025118864315095806,0.9089310799931435,1.0,exponential,978,17402.0,17402.0,1.7222999,0,0.0,1.0,1.0
10000,1.0,0.1,0.00023135329009951882,0.9210340371976184,0.00025118864315095806,0.9089310799931435,1.0,exponential,979,5489.0,5489.0,1.6613,0,0.0,1.0,1.0
10000,1.0,0.1,0.00023135329009951882,0.9210340371976184,0.00025118864315095806,0.9089310799931435,1.0,exponential,980,16383.0,16383.0,1.5718,0,0.0,1.0,1.0
10000,1.0,0.1,0.00023135329009951882,0.9210340371976184,0.00025118864315095806,0.9089310799931435,1.0,exponential,981,24131.0,24131.0,1.3661,0,0.0,1.0,1.0
10000,1.0,0.1,0.00023135329009951882,0.9210340371976184,0.00025118864315095806,0.9089310799931435,1.0,exponential,982,77211.0,77211.0,1.7908,0,0.0,1.0,1.0
10000,1.0,0.1,0.00023135329009951882,0.9210340371976184,0.00025118864315095806,0.9089310799931435,1.0,exponential,983,32416.0,32416.0,1.6623,0,0.0,1.0,1.0
10000,1.0,0.1,0.00023135329009951882,0.9210340371976184,0.00025118864315095806,0.9089310799931435,1.0,exponential,984,29422.0,29422.0,1.2233,0,0.0,1.0,1.0
10000,1.0,0.1,0.00023135329009951882,0.9210340371976184,0.00025118864315095806,0.9089310799931435,1.0,exponential,985,11339.0,11339.0,1.703,0,0.0,1.0,1.0
10000,1.0,0.1,0.00023135329009951882,0.9210340371976184,0.00025118864315095806,0.9089310799931435,1.0,exponential,986,40606.0,40606.0,1.7082,0,0.0,1.0,1.0
10000,1.0,0.1,0.00023135329009951882,0.9210340371976184,0.00025118864315095806,0.9089310799931435,1.0,exponential,987,19229.0,19229.0,2.0149999,0,0.0,1.0,1.0
10000,1.0,0.1,0.00023135329009951882,0.9210340371976184,0.00025118864315095806,0.9089310799931435,1.0,exponential,988,47375.0,47375.0,2.3386,0,0.0,1.0,1.0
10000,1.0,0.1,0.00023135329009951882,0.9210340371976184,0.00025118864315095806,0.9089310799931435,1.0,exponential,989,9659.0,9659.0,1.828,0,0.0,1.0,1.0
10000,1.0,0.1,0.00023135329009951882,0.9210340371976184,0.00025118864315095806,0.9089310799931435,1.0,exponential,990,14298.0,14298.0,2.2458,0,0.0,1.0,1.0
10000,1.0,0.1,0.00023135329009951882,0.9210340371976184,0.00025118864315095806,0.9089310799931435,1.0,exponential,991,39479.0,39479.0,1.2066,0,0.0,1.0,1.0
10000,1.0,0.1,0.00023135329009951882,0.9210340371976184,0.00025118864315095806,0.9089310799931435,1.0,exponential,992,1292.0,1292.0,1.9418999,0,0.0,1.0,1.0
10000,1.0,0.1,0.00023135329009951882,0.9210340371976184,0.00025118864315095806,0.9089310799931435,1.0,exponential,993,75091.0,75091.0,1.6335,0,0.0,1.0,1.0
10000,1.0,0.1,0.00023135329009951882,0.9210340371976184,0.00025118864315095806,0.9089310799931435,1.0,exponential,994,26385.0,26385.0,1.7811999,0,0.0,1.0,1.0
10000,1.0,0.1,0.00023135329009951882,0.9210340371976184,0.00025118864315095806,0.9089310799931435,1.0,exponential,995,17932.0,17932.0,1.8072,0,0.0,1.0,1.0
10000,1.0,0.1,0.00023135329009951882,0.9210340371976184,0.00025118864315095806,0.9089310799931435,1.0,exponential,996,3948.0,3948.0,1.9576999,0,0.0,1.0,1.0
10000,1.0,0.1,0.00023135329009951882,0.9210340371976184,0.00025118864315095806,0.9089310799931435,1.0,exponential,997,6878.0,6878.0,1.4654,0,0.0,1.0,1.0
10000,1.0,0.1,0.00023135329009951882,0.9210340371976184,0.00025118864315095806,0.9089310799931435,1.0,exponential,998,32242.0,32242.0,1.5927,0,0.0,1.0,1.0
10000,1.0,0.1,0.00023135329009951882,0.9210340371976184,0.00025118864315095806,0.9089310799931435,1.0,exponential,999,25387.0,25387.0,1.7680999,0,0.0,1.0,1.0
