N,psi,delta,lambda,theta,alpha,effective_beta,psi_check,selection_mode,path_index,t_0,first_loss_time,kappa_1_at_t0,X0_count_at_stop,X_0_at_stop,leading_zero_count_at_t0,first_nonzero_class_at_t0
10000,1.0,0.3,0.004379221726738444,2.763102111592855,0.0015848931924611136,0.5896507663132279,1.0,exponential,0,2305.0,2305.0,3.29,0,0.0,1.0,1.0
10000,1.0,0.3,0.004379221726738444,2.763102111592855,0.0015848931924611136,0.5896507663132279,1.0,exponential,1,1201.0,1201.0,4.2893,0,0.0,1.0,1.0
10000,1.0,0.3,0.004379221726738444,2.763102111592855,0.0015848931924611136,0.5896507663132279,1.0,exponential,2,489.0,489.0,3.1754,0,0.0,1.0,1.0
10000,1.0,0.3,0.004379221726738444,2.763102111592855,0.0015848931924611136,0.5896507663132279,1.0,exponential,3,931.0,931.0,3.1481,0,0.0,1.0,1.0
10000,1.0,0.3,0.004379221726738444,2.763102111592855,0.0015848931924611136,0.5896507663132279,1.0,exponential,4,1481.0,1481.0,3.3155,0,0.0,1.0,1.0
10000,1.0,0.3,0.004379221726738444,2.763102111592855,0.0015848931924611136,0.5896507663132279,1.0,exponential,5,1840.0,1840.0,3.6269,0,0.0,1.0,1.0
10000,1.0,0.3,0.004379221726738444,2.763102111592855,0.0015848931924611136,0.5896507663132279,1.0,exponential,6,826.0,826.0,3.2779,0,0.0,1.0,1.0
10000,1.0,0.3,0.004379221726738444,2.763102111592855,0.0015848931924611136,0.5896507663132279,1.0,exponential,7,5130.0,5130.0,3.5932,0,0.0,1.0,1.0
10000,1.0,0.3,0.004379221726738444,2.763102111592855,0.0015848931924611136,0.5896507663132279,1.0,exponential,8,444.0,444.0,3.1467,0,0.0,1.0,1.0
10000,1.0,0.3,0.004379221726738444,2.763102111592855,0.0015848931924611136,0.5896507663132279,1.0,exponential,9,1776.0,1776.0,3.5956,0,0.0,1.0,1.0
10000,1.0,0.3,0.004379221726738444,2.763102111592855,0.0015848931924611136,0.5896507663132279,1.0,exponential,10,2530.0,2530.0,3.9919999,0,0.0,1.0,1.0
10000,1.0,0.3,0.004379221726738444,2.763102111592855,0.0015848931924611136,0.5896507663132279,1.0,exponential,11,2519.0,2519.0,3.2099998,0,0.0,1.0,1.0
10000,1.0,0.3,0.004379221726738444,2.763102111592855,0.0015848931924611136,0.5896507663132279,1.0,exponential,12,774.0,774.0,3.6018999,0,0.0,1.0,1.0
10000,1.0,0.3,0.004379221726738444,2.763102111592855,0.0015848931924611136,0.5896507663132279,1.0,exponential,13,346.0,346.0,3.6401,0,0.0,1.0,1.0
10000,1.0,0.3,0.004379221726738444,2.763102111592855,0.0015848931924611136,0.5896507663132279,1.0,exponential,14,1619.0,1619.0,3.5923998,0,0.0,1.0,1.0
10000,1.0,0.3,0.004379221726738444,2.763102111592855,0.0015848931924611136,0.5896507663132279,1.0,exponential,15,1038.0,1038.0,3.6473,0,0.0,1.0,1.0
10000,1.0,0.3,0.004379221726738444,2.763102111592855,0.0015848931924611136,0.5896507663132279,1.0,exponential,16,3024.0,3024.0,2.8081,0,0.0,1.0,1.0
10000,1.0,0.3,0.004379221726738444,2.763102111592855,0.0015848931924611136,0.5896507663132279,1.0,exponential,17,920.0,920.0,2.8697,0,0.0,1.0,1.0
10000,1.0,0.3,0.004379221726738444,2.763102111592855,0.0015848931924611136,0.5896507663132279,1.0,exponential,18,1713.0,1713.0,2.9383,0,0.0,1.0,1.0
10000,1.0,0.3,0.004379221726738444,2.763102111592855,0.0015848931924611136,0.5896507663132279,1.0,exponential,19,4236.0,4236.0,3.1092,0,0.0,1.0,1.0
10000,1.0,0.3,0.004379221726738444,2.763102111592855,0.0015848931924611136,0.5896507663132279,1.0,exponential,20,577.0,577.0,2.7087998,0,0.0,1.0,1.0
10000,1.0,0.3,0.004379221726738444,2.763102111592855,0.0015848931924611136,0.5896507663132279,1.0,exponential,21,1638.0,1638.0,3.8599,0,0.0,1.0,1.0
10000,1.0,0.3,0.004379221726738444,2.763102111592855,0.0015848931924611136,0.5896507663132279,1.0,exponential,22,555.0,555.0,2.812,0,0.0,1.0,1.0
10000,1.0,0.3,0.004379221726738444,2.763102111592855,0.0015848931924611136,0.5896507663132279,1.0,exponential,23,5255.0,5255.0,3.3265998,0,0.0,1.0,1.0
10000,1.0,0.3,0.004379221726738444,2.763102111592855,0.0015848931924611136,0.5896507663132279,1.0,exponential,24,949.0,949.0,2.9278998,0,0.0,1.0,1.0
10000,1.0,0.3,0.004379221726738444,2.763102111592855,0.0015848931924611136,0.5896507663132279,1.0,exponential,25,1959.0,1959.0,3.5540998,0,0.0,1.0,1.0
10000,1.0,0.3,0.004379221726738444,2.763102111592855,0.0015848931924611136,0.5896507663132279,1.0,exponential,26,8932.0,8932.0,3.1158,0,0.0,1.0,1.0
10000,1.0,0.3,0.004379221726738444,2.763102111592855,0.0015848931924611136,0.5896507663132279,1.0,exponential,27,372.0,372.0,3.0728,0,0.0,1.0,1.0
10000,1.0,0.3,0.004379221726738444,2.763102111592855,0.0015848931924611136,0.5896507663132279,1.0,exponential,28,6367.0,6367.0,3.3299,0,0.0,1.0,1.0
10000,1.0,0.3,0.004379221726738444,2.763102111592855,0.0015848931924611136,0.5896507663132279,1.0,exponential,29,1573.0,1573.0,3.0832,0,0.0,1.0,1.0
10000,1.0,0.3,0.004379221726738444,2.763102111592855,0.0015848931924611136,0.5896507663132279,1.0,exponential,30,2503.0,2503.0,3.8525,0,0.0,1.0,1.0
10000,1.0,0.3,0.004379221726738444,2.763102111592855,0.0015848931924611136,0.5896507663132279,1.0,exponential,31,11072.0,11072.0,2.908,0,0.0,1.0,1.0
10000,1.0,0.3,0.004379221726738444,2.763102111592855,0.0015848931924611136,0.5896507663132279,1.0,exponential,32,1377.0,1377.0,3.1625,0,0.0,1.0,1.0
10000,1.0,0.3,0.004379221726738444,2.763102111592855,0.0015848931924611136,0.5896507663132279,1.0,exponential,33,2093.0,2093.0,4.0187,0,0.0,2.0,2.0
10000,1.0,0.3,0.004379221726738444,2.763102111592855,0.0015848931924611136,0.5896507663132279,1.0,exponential,34,801.0,801.0,2.5742,0,0.0,1.0,1.0
10000,1.0,0.3,0.004379221726738444,2.763102111592855,0.0015848931924611136,0.5896507663132279,1.0,exponential,35,202.0,202.0,3.0695,0,0.0,1.0,1.0
10000,1.0,0.3,0.004379221726738444,2.763102111592855,0.0015848931924611136,0.5896507663132279,1.0,exponential,36,1396.0,1396.0,2.8149,0,0.0,1.0,1.0
10000,1.0,0.3,0.004379221726738444,2.763102111592855,0.0015848931924611136,0.5896507663132279,1.0,exponential,37,1042.0,1042.0,2.8264,0,0.0,1.0,1.0
10000,1.0,0.3,0.004379221726738444,2.763102111592855,0.0015848931924611136,0.5896507663132279,1.0,exponential,38,1807.0,1807.0,3.3857,0,0.0,1.0,1.0
10000,1.0,0.3,0.004379221726738444,2.763102111592855,0.0015848931924611136,0.5896507663132279,1.0,exponential,39,4719.0,4719.0,3.3723998,0,0.0,1.0,1.0
10000,1.0,0.3,0.004379221726738444,2.763102111592855,0.0015848931924611136,0.5896507663132279,1.0,exponential,40,2035.0,2035.0,3.6625998,0,0.0,1.0,1.0
10000,1.0,0.3,0.004379221726738444,2.763102111592855,0.0015848931924611136,0.5896507663132279,1.0,exponential,41,5815.0,5815.0,2.9794998,0,0.0,1.0,1.0
10000,1.0,0.3,0.004379221726738444,2.763102111592855,0.0015848931924611136,0.5896507663132279,1.0,exponential,42,483.0,483.0,2.9607,0,0.0,1.0,1.0
10000,1.0,0.3,0.004379221726738444,2.763102111592855,0.0015848931924611136,0.5896507663132279,1.0,exponential,43,4348.0,4348.0,3.5238998,0,0.0,1.0,1.0
10000,1.0,0.3,0.004379221726738444,2.763102111592855,0.0015848931924611136,0.5896507663132279,1.0,exponential,44,7621.0,7621.0,3.3809998,0,0.0,1.0,1.0
10000,1.0,0.3,0.004379221726738444,2.763102111592855,0.0015848931924611136,0.5896507663132279,1.0,exponential,45,1052.0,1052.0,3.1125998,0,0.0,1.0,1.0
10000,1.0,0.3,0.004379221726738444,2.763102111592855,0.0015848931924611136,0.5896507663132279,1.0,exponential,46,1030.0,1030.0,3.3165,0,0.0,1.0,1.0
10000,1.0,0.3,0.004379221726738444,2.763102111592855,0.0015848931924611136,0.5896507663132279,1.0,exponential,47,1875.0,1875.0,3.5440998,0,0.0,1.0,1.0
10000,1.0,0.3,0.004379221726738444,2.763102111592855,0.0015848931924611136,0.5896507663132279,1.0,exponential,48,1729.0,1729.0,3.2535,0,0.0,1.0,1.0
10000,1.0,0.3,0.004379221726738444,2.763102111592855,0.0015848931924611136,0.5896507663132279,1.0,exponential,49,2740.0,2740.0,2.7970998,0,0.0,1.0,1.0
10000,1.0,0.3,0.004379221726738444,2.763102111592855,0.0015848931924611136,0.5896507663132279,1.0,exponential,50,7145.0,7145.0,2.8163998,0,0.0,1.0,1.0
10000,1.0,0.3,0.004379221726738444,2.763102111592855,0.0015848931924611136,0.5896507663132279,1.0,exponential,51,1947.0,1947.0,2.7152,0,0.0,1.0,1.0
10000,1.0,0.3,0.004379221726738444,2.763102111592855,0.0015848931924611136,0.5896507663132279,1.0,exponential,52,6866.0,6866.0,3.4856,0,0.0,1.0,1.0
10000,1.0,0.3,0.004379221726738444,2.763102111592855,0.0015848931924611136,0.5896507663132279,1.0,exponential,53,292.0,292.0,3.0186,0,0.0,1.0,1.0
10000,1.0,0.3,0.004379221726738444,2.763102111592855,0.0015848931924611136,0.5896507663132279,1.0,exponential,54,1691.0,1691.0,3.1443,0,0.0,1.0,1.0
10000,1.0,0.3,0.004379221726738444,2.763102111592855,0.0015848931924611136,0.5896507663132279,1.0,exponential,55,2438.0,2438.0,3.4764998,0,0.0,1.0,1.0
10000,1.0,0.3,0.004379221726738444,2.763102111592855,0.0015848931924611136,0.5896507663132279,1.0,exponential,56,1045.0,1045.0,2.9575999,0,0.0,1.0,1.0
10000,1.0,0.3,0.004379221726738444,2.763102111592855,0.0015848931924611136,0.5896507663132279,1.0,exponential,57,511.0,511.0,3.5112,0,0.0,1.0,1.0
10000,1.0,0.3,0.004379221726738444,2.763102111592855,0.0015848931924611136,0.5896507663132279,1.0,exponential,58,648.0,648.0,3.3776,0,0.0,1.0,1.0
10000,1.0,0.3,0.004379221726738444,2.763102111592855,0.0015848931924611136,0.5896507663132279,1.0,exponential,59,483.0,483.0,3.237,0,0.0,1.0,1.0
10000,1.0,0.3,0.004379221726738444,2.763102111592855,0.0015848931924611136,0.5896507663132279,1.0,exponential,60,1245.0,1245.0,2.9594998,0,0.0,1.0,1.0
10000,1.0,0.3,0.004379221726738444,2.763102111592855,0.0015848931924611136,0.5896507663132279,1.0,exponential,61,653.0,653.0,3.4933999,0,0.0,1.0,1.0
10000,1.0,0.3,0.004379221726738444,2.763102111592855,0.0015848931924611136,0.5896507663132279,1.0,exponential,62,7214.0,7214.0,3.3641,0,0.0,1.0,1.0
10000,1.0,0.3,0.004379221726738444,2.763102111592855,0.0015848931924611136,0.5896507663132279,1.0,exponential,63,2023.0,2023.0,3.2519,0,0.0,1.0,1.0
10000,1.0,0.3,0.004379221726738444,2.763102111592855,0.0015848931924611136,0.5896507663132279,1.0,exponential,64,3798.0,3798.0,2.977,0,0.0,1.0,1.0
10000,1.0,0.3,0.004379221726738444,2.763102111592855,0.0015848931924611136,0.5896507663132279,1.0,exponential,65,3157.0,3157.0,3.0756998,0,0.0,1.0,1.0
10000,1.0,0.3,0.004379221726738444,2.763102111592855,0.0015848931924611136,0.5896507663132279,1.0,exponential,66,5167.0,5167.0,2.954,0,0.0,1.0,1.0
10000,1.0,0.3,0.004379221726738444,2.763102111592855,0.0015848931924611136,0.5896507663132279,1.0,exponential,67,2658.0,2658.0,3.1325998,0,0.0,1.0,1.0
10000,1.0,0.3,0.004379221726738444,2.763102111592855,0.0015848931924611136,0.5896507663132279,1.0,exponential,68,775.0,775.0,3.4873,0,0.0,1.0,1.0
10000,1.0,0.3,0.004379221726738444,2.763102111592855,0.0015848931924611136,0.5896507663132279,1.0,exponential,69,279.0,279.0,3.4106,0,0.0,1.0,1.0
10000,1.0,0.3,0.004379221726738444,2.763102111592855,0.0015848931924611136,0.5896507663132279,1.0,exponential,70,1390.0,1390.0,2.6883,0,0.0,1.0,1.0
10000,1.0,0.3,0.004379221726738444,2.763102111592855,0.0015848931924611136,0.5896507663132279,1.0,exponential,71,3274.0,3274.0,3.1934998,0,0.0,1.0,1.0
10000,1.0,0.3,0.004379221726738444,2.763102111592855,0.0015848931924611136,0.5896507663132279,1.0,exponential,72,2324.0,2324.0,3.133,0,0.0,1.0,1.0
10000,1.0,0.3,0.004379221726738444,2.763102111592855,0.0015848931924611136,0.5896507663132279,1.0,exponential,73,350.0,350.0,3.2512,0,0.0,1.0,1.0
10000,1.0,0.3,0.004379221726738444,2.763102111592855,0.0015848931924611136,0.5896507663132279,1.0,exponential,74,3863.0,3863.0,2.2439,0,0.0,1.0,1.0
10000,1.0,0.3,0.004379221726738444,2.763102111592855,0.0015848931924611136,0.5896507663132279,1.0,exponential,75,1378.0,1378.0,3.5351999,0,0.0,1.0,1.0
10000,1.0,0.3,0.004379221726738444,2.763102111592855,0.0015848931924611136,0.5896507663132279,1.0,exponential,76,749.0,749.0,3.1172,0,0.0,1.0,1.0
10000,1.0,0.3,0.004379221726738444,2.763102111592855,0.0015848931924611136,0.5896507663132279,1.0,exponential,77,979.0,979.0,2.7754,0,0.0,1.0,1.0
10000,1.0,0.3,0.004379221726738444,2.763102111592855,0.0015848931924611136,0.5896507663132279,1.0,exponential,78,583.0,583.0,3.3632,0,0.0,1.0,1.0
10000,1.0,0.3,0.004379221726738444,2.763102111592855,0.0015848931924611136,0.5896507663132279,1.0,exponential,79,987.0,987.0,3.2812,0,0.0,1.0,1.0
10000,1.0,0.3,0.004379221726738444,2.763102111592855,0.0015848931924611136,0.5896507663132279,1.0,exponential,80,7316.0,7316.0,3.0383,0,0.0,1.0,1.0
10000,1.0,0.3,0.004379221726738444,2.763102111592855,0.0015848931924611136,0.5896507663132279,1.0,exponential,81,2538.0,2538.0,3.9304998,0,0.0,1.0,1.0
10000,1.0,0.3,0.004379221726738444,2.763102111592855,0.0015848931924611136,0.5896507663132279,1.0,exponential,82,3370.0,3370.0,3.3581,0,0.0,1.0,1.0
10000,1.0,0.3,0.004379221726738444,2.763102111592855,0.0015848931924611136,0.5896507663132279,1.0,exponential,83,744.0,744.0,3.5493,0,0.0,1.0,1.0
10000,1.0,0.3,0.004379221726738444,2.763102111592855,0.0015848931924611136,0.5896507663132279,1.0,exponential,84,761.0,761.0,2.7851,0,0.0,1.0,1.0
10000,1.0,0.3,0.004379221726738444,2.763102111592855,0.0015848931924611136,0.5896507663132279,1.0,exponential,85,1577.0,1577.0,2.6657999,0,0.0,1.0,1.0
10000,1.0,0.3,0.004379221726738444,2.763102111592855,0.0015848931924611136,0.5896507663132279,1.0,exponential,86,3078.0,3078.0,3.1353998,0,0.0,1.0,1.0
10000,1.0,0.3,0.004379221726738444,2.763102111592855,0.0015848931924611136,0.5896507663132279,1.0,exponential,87,3659.0,3659.0,2.8465,0,0.0,1.0,1.0
10000,1.0,0.3,0.004379221726738444,2.763102111592855,0.0015848931924611136,0.5896507663132279,1.0,exponential,88,3839.0,3839.0,3.0698,0,0.0,1.0,1.0
10000,1.0,0.3,0.004379221726738444,2.763102111592855,0.0015848931924611136,0.5896507663132279,1.0,exponential,89,5204.0,5204.0,2.5846,0,0.0,1.0,1.0
10000,1.0,0.3,0.004379221726738444,2.763102111592855,0.0015848931924611136,0.5896507663132279,1.0,exponential,90,4524.0,4524.0,2.8427,0,0.0,1.0,1.0
10000,1.0,0.3,0.004379221726738444,2.763102111592855,0.0015848931924611136,0.5896507663132279,1.0,exponential,91,15237.0,15237.0,3.6306999,0,0.0,1.0,1.0
10000,1.0,0.3,0.004379221726738444,2.763102111592855,0.0015848931924611136,0.5896507663132279,1.0,exponential,92,2462.0,2462.0,3.1128,0,0.0,1.0,1.0
10000,1.0,0.3,0.004379221726738444,2.763102111592855,0.0015848931924611136,0.5896507663132279,1.0,exponential,93,773.0,773.0,2.9236,0,0.0,1.0,1.0
10000,1.0,0.3,0.004379221726738444,2.763102111592855,0.0015848931924611136,0.5896507663132279,1.0,exponential,94,2308.0,2308.0,2.7849998,0,0.0,1.0,1.0
10000,1.0,0.3,0.004379221726738444,2.763102111592855,0.0015848931924611136,0.5896507663132279,1.0,exponential,95,588.0,588.0,3.0539,0,0.0,1.0,1.0
10000,1.0,0.3,0.004379221726738444,2.763102111592855,0.0015848931924611136,0.5896507663132279,1.0,exponential,96,4710.0,4710.0,3.3523998,0,0.0,1.0,1.0
10000,1.0,0.3,0.004379221726738444,2.763102111592855,0.0015848931924611136,0.5896507663132279,1.0,exponential,97,1067.0,1067.0,3.0061,0,0.0,1.0,1.0
10000,1.0,0.3,0.004379221726738444,2.763102111592855,0.0015848931924611136,0.5896507663132279,1.0,exponential,98,305.0,305.0,2.6791,0,0.0,1.0,1.0
10000,1.0,0.3,0.004379221726738444,2.763102111592855,0.0015848931924611136,0.5896507663132279,1.0,exponential,99,1053.0,1053.0,2.9426,0,0.0,1.0,1.0
10000,1.0,0.3,0.004379221726738444,2.763102111592855,0.0015848931924611136,0.5896507663132279,1.0,exponential,100,13299.0,13299.0,3.3862,0,0.0,1.0,1.0
10000,1.0,0.3,0.004379221726738444,2.763102111592855,0.0015848931924611136,0.5896507663132279,1.0,exponential,101,1993.0,1993.0,2.7523,0,0.0,1.0,1.0
10000,1.0,0.3,0.004379221726738444,2.763102111592855,0.0015848931924611136,0.5896507663132279,1.0,exponential,102,11260.0,11260.0,3.1852,0,0.0,1.0,1.0
10000,1.0,0.3,0.004379221726738444,2.763102111592855,0.0015848931924611136,0.5896507663132279,1.0,exponential,103,431.0,431.0,2.7293,0,0.0,1.0,1.0
10000,1.0,0.3,0.004379221726738444,2.763102111592855,0.0015848931924611136,0.5896507663132279,1.0,exponential,104,2382.0,2382.0,3.4155,0,0.0,1.0,1.0
10000,1.0,0.3,0.004379221726738444,2.763102111592855,0.0015848931924611136,0.5896507663132279,1.0,exponential,105,3099.0,3099.0,3.234,0,0.0,1.0,1.0
10000,1.0,0.3,0.004379221726738444,2.763102111592855,0.0015848931924611136,0.5896507663132279,1.0,exponential,106,6158.0,6158.0,3.0281,0,0.0,1.0,1.0
10000,1.0,0.3,0.004379221726738444,2.763102111592855,0.0015848931924611136,0.5896507663132279,1.0,exponential,107,600.0,600.0,3.2416,0,0.0,1.0,1.0
10000,1.0,0.3,0.004379221726738444,2.763102111592855,0.0015848931924611136,0.5896507663132279,1.0,exponential,108,1762.0,1762.0,3.3009,0,0.0,1.0,1.0
10000,1.0,0.3,0.004379221726738444,2.763102111592855,0.0015848931924611136,0.5896507663132279,1.0,exponential,109,1243.0,1243.0,2.9654999,0,0.0,1.0,1.0
10000,1.0,0.3,0.004379221726738444,2.763102111592855,0.0015848931924611136,0.5896507663132279,1.0,exponential,110,746.0,746.0,3.0793,0,0.0,1.0,1.0
10000,1.0,0.3,0.004379221726738444,2.763102111592855,0.0015848931924611136,0.5896507663132279,1.0,exponential,111,6545.0,6545.0,2.9287999,0,0.0,1.0,1.0
10000,1.0,0.3,0.004379221726738444,2.763102111592855,0.0015848931924611136,0.5896507663132279,1.0,exponential,112,6707.0,6707.0,2.7921,0,0.0,1.0,1.0
10000,1.0,0.3,0.004379221726738444,2.763102111592855,0.0015848931924611136,0.5896507663132279,1.0,exponential,113,5037.0,5037.0,2.8011,0,0.0,1.0,1.0
10000,1.0,0.3,0.004379221726738444,2.763102111592855,0.0015848931924611136,0.5896507663132279,1.0,exponential,114,2416.0,2416.0,2.8063,0,0.0,1.0,1.0
10000,1.0,0.3,0.004379221726738444,2.763102111592855,0.0015848931924611136,0.5896507663132279,1.0,exponential,115,8408.0,8408.0,3.1595,0,0.0,1.0,1.0
10000,1.0,0.3,0.004379221726738444,2.763102111592855,0.0015848931924611136,0.5896507663132279,1.0,exponential,116,6080.0,6080.0,3.0744,0,0.0,1.0,1.0
10000,1.0,0.3,0.004379221726738444,2.763102111592855,0.0015848931924611136,0.5896507663132279,1.0,exponential,117,1024.0,1024.0,3.5126,0,0.0,1.0,1.0
10000,1.0,0.3,0.004379221726738444,2.763102111592855,0.0015848931924611136,0.5896507663132279,1.0,exponential,118,1737.0,1737.0,2.6773,0,0.0,1.0,1.0
10000,1.0,0.3,0.004379221726738444,2.763102111592855,0.0015848931924611136,0.5896507663132279,1.0,exponential,119,625.0,625.0,2.9496999,0,0.0,1.0,1.0
10000,1.0,0.3,0.004379221726738444,2.763102111592855,0.0015848931924611136,0.5896507663132279,1.0,exponential,120,2880.0,2880.0,2.8681998,0,0.0,1.0,1.0
10000,1.0,0.3,0.004379221726738444,2.763102111592855,0.0015848931924611136,0.5896507663132279,1.0,exponential,121,1485.0,1485.0,3.1081,0,0.0,1.0,1.0
10000,1.0,0.3,0.004379221726738444,2.763102111592855,0.0015848931924611136,0.5896507663132279,1.0,exponential,122,3017.0,3017.0,3.6197999,0,0.0,1.0,1.0
10000,1.0,0.3,0.004379221726738444,2.763102111592855,0.0015848931924611136,0.5896507663132279,1.0,exponential,123,3880.0,3880.0,2.8716998,0,0.0,1.0,1.0
10000,1.0,0.3,0.004379221726738444,2.763102111592855,0.0015848931924611136,0.5896507663132279,1.0,exponential,124,2719.0,2719.0,3.0338,0,0.0,1.0,1.0
10000,1.0,0.3,0.004379221726738444,2.763102111592855,0.0015848931924611136,0.5896507663132279,1.0,exponential,125,5994.0,5994.0,2.6427,0,0.0,1.0,1.0
10000,1.0,0.3,0.004379221726738444,2.763102111592855,0.0015848931924611136,0.5896507663132279,1.0,exponential,126,2044.0,2044.0,3.5382,0,0.0,1.0,1.0
10000,1.0,0.3,0.004379221726738444,2.763102111592855,0.0015848931924611136,0.5896507663132279,1.0,exponential,127,895.0,895.0,2.7997,0,0.0,1.0,1.0
10000,1.0,0.3,0.004379221726738444,2.763102111592855,0.0015848931924611136,0.5896507663132279,1.0,exponential,128,1570.0,1570.0,3.3625998,0,0.0,1.0,1.0
10000,1.0,0.3,0.004379221726738444,2.763102111592855,0.0015848931924611136,0.5896507663132279,1.0,exponential,129,517.0,517.0,3.2133,0,0.0,1.0,1.0
10000,1.0,0.3,0.004379221726738444,2.763102111592855,0.0015848931924611136,0.5896507663132279,1.0,exponential,130,783.0,783.0,3.136,0,0.0,1.0,1.0
10000,1.0,0.3,0.004379221726738444,2.763102111592855,0.0015848931924611136,0.5896507663132279,1.0,exponential,131,2474.0,2474.0,2.9703999,0,0.0,1.0,1.0
10000,1.0,0.3,0.004379221726738444,2.763102111592855,0.0015848931924611136,0.5896507663132279,1.0,exponential,132,202.0,202.0,2.8683999,0,0.0,1.0,1.0
10000,1.0,0.3,0.004379221726738444,2.763102111592855,0.0015848931924611136,0.5896507663132279,1.0,exponential,133,3253.0,3253.0,2.7914999,0,0.0,1.0,1.0
10000,1.0,0.3,0.004379221726738444,2.763102111592855,0.0015848931924611136,0.5896507663132279,1.0,exponential,134,4291.0,4291.0,3.4791,0,0.0,1.0,1.0
10000,1.0,0.3,0.004379221726738444,2.763102111592855,0.0015848931924611136,0.5896507663132279,1.0,exponential,135,7347.0,7347.0,3.0124,0,0.0,1.0,1.0
10000,1.0,0.3,0.004379221726738444,2.763102111592855,0.0015848931924611136,0.5896507663132279,1.0,exponential,136,708.0,708.0,3.0131998,0,0.0,1.0,1.0
10000,1.0,0.3,0.004379221726738444,2.763102111592855,0.0015848931924611136,0.5896507663132279,1.0,exponential,137,6681.0,6681.0,3.0616,0,0.0,1.0,1.0
10000,1.0,0.3,0.004379221726738444,2.763102111592855,0.0015848931924611136,0.5896507663132279,1.0,exponential,138,3286.0,3286.0,3.4343,0,0.0,1.0,1.0
10000,1.0,0.3,0.004379221726738444,2.763102111592855,0.0015848931924611136,0.5896507663132279,1.0,exponential,139,694.0,694.0,2.9615,0,0.0,1.0,1.0
10000,1.0,0.3,0.004379221726738444,2.763102111592855,0.0015848931924611136,0.5896507663132279,1.0,exponential,140,9288.0,9288.0,3.5756998,0,0.0,1.0,1.0
10000,1.0,0.3,0.004379221726738444,2.763102111592855,0.0015848931924611136,0.5896507663132279,1.0,exponential,141,1535.0,1535.0,3.1662,0,0.0,1.0,1.0
10000,1.0,0.3,0.004379221726738444,2.763102111592855,0.0015848931924611136,0.5896507663132279,1.0,exponential,142,2233.0,2233.0,2.428,0,0.0,1.0,1.0
10000,1.0,0.3,0.004379221726738444,2.763102111592855,0.0015848931924611136,0.5896507663132279,1.0,exponential,143,2107.0,2107.0,3.0210998,0,0.0,1.0,1.0
10000,1.0,0.3,0.004379221726738444,2.763102111592855,0.0015848931924611136,0.5896507663132279,1.0,exponential,144,814.0,814.0,2.8230999,0,0.0,1.0,1.0
10000,1.0,0.3,0.004379221726738444,2.763102111592855,0.0015848931924611136,0.5896507663132279,1.0,exponential,145,775.0,775.0,3.2414,0,0.0,1.0,1.0
10000,1.0,0.3,0.004379221726738444,2.763102111592855,0.0015848931924611136,0.5896507663132279,1.0,exponential,146,6907.0,6907.0,2.5312,0,0.0,1.0,1.0
10000,1.0,0.3,0.004379221726738444,2.763102111592855,0.0015848931924611136,0.5896507663132279,1.0,exponential,147,10548.0,10548.0,2.955,0,0.0,1.0,1.0
10000,1.0,0.3,0.004379221726738444,2.763102111592855,0.0015848931924611136,0.5896507663132279,1.0,exponential,148,1721.0,1721.0,3.5797,0,0.0,1.0,1.0
10000,1.0,0.3,0.004379221726738444,2.763102111592855,0.0015848931924611136,0.5896507663132279,1.0,exponential,149,5443.0,5443.0,3.363,0,0.0,1.0,1.0
10000,1.0,0.3,0.004379221726738444,2.763102111592855,0.0015848931924611136,0.5896507663132279,1.0,exponential,150,3435.0,3435.0,3.3269,0,0.0,1.0,1.0
10000,1.0,0.3,0.004379221726738444,2.763102111592855,0.0015848931924611136,0.5896507663132279,1.0,exponential,151,3166.0,3166.0,3.053,0,0.0,1.0,1.0
10000,1.0,0.3,0.004379221726738444,2.763102111592855,0.0015848931924611136,0.5896507663132279,1.0,exponential,152,1108.0,1108.0,3.9027998,0,0.0,1.0,1.0
10000,1.0,0.3,0.004379221726738444,2.763102111592855,0.0015848931924611136,0.5896507663132279,1.0,exponential,153,880.0,880.0,2.9250998,0,0.0,1.0,1.0
10000,1.0,0.3,0.004379221726738444,2.763102111592855,0.0015848931924611136,0.5896507663132279,1.0,exponential,154,5660.0,5660.0,3.3604999,0,0.0,1.0,1.0
10000,1.0,0.3,0.004379221726738444,2.763102111592855,0.0015848931924611136,0.5896507663132279,1.0,exponential,155,3134.0,3134.0,2.9617,0,0.0,1.0,1.0
10000,1.0,0.3,0.004379221726738444,2.763102111592855,0.0015848931924611136,0.5896507663132279,1.0,exponential,156,551.0,551.0,3.5247,0,0.0,1.0,1.0
10000,1.0,0.3,0.004379221726738444,2.763102111592855,0.0015848931924611136,0.5896507663132279,1.0,exponential,157,3670.0,3670.0,3.5899,0,0.0,1.0,1.0
10000,1.0,0.3,0.004379221726738444,2.763102111592855,0.0015848931924611136,0.5896507663132279,1.0,exponential,158,1627.0,1627.0,3.3799,0,0.0,1.0,1.0
10000,1.0,0.3,0.004379221726738444,2.763102111592855,0.0015848931924611136,0.5896507663132279,1.0,exponential,159,3584.0,3584.0,3.0187,0,0.0,1.0,1.0
10000,1.0,0.3,0.004379221726738444,2.763102111592855,0.0015848931924611136,0.5896507663132279,1.0,exponential,160,1020.0,1020.0,3.1534,0,0.0,1.0,1.0
10000,1.0,0.3,0.004379221726738444,2.763102111592855,0.0015848931924611136,0.5896507663132279,1.0,exponential,161,4620.0,4620.0,3.1201,0,0.0,1.0,1.0
10000,1.0,0.3,0.004379221726738444,2.763102111592855,0.0015848931924611136,0.5896507663132279,1.0,exponential,162,3508.0,3508.0,3.5858998,0,0.0,1.0,1.0
10000,1.0,0.3,0.004379221726738444,2.763102111592855,0.0015848931924611136,0.5896507663132279,1.0,exponential,163,584.0,584.0,2.96,0,0.0,1.0,1.0
10000,1.0,0.3,0.004379221726738444,2.763102111592855,0.0015848931924611136,0.5896507663132279,1.0,exponential,164,2860.0,2860.0,3.0967999,0,0.0,1.0,1.0
10000,1.0,0.3,0.004379221726738444,2.763102111592855,0.0015848931924611136,0.5896507663132279,1.0,exponential,165,3210.0,3210.0,2.9162,0,0.0,1.0,1.0
10000,1.0,0.3,0.004379221726738444,2.763102111592855,0.0015848931924611136,0.5896507663132279,1.0,exponential,166,2684.0,2684.0,3.4756,0,0.0,1.0,1.0
10000,1.0,0.3,0.004379221726738444,2.763102111592855,0.0015848931924611136,0.5896507663132279,1.0,exponential,167,384.0,384.0,3.1613998,0,0.0,1.0,1.0
10000,1.0,0.3,0.004379221726738444,2.763102111592855,0.0015848931924611136,0.5896507663132279,1.0,exponential,168,1864.0,1864.0,3.1044,0,0.0,1.0,1.0
10000,1.0,0.3,0.004379221726738444,2.763102111592855,0.0015848931924611136,0.5896507663132279,1.0,exponential,169,255.0,255.0,2.8162,0,0.0,1.0,1.0
10000,1.0,0.3,0.004379221726738444,2.763102111592855,0.0015848931924611136,0.5896507663132279,1.0,exponential,170,5614.0,5614.0,3.6987,0,0.0,1.0,1.0
10000,1.0,0.3,0.004379221726738444,2.763102111592855,0.0015848931924611136,0.5896507663132279,1.0,exponential,171,934.0,934.0,3.0128999,0,0.0,1.0,1.0
10000,1.0,0.3,0.004379221726738444,2.763102111592855,0.0015848931924611136,0.5896507663132279,1.0,exponential,172,1326.0,1326.0,3.7305999,0,0.0,1.0,1.0
10000,1.0,0.3,0.004379221726738444,2.763102111592855,0.0015848931924611136,0.5896507663132279,1.0,exponential,173,4300.0,4300.0,3.0405998,0,0.0,1.0,1.0
10000,1.0,0.3,0.004379221726738444,2.763102111592855,0.0015848931924611136,0.5896507663132279,1.0,exponential,174,7100.0,7100.0,3.324,0,0.0,1.0,1.0
10000,1.0,0.3,0.004379221726738444,2.763102111592855,0.0015848931924611136,0.5896507663132279,1.0,exponential,175,3887.0,3887.0,3.1051998,0,0.0,1.0,1.0
10000,1.0,0.3,0.004379221726738444,2.763102111592855,0.0015848931924611136,0.5896507663132279,1.0,exponential,176,2388.0,2388.0,2.9322,0,0.0,1.0,1.0
10000,1.0,0.3,0.004379221726738444,2.763102111592855,0.0015848931924611136,0.5896507663132279,1.0,exponential,177,11971.0,11971.0,3.1562998,0,0.0,1.0,1.0
10000,1.0,0.3,0.004379221726738444,2.763102111592855,0.0015848931924611136,0.5896507663132279,1.0,exponential,178,2058.0,2058.0,2.9155998,0,0.0,1.0,1.0
10000,1.0,0.3,0.004379221726738444,2.763102111592855,0.0015848931924611136,0.5896507663132279,1.0,exponential,179,4529.0,4529.0,3.4987,0,0.0,1.0,1.0
10000,1.0,0.3,0.004379221726738444,2.763102111592855,0.0015848931924611136,0.5896507663132279,1.0,exponential,180,3053.0,3053.0,3.1104999,0,0.0,1.0,1.0
10000,1.0,0.3,0.004379221726738444,2.763102111592855,0.0015848931924611136,0.5896507663132279,1.0,exponential,181,1619.0,1619.0,3.2793,0,0.0,1.0,1.0
10000,1.0,0.3,0.004379221726738444,2.763102111592855,0.0015848931924611136,0.5896507663132279,1.0,exponential,182,3286.0,3286.0,3.6,0,0.0,1.0,1.0
10000,1.0,0.3,0.004379221726738444,2.763102111592855,0.0015848931924611136,0.5896507663132279,1.0,exponential,183,802.0,802.0,3.3779,0,0.0,1.0,1.0
10000,1.0,0.3,0.004379221726738444,2.763102111592855,0.0015848931924611136,0.5896507663132279,1.0,exponential,184,446.0,446.0,2.7538998,0,0.0,1.0,1.0
10000,1.0,0.3,0.004379221726738444,2.763102111592855,0.0015848931924611136,0.5896507663132279,1.0,exponential,185,1002.0,1002.0,4.1692,0,0.0,1.0,1.0
10000,1.0,0.3,0.004379221726738444,2.763102111592855,0.0015848931924611136,0.5896507663132279,1.0,exponential,186,9123.0,9123.0,2.6039,0,0.0,1.0,1.0
10000,1.0,0.3,0.004379221726738444,2.763102111592855,0.0015848931924611136,0.5896507663132279,1.0,exponential,187,2658.0,2658.0,3.7252,0,0.0,1.0,1.0
10000,1.0,0.3,0.004379221726738444,2.763102111592855,0.0015848931924611136,0.5896507663132279,1.0,exponential,188,957.0,957.0,3.0956,0,0.0,1.0,1.0
10000,1.0,0.3,0.004379221726738444,2.763102111592855,0.0015848931924611136,0.5896507663132279,1.0,exponential,189,11673.0,11673.0,3.4187,0,0.0,1.0,1.0
10000,1.0,0.3,0.004379221726738444,2.763102111592855,0.0015848931924611136,0.5896507663132279,1.0,exponential,190,839.0,839.0,3.1118999,0,0.0,1.0,1.0
10000,1.0,0.3,0.004379221726738444,2.763102111592855,0.0015848931924611136,0.5896507663132279,1.0,exponential,191,651.0,651.0,2.7849,0,0.0,1.0,1.0
10000,1.0,0.3,0.004379221726738444,2.763102111592855,0.0015848931924611136,0.5896507663132279,1.0,exponential,192,447.0,447.0,3.0203998,0,0.0,1.0,1.0
10000,1.0,0.3,0.004379221726738444,2.763102111592855,0.0015848931924611136,0.5896507663132279,1.0,exponential,193,6242.0,6242.0,3.8874,0,0.0,1.0,1.0
10000,1.0,0.3,0.004379221726738444,2.763102111592855,0.0015848931924611136,0.5896507663132279,1.0,exponential,194,897.0,897.0,2.7038999,0,0.0,1.0,1.0
10000,1.0,0.3,0.004379221726738444,2.763102111592855,0.0015848931924611136,0.5896507663132279,1.0,exponential,195,3607.0,3607.0,3.0871,0,0.0,1.0,1.0
10000,1.0,0.3,0.004379221726738444,2.763102111592855,0.0015848931924611136,0.5896507663132279,1.0,exponential,196,5226.0,5226.0,3.5972,0,0.0,1.0,1.0
10000,1.0,0.3,0.004379221726738444,2.763102111592855,0.0015848931924611136,0.5896507663132279,1.0,exponential,197,2433.0,2433.0,3.2027,0,0.0,1.0,1.0
10000,1.0,0.3,0.004379221726738444,2.763102111592855,0.0015848931924611136,0.5896507663132279,1.0,exponential,198,772.0,772.0,2.9171999,0,0.0,1.0,1.0
10000,1.0,0.3,0.004379221726738444,2.763102111592855,0.0015848931924611136,0.5896507663132279,1.0,exponential,199,902.0,902.0,3.3888,0,0.0,1.0,1.0
10000,1.0,0.3,0.004379221726738444,2.763102111592855,0.0015848931924611136,0.5896507663132279,1.0,exponential,200,6702.0,6702.0,3.6669998,0,0.0,1.0,1.0
10000,1.0,0.3,0.004379221726738444,2.763102111592855,0.0015848931924611136,0.5896507663132279,1.0,exponential,201,1113.0,1113.0,3.1894,0,0.0,1.0,1.0
10000,1.0,0.3,0.004379221726738444,2.763102111592855,0.0015848931924611136,0.5896507663132279,1.0,exponential,202,652.0,652.0,3.5066998,0,0.0,1.0,1.0
10000,1.0,0.3,0.004379221726738444,2.763102111592855,0.0015848931924611136,0.5896507663132279,1.0,exponential,203,3142.0,3142.0,3.1762998,0,0.0,1.0,1.0
10000,1.0,0.3,0.004379221726738444,2.763102111592855,0.0015848931924611136,0.5896507663132279,1.0,exponential,204,2585.0,2585.0,3.109,0,0.0,1.0,1.0
10000,1.0,0.3,0.004379221726738444,2.763102111592855,0.0015848931924611136,0.5896507663132279,1.0,exponential,205,482.0,482.0,2.8974,0,0.0,1.0,1.0
10000,1.0,0.3,0.004379221726738444,2.763102111592855,0.0015848931924611136,0.5896507663132279,1.0,exponential,206,2986.0,2986.0,2.7904,0,0.0,1.0,1.0
10000,1.0,0.3,0.004379221726738444,2.763102111592855,0.0015848931924611136,0.5896507663132279,1.0,exponential,207,908.0,908.0,2.8681,0,0.0,1.0,1.0
10000,1.0,0.3,0.004379221726738444,2.763102111592855,0.0015848931924611136,0.5896507663132279,1.0,exponential,208,2873.0,2873.0,3.0619,0,0.0,1.0,1.0
10000,1.0,0.3,0.004379221726738444,2.763102111592855,0.0015848931924611136,0.5896507663132279,1.0,exponential,209,4871.0,4871.0,3.0871,0,0.0,1.0,1.0
10000,1.0,0.3,0.004379221726738444,2.763102111592855,0.0015848931924611136,0.5896507663132279,1.0,exponential,210,4866.0,4866.0,3.1155999,0,0.0,1.0,1.0
10000,1.0,0.3,0.004379221726738444,2.763102111592855,0.0015848931924611136,0.5896507663132279,1.0,exponential,211,561.0,561.0,2.9947999,0,0.0,1.0,1.0
10000,1.0,0.3,0.004379221726738444,2.763102111592855,0.0015848931924611136,0.5896507663132279,1.0,exponential,212,4871.0,4871.0,2.7305999,0,0.0,1.0,1.0
10000,1.0,0.3,0.004379221726738444,2.763102111592855,0.0015848931924611136,0.5896507663132279,1.0,exponential,213,3582.0,3582.0,2.9914,0,0.0,1.0,1.0
10000,1.0,0.3,0.004379221726738444,2.763102111592855,0.0015848931924611136,0.5896507663132279,1.0,exponential,214,11180.0,11180.0,3.1,0,0.0,1.0,1.0
10000,1.0,0.3,0.004379221726738444,2.763102111592855,0.0015848931924611136,0.5896507663132279,1.0,exponential,215,2839.0,2839.0,2.9601,0,0.0,1.0,1.0
10000,1.0,0.3,0.004379221726738444,2.763102111592855,0.0015848931924611136,0.5896507663132279,1.0,exponential,216,501.0,501.0,2.9536998,0,0.0,1.0,1.0
10000,1.0,0.3,0.004379221726738444,2.763102111592855,0.0015848931924611136,0.5896507663132279,1.0,exponential,217,2668.0,2668.0,3.2589,0,0.0,1.0,1.0
10000,1.0,0.3,0.004379221726738444,2.763102111592855,0.0015848931924611136,0.5896507663132279,1.0,exponential,218,5842.0,5842.0,3.5344,0,0.0,1.0,1.0
10000,1.0,0.3,0.004379221726738444,2.763102111592855,0.0015848931924611136,0.5896507663132279,1.0,exponential,219,2425.0,2425.0,4.1224,0,0.0,1.0,1.0
10000,1.0,0.3,0.004379221726738444,2.763102111592855,0.0015848931924611136,0.5896507663132279,1.0,exponential,220,9057.0,9057.0,2.9573,0,0.0,1.0,1.0
10000,1.0,0.3,0.004379221726738444,2.763102111592855,0.0015848931924611136,0.5896507663132279,1.0,exponential,221,4938.0,4938.0,2.9571998,0,0.0,1.0,1.0
10000,1.0,0.3,0.004379221726738444,2.763102111592855,0.0015848931924611136,0.5896507663132279,1.0,exponential,222,3227.0,3227.0,2.7556,0,0.0,1.0,1.0
10000,1.0,0.3,0.004379221726738444,2.763102111592855,0.0015848931924611136,0.5896507663132279,1.0,exponential,223,2090.0,2090.0,2.7719998,0,0.0,1.0,1.0
10000,1.0,0.3,0.004379221726738444,2.763102111592855,0.0015848931924611136,0.5896507663132279,1.0,exponential,224,2077.0,2077.0,3.7833998,0,0.0,1.0,1.0
10000,1.0,0.3,0.004379221726738444,2.763102111592855,0.0015848931924611136,0.5896507663132279,1.0,exponential,225,3743.0,3743.0,3.0383,0,0.0,1.0,1.0
10000,1.0,0.3,0.004379221726738444,2.763102111592855,0.0015848931924611136,0.5896507663132279,1.0,exponential,226,5460.0,5460.0,3.2107,0,0.0,1.0,1.0
10000,1.0,0.3,0.004379221726738444,2.763102111592855,0.0015848931924611136,0.5896507663132279,1.0,exponential,227,1187.0,1187.0,3.4357,0,0.0,1.0,1.0
10000,1.0,0.3,0.004379221726738444,2.763102111592855,0.0015848931924611136,0.5896507663132279,1.0,exponential,228,3423.0,3423.0,3.0957,0,0.0,1.0,1.0
10000,1.0,0.3,0.004379221726738444,2.763102111592855,0.0015848931924611136,0.5896507663132279,1.0,exponential,229,1348.0,1348.0,2.8888,0,0.0,1.0,1.0
10000,1.0,0.3,0.004379221726738444,2.763102111592855,0.0015848931924611136,0.5896507663132279,1.0,exponential,230,1135.0,1135.0,2.8428,0,0.0,1.0,1.0
10000,1.0,0.3,0.004379221726738444,2.763102111592855,0.0015848931924611136,0.5896507663132279,1.0,exponential,231,931.0,931.0,2.8755999,0,0.0,1.0,1.0
10000,1.0,0.3,0.004379221726738444,2.763102111592855,0.0015848931924611136,0.5896507663132279,1.0,exponential,232,9390.0,9390.0,2.9301999,0,0.0,1.0,1.0
10000,1.0,0.3,0.004379221726738444,2.763102111592855,0.0015848931924611136,0.5896507663132279,1.0,exponential,233,1111.0,1111.0,3.8016999,0,0.0,1.0,1.0
10000,1.0,0.3,0.004379221726738444,2.763102111592855,0.0015848931924611136,0.5896507663132279,1.0,exponential,234,408.0,408.0,2.6731,0,0.0,1.0,1.0
10000,1.0,0.3,0.004379221726738444,2.763102111592855,0.0015848931924611136,0.5896507663132279,1.0,exponential,235,2864.0,2864.0,3.2940998,0,0.0,1.0,1.0
10000,1.0,0.3,0.004379221726738444,2.763102111592855,0.0015848931924611136,0.5896507663132279,1.0,exponential,236,1368.0,1368.0,3.1998,0,0.0,1.0,1.0
10000,1.0,0.3,0.004379221726738444,2.763102111592855,0.0015848931924611136,0.5896507663132279,1.0,exponential,237,825.0,825.0,2.7846,0,0.0,1.0,1.0
10000,1.0,0.3,0.004379221726738444,2.763102111592855,0.0015848931924611136,0.5896507663132279,1.0,exponential,238,2576.0,2576.0,3.2942,0,0.0,1.0,1.0
10000,1.0,0.3,0.004379221726738444,2.763102111592855,0.0015848931924611136,0.5896507663132279,1.0,exponential,239,3407.0,3407.0,2.8062,0,0.0,1.0,1.0
10000,1.0,0.3,0.004379221726738444,2.763102111592855,0.0015848931924611136,0.5896507663132279,1.0,exponential,240,350.0,350.0,2.8674998,0,0.0,1.0,1.0
10000,1.0,0.3,0.004379221726738444,2.763102111592855,0.0015848931924611136,0.5896507663132279,1.0,exponential,241,1152.0,1152.0,2.6193,0,0.0,1.0,1.0
10000,1.0,0.3,0.004379221726738444,2.763102111592855,0.0015848931924611136,0.5896507663132279,1.0,exponential,242,1568.0,1568.0,3.0762,0,0.0,1.0,1.0
10000,1.0,0.3,0.004379221726738444,2.763102111592855,0.0015848931924611136,0.5896507663132279,1.0,exponential,243,338.0,338.0,3.3284,0,0.0,1.0,1.0
10000,1.0,0.3,0.004379221726738444,2.763102111592855,0.0015848931924611136,0.5896507663132279,1.0,exponential,244,3231.0,3231.0,3.3221,0,0.0,1.0,1.0
10000,1.0,0.3,0.004379221726738444,2.763102111592855,0.0015848931924611136,0.5896507663132279,1.0,exponential,245,4654.0,4654.0,3.8623998,0,0.0,1.0,1.0
10000,1.0,0.3,0.004379221726738444,2.763102111592855,0.0015848931924611136,0.5896507663132279,1.0,exponential,246,354.0,354.0,2.9492,0,0.0,1.0,1.0
10000,1.0,0.3,0.004379221726738444,2.763102111592855,0.0015848931924611136,0.5896507663132279,1.0,exponential,247,3450.0,3450.0,3.5604,0,0.0,1.0,1.0
10000,1.0,0.3,0.004379221726738444,2.763102111592855,0.0015848931924611136,0.5896507663132279,1.0,exponential,248,915.0,915.0,3.2265,0,0.0,1.0,1.0
10000,1.0,0.3,0.004379221726738444,2.763102111592855,0.0015848931924611136,0.5896507663132279,1.0,exponential,249,3219.0,3219.0,3.7401,0,0.0,1.0,1.0
10000,1.0,0.3,0.004379221726738444,2.763102111592855,0.0015848931924611136,0.5896507663132279,1.0,exponential,250,3951.0,3951.0,3.0726,0,0.0,1.0,1.0
10000,1.0,0.3,0.004379221726738444,2.763102111592855,0.0015848931924611136,0.5896507663132279,1.0,exponential,251,1168.0,1168.0,2.8864,0,0.0,1.0,1.0
10000,1.0,0.3,0.004379221726738444,2.763102111592855,0.0015848931924611136,0.5896507663132279,1.0,exponential,252,3684.0,3684.0,3.1241,0,0.0,1.0,1.0
10000,1.0,0.3,0.004379221726738444,2.763102111592855,0.0015848931924611136,0.5896507663132279,1.0,exponential,253,5361.0,5361.0,2.4371998,0,0.0,1.0,1.0
10000,1.0,0.3,0.004379221726738444,2.763102111592855,0.0015848931924611136,0.5896507663132279,1.0,exponential,254,2061.0,2061.0,2.9645,0,0.0,1.0,1.0
10000,1.0,0.3,0.004379221726738444,2.763102111592855,0.0015848931924611136,0.5896507663132279,1.0,exponential,255,2045.0,2045.0,3.7766,0,0.0,1.0,1.0
10000,1.0,0.3,0.004379221726738444,2.763102111592855,0.0015848931924611136,0.5896507663132279,1.0,exponential,256,702.0,702.0,3.1408,0,0.0,1.0,1.0
10000,1.0,0.3,0.004379221726738444,2.763102111592855,0.0015848931924611136,0.5896507663132279,1.0,exponential,257,3469.0,3469.0,2.8627,0,0.0,1.0,1.0
10000,1.0,0.3,0.004379221726738444,2.763102111592855,0.0015848931924611136,0.5896507663132279,1.0,exponential,258,1526.0,1526.0,3.2917,0,0.0,1.0,1.0
10000,1.0,0.3,0.004379221726738444,2.763102111592855,0.0015848931924611136,0.5896507663132279,1.0,exponential,259,1595.0,1595.0,3.651,0,0.0,1.0,1.0
10000,1.0,0.3,0.004379221726738444,2.763102111592855,0.0015848931924611136,0.5896507663132279,1.0,exponential,260,3195.0,3195.0,2.618,0,0.0,1.0,1.0
10000,1.0,0.3,0.004379221726738444,2.763102111592855,0.0015848931924611136,0.5896507663132279,1.0,exponential,261,1748.0,1748.0,3.0067,0,0.0,1.0,1.0
10000,1.0,0.3,0.004379221726738444,2.763102111592855,0.0015848931924611136,0.5896507663132279,1.0,exponential,262,879.0,879.0,3.2982,0,0.0,1.0,1.0
10000,1.0,0.3,0.004379221726738444,2.763102111592855,0.0015848931924611136,0.5896507663132279,1.0,exponential,263,1414.0,1414.0,3.1241999,0,0.0,1.0,1.0
10000,1.0,0.3,0.004379221726738444,2.763102111592855,0.0015848931924611136,0.5896507663132279,1.0,exponential,264,1072.0,1072.0,3.2033,0,0.0,1.0,1.0
10000,1.0,0.3,0.004379221726738444,2.763102111592855,0.0015848931924611136,0.5896507663132279,1.0,exponential,265,2795.0,2795.0,3.0237,0,0.0,1.0,1.0
10000,1.0,0.3,0.004379221726738444,2.763102111592855,0.0015848931924611136,0.5896507663132279,1.0,exponential,266,3231.0,3231.0,3.1697,0,0.0,1.0,1.0
10000,1.0,0.3,0.004379221726738444,2.763102111592855,0.0015848931924611136,0.5896507663132279,1.0,exponential,267,1725.0,1725.0,2.9167,0,0.0,1.0,1.0
10000,1.0,0.3,0.004379221726738444,2.763102111592855,0.0015848931924611136,0.5896507663132279,1.0,exponential,268,1227.0,1227.0,3.1769,0,0.0,1.0,1.0
10000,1.0,0.3,0.004379221726738444,2.763102111592855,0.0015848931924611136,0.5896507663132279,1.0,exponential,269,2848.0,2848.0,2.8537,0,0.0,1.0,1.0
10000,1.0,0.3,0.004379221726738444,2.763102111592855,0.0015848931924611136,0.5896507663132279,1.0,exponential,270,1219.0,1219.0,3.4835,0,0.0,1.0,1.0
10000,1.0,0.3,0.004379221726738444,2.763102111592855,0.0015848931924611136,0.5896507663132279,1.0,exponential,271,2553.0,2553.0,3.5418,0,0.0,1.0,1.0
10000,1.0,0.3,0.004379221726738444,2.763102111592855,0.0015848931924611136,0.5896507663132279,1.0,exponential,272,1406.0,1406.0,3.4083998,0,0.0,1.0,1.0
10000,1.0,0.3,0.004379221726738444,2.763102111592855,0.0015848931924611136,0.5896507663132279,1.0,exponential,273,6722.0,6722.0,3.2817,0,0.0,1.0,1.0
10000,1.0,0.3,0.004379221726738444,2.763102111592855,0.0015848931924611136,0.5896507663132279,1.0,exponential,274,710.0,710.0,3.0725,0,0.0,1.0,1.0
10000,1.0,0.3,0.004379221726738444,2.763102111592855,0.0015848931924611136,0.5896507663132279,1.0,exponential,275,1314.0,1314.0,3.0365999,0,0.0,1.0,1.0
10000,1.0,0.3,0.004379221726738444,2.763102111592855,0.0015848931924611136,0.5896507663132279,1.0,exponential,276,1700.0,1700.0,3.3541,0,0.0,1.0,1.0
10000,1.0,0.3,0.004379221726738444,2.763102111592855,0.0015848931924611136,0.5896507663132279,1.0,exponential,277,3736.0,3736.0,3.1002998,0,0.0,1.0,1.0
10000,1.0,0.3,0.004379221726738444,2.763102111592855,0.0015848931924611136,0.5896507663132279,1.0,exponential,278,3484.0,3484.0,3.1824,0,0.0,1.0,1.0
10000,1.0,0.3,0.004379221726738444,2.763102111592855,0.0015848931924611136,0.5896507663132279,1.0,exponential,279,527.0,527.0,2.997,0,0.0,1.0,1.0
10000,1.0,0.3,0.004379221726738444,2.763102111592855,0.0015848931924611136,0.5896507663132279,1.0,exponential,280,5832.0,5832.0,2.9411,0,0.0,1.0,1.0
10000,1.0,0.3,0.004379221726738444,2.763102111592855,0.0015848931924611136,0.5896507663132279,1.0,exponential,281,634.0,634.0,2.8722,0,0.0,1.0,1.0
10000,1.0,0.3,0.004379221726738444,2.763102111592855,0.0015848931924611136,0.5896507663132279,1.0,exponential,282,3558.0,3558.0,2.6582,0,0.0,1.0,1.0
10000,1.0,0.3,0.004379221726738444,2.763102111592855,0.0015848931924611136,0.5896507663132279,1.0,exponential,283,2787.0,2787.0,3.3469,0,0.0,1.0,1.0
10000,1.0,0.3,0.004379221726738444,2.763102111592855,0.0015848931924611136,0.5896507663132279,1.0,exponential,284,928.0,928.0,3.2993,0,0.0,1.0,1.0
10000,1.0,0.3,0.004379221726738444,2.763102111592855,0.0015848931924611136,0.5896507663132279,1.0,exponential,285,780.0,780.0,3.3149998,0,0.0,1.0,1.0
10000,1.0,0.3,0.004379221726738444,2.763102111592855,0.0015848931924611136,0.5896507663132279,1.0,exponential,286,2231.0,2231.0,3.0888999,0,0.0,1.0,1.0
10000,1.0,0.3,0.004379221726738444,2.763102111592855,0.0015848931924611136,0.5896507663132279,1.0,exponential,287,1248.0,1248.0,3.4822,0,0.0,1.0,1.0
10000,1.0,0.3,0.004379221726738444,2.763102111592855,0.0015848931924611136,0.5896507663132279,1.0,exponential,288,1131.0,1131.0,3.0105999,0,0.0,1.0,1.0
10000,1.0,0.3,0.004379221726738444,2.763102111592855,0.0015848931924611136,0.5896507663132279,1.0,exponential,289,6819.0,6819.0,3.4703999,0,0.0,1.0,1.0
10000,1.0,0.3,0.004379221726738444,2.763102111592855,0.0015848931924611136,0.5896507663132279,1.0,exponential,290,497.0,497.0,3.2756,0,0.0,1.0,1.0
10000,1.0,0.3,0.004379221726738444,2.763102111592855,0.0015848931924611136,0.5896507663132279,1.0,exponential,291,4611.0,4611.0,3.0514998,0,0.0,1.0,1.0
10000,1.0,0.3,0.004379221726738444,2.763102111592855,0.0015848931924611136,0.5896507663132279,1.0,exponential,292,1026.0,1026.0,2.9566,0,0.0,1.0,1.0
10000,1.0,0.3,0.004379221726738444,2.763102111592855,0.0015848931924611136,0.5896507663132279,1.0,exponential,293,3089.0,3089.0,3.1255999,0,0.0,1.0,1.0
10000,1.0,0.3,0.004379221726738444,2.763102111592855,0.0015848931924611136,0.5896507663132279,1.0,exponential,294,1406.0,1406.0,3.0593998,0,0.0,1.0,1.0
10000,1.0,0.3,0.004379221726738444,2.763102111592855,0.0015848931924611136,0.5896507663132279,1.0,exponential,295,2776.0,2776.0,3.0351999,0,0.0,1.0,1.0
10000,1.0,0.3,0.004379221726738444,2.763102111592855,0.0015848931924611136,0.5896507663132279,1.0,exponential,296,1552.0,1552.0,3.6404,0,0.0,1.0,1.0
10000,1.0,0.3,0.004379221726738444,2.763102111592855,0.0015848931924611136,0.5896507663132279,1.0,exponential,297,573.0,573.0,3.7896998,0,0.0,1.0,1.0
10000,1.0,0.3,0.004379221726738444,2.763102111592855,0.0015848931924611136,0.5896507663132279,1.0,exponential,298,4331.0,4331.0,2.8088999,0,0.0,1.0,1.0
10000,1.0,0.3,0.004379221726738444,2.763102111592855,0.0015848931924611136,0.5896507663132279,1.0,exponential,299,6961.0,6961.0,3.9101999,0,0.0,1.0,1.0
10000,1.0,0.3,0.004379221726738444,2.763102111592855,0.0015848931924611136,0.5896507663132279,1.0,exponential,300,4548.0,4548.0,3.2475998,0,0.0,1.0,1.0
10000,1.0,0.3,0.004379221726738444,2.763102111592855,0.0015848931924611136,0.5896507663132279,1.0,exponential,301,3221.0,3221.0,3.3974998,0,0.0,1.0,1.0
10000,1.0,0.3,0.004379221726738444,2.763102111592855,0.0015848931924611136,0.5896507663132279,1.0,exponential,302,1361.0,1361.0,3.9710999,0,0.0,1.0,1.0
10000,1.0,0.3,0.004379221726738444,2.763102111592855,0.0015848931924611136,0.5896507663132279,1.0,exponential,303,2596.0,2596.0,2.9884999,0,0.0,1.0,1.0
10000,1.0,0.3,0.004379221726738444,2.763102111592855,0.0015848931924611136,0.5896507663132279,1.0,exponential,304,913.0,913.0,3.1599,0,0.0,1.0,1.0
10000,1.0,0.3,0.004379221726738444,2.763102111592855,0.0015848931924611136,0.5896507663132279,1.0,exponential,305,4665.0,4665.0,2.8725,0,0.0,1.0,1.0
10000,1.0,0.3,0.004379221726738444,2.763102111592855,0.0015848931924611136,0.5896507663132279,1.0,exponential,306,1077.0,1077.0,2.8070998,0,0.0,1.0,1.0
10000,1.0,0.3,0.004379221726738444,2.763102111592855,0.0015848931924611136,0.5896507663132279,1.0,exponential,307,4838.0,4838.0,2.8481998,0,0.0,1.0,1.0
10000,1.0,0.3,0.004379221726738444,2.763102111592855,0.0015848931924611136,0.5896507663132279,1.0,exponential,308,5000.0,5000.0,3.1994998,0,0.0,1.0,1.0
10000,1.0,0.3,0.004379221726738444,2.763102111592855,0.0015848931924611136,0.5896507663132279,1.0,exponential,309,2501.0,2501.0,3.4262998,0,0.0,1.0,1.0
10000,1.0,0.3,0.004379221726738444,2.763102111592855,0.0015848931924611136,0.5896507663132279,1.0,exponential,310,1619.0,1619.0,2.8446,0,0.0,1.0,1.0
10000,1.0,0.3,0.004379221726738444,2.763102111592855,0.0015848931924611136,0.5896507663132279,1.0,exponential,311,5363.0,5363.0,3.3801,0,0.0,1.0,1.0
10000,1.0,0.3,0.004379221726738444,2.763102111592855,0.0015848931924611136,0.5896507663132279,1.0,exponential,312,1828.0,1828.0,3.3569,0,0.0,1.0,1.0
10000,1.0,0.3,0.004379221726738444,2.763102111592855,0.0015848931924611136,0.5896507663132279,1.0,exponential,313,3878.0,3878.0,3.3653,0,0.0,1.0,1.0
10000,1.0,0.3,0.004379221726738444,2.763102111592855,0.0015848931924611136,0.5896507663132279,1.0,exponential,314,310.0,310.0,3.4424999,0,0.0,1.0,1.0
10000,1.0,0.3,0.004379221726738444,2.763102111592855,0.0015848931924611136,0.5896507663132279,1.0,exponential,315,704.0,704.0,3.1538,0,0.0,1.0,1.0
10000,1.0,0.3,0.004379221726738444,2.763102111592855,0.0015848931924611136,0.5896507663132279,1.0,exponential,316,3730.0,3730.0,3.1941998,0,0.0,1.0,1.0
10000,1.0,0.3,0.004379221726738444,2.763102111592855,0.0015848931924611136,0.5896507663132279,1.0,exponential,317,6287.0,6287.0,3.3288,0,0.0,1.0,1.0
10000,1.0,0.3,0.004379221726738444,2.763102111592855,0.0015848931924611136,0.5896507663132279,1.0,exponential,318,7878.0,7878.0,3.2194998,0,0.0,1.0,1.0
10000,1.0,0.3,0.004379221726738444,2.763102111592855,0.0015848931924611136,0.5896507663132279,1.0,exponential,319,2349.0,2349.0,2.8576999,0,0.0,1.0,1.0
10000,1.0,0.3,0.004379221726738444,2.763102111592855,0.0015848931924611136,0.5896507663132279,1.0,exponential,320,533.0,533.0,3.1234999,0,0.0,1.0,1.0
10000,1.0,0.3,0.004379221726738444,2.763102111592855,0.0015848931924611136,0.5896507663132279,1.0,exponential,321,653.0,653.0,3.2238998,0,0.0,1.0,1.0
10000,1.0,0.3,0.004379221726738444,2.763102111592855,0.0015848931924611136,0.5896507663132279,1.0,exponential,322,2777.0,2777.0,2.7807,0,0.0,1.0,1.0
10000,1.0,0.3,0.004379221726738444,2.763102111592855,0.0015848931924611136,0.5896507663132279,1.0,exponential,323,3665.0,3665.0,4.4277997,0,0.0,1.0,1.0
10000,1.0,0.3,0.004379221726738444,2.763102111592855,0.0015848931924611136,0.5896507663132279,1.0,exponential,324,2218.0,2218.0,2.7682,0,0.0,1.0,1.0
10000,1.0,0.3,0.004379221726738444,2.763102111592855,0.0015848931924611136,0.5896507663132279,1.0,exponential,325,746.0,746.0,3.4031,0,0.0,1.0,1.0
10000,1.0,0.3,0.004379221726738444,2.763102111592855,0.0015848931924611136,0.5896507663132279,1.0,exponential,326,7232.0,7232.0,2.6889,0,0.0,1.0,1.0
10000,1.0,0.3,0.004379221726738444,2.763102111592855,0.0015848931924611136,0.5896507663132279,1.0,exponential,327,3004.0,3004.0,4.2359,0,0.0,1.0,1.0
10000,1.0,0.3,0.004379221726738444,2.763102111592855,0.0015848931924611136,0.5896507663132279,1.0,exponential,328,2120.0,2120.0,2.8358998,0,0.0,1.0,1.0
10000,1.0,0.3,0.004379221726738444,2.763102111592855,0.0015848931924611136,0.5896507663132279,1.0,exponential,329,861.0,861.0,3.6945,0,0.0,1.0,1.0
10000,1.0,0.3,0.004379221726738444,2.763102111592855,0.0015848931924611136,0.5896507663132279,1.0,exponential,330,3002.0,3002.0,2.9029999,0,0.0,1.0,1.0
10000,1.0,0.3,0.004379221726738444,2.763102111592855,0.0015848931924611136,0.5896507663132279,1.0,exponential,331,661.0,661.0,2.8792,0,0.0,1.0,1.0
10000,1.0,0.3,0.004379221726738444,2.763102111592855,0.0015848931924611136,0.5896507663132279,1.0,exponential,332,586.0,586.0,3.2514,0,0.0,1.0,1.0
10000,1.0,0.3,0.004379221726738444,2.763102111592855,0.0015848931924611136,0.5896507663132279,1.0,exponential,333,1475.0,1475.0,3.5565999,0,0.0,1.0,1.0
10000,1.0,0.3,0.004379221726738444,2.763102111592855,0.0015848931924611136,0.5896507663132279,1.0,exponential,334,5224.0,5224.0,3.0698,0,0.0,1.0,1.0
10000,1.0,0.3,0.004379221726738444,2.763102111592855,0.0015848931924611136,0.5896507663132279,1.0,exponential,335,1952.0,1952.0,2.8111,0,0.0,1.0,1.0
10000,1.0,0.3,0.004379221726738444,2.763102111592855,0.0015848931924611136,0.5896507663132279,1.0,exponential,336,9947.0,9947.0,3.1882,0,0.0,1.0,1.0
10000,1.0,0.3,0.004379221726738444,2.763102111592855,0.0015848931924611136,0.5896507663132279,1.0,exponential,337,998.0,998.0,2.8430998,0,0.0,1.0,1.0
10000,1.0,0.3,0.004379221726738444,2.763102111592855,0.0015848931924611136,0.5896507663132279,1.0,exponential,338,1838.0,1838.0,3.3532,0,0.0,1.0,1.0
10000,1.0,0.3,0.004379221726738444,2.763102111592855,0.0015848931924611136,0.5896507663132279,1.0,exponential,339,1787.0,1787.0,2.6719,0,0.0,1.0,1.0
10000,1.0,0.3,0.004379221726738444,2.763102111592855,0.0015848931924611136,0.5896507663132279,1.0,exponential,340,292.0,292.0,3.3504,0,0.0,1.0,1.0
10000,1.0,0.3,0.004379221726738444,2.763102111592855,0.0015848931924611136,0.5896507663132279,1.0,exponential,341,8660.0,8660.0,3.0856,0,0.0,1.0,1.0
10000,1.0,0.3,0.004379221726738444,2.763102111592855,0.0015848931924611136,0.5896507663132279,1.0,exponential,342,1113.0,1113.0,2.8407,0,0.0,1.0,1.0
10000,1.0,0.3,0.004379221726738444,2.763102111592855,0.0015848931924611136,0.5896507663132279,1.0,exponential,343,3336.0,3336.0,2.934,0,0.0,1.0,1.0
10000,1.0,0.3,0.004379221726738444,2.763102111592855,0.0015848931924611136,0.5896507663132279,1.0,exponential,344,557.0,557.0,3.0496,0,0.0,1.0,1.0
10000,1.0,0.3,0.004379221726738444,2.763102111592855,0.0015848931924611136,0.5896507663132279,1.0,exponential,345,1550.0,1550.0,3.5203,0,0.0,1.0,1.0
10000,1.0,0.3,0.004379221726738444,2.763102111592855,0.0015848931924611136,0.5896507663132279,1.0,exponential,346,3753.0,3753.0,3.1125,0,0.0,1.0,1.0
10000,1.0,0.3,0.004379221726738444,2.763102111592855,0.0015848931924611136,0.5896507663132279,1.0,exponential,347,2773.0,2773.0,2.8283,0,0.0,1.0,1.0
10000,1.0,0.3,0.004379221726738444,2.763102111592855,0.0015848931924611136,0.5896507663132279,1.0,exponential,348,9170.0,9170.0,2.6619,0,0.0,1.0,1.0
10000,1.0,0.3,0.004379221726738444,2.763102111592855,0.0015848931924611136,0.5896507663132279,1.0,exponential,349,10363.0,10363.0,2.8953,0,0.0,1.0,1.0
10000,1.0,0.3,0.004379221726738444,2.763102111592855,0.0015848931924611136,0.5896507663132279,1.0,exponential,350,918.0,918.0,3.5583,0,0.0,1.0,1.0
10000,1.0,0.3,0.004379221726738444,2.763102111592855,0.0015848931924611136,0.5896507663132279,1.0,exponential,351,1036.0,1036.0,3.3063,0,0.0,1.0,1.0
10000,1.0,0.3,0.004379221726738444,2.763102111592855,0.0015848931924611136,0.5896507663132279,1.0,exponential,352,7372.0,7372.0,2.8794,0,0.0,1.0,1.0
10000,1.0,0.3,0.004379221726738444,2.763102111592855,0.0015848931924611136,0.5896507663132279,1.0,exponential,353,1301.0,1301.0,2.9954,0,0.0,1.0,1.0
10000,1.0,0.3,0.004379221726738444,2.763102111592855,0.0015848931924611136,0.5896507663132279,1.0,exponential,354,617.0,617.0,2.5776,0,0.0,1.0,1.0
10000,1.0,0.3,0.004379221726738444,2.763102111592855,0.0015848931924611136,0.5896507663132279,1.0,exponential,355,3824.0,3824.0,2.5835,0,0.0,1.0,1.0
10000,1.0,0.3,0.004379221726738444,2.763102111592855,0.0015848931924611136,0.5896507663132279,1.0,exponential,356,1539.0,1539.0,2.8113,0,0.0,1.0,1.0
10000,1.0,0.3,0.004379221726738444,2.763102111592855,0.0015848931924611136,0.5896507663132279,1.0,exponential,357,1041.0,1041.0,2.5858,0,0.0,1.0,1.0
10000,1.0,0.3,0.004379221726738444,2.763102111592855,0.0015848931924611136,0.5896507663132279,1.0,exponential,358,3028.0,3028.0,3.3718998,0,0.0,1.0,1.0
10000,1.0,0.3,0.004379221726738444,2.763102111592855,0.0015848931924611136,0.5896507663132279,1.0,exponential,359,1271.0,1271.0,3.1436,0,0.0,1.0,1.0
10000,1.0,0.3,0.004379221726738444,2.763102111592855,0.0015848931924611136,0.5896507663132279,1.0,exponential,360,3401.0,3401.0,2.4745998,0,0.0,1.0,1.0
10000,1.0,0.3,0.004379221726738444,2.763102111592855,0.0015848931924611136,0.5896507663132279,1.0,exponential,361,907.0,907.0,2.8469,0,0.0,1.0,1.0
10000,1.0,0.3,0.004379221726738444,2.763102111592855,0.0015848931924611136,0.5896507663132279,1.0,exponential,362,1250.0,1250.0,3.6025999,0,0.0,1.0,1.0
10000,1.0,0.3,0.004379221726738444,2.763102111592855,0.0015848931924611136,0.5896507663132279,1.0,exponential,363,1642.0,1642.0,3.3936,0,0.0,1.0,1.0
10000,1.0,0.3,0.004379221726738444,2.763102111592855,0.0015848931924611136,0.5896507663132279,1.0,exponential,364,1826.0,1826.0,3.2203,0,0.0,1.0,1.0
10000,1.0,0.3,0.004379221726738444,2.763102111592855,0.0015848931924611136,0.5896507663132279,1.0,exponential,365,968.0,968.0,2.9392998,0,0.0,1.0,1.0
10000,1.0,0.3,0.004379221726738444,2.763102111592855,0.0015848931924611136,0.5896507663132279,1.0,exponential,366,4009.0,4009.0,3.0581,0,0.0,1.0,1.0
10000,1.0,0.3,0.004379221726738444,2.763102111592855,0.0015848931924611136,0.5896507663132279,1.0,exponential,367,2656.0,2656.0,2.3946,0,0.0,1.0,1.0
10000,1.0,0.3,0.004379221726738444,2.763102111592855,0.0015848931924611136,0.5896507663132279,1.0,exponential,368,1351.0,1351.0,3.0293999,0,0.0,1.0,1.0
10000,1.0,0.3,0.004379221726738444,2.763102111592855,0.0015848931924611136,0.5896507663132279,1.0,exponential,369,5900.0,5900.0,3.0849,0,0.0,1.0,1.0
10000,1.0,0.3,0.004379221726738444,2.763102111592855,0.0015848931924611136,0.5896507663132279,1.0,exponential,370,5741.0,5741.0,3.5425,0,0.0,1.0,1.0
10000,1.0,0.3,0.004379221726738444,2.763102111592855,0.0015848931924611136,0.5896507663132279,1.0,exponential,371,6218.0,6218.0,3.7508,0,0.0,1.0,1.0
10000,1.0,0.3,0.004379221726738444,2.763102111592855,0.0015848931924611136,0.5896507663132279,1.0,exponential,372,1885.0,1885.0,2.7586,0,0.0,1.0,1.0
10000,1.0,0.3,0.004379221726738444,2.763102111592855,0.0015848931924611136,0.5896507663132279,1.0,exponential,373,1235.0,1235.0,3.1423,0,0.0,1.0,1.0
10000,1.0,0.3,0.004379221726738444,2.763102111592855,0.0015848931924611136,0.5896507663132279,1.0,exponential,374,1264.0,1264.0,3.1627998,0,0.0,1.0,1.0
10000,1.0,0.3,0.004379221726738444,2.763102111592855,0.0015848931924611136,0.5896507663132279,1.0,exponential,375,989.0,989.0,2.9819,0,0.0,1.0,1.0
10000,1.0,0.3,0.004379221726738444,2.763102111592855,0.0015848931924611136,0.5896507663132279,1.0,exponential,376,1361.0,1361.0,3.3216999,0,0.0,1.0,1.0
10000,1.0,0.3,0.004379221726738444,2.763102111592855,0.0015848931924611136,0.5896507663132279,1.0,exponential,377,8931.0,8931.0,3.2902,0,0.0,1.0,1.0
10000,1.0,0.3,0.004379221726738444,2.763102111592855,0.0015848931924611136,0.5896507663132279,1.0,exponential,378,1998.0,1998.0,2.8323998,0,0.0,1.0,1.0
10000,1.0,0.3,0.004379221726738444,2.763102111592855,0.0015848931924611136,0.5896507663132279,1.0,exponential,379,3487.0,3487.0,2.9673998,0,0.0,1.0,1.0
10000,1.0,0.3,0.004379221726738444,2.763102111592855,0.0015848931924611136,0.5896507663132279,1.0,exponential,380,5080.0,5080.0,3.2768998,0,0.0,1.0,1.0
10000,1.0,0.3,0.004379221726738444,2.763102111592855,0.0015848931924611136,0.5896507663132279,1.0,exponential,381,1004.0,1004.0,2.8005,0,0.0,1.0,1.0
10000,1.0,0.3,0.004379221726738444,2.763102111592855,0.0015848931924611136,0.5896507663132279,1.0,exponential,382,841.0,841.0,3.1492999,0,0.0,1.0,1.0
10000,1.0,0.3,0.004379221726738444,2.763102111592855,0.0015848931924611136,0.5896507663132279,1.0,exponential,383,2375.0,2375.0,3.1915,0,0.0,1.0,1.0
10000,1.0,0.3,0.004379221726738444,2.763102111592855,0.0015848931924611136,0.5896507663132279,1.0,exponential,384,4738.0,4738.0,2.8704,0,0.0,1.0,1.0
10000,1.0,0.3,0.004379221726738444,2.763102111592855,0.0015848931924611136,0.5896507663132279,1.0,exponential,385,2246.0,2246.0,3.2735999,0,0.0,1.0,1.0
10000,1.0,0.3,0.004379221726738444,2.763102111592855,0.0015848931924611136,0.5896507663132279,1.0,exponential,386,7915.0,7915.0,2.9822,0,0.0,1.0,1.0
10000,1.0,0.3,0.004379221726738444,2.763102111592855,0.0015848931924611136,0.5896507663132279,1.0,exponential,387,8003.0,8003.0,2.4161,0,0.0,1.0,1.0
10000,1.0,0.3,0.004379221726738444,2.763102111592855,0.0015848931924611136,0.5896507663132279,1.0,exponential,388,1003.0,1003.0,2.9938998,0,0.0,1.0,1.0
10000,1.0,0.3,0.004379221726738444,2.763102111592855,0.0015848931924611136,0.5896507663132279,1.0,exponential,389,936.0,936.0,3.6102998,0,0.0,1.0,1.0
10000,1.0,0.3,0.004379221726738444,2.763102111592855,0.0015848931924611136,0.5896507663132279,1.0,exponential,390,652.0,652.0,3.4405,0,0.0,1.0,1.0
10000,1.0,0.3,0.004379221726738444,2.763102111592855,0.0015848931924611136,0.5896507663132279,1.0,exponential,391,5106.0,5106.0,3.0154,0,0.0,1.0,1.0
10000,1.0,0.3,0.004379221726738444,2.763102111592855,0.0015848931924611136,0.5896507663132279,1.0,exponential,392,3360.0,3360.0,2.5388,0,0.0,1.0,1.0
10000,1.0,0.3,0.004379221726738444,2.763102111592855,0.0015848931924611136,0.5896507663132279,1.0,exponential,393,2657.0,2657.0,3.1615,0,0.0,1.0,1.0
10000,1.0,0.3,0.004379221726738444,2.763102111592855,0.0015848931924611136,0.5896507663132279,1.0,exponential,394,3343.0,3343.0,3.5697,0,0.0,1.0,1.0
10000,1.0,0.3,0.004379221726738444,2.763102111592855,0.0015848931924611136,0.5896507663132279,1.0,exponential,395,823.0,823.0,3.3918,0,0.0,1.0,1.0
10000,1.0,0.3,0.004379221726738444,2.763102111592855,0.0015848931924611136,0.5896507663132279,1.0,exponential,396,1131.0,1131.0,3.0135999,0,0.0,1.0,1.0
10000,1.0,0.3,0.004379221726738444,2.763102111592855,0.0015848931924611136,0.5896507663132279,1.0,exponential,397,4223.0,4223.0,2.9187,0,0.0,1.0,1.0
10000,1.0,0.3,0.004379221726738444,2.763102111592855,0.0015848931924611136,0.5896507663132279,1.0,exponential,398,1124.0,1124.0,3.6067,0,0.0,1.0,1.0
10000,1.0,0.3,0.004379221726738444,2.763102111592855,0.0015848931924611136,0.5896507663132279,1.0,exponential,399,863.0,863.0,2.7343,0,0.0,1.0,1.0
10000,1.0,0.3,0.004379221726738444,2.763102111592855,0.0015848931924611136,0.5896507663132279,1.0,exponential,400,5230.0,5230.0,2.9635,0,0.0,1.0,1.0
10000,1.0,0.3,0.004379221726738444,2.763102111592855,0.0015848931924611136,0.5896507663132279,1.0,exponential,401,1120.0,1120.0,3.2473998,0,0.0,1.0,1.0
10000,1.0,0.3,0.004379221726738444,2.763102111592855,0.0015848931924611136,0.5896507663132279,1.0,exponential,402,6258.0,6258.0,3.4836998,0,0.0,1.0,1.0
10000,1.0,0.3,0.004379221726738444,2.763102111592855,0.0015848931924611136,0.5896507663132279,1.0,exponential,403,1569.0,1569.0,3.2458,0,0.0,1.0,1.0
10000,1.0,0.3,0.004379221726738444,2.763102111592855,0.0015848931924611136,0.5896507663132279,1.0,exponential,404,2235.0,2235.0,2.8411999,0,0.0,1.0,1.0
10000,1.0,0.3,0.004379221726738444,2.763102111592855,0.0015848931924611136,0.5896507663132279,1.0,exponential,405,216.0,216.0,2.9650998,0,0.0,1.0,1.0
10000,1.0,0.3,0.004379221726738444,2.763102111592855,0.0015848931924611136,0.5896507663132279,1.0,exponential,406,2085.0,2085.0,2.9782999,0,0.0,1.0,1.0
10000,1.0,0.3,0.004379221726738444,2.763102111592855,0.0015848931924611136,0.5896507663132279,1.0,exponential,407,4532.0,4532.0,3.0633,0,0.0,1.0,1.0
10000,1.0,0.3,0.004379221726738444,2.763102111592855,0.0015848931924611136,0.5896507663132279,1.0,exponential,408,1346.0,1346.0,2.977,0,0.0,1.0,1.0
10000,1.0,0.3,0.004379221726738444,2.763102111592855,0.0015848931924611136,0.5896507663132279,1.0,exponential,409,2018.0,2018.0,2.8179998,0,0.0,1.0,1.0
10000,1.0,0.3,0.004379221726738444,2.763102111592855,0.0015848931924611136,0.5896507663132279,1.0,exponential,410,2026.0,2026.0,2.8762,0,0.0,1.0,1.0
10000,1.0,0.3,0.004379221726738444,2.763102111592855,0.0015848931924611136,0.5896507663132279,1.0,exponential,411,2868.0,2868.0,3.7898998,0,0.0,1.0,1.0
10000,1.0,0.3,0.004379221726738444,2.763102111592855,0.0015848931924611136,0.5896507663132279,1.0,exponential,412,4522.0,4522.0,2.8753,0,0.0,1.0,1.0
10000,1.0,0.3,0.004379221726738444,2.763102111592855,0.0015848931924611136,0.5896507663132279,1.0,exponential,413,6994.0,6994.0,3.7034,0,0.0,1.0,1.0
10000,1.0,0.3,0.004379221726738444,2.763102111592855,0.0015848931924611136,0.5896507663132279,1.0,exponential,414,416.0,416.0,3.0567,0,0.0,1.0,1.0
10000,1.0,0.3,0.004379221726738444,2.763102111592855,0.0015848931924611136,0.5896507663132279,1.0,exponential,415,2115.0,2115.0,3.016,0,0.0,1.0,1.0
10000,1.0,0.3,0.004379221726738444,2.763102111592855,0.0015848931924611136,0.5896507663132279,1.0,exponential,416,970.0,970.0,2.8985999,0,0.0,1.0,1.0
10000,1.0,0.3,0.004379221726738444,2.763102111592855,0.0015848931924611136,0.5896507663132279,1.0,exponential,417,1897.0,1897.0,2.8139,0,0.0,1.0,1.0
10000,1.0,0.3,0.004379221726738444,2.763102111592855,0.0015848931924611136,0.5896507663132279,1.0,exponential,418,4788.0,4788.0,3.0812,0,0.0,1.0,1.0
10000,1.0,0.3,0.004379221726738444,2.763102111592855,0.0015848931924611136,0.5896507663132279,1.0,exponential,419,890.0,890.0,2.7502,0,0.0,1.0,1.0
10000,1.0,0.3,0.004379221726738444,2.763102111592855,0.0015848931924611136,0.5896507663132279,1.0,exponential,420,365.0,365.0,3.2747,0,0.0,1.0,1.0
10000,1.0,0.3,0.004379221726738444,2.763102111592855,0.0015848931924611136,0.5896507663132279,1.0,exponential,421,2992.0,2992.0,3.5733,0,0.0,1.0,1.0
10000,1.0,0.3,0.004379221726738444,2.763102111592855,0.0015848931924611136,0.5896507663132279,1.0,exponential,422,778.0,778.0,3.0598,0,0.0,1.0,1.0
10000,1.0,0.3,0.004379221726738444,2.763102111592855,0.0015848931924611136,0.5896507663132279,1.0,exponential,423,2655.0,2655.0,2.9206,0,0.0,1.0,1.0
10000,1.0,0.3,0.004379221726738444,2.763102111592855,0.0015848931924611136,0.5896507663132279,1.0,exponential,424,2435.0,2435.0,3.175,0,0.0,1.0,1.0
10000,1.0,0.3,0.004379221726738444,2.763102111592855,0.0015848931924611136,0.5896507663132279,1.0,exponential,425,637.0,637.0,3.0783,0,0.0,1.0,1.0
10000,1.0,0.3,0.004379221726738444,2.763102111592855,0.0015848931924611136,0.5896507663132279,1.0,exponential,426,1973.0,1973.0,3.5202,0,0.0,1.0,1.0
10000,1.0,0.3,0.004379221726738444,2.763102111592855,0.0015848931924611136,0.5896507663132279,1.0,exponential,427,2935.0,2935.0,3.4687,0,0.0,1.0,1.0
10000,1.0,0.3,0.004379221726738444,2.763102111592855,0.0015848931924611136,0.5896507663132279,1.0,exponential,428,3728.0,3728.0,3.4041,0,0.0,1.0,1.0
10000,1.0,0.3,0.004379221726738444,2.763102111592855,0.0015848931924611136,0.5896507663132279,1.0,exponential,429,677.0,677.0,2.4857,0,0.0,1.0,1.0
10000,1.0,0.3,0.004379221726738444,2.763102111592855,0.0015848931924611136,0.5896507663132279,1.0,exponential,430,1866.0,1866.0,3.5421,0,0.0,1.0,1.0
10000,1.0,0.3,0.004379221726738444,2.763102111592855,0.0015848931924611136,0.5896507663132279,1.0,exponential,431,1818.0,1818.0,3.0813,0,0.0,1.0,1.0
10000,1.0,0.3,0.004379221726738444,2.763102111592855,0.0015848931924611136,0.5896507663132279,1.0,exponential,432,472.0,472.0,3.7842,0,0.0,1.0,1.0
10000,1.0,0.3,0.004379221726738444,2.763102111592855,0.0015848931924611136,0.5896507663132279,1.0,exponential,433,2762.0,2762.0,2.8186998,0,0.0,1.0,1.0
10000,1.0,0.3,0.004379221726738444,2.763102111592855,0.0015848931924611136,0.5896507663132279,1.0,exponential,434,6083.0,6083.0,2.9257,0,0.0,1.0,1.0
10000,1.0,0.3,0.004379221726738444,2.763102111592855,0.0015848931924611136,0.5896507663132279,1.0,exponential,435,1619.0,1619.0,2.5616,0,0.0,1.0,1.0
10000,1.0,0.3,0.004379221726738444,2.763102111592855,0.0015848931924611136,0.5896507663132279,1.0,exponential,436,760.0,760.0,3.2689998,0,0.0,1.0,1.0
10000,1.0,0.3,0.004379221726738444,2.763102111592855,0.0015848931924611136,0.5896507663132279,1.0,exponential,437,2047.0,2047.0,3.0014,0,0.0,1.0,1.0
10000,1.0,0.3,0.004379221726738444,2.763102111592855,0.0015848931924611136,0.5896507663132279,1.0,exponential,438,2065.0,2065.0,2.9036,0,0.0,1.0,1.0
10000,1.0,0.3,0.004379221726738444,2.763102111592855,0.0015848931924611136,0.5896507663132279,1.0,exponential,439,3892.0,3892.0,2.7477,0,0.0,1.0,1.0
10000,1.0,0.3,0.004379221726738444,2.763102111592855,0.0015848931924611136,0.5896507663132279,1.0,exponential,440,8724.0,8724.0,2.7331998,0,0.0,1.0,1.0
10000,1.0,0.3,0.004379221726738444,2.763102111592855,0.0015848931924611136,0.5896507663132279,1.0,exponential,441,1309.0,1309.0,2.5586,0,0.0,1.0,1.0
10000,1.0,0.3,0.004379221726738444,2.763102111592855,0.0015848931924611136,0.5896507663132279,1.0,exponential,442,3205.0,3205.0,3.0003998,0,0.0,1.0,1.0
10000,1.0,0.3,0.004379221726738444,2.763102111592855,0.0015848931924611136,0.5896507663132279,1.0,exponential,443,4223.0,4223.0,3.3792999,0,0.0,1.0,1.0
10000,1.0,0.3,0.004379221726738444,2.763102111592855,0.0015848931924611136,0.5896507663132279,1.0,exponential,444,1418.0,1418.0,3.4571998,0,0.0,1.0,1.0
10000,1.0,0.3,0.004379221726738444,2.763102111592855,0.0015848931924611136,0.5896507663132279,1.0,exponential,445,1482.0,1482.0,3.3744998,0,0.0,1.0,1.0
10000,1.0,0.3,0.004379221726738444,2.763102111592855,0.0015848931924611136,0.5896507663132279,1.0,exponential,446,1738.0,1738.0,3.122,0,0.0,1.0,1.0
10000,1.0,0.3,0.004379221726738444,2.763102111592855,0.0015848931924611136,0.5896507663132279,1.0,exponential,447,1237.0,1237.0,3.2307,0,0.0,1.0,1.0
10000,1.0,0.3,0.004379221726738444,2.763102111592855,0.0015848931924611136,0.5896507663132279,1.0,exponential,448,596.0,596.0,3.6272,0,0.0,1.0,1.0
10000,1.0,0.3,0.004379221726738444,2.763102111592855,0.0015848931924611136,0.5896507663132279,1.0,exponential,449,922.0,922.0,2.9970999,0,0.0,1.0,1.0
10000,1.0,0.3,0.004379221726738444,2.763102111592855,0.0015848931924611136,0.5896507663132279,1.0,exponential,450,7447.0,7447.0,3.5170999,0,0.0,1.0,1.0
10000,1.0,0.3,0.004379221726738444,2.763102111592855,0.0015848931924611136,0.5896507663132279,1.0,exponential,451,996.0,996.0,3.0005,0,0.0,1.0,1.0
10000,1.0,0.3,0.004379221726738444,2.763102111592855,0.0015848931924611136,0.5896507663132279,1.0,exponential,452,5528.0,5528.0,3.2721999,0,0.0,1.0,1.0
10000,1.0,0.3,0.004379221726738444,2.763102111592855,0.0015848931924611136,0.5896507663132279,1.0,exponential,453,1017.0,1017.0,3.2292,0,0.0,1.0,1.0
10000,1.0,0.3,0.004379221726738444,2.763102111592855,0.0015848931924611136,0.5896507663132279,1.0,exponential,454,3046.0,3046.0,3.2926998,0,0.0,1.0,1.0
10000,1.0,0.3,0.004379221726738444,2.763102111592855,0.0015848931924611136,0.5896507663132279,1.0,exponential,455,1653.0,1653.0,3.1850998,0,0.0,1.0,1.0
10000,1.0,0.3,0.004379221726738444,2.763102111592855,0.0015848931924611136,0.5896507663132279,1.0,exponential,456,850.0,850.0,3.2222,0,0.0,1.0,1.0
10000,1.0,0.3,0.004379221726738444,2.763102111592855,0.0015848931924611136,0.5896507663132279,1.0,exponential,457,5209.0,5209.0,3.9029999,0,0.0,1.0,1.0
10000,1.0,0.3,0.004379221726738444,2.763102111592855,0.0015848931924611136,0.5896507663132279,1.0,exponential,458,2360.0,2360.0,2.9782999,0,0.0,1.0,1.0
10000,1.0,0.3,0.004379221726738444,2.763102111592855,0.0015848931924611136,0.5896507663132279,1.0,exponential,459,3676.0,3676.0,2.9594998,0,0.0,1.0,1.0
10000,1.0,0.3,0.004379221726738444,2.763102111592855,0.0015848931924611136,0.5896507663132279,1.0,exponential,460,3467.0,3467.0,2.6015,0,0.0,1.0,1.0
10000,1.0,0.3,0.004379221726738444,2.763102111592855,0.0015848931924611136,0.5896507663132279,1.0,exponential,461,2120.0,2120.0,3.37,0,0.0,1.0,1.0
10000,1.0,0.3,0.004379221726738444,2.763102111592855,0.0015848931924611136,0.5896507663132279,1.0,exponential,462,447.0,447.0,2.9733999,0,0.0,1.0,1.0
10000,1.0,0.3,0.004379221726738444,2.763102111592855,0.0015848931924611136,0.5896507663132279,1.0,exponential,463,899.0,899.0,3.355,0,0.0,1.0,1.0
10000,1.0,0.3,0.004379221726738444,2.763102111592855,0.0015848931924611136,0.5896507663132279,1.0,exponential,464,1341.0,1341.0,3.2872999,0,0.0,1.0,1.0
10000,1.0,0.3,0.004379221726738444,2.763102111592855,0.0015848931924611136,0.5896507663132279,1.0,exponential,465,4513.0,4513.0,3.7984998,0,0.0,1.0,1.0
10000,1.0,0.3,0.004379221726738444,2.763102111592855,0.0015848931924611136,0.5896507663132279,1.0,exponential,466,3136.0,3136.0,3.6703,0,0.0,1.0,1.0
10000,1.0,0.3,0.004379221726738444,2.763102111592855,0.0015848931924611136,0.5896507663132279,1.0,exponential,467,4238.0,4238.0,3.2845,0,0.0,1.0,1.0
10000,1.0,0.3,0.004379221726738444,2.763102111592855,0.0015848931924611136,0.5896507663132279,1.0,exponential,468,1593.0,1593.0,3.6896,0,0.0,1.0,1.0
10000,1.0,0.3,0.004379221726738444,2.763102111592855,0.0015848931924611136,0.5896507663132279,1.0,exponential,469,379.0,379.0,3.3156998,0,0.0,1.0,1.0
10000,1.0,0.3,0.004379221726738444,2.763102111592855,0.0015848931924611136,0.5896507663132279,1.0,exponential,470,1286.0,1286.0,3.1625998,0,0.0,1.0,1.0
10000,1.0,0.3,0.004379221726738444,2.763102111592855,0.0015848931924611136,0.5896507663132279,1.0,exponential,471,521.0,521.0,3.2946,0,0.0,1.0,1.0
10000,1.0,0.3,0.004379221726738444,2.763102111592855,0.0015848931924611136,0.5896507663132279,1.0,exponential,472,931.0,931.0,2.9736,0,0.0,1.0,1.0
10000,1.0,0.3,0.004379221726738444,2.763102111592855,0.0015848931924611136,0.5896507663132279,1.0,exponential,473,603.0,603.0,3.1155,0,0.0,1.0,1.0
10000,1.0,0.3,0.004379221726738444,2.763102111592855,0.0015848931924611136,0.5896507663132279,1.0,exponential,474,442.0,442.0,3.2861998,0,0.0,1.0,1.0
10000,1.0,0.3,0.004379221726738444,2.763102111592855,0.0015848931924611136,0.5896507663132279,1.0,exponential,475,2909.0,2909.0,2.8323,0,0.0,1.0,1.0
10000,1.0,0.3,0.004379221726738444,2.763102111592855,0.0015848931924611136,0.5896507663132279,1.0,exponential,476,2819.0,2819.0,2.9689999,0,0.0,1.0,1.0
10000,1.0,0.3,0.004379221726738444,2.763102111592855,0.0015848931924611136,0.5896507663132279,1.0,exponential,477,535.0,535.0,3.5131998,0,0.0,1.0,1.0
10000,1.0,0.3,0.004379221726738444,2.763102111592855,0.0015848931924611136,0.5896507663132279,1.0,exponential,478,1278.0,1278.0,2.7673,0,0.0,1.0,1.0
10000,1.0,0.3,0.004379221726738444,2.763102111592855,0.0015848931924611136,0.5896507663132279,1.0,exponential,479,1976.0,1976.0,3.1724,0,0.0,1.0,1.0
10000,1.0,0.3,0.004379221726738444,2.763102111592855,0.0015848931924611136,0.5896507663132279,1.0,exponential,480,1338.0,1338.0,2.9139,0,0.0,1.0,1.0
10000,1.0,0.3,0.004379221726738444,2.763102111592855,0.0015848931924611136,0.5896507663132279,1.0,exponential,481,9467.0,9467.0,2.9171999,0,0.0,1.0,1.0
10000,1.0,0.3,0.004379221726738444,2.763102111592855,0.0015848931924611136,0.5896507663132279,1.0,exponential,482,964.0,964.0,3.3874998,0,0.0,1.0,1.0
10000,1.0,0.3,0.004379221726738444,2.763102111592855,0.0015848931924611136,0.5896507663132279,1.0,exponential,483,5800.0,5800.0,2.6849,0,0.0,1.0,1.0
10000,1.0,0.3,0.004379221726738444,2.763102111592855,0.0015848931924611136,0.5896507663132279,1.0,exponential,484,5795.0,5795.0,3.0226998,0,0.0,1.0,1.0
10000,1.0,0.3,0.004379221726738444,2.763102111592855,0.0015848931924611136,0.5896507663132279,1.0,exponential,485,1128.0,1128.0,3.0196998,0,0.0,1.0,1.0
10000,1.0,0.3,0.004379221726738444,2.763102111592855,0.0015848931924611136,0.5896507663132279,1.0,exponential,486,2009.0,2009.0,3.2854,0,0.0,1.0,1.0
10000,1.0,0.3,0.004379221726738444,2.763102111592855,0.0015848931924611136,0.5896507663132279,1.0,exponential,487,1799.0,1799.0,3.3676,0,0.0,1.0,1.0
10000,1.0,0.3,0.004379221726738444,2.763102111592855,0.0015848931924611136,0.5896507663132279,1.0,exponential,488,501.0,501.0,2.9743,0,0.0,1.0,1.0
10000,1.0,0.3,0.004379221726738444,2.763102111592855,0.0015848931924611136,0.5896507663132279,1.0,exponential,489,4802.0,4802.0,3.5037,0,0.0,1.0,1.0
10000,1.0,0.3,0.004379221726738444,2.763102111592855,0.0015848931924611136,0.5896507663132279,1.0,exponential,490,827.0,827.0,3.3213,0,0.0,1.0,1.0
10000,1.0,0.3,0.004379221726738444,2.763102111592855,0.0015848931924611136,0.5896507663132279,1.0,exponential,491,1063.0,1063.0,3.3248,0,0.0,1.0,1.0
10000,1.0,0.3,0.004379221726738444,2.763102111592855,0.0015848931924611136,0.5896507663132279,1.0,exponential,492,1718.0,1718.0,3.7017,0,0.0,1.0,1.0
10000,1.0,0.3,0.004379221726738444,2.763102111592855,0.0015848931924611136,0.5896507663132279,1.0,exponential,493,1403.0,1403.0,3.0774,0,0.0,1.0,1.0
10000,1.0,0.3,0.004379221726738444,2.763102111592855,0.0015848931924611136,0.5896507663132279,1.0,exponential,494,732.0,732.0,3.0911,0,0.0,1.0,1.0
10000,1.0,0.3,0.004379221726738444,2.763102111592855,0.0015848931924611136,0.5896507663132279,1.0,exponential,495,1345.0,1345.0,3.1424,0,0.0,1.0,1.0
10000,1.0,0.3,0.004379221726738444,2.763102111592855,0.0015848931924611136,0.5896507663132279,1.0,exponential,496,3880.0,3880.0,3.5377998,0,0.0,1.0,1.0
10000,1.0,0.3,0.004379221726738444,2.763102111592855,0.0015848931924611136,0.5896507663132279,1.0,exponential,497,341.0,341.0,3.0245,0,0.0,1.0,1.0
10000,1.0,0.3,0.004379221726738444,2.763102111592855,0.0015848931924611136,0.5896507663132279,1.0,exponential,498,2386.0,2386.0,3.633,0,0.0,1.0,1.0
10000,1.0,0.3,0.004379221726738444,2.763102111592855,0.0015848931924611136,0.5896507663132279,1.0,exponential,499,1774.0,1774.0,2.6632,0,0.0,1.0,1.0
10000,1.0,0.3,0.004379221726738444,2.763102111592855,0.0015848931924611136,0.5896507663132279,1.0,exponential,500,632.0,632.0,3.0491,0,0.0,1.0,1.0
10000,1.0,0.3,0.004379221726738444,2.763102111592855,0.0015848931924611136,0.5896507663132279,1.0,exponential,501,6540.0,6540.0,3.0428,0,0.0,1.0,1.0
10000,1.0,0.3,0.004379221726738444,2.763102111592855,0.0015848931924611136,0.5896507663132279,1.0,exponential,502,808.0,808.0,2.7874,0,0.0,1.0,1.0
10000,1.0,0.3,0.004379221726738444,2.763102111592855,0.0015848931924611136,0.5896507663132279,1.0,exponential,503,6627.0,6627.0,3.339,0,0.0,1.0,1.0
10000,1.0,0.3,0.004379221726738444,2.763102111592855,0.0015848931924611136,0.5896507663132279,1.0,exponential,504,1139.0,1139.0,3.1564999,0,0.0,1.0,1.0
10000,1.0,0.3,0.004379221726738444,2.763102111592855,0.0015848931924611136,0.5896507663132279,1.0,exponential,505,1470.0,1470.0,3.721,0,0.0,1.0,1.0
10000,1.0,0.3,0.004379221726738444,2.763102111592855,0.0015848931924611136,0.5896507663132279,1.0,exponential,506,8210.0,8210.0,2.4893,0,0.0,1.0,1.0
10000,1.0,0.3,0.004379221726738444,2.763102111592855,0.0015848931924611136,0.5896507663132279,1.0,exponential,507,2631.0,2631.0,3.2107,0,0.0,1.0,1.0
10000,1.0,0.3,0.004379221726738444,2.763102111592855,0.0015848931924611136,0.5896507663132279,1.0,exponential,508,1810.0,1810.0,2.9775,0,0.0,1.0,1.0
10000,1.0,0.3,0.004379221726738444,2.763102111592855,0.0015848931924611136,0.5896507663132279,1.0,exponential,509,2178.0,2178.0,2.7247999,0,0.0,1.0,1.0
10000,1.0,0.3,0.004379221726738444,2.763102111592855,0.0015848931924611136,0.5896507663132279,1.0,exponential,510,6557.0,6557.0,3.0084999,0,0.0,1.0,1.0
10000,1.0,0.3,0.004379221726738444,2.763102111592855,0.0015848931924611136,0.5896507663132279,1.0,exponential,511,319.0,319.0,2.6304,0,0.0,1.0,1.0
10000,1.0,0.3,0.004379221726738444,2.763102111592855,0.0015848931924611136,0.5896507663132279,1.0,exponential,512,4670.0,4670.0,2.9350998,0,0.0,1.0,1.0
10000,1.0,0.3,0.004379221726738444,2.763102111592855,0.0015848931924611136,0.5896507663132279,1.0,exponential,513,2786.0,2786.0,2.6885,0,0.0,1.0,1.0
10000,1.0,0.3,0.004379221726738444,2.763102111592855,0.0015848931924611136,0.5896507663132279,1.0,exponential,514,5186.0,5186.0,2.9942,0,0.0,1.0,1.0
10000,1.0,0.3,0.004379221726738444,2.763102111592855,0.0015848931924611136,0.5896507663132279,1.0,exponential,515,727.0,727.0,3.6197999,0,0.0,1.0,1.0
10000,1.0,0.3,0.004379221726738444,2.763102111592855,0.0015848931924611136,0.5896507663132279,1.0,exponential,516,1695.0,1695.0,3.3193,0,0.0,1.0,1.0
10000,1.0,0.3,0.004379221726738444,2.763102111592855,0.0015848931924611136,0.5896507663132279,1.0,exponential,517,1132.0,1132.0,3.379,0,0.0,1.0,1.0
10000,1.0,0.3,0.004379221726738444,2.763102111592855,0.0015848931924611136,0.5896507663132279,1.0,exponential,518,795.0,795.0,3.2854,0,0.0,1.0,1.0
10000,1.0,0.3,0.004379221726738444,2.763102111592855,0.0015848931924611136,0.5896507663132279,1.0,exponential,519,3764.0,3764.0,2.9396,0,0.0,1.0,1.0
10000,1.0,0.3,0.004379221726738444,2.763102111592855,0.0015848931924611136,0.5896507663132279,1.0,exponential,520,3377.0,3377.0,3.1985,0,0.0,1.0,1.0
10000,1.0,0.3,0.004379221726738444,2.763102111592855,0.0015848931924611136,0.5896507663132279,1.0,exponential,521,1653.0,1653.0,2.7173998,0,0.0,1.0,1.0
10000,1.0,0.3,0.004379221726738444,2.763102111592855,0.0015848931924611136,0.5896507663132279,1.0,exponential,522,8257.0,8257.0,3.4482,0,0.0,1.0,1.0
10000,1.0,0.3,0.004379221726738444,2.763102111592855,0.0015848931924611136,0.5896507663132279,1.0,exponential,523,2373.0,2373.0,3.2401,0,0.0,1.0,1.0
10000,1.0,0.3,0.004379221726738444,2.763102111592855,0.0015848931924611136,0.5896507663132279,1.0,exponential,524,370.0,370.0,3.2408,0,0.0,1.0,1.0
10000,1.0,0.3,0.004379221726738444,2.763102111592855,0.0015848931924611136,0.5896507663132279,1.0,exponential,525,1489.0,1489.0,3.0709,0,0.0,1.0,1.0
10000,1.0,0.3,0.004379221726738444,2.763102111592855,0.0015848931924611136,0.5896507663132279,1.0,exponential,526,2733.0,2733.0,3.1801,0,0.0,1.0,1.0
10000,1.0,0.3,0.004379221726738444,2.763102111592855,0.0015848931924611136,0.5896507663132279,1.0,exponential,527,2921.0,2921.0,3.3702998,0,0.0,1.0,1.0
10000,1.0,0.3,0.004379221726738444,2.763102111592855,0.0015848931924611136,0.5896507663132279,1.0,exponential,528,1990.0,1990.0,2.8845,0,0.0,1.0,1.0
10000,1.0,0.3,0.004379221726738444,2.763102111592855,0.0015848931924611136,0.5896507663132279,1.0,exponential,529,1947.0,1947.0,2.7145998,0,0.0,1.0,1.0
10000,1.0,0.3,0.004379221726738444,2.763102111592855,0.0015848931924611136,0.5896507663132279,1.0,exponential,530,6174.0,6174.0,3.4701998,0,0.0,1.0,1.0
10000,1.0,0.3,0.004379221726738444,2.763102111592855,0.0015848931924611136,0.5896507663132279,1.0,exponential,531,1340.0,1340.0,3.1764998,0,0.0,1.0,1.0
10000,1.0,0.3,0.004379221726738444,2.763102111592855,0.0015848931924611136,0.5896507663132279,1.0,exponential,532,289.0,289.0,2.9571998,0,0.0,1.0,1.0
10000,1.0,0.3,0.004379221726738444,2.763102111592855,0.0015848931924611136,0.5896507663132279,1.0,exponential,533,1443.0,1443.0,2.9915,0,0.0,1.0,1.0
10000,1.0,0.3,0.004379221726738444,2.763102111592855,0.0015848931924611136,0.5896507663132279,1.0,exponential,534,1944.0,1944.0,2.643,0,0.0,1.0,1.0
10000,1.0,0.3,0.004379221726738444,2.763102111592855,0.0015848931924611136,0.5896507663132279,1.0,exponential,535,2117.0,2117.0,3.8532999,0,0.0,1.0,1.0
10000,1.0,0.3,0.004379221726738444,2.763102111592855,0.0015848931924611136,0.5896507663132279,1.0,exponential,536,3050.0,3050.0,3.1715,0,0.0,1.0,1.0
10000,1.0,0.3,0.004379221726738444,2.763102111592855,0.0015848931924611136,0.5896507663132279,1.0,exponential,537,1241.0,1241.0,2.9947999,0,0.0,1.0,1.0
10000,1.0,0.3,0.004379221726738444,2.763102111592855,0.0015848931924611136,0.5896507663132279,1.0,exponential,538,2265.0,2265.0,2.8478,0,0.0,1.0,1.0
10000,1.0,0.3,0.004379221726738444,2.763102111592855,0.0015848931924611136,0.5896507663132279,1.0,exponential,539,10994.0,10994.0,4.3933,0,0.0,1.0,1.0
10000,1.0,0.3,0.004379221726738444,2.763102111592855,0.0015848931924611136,0.5896507663132279,1.0,exponential,540,1319.0,1319.0,2.8687,0,0.0,1.0,1.0
10000,1.0,0.3,0.004379221726738444,2.763102111592855,0.0015848931924611136,0.5896507663132279,1.0,exponential,541,529.0,529.0,3.0884,0,0.0,1.0,1.0
10000,1.0,0.3,0.004379221726738444,2.763102111592855,0.0015848931924611136,0.5896507663132279,1.0,exponential,542,4928.0,4928.0,2.7812998,0,0.0,1.0,1.0
10000,1.0,0.3,0.004379221726738444,2.763102111592855,0.0015848931924611136,0.5896507663132279,1.0,exponential,543,3313.0,3313.0,3.4120998,0,0.0,1.0,1.0
10000,1.0,0.3,0.004379221726738444,2.763102111592855,0.0015848931924611136,0.5896507663132279,1.0,exponential,544,1695.0,1695.0,3.3005,0,0.0,1.0,1.0
10000,1.0,0.3,0.004379221726738444,2.763102111592855,0.0015848931924611136,0.5896507663132279,1.0,exponential,545,4510.0,4510.0,3.4009,0,0.0,1.0,1.0
10000,1.0,0.3,0.004379221726738444,2.763102111592855,0.0015848931924611136,0.5896507663132279,1.0,exponential,546,14666.0,14666.0,2.9836,0,0.0,1.0,1.0
10000,1.0,0.3,0.004379221726738444,2.763102111592855,0.0015848931924611136,0.5896507663132279,1.0,exponential,547,1573.0,1573.0,3.1469998,0,0.0,1.0,1.0
10000,1.0,0.3,0.004379221726738444,2.763102111592855,0.0015848931924611136,0.5896507663132279,1.0,exponential,548,1169.0,1169.0,3.4963,0,0.0,1.0,1.0
10000,1.0,0.3,0.004379221726738444,2.763102111592855,0.0015848931924611136,0.5896507663132279,1.0,exponential,549,660.0,660.0,3.0716,0,0.0,1.0,1.0
10000,1.0,0.3,0.004379221726738444,2.763102111592855,0.0015848931924611136,0.5896507663132279,1.0,exponential,550,3831.0,3831.0,4.1933,0,0.0,1.0,1.0
10000,1.0,0.3,0.004379221726738444,2.763102111592855,0.0015848931924611136,0.5896507663132279,1.0,exponential,551,3535.0,3535.0,2.7828999,0,0.0,1.0,1.0
10000,1.0,0.3,0.004379221726738444,2.763102111592855,0.0015848931924611136,0.5896507663132279,1.0,exponential,552,969.0,969.0,3.5795,0,0.0,1.0,1.0
10000,1.0,0.3,0.004379221726738444,2.763102111592855,0.0015848931924611136,0.5896507663132279,1.0,exponential,553,5293.0,5293.0,3.3030999,0,0.0,1.0,1.0
10000,1.0,0.3,0.004379221726738444,2.763102111592855,0.0015848931924611136,0.5896507663132279,1.0,exponential,554,713.0,713.0,3.1074998,0,0.0,1.0,1.0
10000,1.0,0.3,0.004379221726738444,2.763102111592855,0.0015848931924611136,0.5896507663132279,1.0,exponential,555,244.0,244.0,3.0907,0,0.0,1.0,1.0
10000,1.0,0.3,0.004379221726738444,2.763102111592855,0.0015848931924611136,0.5896507663132279,1.0,exponential,556,3704.0,3704.0,3.4169,0,0.0,1.0,1.0
10000,1.0,0.3,0.004379221726738444,2.763102111592855,0.0015848931924611136,0.5896507663132279,1.0,exponential,557,1708.0,1708.0,3.3718998,0,0.0,1.0,1.0
10000,1.0,0.3,0.004379221726738444,2.763102111592855,0.0015848931924611136,0.5896507663132279,1.0,exponential,558,833.0,833.0,2.7983,0,0.0,1.0,1.0
10000,1.0,0.3,0.004379221726738444,2.763102111592855,0.0015848931924611136,0.5896507663132279,1.0,exponential,559,8064.0,8064.0,3.4929,0,0.0,1.0,1.0
10000,1.0,0.3,0.004379221726738444,2.763102111592855,0.0015848931924611136,0.5896507663132279,1.0,exponential,560,708.0,708.0,2.8573,0,0.0,1.0,1.0
10000,1.0,0.3,0.004379221726738444,2.763102111592855,0.0015848931924611136,0.5896507663132279,1.0,exponential,561,9007.0,9007.0,3.2387,0,0.0,1.0,1.0
10000,1.0,0.3,0.004379221726738444,2.763102111592855,0.0015848931924611136,0.5896507663132279,1.0,exponential,562,1610.0,1610.0,2.997,0,0.0,1.0,1.0
10000,1.0,0.3,0.004379221726738444,2.763102111592855,0.0015848931924611136,0.5896507663132279,1.0,exponential,563,3234.0,3234.0,3.1792998,0,0.0,1.0,1.0
10000,1.0,0.3,0.004379221726738444,2.763102111592855,0.0015848931924611136,0.5896507663132279,1.0,exponential,564,958.0,958.0,2.7208998,0,0.0,1.0,1.0
10000,1.0,0.3,0.004379221726738444,2.763102111592855,0.0015848931924611136,0.5896507663132279,1.0,exponential,565,1347.0,1347.0,2.6859999,0,0.0,1.0,1.0
10000,1.0,0.3,0.004379221726738444,2.763102111592855,0.0015848931924611136,0.5896507663132279,1.0,exponential,566,615.0,615.0,3.6195998,0,0.0,1.0,1.0
10000,1.0,0.3,0.004379221726738444,2.763102111592855,0.0015848931924611136,0.5896507663132279,1.0,exponential,567,4400.0,4400.0,3.1650999,0,0.0,1.0,1.0
10000,1.0,0.3,0.004379221726738444,2.763102111592855,0.0015848931924611136,0.5896507663132279,1.0,exponential,568,2512.0,2512.0,2.8198,0,0.0,1.0,1.0
10000,1.0,0.3,0.004379221726738444,2.763102111592855,0.0015848931924611136,0.5896507663132279,1.0,exponential,569,926.0,926.0,2.5804,0,0.0,1.0,1.0
10000,1.0,0.3,0.004379221726738444,2.763102111592855,0.0015848931924611136,0.5896507663132279,1.0,exponential,570,1106.0,1106.0,3.3687,0,0.0,1.0,1.0
10000,1.0,0.3,0.004379221726738444,2.763102111592855,0.0015848931924611136,0.5896507663132279,1.0,exponential,571,1417.0,1417.0,3.8537,0,0.0,1.0,1.0
10000,1.0,0.3,0.004379221726738444,2.763102111592855,0.0015848931924611136,0.5896507663132279,1.0,exponential,572,363.0,363.0,3.0407,0,0.0,1.0,1.0
10000,1.0,0.3,0.004379221726738444,2.763102111592855,0.0015848931924611136,0.5896507663132279,1.0,exponential,573,1903.0,1903.0,3.0267,0,0.0,1.0,1.0
10000,1.0,0.3,0.004379221726738444,2.763102111592855,0.0015848931924611136,0.5896507663132279,1.0,exponential,574,1168.0,1168.0,3.6875,0,0.0,1.0,1.0
10000,1.0,0.3,0.004379221726738444,2.763102111592855,0.0015848931924611136,0.5896507663132279,1.0,exponential,575,352.0,352.0,3.0091,0,0.0,1.0,1.0
10000,1.0,0.3,0.004379221726738444,2.763102111592855,0.0015848931924611136,0.5896507663132279,1.0,exponential,576,756.0,756.0,2.7628,0,0.0,1.0,1.0
10000,1.0,0.3,0.004379221726738444,2.763102111592855,0.0015848931924611136,0.5896507663132279,1.0,exponential,577,8176.0,8176.0,2.8817,0,0.0,1.0,1.0
10000,1.0,0.3,0.004379221726738444,2.763102111592855,0.0015848931924611136,0.5896507663132279,1.0,exponential,578,1820.0,1820.0,2.8774998,0,0.0,1.0,1.0
10000,1.0,0.3,0.004379221726738444,2.763102111592855,0.0015848931924611136,0.5896507663132279,1.0,exponential,579,2171.0,2171.0,2.7849,0,0.0,1.0,1.0
10000,1.0,0.3,0.004379221726738444,2.763102111592855,0.0015848931924611136,0.5896507663132279,1.0,exponential,580,4604.0,4604.0,2.9308999,0,0.0,1.0,1.0
10000,1.0,0.3,0.004379221726738444,2.763102111592855,0.0015848931924611136,0.5896507663132279,1.0,exponential,581,1636.0,1636.0,2.9933999,0,0.0,1.0,1.0
10000,1.0,0.3,0.004379221726738444,2.763102111592855,0.0015848931924611136,0.5896507663132279,1.0,exponential,582,2572.0,2572.0,3.1255,0,0.0,1.0,1.0
10000,1.0,0.3,0.004379221726738444,2.763102111592855,0.0015848931924611136,0.5896507663132279,1.0,exponential,583,3526.0,3526.0,2.8251998,0,0.0,1.0,1.0
10000,1.0,0.3,0.004379221726738444,2.763102111592855,0.0015848931924611136,0.5896507663132279,1.0,exponential,584,2188.0,2188.0,2.8,0,0.0,1.0,1.0
10000,1.0,0.3,0.004379221726738444,2.763102111592855,0.0015848931924611136,0.5896507663132279,1.0,exponential,585,1137.0,1137.0,3.1392,0,0.0,1.0,1.0
10000,1.0,0.3,0.004379221726738444,2.763102111592855,0.0015848931924611136,0.5896507663132279,1.0,exponential,586,707.0,707.0,2.8467999,0,0.0,1.0,1.0
10000,1.0,0.3,0.004379221726738444,2.763102111592855,0.0015848931924611136,0.5896507663132279,1.0,exponential,587,2515.0,2515.0,3.4736,0,0.0,1.0,1.0
10000,1.0,0.3,0.004379221726738444,2.763102111592855,0.0015848931924611136,0.5896507663132279,1.0,exponential,588,908.0,908.0,3.1062,0,0.0,1.0,1.0
10000,1.0,0.3,0.004379221726738444,2.763102111592855,0.0015848931924611136,0.5896507663132279,1.0,exponential,589,3416.0,3416.0,2.7749,0,0.0,1.0,1.0
10000,1.0,0.3,0.004379221726738444,2.763102111592855,0.0015848931924611136,0.5896507663132279,1.0,exponential,590,1120.0,1120.0,3.0142999,0,0.0,1.0,1.0
10000,1.0,0.3,0.004379221726738444,2.763102111592855,0.0015848931924611136,0.5896507663132279,1.0,exponential,591,2211.0,2211.0,3.7294,0,0.0,1.0,1.0
10000,1.0,0.3,0.004379221726738444,2.763102111592855,0.0015848931924611136,0.5896507663132279,1.0,exponential,592,1294.0,1294.0,2.5802999,0,0.0,1.0,1.0
10000,1.0,0.3,0.004379221726738444,2.763102111592855,0.0015848931924611136,0.5896507663132279,1.0,exponential,593,821.0,821.0,2.5781999,0,0.0,1.0,1.0
10000,1.0,0.3,0.004379221726738444,2.763102111592855,0.0015848931924611136,0.5896507663132279,1.0,exponential,594,507.0,507.0,2.7373998,0,0.0,1.0,1.0
10000,1.0,0.3,0.004379221726738444,2.763102111592855,0.0015848931924611136,0.5896507663132279,1.0,exponential,595,1053.0,1053.0,3.0177999,0,0.0,1.0,1.0
10000,1.0,0.3,0.004379221726738444,2.763102111592855,0.0015848931924611136,0.5896507663132279,1.0,exponential,596,1805.0,1805.0,3.2814999,0,0.0,1.0,1.0
10000,1.0,0.3,0.004379221726738444,2.763102111592855,0.0015848931924611136,0.5896507663132279,1.0,exponential,597,4329.0,4329.0,3.3009,0,0.0,1.0,1.0
10000,1.0,0.3,0.004379221726738444,2.763102111592855,0.0015848931924611136,0.5896507663132279,1.0,exponential,598,4315.0,4315.0,2.9944,0,0.0,1.0,1.0
10000,1.0,0.3,0.004379221726738444,2.763102111592855,0.0015848931924611136,0.5896507663132279,1.0,exponential,599,1069.0,1069.0,3.0451999,0,0.0,1.0,1.0
10000,1.0,0.3,0.004379221726738444,2.763102111592855,0.0015848931924611136,0.5896507663132279,1.0,exponential,600,4219.0,4219.0,3.0194,0,0.0,1.0,1.0
10000,1.0,0.3,0.004379221726738444,2.763102111592855,0.0015848931924611136,0.5896507663132279,1.0,exponential,601,853.0,853.0,3.5579998,0,0.0,1.0,1.0
10000,1.0,0.3,0.004379221726738444,2.763102111592855,0.0015848931924611136,0.5896507663132279,1.0,exponential,602,3184.0,3184.0,2.8288,0,0.0,1.0,1.0
10000,1.0,0.3,0.004379221726738444,2.763102111592855,0.0015848931924611136,0.5896507663132279,1.0,exponential,603,3645.0,3645.0,2.8867998,0,0.0,1.0,1.0
10000,1.0,0.3,0.004379221726738444,2.763102111592855,0.0015848931924611136,0.5896507663132279,1.0,exponential,604,1542.0,1542.0,3.3033998,0,0.0,1.0,1.0
10000,1.0,0.3,0.004379221726738444,2.763102111592855,0.0015848931924611136,0.5896507663132279,1.0,exponential,605,1026.0,1026.0,3.0307999,0,0.0,1.0,1.0
10000,1.0,0.3,0.004379221726738444,2.763102111592855,0.0015848931924611136,0.5896507663132279,1.0,exponential,606,3329.0,3329.0,3.2977998,0,0.0,1.0,1.0
10000,1.0,0.3,0.004379221726738444,2.763102111592855,0.0015848931924611136,0.5896507663132279,1.0,exponential,607,5466.0,5466.0,3.0762,0,0.0,1.0,1.0
10000,1.0,0.3,0.004379221726738444,2.763102111592855,0.0015848931924611136,0.5896507663132279,1.0,exponential,608,1536.0,1536.0,3.1829998,0,0.0,1.0,1.0
10000,1.0,0.3,0.004379221726738444,2.763102111592855,0.0015848931924611136,0.5896507663132279,1.0,exponential,609,3954.0,3954.0,3.6104999,0,0.0,1.0,1.0
10000,1.0,0.3,0.004379221726738444,2.763102111592855,0.0015848931924611136,0.5896507663132279,1.0,exponential,610,2857.0,2857.0,2.9564998,0,0.0,1.0,1.0
10000,1.0,0.3,0.004379221726738444,2.763102111592855,0.0015848931924611136,0.5896507663132279,1.0,exponential,611,1677.0,1677.0,2.9419,0,0.0,1.0,1.0
10000,1.0,0.3,0.004379221726738444,2.763102111592855,0.0015848931924611136,0.5896507663132279,1.0,exponential,612,6131.0,6131.0,3.5577998,0,0.0,1.0,1.0
10000,1.0,0.3,0.004379221726738444,2.763102111592855,0.0015848931924611136,0.5896507663132279,1.0,exponential,613,4295.0,4295.0,3.1764998,0,0.0,1.0,1.0
10000,1.0,0.3,0.004379221726738444,2.763102111592855,0.0015848931924611136,0.5896507663132279,1.0,exponential,614,939.0,939.0,3.5992,0,0.0,1.0,1.0
10000,1.0,0.3,0.004379221726738444,2.763102111592855,0.0015848931924611136,0.5896507663132279,1.0,exponential,615,1784.0,1784.0,3.5033998,0,0.0,1.0,1.0
10000,1.0,0.3,0.004379221726738444,2.763102111592855,0.0015848931924611136,0.5896507663132279,1.0,exponential,616,735.0,735.0,3.366,0,0.0,1.0,1.0
10000,1.0,0.3,0.004379221726738444,2.763102111592855,0.0015848931924611136,0.5896507663132279,1.0,exponential,617,586.0,586.0,3.3391,0,0.0,1.0,1.0
10000,1.0,0.3,0.004379221726738444,2.763102111592855,0.0015848931924611136,0.5896507663132279,1.0,exponential,618,2107.0,2107.0,3.0126998,0,0.0,1.0,1.0
10000,1.0,0.3,0.004379221726738444,2.763102111592855,0.0015848931924611136,0.5896507663132279,1.0,exponential,619,624.0,624.0,2.9529,0,0.0,1.0,1.0
10000,1.0,0.3,0.004379221726738444,2.763102111592855,0.0015848931924611136,0.5896507663132279,1.0,exponential,620,604.0,604.0,2.8981,0,0.0,1.0,1.0
10000,1.0,0.3,0.004379221726738444,2.763102111592855,0.0015848931924611136,0.5896507663132279,1.0,exponential,621,1368.0,1368.0,2.8857,0,0.0,1.0,1.0
10000,1.0,0.3,0.004379221726738444,2.763102111592855,0.0015848931924611136,0.5896507663132279,1.0,exponential,622,4028.0,4028.0,3.4503,0,0.0,1.0,1.0
10000,1.0,0.3,0.004379221726738444,2.763102111592855,0.0015848931924611136,0.5896507663132279,1.0,exponential,623,1391.0,1391.0,2.9629998,0,0.0,1.0,1.0
10000,1.0,0.3,0.004379221726738444,2.763102111592855,0.0015848931924611136,0.5896507663132279,1.0,exponential,624,2080.0,2080.0,3.1492999,0,0.0,1.0,1.0
10000,1.0,0.3,0.004379221726738444,2.763102111592855,0.0015848931924611136,0.5896507663132279,1.0,exponential,625,745.0,745.0,3.2031999,0,0.0,1.0,1.0
10000,1.0,0.3,0.004379221726738444,2.763102111592855,0.0015848931924611136,0.5896507663132279,1.0,exponential,626,2337.0,2337.0,2.8971999,0,0.0,1.0,1.0
10000,1.0,0.3,0.004379221726738444,2.763102111592855,0.0015848931924611136,0.5896507663132279,1.0,exponential,627,1019.0,1019.0,2.8804998,0,0.0,1.0,1.0
10000,1.0,0.3,0.004379221726738444,2.763102111592855,0.0015848931924611136,0.5896507663132279,1.0,exponential,628,985.0,985.0,2.5295,0,0.0,1.0,1.0
10000,1.0,0.3,0.004379221726738444,2.763102111592855,0.0015848931924611136,0.5896507663132279,1.0,exponential,629,1999.0,1999.0,3.3483,0,0.0,1.0,1.0
10000,1.0,0.3,0.004379221726738444,2.763102111592855,0.0015848931924611136,0.5896507663132279,1.0,exponential,630,974.0,974.0,2.8713,0,0.0,1.0,1.0
10000,1.0,0.3,0.004379221726738444,2.763102111592855,0.0015848931924611136,0.5896507663132279,1.0,exponential,631,541.0,541.0,3.4798,0,0.0,1.0,1.0
10000,1.0,0.3,0.004379221726738444,2.763102111592855,0.0015848931924611136,0.5896507663132279,1.0,exponential,632,5616.0,5616.0,3.4075,0,0.0,1.0,1.0
10000,1.0,0.3,0.004379221726738444,2.763102111592855,0.0015848931924611136,0.5896507663132279,1.0,exponential,633,3413.0,3413.0,4.1851,0,0.0,1.0,1.0
10000,1.0,0.3,0.004379221726738444,2.763102111592855,0.0015848931924611136,0.5896507663132279,1.0,exponential,634,2571.0,2571.0,3.3102999,0,0.0,1.0,1.0
10000,1.0,0.3,0.004379221726738444,2.763102111592855,0.0015848931924611136,0.5896507663132279,1.0,exponential,635,18371.0,18371.0,3.1739,0,0.0,1.0,1.0
10000,1.0,0.3,0.004379221726738444,2.763102111592855,0.0015848931924611136,0.5896507663132279,1.0,exponential,636,3301.0,3301.0,3.3976,0,0.0,1.0,1.0
10000,1.0,0.3,0.004379221726738444,2.763102111592855,0.0015848931924611136,0.5896507663132279,1.0,exponential,637,10123.0,10123.0,3.103,0,0.0,1.0,1.0
10000,1.0,0.3,0.004379221726738444,2.763102111592855,0.0015848931924611136,0.5896507663132279,1.0,exponential,638,720.0,720.0,2.9766998,0,0.0,1.0,1.0
10000,1.0,0.3,0.004379221726738444,2.763102111592855,0.0015848931924611136,0.5896507663132279,1.0,exponential,639,622.0,622.0,2.9047,0,0.0,1.0,1.0
10000,1.0,0.3,0.004379221726738444,2.763102111592855,0.0015848931924611136,0.5896507663132279,1.0,exponential,640,3779.0,3779.0,3.1908,0,0.0,1.0,1.0
10000,1.0,0.3,0.004379221726738444,2.763102111592855,0.0015848931924611136,0.5896507663132279,1.0,exponential,641,825.0,825.0,3.1929998,0,0.0,1.0,1.0
10000,1.0,0.3,0.004379221726738444,2.763102111592855,0.0015848931924611136,0.5896507663132279,1.0,exponential,642,1125.0,1125.0,3.3923,0,0.0,1.0,1.0
10000,1.0,0.3,0.004379221726738444,2.763102111592855,0.0015848931924611136,0.5896507663132279,1.0,exponential,643,5140.0,5140.0,2.6838999,0,0.0,1.0,1.0
10000,1.0,0.3,0.004379221726738444,2.763102111592855,0.0015848931924611136,0.5896507663132279,1.0,exponential,644,902.0,902.0,3.6545,0,0.0,1.0,1.0
10000,1.0,0.3,0.004379221726738444,2.763102111592855,0.0015848931924611136,0.5896507663132279,1.0,exponential,645,14385.0,14385.0,2.8464,0,0.0,1.0,1.0
10000,1.0,0.3,0.004379221726738444,2.763102111592855,0.0015848931924611136,0.5896507663132279,1.0,exponential,646,583.0,583.0,3.0003,0,0.0,1.0,1.0
10000,1.0,0.3,0.004379221726738444,2.763102111592855,0.0015848931924611136,0.5896507663132279,1.0,exponential,647,778.0,778.0,3.5110998,0,0.0,1.0,1.0
10000,1.0,0.3,0.004379221726738444,2.763102111592855,0.0015848931924611136,0.5896507663132279,1.0,exponential,648,2354.0,2354.0,3.4457,0,0.0,1.0,1.0
10000,1.0,0.3,0.004379221726738444,2.763102111592855,0.0015848931924611136,0.5896507663132279,1.0,exponential,649,6303.0,6303.0,3.3569,0,0.0,1.0,1.0
10000,1.0,0.3,0.004379221726738444,2.763102111592855,0.0015848931924611136,0.5896507663132279,1.0,exponential,650,1645.0,1645.0,3.2066998,0,0.0,1.0,1.0
10000,1.0,0.3,0.004379221726738444,2.763102111592855,0.0015848931924611136,0.5896507663132279,1.0,exponential,651,4430.0,4430.0,3.3576999,0,0.0,1.0,1.0
10000,1.0,0.3,0.004379221726738444,2.763102111592855,0.0015848931924611136,0.5896507663132279,1.0,exponential,652,1023.0,1023.0,3.6416,0,0.0,1.0,1.0
10000,1.0,0.3,0.004379221726738444,2.763102111592855,0.0015848931924611136,0.5896507663132279,1.0,exponential,653,2746.0,2746.0,3.6095998,0,0.0,1.0,1.0
10000,1.0,0.3,0.004379221726738444,2.763102111592855,0.0015848931924611136,0.5896507663132279,1.0,exponential,654,3486.0,3486.0,2.9229,0,0.0,1.0,1.0
10000,1.0,0.3,0.004379221726738444,2.763102111592855,0.0015848931924611136,0.5896507663132279,1.0,exponential,655,573.0,573.0,2.5986,0,0.0,1.0,1.0
10000,1.0,0.3,0.004379221726738444,2.763102111592855,0.0015848931924611136,0.5896507663132279,1.0,exponential,656,3992.0,3992.0,3.1489,0,0.0,1.0,1.0
10000,1.0,0.3,0.004379221726738444,2.763102111592855,0.0015848931924611136,0.5896507663132279,1.0,exponential,657,430.0,430.0,3.0233,0,0.0,1.0,1.0
10000,1.0,0.3,0.004379221726738444,2.763102111592855,0.0015848931924611136,0.5896507663132279,1.0,exponential,658,3278.0,3278.0,3.8730998,0,0.0,1.0,1.0
10000,1.0,0.3,0.004379221726738444,2.763102111592855,0.0015848931924611136,0.5896507663132279,1.0,exponential,659,6338.0,6338.0,2.8927999,0,0.0,1.0,1.0
10000,1.0,0.3,0.004379221726738444,2.763102111592855,0.0015848931924611136,0.5896507663132279,1.0,exponential,660,1775.0,1775.0,3.4731998,0,0.0,1.0,1.0
10000,1.0,0.3,0.004379221726738444,2.763102111592855,0.0015848931924611136,0.5896507663132279,1.0,exponential,661,4008.0,4008.0,3.2066998,0,0.0,1.0,1.0
10000,1.0,0.3,0.004379221726738444,2.763102111592855,0.0015848931924611136,0.5896507663132279,1.0,exponential,662,823.0,823.0,2.8416,0,0.0,1.0,1.0
10000,1.0,0.3,0.004379221726738444,2.763102111592855,0.0015848931924611136,0.5896507663132279,1.0,exponential,663,4312.0,4312.0,3.3441,0,0.0,1.0,1.0
10000,1.0,0.3,0.004379221726738444,2.763102111592855,0.0015848931924611136,0.5896507663132279,1.0,exponential,664,1328.0,1328.0,2.8599,0,0.0,1.0,1.0
10000,1.0,0.3,0.004379221726738444,2.763102111592855,0.0015848931924611136,0.5896507663132279,1.0,exponential,665,3934.0,3934.0,2.9982998,0,0.0,1.0,1.0
10000,1.0,0.3,0.004379221726738444,2.763102111592855,0.0015848931924611136,0.5896507663132279,1.0,exponential,666,944.0,944.0,2.7542,0,0.0,1.0,1.0
10000,1.0,0.3,0.004379221726738444,2.763102111592855,0.0015848931924611136,0.5896507663132279,1.0,exponential,667,948.0,948.0,3.099,0,0.0,1.0,1.0
10000,1.0,0.3,0.004379221726738444,2.763102111592855,0.0015848931924611136,0.5896507663132279,1.0,exponential,668,536.0,536.0,3.1664999,0,0.0,1.0,1.0
10000,1.0,0.3,0.004379221726738444,2.763102111592855,0.0015848931924611136,0.5896507663132279,1.0,exponential,669,1789.0,1789.0,3.9396,0,0.0,1.0,1.0
10000,1.0,0.3,0.004379221726738444,2.763102111592855,0.0015848931924611136,0.5896507663132279,1.0,exponential,670,672.0,672.0,3.2912998,0,0.0,1.0,1.0
10000,1.0,0.3,0.004379221726738444,2.763102111592855,0.0015848931924611136,0.5896507663132279,1.0,exponential,671,582.0,582.0,3.1934998,0,0.0,1.0,1.0
10000,1.0,0.3,0.004379221726738444,2.763102111592855,0.0015848931924611136,0.5896507663132279,1.0,exponential,672,1854.0,1854.0,2.8890998,0,0.0,1.0,1.0
10000,1.0,0.3,0.004379221726738444,2.763102111592855,0.0015848931924611136,0.5896507663132279,1.0,exponential,673,728.0,728.0,2.862,0,0.0,1.0,1.0
10000,1.0,0.3,0.004379221726738444,2.763102111592855,0.0015848931924611136,0.5896507663132279,1.0,exponential,674,774.0,774.0,2.7869,0,0.0,1.0,1.0
10000,1.0,0.3,0.004379221726738444,2.763102111592855,0.0015848931924611136,0.5896507663132279,1.0,exponential,675,2664.0,2664.0,3.6262999,0,0.0,1.0,1.0
10000,1.0,0.3,0.004379221726738444,2.763102111592855,0.0015848931924611136,0.5896507663132279,1.0,exponential,676,2320.0,2320.0,3.1998,0,0.0,1.0,1.0
10000,1.0,0.3,0.004379221726738444,2.763102111592855,0.0015848931924611136,0.5896507663132279,1.0,exponential,677,1805.0,1805.0,3.1044,0,0.0,1.0,1.0
10000,1.0,0.3,0.004379221726738444,2.763102111592855,0.0015848931924611136,0.5896507663132279,1.0,exponential,678,566.0,566.0,2.7357,0,0.0,1.0,1.0
10000,1.0,0.3,0.004379221726738444,2.763102111592855,0.0015848931924611136,0.5896507663132279,1.0,exponential,679,8463.0,8463.0,3.1829,0,0.0,1.0,1.0
10000,1.0,0.3,0.004379221726738444,2.763102111592855,0.0015848931924611136,0.5896507663132279,1.0,exponential,680,5550.0,5550.0,3.3660998,0,0.0,1.0,1.0
10000,1.0,0.3,0.004379221726738444,2.763102111592855,0.0015848931924611136,0.5896507663132279,1.0,exponential,681,3185.0,3185.0,3.1345,0,0.0,1.0,1.0
10000,1.0,0.3,0.004379221726738444,2.763102111592855,0.0015848931924611136,0.5896507663132279,1.0,exponential,682,5810.0,5810.0,3.3637,0,0.0,1.0,1.0
10000,1.0,0.3,0.004379221726738444,2.763102111592855,0.0015848931924611136,0.5896507663132279,1.0,exponential,683,2346.0,2346.0,2.757,0,0.0,1.0,1.0
10000,1.0,0.3,0.004379221726738444,2.763102111592855,0.0015848931924611136,0.5896507663132279,1.0,exponential,684,3399.0,3399.0,3.0210998,0,0.0,1.0,1.0
10000,1.0,0.3,0.004379221726738444,2.763102111592855,0.0015848931924611136,0.5896507663132279,1.0,exponential,685,7114.0,7114.0,3.2031999,0,0.0,1.0,1.0
10000,1.0,0.3,0.004379221726738444,2.763102111592855,0.0015848931924611136,0.5896507663132279,1.0,exponential,686,2301.0,2301.0,3.2847,0,0.0,1.0,1.0
10000,1.0,0.3,0.004379221726738444,2.763102111592855,0.0015848931924611136,0.5896507663132279,1.0,exponential,687,2538.0,2538.0,3.2310998,0,0.0,1.0,1.0
10000,1.0,0.3,0.004379221726738444,2.763102111592855,0.0015848931924611136,0.5896507663132279,1.0,exponential,688,854.0,854.0,2.9394,0,0.0,1.0,1.0
10000,1.0,0.3,0.004379221726738444,2.763102111592855,0.0015848931924611136,0.5896507663132279,1.0,exponential,689,925.0,925.0,3.2166,0,0.0,1.0,1.0
10000,1.0,0.3,0.004379221726738444,2.763102111592855,0.0015848931924611136,0.5896507663132279,1.0,exponential,690,4090.0,4090.0,2.4454,0,0.0,1.0,1.0
10000,1.0,0.3,0.004379221726738444,2.763102111592855,0.0015848931924611136,0.5896507663132279,1.0,exponential,691,604.0,604.0,3.4803998,0,0.0,1.0,1.0
10000,1.0,0.3,0.004379221726738444,2.763102111592855,0.0015848931924611136,0.5896507663132279,1.0,exponential,692,848.0,848.0,3.1618,0,0.0,1.0,1.0
10000,1.0,0.3,0.004379221726738444,2.763102111592855,0.0015848931924611136,0.5896507663132279,1.0,exponential,693,2185.0,2185.0,2.9582,0,0.0,1.0,1.0
10000,1.0,0.3,0.004379221726738444,2.763102111592855,0.0015848931924611136,0.5896507663132279,1.0,exponential,694,558.0,558.0,3.0128,0,0.0,1.0,1.0
10000,1.0,0.3,0.004379221726738444,2.763102111592855,0.0015848931924611136,0.5896507663132279,1.0,exponential,695,580.0,580.0,3.0711,0,0.0,1.0,1.0
10000,1.0,0.3,0.004379221726738444,2.763102111592855,0.0015848931924611136,0.5896507663132279,1.0,exponential,696,568.0,568.0,3.3718998,0,0.0,1.0,1.0
10000,1.0,0.3,0.004379221726738444,2.763102111592855,0.0015848931924611136,0.5896507663132279,1.0,exponential,697,486.0,486.0,3.3207,0,0.0,1.0,1.0
10000,1.0,0.3,0.004379221726738444,2.763102111592855,0.0015848931924611136,0.5896507663132279,1.0,exponential,698,2857.0,2857.0,3.3723998,0,0.0,1.0,1.0
10000,1.0,0.3,0.004379221726738444,2.763102111592855,0.0015848931924611136,0.5896507663132279,1.0,exponential,699,4537.0,4537.0,3.6276999,0,0.0,1.0,1.0
10000,1.0,0.3,0.004379221726738444,2.763102111592855,0.0015848931924611136,0.5896507663132279,1.0,exponential,700,792.0,792.0,2.8351,0,0.0,1.0,1.0
10000,1.0,0.3,0.004379221726738444,2.763102111592855,0.0015848931924611136,0.5896507663132279,1.0,exponential,701,4399.0,4399.0,2.9464998,0,0.0,1.0,1.0
10000,1.0,0.3,0.004379221726738444,2.763102111592855,0.0015848931924611136,0.5896507663132279,1.0,exponential,702,1551.0,1551.0,3.3730998,0,0.0,1.0,1.0
10000,1.0,0.3,0.004379221726738444,2.763102111592855,0.0015848931924611136,0.5896507663132279,1.0,exponential,703,1997.0,1997.0,2.9515998,0,0.0,1.0,1.0
10000,1.0,0.3,0.004379221726738444,2.763102111592855,0.0015848931924611136,0.5896507663132279,1.0,exponential,704,1440.0,1440.0,2.8488998,0,0.0,1.0,1.0
10000,1.0,0.3,0.004379221726738444,2.763102111592855,0.0015848931924611136,0.5896507663132279,1.0,exponential,705,7746.0,7746.0,3.4211998,0,0.0,1.0,1.0
10000,1.0,0.3,0.004379221726738444,2.763102111592855,0.0015848931924611136,0.5896507663132279,1.0,exponential,706,2053.0,2053.0,3.06,0,0.0,1.0,1.0
10000,1.0,0.3,0.004379221726738444,2.763102111592855,0.0015848931924611136,0.5896507663132279,1.0,exponential,707,2601.0,2601.0,2.9317,0,0.0,1.0,1.0
10000,1.0,0.3,0.004379221726738444,2.763102111592855,0.0015848931924611136,0.5896507663132279,1.0,exponential,708,2411.0,2411.0,2.7793999,0,0.0,1.0,1.0
10000,1.0,0.3,0.004379221726738444,2.763102111592855,0.0015848931924611136,0.5896507663132279,1.0,exponential,709,2408.0,2408.0,3.0737,0,0.0,1.0,1.0
10000,1.0,0.3,0.004379221726738444,2.763102111592855,0.0015848931924611136,0.5896507663132279,1.0,exponential,710,621.0,621.0,3.0930998,0,0.0,1.0,1.0
10000,1.0,0.3,0.004379221726738444,2.763102111592855,0.0015848931924611136,0.5896507663132279,1.0,exponential,711,2206.0,2206.0,3.0412,0,0.0,1.0,1.0
10000,1.0,0.3,0.004379221726738444,2.763102111592855,0.0015848931924611136,0.5896507663132279,1.0,exponential,712,1579.0,1579.0,2.6636999,0,0.0,1.0,1.0
10000,1.0,0.3,0.004379221726738444,2.763102111592855,0.0015848931924611136,0.5896507663132279,1.0,exponential,713,775.0,775.0,3.2066998,0,0.0,1.0,1.0
10000,1.0,0.3,0.004379221726738444,2.763102111592855,0.0015848931924611136,0.5896507663132279,1.0,exponential,714,1062.0,1062.0,2.9413998,0,0.0,1.0,1.0
10000,1.0,0.3,0.004379221726738444,2.763102111592855,0.0015848931924611136,0.5896507663132279,1.0,exponential,715,5336.0,5336.0,3.3546999,0,0.0,1.0,1.0
10000,1.0,0.3,0.004379221726738444,2.763102111592855,0.0015848931924611136,0.5896507663132279,1.0,exponential,716,1458.0,1458.0,3.2085998,0,0.0,1.0,1.0
10000,1.0,0.3,0.004379221726738444,2.763102111592855,0.0015848931924611136,0.5896507663132279,1.0,exponential,717,1190.0,1190.0,3.0934,0,0.0,1.0,1.0
10000,1.0,0.3,0.004379221726738444,2.763102111592855,0.0015848931924611136,0.5896507663132279,1.0,exponential,718,1290.0,1290.0,3.2358,0,0.0,1.0,1.0
10000,1.0,0.3,0.004379221726738444,2.763102111592855,0.0015848931924611136,0.5896507663132279,1.0,exponential,719,4790.0,4790.0,3.1104999,0,0.0,1.0,1.0
10000,1.0,0.3,0.004379221726738444,2.763102111592855,0.0015848931924611136,0.5896507663132279,1.0,exponential,720,1415.0,1415.0,2.6211,0,0.0,1.0,1.0
10000,1.0,0.3,0.004379221726738444,2.763102111592855,0.0015848931924611136,0.5896507663132279,1.0,exponential,721,4671.0,4671.0,2.7247999,0,0.0,1.0,1.0
10000,1.0,0.3,0.004379221726738444,2.763102111592855,0.0015848931924611136,0.5896507663132279,1.0,exponential,722,11330.0,11330.0,3.5058,0,0.0,1.0,1.0
10000,1.0,0.3,0.004379221726738444,2.763102111592855,0.0015848931924611136,0.5896507663132279,1.0,exponential,723,993.0,993.0,2.9747,0,0.0,1.0,1.0
10000,1.0,0.3,0.004379221726738444,2.763102111592855,0.0015848931924611136,0.5896507663132279,1.0,exponential,724,508.0,508.0,2.9510999,0,0.0,1.0,1.0
10000,1.0,0.3,0.004379221726738444,2.763102111592855,0.0015848931924611136,0.5896507663132279,1.0,exponential,725,3646.0,3646.0,3.1527998,0,0.0,1.0,1.0
10000,1.0,0.3,0.004379221726738444,2.763102111592855,0.0015848931924611136,0.5896507663132279,1.0,exponential,726,497.0,497.0,3.0839999,0,0.0,1.0,1.0
10000,1.0,0.3,0.004379221726738444,2.763102111592855,0.0015848931924611136,0.5896507663132279,1.0,exponential,727,3213.0,3213.0,3.0372,0,0.0,1.0,1.0
10000,1.0,0.3,0.004379221726738444,2.763102111592855,0.0015848931924611136,0.5896507663132279,1.0,exponential,728,2387.0,2387.0,3.3502,0,0.0,1.0,1.0
10000,1.0,0.3,0.004379221726738444,2.763102111592855,0.0015848931924611136,0.5896507663132279,1.0,exponential,729,1210.0,1210.0,3.8230999,0,0.0,1.0,1.0
10000,1.0,0.3,0.004379221726738444,2.763102111592855,0.0015848931924611136,0.5896507663132279,1.0,exponential,730,3726.0,3726.0,3.7242,0,0.0,1.0,1.0
10000,1.0,0.3,0.004379221726738444,2.763102111592855,0.0015848931924611136,0.5896507663132279,1.0,exponential,731,2532.0,2532.0,3.2536,0,0.0,1.0,1.0
10000,1.0,0.3,0.004379221726738444,2.763102111592855,0.0015848931924611136,0.5896507663132279,1.0,exponential,732,3299.0,3299.0,2.8534,0,0.0,1.0,1.0
10000,1.0,0.3,0.004379221726738444,2.763102111592855,0.0015848931924611136,0.5896507663132279,1.0,exponential,733,1053.0,1053.0,2.4959,0,0.0,1.0,1.0
10000,1.0,0.3,0.004379221726738444,2.763102111592855,0.0015848931924611136,0.5896507663132279,1.0,exponential,734,1448.0,1448.0,3.9429,0,0.0,1.0,1.0
10000,1.0,0.3,0.004379221726738444,2.763102111592855,0.0015848931924611136,0.5896507663132279,1.0,exponential,735,9151.0,9151.0,3.3994,0,0.0,1.0,1.0
10000,1.0,0.3,0.004379221726738444,2.763102111592855,0.0015848931924611136,0.5896507663132279,1.0,exponential,736,2525.0,2525.0,3.1318998,0,0.0,1.0,1.0
10000,1.0,0.3,0.004379221726738444,2.763102111592855,0.0015848931924611136,0.5896507663132279,1.0,exponential,737,8501.0,8501.0,3.5226,0,0.0,1.0,1.0
10000,1.0,0.3,0.004379221726738444,2.763102111592855,0.0015848931924611136,0.5896507663132279,1.0,exponential,738,692.0,692.0,3.3981998,0,0.0,1.0,1.0
10000,1.0,0.3,0.004379221726738444,2.763102111592855,0.0015848931924611136,0.5896507663132279,1.0,exponential,739,1964.0,1964.0,3.1025999,0,0.0,1.0,1.0
10000,1.0,0.3,0.004379221726738444,2.763102111592855,0.0015848931924611136,0.5896507663132279,1.0,exponential,740,737.0,737.0,3.6416998,0,0.0,1.0,1.0
10000,1.0,0.3,0.004379221726738444,2.763102111592855,0.0015848931924611136,0.5896507663132279,1.0,exponential,741,1969.0,1969.0,3.2712,0,0.0,1.0,1.0
10000,1.0,0.3,0.004379221726738444,2.763102111592855,0.0015848931924611136,0.5896507663132279,1.0,exponential,742,3399.0,3399.0,3.0628,0,0.0,1.0,1.0
10000,1.0,0.3,0.004379221726738444,2.763102111592855,0.0015848931924611136,0.5896507663132279,1.0,exponential,743,16499.0,16499.0,3.2423,0,0.0,1.0,1.0
10000,1.0,0.3,0.004379221726738444,2.763102111592855,0.0015848931924611136,0.5896507663132279,1.0,exponential,744,436.0,436.0,3.0993998,0,0.0,1.0,1.0
10000,1.0,0.3,0.004379221726738444,2.763102111592855,0.0015848931924611136,0.5896507663132279,1.0,exponential,745,2722.0,2722.0,3.5038998,0,0.0,1.0,1.0
10000,1.0,0.3,0.004379221726738444,2.763102111592855,0.0015848931924611136,0.5896507663132279,1.0,exponential,746,574.0,574.0,3.2926,0,0.0,1.0,1.0
10000,1.0,0.3,0.004379221726738444,2.763102111592855,0.0015848931924611136,0.5896507663132279,1.0,exponential,747,3656.0,3656.0,3.7073998,0,0.0,1.0,1.0
10000,1.0,0.3,0.004379221726738444,2.763102111592855,0.0015848931924611136,0.5896507663132279,1.0,exponential,748,1056.0,1056.0,3.4396,0,0.0,1.0,1.0
10000,1.0,0.3,0.004379221726738444,2.763102111592855,0.0015848931924611136,0.5896507663132279,1.0,exponential,749,600.0,600.0,3.1306999,0,0.0,1.0,1.0
10000,1.0,0.3,0.004379221726738444,2.763102111592855,0.0015848931924611136,0.5896507663132279,1.0,exponential,750,3665.0,3665.0,2.58,0,0.0,1.0,1.0
10000,1.0,0.3,0.004379221726738444,2.763102111592855,0.0015848931924611136,0.5896507663132279,1.0,exponential,751,1423.0,1423.0,3.1297998,0,0.0,1.0,1.0
10000,1.0,0.3,0.004379221726738444,2.763102111592855,0.0015848931924611136,0.5896507663132279,1.0,exponential,752,2139.0,2139.0,3.6490998,0,0.0,1.0,1.0
10000,1.0,0.3,0.004379221726738444,2.763102111592855,0.0015848931924611136,0.5896507663132279,1.0,exponential,753,7791.0,7791.0,2.7707999,0,0.0,1.0,1.0
10000,1.0,0.3,0.004379221726738444,2.763102111592855,0.0015848931924611136,0.5896507663132279,1.0,exponential,754,6217.0,6217.0,3.2954998,0,0.0,1.0,1.0
10000,1.0,0.3,0.004379221726738444,2.763102111592855,0.0015848931924611136,0.5896507663132279,1.0,exponential,755,6232.0,6232.0,3.6028,0,0.0,1.0,1.0
10000,1.0,0.3,0.004379221726738444,2.763102111592855,0.0015848931924611136,0.5896507663132279,1.0,exponential,756,947.0,947.0,2.8147,0,0.0,1.0,1.0
10000,1.0,0.3,0.004379221726738444,2.763102111592855,0.0015848931924611136,0.5896507663132279,1.0,exponential,757,2099.0,2099.0,3.1531,0,0.0,1.0,1.0
10000,1.0,0.3,0.004379221726738444,2.763102111592855,0.0015848931924611136,0.5896507663132279,1.0,exponential,758,1082.0,1082.0,3.4738998,0,0.0,1.0,1.0
10000,1.0,0.3,0.004379221726738444,2.763102111592855,0.0015848931924611136,0.5896507663132279,1.0,exponential,759,2593.0,2593.0,2.9213998,0,0.0,1.0,1.0
10000,1.0,0.3,0.004379221726738444,2.763102111592855,0.0015848931924611136,0.5896507663132279,1.0,exponential,760,8595.0,8595.0,3.0699,0,0.0,1.0,1.0
10000,1.0,0.3,0.004379221726738444,2.763102111592855,0.0015848931924611136,0.5896507663132279,1.0,exponential,761,1457.0,1457.0,3.0893,0,0.0,1.0,1.0
10000,1.0,0.3,0.004379221726738444,2.763102111592855,0.0015848931924611136,0.5896507663132279,1.0,exponential,762,4061.0,4061.0,3.0304,0,0.0,1.0,1.0
10000,1.0,0.3,0.004379221726738444,2.763102111592855,0.0015848931924611136,0.5896507663132279,1.0,exponential,763,4789.0,4789.0,3.3118,0,0.0,1.0,1.0
10000,1.0,0.3,0.004379221726738444,2.763102111592855,0.0015848931924611136,0.5896507663132279,1.0,exponential,764,321.0,321.0,3.1195998,0,0.0,1.0,1.0
10000,1.0,0.3,0.004379221726738444,2.763102111592855,0.0015848931924611136,0.5896507663132279,1.0,exponential,765,2227.0,2227.0,3.6274998,0,0.0,1.0,1.0
10000,1.0,0.3,0.004379221726738444,2.763102111592855,0.0015848931924611136,0.5896507663132279,1.0,exponential,766,3517.0,3517.0,3.0805,0,0.0,1.0,1.0
10000,1.0,0.3,0.004379221726738444,2.763102111592855,0.0015848931924611136,0.5896507663132279,1.0,exponential,767,2273.0,2273.0,2.9657998,0,0.0,1.0,1.0
10000,1.0,0.3,0.004379221726738444,2.763102111592855,0.0015848931924611136,0.5896507663132279,1.0,exponential,768,1218.0,1218.0,3.5735998,0,0.0,1.0,1.0
10000,1.0,0.3,0.004379221726738444,2.763102111592855,0.0015848931924611136,0.5896507663132279,1.0,exponential,769,4396.0,4396.0,3.1933,0,0.0,1.0,1.0
10000,1.0,0.3,0.004379221726738444,2.763102111592855,0.0015848931924611136,0.5896507663132279,1.0,exponential,770,1198.0,1198.0,3.1118999,0,0.0,1.0,1.0
10000,1.0,0.3,0.004379221726738444,2.763102111592855,0.0015848931924611136,0.5896507663132279,1.0,exponential,771,1154.0,1154.0,3.0384998,0,0.0,1.0,1.0
10000,1.0,0.3,0.004379221726738444,2.763102111592855,0.0015848931924611136,0.5896507663132279,1.0,exponential,772,502.0,502.0,3.1344,0,0.0,1.0,1.0
10000,1.0,0.3,0.004379221726738444,2.763102111592855,0.0015848931924611136,0.5896507663132279,1.0,exponential,773,3013.0,3013.0,2.9331,0,0.0,1.0,1.0
10000,1.0,0.3,0.004379221726738444,2.763102111592855,0.0015848931924611136,0.5896507663132279,1.0,exponential,774,1089.0,1089.0,3.5967999,0,0.0,1.0,1.0
10000,1.0,0.3,0.004379221726738444,2.763102111592855,0.0015848931924611136,0.5896507663132279,1.0,exponential,775,8319.0,8319.0,3.0296,0,0.0,1.0,1.0
10000,1.0,0.3,0.004379221726738444,2.763102111592855,0.0015848931924611136,0.5896507663132279,1.0,exponential,776,4087.0,4087.0,3.2932,0,0.0,1.0,1.0
10000,1.0,0.3,0.004379221726738444,2.763102111592855,0.0015848931924611136,0.5896507663132279,1.0,exponential,777,2098.0,2098.0,3.0184,0,0.0,1.0,1.0
10000,1.0,0.3,0.004379221726738444,2.763102111592855,0.0015848931924611136,0.5896507663132279,1.0,exponential,778,957.0,957.0,3.846,0,0.0,1.0,1.0
10000,1.0,0.3,0.004379221726738444,2.763102111592855,0.0015848931924611136,0.5896507663132279,1.0,exponential,779,6955.0,6955.0,3.6223998,0,0.0,1.0,1.0
10000,1.0,0.3,0.004379221726738444,2.763102111592855,0.0015848931924611136,0.5896507663132279,1.0,exponential,780,1372.0,1372.0,3.5526998,0,0.0,1.0,1.0
10000,1.0,0.3,0.004379221726738444,2.763102111592855,0.0015848931924611136,0.5896507663132279,1.0,exponential,781,2649.0,2649.0,2.9615,0,0.0,1.0,1.0
10000,1.0,0.3,0.004379221726738444,2.763102111592855,0.0015848931924611136,0.5896507663132279,1.0,exponential,782,8472.0,8472.0,2.7465,0,0.0,1.0,1.0
10000,1.0,0.3,0.004379221726738444,2.763102111592855,0.0015848931924611136,0.5896507663132279,1.0,exponential,783,1505.0,1505.0,3.6018999,0,0.0,1.0,1.0
10000,1.0,0.3,0.004379221726738444,2.763102111592855,0.0015848931924611136,0.5896507663132279,1.0,exponential,784,13673.0,13673.0,3.4858,0,0.0,1.0,1.0
10000,1.0,0.3,0.004379221726738444,2.763102111592855,0.0015848931924611136,0.5896507663132279,1.0,exponential,785,1947.0,1947.0,2.8834,0,0.0,1.0,1.0
10000,1.0,0.3,0.004379221726738444,2.763102111592855,0.0015848931924611136,0.5896507663132279,1.0,exponential,786,527.0,527.0,2.8300998,0,0.0,1.0,1.0
10000,1.0,0.3,0.004379221726738444,2.763102111592855,0.0015848931924611136,0.5896507663132279,1.0,exponential,787,15311.0,15311.0,3.0607998,0,0.0,1.0,1.0
10000,1.0,0.3,0.004379221726738444,2.763102111592855,0.0015848931924611136,0.5896507663132279,1.0,exponential,788,6736.0,6736.0,3.3086998,0,0.0,1.0,1.0
10000,1.0,0.3,0.004379221726738444,2.763102111592855,0.0015848931924611136,0.5896507663132279,1.0,exponential,789,1765.0,1765.0,2.9159,0,0.0,1.0,1.0
10000,1.0,0.3,0.004379221726738444,2.763102111592855,0.0015848931924611136,0.5896507663132279,1.0,exponential,790,3128.0,3128.0,3.3061,0,0.0,1.0,1.0
10000,1.0,0.3,0.004379221726738444,2.763102111592855,0.0015848931924611136,0.5896507663132279,1.0,exponential,791,5929.0,5929.0,2.9348998,0,0.0,1.0,1.0
10000,1.0,0.3,0.004379221726738444,2.763102111592855,0.0015848931924611136,0.5896507663132279,1.0,exponential,792,831.0,831.0,2.8502998,0,0.0,1.0,1.0
10000,1.0,0.3,0.004379221726738444,2.763102111592855,0.0015848931924611136,0.5896507663132279,1.0,exponential,793,2433.0,2433.0,3.0426,0,0.0,1.0,1.0
10000,1.0,0.3,0.004379221726738444,2.763102111592855,0.0015848931924611136,0.5896507663132279,1.0,exponential,794,1588.0,1588.0,3.3758,0,0.0,1.0,1.0
10000,1.0,0.3,0.004379221726738444,2.763102111592855,0.0015848931924611136,0.5896507663132279,1.0,exponential,795,2881.0,2881.0,3.1613998,0,0.0,1.0,1.0
10000,1.0,0.3,0.004379221726738444,2.763102111592855,0.0015848931924611136,0.5896507663132279,1.0,exponential,796,5580.0,5580.0,3.2143998,0,0.0,1.0,1.0
10000,1.0,0.3,0.004379221726738444,2.763102111592855,0.0015848931924611136,0.5896507663132279,1.0,exponential,797,3454.0,3454.0,2.7503998,0,0.0,1.0,1.0
10000,1.0,0.3,0.004379221726738444,2.763102111592855,0.0015848931924611136,0.5896507663132279,1.0,exponential,798,1807.0,1807.0,3.1704998,0,0.0,1.0,1.0
10000,1.0,0.3,0.004379221726738444,2.763102111592855,0.0015848931924611136,0.5896507663132279,1.0,exponential,799,957.0,957.0,3.1058,0,0.0,1.0,1.0
10000,1.0,0.3,0.004379221726738444,2.763102111592855,0.0015848931924611136,0.5896507663132279,1.0,exponential,800,2635.0,2635.0,3.0990999,0,0.0,1.0,1.0
10000,1.0,0.3,0.004379221726738444,2.763102111592855,0.0015848931924611136,0.5896507663132279,1.0,exponential,801,839.0,839.0,3.2373998,0,0.0,1.0,1.0
10000,1.0,0.3,0.004379221726738444,2.763102111592855,0.0015848931924611136,0.5896507663132279,1.0,exponential,802,883.0,883.0,3.0268,0,0.0,1.0,1.0
10000,1.0,0.3,0.004379221726738444,2.763102111592855,0.0015848931924611136,0.5896507663132279,1.0,exponential,803,4480.0,4480.0,3.2805998,0,0.0,1.0,1.0
10000,1.0,0.3,0.004379221726738444,2.763102111592855,0.0015848931924611136,0.5896507663132279,1.0,exponential,804,1146.0,1146.0,3.1834998,0,0.0,1.0,1.0
10000,1.0,0.3,0.004379221726738444,2.763102111592855,0.0015848931924611136,0.5896507663132279,1.0,exponential,805,2995.0,2995.0,3.2654998,0,0.0,1.0,1.0
10000,1.0,0.3,0.004379221726738444,2.763102111592855,0.0015848931924611136,0.5896507663132279,1.0,exponential,806,672.0,672.0,3.6618,0,0.0,1.0,1.0
10000,1.0,0.3,0.004379221726738444,2.763102111592855,0.0015848931924611136,0.5896507663132279,1.0,exponential,807,5433.0,5433.0,3.5707998,0,0.0,1.0,1.0
10000,1.0,0.3,0.004379221726738444,2.763102111592855,0.0015848931924611136,0.5896507663132279,1.0,exponential,808,4011.0,4011.0,3.073,0,0.0,1.0,1.0
10000,1.0,0.3,0.004379221726738444,2.763102111592855,0.0015848931924611136,0.5896507663132279,1.0,exponential,809,2996.0,2996.0,3.2621999,0,0.0,1.0,1.0
10000,1.0,0.3,0.004379221726738444,2.763102111592855,0.0015848931924611136,0.5896507663132279,1.0,exponential,810,892.0,892.0,3.3792,0,0.0,1.0,1.0
10000,1.0,0.3,0.004379221726738444,2.763102111592855,0.0015848931924611136,0.5896507663132279,1.0,exponential,811,6104.0,6104.0,3.253,0,0.0,1.0,1.0
10000,1.0,0.3,0.004379221726738444,2.763102111592855,0.0015848931924611136,0.5896507663132279,1.0,exponential,812,3530.0,3530.0,3.5379,0,0.0,1.0,1.0
10000,1.0,0.3,0.004379221726738444,2.763102111592855,0.0015848931924611136,0.5896507663132279,1.0,exponential,813,9727.0,9727.0,2.8523,0,0.0,1.0,1.0
10000,1.0,0.3,0.004379221726738444,2.763102111592855,0.0015848931924611136,0.5896507663132279,1.0,exponential,814,3063.0,3063.0,3.7414,0,0.0,1.0,1.0
10000,1.0,0.3,0.004379221726738444,2.763102111592855,0.0015848931924611136,0.5896507663132279,1.0,exponential,815,905.0,905.0,3.2380998,0,0.0,1.0,1.0
10000,1.0,0.3,0.004379221726738444,2.763102111592855,0.0015848931924611136,0.5896507663132279,1.0,exponential,816,459.0,459.0,2.6759,0,0.0,1.0,1.0
10000,1.0,0.3,0.004379221726738444,2.763102111592855,0.0015848931924611136,0.5896507663132279,1.0,exponential,817,1119.0,1119.0,3.2739,0,0.0,1.0,1.0
10000,1.0,0.3,0.004379221726738444,2.763102111592855,0.0015848931924611136,0.5896507663132279,1.0,exponential,818,600.0,600.0,3.1999998,0,0.0,1.0,1.0
10000,1.0,0.3,0.004379221726738444,2.763102111592855,0.0015848931924611136,0.5896507663132279,1.0,exponential,819,389.0,389.0,2.5795,0,0.0,1.0,1.0
10000,1.0,0.3,0.004379221726738444,2.763102111592855,0.0015848931924611136,0.5896507663132279,1.0,exponential,820,9333.0,9333.0,3.3221998,0,0.0,1.0,1.0
10000,1.0,0.3,0.004379221726738444,2.763102111592855,0.0015848931924611136,0.5896507663132279,1.0,exponential,821,571.0,571.0,3.3069,0,0.0,1.0,1.0
10000,1.0,0.3,0.004379221726738444,2.763102111592855,0.0015848931924611136,0.5896507663132279,1.0,exponential,822,4499.0,4499.0,3.9232998,0,0.0,1.0,1.0
10000,1.0,0.3,0.004379221726738444,2.763102111592855,0.0015848931924611136,0.5896507663132279,1.0,exponential,823,4806.0,4806.0,3.1725,0,0.0,1.0,1.0
10000,1.0,0.3,0.004379221726738444,2.763102111592855,0.0015848931924611136,0.5896507663132279,1.0,exponential,824,2103.0,2103.0,3.3147,0,0.0,1.0,1.0
10000,1.0,0.3,0.004379221726738444,2.763102111592855,0.0015848931924611136,0.5896507663132279,1.0,exponential,825,4511.0,4511.0,3.017,0,0.0,1.0,1.0
10000,1.0,0.3,0.004379221726738444,2.763102111592855,0.0015848931924611136,0.5896507663132279,1.0,exponential,826,932.0,932.0,3.0175998,0,0.0,1.0,1.0
10000,1.0,0.3,0.004379221726738444,2.763102111592855,0.0015848931924611136,0.5896507663132279,1.0,exponential,827,720.0,720.0,3.3304,0,0.0,1.0,1.0
10000,1.0,0.3,0.004379221726738444,2.763102111592855,0.0015848931924611136,0.5896507663132279,1.0,exponential,828,2059.0,2059.0,2.7621,0,0.0,1.0,1.0
10000,1.0,0.3,0.004379221726738444,2.763102111592855,0.0015848931924611136,0.5896507663132279,1.0,exponential,829,2001.0,2001.0,3.5799,0,0.0,1.0,1.0
10000,1.0,0.3,0.004379221726738444,2.763102111592855,0.0015848931924611136,0.5896507663132279,1.0,exponential,830,3281.0,3281.0,3.0391,0,0.0,1.0,1.0
10000,1.0,0.3,0.004379221726738444,2.763102111592855,0.0015848931924611136,0.5896507663132279,1.0,exponential,831,3545.0,3545.0,2.6894999,0,0.0,1.0,1.0
10000,1.0,0.3,0.004379221726738444,2.763102111592855,0.0015848931924611136,0.5896507663132279,1.0,exponential,832,223.0,223.0,2.9449,0,0.0,1.0,1.0
10000,1.0,0.3,0.004379221726738444,2.763102111592855,0.0015848931924611136,0.5896507663132279,1.0,exponential,833,9973.0,9973.0,3.3446999,0,0.0,1.0,1.0
10000,1.0,0.3,0.004379221726738444,2.763102111592855,0.0015848931924611136,0.5896507663132279,1.0,exponential,834,2085.0,2085.0,3.3181999,0,0.0,1.0,1.0
10000,1.0,0.3,0.004379221726738444,2.763102111592855,0.0015848931924611136,0.5896507663132279,1.0,exponential,835,4736.0,4736.0,3.4828,0,0.0,1.0,1.0
10000,1.0,0.3,0.004379221726738444,2.763102111592855,0.0015848931924611136,0.5896507663132279,1.0,exponential,836,1233.0,1233.0,3.5512,0,0.0,1.0,1.0
10000,1.0,0.3,0.004379221726738444,2.763102111592855,0.0015848931924611136,0.5896507663132279,1.0,exponential,837,2388.0,2388.0,2.6209,0,0.0,1.0,1.0
10000,1.0,0.3,0.004379221726738444,2.763102111592855,0.0015848931924611136,0.5896507663132279,1.0,exponential,838,1178.0,1178.0,2.7568,0,0.0,1.0,1.0
10000,1.0,0.3,0.004379221726738444,2.763102111592855,0.0015848931924611136,0.5896507663132279,1.0,exponential,839,1136.0,1136.0,3.3767,0,0.0,1.0,1.0
10000,1.0,0.3,0.004379221726738444,2.763102111592855,0.0015848931924611136,0.5896507663132279,1.0,exponential,840,3735.0,3735.0,2.6673,0,0.0,1.0,1.0
10000,1.0,0.3,0.004379221726738444,2.763102111592855,0.0015848931924611136,0.5896507663132279,1.0,exponential,841,4231.0,4231.0,3.2333,0,0.0,1.0,1.0
10000,1.0,0.3,0.004379221726738444,2.763102111592855,0.0015848931924611136,0.5896507663132279,1.0,exponential,842,1651.0,1651.0,3.4826999,0,0.0,1.0,1.0
10000,1.0,0.3,0.004379221726738444,2.763102111592855,0.0015848931924611136,0.5896507663132279,1.0,exponential,843,4862.0,4862.0,2.6392,0,0.0,1.0,1.0
10000,1.0,0.3,0.004379221726738444,2.763102111592855,0.0015848931924611136,0.5896507663132279,1.0,exponential,844,305.0,305.0,2.8964999,0,0.0,1.0,1.0
10000,1.0,0.3,0.004379221726738444,2.763102111592855,0.0015848931924611136,0.5896507663132279,1.0,exponential,845,1039.0,1039.0,2.8172,0,0.0,1.0,1.0
10000,1.0,0.3,0.004379221726738444,2.763102111592855,0.0015848931924611136,0.5896507663132279,1.0,exponential,846,3341.0,3341.0,2.7043998,0,0.0,1.0,1.0
10000,1.0,0.3,0.004379221726738444,2.763102111592855,0.0015848931924611136,0.5896507663132279,1.0,exponential,847,4459.0,4459.0,2.9582999,0,0.0,1.0,1.0
10000,1.0,0.3,0.004379221726738444,2.763102111592855,0.0015848931924611136,0.5896507663132279,1.0,exponential,848,2721.0,2721.0,3.4211998,0,0.0,1.0,1.0
10000,1.0,0.3,0.004379221726738444,2.763102111592855,0.0015848931924611136,0.5896507663132279,1.0,exponential,849,1436.0,1436.0,3.0929,0,0.0,1.0,1.0
10000,1.0,0.3,0.004379221726738444,2.763102111592855,0.0015848931924611136,0.5896507663132279,1.0,exponential,850,5217.0,5217.0,3.4840999,0,0.0,1.0,1.0
10000,1.0,0.3,0.004379221726738444,2.763102111592855,0.0015848931924611136,0.5896507663132279,1.0,exponential,851,2564.0,2564.0,2.8681,0,0.0,1.0,1.0
10000,1.0,0.3,0.004379221726738444,2.763102111592855,0.0015848931924611136,0.5896507663132279,1.0,exponential,852,4349.0,4349.0,3.3098998,0,0.0,1.0,1.0
10000,1.0,0.3,0.004379221726738444,2.763102111592855,0.0015848931924611136,0.5896507663132279,1.0,exponential,853,1754.0,1754.0,3.4006999,0,0.0,1.0,1.0
10000,1.0,0.3,0.004379221726738444,2.763102111592855,0.0015848931924611136,0.5896507663132279,1.0,exponential,854,5070.0,5070.0,3.2484999,0,0.0,1.0,1.0
10000,1.0,0.3,0.004379221726738444,2.763102111592855,0.0015848931924611136,0.5896507663132279,1.0,exponential,855,179.0,179.0,3.0637999,0,0.0,1.0,1.0
10000,1.0,0.3,0.004379221726738444,2.763102111592855,0.0015848931924611136,0.5896507663132279,1.0,exponential,856,3612.0,3612.0,3.485,0,0.0,1.0,1.0
10000,1.0,0.3,0.004379221726738444,2.763102111592855,0.0015848931924611136,0.5896507663132279,1.0,exponential,857,3275.0,3275.0,3.1906998,0,0.0,1.0,1.0
10000,1.0,0.3,0.004379221726738444,2.763102111592855,0.0015848931924611136,0.5896507663132279,1.0,exponential,858,1250.0,1250.0,3.2842999,0,0.0,1.0,1.0
10000,1.0,0.3,0.004379221726738444,2.763102111592855,0.0015848931924611136,0.5896507663132279,1.0,exponential,859,3721.0,3721.0,2.9499998,0,0.0,1.0,1.0
10000,1.0,0.3,0.004379221726738444,2.763102111592855,0.0015848931924611136,0.5896507663132279,1.0,exponential,860,324.0,324.0,2.9686,0,0.0,1.0,1.0
10000,1.0,0.3,0.004379221726738444,2.763102111592855,0.0015848931924611136,0.5896507663132279,1.0,exponential,861,3783.0,3783.0,2.8851,0,0.0,1.0,1.0
10000,1.0,0.3,0.004379221726738444,2.763102111592855,0.0015848931924611136,0.5896507663132279,1.0,exponential,862,4629.0,4629.0,3.3685,0,0.0,1.0,1.0
10000,1.0,0.3,0.004379221726738444,2.763102111592855,0.0015848931924611136,0.5896507663132279,1.0,exponential,863,3195.0,3195.0,3.3667998,0,0.0,1.0,1.0
10000,1.0,0.3,0.004379221726738444,2.763102111592855,0.0015848931924611136,0.5896507663132279,1.0,exponential,864,3417.0,3417.0,3.1653,0,0.0,1.0,1.0
10000,1.0,0.3,0.004379221726738444,2.763102111592855,0.0015848931924611136,0.5896507663132279,1.0,exponential,865,14088.0,14088.0,2.8660998,0,0.0,1.0,1.0
10000,1.0,0.3,0.004379221726738444,2.763102111592855,0.0015848931924611136,0.5896507663132279,1.0,exponential,866,694.0,694.0,3.2108,0,0.0,1.0,1.0
10000,1.0,0.3,0.004379221726738444,2.763102111592855,0.0015848931924611136,0.5896507663132279,1.0,exponential,867,802.0,802.0,3.7296999,0,0.0,1.0,1.0
10000,1.0,0.3,0.004379221726738444,2.763102111592855,0.0015848931924611136,0.5896507663132279,1.0,exponential,868,17168.0,17168.0,2.8051999,0,0.0,1.0,1.0
10000,1.0,0.3,0.004379221726738444,2.763102111592855,0.0015848931924611136,0.5896507663132279,1.0,exponential,869,3203.0,3203.0,3.2610998,0,0.0,1.0,1.0
10000,1.0,0.3,0.004379221726738444,2.763102111592855,0.0015848931924611136,0.5896507663132279,1.0,exponential,870,4750.0,4750.0,2.8602998,0,0.0,1.0,1.0
10000,1.0,0.3,0.004379221726738444,2.763102111592855,0.0015848931924611136,0.5896507663132279,1.0,exponential,871,386.0,386.0,3.2143998,0,0.0,1.0,1.0
10000,1.0,0.3,0.004379221726738444,2.763102111592855,0.0015848931924611136,0.5896507663132279,1.0,exponential,872,2825.0,2825.0,3.1174,0,0.0,1.0,1.0
10000,1.0,0.3,0.004379221726738444,2.763102111592855,0.0015848931924611136,0.5896507663132279,1.0,exponential,873,1992.0,1992.0,2.9954998,0,0.0,1.0,1.0
10000,1.0,0.3,0.004379221726738444,2.763102111592855,0.0015848931924611136,0.5896507663132279,1.0,exponential,874,2459.0,2459.0,2.9799,0,0.0,1.0,1.0
10000,1.0,0.3,0.004379221726738444,2.763102111592855,0.0015848931924611136,0.5896507663132279,1.0,exponential,875,867.0,867.0,3.2157998,0,0.0,1.0,1.0
10000,1.0,0.3,0.004379221726738444,2.763102111592855,0.0015848931924611136,0.5896507663132279,1.0,exponential,876,2175.0,2175.0,3.2818,0,0.0,1.0,1.0
10000,1.0,0.3,0.004379221726738444,2.763102111592855,0.0015848931924611136,0.5896507663132279,1.0,exponential,877,2209.0,2209.0,3.2328,0,0.0,1.0,1.0
10000,1.0,0.3,0.004379221726738444,2.763102111592855,0.0015848931924611136,0.5896507663132279,1.0,exponential,878,2943.0,2943.0,3.3269,0,0.0,1.0,1.0
10000,1.0,0.3,0.004379221726738444,2.763102111592855,0.0015848931924611136,0.5896507663132279,1.0,exponential,879,1605.0,1605.0,3.2052,0,0.0,1.0,1.0
10000,1.0,0.3,0.004379221726738444,2.763102111592855,0.0015848931924611136,0.5896507663132279,1.0,exponential,880,1059.0,1059.0,3.1571,0,0.0,1.0,1.0
10000,1.0,0.3,0.004379221726738444,2.763102111592855,0.0015848931924611136,0.5896507663132279,1.0,exponential,881,1652.0,1652.0,3.1708999,0,0.0,1.0,1.0
10000,1.0,0.3,0.004379221726738444,2.763102111592855,0.0015848931924611136,0.5896507663132279,1.0,exponential,882,2039.0,2039.0,3.2540998,0,0.0,1.0,1.0
10000,1.0,0.3,0.004379221726738444,2.763102111592855,0.0015848931924611136,0.5896507663132279,1.0,exponential,883,9406.0,9406.0,3.2401,0,0.0,1.0,1.0
10000,1.0,0.3,0.004379221726738444,2.763102111592855,0.0015848931924611136,0.5896507663132279,1.0,exponential,884,4321.0,4321.0,3.4283998,0,0.0,1.0,1.0
10000,1.0,0.3,0.004379221726738444,2.763102111592855,0.0015848931924611136,0.5896507663132279,1.0,exponential,885,503.0,503.0,2.8226,0,0.0,1.0,1.0
10000,1.0,0.3,0.004379221726738444,2.763102111592855,0.0015848931924611136,0.5896507663132279,1.0,exponential,886,1424.0,1424.0,2.9822,0,0.0,1.0,1.0
10000,1.0,0.3,0.004379221726738444,2.763102111592855,0.0015848931924611136,0.5896507663132279,1.0,exponential,887,3631.0,3631.0,3.1641998,0,0.0,1.0,1.0
10000,1.0,0.3,0.004379221726738444,2.763102111592855,0.0015848931924611136,0.5896507663132279,1.0,exponential,888,939.0,939.0,4.114,0,0.0,1.0,1.0
10000,1.0,0.3,0.004379221726738444,2.763102111592855,0.0015848931924611136,0.5896507663132279,1.0,exponential,889,1442.0,1442.0,2.7761998,0,0.0,1.0,1.0
10000,1.0,0.3,0.004379221726738444,2.763102111592855,0.0015848931924611136,0.5896507663132279,1.0,exponential,890,2838.0,2838.0,2.8453,0,0.0,1.0,1.0
10000,1.0,0.3,0.004379221726738444,2.763102111592855,0.0015848931924611136,0.5896507663132279,1.0,exponential,891,5645.0,5645.0,2.7254999,0,0.0,1.0,1.0
10000,1.0,0.3,0.004379221726738444,2.763102111592855,0.0015848931924611136,0.5896507663132279,1.0,exponential,892,6315.0,6315.0,2.978,0,0.0,1.0,1.0
10000,1.0,0.3,0.004379221726738444,2.763102111592855,0.0015848931924611136,0.5896507663132279,1.0,exponential,893,339.0,339.0,3.1704,0,0.0,1.0,1.0
10000,1.0,0.3,0.004379221726738444,2.763102111592855,0.0015848931924611136,0.5896507663132279,1.0,exponential,894,2585.0,2585.0,2.8818998,0,0.0,1.0,1.0
10000,1.0,0.3,0.004379221726738444,2.763102111592855,0.0015848931924611136,0.5896507663132279,1.0,exponential,895,1290.0,1290.0,2.7486,0,0.0,1.0,1.0
10000,1.0,0.3,0.004379221726738444,2.763102111592855,0.0015848931924611136,0.5896507663132279,1.0,exponential,896,2417.0,2417.0,2.8434,0,0.0,1.0,1.0
10000,1.0,0.3,0.004379221726738444,2.763102111592855,0.0015848931924611136,0.5896507663132279,1.0,exponential,897,5562.0,5562.0,2.9062,0,0.0,1.0,1.0
10000,1.0,0.3,0.004379221726738444,2.763102111592855,0.0015848931924611136,0.5896507663132279,1.0,exponential,898,3981.0,3981.0,3.3766,0,0.0,1.0,1.0
10000,1.0,0.3,0.004379221726738444,2.763102111592855,0.0015848931924611136,0.5896507663132279,1.0,exponential,899,2696.0,2696.0,2.9979,0,0.0,1.0,1.0
10000,1.0,0.3,0.004379221726738444,2.763102111592855,0.0015848931924611136,0.5896507663132279,1.0,exponential,900,1140.0,1140.0,3.2222,0,0.0,1.0,1.0
10000,1.0,0.3,0.004379221726738444,2.763102111592855,0.0015848931924611136,0.5896507663132279,1.0,exponential,901,4656.0,4656.0,3.0821,0,0.0,1.0,1.0
10000,1.0,0.3,0.004379221726738444,2.763102111592855,0.0015848931924611136,0.5896507663132279,1.0,exponential,902,776.0,776.0,3.9708998,0,0.0,1.0,1.0
10000,1.0,0.3,0.004379221726738444,2.763102111592855,0.0015848931924611136,0.5896507663132279,1.0,exponential,903,3071.0,3071.0,2.8084,0,0.0,1.0,1.0
10000,1.0,0.3,0.004379221726738444,2.763102111592855,0.0015848931924611136,0.5896507663132279,1.0,exponential,904,5232.0,5232.0,2.7577,0,0.0,1.0,1.0
10000,1.0,0.3,0.004379221726738444,2.763102111592855,0.0015848931924611136,0.5896507663132279,1.0,exponential,905,2046.0,2046.0,2.723,0,0.0,1.0,1.0
10000,1.0,0.3,0.004379221726738444,2.763102111592855,0.0015848931924611136,0.5896507663132279,1.0,exponential,906,2952.0,2952.0,3.7733,0,0.0,1.0,1.0
10000,1.0,0.3,0.004379221726738444,2.763102111592855,0.0015848931924611136,0.5896507663132279,1.0,exponential,907,1443.0,1443.0,3.4226,0,0.0,1.0,1.0
10000,1.0,0.3,0.004379221726738444,2.763102111592855,0.0015848931924611136,0.5896507663132279,1.0,exponential,908,8201.0,8201.0,2.8732998,0,0.0,1.0,1.0
10000,1.0,0.3,0.004379221726738444,2.763102111592855,0.0015848931924611136,0.5896507663132279,1.0,exponential,909,4135.0,4135.0,3.3121,0,0.0,1.0,1.0
10000,1.0,0.3,0.004379221726738444,2.763102111592855,0.0015848931924611136,0.5896507663132279,1.0,exponential,910,1769.0,1769.0,3.5029,0,0.0,1.0,1.0
10000,1.0,0.3,0.004379221726738444,2.763102111592855,0.0015848931924611136,0.5896507663132279,1.0,exponential,911,1732.0,1732.0,2.8305,0,0.0,1.0,1.0
10000,1.0,0.3,0.004379221726738444,2.763102111592855,0.0015848931924611136,0.5896507663132279,1.0,exponential,912,2647.0,2647.0,4.0326,0,0.0,1.0,1.0
10000,1.0,0.3,0.004379221726738444,2.763102111592855,0.0015848931924611136,0.5896507663132279,1.0,exponential,913,3218.0,3218.0,3.0328,0,0.0,1.0,1.0
10000,1.0,0.3,0.004379221726738444,2.763102111592855,0.0015848931924611136,0.5896507663132279,1.0,exponential,914,4274.0,4274.0,2.9638,0,0.0,1.0,1.0
10000,1.0,0.3,0.004379221726738444,2.763102111592855,0.0015848931924611136,0.5896507663132279,1.0,exponential,915,1629.0,1629.0,2.7156,0,0.0,1.0,1.0
10000,1.0,0.3,0.004379221726738444,2.763102111592855,0.0015848931924611136,0.5896507663132279,1.0,exponential,916,1237.0,1237.0,3.0347,0,0.0,1.0,1.0
10000,1.0,0.3,0.004379221726738444,2.763102111592855,0.0015848931924611136,0.5896507663132279,1.0,exponential,917,1441.0,1441.0,2.852,0,0.0,1.0,1.0
10000,1.0,0.3,0.004379221726738444,2.763102111592855,0.0015848931924611136,0.5896507663132279,1.0,exponential,918,3104.0,3104.0,2.9336,0,0.0,1.0,1.0
10000,1.0,0.3,0.004379221726738444,2.763102111592855,0.0015848931924611136,0.5896507663132279,1.0,exponential,919,2256.0,2256.0,3.3634999,0,0.0,1.0,1.0
10000,1.0,0.3,0.004379221726738444,2.763102111592855,0.0015848931924611136,0.5896507663132279,1.0,exponential,920,876.0,876.0,3.3444998,0,0.0,1.0,1.0
10000,1.0,0.3,0.004379221726738444,2.763102111592855,0.0015848931924611136,0.5896507663132279,1.0,exponential,921,1377.0,1377.0,2.971,0,0.0,1.0,1.0
10000,1.0,0.3,0.004379221726738444,2.763102111592855,0.0015848931924611136,0.5896507663132279,1.0,exponential,922,1895.0,1895.0,2.9201999,0,0.0,1.0,1.0
10000,1.0,0.3,0.004379221726738444,2.763102111592855,0.0015848931924611136,0.5896507663132279,1.0,exponential,923,2867.0,2867.0,2.807,0,0.0,1.0,1.0
10000,1.0,0.3,0.004379221726738444,2.763102111592855,0.0015848931924611136,0.5896507663132279,1.0,exponential,924,4720.0,4720.0,3.4582,0,0.0,1.0,1.0
10000,1.0,0.3,0.004379221726738444,2.763102111592855,0.0015848931924611136,0.5896507663132279,1.0,exponential,925,1120.0,1120.0,3.1278,0,0.0,1.0,1.0
10000,1.0,0.3,0.004379221726738444,2.763102111592855,0.0015848931924611136,0.5896507663132279,1.0,exponential,926,4269.0,4269.0,2.7091,0,0.0,1.0,1.0
10000,1.0,0.3,0.004379221726738444,2.763102111592855,0.0015848931924611136,0.5896507663132279,1.0,exponential,927,2070.0,2070.0,3.2605,0,0.0,1.0,1.0
10000,1.0,0.3,0.004379221726738444,2.763102111592855,0.0015848931924611136,0.5896507663132279,1.0,exponential,928,881.0,881.0,3.1562,0,0.0,1.0,1.0
10000,1.0,0.3,0.004379221726738444,2.763102111592855,0.0015848931924611136,0.5896507663132279,1.0,exponential,929,2108.0,2108.0,3.0038,0,0.0,1.0,1.0
10000,1.0,0.3,0.004379221726738444,2.763102111592855,0.0015848931924611136,0.5896507663132279,1.0,exponential,930,1127.0,1127.0,3.5932999,0,0.0,1.0,1.0
10000,1.0,0.3,0.004379221726738444,2.763102111592855,0.0015848931924611136,0.5896507663132279,1.0,exponential,931,2552.0,2552.0,3.3148,0,0.0,1.0,1.0
10000,1.0,0.3,0.004379221726738444,2.763102111592855,0.0015848931924611136,0.5896507663132279,1.0,exponential,932,3484.0,3484.0,2.8230999,0,0.0,1.0,1.0
10000,1.0,0.3,0.004379221726738444,2.763102111592855,0.0015848931924611136,0.5896507663132279,1.0,exponential,933,3080.0,3080.0,3.2849,0,0.0,1.0,1.0
10000,1.0,0.3,0.004379221726738444,2.763102111592855,0.0015848931924611136,0.5896507663132279,1.0,exponential,934,2263.0,2263.0,3.0907,0,0.0,1.0,1.0
10000,1.0,0.3,0.004379221726738444,2.763102111592855,0.0015848931924611136,0.5896507663132279,1.0,exponential,935,5623.0,5623.0,3.0335,0,0.0,1.0,1.0
10000,1.0,0.3,0.004379221726738444,2.763102111592855,0.0015848931924611136,0.5896507663132279,1.0,exponential,936,662.0,662.0,2.5751998,0,0.0,1.0,1.0
10000,1.0,0.3,0.004379221726738444,2.763102111592855,0.0015848931924611136,0.5896507663132279,1.0,exponential,937,2029.0,2029.0,3.6815,0,0.0,1.0,1.0
10000,1.0,0.3,0.004379221726738444,2.763102111592855,0.0015848931924611136,0.5896507663132279,1.0,exponential,938,573.0,573.0,2.9714,0,0.0,1.0,1.0
10000,1.0,0.3,0.004379221726738444,2.763102111592855,0.0015848931924611136,0.5896507663132279,1.0,exponential,939,2074.0,2074.0,2.9253,0,0.0,1.0,1.0
10000,1.0,0.3,0.004379221726738444,2.763102111592855,0.0015848931924611136,0.5896507663132279,1.0,exponential,940,3159.0,3159.0,2.9436998,0,0.0,1.0,1.0
10000,1.0,0.3,0.004379221726738444,2.763102111592855,0.0015848931924611136,0.5896507663132279,1.0,exponential,941,3649.0,3649.0,2.8637,0,0.0,1.0,1.0
10000,1.0,0.3,0.004379221726738444,2.763102111592855,0.0015848931924611136,0.5896507663132279,1.0,exponential,942,1399.0,1399.0,3.2423,0,0.0,1.0,1.0
10000,1.0,0.3,0.004379221726738444,2.763102111592855,0.0015848931924611136,0.5896507663132279,1.0,exponential,943,1268.0,1268.0,2.9847999,0,0.0,1.0,1.0
10000,1.0,0.3,0.004379221726738444,2.763102111592855,0.0015848931924611136,0.5896507663132279,1.0,exponential,944,720.0,720.0,3.3514,0,0.0,1.0,1.0
10000,1.0,0.3,0.004379221726738444,2.763102111592855,0.0015848931924611136,0.5896507663132279,1.0,exponential,945,270.0,270.0,3.0133998,0,0.0,1.0,1.0
10000,1.0,0.3,0.004379221726738444,2.763102111592855,0.0015848931924611136,0.5896507663132279,1.0,exponential,946,5606.0,5606.0,2.6008,0,0.0,1.0,1.0
10000,1.0,0.3,0.004379221726738444,2.763102111592855,0.0015848931924611136,0.5896507663132279,1.0,exponential,947,597.0,597.0,3.0388,0,0.0,1.0,1.0
10000,1.0,0.3,0.004379221726738444,2.763102111592855,0.0015848931924611136,0.5896507663132279,1.0,exponential,948,2483.0,2483.0,3.2621999,0,0.0,1.0,1.0
10000,1.0,0.3,0.004379221726738444,2.763102111592855,0.0015848931924611136,0.5896507663132279,1.0,exponential,949,3183.0,3183.0,2.9998999,0,0.0,1.0,1.0
10000,1.0,0.3,0.004379221726738444,2.763102111592855,0.0015848931924611136,0.5896507663132279,1.0,exponential,950,7253.0,7253.0,3.4575,0,0.0,1.0,1.0
10000,1.0,0.3,0.004379221726738444,2.763102111592855,0.0015848931924611136,0.5896507663132279,1.0,exponential,951,19786.0,19786.0,3.0735,0,0.0,1.0,1.0
10000,1.0,0.3,0.004379221726738444,2.763102111592855,0.0015848931924611136,0.5896507663132279,1.0,exponential,952,1763.0,1763.0,2.8265,0,0.0,1.0,1.0
10000,1.0,0.3,0.004379221726738444,2.763102111592855,0.0015848931924611136,0.5896507663132279,1.0,exponential,953,3114.0,3114.0,3.1692,0,0.0,1.0,1.0
10000,1.0,0.3,0.004379221726738444,2.763102111592855,0.0015848931924611136,0.5896507663132279,1.0,exponential,954,1585.0,1585.0,3.3436,0,0.0,1.0,1.0
10000,1.0,0.3,0.004379221726738444,2.763102111592855,0.0015848931924611136,0.5896507663132279,1.0,exponential,955,10326.0,10326.0,3.8291,0,0.0,1.0,1.0
10000,1.0,0.3,0.004379221726738444,2.763102111592855,0.0015848931924611136,0.5896507663132279,1.0,exponential,956,4966.0,4966.0,3.5186,0,0.0,1.0,1.0
10000,1.0,0.3,0.004379221726738444,2.763102111592855,0.0015848931924611136,0.5896507663132279,1.0,exponential,957,1512.0,1512.0,3.3708,0,0.0,1.0,1.0
10000,1.0,0.3,0.004379221726738444,2.763102111592855,0.0015848931924611136,0.5896507663132279,1.0,exponential,958,341.0,341.0,3.0500998,0,0.0,1.0,1.0
10000,1.0,0.3,0.004379221726738444,2.763102111592855,0.0015848931924611136,0.5896507663132279,1.0,exponential,959,3323.0,3323.0,3.5944998,0,0.0,1.0,1.0
10000,1.0,0.3,0.004379221726738444,2.763102111592855,0.0015848931924611136,0.5896507663132279,1.0,exponential,960,1045.0,1045.0,3.1338,0,0.0,1.0,1.0
10000,1.0,0.3,0.004379221726738444,2.763102111592855,0.0015848931924611136,0.5896507663132279,1.0,exponential,961,5064.0,5064.0,3.2517,0,0.0,1.0,1.0
10000,1.0,0.3,0.004379221726738444,2.763102111592855,0.0015848931924611136,0.5896507663132279,1.0,exponential,962,876.0,876.0,3.3188,0,0.0,1.0,1.0
10000,1.0,0.3,0.004379221726738444,2.763102111592855,0.0015848931924611136,0.5896507663132279,1.0,exponential,963,9452.0,9452.0,2.7454998,0,0.0,1.0,1.0
10000,1.0,0.3,0.004379221726738444,2.763102111592855,0.0015848931924611136,0.5896507663132279,1.0,exponential,964,3698.0,3698.0,3.4733,0,0.0,1.0,1.0
10000,1.0,0.3,0.004379221726738444,2.763102111592855,0.0015848931924611136,0.5896507663132279,1.0,exponential,965,2675.0,2675.0,3.3026998,0,0.0,1.0,1.0
10000,1.0,0.3,0.004379221726738444,2.763102111592855,0.0015848931924611136,0.5896507663132279,1.0,exponential,966,957.0,957.0,2.7854998,0,0.0,1.0,1.0
10000,1.0,0.3,0.004379221726738444,2.763102111592855,0.0015848931924611136,0.5896507663132279,1.0,exponential,967,3376.0,3376.0,2.6880999,0,0.0,1.0,1.0
10000,1.0,0.3,0.004379221726738444,2.763102111592855,0.0015848931924611136,0.5896507663132279,1.0,exponential,968,4059.0,4059.0,2.6457,0,0.0,1.0,1.0
10000,1.0,0.3,0.004379221726738444,2.763102111592855,0.0015848931924611136,0.5896507663132279,1.0,exponential,969,586.0,586.0,2.8918,0,0.0,1.0,1.0
10000,1.0,0.3,0.004379221726738444,2.763102111592855,0.0015848931924611136,0.5896507663132279,1.0,exponential,970,885.0,885.0,2.9624999,0,0.0,1.0,1.0
10000,1.0,0.3,0.004379221726738444,2.763102111592855,0.0015848931924611136,0.5896507663132279,1.0,exponential,971,5369.0,5369.0,3.1676,0,0.0,1.0,1.0
10000,1.0,0.3,0.004379221726738444,2.763102111592855,0.0015848931924611136,0.5896507663132279,1.0,exponential,972,1963.0,1963.0,3.2616,0,0.0,1.0,1.0
10000,1.0,0.3,0.004379221726738444,2.763102111592855,0.0015848931924611136,0.5896507663132279,1.0,exponential,973,8288.0,8288.0,3.5187,0,0.0,1.0,1.0
10000,1.0,0.3,0.004379221726738444,2.763102111592855,0.0015848931924611136,0.5896507663132279,1.0,exponential,974,466.0,466.0,2.5877,0,0.0,1.0,1.0
10000,1.0,0.3,0.004379221726738444,2.763102111592855,0.0015848931924611136,0.5896507663132279,1.0,exponential,975,4569.0,4569.0,2.7237,0,0.0,1.0,1.0
10000,1.0,0.3,0.004379221726738444,2.763102111592855,0.0015848931924611136,0.5896507663132279,1.0,exponential,976,626.0,626.0,2.7939,0,0.0,1.0,1.0
10000,1.0,0.3,0.004379221726738444,2.763102111592855,0.0015848931924611136,0.5896507663132279,1.0,exponential,977,7134.0,7134.0,3.0986998,0,0.0,1.0,1.0
10000,1.0,0.3,0.004379221726738444,2.763102111592855,0.0015848931924611136,0.5896507663132279,1.0,exponential,978,360.0,360.0,2.9947,0,0.0,1.0,1.0
10000,1.0,0.3,0.004379221726738444,2.763102111592855,0.0015848931924611136,0.5896507663132279,1.0,exponential,979,3945.0,3945.0,3.2240999,0,0.0,1.0,1.0
10000,1.0,0.3,0.004379221726738444,2.763102111592855,0.0015848931924611136,0.5896507663132279,1.0,exponential,980,1623.0,1623.0,2.7672,0,0.0,1.0,1.0
10000,1.0,0.3,0.004379221726738444,2.763102111592855,0.0015848931924611136,0.5896507663132279,1.0,exponential,981,2835.0,2835.0,3.4448,0,0.0,1.0,1.0
10000,1.0,0.3,0.004379221726738444,2.763102111592855,0.0015848931924611136,0.5896507663132279,1.0,exponential,982,2793.0,2793.0,2.789,0,0.0,1.0,1.0
10000,1.0,0.3,0.004379221726738444,2.763102111592855,0.0015848931924611136,0.5896507663132279,1.0,exponential,983,1470.0,1470.0,3.1253,0,0.0,1.0,1.0
10000,1.0,0.3,0.004379221726738444,2.763102111592855,0.0015848931924611136,0.5896507663132279,1.0,exponential,984,399.0,399.0,2.8218,0,0.0,1.0,1.0
10000,1.0,0.3,0.004379221726738444,2.763102111592855,0.0015848931924611136,0.5896507663132279,1.0,exponential,985,2528.0,2528.0,3.5398,0,0.0,1.0,1.0
10000,1.0,0.3,0.004379221726738444,2.763102111592855,0.0015848931924611136,0.5896507663132279,1.0,exponential,986,1639.0,1639.0,3.2719,0,0.0,1.0,1.0
10000,1.0,0.3,0.004379221726738444,2.763102111592855,0.0015848931924611136,0.5896507663132279,1.0,exponential,987,793.0,793.0,3.4301,0,0.0,1.0,1.0
10000,1.0,0.3,0.004379221726738444,2.763102111592855,0.0015848931924611136,0.5896507663132279,1.0,exponential,988,713.0,713.0,2.9805999,0,0.0,1.0,1.0
10000,1.0,0.3,0.004379221726738444,2.763102111592855,0.0015848931924611136,0.5896507663132279,1.0,exponential,989,1983.0,1983.0,3.0899,0,0.0,1.0,1.0
10000,1.0,0.3,0.004379221726738444,2.763102111592855,0.0015848931924611136,0.5896507663132279,1.0,exponential,990,1697.0,1697.0,3.6824,0,0.0,1.0,1.0
10000,1.0,0.3,0.004379221726738444,2.763102111592855,0.0015848931924611136,0.5896507663132279,1.0,exponential,991,3434.0,3434.0,3.1571,0,0.0,1.0,1.0
10000,1.0,0.3,0.004379221726738444,2.763102111592855,0.0015848931924611136,0.5896507663132279,1.0,exponential,992,1440.0,1440.0,2.6755998,0,0.0,1.0,1.0
10000,1.0,0.3,0.004379221726738444,2.763102111592855,0.0015848931924611136,0.5896507663132279,1.0,exponential,993,368.0,368.0,2.8041,0,0.0,1.0,1.0
10000,1.0,0.3,0.004379221726738444,2.763102111592855,0.0015848931924611136,0.5896507663132279,1.0,exponential,994,3281.0,3281.0,3.6179,0,0.0,1.0,1.0
10000,1.0,0.3,0.004379221726738444,2.763102111592855,0.0015848931924611136,0.5896507663132279,1.0,exponential,995,2193.0,2193.0,3.4411,0,0.0,1.0,1.0
10000,1.0,0.3,0.004379221726738444,2.763102111592855,0.0015848931924611136,0.5896507663132279,1.0,exponential,996,1903.0,1903.0,3.5693,0,0.0,1.0,1.0
10000,1.0,0.3,0.004379221726738444,2.763102111592855,0.0015848931924611136,0.5896507663132279,1.0,exponential,997,9646.0,9646.0,3.5338,0,0.0,1.0,1.0
10000,1.0,0.3,0.004379221726738444,2.763102111592855,0.0015848931924611136,0.5896507663132279,1.0,exponential,998,1764.0,1764.0,3.7073,0,0.0,1.0,1.0
10000,1.0,0.3,0.004379221726738444,2.763102111592855,0.0015848931924611136,0.5896507663132279,1.0,exponential,999,605.0,605.0,3.8741,0,0.0,1.0,1.0
