N,psi,delta,lambda,theta,alpha,effective_beta,psi_check,selection_mode,path_index,t_0,first_loss_time,kappa_1_at_t0,X0_count_at_stop,X_0_at_stop,leading_zero_count_at_t0,first_nonzero_class_at_t0
10000,1.3,0.9,4.290041978026843,8.289306334778566,0.517539321719547,-0.15811538544339693,1.2999999999999998,exponential,0,30.0,30.0,6.8743,0,0.0,1.0,1.0
10000,1.3,0.9,4.290041978026843,8.289306334778566,0.517539321719547,-0.15811538544339693,1.2999999999999998,exponential,1,310.0,310.0,6.6309,0,0.0,1.0,1.0
10000,1.3,0.9,4.290041978026843,8.289306334778566,0.517539321719547,-0.15811538544339693,1.2999999999999998,exponential,2,5.0,5.0,6.843,0,0.0,1.0,1.0
10000,1.3,0.9,4.290041978026843,8.289306334778566,0.517539321719547,-0.15811538544339693,1.2999999999999998,exponential,3,72.0,72.0,6.3967,0,0.0,1.0,1.0
10000,1.3,0.9,4.290041978026843,8.289306334778566,0.517539321719547,-0.15811538544339693,1.2999999999999998,exponential,4,34.0,34.0,6.7046,0,0.0,1.0,1.0
10000,1.3,0.9,4.290041978026843,8.289306334778566,0.517539321719547,-0.15811538544339693,1.2999999999999998,exponential,5,212.0,212.0,6.7679996,0,0.0,1.0,1.0
10000,1.3,0.9,4.290041978026843,8.289306334778566,0.517539321719547,-0.15811538544339693,1.2999999999999998,exponential,6,828.0,828.0,6.5716,0,0.0,1.0,1.0
10000,1.3,0.9,4.290041978026843,8.289306334778566,0.517539321719547,-0.15811538544339693,1.2999999999999998,exponential,7,1.0,1.0,7.5239,0,0.0,1.0,1.0
10000,1.3,0.9,4.290041978026843,8.289306334778566,0.517539321719547,-0.15811538544339693,1.2999999999999998,exponential,8,1.0,1.0,7.5357,0,0.0,1.0,1.0
10000,1.3,0.9,4.290041978026843,8.289306334778566,0.517539321719547,-0.15811538544339693,1.2999999999999998,exponential,9,30.0,30.0,6.6625,0,0.0,1.0,1.0
10000,1.3,0.9,4.290041978026843,8.289306334778566,0.517539321719547,-0.15811538544339693,1.2999999999999998,exponential,10,0.0,0.0,8.2851,0,0.0,1.0,1.0
10000,1.3,0.9,4.290041978026843,8.289306334778566,0.517539321719547,-0.15811538544339693,1.2999999999999998,exponential,11,8.0,8.0,6.5113997,0,0.0,1.0,1.0
10000,1.3,0.9,4.290041978026843,8.289306334778566,0.517539321719547,-0.15811538544339693,1.2999999999999998,exponential,12,338.0,338.0,6.9172997,0,0.0,1.0,1.0
10000,1.3,0.9,4.290041978026843,8.289306334778566,0.517539321719547,-0.15811538544339693,1.2999999999999998,exponential,13,90.0,90.0,6.6970997,0,0.0,1.0,1.0
10000,1.3,0.9,4.290041978026843,8.289306334778566,0.517539321719547,-0.15811538544339693,1.2999999999999998,exponential,14,0.0,0.0,8.2586,0,0.0,1.0,1.0
10000,1.3,0.9,4.290041978026843,8.289306334778566,0.517539321719547,-0.15811538544339693,1.2999999999999998,exponential,15,560.0,560.0,7.0246,0,0.0,1.0,1.0
10000,1.3,0.9,4.290041978026843,8.289306334778566,0.517539321719547,-0.15811538544339693,1.2999999999999998,exponential,16,877.0,877.0,6.698,0,0.0,1.0,1.0
10000,1.3,0.9,4.290041978026843,8.289306334778566,0.517539321719547,-0.15811538544339693,1.2999999999999998,exponential,17,1054.0,1054.0,6.6524997,0,0.0,1.0,1.0
10000,1.3,0.9,4.290041978026843,8.289306334778566,0.517539321719547,-0.15811538544339693,1.2999999999999998,exponential,18,210.0,210.0,6.9697,0,0.0,1.0,1.0
10000,1.3,0.9,4.290041978026843,8.289306334778566,0.517539321719547,-0.15811538544339693,1.2999999999999998,exponential,19,45.0,45.0,6.7475,0,0.0,1.0,1.0
10000,1.3,0.9,4.290041978026843,8.289306334778566,0.517539321719547,-0.15811538544339693,1.2999999999999998,exponential,20,252.0,252.0,6.9396,0,0.0,1.0,1.0
10000,1.3,0.9,4.290041978026843,8.289306334778566,0.517539321719547,-0.15811538544339693,1.2999999999999998,exponential,21,68.0,68.0,6.7464,0,0.0,1.0,1.0
10000,1.3,0.9,4.290041978026843,8.289306334778566,0.517539321719547,-0.15811538544339693,1.2999999999999998,exponential,22,307.0,307.0,6.5843997,0,0.0,1.0,1.0
10000,1.3,0.9,4.290041978026843,8.289306334778566,0.517539321719547,-0.15811538544339693,1.2999999999999998,exponential,23,754.0,754.0,6.573,0,0.0,1.0,1.0
10000,1.3,0.9,4.290041978026843,8.289306334778566,0.517539321719547,-0.15811538544339693,1.2999999999999998,exponential,24,0.0,0.0,8.3355,0,0.0,1.0,1.0
10000,1.3,0.9,4.290041978026843,8.289306334778566,0.517539321719547,-0.15811538544339693,1.2999999999999998,exponential,25,396.0,396.0,7.1935,0,0.0,1.0,1.0
10000,1.3,0.9,4.290041978026843,8.289306334778566,0.517539321719547,-0.15811538544339693,1.2999999999999998,exponential,26,165.0,165.0,6.7743998,0,0.0,1.0,1.0
10000,1.3,0.9,4.290041978026843,8.289306334778566,0.517539321719547,-0.15811538544339693,1.2999999999999998,exponential,27,150.0,150.0,6.6524997,0,0.0,1.0,1.0
10000,1.3,0.9,4.290041978026843,8.289306334778566,0.517539321719547,-0.15811538544339693,1.2999999999999998,exponential,28,24.0,24.0,7.1196,0,0.0,1.0,1.0
10000,1.3,0.9,4.290041978026843,8.289306334778566,0.517539321719547,-0.15811538544339693,1.2999999999999998,exponential,29,21.0,21.0,6.888,0,0.0,1.0,1.0
10000,1.3,0.9,4.290041978026843,8.289306334778566,0.517539321719547,-0.15811538544339693,1.2999999999999998,exponential,30,563.0,563.0,7.0794997,0,0.0,1.0,1.0
10000,1.3,0.9,4.290041978026843,8.289306334778566,0.517539321719547,-0.15811538544339693,1.2999999999999998,exponential,31,11.0,11.0,6.851,0,0.0,1.0,1.0
10000,1.3,0.9,4.290041978026843,8.289306334778566,0.517539321719547,-0.15811538544339693,1.2999999999999998,exponential,32,168.0,168.0,6.5462,0,0.0,1.0,1.0
10000,1.3,0.9,4.290041978026843,8.289306334778566,0.517539321719547,-0.15811538544339693,1.2999999999999998,exponential,33,64.0,64.0,6.9010997,0,0.0,1.0,1.0
10000,1.3,0.9,4.290041978026843,8.289306334778566,0.517539321719547,-0.15811538544339693,1.2999999999999998,exponential,34,26.0,26.0,6.8006997,0,0.0,1.0,1.0
10000,1.3,0.9,4.290041978026843,8.289306334778566,0.517539321719547,-0.15811538544339693,1.2999999999999998,exponential,35,48.0,48.0,6.9719,0,0.0,1.0,1.0
10000,1.3,0.9,4.290041978026843,8.289306334778566,0.517539321719547,-0.15811538544339693,1.2999999999999998,exponential,36,547.0,547.0,6.9336996,0,0.0,1.0,1.0
10000,1.3,0.9,4.290041978026843,8.289306334778566,0.517539321719547,-0.15811538544339693,1.2999999999999998,exponential,37,830.0,830.0,6.5695996,0,0.0,1.0,1.0
10000,1.3,0.9,4.290041978026843,8.289306334778566,0.517539321719547,-0.15811538544339693,1.2999999999999998,exponential,38,263.0,263.0,6.7144,0,0.0,1.0,1.0
10000,1.3,0.9,4.290041978026843,8.289306334778566,0.517539321719547,-0.15811538544339693,1.2999999999999998,exponential,39,196.0,196.0,6.8845,0,0.0,1.0,1.0
10000,1.3,0.9,4.290041978026843,8.289306334778566,0.517539321719547,-0.15811538544339693,1.2999999999999998,exponential,40,36.0,36.0,6.83,0,0.0,1.0,1.0
10000,1.3,0.9,4.290041978026843,8.289306334778566,0.517539321719547,-0.15811538544339693,1.2999999999999998,exponential,41,37.0,37.0,6.9613,0,0.0,1.0,1.0
10000,1.3,0.9,4.290041978026843,8.289306334778566,0.517539321719547,-0.15811538544339693,1.2999999999999998,exponential,42,134.0,134.0,6.7703,0,0.0,1.0,1.0
10000,1.3,0.9,4.290041978026843,8.289306334778566,0.517539321719547,-0.15811538544339693,1.2999999999999998,exponential,43,0.0,0.0,8.3108,0,0.0,1.0,1.0
10000,1.3,0.9,4.290041978026843,8.289306334778566,0.517539321719547,-0.15811538544339693,1.2999999999999998,exponential,44,111.0,111.0,6.5884,0,0.0,1.0,1.0
10000,1.3,0.9,4.290041978026843,8.289306334778566,0.517539321719547,-0.15811538544339693,1.2999999999999998,exponential,45,396.0,396.0,6.3392997,0,0.0,1.0,1.0
10000,1.3,0.9,4.290041978026843,8.289306334778566,0.517539321719547,-0.15811538544339693,1.2999999999999998,exponential,46,0.0,0.0,8.2933,0,0.0,1.0,1.0
10000,1.3,0.9,4.290041978026843,8.289306334778566,0.517539321719547,-0.15811538544339693,1.2999999999999998,exponential,47,707.0,707.0,6.7303,0,0.0,1.0,1.0
10000,1.3,0.9,4.290041978026843,8.289306334778566,0.517539321719547,-0.15811538544339693,1.2999999999999998,exponential,48,877.0,877.0,7.0547,0,0.0,1.0,1.0
10000,1.3,0.9,4.290041978026843,8.289306334778566,0.517539321719547,-0.15811538544339693,1.2999999999999998,exponential,49,68.0,68.0,6.5232,0,0.0,1.0,1.0
10000,1.3,0.9,4.290041978026843,8.289306334778566,0.517539321719547,-0.15811538544339693,1.2999999999999998,exponential,50,104.0,104.0,6.8546996,0,0.0,1.0,1.0
10000,1.3,0.9,4.290041978026843,8.289306334778566,0.517539321719547,-0.15811538544339693,1.2999999999999998,exponential,51,3.0,3.0,6.9579,0,0.0,1.0,1.0
10000,1.3,0.9,4.290041978026843,8.289306334778566,0.517539321719547,-0.15811538544339693,1.2999999999999998,exponential,52,259.0,259.0,6.7398,0,0.0,1.0,1.0
10000,1.3,0.9,4.290041978026843,8.289306334778566,0.517539321719547,-0.15811538544339693,1.2999999999999998,exponential,53,732.0,732.0,6.7999,0,0.0,1.0,1.0
10000,1.3,0.9,4.290041978026843,8.289306334778566,0.517539321719547,-0.15811538544339693,1.2999999999999998,exponential,54,782.0,782.0,6.8725996,0,0.0,1.0,1.0
10000,1.3,0.9,4.290041978026843,8.289306334778566,0.517539321719547,-0.15811538544339693,1.2999999999999998,exponential,55,167.0,167.0,7.0361,0,0.0,1.0,1.0
10000,1.3,0.9,4.290041978026843,8.289306334778566,0.517539321719547,-0.15811538544339693,1.2999999999999998,exponential,56,87.0,87.0,7.0113997,0,0.0,1.0,1.0
10000,1.3,0.9,4.290041978026843,8.289306334778566,0.517539321719547,-0.15811538544339693,1.2999999999999998,exponential,57,155.0,155.0,6.9533,0,0.0,1.0,1.0
10000,1.3,0.9,4.290041978026843,8.289306334778566,0.517539321719547,-0.15811538544339693,1.2999999999999998,exponential,58,155.0,155.0,6.8789997,0,0.0,1.0,1.0
10000,1.3,0.9,4.290041978026843,8.289306334778566,0.517539321719547,-0.15811538544339693,1.2999999999999998,exponential,59,80.0,80.0,6.8641,0,0.0,1.0,1.0
10000,1.3,0.9,4.290041978026843,8.289306334778566,0.517539321719547,-0.15811538544339693,1.2999999999999998,exponential,60,67.0,67.0,6.6675,0,0.0,1.0,1.0
10000,1.3,0.9,4.290041978026843,8.289306334778566,0.517539321719547,-0.15811538544339693,1.2999999999999998,exponential,61,82.0,82.0,6.7804,0,0.0,1.0,1.0
10000,1.3,0.9,4.290041978026843,8.289306334778566,0.517539321719547,-0.15811538544339693,1.2999999999999998,exponential,62,0.0,0.0,8.337299,0,0.0,1.0,1.0
10000,1.3,0.9,4.290041978026843,8.289306334778566,0.517539321719547,-0.15811538544339693,1.2999999999999998,exponential,63,2.0,2.0,7.0031,0,0.0,1.0,1.0
10000,1.3,0.9,4.290041978026843,8.289306334778566,0.517539321719547,-0.15811538544339693,1.2999999999999998,exponential,64,103.0,103.0,6.8409996,0,0.0,1.0,1.0
10000,1.3,0.9,4.290041978026843,8.289306334778566,0.517539321719547,-0.15811538544339693,1.2999999999999998,exponential,65,54.0,54.0,6.8848,0,0.0,1.0,1.0
10000,1.3,0.9,4.290041978026843,8.289306334778566,0.517539321719547,-0.15811538544339693,1.2999999999999998,exponential,66,926.0,926.0,6.9226,0,0.0,1.0,1.0
10000,1.3,0.9,4.290041978026843,8.289306334778566,0.517539321719547,-0.15811538544339693,1.2999999999999998,exponential,67,2.0,2.0,7.0299997,0,0.0,1.0,1.0
10000,1.3,0.9,4.290041978026843,8.289306334778566,0.517539321719547,-0.15811538544339693,1.2999999999999998,exponential,68,10.0,10.0,6.4579,0,0.0,1.0,1.0
10000,1.3,0.9,4.290041978026843,8.289306334778566,0.517539321719547,-0.15811538544339693,1.2999999999999998,exponential,69,92.0,92.0,6.8378,0,0.0,1.0,1.0
10000,1.3,0.9,4.290041978026843,8.289306334778566,0.517539321719547,-0.15811538544339693,1.2999999999999998,exponential,70,531.0,531.0,6.7137,0,0.0,1.0,1.0
10000,1.3,0.9,4.290041978026843,8.289306334778566,0.517539321719547,-0.15811538544339693,1.2999999999999998,exponential,71,69.0,69.0,6.5695996,0,0.0,1.0,1.0
10000,1.3,0.9,4.290041978026843,8.289306334778566,0.517539321719547,-0.15811538544339693,1.2999999999999998,exponential,72,30.0,30.0,6.7021,0,0.0,1.0,1.0
10000,1.3,0.9,4.290041978026843,8.289306334778566,0.517539321719547,-0.15811538544339693,1.2999999999999998,exponential,73,0.0,0.0,8.3244,0,0.0,1.0,1.0
10000,1.3,0.9,4.290041978026843,8.289306334778566,0.517539321719547,-0.15811538544339693,1.2999999999999998,exponential,74,215.0,215.0,6.8659997,0,0.0,1.0,1.0
10000,1.3,0.9,4.290041978026843,8.289306334778566,0.517539321719547,-0.15811538544339693,1.2999999999999998,exponential,75,262.0,262.0,6.7376,0,0.0,1.0,1.0
10000,1.3,0.9,4.290041978026843,8.289306334778566,0.517539321719547,-0.15811538544339693,1.2999999999999998,exponential,76,95.0,95.0,6.9066,0,0.0,1.0,1.0
10000,1.3,0.9,4.290041978026843,8.289306334778566,0.517539321719547,-0.15811538544339693,1.2999999999999998,exponential,77,373.0,373.0,6.4068,0,0.0,1.0,1.0
10000,1.3,0.9,4.290041978026843,8.289306334778566,0.517539321719547,-0.15811538544339693,1.2999999999999998,exponential,78,140.0,140.0,6.7008,0,0.0,1.0,1.0
10000,1.3,0.9,4.290041978026843,8.289306334778566,0.517539321719547,-0.15811538544339693,1.2999999999999998,exponential,79,259.0,259.0,6.6387997,0,0.0,1.0,1.0
10000,1.3,0.9,4.290041978026843,8.289306334778566,0.517539321719547,-0.15811538544339693,1.2999999999999998,exponential,80,647.0,647.0,6.7225,0,0.0,1.0,1.0
10000,1.3,0.9,4.290041978026843,8.289306334778566,0.517539321719547,-0.15811538544339693,1.2999999999999998,exponential,81,145.0,145.0,6.9147,0,0.0,1.0,1.0
10000,1.3,0.9,4.290041978026843,8.289306334778566,0.517539321719547,-0.15811538544339693,1.2999999999999998,exponential,82,60.0,60.0,6.8736,0,0.0,1.0,1.0
10000,1.3,0.9,4.290041978026843,8.289306334778566,0.517539321719547,-0.15811538544339693,1.2999999999999998,exponential,83,4.0,4.0,6.9737,0,0.0,1.0,1.0
10000,1.3,0.9,4.290041978026843,8.289306334778566,0.517539321719547,-0.15811538544339693,1.2999999999999998,exponential,84,315.0,315.0,6.8364997,0,0.0,1.0,1.0
10000,1.3,0.9,4.290041978026843,8.289306334778566,0.517539321719547,-0.15811538544339693,1.2999999999999998,exponential,85,0.0,0.0,8.278999,0,0.0,1.0,1.0
10000,1.3,0.9,4.290041978026843,8.289306334778566,0.517539321719547,-0.15811538544339693,1.2999999999999998,exponential,86,44.0,44.0,6.9132,0,0.0,1.0,1.0
10000,1.3,0.9,4.290041978026843,8.289306334778566,0.517539321719547,-0.15811538544339693,1.2999999999999998,exponential,87,705.0,705.0,6.9530997,0,0.0,1.0,1.0
10000,1.3,0.9,4.290041978026843,8.289306334778566,0.517539321719547,-0.15811538544339693,1.2999999999999998,exponential,88,317.0,317.0,6.7872996,0,0.0,1.0,1.0
10000,1.3,0.9,4.290041978026843,8.289306334778566,0.517539321719547,-0.15811538544339693,1.2999999999999998,exponential,89,86.0,86.0,6.7640996,0,0.0,1.0,1.0
10000,1.3,0.9,4.290041978026843,8.289306334778566,0.517539321719547,-0.15811538544339693,1.2999999999999998,exponential,90,575.0,575.0,6.7749,0,0.0,1.0,1.0
10000,1.3,0.9,4.290041978026843,8.289306334778566,0.517539321719547,-0.15811538544339693,1.2999999999999998,exponential,91,495.0,495.0,6.8932,0,0.0,1.0,1.0
10000,1.3,0.9,4.290041978026843,8.289306334778566,0.517539321719547,-0.15811538544339693,1.2999999999999998,exponential,92,32.0,32.0,6.7053,0,0.0,1.0,1.0
10000,1.3,0.9,4.290041978026843,8.289306334778566,0.517539321719547,-0.15811538544339693,1.2999999999999998,exponential,93,290.0,290.0,6.8307,0,0.0,1.0,1.0
10000,1.3,0.9,4.290041978026843,8.289306334778566,0.517539321719547,-0.15811538544339693,1.2999999999999998,exponential,94,192.0,192.0,6.9266996,0,0.0,1.0,1.0
10000,1.3,0.9,4.290041978026843,8.289306334778566,0.517539321719547,-0.15811538544339693,1.2999999999999998,exponential,95,284.0,284.0,6.9705997,0,0.0,1.0,1.0
10000,1.3,0.9,4.290041978026843,8.289306334778566,0.517539321719547,-0.15811538544339693,1.2999999999999998,exponential,96,273.0,273.0,7.0221,0,0.0,1.0,1.0
10000,1.3,0.9,4.290041978026843,8.289306334778566,0.517539321719547,-0.15811538544339693,1.2999999999999998,exponential,97,86.0,86.0,6.7681,0,0.0,1.0,1.0
10000,1.3,0.9,4.290041978026843,8.289306334778566,0.517539321719547,-0.15811538544339693,1.2999999999999998,exponential,98,287.0,287.0,6.791,0,0.0,1.0,1.0
10000,1.3,0.9,4.290041978026843,8.289306334778566,0.517539321719547,-0.15811538544339693,1.2999999999999998,exponential,99,634.0,634.0,6.8487997,0,0.0,1.0,1.0
10000,1.3,0.9,4.290041978026843,8.289306334778566,0.517539321719547,-0.15811538544339693,1.2999999999999998,exponential,100,0.0,0.0,8.2977,0,0.0,1.0,1.0
10000,1.3,0.9,4.290041978026843,8.289306334778566,0.517539321719547,-0.15811538544339693,1.2999999999999998,exponential,101,38.0,38.0,6.7415,0,0.0,1.0,1.0
10000,1.3,0.9,4.290041978026843,8.289306334778566,0.517539321719547,-0.15811538544339693,1.2999999999999998,exponential,102,288.0,288.0,6.8553,0,0.0,1.0,1.0
10000,1.3,0.9,4.290041978026843,8.289306334778566,0.517539321719547,-0.15811538544339693,1.2999999999999998,exponential,103,156.0,156.0,6.8374996,0,0.0,1.0,1.0
10000,1.3,0.9,4.290041978026843,8.289306334778566,0.517539321719547,-0.15811538544339693,1.2999999999999998,exponential,104,156.0,156.0,6.8174996,0,0.0,1.0,1.0
10000,1.3,0.9,4.290041978026843,8.289306334778566,0.517539321719547,-0.15811538544339693,1.2999999999999998,exponential,105,9.0,9.0,6.8062997,0,0.0,1.0,1.0
10000,1.3,0.9,4.290041978026843,8.289306334778566,0.517539321719547,-0.15811538544339693,1.2999999999999998,exponential,106,45.0,45.0,6.9712996,0,0.0,1.0,1.0
10000,1.3,0.9,4.290041978026843,8.289306334778566,0.517539321719547,-0.15811538544339693,1.2999999999999998,exponential,107,156.0,156.0,6.9480996,0,0.0,1.0,1.0
10000,1.3,0.9,4.290041978026843,8.289306334778566,0.517539321719547,-0.15811538544339693,1.2999999999999998,exponential,108,91.0,91.0,6.9423,0,0.0,1.0,1.0
10000,1.3,0.9,4.290041978026843,8.289306334778566,0.517539321719547,-0.15811538544339693,1.2999999999999998,exponential,109,524.0,524.0,6.6380997,0,0.0,1.0,1.0
10000,1.3,0.9,4.290041978026843,8.289306334778566,0.517539321719547,-0.15811538544339693,1.2999999999999998,exponential,110,58.0,58.0,7.0613,0,0.0,1.0,1.0
10000,1.3,0.9,4.290041978026843,8.289306334778566,0.517539321719547,-0.15811538544339693,1.2999999999999998,exponential,111,115.0,115.0,6.5042996,0,0.0,1.0,1.0
10000,1.3,0.9,4.290041978026843,8.289306334778566,0.517539321719547,-0.15811538544339693,1.2999999999999998,exponential,112,230.0,230.0,6.9451,0,0.0,1.0,1.0
10000,1.3,0.9,4.290041978026843,8.289306334778566,0.517539321719547,-0.15811538544339693,1.2999999999999998,exponential,113,765.0,765.0,6.6910996,0,0.0,1.0,1.0
10000,1.3,0.9,4.290041978026843,8.289306334778566,0.517539321719547,-0.15811538544339693,1.2999999999999998,exponential,114,128.0,128.0,6.5663,0,0.0,1.0,1.0
10000,1.3,0.9,4.290041978026843,8.289306334778566,0.517539321719547,-0.15811538544339693,1.2999999999999998,exponential,115,521.0,521.0,7.0808,0,0.0,1.0,1.0
10000,1.3,0.9,4.290041978026843,8.289306334778566,0.517539321719547,-0.15811538544339693,1.2999999999999998,exponential,116,380.0,380.0,6.9544,0,0.0,1.0,1.0
10000,1.3,0.9,4.290041978026843,8.289306334778566,0.517539321719547,-0.15811538544339693,1.2999999999999998,exponential,117,1400.0,1400.0,6.8768997,0,0.0,1.0,1.0
10000,1.3,0.9,4.290041978026843,8.289306334778566,0.517539321719547,-0.15811538544339693,1.2999999999999998,exponential,118,138.0,138.0,6.6322,0,0.0,1.0,1.0
10000,1.3,0.9,4.290041978026843,8.289306334778566,0.517539321719547,-0.15811538544339693,1.2999999999999998,exponential,119,476.0,476.0,6.8718996,0,0.0,1.0,1.0
10000,1.3,0.9,4.290041978026843,8.289306334778566,0.517539321719547,-0.15811538544339693,1.2999999999999998,exponential,120,92.0,92.0,6.9297,0,0.0,1.0,1.0
10000,1.3,0.9,4.290041978026843,8.289306334778566,0.517539321719547,-0.15811538544339693,1.2999999999999998,exponential,121,92.0,92.0,6.9501,0,0.0,1.0,1.0
10000,1.3,0.9,4.290041978026843,8.289306334778566,0.517539321719547,-0.15811538544339693,1.2999999999999998,exponential,122,270.0,270.0,6.5962,0,0.0,1.0,1.0
10000,1.3,0.9,4.290041978026843,8.289306334778566,0.517539321719547,-0.15811538544339693,1.2999999999999998,exponential,123,78.0,78.0,6.7829,0,0.0,1.0,1.0
10000,1.3,0.9,4.290041978026843,8.289306334778566,0.517539321719547,-0.15811538544339693,1.2999999999999998,exponential,124,240.0,240.0,6.9196,0,0.0,1.0,1.0
10000,1.3,0.9,4.290041978026843,8.289306334778566,0.517539321719547,-0.15811538544339693,1.2999999999999998,exponential,125,476.0,476.0,6.7685,0,0.0,1.0,1.0
10000,1.3,0.9,4.290041978026843,8.289306334778566,0.517539321719547,-0.15811538544339693,1.2999999999999998,exponential,126,292.0,292.0,6.7881,0,0.0,1.0,1.0
10000,1.3,0.9,4.290041978026843,8.289306334778566,0.517539321719547,-0.15811538544339693,1.2999999999999998,exponential,127,4.0,4.0,6.8294997,0,0.0,1.0,1.0
10000,1.3,0.9,4.290041978026843,8.289306334778566,0.517539321719547,-0.15811538544339693,1.2999999999999998,exponential,128,82.0,82.0,6.8893,0,0.0,1.0,1.0
10000,1.3,0.9,4.290041978026843,8.289306334778566,0.517539321719547,-0.15811538544339693,1.2999999999999998,exponential,129,149.0,149.0,6.8507,0,0.0,1.0,1.0
10000,1.3,0.9,4.290041978026843,8.289306334778566,0.517539321719547,-0.15811538544339693,1.2999999999999998,exponential,130,46.0,46.0,6.7345,0,0.0,1.0,1.0
10000,1.3,0.9,4.290041978026843,8.289306334778566,0.517539321719547,-0.15811538544339693,1.2999999999999998,exponential,131,47.0,47.0,6.7244,0,0.0,1.0,1.0
10000,1.3,0.9,4.290041978026843,8.289306334778566,0.517539321719547,-0.15811538544339693,1.2999999999999998,exponential,132,0.0,0.0,8.271299,0,0.0,1.0,1.0
10000,1.3,0.9,4.290041978026843,8.289306334778566,0.517539321719547,-0.15811538544339693,1.2999999999999998,exponential,133,311.0,311.0,6.8612,0,0.0,1.0,1.0
10000,1.3,0.9,4.290041978026843,8.289306334778566,0.517539321719547,-0.15811538544339693,1.2999999999999998,exponential,134,417.0,417.0,6.9747,0,0.0,1.0,1.0
10000,1.3,0.9,4.290041978026843,8.289306334778566,0.517539321719547,-0.15811538544339693,1.2999999999999998,exponential,135,146.0,146.0,7.0557,0,0.0,1.0,1.0
10000,1.3,0.9,4.290041978026843,8.289306334778566,0.517539321719547,-0.15811538544339693,1.2999999999999998,exponential,136,847.0,847.0,6.9723997,0,0.0,1.0,1.0
10000,1.3,0.9,4.290041978026843,8.289306334778566,0.517539321719547,-0.15811538544339693,1.2999999999999998,exponential,137,59.0,59.0,6.9087996,0,0.0,1.0,1.0
10000,1.3,0.9,4.290041978026843,8.289306334778566,0.517539321719547,-0.15811538544339693,1.2999999999999998,exponential,138,47.0,47.0,6.8327,0,0.0,1.0,1.0
10000,1.3,0.9,4.290041978026843,8.289306334778566,0.517539321719547,-0.15811538544339693,1.2999999999999998,exponential,139,0.0,0.0,8.3324995,0,0.0,1.0,1.0
10000,1.3,0.9,4.290041978026843,8.289306334778566,0.517539321719547,-0.15811538544339693,1.2999999999999998,exponential,140,104.0,104.0,6.9382,0,0.0,1.0,1.0
10000,1.3,0.9,4.290041978026843,8.289306334778566,0.517539321719547,-0.15811538544339693,1.2999999999999998,exponential,141,83.0,83.0,6.8680997,0,0.0,1.0,1.0
10000,1.3,0.9,4.290041978026843,8.289306334778566,0.517539321719547,-0.15811538544339693,1.2999999999999998,exponential,142,2.0,2.0,6.9988,0,0.0,1.0,1.0
10000,1.3,0.9,4.290041978026843,8.289306334778566,0.517539321719547,-0.15811538544339693,1.2999999999999998,exponential,143,94.0,94.0,6.6759,0,0.0,1.0,1.0
10000,1.3,0.9,4.290041978026843,8.289306334778566,0.517539321719547,-0.15811538544339693,1.2999999999999998,exponential,144,116.0,116.0,6.9108,0,0.0,1.0,1.0
10000,1.3,0.9,4.290041978026843,8.289306334778566,0.517539321719547,-0.15811538544339693,1.2999999999999998,exponential,145,390.0,390.0,6.7478,0,0.0,1.0,1.0
10000,1.3,0.9,4.290041978026843,8.289306334778566,0.517539321719547,-0.15811538544339693,1.2999999999999998,exponential,146,217.0,217.0,7.0505,0,0.0,1.0,1.0
10000,1.3,0.9,4.290041978026843,8.289306334778566,0.517539321719547,-0.15811538544339693,1.2999999999999998,exponential,147,491.0,491.0,6.7163,0,0.0,1.0,1.0
10000,1.3,0.9,4.290041978026843,8.289306334778566,0.517539321719547,-0.15811538544339693,1.2999999999999998,exponential,148,96.0,96.0,6.5024,0,0.0,1.0,1.0
10000,1.3,0.9,4.290041978026843,8.289306334778566,0.517539321719547,-0.15811538544339693,1.2999999999999998,exponential,149,1.0,1.0,7.5895996,0,0.0,1.0,1.0
10000,1.3,0.9,4.290041978026843,8.289306334778566,0.517539321719547,-0.15811538544339693,1.2999999999999998,exponential,150,0.0,0.0,8.321899,0,0.0,1.0,1.0
10000,1.3,0.9,4.290041978026843,8.289306334778566,0.517539321719547,-0.15811538544339693,1.2999999999999998,exponential,151,243.0,243.0,6.7195997,0,0.0,1.0,1.0
10000,1.3,0.9,4.290041978026843,8.289306334778566,0.517539321719547,-0.15811538544339693,1.2999999999999998,exponential,152,224.0,224.0,6.5529,0,0.0,1.0,1.0
10000,1.3,0.9,4.290041978026843,8.289306334778566,0.517539321719547,-0.15811538544339693,1.2999999999999998,exponential,153,378.0,378.0,6.6236,0,0.0,1.0,1.0
10000,1.3,0.9,4.290041978026843,8.289306334778566,0.517539321719547,-0.15811538544339693,1.2999999999999998,exponential,154,46.0,46.0,6.7507,0,0.0,1.0,1.0
10000,1.3,0.9,4.290041978026843,8.289306334778566,0.517539321719547,-0.15811538544339693,1.2999999999999998,exponential,155,51.0,51.0,6.7335997,0,0.0,1.0,1.0
10000,1.3,0.9,4.290041978026843,8.289306334778566,0.517539321719547,-0.15811538544339693,1.2999999999999998,exponential,156,579.0,579.0,6.6829,0,0.0,1.0,1.0
10000,1.3,0.9,4.290041978026843,8.289306334778566,0.517539321719547,-0.15811538544339693,1.2999999999999998,exponential,157,295.0,295.0,6.9934998,0,0.0,1.0,1.0
10000,1.3,0.9,4.290041978026843,8.289306334778566,0.517539321719547,-0.15811538544339693,1.2999999999999998,exponential,158,44.0,44.0,6.8479,0,0.0,1.0,1.0
10000,1.3,0.9,4.290041978026843,8.289306334778566,0.517539321719547,-0.15811538544339693,1.2999999999999998,exponential,159,211.0,211.0,6.7036,0,0.0,1.0,1.0
10000,1.3,0.9,4.290041978026843,8.289306334778566,0.517539321719547,-0.15811538544339693,1.2999999999999998,exponential,160,21.0,21.0,6.9978,0,0.0,1.0,1.0
10000,1.3,0.9,4.290041978026843,8.289306334778566,0.517539321719547,-0.15811538544339693,1.2999999999999998,exponential,161,280.0,280.0,6.5831,0,0.0,1.0,1.0
10000,1.3,0.9,4.290041978026843,8.289306334778566,0.517539321719547,-0.15811538544339693,1.2999999999999998,exponential,162,1.0,1.0,7.5204997,0,0.0,1.0,1.0
10000,1.3,0.9,4.290041978026843,8.289306334778566,0.517539321719547,-0.15811538544339693,1.2999999999999998,exponential,163,116.0,116.0,6.5525,0,0.0,1.0,1.0
10000,1.3,0.9,4.290041978026843,8.289306334778566,0.517539321719547,-0.15811538544339693,1.2999999999999998,exponential,164,135.0,135.0,6.9799,0,0.0,1.0,1.0
10000,1.3,0.9,4.290041978026843,8.289306334778566,0.517539321719547,-0.15811538544339693,1.2999999999999998,exponential,165,130.0,130.0,6.8448,0,0.0,1.0,1.0
10000,1.3,0.9,4.290041978026843,8.289306334778566,0.517539321719547,-0.15811538544339693,1.2999999999999998,exponential,166,194.0,194.0,6.7893,0,0.0,1.0,1.0
10000,1.3,0.9,4.290041978026843,8.289306334778566,0.517539321719547,-0.15811538544339693,1.2999999999999998,exponential,167,236.0,236.0,6.763,0,0.0,1.0,1.0
10000,1.3,0.9,4.290041978026843,8.289306334778566,0.517539321719547,-0.15811538544339693,1.2999999999999998,exponential,168,441.0,441.0,7.0130997,0,0.0,1.0,1.0
10000,1.3,0.9,4.290041978026843,8.289306334778566,0.517539321719547,-0.15811538544339693,1.2999999999999998,exponential,169,60.0,60.0,6.8946,0,0.0,1.0,1.0
10000,1.3,0.9,4.290041978026843,8.289306334778566,0.517539321719547,-0.15811538544339693,1.2999999999999998,exponential,170,303.0,303.0,6.6038,0,0.0,1.0,1.0
10000,1.3,0.9,4.290041978026843,8.289306334778566,0.517539321719547,-0.15811538544339693,1.2999999999999998,exponential,171,98.0,98.0,7.0065,0,0.0,1.0,1.0
10000,1.3,0.9,4.290041978026843,8.289306334778566,0.517539321719547,-0.15811538544339693,1.2999999999999998,exponential,172,16.0,16.0,6.6424,0,0.0,1.0,1.0
10000,1.3,0.9,4.290041978026843,8.289306334778566,0.517539321719547,-0.15811538544339693,1.2999999999999998,exponential,173,81.0,81.0,6.5283,0,0.0,1.0,1.0
10000,1.3,0.9,4.290041978026843,8.289306334778566,0.517539321719547,-0.15811538544339693,1.2999999999999998,exponential,174,256.0,256.0,6.783,0,0.0,1.0,1.0
10000,1.3,0.9,4.290041978026843,8.289306334778566,0.517539321719547,-0.15811538544339693,1.2999999999999998,exponential,175,68.0,68.0,6.5836,0,0.0,1.0,1.0
10000,1.3,0.9,4.290041978026843,8.289306334778566,0.517539321719547,-0.15811538544339693,1.2999999999999998,exponential,176,54.0,54.0,6.9595,0,0.0,1.0,1.0
10000,1.3,0.9,4.290041978026843,8.289306334778566,0.517539321719547,-0.15811538544339693,1.2999999999999998,exponential,177,320.0,320.0,6.9372997,0,0.0,1.0,1.0
10000,1.3,0.9,4.290041978026843,8.289306334778566,0.517539321719547,-0.15811538544339693,1.2999999999999998,exponential,178,406.0,406.0,6.9206,0,0.0,1.0,1.0
10000,1.3,0.9,4.290041978026843,8.289306334778566,0.517539321719547,-0.15811538544339693,1.2999999999999998,exponential,179,0.0,0.0,8.288,0,0.0,1.0,1.0
10000,1.3,0.9,4.290041978026843,8.289306334778566,0.517539321719547,-0.15811538544339693,1.2999999999999998,exponential,180,528.0,528.0,7.0499997,0,0.0,1.0,1.0
10000,1.3,0.9,4.290041978026843,8.289306334778566,0.517539321719547,-0.15811538544339693,1.2999999999999998,exponential,181,777.0,777.0,6.9595,0,0.0,1.0,1.0
10000,1.3,0.9,4.290041978026843,8.289306334778566,0.517539321719547,-0.15811538544339693,1.2999999999999998,exponential,182,484.0,484.0,6.5985,0,0.0,1.0,1.0
10000,1.3,0.9,4.290041978026843,8.289306334778566,0.517539321719547,-0.15811538544339693,1.2999999999999998,exponential,183,4.0,4.0,6.7384996,0,0.0,1.0,1.0
10000,1.3,0.9,4.290041978026843,8.289306334778566,0.517539321719547,-0.15811538544339693,1.2999999999999998,exponential,184,14.0,14.0,6.7051,0,0.0,1.0,1.0
10000,1.3,0.9,4.290041978026843,8.289306334778566,0.517539321719547,-0.15811538544339693,1.2999999999999998,exponential,185,42.0,42.0,6.9795,0,0.0,1.0,1.0
10000,1.3,0.9,4.290041978026843,8.289306334778566,0.517539321719547,-0.15811538544339693,1.2999999999999998,exponential,186,48.0,48.0,6.8059998,0,0.0,1.0,1.0
10000,1.3,0.9,4.290041978026843,8.289306334778566,0.517539321719547,-0.15811538544339693,1.2999999999999998,exponential,187,14.0,14.0,7.093,0,0.0,1.0,1.0
10000,1.3,0.9,4.290041978026843,8.289306334778566,0.517539321719547,-0.15811538544339693,1.2999999999999998,exponential,188,19.0,19.0,6.8613997,0,0.0,1.0,1.0
10000,1.3,0.9,4.290041978026843,8.289306334778566,0.517539321719547,-0.15811538544339693,1.2999999999999998,exponential,189,102.0,102.0,6.5832,0,0.0,1.0,1.0
10000,1.3,0.9,4.290041978026843,8.289306334778566,0.517539321719547,-0.15811538544339693,1.2999999999999998,exponential,190,9.0,9.0,6.7,0,0.0,1.0,1.0
10000,1.3,0.9,4.290041978026843,8.289306334778566,0.517539321719547,-0.15811538544339693,1.2999999999999998,exponential,191,84.0,84.0,6.8643,0,0.0,1.0,1.0
10000,1.3,0.9,4.290041978026843,8.289306334778566,0.517539321719547,-0.15811538544339693,1.2999999999999998,exponential,192,60.0,60.0,6.7785997,0,0.0,1.0,1.0
10000,1.3,0.9,4.290041978026843,8.289306334778566,0.517539321719547,-0.15811538544339693,1.2999999999999998,exponential,193,263.0,263.0,6.6933,0,0.0,1.0,1.0
10000,1.3,0.9,4.290041978026843,8.289306334778566,0.517539321719547,-0.15811538544339693,1.2999999999999998,exponential,194,372.0,372.0,6.71,0,0.0,1.0,1.0
10000,1.3,0.9,4.290041978026843,8.289306334778566,0.517539321719547,-0.15811538544339693,1.2999999999999998,exponential,195,3.0,3.0,6.9707,0,0.0,1.0,1.0
10000,1.3,0.9,4.290041978026843,8.289306334778566,0.517539321719547,-0.15811538544339693,1.2999999999999998,exponential,196,125.0,125.0,6.7138,0,0.0,1.0,1.0
10000,1.3,0.9,4.290041978026843,8.289306334778566,0.517539321719547,-0.15811538544339693,1.2999999999999998,exponential,197,0.0,0.0,8.3165,0,0.0,1.0,1.0
10000,1.3,0.9,4.290041978026843,8.289306334778566,0.517539321719547,-0.15811538544339693,1.2999999999999998,exponential,198,145.0,145.0,6.6091,0,0.0,1.0,1.0
10000,1.3,0.9,4.290041978026843,8.289306334778566,0.517539321719547,-0.15811538544339693,1.2999999999999998,exponential,199,66.0,66.0,6.9361,0,0.0,1.0,1.0
10000,1.3,0.9,4.290041978026843,8.289306334778566,0.517539321719547,-0.15811538544339693,1.2999999999999998,exponential,200,213.0,213.0,6.7521,0,0.0,1.0,1.0
10000,1.3,0.9,4.290041978026843,8.289306334778566,0.517539321719547,-0.15811538544339693,1.2999999999999998,exponential,201,327.0,327.0,6.5143,0,0.0,1.0,1.0
10000,1.3,0.9,4.290041978026843,8.289306334778566,0.517539321719547,-0.15811538544339693,1.2999999999999998,exponential,202,1.0,1.0,7.4929,0,0.0,1.0,1.0
10000,1.3,0.9,4.290041978026843,8.289306334778566,0.517539321719547,-0.15811538544339693,1.2999999999999998,exponential,203,0.0,0.0,8.26,0,0.0,1.0,1.0
10000,1.3,0.9,4.290041978026843,8.289306334778566,0.517539321719547,-0.15811538544339693,1.2999999999999998,exponential,204,226.0,226.0,6.9209,0,0.0,1.0,1.0
10000,1.3,0.9,4.290041978026843,8.289306334778566,0.517539321719547,-0.15811538544339693,1.2999999999999998,exponential,205,1.0,1.0,7.4905,0,0.0,1.0,1.0
10000,1.3,0.9,4.290041978026843,8.289306334778566,0.517539321719547,-0.15811538544339693,1.2999999999999998,exponential,206,462.0,462.0,6.7163997,0,0.0,1.0,1.0
10000,1.3,0.9,4.290041978026843,8.289306334778566,0.517539321719547,-0.15811538544339693,1.2999999999999998,exponential,207,275.0,275.0,6.8791,0,0.0,1.0,1.0
10000,1.3,0.9,4.290041978026843,8.289306334778566,0.517539321719547,-0.15811538544339693,1.2999999999999998,exponential,208,4.0,4.0,6.7967,0,0.0,1.0,1.0
10000,1.3,0.9,4.290041978026843,8.289306334778566,0.517539321719547,-0.15811538544339693,1.2999999999999998,exponential,209,157.0,157.0,6.6924996,0,0.0,1.0,1.0
10000,1.3,0.9,4.290041978026843,8.289306334778566,0.517539321719547,-0.15811538544339693,1.2999999999999998,exponential,210,188.0,188.0,6.8560996,0,0.0,1.0,1.0
10000,1.3,0.9,4.290041978026843,8.289306334778566,0.517539321719547,-0.15811538544339693,1.2999999999999998,exponential,211,62.0,62.0,6.4768996,0,0.0,1.0,1.0
10000,1.3,0.9,4.290041978026843,8.289306334778566,0.517539321719547,-0.15811538544339693,1.2999999999999998,exponential,212,8.0,8.0,6.8301997,0,0.0,1.0,1.0
10000,1.3,0.9,4.290041978026843,8.289306334778566,0.517539321719547,-0.15811538544339693,1.2999999999999998,exponential,213,28.0,28.0,7.1015997,0,0.0,1.0,1.0
10000,1.3,0.9,4.290041978026843,8.289306334778566,0.517539321719547,-0.15811538544339693,1.2999999999999998,exponential,214,4.0,4.0,6.9684,0,0.0,1.0,1.0
10000,1.3,0.9,4.290041978026843,8.289306334778566,0.517539321719547,-0.15811538544339693,1.2999999999999998,exponential,215,0.0,0.0,8.3124,0,0.0,1.0,1.0
10000,1.3,0.9,4.290041978026843,8.289306334778566,0.517539321719547,-0.15811538544339693,1.2999999999999998,exponential,216,5.0,5.0,6.9263997,0,0.0,1.0,1.0
10000,1.3,0.9,4.290041978026843,8.289306334778566,0.517539321719547,-0.15811538544339693,1.2999999999999998,exponential,217,2.0,2.0,7.0948997,0,0.0,1.0,1.0
10000,1.3,0.9,4.290041978026843,8.289306334778566,0.517539321719547,-0.15811538544339693,1.2999999999999998,exponential,218,97.0,97.0,6.5804,0,0.0,1.0,1.0
10000,1.3,0.9,4.290041978026843,8.289306334778566,0.517539321719547,-0.15811538544339693,1.2999999999999998,exponential,219,196.0,196.0,6.507,0,0.0,1.0,1.0
10000,1.3,0.9,4.290041978026843,8.289306334778566,0.517539321719547,-0.15811538544339693,1.2999999999999998,exponential,220,1260.0,1260.0,6.6948,0,0.0,1.0,1.0
10000,1.3,0.9,4.290041978026843,8.289306334778566,0.517539321719547,-0.15811538544339693,1.2999999999999998,exponential,221,464.0,464.0,6.6334996,0,0.0,1.0,1.0
10000,1.3,0.9,4.290041978026843,8.289306334778566,0.517539321719547,-0.15811538544339693,1.2999999999999998,exponential,222,9.0,9.0,6.6352,0,0.0,1.0,1.0
10000,1.3,0.9,4.290041978026843,8.289306334778566,0.517539321719547,-0.15811538544339693,1.2999999999999998,exponential,223,0.0,0.0,8.3049,0,0.0,1.0,1.0
10000,1.3,0.9,4.290041978026843,8.289306334778566,0.517539321719547,-0.15811538544339693,1.2999999999999998,exponential,224,9.0,9.0,6.7503,0,0.0,1.0,1.0
10000,1.3,0.9,4.290041978026843,8.289306334778566,0.517539321719547,-0.15811538544339693,1.2999999999999998,exponential,225,32.0,32.0,6.8854,0,0.0,1.0,1.0
10000,1.3,0.9,4.290041978026843,8.289306334778566,0.517539321719547,-0.15811538544339693,1.2999999999999998,exponential,226,156.0,156.0,6.6657996,0,0.0,1.0,1.0
10000,1.3,0.9,4.290041978026843,8.289306334778566,0.517539321719547,-0.15811538544339693,1.2999999999999998,exponential,227,616.0,616.0,6.8835998,0,0.0,1.0,1.0
10000,1.3,0.9,4.290041978026843,8.289306334778566,0.517539321719547,-0.15811538544339693,1.2999999999999998,exponential,228,122.0,122.0,6.9442,0,0.0,1.0,1.0
10000,1.3,0.9,4.290041978026843,8.289306334778566,0.517539321719547,-0.15811538544339693,1.2999999999999998,exponential,229,650.0,650.0,6.6833997,0,0.0,1.0,1.0
10000,1.3,0.9,4.290041978026843,8.289306334778566,0.517539321719547,-0.15811538544339693,1.2999999999999998,exponential,230,300.0,300.0,6.8996997,0,0.0,1.0,1.0
10000,1.3,0.9,4.290041978026843,8.289306334778566,0.517539321719547,-0.15811538544339693,1.2999999999999998,exponential,231,126.0,126.0,7.1303997,0,0.0,1.0,1.0
10000,1.3,0.9,4.290041978026843,8.289306334778566,0.517539321719547,-0.15811538544339693,1.2999999999999998,exponential,232,0.0,0.0,8.2927,0,0.0,1.0,1.0
10000,1.3,0.9,4.290041978026843,8.289306334778566,0.517539321719547,-0.15811538544339693,1.2999999999999998,exponential,233,211.0,211.0,6.7868,0,0.0,1.0,1.0
10000,1.3,0.9,4.290041978026843,8.289306334778566,0.517539321719547,-0.15811538544339693,1.2999999999999998,exponential,234,294.0,294.0,6.6851997,0,0.0,1.0,1.0
10000,1.3,0.9,4.290041978026843,8.289306334778566,0.517539321719547,-0.15811538544339693,1.2999999999999998,exponential,235,51.0,51.0,6.6478996,0,0.0,1.0,1.0
10000,1.3,0.9,4.290041978026843,8.289306334778566,0.517539321719547,-0.15811538544339693,1.2999999999999998,exponential,236,162.0,162.0,7.0185,0,0.0,1.0,1.0
10000,1.3,0.9,4.290041978026843,8.289306334778566,0.517539321719547,-0.15811538544339693,1.2999999999999998,exponential,237,182.0,182.0,6.5801,0,0.0,1.0,1.0
10000,1.3,0.9,4.290041978026843,8.289306334778566,0.517539321719547,-0.15811538544339693,1.2999999999999998,exponential,238,106.0,106.0,6.8273997,0,0.0,1.0,1.0
10000,1.3,0.9,4.290041978026843,8.289306334778566,0.517539321719547,-0.15811538544339693,1.2999999999999998,exponential,239,1.0,1.0,7.4599,0,0.0,1.0,1.0
10000,1.3,0.9,4.290041978026843,8.289306334778566,0.517539321719547,-0.15811538544339693,1.2999999999999998,exponential,240,0.0,0.0,8.3463,0,0.0,1.0,1.0
10000,1.3,0.9,4.290041978026843,8.289306334778566,0.517539321719547,-0.15811538544339693,1.2999999999999998,exponential,241,50.0,50.0,6.9708,0,0.0,1.0,1.0
10000,1.3,0.9,4.290041978026843,8.289306334778566,0.517539321719547,-0.15811538544339693,1.2999999999999998,exponential,242,672.0,672.0,6.4340997,0,0.0,1.0,1.0
10000,1.3,0.9,4.290041978026843,8.289306334778566,0.517539321719547,-0.15811538544339693,1.2999999999999998,exponential,243,99.0,99.0,6.8391,0,0.0,1.0,1.0
10000,1.3,0.9,4.290041978026843,8.289306334778566,0.517539321719547,-0.15811538544339693,1.2999999999999998,exponential,244,386.0,386.0,6.815,0,0.0,1.0,1.0
10000,1.3,0.9,4.290041978026843,8.289306334778566,0.517539321719547,-0.15811538544339693,1.2999999999999998,exponential,245,103.0,103.0,6.8873997,0,0.0,1.0,1.0
10000,1.3,0.9,4.290041978026843,8.289306334778566,0.517539321719547,-0.15811538544339693,1.2999999999999998,exponential,246,784.0,784.0,6.8381,0,0.0,1.0,1.0
10000,1.3,0.9,4.290041978026843,8.289306334778566,0.517539321719547,-0.15811538544339693,1.2999999999999998,exponential,247,156.0,156.0,6.6559997,0,0.0,1.0,1.0
10000,1.3,0.9,4.290041978026843,8.289306334778566,0.517539321719547,-0.15811538544339693,1.2999999999999998,exponential,248,9.0,9.0,6.6349998,0,0.0,1.0,1.0
10000,1.3,0.9,4.290041978026843,8.289306334778566,0.517539321719547,-0.15811538544339693,1.2999999999999998,exponential,249,183.0,183.0,6.7776,0,0.0,1.0,1.0
10000,1.3,0.9,4.290041978026843,8.289306334778566,0.517539321719547,-0.15811538544339693,1.2999999999999998,exponential,250,236.0,236.0,6.5722,0,0.0,1.0,1.0
10000,1.3,0.9,4.290041978026843,8.289306334778566,0.517539321719547,-0.15811538544339693,1.2999999999999998,exponential,251,0.0,0.0,8.2877,0,0.0,1.0,1.0
10000,1.3,0.9,4.290041978026843,8.289306334778566,0.517539321719547,-0.15811538544339693,1.2999999999999998,exponential,252,44.0,44.0,6.7016997,0,0.0,1.0,1.0
10000,1.3,0.9,4.290041978026843,8.289306334778566,0.517539321719547,-0.15811538544339693,1.2999999999999998,exponential,253,169.0,169.0,6.6119,0,0.0,1.0,1.0
10000,1.3,0.9,4.290041978026843,8.289306334778566,0.517539321719547,-0.15811538544339693,1.2999999999999998,exponential,254,383.0,383.0,6.7082996,0,0.0,1.0,1.0
10000,1.3,0.9,4.290041978026843,8.289306334778566,0.517539321719547,-0.15811538544339693,1.2999999999999998,exponential,255,181.0,181.0,6.8926,0,0.0,1.0,1.0
10000,1.3,0.9,4.290041978026843,8.289306334778566,0.517539321719547,-0.15811538544339693,1.2999999999999998,exponential,256,110.0,110.0,6.8403997,0,0.0,1.0,1.0
10000,1.3,0.9,4.290041978026843,8.289306334778566,0.517539321719547,-0.15811538544339693,1.2999999999999998,exponential,257,0.0,0.0,8.3466,0,0.0,1.0,1.0
10000,1.3,0.9,4.290041978026843,8.289306334778566,0.517539321719547,-0.15811538544339693,1.2999999999999998,exponential,258,176.0,176.0,6.5492,0,0.0,1.0,1.0
10000,1.3,0.9,4.290041978026843,8.289306334778566,0.517539321719547,-0.15811538544339693,1.2999999999999998,exponential,259,440.0,440.0,6.9203997,0,0.0,1.0,1.0
10000,1.3,0.9,4.290041978026843,8.289306334778566,0.517539321719547,-0.15811538544339693,1.2999999999999998,exponential,260,94.0,94.0,6.6833997,0,0.0,1.0,1.0
10000,1.3,0.9,4.290041978026843,8.289306334778566,0.517539321719547,-0.15811538544339693,1.2999999999999998,exponential,261,35.0,35.0,6.8887997,0,0.0,1.0,1.0
10000,1.3,0.9,4.290041978026843,8.289306334778566,0.517539321719547,-0.15811538544339693,1.2999999999999998,exponential,262,346.0,346.0,6.6615,0,0.0,1.0,1.0
10000,1.3,0.9,4.290041978026843,8.289306334778566,0.517539321719547,-0.15811538544339693,1.2999999999999998,exponential,263,108.0,108.0,6.994,0,0.0,1.0,1.0
10000,1.3,0.9,4.290041978026843,8.289306334778566,0.517539321719547,-0.15811538544339693,1.2999999999999998,exponential,264,439.0,439.0,6.6953998,0,0.0,1.0,1.0
10000,1.3,0.9,4.290041978026843,8.289306334778566,0.517539321719547,-0.15811538544339693,1.2999999999999998,exponential,265,0.0,0.0,8.2722,0,0.0,1.0,1.0
10000,1.3,0.9,4.290041978026843,8.289306334778566,0.517539321719547,-0.15811538544339693,1.2999999999999998,exponential,266,177.0,177.0,6.6846,0,0.0,1.0,1.0
10000,1.3,0.9,4.290041978026843,8.289306334778566,0.517539321719547,-0.15811538544339693,1.2999999999999998,exponential,267,356.0,356.0,6.5362,0,0.0,1.0,1.0
10000,1.3,0.9,4.290041978026843,8.289306334778566,0.517539321719547,-0.15811538544339693,1.2999999999999998,exponential,268,274.0,274.0,6.8023996,0,0.0,1.0,1.0
10000,1.3,0.9,4.290041978026843,8.289306334778566,0.517539321719547,-0.15811538544339693,1.2999999999999998,exponential,269,27.0,27.0,6.6495,0,0.0,1.0,1.0
10000,1.3,0.9,4.290041978026843,8.289306334778566,0.517539321719547,-0.15811538544339693,1.2999999999999998,exponential,270,77.0,77.0,6.9168,0,0.0,1.0,1.0
10000,1.3,0.9,4.290041978026843,8.289306334778566,0.517539321719547,-0.15811538544339693,1.2999999999999998,exponential,271,495.0,495.0,6.6879997,0,0.0,1.0,1.0
10000,1.3,0.9,4.290041978026843,8.289306334778566,0.517539321719547,-0.15811538544339693,1.2999999999999998,exponential,272,0.0,0.0,8.2947,0,0.0,1.0,1.0
10000,1.3,0.9,4.290041978026843,8.289306334778566,0.517539321719547,-0.15811538544339693,1.2999999999999998,exponential,273,259.0,259.0,6.6264,0,0.0,1.0,1.0
10000,1.3,0.9,4.290041978026843,8.289306334778566,0.517539321719547,-0.15811538544339693,1.2999999999999998,exponential,274,0.0,0.0,8.245399,0,0.0,1.0,1.0
10000,1.3,0.9,4.290041978026843,8.289306334778566,0.517539321719547,-0.15811538544339693,1.2999999999999998,exponential,275,33.0,33.0,7.1794,0,0.0,1.0,1.0
10000,1.3,0.9,4.290041978026843,8.289306334778566,0.517539321719547,-0.15811538544339693,1.2999999999999998,exponential,276,275.0,275.0,6.7855997,0,0.0,1.0,1.0
10000,1.3,0.9,4.290041978026843,8.289306334778566,0.517539321719547,-0.15811538544339693,1.2999999999999998,exponential,277,140.0,140.0,6.4075,0,0.0,1.0,1.0
10000,1.3,0.9,4.290041978026843,8.289306334778566,0.517539321719547,-0.15811538544339693,1.2999999999999998,exponential,278,184.0,184.0,6.7639,0,0.0,1.0,1.0
10000,1.3,0.9,4.290041978026843,8.289306334778566,0.517539321719547,-0.15811538544339693,1.2999999999999998,exponential,279,723.0,723.0,6.8192,0,0.0,1.0,1.0
10000,1.3,0.9,4.290041978026843,8.289306334778566,0.517539321719547,-0.15811538544339693,1.2999999999999998,exponential,280,623.0,623.0,6.7675,0,0.0,1.0,1.0
10000,1.3,0.9,4.290041978026843,8.289306334778566,0.517539321719547,-0.15811538544339693,1.2999999999999998,exponential,281,972.0,972.0,6.9536,0,0.0,1.0,1.0
10000,1.3,0.9,4.290041978026843,8.289306334778566,0.517539321719547,-0.15811538544339693,1.2999999999999998,exponential,282,277.0,277.0,6.8473997,0,0.0,1.0,1.0
10000,1.3,0.9,4.290041978026843,8.289306334778566,0.517539321719547,-0.15811538544339693,1.2999999999999998,exponential,283,46.0,46.0,6.8560996,0,0.0,1.0,1.0
10000,1.3,0.9,4.290041978026843,8.289306334778566,0.517539321719547,-0.15811538544339693,1.2999999999999998,exponential,284,445.0,445.0,6.8782,0,0.0,1.0,1.0
10000,1.3,0.9,4.290041978026843,8.289306334778566,0.517539321719547,-0.15811538544339693,1.2999999999999998,exponential,285,4.0,4.0,6.7095,0,0.0,1.0,1.0
10000,1.3,0.9,4.290041978026843,8.289306334778566,0.517539321719547,-0.15811538544339693,1.2999999999999998,exponential,286,355.0,355.0,6.8539,0,0.0,1.0,1.0
10000,1.3,0.9,4.290041978026843,8.289306334778566,0.517539321719547,-0.15811538544339693,1.2999999999999998,exponential,287,104.0,104.0,6.7949,0,0.0,1.0,1.0
10000,1.3,0.9,4.290041978026843,8.289306334778566,0.517539321719547,-0.15811538544339693,1.2999999999999998,exponential,288,188.0,188.0,6.7608,0,0.0,1.0,1.0
10000,1.3,0.9,4.290041978026843,8.289306334778566,0.517539321719547,-0.15811538544339693,1.2999999999999998,exponential,289,13.0,13.0,6.5593996,0,0.0,1.0,1.0
10000,1.3,0.9,4.290041978026843,8.289306334778566,0.517539321719547,-0.15811538544339693,1.2999999999999998,exponential,290,648.0,648.0,6.8026,0,0.0,1.0,1.0
10000,1.3,0.9,4.290041978026843,8.289306334778566,0.517539321719547,-0.15811538544339693,1.2999999999999998,exponential,291,762.0,762.0,6.7335997,0,0.0,1.0,1.0
10000,1.3,0.9,4.290041978026843,8.289306334778566,0.517539321719547,-0.15811538544339693,1.2999999999999998,exponential,292,46.0,46.0,6.8992,0,0.0,1.0,1.0
10000,1.3,0.9,4.290041978026843,8.289306334778566,0.517539321719547,-0.15811538544339693,1.2999999999999998,exponential,293,64.0,64.0,6.6668997,0,0.0,1.0,1.0
10000,1.3,0.9,4.290041978026843,8.289306334778566,0.517539321719547,-0.15811538544339693,1.2999999999999998,exponential,294,19.0,19.0,6.6731997,0,0.0,1.0,1.0
10000,1.3,0.9,4.290041978026843,8.289306334778566,0.517539321719547,-0.15811538544339693,1.2999999999999998,exponential,295,415.0,415.0,6.5336,0,0.0,1.0,1.0
10000,1.3,0.9,4.290041978026843,8.289306334778566,0.517539321719547,-0.15811538544339693,1.2999999999999998,exponential,296,30.0,30.0,7.0814,0,0.0,1.0,1.0
10000,1.3,0.9,4.290041978026843,8.289306334778566,0.517539321719547,-0.15811538544339693,1.2999999999999998,exponential,297,406.0,406.0,7.0776,0,0.0,1.0,1.0
10000,1.3,0.9,4.290041978026843,8.289306334778566,0.517539321719547,-0.15811538544339693,1.2999999999999998,exponential,298,379.0,379.0,6.687,0,0.0,1.0,1.0
10000,1.3,0.9,4.290041978026843,8.289306334778566,0.517539321719547,-0.15811538544339693,1.2999999999999998,exponential,299,7.0,7.0,6.7138996,0,0.0,1.0,1.0
10000,1.3,0.9,4.290041978026843,8.289306334778566,0.517539321719547,-0.15811538544339693,1.2999999999999998,exponential,300,417.0,417.0,7.0905,0,0.0,1.0,1.0
10000,1.3,0.9,4.290041978026843,8.289306334778566,0.517539321719547,-0.15811538544339693,1.2999999999999998,exponential,301,294.0,294.0,6.9807,0,0.0,1.0,1.0
10000,1.3,0.9,4.290041978026843,8.289306334778566,0.517539321719547,-0.15811538544339693,1.2999999999999998,exponential,302,1.0,1.0,7.4578,0,0.0,1.0,1.0
10000,1.3,0.9,4.290041978026843,8.289306334778566,0.517539321719547,-0.15811538544339693,1.2999999999999998,exponential,303,841.0,841.0,6.7524,0,0.0,1.0,1.0
10000,1.3,0.9,4.290041978026843,8.289306334778566,0.517539321719547,-0.15811538544339693,1.2999999999999998,exponential,304,389.0,389.0,6.7545,0,0.0,1.0,1.0
10000,1.3,0.9,4.290041978026843,8.289306334778566,0.517539321719547,-0.15811538544339693,1.2999999999999998,exponential,305,3.0,3.0,7.0014997,0,0.0,1.0,1.0
10000,1.3,0.9,4.290041978026843,8.289306334778566,0.517539321719547,-0.15811538544339693,1.2999999999999998,exponential,306,140.0,140.0,6.943,0,0.0,1.0,1.0
10000,1.3,0.9,4.290041978026843,8.289306334778566,0.517539321719547,-0.15811538544339693,1.2999999999999998,exponential,307,621.0,621.0,6.9398,0,0.0,1.0,1.0
10000,1.3,0.9,4.290041978026843,8.289306334778566,0.517539321719547,-0.15811538544339693,1.2999999999999998,exponential,308,0.0,0.0,8.2838,0,0.0,1.0,1.0
10000,1.3,0.9,4.290041978026843,8.289306334778566,0.517539321719547,-0.15811538544339693,1.2999999999999998,exponential,309,650.0,650.0,6.7612,0,0.0,1.0,1.0
10000,1.3,0.9,4.290041978026843,8.289306334778566,0.517539321719547,-0.15811538544339693,1.2999999999999998,exponential,310,76.0,76.0,6.7696,0,0.0,1.0,1.0
10000,1.3,0.9,4.290041978026843,8.289306334778566,0.517539321719547,-0.15811538544339693,1.2999999999999998,exponential,311,88.0,88.0,6.8719997,0,0.0,1.0,1.0
10000,1.3,0.9,4.290041978026843,8.289306334778566,0.517539321719547,-0.15811538544339693,1.2999999999999998,exponential,312,49.0,49.0,6.8988,0,0.0,1.0,1.0
10000,1.3,0.9,4.290041978026843,8.289306334778566,0.517539321719547,-0.15811538544339693,1.2999999999999998,exponential,313,105.0,105.0,6.8138,0,0.0,1.0,1.0
10000,1.3,0.9,4.290041978026843,8.289306334778566,0.517539321719547,-0.15811538544339693,1.2999999999999998,exponential,314,17.0,17.0,7.0077996,0,0.0,1.0,1.0
10000,1.3,0.9,4.290041978026843,8.289306334778566,0.517539321719547,-0.15811538544339693,1.2999999999999998,exponential,315,431.0,431.0,6.8082,0,0.0,1.0,1.0
10000,1.3,0.9,4.290041978026843,8.289306334778566,0.517539321719547,-0.15811538544339693,1.2999999999999998,exponential,316,243.0,243.0,6.7201,0,0.0,1.0,1.0
10000,1.3,0.9,4.290041978026843,8.289306334778566,0.517539321719547,-0.15811538544339693,1.2999999999999998,exponential,317,107.0,107.0,6.9157996,0,0.0,1.0,1.0
10000,1.3,0.9,4.290041978026843,8.289306334778566,0.517539321719547,-0.15811538544339693,1.2999999999999998,exponential,318,397.0,397.0,6.9687,0,0.0,1.0,1.0
10000,1.3,0.9,4.290041978026843,8.289306334778566,0.517539321719547,-0.15811538544339693,1.2999999999999998,exponential,319,416.0,416.0,6.7911,0,0.0,1.0,1.0
10000,1.3,0.9,4.290041978026843,8.289306334778566,0.517539321719547,-0.15811538544339693,1.2999999999999998,exponential,320,699.0,699.0,6.7851,0,0.0,1.0,1.0
10000,1.3,0.9,4.290041978026843,8.289306334778566,0.517539321719547,-0.15811538544339693,1.2999999999999998,exponential,321,161.0,161.0,6.8241,0,0.0,1.0,1.0
10000,1.3,0.9,4.290041978026843,8.289306334778566,0.517539321719547,-0.15811538544339693,1.2999999999999998,exponential,322,1137.0,1137.0,6.5875998,0,0.0,1.0,1.0
10000,1.3,0.9,4.290041978026843,8.289306334778566,0.517539321719547,-0.15811538544339693,1.2999999999999998,exponential,323,907.0,907.0,6.7732997,0,0.0,1.0,1.0
10000,1.3,0.9,4.290041978026843,8.289306334778566,0.517539321719547,-0.15811538544339693,1.2999999999999998,exponential,324,403.0,403.0,6.8698997,0,0.0,1.0,1.0
10000,1.3,0.9,4.290041978026843,8.289306334778566,0.517539321719547,-0.15811538544339693,1.2999999999999998,exponential,325,479.0,479.0,6.9494,0,0.0,1.0,1.0
10000,1.3,0.9,4.290041978026843,8.289306334778566,0.517539321719547,-0.15811538544339693,1.2999999999999998,exponential,326,935.0,935.0,7.0896997,0,0.0,1.0,1.0
10000,1.3,0.9,4.290041978026843,8.289306334778566,0.517539321719547,-0.15811538544339693,1.2999999999999998,exponential,327,157.0,157.0,6.4946,0,0.0,1.0,1.0
10000,1.3,0.9,4.290041978026843,8.289306334778566,0.517539321719547,-0.15811538544339693,1.2999999999999998,exponential,328,161.0,161.0,6.9339,0,0.0,1.0,1.0
10000,1.3,0.9,4.290041978026843,8.289306334778566,0.517539321719547,-0.15811538544339693,1.2999999999999998,exponential,329,75.0,75.0,7.0197997,0,0.0,1.0,1.0
10000,1.3,0.9,4.290041978026843,8.289306334778566,0.517539321719547,-0.15811538544339693,1.2999999999999998,exponential,330,0.0,0.0,8.2647,0,0.0,1.0,1.0
10000,1.3,0.9,4.290041978026843,8.289306334778566,0.517539321719547,-0.15811538544339693,1.2999999999999998,exponential,331,315.0,315.0,6.6903,0,0.0,1.0,1.0
10000,1.3,0.9,4.290041978026843,8.289306334778566,0.517539321719547,-0.15811538544339693,1.2999999999999998,exponential,332,167.0,167.0,7.0256,0,0.0,1.0,1.0
10000,1.3,0.9,4.290041978026843,8.289306334778566,0.517539321719547,-0.15811538544339693,1.2999999999999998,exponential,333,463.0,463.0,6.9326,0,0.0,1.0,1.0
10000,1.3,0.9,4.290041978026843,8.289306334778566,0.517539321719547,-0.15811538544339693,1.2999999999999998,exponential,334,2.0,2.0,7.1482997,0,0.0,1.0,1.0
10000,1.3,0.9,4.290041978026843,8.289306334778566,0.517539321719547,-0.15811538544339693,1.2999999999999998,exponential,335,547.0,547.0,6.6558,0,0.0,1.0,1.0
10000,1.3,0.9,4.290041978026843,8.289306334778566,0.517539321719547,-0.15811538544339693,1.2999999999999998,exponential,336,82.0,82.0,6.8132997,0,0.0,1.0,1.0
10000,1.3,0.9,4.290041978026843,8.289306334778566,0.517539321719547,-0.15811538544339693,1.2999999999999998,exponential,337,45.0,45.0,6.8508997,0,0.0,1.0,1.0
10000,1.3,0.9,4.290041978026843,8.289306334778566,0.517539321719547,-0.15811538544339693,1.2999999999999998,exponential,338,518.0,518.0,6.7279997,0,0.0,1.0,1.0
10000,1.3,0.9,4.290041978026843,8.289306334778566,0.517539321719547,-0.15811538544339693,1.2999999999999998,exponential,339,664.0,664.0,6.9923,0,0.0,1.0,1.0
10000,1.3,0.9,4.290041978026843,8.289306334778566,0.517539321719547,-0.15811538544339693,1.2999999999999998,exponential,340,175.0,175.0,6.8852997,0,0.0,1.0,1.0
10000,1.3,0.9,4.290041978026843,8.289306334778566,0.517539321719547,-0.15811538544339693,1.2999999999999998,exponential,341,16.0,16.0,6.9007998,0,0.0,1.0,1.0
10000,1.3,0.9,4.290041978026843,8.289306334778566,0.517539321719547,-0.15811538544339693,1.2999999999999998,exponential,342,6.0,6.0,6.7202,0,0.0,1.0,1.0
10000,1.3,0.9,4.290041978026843,8.289306334778566,0.517539321719547,-0.15811538544339693,1.2999999999999998,exponential,343,52.0,52.0,6.6243997,0,0.0,1.0,1.0
10000,1.3,0.9,4.290041978026843,8.289306334778566,0.517539321719547,-0.15811538544339693,1.2999999999999998,exponential,344,50.0,50.0,6.6131997,0,0.0,1.0,1.0
10000,1.3,0.9,4.290041978026843,8.289306334778566,0.517539321719547,-0.15811538544339693,1.2999999999999998,exponential,345,237.0,237.0,6.5009,0,0.0,1.0,1.0
10000,1.3,0.9,4.290041978026843,8.289306334778566,0.517539321719547,-0.15811538544339693,1.2999999999999998,exponential,346,465.0,465.0,6.7037997,0,0.0,1.0,1.0
10000,1.3,0.9,4.290041978026843,8.289306334778566,0.517539321719547,-0.15811538544339693,1.2999999999999998,exponential,347,14.0,14.0,6.75,0,0.0,1.0,1.0
10000,1.3,0.9,4.290041978026843,8.289306334778566,0.517539321719547,-0.15811538544339693,1.2999999999999998,exponential,348,207.0,207.0,6.699,0,0.0,1.0,1.0
10000,1.3,0.9,4.290041978026843,8.289306334778566,0.517539321719547,-0.15811538544339693,1.2999999999999998,exponential,349,510.0,510.0,6.5945,0,0.0,1.0,1.0
10000,1.3,0.9,4.290041978026843,8.289306334778566,0.517539321719547,-0.15811538544339693,1.2999999999999998,exponential,350,231.0,231.0,6.6938996,0,0.0,1.0,1.0
10000,1.3,0.9,4.290041978026843,8.289306334778566,0.517539321719547,-0.15811538544339693,1.2999999999999998,exponential,351,137.0,137.0,6.9289,0,0.0,1.0,1.0
10000,1.3,0.9,4.290041978026843,8.289306334778566,0.517539321719547,-0.15811538544339693,1.2999999999999998,exponential,352,148.0,148.0,7.1436,0,0.0,1.0,1.0
10000,1.3,0.9,4.290041978026843,8.289306334778566,0.517539321719547,-0.15811538544339693,1.2999999999999998,exponential,353,570.0,570.0,6.9498,0,0.0,1.0,1.0
10000,1.3,0.9,4.290041978026843,8.289306334778566,0.517539321719547,-0.15811538544339693,1.2999999999999998,exponential,354,7.0,7.0,6.9452,0,0.0,1.0,1.0
10000,1.3,0.9,4.290041978026843,8.289306334778566,0.517539321719547,-0.15811538544339693,1.2999999999999998,exponential,355,277.0,277.0,6.6115,0,0.0,1.0,1.0
10000,1.3,0.9,4.290041978026843,8.289306334778566,0.517539321719547,-0.15811538544339693,1.2999999999999998,exponential,356,174.0,174.0,6.8494997,0,0.0,1.0,1.0
10000,1.3,0.9,4.290041978026843,8.289306334778566,0.517539321719547,-0.15811538544339693,1.2999999999999998,exponential,357,170.0,170.0,6.9923,0,0.0,1.0,1.0
10000,1.3,0.9,4.290041978026843,8.289306334778566,0.517539321719547,-0.15811538544339693,1.2999999999999998,exponential,358,321.0,321.0,6.8543997,0,0.0,1.0,1.0
10000,1.3,0.9,4.290041978026843,8.289306334778566,0.517539321719547,-0.15811538544339693,1.2999999999999998,exponential,359,170.0,170.0,6.7664,0,0.0,1.0,1.0
10000,1.3,0.9,4.290041978026843,8.289306334778566,0.517539321719547,-0.15811538544339693,1.2999999999999998,exponential,360,487.0,487.0,6.6267,0,0.0,1.0,1.0
10000,1.3,0.9,4.290041978026843,8.289306334778566,0.517539321719547,-0.15811538544339693,1.2999999999999998,exponential,361,3.0,3.0,7.0183,0,0.0,1.0,1.0
10000,1.3,0.9,4.290041978026843,8.289306334778566,0.517539321719547,-0.15811538544339693,1.2999999999999998,exponential,362,537.0,537.0,6.9164996,0,0.0,1.0,1.0
10000,1.3,0.9,4.290041978026843,8.289306334778566,0.517539321719547,-0.15811538544339693,1.2999999999999998,exponential,363,74.0,74.0,7.1631,0,0.0,1.0,1.0
10000,1.3,0.9,4.290041978026843,8.289306334778566,0.517539321719547,-0.15811538544339693,1.2999999999999998,exponential,364,522.0,522.0,6.7088,0,0.0,1.0,1.0
10000,1.3,0.9,4.290041978026843,8.289306334778566,0.517539321719547,-0.15811538544339693,1.2999999999999998,exponential,365,1.0,1.0,7.4563,0,0.0,1.0,1.0
10000,1.3,0.9,4.290041978026843,8.289306334778566,0.517539321719547,-0.15811538544339693,1.2999999999999998,exponential,366,837.0,837.0,6.8364,0,0.0,1.0,1.0
10000,1.3,0.9,4.290041978026843,8.289306334778566,0.517539321719547,-0.15811538544339693,1.2999999999999998,exponential,367,0.0,0.0,8.305699,0,0.0,1.0,1.0
10000,1.3,0.9,4.290041978026843,8.289306334778566,0.517539321719547,-0.15811538544339693,1.2999999999999998,exponential,368,831.0,831.0,6.7574997,0,0.0,1.0,1.0
10000,1.3,0.9,4.290041978026843,8.289306334778566,0.517539321719547,-0.15811538544339693,1.2999999999999998,exponential,369,89.0,89.0,7.02,0,0.0,1.0,1.0
10000,1.3,0.9,4.290041978026843,8.289306334778566,0.517539321719547,-0.15811538544339693,1.2999999999999998,exponential,370,137.0,137.0,6.822,0,0.0,1.0,1.0
10000,1.3,0.9,4.290041978026843,8.289306334778566,0.517539321719547,-0.15811538544339693,1.2999999999999998,exponential,371,290.0,290.0,6.8364,0,0.0,1.0,1.0
10000,1.3,0.9,4.290041978026843,8.289306334778566,0.517539321719547,-0.15811538544339693,1.2999999999999998,exponential,372,821.0,821.0,6.7342997,0,0.0,1.0,1.0
10000,1.3,0.9,4.290041978026843,8.289306334778566,0.517539321719547,-0.15811538544339693,1.2999999999999998,exponential,373,280.0,280.0,6.9062,0,0.0,1.0,1.0
10000,1.3,0.9,4.290041978026843,8.289306334778566,0.517539321719547,-0.15811538544339693,1.2999999999999998,exponential,374,266.0,266.0,6.6113,0,0.0,1.0,1.0
10000,1.3,0.9,4.290041978026843,8.289306334778566,0.517539321719547,-0.15811538544339693,1.2999999999999998,exponential,375,0.0,0.0,8.349,0,0.0,1.0,1.0
10000,1.3,0.9,4.290041978026843,8.289306334778566,0.517539321719547,-0.15811538544339693,1.2999999999999998,exponential,376,128.0,128.0,6.7811,0,0.0,1.0,1.0
10000,1.3,0.9,4.290041978026843,8.289306334778566,0.517539321719547,-0.15811538544339693,1.2999999999999998,exponential,377,363.0,363.0,6.8633,0,0.0,1.0,1.0
10000,1.3,0.9,4.290041978026843,8.289306334778566,0.517539321719547,-0.15811538544339693,1.2999999999999998,exponential,378,175.0,175.0,6.8466997,0,0.0,1.0,1.0
10000,1.3,0.9,4.290041978026843,8.289306334778566,0.517539321719547,-0.15811538544339693,1.2999999999999998,exponential,379,223.0,223.0,6.5115,0,0.0,1.0,1.0
10000,1.3,0.9,4.290041978026843,8.289306334778566,0.517539321719547,-0.15811538544339693,1.2999999999999998,exponential,380,97.0,97.0,6.8289,0,0.0,1.0,1.0
10000,1.3,0.9,4.290041978026843,8.289306334778566,0.517539321719547,-0.15811538544339693,1.2999999999999998,exponential,381,44.0,44.0,6.9870996,0,0.0,1.0,1.0
10000,1.3,0.9,4.290041978026843,8.289306334778566,0.517539321719547,-0.15811538544339693,1.2999999999999998,exponential,382,0.0,0.0,8.320499,0,0.0,1.0,1.0
10000,1.3,0.9,4.290041978026843,8.289306334778566,0.517539321719547,-0.15811538544339693,1.2999999999999998,exponential,383,79.0,79.0,6.6370997,0,0.0,1.0,1.0
10000,1.3,0.9,4.290041978026843,8.289306334778566,0.517539321719547,-0.15811538544339693,1.2999999999999998,exponential,384,88.0,88.0,6.8483996,0,0.0,1.0,1.0
10000,1.3,0.9,4.290041978026843,8.289306334778566,0.517539321719547,-0.15811538544339693,1.2999999999999998,exponential,385,5.0,5.0,6.6535997,0,0.0,1.0,1.0
10000,1.3,0.9,4.290041978026843,8.289306334778566,0.517539321719547,-0.15811538544339693,1.2999999999999998,exponential,386,48.0,48.0,6.5291,0,0.0,1.0,1.0
10000,1.3,0.9,4.290041978026843,8.289306334778566,0.517539321719547,-0.15811538544339693,1.2999999999999998,exponential,387,51.0,51.0,6.9828,0,0.0,1.0,1.0
10000,1.3,0.9,4.290041978026843,8.289306334778566,0.517539321719547,-0.15811538544339693,1.2999999999999998,exponential,388,490.0,490.0,6.7497997,0,0.0,1.0,1.0
10000,1.3,0.9,4.290041978026843,8.289306334778566,0.517539321719547,-0.15811538544339693,1.2999999999999998,exponential,389,65.0,65.0,6.7956,0,0.0,1.0,1.0
10000,1.3,0.9,4.290041978026843,8.289306334778566,0.517539321719547,-0.15811538544339693,1.2999999999999998,exponential,390,552.0,552.0,6.4444,0,0.0,1.0,1.0
10000,1.3,0.9,4.290041978026843,8.289306334778566,0.517539321719547,-0.15811538544339693,1.2999999999999998,exponential,391,325.0,325.0,6.5889997,0,0.0,1.0,1.0
10000,1.3,0.9,4.290041978026843,8.289306334778566,0.517539321719547,-0.15811538544339693,1.2999999999999998,exponential,392,199.0,199.0,6.9649997,0,0.0,1.0,1.0
10000,1.3,0.9,4.290041978026843,8.289306334778566,0.517539321719547,-0.15811538544339693,1.2999999999999998,exponential,393,52.0,52.0,6.9119,0,0.0,1.0,1.0
10000,1.3,0.9,4.290041978026843,8.289306334778566,0.517539321719547,-0.15811538544339693,1.2999999999999998,exponential,394,26.0,26.0,6.8691998,0,0.0,1.0,1.0
10000,1.3,0.9,4.290041978026843,8.289306334778566,0.517539321719547,-0.15811538544339693,1.2999999999999998,exponential,395,2.0,2.0,7.0294,0,0.0,1.0,1.0
10000,1.3,0.9,4.290041978026843,8.289306334778566,0.517539321719547,-0.15811538544339693,1.2999999999999998,exponential,396,0.0,0.0,8.3047,0,0.0,1.0,1.0
10000,1.3,0.9,4.290041978026843,8.289306334778566,0.517539321719547,-0.15811538544339693,1.2999999999999998,exponential,397,2109.0,2109.0,7.0309997,0,0.0,1.0,1.0
10000,1.3,0.9,4.290041978026843,8.289306334778566,0.517539321719547,-0.15811538544339693,1.2999999999999998,exponential,398,0.0,0.0,8.302899,0,0.0,1.0,1.0
10000,1.3,0.9,4.290041978026843,8.289306334778566,0.517539321719547,-0.15811538544339693,1.2999999999999998,exponential,399,108.0,108.0,6.7551,0,0.0,1.0,1.0
10000,1.3,0.9,4.290041978026843,8.289306334778566,0.517539321719547,-0.15811538544339693,1.2999999999999998,exponential,400,299.0,299.0,6.6779,0,0.0,1.0,1.0
10000,1.3,0.9,4.290041978026843,8.289306334778566,0.517539321719547,-0.15811538544339693,1.2999999999999998,exponential,401,101.0,101.0,6.6538,0,0.0,1.0,1.0
10000,1.3,0.9,4.290041978026843,8.289306334778566,0.517539321719547,-0.15811538544339693,1.2999999999999998,exponential,402,0.0,0.0,8.2918,0,0.0,1.0,1.0
10000,1.3,0.9,4.290041978026843,8.289306334778566,0.517539321719547,-0.15811538544339693,1.2999999999999998,exponential,403,387.0,387.0,6.9199996,0,0.0,1.0,1.0
10000,1.3,0.9,4.290041978026843,8.289306334778566,0.517539321719547,-0.15811538544339693,1.2999999999999998,exponential,404,33.0,33.0,7.0449996,0,0.0,1.0,1.0
10000,1.3,0.9,4.290041978026843,8.289306334778566,0.517539321719547,-0.15811538544339693,1.2999999999999998,exponential,405,240.0,240.0,6.6523,0,0.0,1.0,1.0
10000,1.3,0.9,4.290041978026843,8.289306334778566,0.517539321719547,-0.15811538544339693,1.2999999999999998,exponential,406,58.0,58.0,7.0017,0,0.0,1.0,1.0
10000,1.3,0.9,4.290041978026843,8.289306334778566,0.517539321719547,-0.15811538544339693,1.2999999999999998,exponential,407,87.0,87.0,6.7433,0,0.0,1.0,1.0
10000,1.3,0.9,4.290041978026843,8.289306334778566,0.517539321719547,-0.15811538544339693,1.2999999999999998,exponential,408,232.0,232.0,6.9958997,0,0.0,1.0,1.0
10000,1.3,0.9,4.290041978026843,8.289306334778566,0.517539321719547,-0.15811538544339693,1.2999999999999998,exponential,409,201.0,201.0,6.8027,0,0.0,1.0,1.0
10000,1.3,0.9,4.290041978026843,8.289306334778566,0.517539321719547,-0.15811538544339693,1.2999999999999998,exponential,410,376.0,376.0,6.5653996,0,0.0,1.0,1.0
10000,1.3,0.9,4.290041978026843,8.289306334778566,0.517539321719547,-0.15811538544339693,1.2999999999999998,exponential,411,280.0,280.0,6.4997997,0,0.0,1.0,1.0
10000,1.3,0.9,4.290041978026843,8.289306334778566,0.517539321719547,-0.15811538544339693,1.2999999999999998,exponential,412,203.0,203.0,6.6769,0,0.0,1.0,1.0
10000,1.3,0.9,4.290041978026843,8.289306334778566,0.517539321719547,-0.15811538544339693,1.2999999999999998,exponential,413,118.0,118.0,6.9245,0,0.0,1.0,1.0
10000,1.3,0.9,4.290041978026843,8.289306334778566,0.517539321719547,-0.15811538544339693,1.2999999999999998,exponential,414,33.0,33.0,6.6432,0,0.0,1.0,1.0
10000,1.3,0.9,4.290041978026843,8.289306334778566,0.517539321719547,-0.15811538544339693,1.2999999999999998,exponential,415,107.0,107.0,6.7738,0,0.0,1.0,1.0
10000,1.3,0.9,4.290041978026843,8.289306334778566,0.517539321719547,-0.15811538544339693,1.2999999999999998,exponential,416,694.0,694.0,6.9000998,0,0.0,1.0,1.0
10000,1.3,0.9,4.290041978026843,8.289306334778566,0.517539321719547,-0.15811538544339693,1.2999999999999998,exponential,417,279.0,279.0,6.8532,0,0.0,1.0,1.0
10000,1.3,0.9,4.290041978026843,8.289306334778566,0.517539321719547,-0.15811538544339693,1.2999999999999998,exponential,418,454.0,454.0,6.5533,0,0.0,1.0,1.0
10000,1.3,0.9,4.290041978026843,8.289306334778566,0.517539321719547,-0.15811538544339693,1.2999999999999998,exponential,419,0.0,0.0,8.270599,0,0.0,1.0,1.0
10000,1.3,0.9,4.290041978026843,8.289306334778566,0.517539321719547,-0.15811538544339693,1.2999999999999998,exponential,420,356.0,356.0,6.5997996,0,0.0,1.0,1.0
10000,1.3,0.9,4.290041978026843,8.289306334778566,0.517539321719547,-0.15811538544339693,1.2999999999999998,exponential,421,295.0,295.0,6.9828997,0,0.0,1.0,1.0
10000,1.3,0.9,4.290041978026843,8.289306334778566,0.517539321719547,-0.15811538544339693,1.2999999999999998,exponential,422,776.0,776.0,6.6513996,0,0.0,1.0,1.0
10000,1.3,0.9,4.290041978026843,8.289306334778566,0.517539321719547,-0.15811538544339693,1.2999999999999998,exponential,423,111.0,111.0,6.8805,0,0.0,1.0,1.0
10000,1.3,0.9,4.290041978026843,8.289306334778566,0.517539321719547,-0.15811538544339693,1.2999999999999998,exponential,424,151.0,151.0,7.0611,0,0.0,1.0,1.0
10000,1.3,0.9,4.290041978026843,8.289306334778566,0.517539321719547,-0.15811538544339693,1.2999999999999998,exponential,425,102.0,102.0,6.7208,0,0.0,1.0,1.0
10000,1.3,0.9,4.290041978026843,8.289306334778566,0.517539321719547,-0.15811538544339693,1.2999999999999998,exponential,426,182.0,182.0,6.8532996,0,0.0,1.0,1.0
10000,1.3,0.9,4.290041978026843,8.289306334778566,0.517539321719547,-0.15811538544339693,1.2999999999999998,exponential,427,1.0,1.0,7.4884996,0,0.0,1.0,1.0
10000,1.3,0.9,4.290041978026843,8.289306334778566,0.517539321719547,-0.15811538544339693,1.2999999999999998,exponential,428,216.0,216.0,6.7964997,0,0.0,1.0,1.0
10000,1.3,0.9,4.290041978026843,8.289306334778566,0.517539321719547,-0.15811538544339693,1.2999999999999998,exponential,429,559.0,559.0,6.8293,0,0.0,1.0,1.0
10000,1.3,0.9,4.290041978026843,8.289306334778566,0.517539321719547,-0.15811538544339693,1.2999999999999998,exponential,430,695.0,695.0,6.7704,0,0.0,1.0,1.0
10000,1.3,0.9,4.290041978026843,8.289306334778566,0.517539321719547,-0.15811538544339693,1.2999999999999998,exponential,431,166.0,166.0,6.8461,0,0.0,1.0,1.0
10000,1.3,0.9,4.290041978026843,8.289306334778566,0.517539321719547,-0.15811538544339693,1.2999999999999998,exponential,432,956.0,956.0,6.8936996,0,0.0,1.0,1.0
10000,1.3,0.9,4.290041978026843,8.289306334778566,0.517539321719547,-0.15811538544339693,1.2999999999999998,exponential,433,128.0,128.0,6.8654,0,0.0,1.0,1.0
10000,1.3,0.9,4.290041978026843,8.289306334778566,0.517539321719547,-0.15811538544339693,1.2999999999999998,exponential,434,22.0,22.0,6.7481,0,0.0,1.0,1.0
10000,1.3,0.9,4.290041978026843,8.289306334778566,0.517539321719547,-0.15811538544339693,1.2999999999999998,exponential,435,265.0,265.0,7.0158,0,0.0,1.0,1.0
10000,1.3,0.9,4.290041978026843,8.289306334778566,0.517539321719547,-0.15811538544339693,1.2999999999999998,exponential,436,41.0,41.0,6.9462,0,0.0,1.0,1.0
10000,1.3,0.9,4.290041978026843,8.289306334778566,0.517539321719547,-0.15811538544339693,1.2999999999999998,exponential,437,242.0,242.0,7.0277996,0,0.0,1.0,1.0
10000,1.3,0.9,4.290041978026843,8.289306334778566,0.517539321719547,-0.15811538544339693,1.2999999999999998,exponential,438,645.0,645.0,6.8747997,0,0.0,1.0,1.0
10000,1.3,0.9,4.290041978026843,8.289306334778566,0.517539321719547,-0.15811538544339693,1.2999999999999998,exponential,439,35.0,35.0,6.9056997,0,0.0,1.0,1.0
10000,1.3,0.9,4.290041978026843,8.289306334778566,0.517539321719547,-0.15811538544339693,1.2999999999999998,exponential,440,159.0,159.0,6.578,0,0.0,1.0,1.0
10000,1.3,0.9,4.290041978026843,8.289306334778566,0.517539321719547,-0.15811538544339693,1.2999999999999998,exponential,441,263.0,263.0,7.0902996,0,0.0,1.0,1.0
10000,1.3,0.9,4.290041978026843,8.289306334778566,0.517539321719547,-0.15811538544339693,1.2999999999999998,exponential,442,237.0,237.0,6.7827,0,0.0,1.0,1.0
10000,1.3,0.9,4.290041978026843,8.289306334778566,0.517539321719547,-0.15811538544339693,1.2999999999999998,exponential,443,1176.0,1176.0,6.7904,0,0.0,1.0,1.0
10000,1.3,0.9,4.290041978026843,8.289306334778566,0.517539321719547,-0.15811538544339693,1.2999999999999998,exponential,444,245.0,245.0,7.1127996,0,0.0,1.0,1.0
10000,1.3,0.9,4.290041978026843,8.289306334778566,0.517539321719547,-0.15811538544339693,1.2999999999999998,exponential,445,431.0,431.0,6.7538,0,0.0,1.0,1.0
10000,1.3,0.9,4.290041978026843,8.289306334778566,0.517539321719547,-0.15811538544339693,1.2999999999999998,exponential,446,124.0,124.0,6.6505,0,0.0,1.0,1.0
10000,1.3,0.9,4.290041978026843,8.289306334778566,0.517539321719547,-0.15811538544339693,1.2999999999999998,exponential,447,472.0,472.0,6.5885997,0,0.0,1.0,1.0
10000,1.3,0.9,4.290041978026843,8.289306334778566,0.517539321719547,-0.15811538544339693,1.2999999999999998,exponential,448,42.0,42.0,6.3531,0,0.0,1.0,1.0
10000,1.3,0.9,4.290041978026843,8.289306334778566,0.517539321719547,-0.15811538544339693,1.2999999999999998,exponential,449,298.0,298.0,6.6456,0,0.0,1.0,1.0
10000,1.3,0.9,4.290041978026843,8.289306334778566,0.517539321719547,-0.15811538544339693,1.2999999999999998,exponential,450,2.0,2.0,7.0905,0,0.0,1.0,1.0
10000,1.3,0.9,4.290041978026843,8.289306334778566,0.517539321719547,-0.15811538544339693,1.2999999999999998,exponential,451,144.0,144.0,6.5044,0,0.0,1.0,1.0
10000,1.3,0.9,4.290041978026843,8.289306334778566,0.517539321719547,-0.15811538544339693,1.2999999999999998,exponential,452,677.0,677.0,6.6524,0,0.0,1.0,1.0
10000,1.3,0.9,4.290041978026843,8.289306334778566,0.517539321719547,-0.15811538544339693,1.2999999999999998,exponential,453,270.0,270.0,6.7829,0,0.0,1.0,1.0
10000,1.3,0.9,4.290041978026843,8.289306334778566,0.517539321719547,-0.15811538544339693,1.2999999999999998,exponential,454,490.0,490.0,6.8457,0,0.0,1.0,1.0
10000,1.3,0.9,4.290041978026843,8.289306334778566,0.517539321719547,-0.15811538544339693,1.2999999999999998,exponential,455,0.0,0.0,8.3083,0,0.0,1.0,1.0
10000,1.3,0.9,4.290041978026843,8.289306334778566,0.517539321719547,-0.15811538544339693,1.2999999999999998,exponential,456,103.0,103.0,6.7685,0,0.0,1.0,1.0
10000,1.3,0.9,4.290041978026843,8.289306334778566,0.517539321719547,-0.15811538544339693,1.2999999999999998,exponential,457,0.0,0.0,8.306,0,0.0,1.0,1.0
10000,1.3,0.9,4.290041978026843,8.289306334778566,0.517539321719547,-0.15811538544339693,1.2999999999999998,exponential,458,219.0,219.0,6.5499,0,0.0,1.0,1.0
10000,1.3,0.9,4.290041978026843,8.289306334778566,0.517539321719547,-0.15811538544339693,1.2999999999999998,exponential,459,525.0,525.0,7.0231,0,0.0,1.0,1.0
10000,1.3,0.9,4.290041978026843,8.289306334778566,0.517539321719547,-0.15811538544339693,1.2999999999999998,exponential,460,170.0,170.0,6.7134,0,0.0,1.0,1.0
10000,1.3,0.9,4.290041978026843,8.289306334778566,0.517539321719547,-0.15811538544339693,1.2999999999999998,exponential,461,32.0,32.0,6.8489,0,0.0,1.0,1.0
10000,1.3,0.9,4.290041978026843,8.289306334778566,0.517539321719547,-0.15811538544339693,1.2999999999999998,exponential,462,1043.0,1043.0,6.8984,0,0.0,1.0,1.0
10000,1.3,0.9,4.290041978026843,8.289306334778566,0.517539321719547,-0.15811538544339693,1.2999999999999998,exponential,463,108.0,108.0,6.7324,0,0.0,1.0,1.0
10000,1.3,0.9,4.290041978026843,8.289306334778566,0.517539321719547,-0.15811538544339693,1.2999999999999998,exponential,464,308.0,308.0,6.9467998,0,0.0,1.0,1.0
10000,1.3,0.9,4.290041978026843,8.289306334778566,0.517539321719547,-0.15811538544339693,1.2999999999999998,exponential,465,109.0,109.0,6.9400997,0,0.0,1.0,1.0
10000,1.3,0.9,4.290041978026843,8.289306334778566,0.517539321719547,-0.15811538544339693,1.2999999999999998,exponential,466,217.0,217.0,6.7560997,0,0.0,1.0,1.0
10000,1.3,0.9,4.290041978026843,8.289306334778566,0.517539321719547,-0.15811538544339693,1.2999999999999998,exponential,467,36.0,36.0,6.6198997,0,0.0,1.0,1.0
10000,1.3,0.9,4.290041978026843,8.289306334778566,0.517539321719547,-0.15811538544339693,1.2999999999999998,exponential,468,78.0,78.0,6.8311,0,0.0,1.0,1.0
10000,1.3,0.9,4.290041978026843,8.289306334778566,0.517539321719547,-0.15811538544339693,1.2999999999999998,exponential,469,103.0,103.0,6.8199,0,0.0,1.0,1.0
10000,1.3,0.9,4.290041978026843,8.289306334778566,0.517539321719547,-0.15811538544339693,1.2999999999999998,exponential,470,265.0,265.0,6.8778,0,0.0,1.0,1.0
10000,1.3,0.9,4.290041978026843,8.289306334778566,0.517539321719547,-0.15811538544339693,1.2999999999999998,exponential,471,175.0,175.0,7.0539,0,0.0,1.0,1.0
10000,1.3,0.9,4.290041978026843,8.289306334778566,0.517539321719547,-0.15811538544339693,1.2999999999999998,exponential,472,79.0,79.0,6.7679996,0,0.0,1.0,1.0
10000,1.3,0.9,4.290041978026843,8.289306334778566,0.517539321719547,-0.15811538544339693,1.2999999999999998,exponential,473,411.0,411.0,6.8487,0,0.0,1.0,1.0
10000,1.3,0.9,4.290041978026843,8.289306334778566,0.517539321719547,-0.15811538544339693,1.2999999999999998,exponential,474,26.0,26.0,6.8406,0,0.0,1.0,1.0
10000,1.3,0.9,4.290041978026843,8.289306334778566,0.517539321719547,-0.15811538544339693,1.2999999999999998,exponential,475,333.0,333.0,7.0154996,0,0.0,1.0,1.0
10000,1.3,0.9,4.290041978026843,8.289306334778566,0.517539321719547,-0.15811538544339693,1.2999999999999998,exponential,476,499.0,499.0,6.7865,0,0.0,1.0,1.0
10000,1.3,0.9,4.290041978026843,8.289306334778566,0.517539321719547,-0.15811538544339693,1.2999999999999998,exponential,477,34.0,34.0,6.6913,0,0.0,1.0,1.0
10000,1.3,0.9,4.290041978026843,8.289306334778566,0.517539321719547,-0.15811538544339693,1.2999999999999998,exponential,478,309.0,309.0,7.0471997,0,0.0,1.0,1.0
10000,1.3,0.9,4.290041978026843,8.289306334778566,0.517539321719547,-0.15811538544339693,1.2999999999999998,exponential,479,567.0,567.0,7.0606,0,0.0,1.0,1.0
10000,1.3,0.9,4.290041978026843,8.289306334778566,0.517539321719547,-0.15811538544339693,1.2999999999999998,exponential,480,7.0,7.0,6.6812,0,0.0,1.0,1.0
10000,1.3,0.9,4.290041978026843,8.289306334778566,0.517539321719547,-0.15811538544339693,1.2999999999999998,exponential,481,309.0,309.0,6.7125998,0,0.0,1.0,1.0
10000,1.3,0.9,4.290041978026843,8.289306334778566,0.517539321719547,-0.15811538544339693,1.2999999999999998,exponential,482,13.0,13.0,6.915,0,0.0,1.0,1.0
10000,1.3,0.9,4.290041978026843,8.289306334778566,0.517539321719547,-0.15811538544339693,1.2999999999999998,exponential,483,279.0,279.0,6.8261,0,0.0,1.0,1.0
10000,1.3,0.9,4.290041978026843,8.289306334778566,0.517539321719547,-0.15811538544339693,1.2999999999999998,exponential,484,317.0,317.0,6.6320996,0,0.0,1.0,1.0
10000,1.3,0.9,4.290041978026843,8.289306334778566,0.517539321719547,-0.15811538544339693,1.2999999999999998,exponential,485,0.0,0.0,8.295199,0,0.0,1.0,1.0
10000,1.3,0.9,4.290041978026843,8.289306334778566,0.517539321719547,-0.15811538544339693,1.2999999999999998,exponential,486,219.0,219.0,6.8018,0,0.0,1.0,1.0
10000,1.3,0.9,4.290041978026843,8.289306334778566,0.517539321719547,-0.15811538544339693,1.2999999999999998,exponential,487,15.0,15.0,6.831,0,0.0,1.0,1.0
10000,1.3,0.9,4.290041978026843,8.289306334778566,0.517539321719547,-0.15811538544339693,1.2999999999999998,exponential,488,115.0,115.0,6.8866997,0,0.0,1.0,1.0
10000,1.3,0.9,4.290041978026843,8.289306334778566,0.517539321719547,-0.15811538544339693,1.2999999999999998,exponential,489,698.0,698.0,6.6784997,0,0.0,1.0,1.0
10000,1.3,0.9,4.290041978026843,8.289306334778566,0.517539321719547,-0.15811538544339693,1.2999999999999998,exponential,490,34.0,34.0,6.3992,0,0.0,1.0,1.0
10000,1.3,0.9,4.290041978026843,8.289306334778566,0.517539321719547,-0.15811538544339693,1.2999999999999998,exponential,491,74.0,74.0,6.9263,0,0.0,1.0,1.0
10000,1.3,0.9,4.290041978026843,8.289306334778566,0.517539321719547,-0.15811538544339693,1.2999999999999998,exponential,492,53.0,53.0,6.8514,0,0.0,1.0,1.0
10000,1.3,0.9,4.290041978026843,8.289306334778566,0.517539321719547,-0.15811538544339693,1.2999999999999998,exponential,493,56.0,56.0,6.8561997,0,0.0,1.0,1.0
10000,1.3,0.9,4.290041978026843,8.289306334778566,0.517539321719547,-0.15811538544339693,1.2999999999999998,exponential,494,403.0,403.0,6.5088,0,0.0,1.0,1.0
10000,1.3,0.9,4.290041978026843,8.289306334778566,0.517539321719547,-0.15811538544339693,1.2999999999999998,exponential,495,297.0,297.0,7.0155997,0,0.0,1.0,1.0
10000,1.3,0.9,4.290041978026843,8.289306334778566,0.517539321719547,-0.15811538544339693,1.2999999999999998,exponential,496,262.0,262.0,6.4063997,0,0.0,1.0,1.0
10000,1.3,0.9,4.290041978026843,8.289306334778566,0.517539321719547,-0.15811538544339693,1.2999999999999998,exponential,497,184.0,184.0,7.1509,0,0.0,1.0,1.0
10000,1.3,0.9,4.290041978026843,8.289306334778566,0.517539321719547,-0.15811538544339693,1.2999999999999998,exponential,498,439.0,439.0,6.95,0,0.0,1.0,1.0
10000,1.3,0.9,4.290041978026843,8.289306334778566,0.517539321719547,-0.15811538544339693,1.2999999999999998,exponential,499,204.0,204.0,6.7679,0,0.0,1.0,1.0
10000,1.3,0.9,4.290041978026843,8.289306334778566,0.517539321719547,-0.15811538544339693,1.2999999999999998,exponential,500,6.0,6.0,6.74,0,0.0,1.0,1.0
10000,1.3,0.9,4.290041978026843,8.289306334778566,0.517539321719547,-0.15811538544339693,1.2999999999999998,exponential,501,344.0,344.0,6.7461,0,0.0,1.0,1.0
10000,1.3,0.9,4.290041978026843,8.289306334778566,0.517539321719547,-0.15811538544339693,1.2999999999999998,exponential,502,115.0,115.0,7.0439997,0,0.0,1.0,1.0
10000,1.3,0.9,4.290041978026843,8.289306334778566,0.517539321719547,-0.15811538544339693,1.2999999999999998,exponential,503,51.0,51.0,6.8230996,0,0.0,1.0,1.0
10000,1.3,0.9,4.290041978026843,8.289306334778566,0.517539321719547,-0.15811538544339693,1.2999999999999998,exponential,504,956.0,956.0,7.0122,0,0.0,1.0,1.0
10000,1.3,0.9,4.290041978026843,8.289306334778566,0.517539321719547,-0.15811538544339693,1.2999999999999998,exponential,505,445.0,445.0,6.7820997,0,0.0,1.0,1.0
10000,1.3,0.9,4.290041978026843,8.289306334778566,0.517539321719547,-0.15811538544339693,1.2999999999999998,exponential,506,699.0,699.0,6.9393,0,0.0,1.0,1.0
10000,1.3,0.9,4.290041978026843,8.289306334778566,0.517539321719547,-0.15811538544339693,1.2999999999999998,exponential,507,40.0,40.0,6.9259996,0,0.0,1.0,1.0
10000,1.3,0.9,4.290041978026843,8.289306334778566,0.517539321719547,-0.15811538544339693,1.2999999999999998,exponential,508,1.0,1.0,7.4979,0,0.0,1.0,1.0
10000,1.3,0.9,4.290041978026843,8.289306334778566,0.517539321719547,-0.15811538544339693,1.2999999999999998,exponential,509,0.0,0.0,8.279799,0,0.0,1.0,1.0
10000,1.3,0.9,4.290041978026843,8.289306334778566,0.517539321719547,-0.15811538544339693,1.2999999999999998,exponential,510,117.0,117.0,6.8594,0,0.0,1.0,1.0
10000,1.3,0.9,4.290041978026843,8.289306334778566,0.517539321719547,-0.15811538544339693,1.2999999999999998,exponential,511,132.0,132.0,6.5649,0,0.0,1.0,1.0
10000,1.3,0.9,4.290041978026843,8.289306334778566,0.517539321719547,-0.15811538544339693,1.2999999999999998,exponential,512,178.0,178.0,6.6881,0,0.0,1.0,1.0
10000,1.3,0.9,4.290041978026843,8.289306334778566,0.517539321719547,-0.15811538544339693,1.2999999999999998,exponential,513,0.0,0.0,8.2498,0,0.0,1.0,1.0
10000,1.3,0.9,4.290041978026843,8.289306334778566,0.517539321719547,-0.15811538544339693,1.2999999999999998,exponential,514,4.0,4.0,6.732,0,0.0,1.0,1.0
10000,1.3,0.9,4.290041978026843,8.289306334778566,0.517539321719547,-0.15811538544339693,1.2999999999999998,exponential,515,100.0,100.0,7.1018996,0,0.0,1.0,1.0
10000,1.3,0.9,4.290041978026843,8.289306334778566,0.517539321719547,-0.15811538544339693,1.2999999999999998,exponential,516,177.0,177.0,6.8582997,0,0.0,1.0,1.0
10000,1.3,0.9,4.290041978026843,8.289306334778566,0.517539321719547,-0.15811538544339693,1.2999999999999998,exponential,517,397.0,397.0,6.9968,0,0.0,1.0,1.0
10000,1.3,0.9,4.290041978026843,8.289306334778566,0.517539321719547,-0.15811538544339693,1.2999999999999998,exponential,518,29.0,29.0,6.9308,0,0.0,1.0,1.0
10000,1.3,0.9,4.290041978026843,8.289306334778566,0.517539321719547,-0.15811538544339693,1.2999999999999998,exponential,519,72.0,72.0,6.8364,0,0.0,1.0,1.0
10000,1.3,0.9,4.290041978026843,8.289306334778566,0.517539321719547,-0.15811538544339693,1.2999999999999998,exponential,520,174.0,174.0,6.98,0,0.0,1.0,1.0
10000,1.3,0.9,4.290041978026843,8.289306334778566,0.517539321719547,-0.15811538544339693,1.2999999999999998,exponential,521,27.0,27.0,6.6324997,0,0.0,1.0,1.0
10000,1.3,0.9,4.290041978026843,8.289306334778566,0.517539321719547,-0.15811538544339693,1.2999999999999998,exponential,522,0.0,0.0,8.3116,0,0.0,1.0,1.0
10000,1.3,0.9,4.290041978026843,8.289306334778566,0.517539321719547,-0.15811538544339693,1.2999999999999998,exponential,523,570.0,570.0,6.8852997,0,0.0,1.0,1.0
10000,1.3,0.9,4.290041978026843,8.289306334778566,0.517539321719547,-0.15811538544339693,1.2999999999999998,exponential,524,32.0,32.0,6.8409,0,0.0,1.0,1.0
10000,1.3,0.9,4.290041978026843,8.289306334778566,0.517539321719547,-0.15811538544339693,1.2999999999999998,exponential,525,419.0,419.0,6.8781,0,0.0,1.0,1.0
10000,1.3,0.9,4.290041978026843,8.289306334778566,0.517539321719547,-0.15811538544339693,1.2999999999999998,exponential,526,259.0,259.0,6.8048,0,0.0,1.0,1.0
10000,1.3,0.9,4.290041978026843,8.289306334778566,0.517539321719547,-0.15811538544339693,1.2999999999999998,exponential,527,329.0,329.0,6.7738,0,0.0,1.0,1.0
10000,1.3,0.9,4.290041978026843,8.289306334778566,0.517539321719547,-0.15811538544339693,1.2999999999999998,exponential,528,757.0,757.0,6.7327,0,0.0,1.0,1.0
10000,1.3,0.9,4.290041978026843,8.289306334778566,0.517539321719547,-0.15811538544339693,1.2999999999999998,exponential,529,2.0,2.0,7.1928,0,0.0,1.0,1.0
10000,1.3,0.9,4.290041978026843,8.289306334778566,0.517539321719547,-0.15811538544339693,1.2999999999999998,exponential,530,827.0,827.0,6.9111,0,0.0,1.0,1.0
10000,1.3,0.9,4.290041978026843,8.289306334778566,0.517539321719547,-0.15811538544339693,1.2999999999999998,exponential,531,33.0,33.0,6.6045,0,0.0,1.0,1.0
10000,1.3,0.9,4.290041978026843,8.289306334778566,0.517539321719547,-0.15811538544339693,1.2999999999999998,exponential,532,71.0,71.0,6.6263,0,0.0,1.0,1.0
10000,1.3,0.9,4.290041978026843,8.289306334778566,0.517539321719547,-0.15811538544339693,1.2999999999999998,exponential,533,307.0,307.0,6.8233,0,0.0,1.0,1.0
10000,1.3,0.9,4.290041978026843,8.289306334778566,0.517539321719547,-0.15811538544339693,1.2999999999999998,exponential,534,604.0,604.0,6.5885997,0,0.0,1.0,1.0
10000,1.3,0.9,4.290041978026843,8.289306334778566,0.517539321719547,-0.15811538544339693,1.2999999999999998,exponential,535,0.0,0.0,8.261499,0,0.0,1.0,1.0
10000,1.3,0.9,4.290041978026843,8.289306334778566,0.517539321719547,-0.15811538544339693,1.2999999999999998,exponential,536,275.0,275.0,7.1698,0,0.0,1.0,1.0
10000,1.3,0.9,4.290041978026843,8.289306334778566,0.517539321719547,-0.15811538544339693,1.2999999999999998,exponential,537,112.0,112.0,6.7472997,0,0.0,1.0,1.0
10000,1.3,0.9,4.290041978026843,8.289306334778566,0.517539321719547,-0.15811538544339693,1.2999999999999998,exponential,538,193.0,193.0,6.6366997,0,0.0,1.0,1.0
10000,1.3,0.9,4.290041978026843,8.289306334778566,0.517539321719547,-0.15811538544339693,1.2999999999999998,exponential,539,254.0,254.0,6.9778,0,0.0,1.0,1.0
10000,1.3,0.9,4.290041978026843,8.289306334778566,0.517539321719547,-0.15811538544339693,1.2999999999999998,exponential,540,599.0,599.0,6.7054996,0,0.0,1.0,1.0
10000,1.3,0.9,4.290041978026843,8.289306334778566,0.517539321719547,-0.15811538544339693,1.2999999999999998,exponential,541,2.0,2.0,7.1706,0,0.0,1.0,1.0
10000,1.3,0.9,4.290041978026843,8.289306334778566,0.517539321719547,-0.15811538544339693,1.2999999999999998,exponential,542,79.0,79.0,6.7472997,0,0.0,1.0,1.0
10000,1.3,0.9,4.290041978026843,8.289306334778566,0.517539321719547,-0.15811538544339693,1.2999999999999998,exponential,543,166.0,166.0,6.7939997,0,0.0,1.0,1.0
10000,1.3,0.9,4.290041978026843,8.289306334778566,0.517539321719547,-0.15811538544339693,1.2999999999999998,exponential,544,796.0,796.0,6.7497997,0,0.0,1.0,1.0
10000,1.3,0.9,4.290041978026843,8.289306334778566,0.517539321719547,-0.15811538544339693,1.2999999999999998,exponential,545,360.0,360.0,6.6552997,0,0.0,1.0,1.0
10000,1.3,0.9,4.290041978026843,8.289306334778566,0.517539321719547,-0.15811538544339693,1.2999999999999998,exponential,546,553.0,553.0,6.9287996,0,0.0,1.0,1.0
10000,1.3,0.9,4.290041978026843,8.289306334778566,0.517539321719547,-0.15811538544339693,1.2999999999999998,exponential,547,177.0,177.0,6.5699997,0,0.0,1.0,1.0
10000,1.3,0.9,4.290041978026843,8.289306334778566,0.517539321719547,-0.15811538544339693,1.2999999999999998,exponential,548,28.0,28.0,6.7462997,0,0.0,1.0,1.0
10000,1.3,0.9,4.290041978026843,8.289306334778566,0.517539321719547,-0.15811538544339693,1.2999999999999998,exponential,549,2.0,2.0,7.1713,0,0.0,1.0,1.0
10000,1.3,0.9,4.290041978026843,8.289306334778566,0.517539321719547,-0.15811538544339693,1.2999999999999998,exponential,550,3.0,3.0,7.0002,0,0.0,1.0,1.0
10000,1.3,0.9,4.290041978026843,8.289306334778566,0.517539321719547,-0.15811538544339693,1.2999999999999998,exponential,551,84.0,84.0,6.4728,0,0.0,1.0,1.0
10000,1.3,0.9,4.290041978026843,8.289306334778566,0.517539321719547,-0.15811538544339693,1.2999999999999998,exponential,552,1.0,1.0,7.5743,0,0.0,1.0,1.0
10000,1.3,0.9,4.290041978026843,8.289306334778566,0.517539321719547,-0.15811538544339693,1.2999999999999998,exponential,553,415.0,415.0,6.9453998,0,0.0,1.0,1.0
10000,1.3,0.9,4.290041978026843,8.289306334778566,0.517539321719547,-0.15811538544339693,1.2999999999999998,exponential,554,332.0,332.0,6.791,0,0.0,1.0,1.0
10000,1.3,0.9,4.290041978026843,8.289306334778566,0.517539321719547,-0.15811538544339693,1.2999999999999998,exponential,555,2.0,2.0,7.0148997,0,0.0,1.0,1.0
10000,1.3,0.9,4.290041978026843,8.289306334778566,0.517539321719547,-0.15811538544339693,1.2999999999999998,exponential,556,66.0,66.0,6.752,0,0.0,1.0,1.0
10000,1.3,0.9,4.290041978026843,8.289306334778566,0.517539321719547,-0.15811538544339693,1.2999999999999998,exponential,557,108.0,108.0,6.8132997,0,0.0,1.0,1.0
10000,1.3,0.9,4.290041978026843,8.289306334778566,0.517539321719547,-0.15811538544339693,1.2999999999999998,exponential,558,91.0,91.0,6.7465,0,0.0,1.0,1.0
10000,1.3,0.9,4.290041978026843,8.289306334778566,0.517539321719547,-0.15811538544339693,1.2999999999999998,exponential,559,173.0,173.0,6.651,0,0.0,1.0,1.0
10000,1.3,0.9,4.290041978026843,8.289306334778566,0.517539321719547,-0.15811538544339693,1.2999999999999998,exponential,560,368.0,368.0,6.8566,0,0.0,1.0,1.0
10000,1.3,0.9,4.290041978026843,8.289306334778566,0.517539321719547,-0.15811538544339693,1.2999999999999998,exponential,561,189.0,189.0,6.8683996,0,0.0,1.0,1.0
10000,1.3,0.9,4.290041978026843,8.289306334778566,0.517539321719547,-0.15811538544339693,1.2999999999999998,exponential,562,19.0,19.0,6.8167,0,0.0,1.0,1.0
10000,1.3,0.9,4.290041978026843,8.289306334778566,0.517539321719547,-0.15811538544339693,1.2999999999999998,exponential,563,0.0,0.0,8.310599,0,0.0,1.0,1.0
10000,1.3,0.9,4.290041978026843,8.289306334778566,0.517539321719547,-0.15811538544339693,1.2999999999999998,exponential,564,775.0,775.0,6.7091,0,0.0,1.0,1.0
10000,1.3,0.9,4.290041978026843,8.289306334778566,0.517539321719547,-0.15811538544339693,1.2999999999999998,exponential,565,0.0,0.0,8.295,0,0.0,1.0,1.0
10000,1.3,0.9,4.290041978026843,8.289306334778566,0.517539321719547,-0.15811538544339693,1.2999999999999998,exponential,566,550.0,550.0,6.8423996,0,0.0,1.0,1.0
10000,1.3,0.9,4.290041978026843,8.289306334778566,0.517539321719547,-0.15811538544339693,1.2999999999999998,exponential,567,288.0,288.0,6.6116,0,0.0,1.0,1.0
10000,1.3,0.9,4.290041978026843,8.289306334778566,0.517539321719547,-0.15811538544339693,1.2999999999999998,exponential,568,451.0,451.0,6.5752997,0,0.0,1.0,1.0
10000,1.3,0.9,4.290041978026843,8.289306334778566,0.517539321719547,-0.15811538544339693,1.2999999999999998,exponential,569,722.0,722.0,7.1148996,0,0.0,1.0,1.0
10000,1.3,0.9,4.290041978026843,8.289306334778566,0.517539321719547,-0.15811538544339693,1.2999999999999998,exponential,570,10.0,10.0,6.658,0,0.0,1.0,1.0
10000,1.3,0.9,4.290041978026843,8.289306334778566,0.517539321719547,-0.15811538544339693,1.2999999999999998,exponential,571,464.0,464.0,6.9529,0,0.0,1.0,1.0
10000,1.3,0.9,4.290041978026843,8.289306334778566,0.517539321719547,-0.15811538544339693,1.2999999999999998,exponential,572,162.0,162.0,6.7538,0,0.0,1.0,1.0
10000,1.3,0.9,4.290041978026843,8.289306334778566,0.517539321719547,-0.15811538544339693,1.2999999999999998,exponential,573,2.0,2.0,7.0825996,0,0.0,1.0,1.0
10000,1.3,0.9,4.290041978026843,8.289306334778566,0.517539321719547,-0.15811538544339693,1.2999999999999998,exponential,574,12.0,12.0,6.8578,0,0.0,1.0,1.0
10000,1.3,0.9,4.290041978026843,8.289306334778566,0.517539321719547,-0.15811538544339693,1.2999999999999998,exponential,575,90.0,90.0,6.5188,0,0.0,1.0,1.0
10000,1.3,0.9,4.290041978026843,8.289306334778566,0.517539321719547,-0.15811538544339693,1.2999999999999998,exponential,576,151.0,151.0,6.8410997,0,0.0,1.0,1.0
10000,1.3,0.9,4.290041978026843,8.289306334778566,0.517539321719547,-0.15811538544339693,1.2999999999999998,exponential,577,143.0,143.0,6.9354,0,0.0,1.0,1.0
10000,1.3,0.9,4.290041978026843,8.289306334778566,0.517539321719547,-0.15811538544339693,1.2999999999999998,exponential,578,24.0,24.0,6.7792997,0,0.0,1.0,1.0
10000,1.3,0.9,4.290041978026843,8.289306334778566,0.517539321719547,-0.15811538544339693,1.2999999999999998,exponential,579,83.0,83.0,6.9059997,0,0.0,1.0,1.0
10000,1.3,0.9,4.290041978026843,8.289306334778566,0.517539321719547,-0.15811538544339693,1.2999999999999998,exponential,580,0.0,0.0,8.314899,0,0.0,1.0,1.0
10000,1.3,0.9,4.290041978026843,8.289306334778566,0.517539321719547,-0.15811538544339693,1.2999999999999998,exponential,581,25.0,25.0,6.9466,0,0.0,1.0,1.0
10000,1.3,0.9,4.290041978026843,8.289306334778566,0.517539321719547,-0.15811538544339693,1.2999999999999998,exponential,582,31.0,31.0,6.8234,0,0.0,1.0,1.0
10000,1.3,0.9,4.290041978026843,8.289306334778566,0.517539321719547,-0.15811538544339693,1.2999999999999998,exponential,583,9.0,9.0,6.9674997,0,0.0,1.0,1.0
10000,1.3,0.9,4.290041978026843,8.289306334778566,0.517539321719547,-0.15811538544339693,1.2999999999999998,exponential,584,11.0,11.0,6.8257,0,0.0,1.0,1.0
10000,1.3,0.9,4.290041978026843,8.289306334778566,0.517539321719547,-0.15811538544339693,1.2999999999999998,exponential,585,601.0,601.0,6.9047,0,0.0,1.0,1.0
10000,1.3,0.9,4.290041978026843,8.289306334778566,0.517539321719547,-0.15811538544339693,1.2999999999999998,exponential,586,249.0,249.0,7.0628,0,0.0,1.0,1.0
10000,1.3,0.9,4.290041978026843,8.289306334778566,0.517539321719547,-0.15811538544339693,1.2999999999999998,exponential,587,28.0,28.0,6.6159997,0,0.0,1.0,1.0
10000,1.3,0.9,4.290041978026843,8.289306334778566,0.517539321719547,-0.15811538544339693,1.2999999999999998,exponential,588,210.0,210.0,6.6429996,0,0.0,1.0,1.0
10000,1.3,0.9,4.290041978026843,8.289306334778566,0.517539321719547,-0.15811538544339693,1.2999999999999998,exponential,589,746.0,746.0,6.9124,0,0.0,1.0,1.0
10000,1.3,0.9,4.290041978026843,8.289306334778566,0.517539321719547,-0.15811538544339693,1.2999999999999998,exponential,590,73.0,73.0,6.8479,0,0.0,1.0,1.0
10000,1.3,0.9,4.290041978026843,8.289306334778566,0.517539321719547,-0.15811538544339693,1.2999999999999998,exponential,591,95.0,95.0,6.9335,0,0.0,1.0,1.0
10000,1.3,0.9,4.290041978026843,8.289306334778566,0.517539321719547,-0.15811538544339693,1.2999999999999998,exponential,592,626.0,626.0,6.7418,0,0.0,1.0,1.0
10000,1.3,0.9,4.290041978026843,8.289306334778566,0.517539321719547,-0.15811538544339693,1.2999999999999998,exponential,593,43.0,43.0,6.7339997,0,0.0,1.0,1.0
10000,1.3,0.9,4.290041978026843,8.289306334778566,0.517539321719547,-0.15811538544339693,1.2999999999999998,exponential,594,9.0,9.0,6.8894,0,0.0,1.0,1.0
10000,1.3,0.9,4.290041978026843,8.289306334778566,0.517539321719547,-0.15811538544339693,1.2999999999999998,exponential,595,42.0,42.0,6.4919996,0,0.0,1.0,1.0
10000,1.3,0.9,4.290041978026843,8.289306334778566,0.517539321719547,-0.15811538544339693,1.2999999999999998,exponential,596,460.0,460.0,7.0095,0,0.0,1.0,1.0
10000,1.3,0.9,4.290041978026843,8.289306334778566,0.517539321719547,-0.15811538544339693,1.2999999999999998,exponential,597,109.0,109.0,6.9200997,0,0.0,1.0,1.0
10000,1.3,0.9,4.290041978026843,8.289306334778566,0.517539321719547,-0.15811538544339693,1.2999999999999998,exponential,598,8.0,8.0,6.7978,0,0.0,1.0,1.0
10000,1.3,0.9,4.290041978026843,8.289306334778566,0.517539321719547,-0.15811538544339693,1.2999999999999998,exponential,599,1032.0,1032.0,6.8104,0,0.0,1.0,1.0
10000,1.3,0.9,4.290041978026843,8.289306334778566,0.517539321719547,-0.15811538544339693,1.2999999999999998,exponential,600,1.0,1.0,7.5509,0,0.0,1.0,1.0
10000,1.3,0.9,4.290041978026843,8.289306334778566,0.517539321719547,-0.15811538544339693,1.2999999999999998,exponential,601,97.0,97.0,6.9526,0,0.0,1.0,1.0
10000,1.3,0.9,4.290041978026843,8.289306334778566,0.517539321719547,-0.15811538544339693,1.2999999999999998,exponential,602,141.0,141.0,6.7008996,0,0.0,1.0,1.0
10000,1.3,0.9,4.290041978026843,8.289306334778566,0.517539321719547,-0.15811538544339693,1.2999999999999998,exponential,603,197.0,197.0,6.726,0,0.0,1.0,1.0
10000,1.3,0.9,4.290041978026843,8.289306334778566,0.517539321719547,-0.15811538544339693,1.2999999999999998,exponential,604,19.0,19.0,6.7061,0,0.0,1.0,1.0
10000,1.3,0.9,4.290041978026843,8.289306334778566,0.517539321719547,-0.15811538544339693,1.2999999999999998,exponential,605,179.0,179.0,6.7559,0,0.0,1.0,1.0
10000,1.3,0.9,4.290041978026843,8.289306334778566,0.517539321719547,-0.15811538544339693,1.2999999999999998,exponential,606,0.0,0.0,8.3006,0,0.0,1.0,1.0
10000,1.3,0.9,4.290041978026843,8.289306334778566,0.517539321719547,-0.15811538544339693,1.2999999999999998,exponential,607,140.0,140.0,6.9776998,0,0.0,1.0,1.0
10000,1.3,0.9,4.290041978026843,8.289306334778566,0.517539321719547,-0.15811538544339693,1.2999999999999998,exponential,608,468.0,468.0,6.8294997,0,0.0,1.0,1.0
10000,1.3,0.9,4.290041978026843,8.289306334778566,0.517539321719547,-0.15811538544339693,1.2999999999999998,exponential,609,0.0,0.0,8.2576,0,0.0,1.0,1.0
10000,1.3,0.9,4.290041978026843,8.289306334778566,0.517539321719547,-0.15811538544339693,1.2999999999999998,exponential,610,38.0,38.0,6.7707996,0,0.0,1.0,1.0
10000,1.3,0.9,4.290041978026843,8.289306334778566,0.517539321719547,-0.15811538544339693,1.2999999999999998,exponential,611,83.0,83.0,6.7555,0,0.0,1.0,1.0
10000,1.3,0.9,4.290041978026843,8.289306334778566,0.517539321719547,-0.15811538544339693,1.2999999999999998,exponential,612,162.0,162.0,7.013,0,0.0,1.0,1.0
10000,1.3,0.9,4.290041978026843,8.289306334778566,0.517539321719547,-0.15811538544339693,1.2999999999999998,exponential,613,4.0,4.0,6.9266,0,0.0,1.0,1.0
10000,1.3,0.9,4.290041978026843,8.289306334778566,0.517539321719547,-0.15811538544339693,1.2999999999999998,exponential,614,5.0,5.0,6.9614,0,0.0,1.0,1.0
10000,1.3,0.9,4.290041978026843,8.289306334778566,0.517539321719547,-0.15811538544339693,1.2999999999999998,exponential,615,0.0,0.0,8.2713995,0,0.0,1.0,1.0
10000,1.3,0.9,4.290041978026843,8.289306334778566,0.517539321719547,-0.15811538544339693,1.2999999999999998,exponential,616,255.0,255.0,6.7934,0,0.0,1.0,1.0
10000,1.3,0.9,4.290041978026843,8.289306334778566,0.517539321719547,-0.15811538544339693,1.2999999999999998,exponential,617,395.0,395.0,6.5836,0,0.0,1.0,1.0
10000,1.3,0.9,4.290041978026843,8.289306334778566,0.517539321719547,-0.15811538544339693,1.2999999999999998,exponential,618,288.0,288.0,6.8880997,0,0.0,1.0,1.0
10000,1.3,0.9,4.290041978026843,8.289306334778566,0.517539321719547,-0.15811538544339693,1.2999999999999998,exponential,619,108.0,108.0,6.9637,0,0.0,1.0,1.0
10000,1.3,0.9,4.290041978026843,8.289306334778566,0.517539321719547,-0.15811538544339693,1.2999999999999998,exponential,620,209.0,209.0,6.9034,0,0.0,1.0,1.0
10000,1.3,0.9,4.290041978026843,8.289306334778566,0.517539321719547,-0.15811538544339693,1.2999999999999998,exponential,621,3.0,3.0,6.9986997,0,0.0,1.0,1.0
10000,1.3,0.9,4.290041978026843,8.289306334778566,0.517539321719547,-0.15811538544339693,1.2999999999999998,exponential,622,182.0,182.0,6.7735,0,0.0,1.0,1.0
10000,1.3,0.9,4.290041978026843,8.289306334778566,0.517539321719547,-0.15811538544339693,1.2999999999999998,exponential,623,187.0,187.0,6.9000998,0,0.0,1.0,1.0
10000,1.3,0.9,4.290041978026843,8.289306334778566,0.517539321719547,-0.15811538544339693,1.2999999999999998,exponential,624,295.0,295.0,6.8364,0,0.0,1.0,1.0
10000,1.3,0.9,4.290041978026843,8.289306334778566,0.517539321719547,-0.15811538544339693,1.2999999999999998,exponential,625,50.0,50.0,6.5406,0,0.0,1.0,1.0
10000,1.3,0.9,4.290041978026843,8.289306334778566,0.517539321719547,-0.15811538544339693,1.2999999999999998,exponential,626,49.0,49.0,6.7886,0,0.0,1.0,1.0
10000,1.3,0.9,4.290041978026843,8.289306334778566,0.517539321719547,-0.15811538544339693,1.2999999999999998,exponential,627,32.0,32.0,6.7394,0,0.0,1.0,1.0
10000,1.3,0.9,4.290041978026843,8.289306334778566,0.517539321719547,-0.15811538544339693,1.2999999999999998,exponential,628,3.0,3.0,6.7854,0,0.0,1.0,1.0
10000,1.3,0.9,4.290041978026843,8.289306334778566,0.517539321719547,-0.15811538544339693,1.2999999999999998,exponential,629,58.0,58.0,6.7367,0,0.0,1.0,1.0
10000,1.3,0.9,4.290041978026843,8.289306334778566,0.517539321719547,-0.15811538544339693,1.2999999999999998,exponential,630,74.0,74.0,6.994,0,0.0,1.0,1.0
10000,1.3,0.9,4.290041978026843,8.289306334778566,0.517539321719547,-0.15811538544339693,1.2999999999999998,exponential,631,386.0,386.0,6.8714,0,0.0,1.0,1.0
10000,1.3,0.9,4.290041978026843,8.289306334778566,0.517539321719547,-0.15811538544339693,1.2999999999999998,exponential,632,269.0,269.0,6.8164,0,0.0,1.0,1.0
10000,1.3,0.9,4.290041978026843,8.289306334778566,0.517539321719547,-0.15811538544339693,1.2999999999999998,exponential,633,263.0,263.0,6.8559,0,0.0,1.0,1.0
10000,1.3,0.9,4.290041978026843,8.289306334778566,0.517539321719547,-0.15811538544339693,1.2999999999999998,exponential,634,103.0,103.0,6.9680996,0,0.0,1.0,1.0
10000,1.3,0.9,4.290041978026843,8.289306334778566,0.517539321719547,-0.15811538544339693,1.2999999999999998,exponential,635,3.0,3.0,6.9270997,0,0.0,1.0,1.0
10000,1.3,0.9,4.290041978026843,8.289306334778566,0.517539321719547,-0.15811538544339693,1.2999999999999998,exponential,636,173.0,173.0,6.8519998,0,0.0,1.0,1.0
10000,1.3,0.9,4.290041978026843,8.289306334778566,0.517539321719547,-0.15811538544339693,1.2999999999999998,exponential,637,27.0,27.0,6.8301997,0,0.0,1.0,1.0
10000,1.3,0.9,4.290041978026843,8.289306334778566,0.517539321719547,-0.15811538544339693,1.2999999999999998,exponential,638,323.0,323.0,6.8166,0,0.0,1.0,1.0
10000,1.3,0.9,4.290041978026843,8.289306334778566,0.517539321719547,-0.15811538544339693,1.2999999999999998,exponential,639,19.0,19.0,6.5353,0,0.0,1.0,1.0
10000,1.3,0.9,4.290041978026843,8.289306334778566,0.517539321719547,-0.15811538544339693,1.2999999999999998,exponential,640,23.0,23.0,6.8827,0,0.0,1.0,1.0
10000,1.3,0.9,4.290041978026843,8.289306334778566,0.517539321719547,-0.15811538544339693,1.2999999999999998,exponential,641,0.0,0.0,8.3124,0,0.0,1.0,1.0
10000,1.3,0.9,4.290041978026843,8.289306334778566,0.517539321719547,-0.15811538544339693,1.2999999999999998,exponential,642,39.0,39.0,6.5202,0,0.0,1.0,1.0
10000,1.3,0.9,4.290041978026843,8.289306334778566,0.517539321719547,-0.15811538544339693,1.2999999999999998,exponential,643,110.0,110.0,6.6443,0,0.0,1.0,1.0
10000,1.3,0.9,4.290041978026843,8.289306334778566,0.517539321719547,-0.15811538544339693,1.2999999999999998,exponential,644,50.0,50.0,6.7882,0,0.0,1.0,1.0
10000,1.3,0.9,4.290041978026843,8.289306334778566,0.517539321719547,-0.15811538544339693,1.2999999999999998,exponential,645,333.0,333.0,6.9396,0,0.0,1.0,1.0
10000,1.3,0.9,4.290041978026843,8.289306334778566,0.517539321719547,-0.15811538544339693,1.2999999999999998,exponential,646,23.0,23.0,6.6966996,0,0.0,1.0,1.0
10000,1.3,0.9,4.290041978026843,8.289306334778566,0.517539321719547,-0.15811538544339693,1.2999999999999998,exponential,647,2.0,2.0,7.0484,0,0.0,1.0,1.0
10000,1.3,0.9,4.290041978026843,8.289306334778566,0.517539321719547,-0.15811538544339693,1.2999999999999998,exponential,648,242.0,242.0,6.7044,0,0.0,1.0,1.0
10000,1.3,0.9,4.290041978026843,8.289306334778566,0.517539321719547,-0.15811538544339693,1.2999999999999998,exponential,649,98.0,98.0,6.8125997,0,0.0,1.0,1.0
10000,1.3,0.9,4.290041978026843,8.289306334778566,0.517539321719547,-0.15811538544339693,1.2999999999999998,exponential,650,123.0,123.0,6.5766997,0,0.0,1.0,1.0
10000,1.3,0.9,4.290041978026843,8.289306334778566,0.517539321719547,-0.15811538544339693,1.2999999999999998,exponential,651,63.0,63.0,6.7813997,0,0.0,1.0,1.0
10000,1.3,0.9,4.290041978026843,8.289306334778566,0.517539321719547,-0.15811538544339693,1.2999999999999998,exponential,652,58.0,58.0,6.8489,0,0.0,1.0,1.0
10000,1.3,0.9,4.290041978026843,8.289306334778566,0.517539321719547,-0.15811538544339693,1.2999999999999998,exponential,653,52.0,52.0,6.9413,0,0.0,1.0,1.0
10000,1.3,0.9,4.290041978026843,8.289306334778566,0.517539321719547,-0.15811538544339693,1.2999999999999998,exponential,654,84.0,84.0,6.8171,0,0.0,1.0,1.0
10000,1.3,0.9,4.290041978026843,8.289306334778566,0.517539321719547,-0.15811538544339693,1.2999999999999998,exponential,655,57.0,57.0,6.6201,0,0.0,1.0,1.0
10000,1.3,0.9,4.290041978026843,8.289306334778566,0.517539321719547,-0.15811538544339693,1.2999999999999998,exponential,656,0.0,0.0,8.2304,0,0.0,1.0,1.0
10000,1.3,0.9,4.290041978026843,8.289306334778566,0.517539321719547,-0.15811538544339693,1.2999999999999998,exponential,657,570.0,570.0,6.8932,0,0.0,1.0,1.0
10000,1.3,0.9,4.290041978026843,8.289306334778566,0.517539321719547,-0.15811538544339693,1.2999999999999998,exponential,658,42.0,42.0,6.7114997,0,0.0,1.0,1.0
10000,1.3,0.9,4.290041978026843,8.289306334778566,0.517539321719547,-0.15811538544339693,1.2999999999999998,exponential,659,21.0,21.0,6.7741,0,0.0,1.0,1.0
10000,1.3,0.9,4.290041978026843,8.289306334778566,0.517539321719547,-0.15811538544339693,1.2999999999999998,exponential,660,4.0,4.0,6.9347997,0,0.0,1.0,1.0
10000,1.3,0.9,4.290041978026843,8.289306334778566,0.517539321719547,-0.15811538544339693,1.2999999999999998,exponential,661,0.0,0.0,8.2268,0,0.0,1.0,1.0
10000,1.3,0.9,4.290041978026843,8.289306334778566,0.517539321719547,-0.15811538544339693,1.2999999999999998,exponential,662,141.0,141.0,6.5896997,0,0.0,1.0,1.0
10000,1.3,0.9,4.290041978026843,8.289306334778566,0.517539321719547,-0.15811538544339693,1.2999999999999998,exponential,663,640.0,640.0,6.7639,0,0.0,1.0,1.0
10000,1.3,0.9,4.290041978026843,8.289306334778566,0.517539321719547,-0.15811538544339693,1.2999999999999998,exponential,664,138.0,138.0,6.8662,0,0.0,1.0,1.0
10000,1.3,0.9,4.290041978026843,8.289306334778566,0.517539321719547,-0.15811538544339693,1.2999999999999998,exponential,665,604.0,604.0,6.9577,0,0.0,1.0,1.0
10000,1.3,0.9,4.290041978026843,8.289306334778566,0.517539321719547,-0.15811538544339693,1.2999999999999998,exponential,666,180.0,180.0,6.5727997,0,0.0,1.0,1.0
10000,1.3,0.9,4.290041978026843,8.289306334778566,0.517539321719547,-0.15811538544339693,1.2999999999999998,exponential,667,60.0,60.0,6.6322,0,0.0,1.0,1.0
10000,1.3,0.9,4.290041978026843,8.289306334778566,0.517539321719547,-0.15811538544339693,1.2999999999999998,exponential,668,103.0,103.0,6.9122996,0,0.0,1.0,1.0
10000,1.3,0.9,4.290041978026843,8.289306334778566,0.517539321719547,-0.15811538544339693,1.2999999999999998,exponential,669,1.0,1.0,7.5224,0,0.0,1.0,1.0
10000,1.3,0.9,4.290041978026843,8.289306334778566,0.517539321719547,-0.15811538544339693,1.2999999999999998,exponential,670,241.0,241.0,6.9722,0,0.0,1.0,1.0
10000,1.3,0.9,4.290041978026843,8.289306334778566,0.517539321719547,-0.15811538544339693,1.2999999999999998,exponential,671,97.0,97.0,6.8789,0,0.0,1.0,1.0
10000,1.3,0.9,4.290041978026843,8.289306334778566,0.517539321719547,-0.15811538544339693,1.2999999999999998,exponential,672,134.0,134.0,6.7084,0,0.0,1.0,1.0
10000,1.3,0.9,4.290041978026843,8.289306334778566,0.517539321719547,-0.15811538544339693,1.2999999999999998,exponential,673,137.0,137.0,6.9314,0,0.0,1.0,1.0
10000,1.3,0.9,4.290041978026843,8.289306334778566,0.517539321719547,-0.15811538544339693,1.2999999999999998,exponential,674,168.0,168.0,6.9811997,0,0.0,1.0,1.0
10000,1.3,0.9,4.290041978026843,8.289306334778566,0.517539321719547,-0.15811538544339693,1.2999999999999998,exponential,675,310.0,310.0,6.8746996,0,0.0,1.0,1.0
10000,1.3,0.9,4.290041978026843,8.289306334778566,0.517539321719547,-0.15811538544339693,1.2999999999999998,exponential,676,735.0,735.0,6.7679,0,0.0,1.0,1.0
10000,1.3,0.9,4.290041978026843,8.289306334778566,0.517539321719547,-0.15811538544339693,1.2999999999999998,exponential,677,44.0,44.0,6.7001,0,0.0,1.0,1.0
10000,1.3,0.9,4.290041978026843,8.289306334778566,0.517539321719547,-0.15811538544339693,1.2999999999999998,exponential,678,516.0,516.0,6.6317,0,0.0,1.0,1.0
10000,1.3,0.9,4.290041978026843,8.289306334778566,0.517539321719547,-0.15811538544339693,1.2999999999999998,exponential,679,1.0,1.0,7.4507,0,0.0,1.0,1.0
10000,1.3,0.9,4.290041978026843,8.289306334778566,0.517539321719547,-0.15811538544339693,1.2999999999999998,exponential,680,729.0,729.0,6.4796,0,0.0,1.0,1.0
10000,1.3,0.9,4.290041978026843,8.289306334778566,0.517539321719547,-0.15811538544339693,1.2999999999999998,exponential,681,112.0,112.0,6.6233997,0,0.0,1.0,1.0
10000,1.3,0.9,4.290041978026843,8.289306334778566,0.517539321719547,-0.15811538544339693,1.2999999999999998,exponential,682,1.0,1.0,7.5039997,0,0.0,1.0,1.0
10000,1.3,0.9,4.290041978026843,8.289306334778566,0.517539321719547,-0.15811538544339693,1.2999999999999998,exponential,683,84.0,84.0,7.0404,0,0.0,1.0,1.0
10000,1.3,0.9,4.290041978026843,8.289306334778566,0.517539321719547,-0.15811538544339693,1.2999999999999998,exponential,684,74.0,74.0,6.8171,0,0.0,1.0,1.0
10000,1.3,0.9,4.290041978026843,8.289306334778566,0.517539321719547,-0.15811538544339693,1.2999999999999998,exponential,685,462.0,462.0,6.7372,0,0.0,1.0,1.0
10000,1.3,0.9,4.290041978026843,8.289306334778566,0.517539321719547,-0.15811538544339693,1.2999999999999998,exponential,686,367.0,367.0,6.8543997,0,0.0,1.0,1.0
10000,1.3,0.9,4.290041978026843,8.289306334778566,0.517539321719547,-0.15811538544339693,1.2999999999999998,exponential,687,37.0,37.0,6.8269,0,0.0,1.0,1.0
10000,1.3,0.9,4.290041978026843,8.289306334778566,0.517539321719547,-0.15811538544339693,1.2999999999999998,exponential,688,238.0,238.0,6.9806,0,0.0,1.0,1.0
10000,1.3,0.9,4.290041978026843,8.289306334778566,0.517539321719547,-0.15811538544339693,1.2999999999999998,exponential,689,36.0,36.0,6.7888,0,0.0,1.0,1.0
10000,1.3,0.9,4.290041978026843,8.289306334778566,0.517539321719547,-0.15811538544339693,1.2999999999999998,exponential,690,35.0,35.0,6.7532,0,0.0,1.0,1.0
10000,1.3,0.9,4.290041978026843,8.289306334778566,0.517539321719547,-0.15811538544339693,1.2999999999999998,exponential,691,234.0,234.0,6.6175,0,0.0,1.0,1.0
10000,1.3,0.9,4.290041978026843,8.289306334778566,0.517539321719547,-0.15811538544339693,1.2999999999999998,exponential,692,1.0,1.0,7.5137,0,0.0,1.0,1.0
10000,1.3,0.9,4.290041978026843,8.289306334778566,0.517539321719547,-0.15811538544339693,1.2999999999999998,exponential,693,92.0,92.0,6.7827997,0,0.0,1.0,1.0
10000,1.3,0.9,4.290041978026843,8.289306334778566,0.517539321719547,-0.15811538544339693,1.2999999999999998,exponential,694,1.0,1.0,7.5396,0,0.0,1.0,1.0
10000,1.3,0.9,4.290041978026843,8.289306334778566,0.517539321719547,-0.15811538544339693,1.2999999999999998,exponential,695,0.0,0.0,8.281899,0,0.0,1.0,1.0
10000,1.3,0.9,4.290041978026843,8.289306334778566,0.517539321719547,-0.15811538544339693,1.2999999999999998,exponential,696,138.0,138.0,6.9846997,0,0.0,1.0,1.0
10000,1.3,0.9,4.290041978026843,8.289306334778566,0.517539321719547,-0.15811538544339693,1.2999999999999998,exponential,697,118.0,118.0,6.7574997,0,0.0,1.0,1.0
10000,1.3,0.9,4.290041978026843,8.289306334778566,0.517539321719547,-0.15811538544339693,1.2999999999999998,exponential,698,0.0,0.0,8.2922,0,0.0,1.0,1.0
10000,1.3,0.9,4.290041978026843,8.289306334778566,0.517539321719547,-0.15811538544339693,1.2999999999999998,exponential,699,79.0,79.0,6.8787,0,0.0,1.0,1.0
10000,1.3,0.9,4.290041978026843,8.289306334778566,0.517539321719547,-0.15811538544339693,1.2999999999999998,exponential,700,42.0,42.0,6.8581,0,0.0,1.0,1.0
10000,1.3,0.9,4.290041978026843,8.289306334778566,0.517539321719547,-0.15811538544339693,1.2999999999999998,exponential,701,169.0,169.0,6.7759,0,0.0,1.0,1.0
10000,1.3,0.9,4.290041978026843,8.289306334778566,0.517539321719547,-0.15811538544339693,1.2999999999999998,exponential,702,122.0,122.0,6.7401,0,0.0,1.0,1.0
10000,1.3,0.9,4.290041978026843,8.289306334778566,0.517539321719547,-0.15811538544339693,1.2999999999999998,exponential,703,619.0,619.0,6.8153,0,0.0,1.0,1.0
10000,1.3,0.9,4.290041978026843,8.289306334778566,0.517539321719547,-0.15811538544339693,1.2999999999999998,exponential,704,324.0,324.0,6.7549,0,0.0,1.0,1.0
10000,1.3,0.9,4.290041978026843,8.289306334778566,0.517539321719547,-0.15811538544339693,1.2999999999999998,exponential,705,0.0,0.0,8.288199,0,0.0,1.0,1.0
10000,1.3,0.9,4.290041978026843,8.289306334778566,0.517539321719547,-0.15811538544339693,1.2999999999999998,exponential,706,486.0,486.0,6.5920997,0,0.0,1.0,1.0
10000,1.3,0.9,4.290041978026843,8.289306334778566,0.517539321719547,-0.15811538544339693,1.2999999999999998,exponential,707,111.0,111.0,6.7004,0,0.0,1.0,1.0
10000,1.3,0.9,4.290041978026843,8.289306334778566,0.517539321719547,-0.15811538544339693,1.2999999999999998,exponential,708,326.0,326.0,6.8659,0,0.0,1.0,1.0
10000,1.3,0.9,4.290041978026843,8.289306334778566,0.517539321719547,-0.15811538544339693,1.2999999999999998,exponential,709,1.0,1.0,7.5305,0,0.0,1.0,1.0
10000,1.3,0.9,4.290041978026843,8.289306334778566,0.517539321719547,-0.15811538544339693,1.2999999999999998,exponential,710,428.0,428.0,6.9969997,0,0.0,1.0,1.0
10000,1.3,0.9,4.290041978026843,8.289306334778566,0.517539321719547,-0.15811538544339693,1.2999999999999998,exponential,711,147.0,147.0,6.8426,0,0.0,1.0,1.0
10000,1.3,0.9,4.290041978026843,8.289306334778566,0.517539321719547,-0.15811538544339693,1.2999999999999998,exponential,712,47.0,47.0,7.0509996,0,0.0,1.0,1.0
10000,1.3,0.9,4.290041978026843,8.289306334778566,0.517539321719547,-0.15811538544339693,1.2999999999999998,exponential,713,233.0,233.0,6.6521997,0,0.0,1.0,1.0
10000,1.3,0.9,4.290041978026843,8.289306334778566,0.517539321719547,-0.15811538544339693,1.2999999999999998,exponential,714,670.0,670.0,6.8711,0,0.0,1.0,1.0
10000,1.3,0.9,4.290041978026843,8.289306334778566,0.517539321719547,-0.15811538544339693,1.2999999999999998,exponential,715,6.0,6.0,6.8750997,0,0.0,1.0,1.0
10000,1.3,0.9,4.290041978026843,8.289306334778566,0.517539321719547,-0.15811538544339693,1.2999999999999998,exponential,716,635.0,635.0,7.1182,0,0.0,1.0,1.0
10000,1.3,0.9,4.290041978026843,8.289306334778566,0.517539321719547,-0.15811538544339693,1.2999999999999998,exponential,717,75.0,75.0,6.5252,0,0.0,1.0,1.0
10000,1.3,0.9,4.290041978026843,8.289306334778566,0.517539321719547,-0.15811538544339693,1.2999999999999998,exponential,718,787.0,787.0,6.835,0,0.0,1.0,1.0
10000,1.3,0.9,4.290041978026843,8.289306334778566,0.517539321719547,-0.15811538544339693,1.2999999999999998,exponential,719,2.0,2.0,7.0589,0,0.0,1.0,1.0
10000,1.3,0.9,4.290041978026843,8.289306334778566,0.517539321719547,-0.15811538544339693,1.2999999999999998,exponential,720,29.0,29.0,6.8501,0,0.0,1.0,1.0
10000,1.3,0.9,4.290041978026843,8.289306334778566,0.517539321719547,-0.15811538544339693,1.2999999999999998,exponential,721,187.0,187.0,6.8355,0,0.0,1.0,1.0
10000,1.3,0.9,4.290041978026843,8.289306334778566,0.517539321719547,-0.15811538544339693,1.2999999999999998,exponential,722,496.0,496.0,6.4659,0,0.0,1.0,1.0
10000,1.3,0.9,4.290041978026843,8.289306334778566,0.517539321719547,-0.15811538544339693,1.2999999999999998,exponential,723,494.0,494.0,6.9786,0,0.0,1.0,1.0
10000,1.3,0.9,4.290041978026843,8.289306334778566,0.517539321719547,-0.15811538544339693,1.2999999999999998,exponential,724,216.0,216.0,6.7871,0,0.0,1.0,1.0
10000,1.3,0.9,4.290041978026843,8.289306334778566,0.517539321719547,-0.15811538544339693,1.2999999999999998,exponential,725,166.0,166.0,6.8008,0,0.0,1.0,1.0
10000,1.3,0.9,4.290041978026843,8.289306334778566,0.517539321719547,-0.15811538544339693,1.2999999999999998,exponential,726,103.0,103.0,6.7447,0,0.0,1.0,1.0
10000,1.3,0.9,4.290041978026843,8.289306334778566,0.517539321719547,-0.15811538544339693,1.2999999999999998,exponential,727,249.0,249.0,6.7791996,0,0.0,1.0,1.0
10000,1.3,0.9,4.290041978026843,8.289306334778566,0.517539321719547,-0.15811538544339693,1.2999999999999998,exponential,728,4.0,4.0,6.8371,0,0.0,1.0,1.0
10000,1.3,0.9,4.290041978026843,8.289306334778566,0.517539321719547,-0.15811538544339693,1.2999999999999998,exponential,729,3.0,3.0,7.0067997,0,0.0,1.0,1.0
10000,1.3,0.9,4.290041978026843,8.289306334778566,0.517539321719547,-0.15811538544339693,1.2999999999999998,exponential,730,324.0,324.0,6.6835,0,0.0,1.0,1.0
10000,1.3,0.9,4.290041978026843,8.289306334778566,0.517539321719547,-0.15811538544339693,1.2999999999999998,exponential,731,84.0,84.0,7.0277,0,0.0,1.0,1.0
10000,1.3,0.9,4.290041978026843,8.289306334778566,0.517539321719547,-0.15811538544339693,1.2999999999999998,exponential,732,34.0,34.0,6.8587,0,0.0,1.0,1.0
10000,1.3,0.9,4.290041978026843,8.289306334778566,0.517539321719547,-0.15811538544339693,1.2999999999999998,exponential,733,252.0,252.0,6.8276997,0,0.0,1.0,1.0
10000,1.3,0.9,4.290041978026843,8.289306334778566,0.517539321719547,-0.15811538544339693,1.2999999999999998,exponential,734,0.0,0.0,8.3053,0,0.0,1.0,1.0
10000,1.3,0.9,4.290041978026843,8.289306334778566,0.517539321719547,-0.15811538544339693,1.2999999999999998,exponential,735,100.0,100.0,6.8185,0,0.0,1.0,1.0
10000,1.3,0.9,4.290041978026843,8.289306334778566,0.517539321719547,-0.15811538544339693,1.2999999999999998,exponential,736,0.0,0.0,8.3272,0,0.0,1.0,1.0
10000,1.3,0.9,4.290041978026843,8.289306334778566,0.517539321719547,-0.15811538544339693,1.2999999999999998,exponential,737,225.0,225.0,7.2093,0,0.0,1.0,1.0
10000,1.3,0.9,4.290041978026843,8.289306334778566,0.517539321719547,-0.15811538544339693,1.2999999999999998,exponential,738,337.0,337.0,6.792,0,0.0,1.0,1.0
10000,1.3,0.9,4.290041978026843,8.289306334778566,0.517539321719547,-0.15811538544339693,1.2999999999999998,exponential,739,337.0,337.0,6.7974,0,0.0,1.0,1.0
10000,1.3,0.9,4.290041978026843,8.289306334778566,0.517539321719547,-0.15811538544339693,1.2999999999999998,exponential,740,267.0,267.0,6.9465,0,0.0,1.0,1.0
10000,1.3,0.9,4.290041978026843,8.289306334778566,0.517539321719547,-0.15811538544339693,1.2999999999999998,exponential,741,85.0,85.0,6.9219,0,0.0,1.0,1.0
10000,1.3,0.9,4.290041978026843,8.289306334778566,0.517539321719547,-0.15811538544339693,1.2999999999999998,exponential,742,4.0,4.0,6.8423,0,0.0,1.0,1.0
10000,1.3,0.9,4.290041978026843,8.289306334778566,0.517539321719547,-0.15811538544339693,1.2999999999999998,exponential,743,75.0,75.0,6.8036,0,0.0,1.0,1.0
10000,1.3,0.9,4.290041978026843,8.289306334778566,0.517539321719547,-0.15811538544339693,1.2999999999999998,exponential,744,445.0,445.0,6.9330997,0,0.0,1.0,1.0
10000,1.3,0.9,4.290041978026843,8.289306334778566,0.517539321719547,-0.15811538544339693,1.2999999999999998,exponential,745,16.0,16.0,6.8986998,0,0.0,1.0,1.0
10000,1.3,0.9,4.290041978026843,8.289306334778566,0.517539321719547,-0.15811538544339693,1.2999999999999998,exponential,746,0.0,0.0,8.2603,0,0.0,1.0,1.0
10000,1.3,0.9,4.290041978026843,8.289306334778566,0.517539321719547,-0.15811538544339693,1.2999999999999998,exponential,747,31.0,31.0,6.7697,0,0.0,1.0,1.0
10000,1.3,0.9,4.290041978026843,8.289306334778566,0.517539321719547,-0.15811538544339693,1.2999999999999998,exponential,748,550.0,550.0,6.7647996,0,0.0,1.0,1.0
10000,1.3,0.9,4.290041978026843,8.289306334778566,0.517539321719547,-0.15811538544339693,1.2999999999999998,exponential,749,125.0,125.0,7.0878997,0,0.0,1.0,1.0
10000,1.3,0.9,4.290041978026843,8.289306334778566,0.517539321719547,-0.15811538544339693,1.2999999999999998,exponential,750,160.0,160.0,6.9498,0,0.0,1.0,1.0
10000,1.3,0.9,4.290041978026843,8.289306334778566,0.517539321719547,-0.15811538544339693,1.2999999999999998,exponential,751,48.0,48.0,7.1099997,0,0.0,1.0,1.0
10000,1.3,0.9,4.290041978026843,8.289306334778566,0.517539321719547,-0.15811538544339693,1.2999999999999998,exponential,752,0.0,0.0,8.294499,0,0.0,1.0,1.0
10000,1.3,0.9,4.290041978026843,8.289306334778566,0.517539321719547,-0.15811538544339693,1.2999999999999998,exponential,753,325.0,325.0,6.9771,0,0.0,1.0,1.0
10000,1.3,0.9,4.290041978026843,8.289306334778566,0.517539321719547,-0.15811538544339693,1.2999999999999998,exponential,754,1189.0,1189.0,6.7784996,0,0.0,1.0,1.0
10000,1.3,0.9,4.290041978026843,8.289306334778566,0.517539321719547,-0.15811538544339693,1.2999999999999998,exponential,755,598.0,598.0,6.7572,0,0.0,1.0,1.0
10000,1.3,0.9,4.290041978026843,8.289306334778566,0.517539321719547,-0.15811538544339693,1.2999999999999998,exponential,756,0.0,0.0,8.244599,0,0.0,1.0,1.0
10000,1.3,0.9,4.290041978026843,8.289306334778566,0.517539321719547,-0.15811538544339693,1.2999999999999998,exponential,757,120.0,120.0,6.7261996,0,0.0,1.0,1.0
10000,1.3,0.9,4.290041978026843,8.289306334778566,0.517539321719547,-0.15811538544339693,1.2999999999999998,exponential,758,273.0,273.0,6.5098996,0,0.0,1.0,1.0
10000,1.3,0.9,4.290041978026843,8.289306334778566,0.517539321719547,-0.15811538544339693,1.2999999999999998,exponential,759,114.0,114.0,6.8511996,0,0.0,1.0,1.0
10000,1.3,0.9,4.290041978026843,8.289306334778566,0.517539321719547,-0.15811538544339693,1.2999999999999998,exponential,760,177.0,177.0,6.5726,0,0.0,1.0,1.0
10000,1.3,0.9,4.290041978026843,8.289306334778566,0.517539321719547,-0.15811538544339693,1.2999999999999998,exponential,761,166.0,166.0,6.8834,0,0.0,1.0,1.0
10000,1.3,0.9,4.290041978026843,8.289306334778566,0.517539321719547,-0.15811538544339693,1.2999999999999998,exponential,762,336.0,336.0,6.7455997,0,0.0,1.0,1.0
10000,1.3,0.9,4.290041978026843,8.289306334778566,0.517539321719547,-0.15811538544339693,1.2999999999999998,exponential,763,34.0,34.0,6.8255997,0,0.0,1.0,1.0
10000,1.3,0.9,4.290041978026843,8.289306334778566,0.517539321719547,-0.15811538544339693,1.2999999999999998,exponential,764,592.0,592.0,6.9515996,0,0.0,1.0,1.0
10000,1.3,0.9,4.290041978026843,8.289306334778566,0.517539321719547,-0.15811538544339693,1.2999999999999998,exponential,765,41.0,41.0,6.7323,0,0.0,1.0,1.0
10000,1.3,0.9,4.290041978026843,8.289306334778566,0.517539321719547,-0.15811538544339693,1.2999999999999998,exponential,766,404.0,404.0,6.7911,0,0.0,1.0,1.0
10000,1.3,0.9,4.290041978026843,8.289306334778566,0.517539321719547,-0.15811538544339693,1.2999999999999998,exponential,767,615.0,615.0,6.8219,0,0.0,1.0,1.0
10000,1.3,0.9,4.290041978026843,8.289306334778566,0.517539321719547,-0.15811538544339693,1.2999999999999998,exponential,768,21.0,21.0,6.7458997,0,0.0,1.0,1.0
10000,1.3,0.9,4.290041978026843,8.289306334778566,0.517539321719547,-0.15811538544339693,1.2999999999999998,exponential,769,489.0,489.0,6.7208,0,0.0,1.0,1.0
10000,1.3,0.9,4.290041978026843,8.289306334778566,0.517539321719547,-0.15811538544339693,1.2999999999999998,exponential,770,54.0,54.0,6.8557,0,0.0,1.0,1.0
10000,1.3,0.9,4.290041978026843,8.289306334778566,0.517539321719547,-0.15811538544339693,1.2999999999999998,exponential,771,1089.0,1089.0,6.424,0,0.0,1.0,1.0
10000,1.3,0.9,4.290041978026843,8.289306334778566,0.517539321719547,-0.15811538544339693,1.2999999999999998,exponential,772,91.0,91.0,6.9789,0,0.0,1.0,1.0
10000,1.3,0.9,4.290041978026843,8.289306334778566,0.517539321719547,-0.15811538544339693,1.2999999999999998,exponential,773,160.0,160.0,6.7861,0,0.0,1.0,1.0
10000,1.3,0.9,4.290041978026843,8.289306334778566,0.517539321719547,-0.15811538544339693,1.2999999999999998,exponential,774,2.0,2.0,6.9944,0,0.0,1.0,1.0
10000,1.3,0.9,4.290041978026843,8.289306334778566,0.517539321719547,-0.15811538544339693,1.2999999999999998,exponential,775,232.0,232.0,6.7988,0,0.0,1.0,1.0
10000,1.3,0.9,4.290041978026843,8.289306334778566,0.517539321719547,-0.15811538544339693,1.2999999999999998,exponential,776,97.0,97.0,6.7502,0,0.0,1.0,1.0
10000,1.3,0.9,4.290041978026843,8.289306334778566,0.517539321719547,-0.15811538544339693,1.2999999999999998,exponential,777,113.0,113.0,6.6986,0,0.0,1.0,1.0
10000,1.3,0.9,4.290041978026843,8.289306334778566,0.517539321719547,-0.15811538544339693,1.2999999999999998,exponential,778,69.0,69.0,6.7412,0,0.0,1.0,1.0
10000,1.3,0.9,4.290041978026843,8.289306334778566,0.517539321719547,-0.15811538544339693,1.2999999999999998,exponential,779,0.0,0.0,8.2886,0,0.0,1.0,1.0
10000,1.3,0.9,4.290041978026843,8.289306334778566,0.517539321719547,-0.15811538544339693,1.2999999999999998,exponential,780,100.0,100.0,6.9238997,0,0.0,1.0,1.0
10000,1.3,0.9,4.290041978026843,8.289306334778566,0.517539321719547,-0.15811538544339693,1.2999999999999998,exponential,781,10.0,10.0,6.7648997,0,0.0,1.0,1.0
10000,1.3,0.9,4.290041978026843,8.289306334778566,0.517539321719547,-0.15811538544339693,1.2999999999999998,exponential,782,120.0,120.0,7.0094,0,0.0,1.0,1.0
10000,1.3,0.9,4.290041978026843,8.289306334778566,0.517539321719547,-0.15811538544339693,1.2999999999999998,exponential,783,42.0,42.0,6.6766996,0,0.0,1.0,1.0
10000,1.3,0.9,4.290041978026843,8.289306334778566,0.517539321719547,-0.15811538544339693,1.2999999999999998,exponential,784,124.0,124.0,6.6526,0,0.0,1.0,1.0
10000,1.3,0.9,4.290041978026843,8.289306334778566,0.517539321719547,-0.15811538544339693,1.2999999999999998,exponential,785,18.0,18.0,6.9765997,0,0.0,1.0,1.0
10000,1.3,0.9,4.290041978026843,8.289306334778566,0.517539321719547,-0.15811538544339693,1.2999999999999998,exponential,786,86.0,86.0,6.7166,0,0.0,1.0,1.0
10000,1.3,0.9,4.290041978026843,8.289306334778566,0.517539321719547,-0.15811538544339693,1.2999999999999998,exponential,787,73.0,73.0,6.9054,0,0.0,1.0,1.0
10000,1.3,0.9,4.290041978026843,8.289306334778566,0.517539321719547,-0.15811538544339693,1.2999999999999998,exponential,788,7.0,7.0,6.6742,0,0.0,1.0,1.0
10000,1.3,0.9,4.290041978026843,8.289306334778566,0.517539321719547,-0.15811538544339693,1.2999999999999998,exponential,789,86.0,86.0,6.8587,0,0.0,1.0,1.0
10000,1.3,0.9,4.290041978026843,8.289306334778566,0.517539321719547,-0.15811538544339693,1.2999999999999998,exponential,790,0.0,0.0,8.3382,0,0.0,1.0,1.0
10000,1.3,0.9,4.290041978026843,8.289306334778566,0.517539321719547,-0.15811538544339693,1.2999999999999998,exponential,791,51.0,51.0,6.6173997,0,0.0,1.0,1.0
10000,1.3,0.9,4.290041978026843,8.289306334778566,0.517539321719547,-0.15811538544339693,1.2999999999999998,exponential,792,135.0,135.0,6.8422,0,0.0,1.0,1.0
10000,1.3,0.9,4.290041978026843,8.289306334778566,0.517539321719547,-0.15811538544339693,1.2999999999999998,exponential,793,89.0,89.0,6.956,0,0.0,1.0,1.0
10000,1.3,0.9,4.290041978026843,8.289306334778566,0.517539321719547,-0.15811538544339693,1.2999999999999998,exponential,794,606.0,606.0,6.9424,0,0.0,1.0,1.0
10000,1.3,0.9,4.290041978026843,8.289306334778566,0.517539321719547,-0.15811538544339693,1.2999999999999998,exponential,795,134.0,134.0,6.7725997,0,0.0,1.0,1.0
10000,1.3,0.9,4.290041978026843,8.289306334778566,0.517539321719547,-0.15811538544339693,1.2999999999999998,exponential,796,95.0,95.0,6.8954997,0,0.0,1.0,1.0
10000,1.3,0.9,4.290041978026843,8.289306334778566,0.517539321719547,-0.15811538544339693,1.2999999999999998,exponential,797,207.0,207.0,6.9456997,0,0.0,1.0,1.0
10000,1.3,0.9,4.290041978026843,8.289306334778566,0.517539321719547,-0.15811538544339693,1.2999999999999998,exponential,798,392.0,392.0,6.8051996,0,0.0,1.0,1.0
10000,1.3,0.9,4.290041978026843,8.289306334778566,0.517539321719547,-0.15811538544339693,1.2999999999999998,exponential,799,76.0,76.0,6.9044,0,0.0,1.0,1.0
10000,1.3,0.9,4.290041978026843,8.289306334778566,0.517539321719547,-0.15811538544339693,1.2999999999999998,exponential,800,417.0,417.0,6.9481997,0,0.0,1.0,1.0
10000,1.3,0.9,4.290041978026843,8.289306334778566,0.517539321719547,-0.15811538544339693,1.2999999999999998,exponential,801,768.0,768.0,7.0056996,0,0.0,1.0,1.0
10000,1.3,0.9,4.290041978026843,8.289306334778566,0.517539321719547,-0.15811538544339693,1.2999999999999998,exponential,802,224.0,224.0,6.6967998,0,0.0,1.0,1.0
10000,1.3,0.9,4.290041978026843,8.289306334778566,0.517539321719547,-0.15811538544339693,1.2999999999999998,exponential,803,217.0,217.0,6.7662,0,0.0,1.0,1.0
10000,1.3,0.9,4.290041978026843,8.289306334778566,0.517539321719547,-0.15811538544339693,1.2999999999999998,exponential,804,65.0,65.0,7.0722,0,0.0,1.0,1.0
10000,1.3,0.9,4.290041978026843,8.289306334778566,0.517539321719547,-0.15811538544339693,1.2999999999999998,exponential,805,757.0,757.0,6.8075,0,0.0,1.0,1.0
10000,1.3,0.9,4.290041978026843,8.289306334778566,0.517539321719547,-0.15811538544339693,1.2999999999999998,exponential,806,712.0,712.0,6.9235997,0,0.0,1.0,1.0
10000,1.3,0.9,4.290041978026843,8.289306334778566,0.517539321719547,-0.15811538544339693,1.2999999999999998,exponential,807,100.0,100.0,6.5993,0,0.0,1.0,1.0
10000,1.3,0.9,4.290041978026843,8.289306334778566,0.517539321719547,-0.15811538544339693,1.2999999999999998,exponential,808,322.0,322.0,6.6935,0,0.0,1.0,1.0
10000,1.3,0.9,4.290041978026843,8.289306334778566,0.517539321719547,-0.15811538544339693,1.2999999999999998,exponential,809,16.0,16.0,6.5600996,0,0.0,1.0,1.0
10000,1.3,0.9,4.290041978026843,8.289306334778566,0.517539321719547,-0.15811538544339693,1.2999999999999998,exponential,810,21.0,21.0,6.5364,0,0.0,1.0,1.0
10000,1.3,0.9,4.290041978026843,8.289306334778566,0.517539321719547,-0.15811538544339693,1.2999999999999998,exponential,811,216.0,216.0,6.9048996,0,0.0,1.0,1.0
10000,1.3,0.9,4.290041978026843,8.289306334778566,0.517539321719547,-0.15811538544339693,1.2999999999999998,exponential,812,194.0,194.0,6.9062,0,0.0,1.0,1.0
10000,1.3,0.9,4.290041978026843,8.289306334778566,0.517539321719547,-0.15811538544339693,1.2999999999999998,exponential,813,360.0,360.0,7.0028,0,0.0,1.0,1.0
10000,1.3,0.9,4.290041978026843,8.289306334778566,0.517539321719547,-0.15811538544339693,1.2999999999999998,exponential,814,43.0,43.0,6.4774,0,0.0,1.0,1.0
10000,1.3,0.9,4.290041978026843,8.289306334778566,0.517539321719547,-0.15811538544339693,1.2999999999999998,exponential,815,57.0,57.0,6.7858996,0,0.0,1.0,1.0
10000,1.3,0.9,4.290041978026843,8.289306334778566,0.517539321719547,-0.15811538544339693,1.2999999999999998,exponential,816,710.0,710.0,6.9487,0,0.0,1.0,1.0
10000,1.3,0.9,4.290041978026843,8.289306334778566,0.517539321719547,-0.15811538544339693,1.2999999999999998,exponential,817,43.0,43.0,6.5469,0,0.0,1.0,1.0
10000,1.3,0.9,4.290041978026843,8.289306334778566,0.517539321719547,-0.15811538544339693,1.2999999999999998,exponential,818,1.0,1.0,7.6046996,0,0.0,1.0,1.0
10000,1.3,0.9,4.290041978026843,8.289306334778566,0.517539321719547,-0.15811538544339693,1.2999999999999998,exponential,819,1.0,1.0,7.5344996,0,0.0,1.0,1.0
10000,1.3,0.9,4.290041978026843,8.289306334778566,0.517539321719547,-0.15811538544339693,1.2999999999999998,exponential,820,371.0,371.0,6.8452,0,0.0,1.0,1.0
10000,1.3,0.9,4.290041978026843,8.289306334778566,0.517539321719547,-0.15811538544339693,1.2999999999999998,exponential,821,1406.0,1406.0,6.7914996,0,0.0,1.0,1.0
10000,1.3,0.9,4.290041978026843,8.289306334778566,0.517539321719547,-0.15811538544339693,1.2999999999999998,exponential,822,0.0,0.0,8.2877,0,0.0,1.0,1.0
10000,1.3,0.9,4.290041978026843,8.289306334778566,0.517539321719547,-0.15811538544339693,1.2999999999999998,exponential,823,13.0,13.0,6.8032,0,0.0,1.0,1.0
10000,1.3,0.9,4.290041978026843,8.289306334778566,0.517539321719547,-0.15811538544339693,1.2999999999999998,exponential,824,262.0,262.0,6.8441,0,0.0,1.0,1.0
10000,1.3,0.9,4.290041978026843,8.289306334778566,0.517539321719547,-0.15811538544339693,1.2999999999999998,exponential,825,172.0,172.0,6.6712,0,0.0,1.0,1.0
10000,1.3,0.9,4.290041978026843,8.289306334778566,0.517539321719547,-0.15811538544339693,1.2999999999999998,exponential,826,0.0,0.0,8.3181,0,0.0,1.0,1.0
10000,1.3,0.9,4.290041978026843,8.289306334778566,0.517539321719547,-0.15811538544339693,1.2999999999999998,exponential,827,199.0,199.0,7.0448,0,0.0,1.0,1.0
10000,1.3,0.9,4.290041978026843,8.289306334778566,0.517539321719547,-0.15811538544339693,1.2999999999999998,exponential,828,161.0,161.0,6.6839,0,0.0,1.0,1.0
10000,1.3,0.9,4.290041978026843,8.289306334778566,0.517539321719547,-0.15811538544339693,1.2999999999999998,exponential,829,13.0,13.0,6.7546,0,0.0,1.0,1.0
10000,1.3,0.9,4.290041978026843,8.289306334778566,0.517539321719547,-0.15811538544339693,1.2999999999999998,exponential,830,244.0,244.0,6.7436,0,0.0,1.0,1.0
10000,1.3,0.9,4.290041978026843,8.289306334778566,0.517539321719547,-0.15811538544339693,1.2999999999999998,exponential,831,141.0,141.0,6.7627997,0,0.0,1.0,1.0
10000,1.3,0.9,4.290041978026843,8.289306334778566,0.517539321719547,-0.15811538544339693,1.2999999999999998,exponential,832,458.0,458.0,6.6847997,0,0.0,1.0,1.0
10000,1.3,0.9,4.290041978026843,8.289306334778566,0.517539321719547,-0.15811538544339693,1.2999999999999998,exponential,833,351.0,351.0,6.6377997,0,0.0,1.0,1.0
10000,1.3,0.9,4.290041978026843,8.289306334778566,0.517539321719547,-0.15811538544339693,1.2999999999999998,exponential,834,47.0,47.0,6.7015996,0,0.0,1.0,1.0
10000,1.3,0.9,4.290041978026843,8.289306334778566,0.517539321719547,-0.15811538544339693,1.2999999999999998,exponential,835,233.0,233.0,6.7014,0,0.0,1.0,1.0
10000,1.3,0.9,4.290041978026843,8.289306334778566,0.517539321719547,-0.15811538544339693,1.2999999999999998,exponential,836,102.0,102.0,6.5961,0,0.0,1.0,1.0
10000,1.3,0.9,4.290041978026843,8.289306334778566,0.517539321719547,-0.15811538544339693,1.2999999999999998,exponential,837,646.0,646.0,7.0165,0,0.0,1.0,1.0
10000,1.3,0.9,4.290041978026843,8.289306334778566,0.517539321719547,-0.15811538544339693,1.2999999999999998,exponential,838,171.0,171.0,6.5143,0,0.0,1.0,1.0
10000,1.3,0.9,4.290041978026843,8.289306334778566,0.517539321719547,-0.15811538544339693,1.2999999999999998,exponential,839,241.0,241.0,6.8638,0,0.0,1.0,1.0
10000,1.3,0.9,4.290041978026843,8.289306334778566,0.517539321719547,-0.15811538544339693,1.2999999999999998,exponential,840,198.0,198.0,7.2767997,0,0.0,1.0,1.0
10000,1.3,0.9,4.290041978026843,8.289306334778566,0.517539321719547,-0.15811538544339693,1.2999999999999998,exponential,841,68.0,68.0,7.1749,0,0.0,1.0,1.0
10000,1.3,0.9,4.290041978026843,8.289306334778566,0.517539321719547,-0.15811538544339693,1.2999999999999998,exponential,842,527.0,527.0,6.6268997,0,0.0,1.0,1.0
10000,1.3,0.9,4.290041978026843,8.289306334778566,0.517539321719547,-0.15811538544339693,1.2999999999999998,exponential,843,141.0,141.0,6.6926,0,0.0,1.0,1.0
10000,1.3,0.9,4.290041978026843,8.289306334778566,0.517539321719547,-0.15811538544339693,1.2999999999999998,exponential,844,151.0,151.0,6.8757,0,0.0,1.0,1.0
10000,1.3,0.9,4.290041978026843,8.289306334778566,0.517539321719547,-0.15811538544339693,1.2999999999999998,exponential,845,109.0,109.0,6.6805997,0,0.0,1.0,1.0
10000,1.3,0.9,4.290041978026843,8.289306334778566,0.517539321719547,-0.15811538544339693,1.2999999999999998,exponential,846,224.0,224.0,6.9094,0,0.0,1.0,1.0
10000,1.3,0.9,4.290041978026843,8.289306334778566,0.517539321719547,-0.15811538544339693,1.2999999999999998,exponential,847,346.0,346.0,6.5112996,0,0.0,1.0,1.0
10000,1.3,0.9,4.290041978026843,8.289306334778566,0.517539321719547,-0.15811538544339693,1.2999999999999998,exponential,848,239.0,239.0,6.7869997,0,0.0,1.0,1.0
10000,1.3,0.9,4.290041978026843,8.289306334778566,0.517539321719547,-0.15811538544339693,1.2999999999999998,exponential,849,452.0,452.0,6.7001,0,0.0,1.0,1.0
10000,1.3,0.9,4.290041978026843,8.289306334778566,0.517539321719547,-0.15811538544339693,1.2999999999999998,exponential,850,980.0,980.0,6.7605,0,0.0,1.0,1.0
10000,1.3,0.9,4.290041978026843,8.289306334778566,0.517539321719547,-0.15811538544339693,1.2999999999999998,exponential,851,235.0,235.0,6.8865,0,0.0,1.0,1.0
10000,1.3,0.9,4.290041978026843,8.289306334778566,0.517539321719547,-0.15811538544339693,1.2999999999999998,exponential,852,35.0,35.0,6.7971997,0,0.0,1.0,1.0
10000,1.3,0.9,4.290041978026843,8.289306334778566,0.517539321719547,-0.15811538544339693,1.2999999999999998,exponential,853,0.0,0.0,8.347,0,0.0,1.0,1.0
10000,1.3,0.9,4.290041978026843,8.289306334778566,0.517539321719547,-0.15811538544339693,1.2999999999999998,exponential,854,121.0,121.0,6.8732,0,0.0,1.0,1.0
10000,1.3,0.9,4.290041978026843,8.289306334778566,0.517539321719547,-0.15811538544339693,1.2999999999999998,exponential,855,838.0,838.0,6.9516997,0,0.0,1.0,1.0
10000,1.3,0.9,4.290041978026843,8.289306334778566,0.517539321719547,-0.15811538544339693,1.2999999999999998,exponential,856,158.0,158.0,6.8845,0,0.0,1.0,1.0
10000,1.3,0.9,4.290041978026843,8.289306334778566,0.517539321719547,-0.15811538544339693,1.2999999999999998,exponential,857,234.0,234.0,6.8504996,0,0.0,1.0,1.0
10000,1.3,0.9,4.290041978026843,8.289306334778566,0.517539321719547,-0.15811538544339693,1.2999999999999998,exponential,858,807.0,807.0,6.7668,0,0.0,1.0,1.0
10000,1.3,0.9,4.290041978026843,8.289306334778566,0.517539321719547,-0.15811538544339693,1.2999999999999998,exponential,859,0.0,0.0,8.2678995,0,0.0,1.0,1.0
10000,1.3,0.9,4.290041978026843,8.289306334778566,0.517539321719547,-0.15811538544339693,1.2999999999999998,exponential,860,645.0,645.0,6.4877,0,0.0,1.0,1.0
10000,1.3,0.9,4.290041978026843,8.289306334778566,0.517539321719547,-0.15811538544339693,1.2999999999999998,exponential,861,75.0,75.0,6.9185996,0,0.0,1.0,1.0
10000,1.3,0.9,4.290041978026843,8.289306334778566,0.517539321719547,-0.15811538544339693,1.2999999999999998,exponential,862,211.0,211.0,6.6597,0,0.0,1.0,1.0
10000,1.3,0.9,4.290041978026843,8.289306334778566,0.517539321719547,-0.15811538544339693,1.2999999999999998,exponential,863,128.0,128.0,6.6737,0,0.0,1.0,1.0
10000,1.3,0.9,4.290041978026843,8.289306334778566,0.517539321719547,-0.15811538544339693,1.2999999999999998,exponential,864,0.0,0.0,8.2676,0,0.0,1.0,1.0
10000,1.3,0.9,4.290041978026843,8.289306334778566,0.517539321719547,-0.15811538544339693,1.2999999999999998,exponential,865,0.0,0.0,8.2909,0,0.0,1.0,1.0
10000,1.3,0.9,4.290041978026843,8.289306334778566,0.517539321719547,-0.15811538544339693,1.2999999999999998,exponential,866,27.0,27.0,6.8019,0,0.0,1.0,1.0
10000,1.3,0.9,4.290041978026843,8.289306334778566,0.517539321719547,-0.15811538544339693,1.2999999999999998,exponential,867,618.0,618.0,6.6864996,0,0.0,1.0,1.0
10000,1.3,0.9,4.290041978026843,8.289306334778566,0.517539321719547,-0.15811538544339693,1.2999999999999998,exponential,868,235.0,235.0,6.8581,0,0.0,1.0,1.0
10000,1.3,0.9,4.290041978026843,8.289306334778566,0.517539321719547,-0.15811538544339693,1.2999999999999998,exponential,869,38.0,38.0,6.9336,0,0.0,1.0,1.0
10000,1.3,0.9,4.290041978026843,8.289306334778566,0.517539321719547,-0.15811538544339693,1.2999999999999998,exponential,870,2.0,2.0,7.2925,0,0.0,1.0,1.0
10000,1.3,0.9,4.290041978026843,8.289306334778566,0.517539321719547,-0.15811538544339693,1.2999999999999998,exponential,871,141.0,141.0,6.9241,0,0.0,1.0,1.0
10000,1.3,0.9,4.290041978026843,8.289306334778566,0.517539321719547,-0.15811538544339693,1.2999999999999998,exponential,872,337.0,337.0,6.8079996,0,0.0,1.0,1.0
10000,1.3,0.9,4.290041978026843,8.289306334778566,0.517539321719547,-0.15811538544339693,1.2999999999999998,exponential,873,97.0,97.0,6.9409,0,0.0,1.0,1.0
10000,1.3,0.9,4.290041978026843,8.289306334778566,0.517539321719547,-0.15811538544339693,1.2999999999999998,exponential,874,1.0,1.0,7.5741,0,0.0,1.0,1.0
10000,1.3,0.9,4.290041978026843,8.289306334778566,0.517539321719547,-0.15811538544339693,1.2999999999999998,exponential,875,95.0,95.0,7.0552998,0,0.0,1.0,1.0
10000,1.3,0.9,4.290041978026843,8.289306334778566,0.517539321719547,-0.15811538544339693,1.2999999999999998,exponential,876,476.0,476.0,7.0095997,0,0.0,1.0,1.0
10000,1.3,0.9,4.290041978026843,8.289306334778566,0.517539321719547,-0.15811538544339693,1.2999999999999998,exponential,877,33.0,33.0,6.8588,0,0.0,1.0,1.0
10000,1.3,0.9,4.290041978026843,8.289306334778566,0.517539321719547,-0.15811538544339693,1.2999999999999998,exponential,878,22.0,22.0,6.6973,0,0.0,1.0,1.0
10000,1.3,0.9,4.290041978026843,8.289306334778566,0.517539321719547,-0.15811538544339693,1.2999999999999998,exponential,879,138.0,138.0,6.6308,0,0.0,1.0,1.0
10000,1.3,0.9,4.290041978026843,8.289306334778566,0.517539321719547,-0.15811538544339693,1.2999999999999998,exponential,880,136.0,136.0,6.7881,0,0.0,1.0,1.0
10000,1.3,0.9,4.290041978026843,8.289306334778566,0.517539321719547,-0.15811538544339693,1.2999999999999998,exponential,881,65.0,65.0,6.6035,0,0.0,1.0,1.0
10000,1.3,0.9,4.290041978026843,8.289306334778566,0.517539321719547,-0.15811538544339693,1.2999999999999998,exponential,882,103.0,103.0,6.6657,0,0.0,1.0,1.0
10000,1.3,0.9,4.290041978026843,8.289306334778566,0.517539321719547,-0.15811538544339693,1.2999999999999998,exponential,883,303.0,303.0,6.6871,0,0.0,1.0,1.0
10000,1.3,0.9,4.290041978026843,8.289306334778566,0.517539321719547,-0.15811538544339693,1.2999999999999998,exponential,884,343.0,343.0,6.8381996,0,0.0,1.0,1.0
10000,1.3,0.9,4.290041978026843,8.289306334778566,0.517539321719547,-0.15811538544339693,1.2999999999999998,exponential,885,39.0,39.0,6.7407,0,0.0,1.0,1.0
10000,1.3,0.9,4.290041978026843,8.289306334778566,0.517539321719547,-0.15811538544339693,1.2999999999999998,exponential,886,359.0,359.0,6.6433997,0,0.0,1.0,1.0
10000,1.3,0.9,4.290041978026843,8.289306334778566,0.517539321719547,-0.15811538544339693,1.2999999999999998,exponential,887,124.0,124.0,6.6029997,0,0.0,1.0,1.0
10000,1.3,0.9,4.290041978026843,8.289306334778566,0.517539321719547,-0.15811538544339693,1.2999999999999998,exponential,888,39.0,39.0,6.9891,0,0.0,1.0,1.0
10000,1.3,0.9,4.290041978026843,8.289306334778566,0.517539321719547,-0.15811538544339693,1.2999999999999998,exponential,889,211.0,211.0,6.7075,0,0.0,1.0,1.0
10000,1.3,0.9,4.290041978026843,8.289306334778566,0.517539321719547,-0.15811538544339693,1.2999999999999998,exponential,890,192.0,192.0,6.4245996,0,0.0,1.0,1.0
10000,1.3,0.9,4.290041978026843,8.289306334778566,0.517539321719547,-0.15811538544339693,1.2999999999999998,exponential,891,20.0,20.0,6.8524,0,0.0,1.0,1.0
10000,1.3,0.9,4.290041978026843,8.289306334778566,0.517539321719547,-0.15811538544339693,1.2999999999999998,exponential,892,0.0,0.0,8.2511,0,0.0,1.0,1.0
10000,1.3,0.9,4.290041978026843,8.289306334778566,0.517539321719547,-0.15811538544339693,1.2999999999999998,exponential,893,0.0,0.0,8.2992,0,0.0,1.0,1.0
10000,1.3,0.9,4.290041978026843,8.289306334778566,0.517539321719547,-0.15811538544339693,1.2999999999999998,exponential,894,286.0,286.0,6.7843,0,0.0,1.0,1.0
10000,1.3,0.9,4.290041978026843,8.289306334778566,0.517539321719547,-0.15811538544339693,1.2999999999999998,exponential,895,158.0,158.0,6.711,0,0.0,1.0,1.0
10000,1.3,0.9,4.290041978026843,8.289306334778566,0.517539321719547,-0.15811538544339693,1.2999999999999998,exponential,896,9.0,9.0,6.7822,0,0.0,1.0,1.0
10000,1.3,0.9,4.290041978026843,8.289306334778566,0.517539321719547,-0.15811538544339693,1.2999999999999998,exponential,897,0.0,0.0,8.2519,0,0.0,1.0,1.0
10000,1.3,0.9,4.290041978026843,8.289306334778566,0.517539321719547,-0.15811538544339693,1.2999999999999998,exponential,898,197.0,197.0,7.1389,0,0.0,1.0,1.0
10000,1.3,0.9,4.290041978026843,8.289306334778566,0.517539321719547,-0.15811538544339693,1.2999999999999998,exponential,899,0.0,0.0,8.2849,0,0.0,1.0,1.0
10000,1.3,0.9,4.290041978026843,8.289306334778566,0.517539321719547,-0.15811538544339693,1.2999999999999998,exponential,900,176.0,176.0,6.981,0,0.0,1.0,1.0
10000,1.3,0.9,4.290041978026843,8.289306334778566,0.517539321719547,-0.15811538544339693,1.2999999999999998,exponential,901,0.0,0.0,8.2275,0,0.0,1.0,1.0
10000,1.3,0.9,4.290041978026843,8.289306334778566,0.517539321719547,-0.15811538544339693,1.2999999999999998,exponential,902,59.0,59.0,6.9961,0,0.0,1.0,1.0
10000,1.3,0.9,4.290041978026843,8.289306334778566,0.517539321719547,-0.15811538544339693,1.2999999999999998,exponential,903,38.0,38.0,6.7855997,0,0.0,1.0,1.0
10000,1.3,0.9,4.290041978026843,8.289306334778566,0.517539321719547,-0.15811538544339693,1.2999999999999998,exponential,904,151.0,151.0,6.6789,0,0.0,1.0,1.0
10000,1.3,0.9,4.290041978026843,8.289306334778566,0.517539321719547,-0.15811538544339693,1.2999999999999998,exponential,905,106.0,106.0,6.8514,0,0.0,1.0,1.0
10000,1.3,0.9,4.290041978026843,8.289306334778566,0.517539321719547,-0.15811538544339693,1.2999999999999998,exponential,906,180.0,180.0,6.7018,0,0.0,1.0,1.0
10000,1.3,0.9,4.290041978026843,8.289306334778566,0.517539321719547,-0.15811538544339693,1.2999999999999998,exponential,907,367.0,367.0,6.825,0,0.0,1.0,1.0
10000,1.3,0.9,4.290041978026843,8.289306334778566,0.517539321719547,-0.15811538544339693,1.2999999999999998,exponential,908,185.0,185.0,6.815,0,0.0,1.0,1.0
10000,1.3,0.9,4.290041978026843,8.289306334778566,0.517539321719547,-0.15811538544339693,1.2999999999999998,exponential,909,175.0,175.0,6.9504,0,0.0,1.0,1.0
10000,1.3,0.9,4.290041978026843,8.289306334778566,0.517539321719547,-0.15811538544339693,1.2999999999999998,exponential,910,171.0,171.0,6.9138,0,0.0,1.0,1.0
10000,1.3,0.9,4.290041978026843,8.289306334778566,0.517539321719547,-0.15811538544339693,1.2999999999999998,exponential,911,1.0,1.0,7.5252,0,0.0,1.0,1.0
10000,1.3,0.9,4.290041978026843,8.289306334778566,0.517539321719547,-0.15811538544339693,1.2999999999999998,exponential,912,38.0,38.0,6.8466997,0,0.0,1.0,1.0
10000,1.3,0.9,4.290041978026843,8.289306334778566,0.517539321719547,-0.15811538544339693,1.2999999999999998,exponential,913,148.0,148.0,6.7309,0,0.0,1.0,1.0
10000,1.3,0.9,4.290041978026843,8.289306334778566,0.517539321719547,-0.15811538544339693,1.2999999999999998,exponential,914,165.0,165.0,6.3209,0,0.0,1.0,1.0
10000,1.3,0.9,4.290041978026843,8.289306334778566,0.517539321719547,-0.15811538544339693,1.2999999999999998,exponential,915,23.0,23.0,6.6882997,0,0.0,1.0,1.0
10000,1.3,0.9,4.290041978026843,8.289306334778566,0.517539321719547,-0.15811538544339693,1.2999999999999998,exponential,916,2.0,2.0,7.0323,0,0.0,1.0,1.0
10000,1.3,0.9,4.290041978026843,8.289306334778566,0.517539321719547,-0.15811538544339693,1.2999999999999998,exponential,917,114.0,114.0,6.6257997,0,0.0,1.0,1.0
10000,1.3,0.9,4.290041978026843,8.289306334778566,0.517539321719547,-0.15811538544339693,1.2999999999999998,exponential,918,2.0,2.0,7.1603,0,0.0,1.0,1.0
10000,1.3,0.9,4.290041978026843,8.289306334778566,0.517539321719547,-0.15811538544339693,1.2999999999999998,exponential,919,88.0,88.0,6.9284997,0,0.0,1.0,1.0
10000,1.3,0.9,4.290041978026843,8.289306334778566,0.517539321719547,-0.15811538544339693,1.2999999999999998,exponential,920,136.0,136.0,6.9096,0,0.0,1.0,1.0
10000,1.3,0.9,4.290041978026843,8.289306334778566,0.517539321719547,-0.15811538544339693,1.2999999999999998,exponential,921,369.0,369.0,7.0002,0,0.0,1.0,1.0
10000,1.3,0.9,4.290041978026843,8.289306334778566,0.517539321719547,-0.15811538544339693,1.2999999999999998,exponential,922,105.0,105.0,6.9395,0,0.0,1.0,1.0
10000,1.3,0.9,4.290041978026843,8.289306334778566,0.517539321719547,-0.15811538544339693,1.2999999999999998,exponential,923,166.0,166.0,6.8849998,0,0.0,1.0,1.0
10000,1.3,0.9,4.290041978026843,8.289306334778566,0.517539321719547,-0.15811538544339693,1.2999999999999998,exponential,924,65.0,65.0,6.5417,0,0.0,1.0,1.0
10000,1.3,0.9,4.290041978026843,8.289306334778566,0.517539321719547,-0.15811538544339693,1.2999999999999998,exponential,925,373.0,373.0,6.7376,0,0.0,1.0,1.0
10000,1.3,0.9,4.290041978026843,8.289306334778566,0.517539321719547,-0.15811538544339693,1.2999999999999998,exponential,926,342.0,342.0,6.7226996,0,0.0,1.0,1.0
10000,1.3,0.9,4.290041978026843,8.289306334778566,0.517539321719547,-0.15811538544339693,1.2999999999999998,exponential,927,208.0,208.0,6.8739996,0,0.0,1.0,1.0
10000,1.3,0.9,4.290041978026843,8.289306334778566,0.517539321719547,-0.15811538544339693,1.2999999999999998,exponential,928,0.0,0.0,8.2718,0,0.0,1.0,1.0
10000,1.3,0.9,4.290041978026843,8.289306334778566,0.517539321719547,-0.15811538544339693,1.2999999999999998,exponential,929,5.0,5.0,6.7051,0,0.0,1.0,1.0
10000,1.3,0.9,4.290041978026843,8.289306334778566,0.517539321719547,-0.15811538544339693,1.2999999999999998,exponential,930,374.0,374.0,6.7616,0,0.0,1.0,1.0
10000,1.3,0.9,4.290041978026843,8.289306334778566,0.517539321719547,-0.15811538544339693,1.2999999999999998,exponential,931,8.0,8.0,6.7513,0,0.0,1.0,1.0
10000,1.3,0.9,4.290041978026843,8.289306334778566,0.517539321719547,-0.15811538544339693,1.2999999999999998,exponential,932,4.0,4.0,6.7992,0,0.0,1.0,1.0
10000,1.3,0.9,4.290041978026843,8.289306334778566,0.517539321719547,-0.15811538544339693,1.2999999999999998,exponential,933,1.0,1.0,7.5267,0,0.0,1.0,1.0
10000,1.3,0.9,4.290041978026843,8.289306334778566,0.517539321719547,-0.15811538544339693,1.2999999999999998,exponential,934,70.0,70.0,6.9716,0,0.0,1.0,1.0
10000,1.3,0.9,4.290041978026843,8.289306334778566,0.517539321719547,-0.15811538544339693,1.2999999999999998,exponential,935,3.0,3.0,6.9055,0,0.0,1.0,1.0
10000,1.3,0.9,4.290041978026843,8.289306334778566,0.517539321719547,-0.15811538544339693,1.2999999999999998,exponential,936,213.0,213.0,6.5874996,0,0.0,1.0,1.0
10000,1.3,0.9,4.290041978026843,8.289306334778566,0.517539321719547,-0.15811538544339693,1.2999999999999998,exponential,937,440.0,440.0,6.8121996,0,0.0,1.0,1.0
10000,1.3,0.9,4.290041978026843,8.289306334778566,0.517539321719547,-0.15811538544339693,1.2999999999999998,exponential,938,325.0,325.0,7.1345,0,0.0,1.0,1.0
10000,1.3,0.9,4.290041978026843,8.289306334778566,0.517539321719547,-0.15811538544339693,1.2999999999999998,exponential,939,66.0,66.0,6.7858996,0,0.0,1.0,1.0
10000,1.3,0.9,4.290041978026843,8.289306334778566,0.517539321719547,-0.15811538544339693,1.2999999999999998,exponential,940,1023.0,1023.0,6.5385,0,0.0,1.0,1.0
10000,1.3,0.9,4.290041978026843,8.289306334778566,0.517539321719547,-0.15811538544339693,1.2999999999999998,exponential,941,273.0,273.0,6.9786,0,0.0,1.0,1.0
10000,1.3,0.9,4.290041978026843,8.289306334778566,0.517539321719547,-0.15811538544339693,1.2999999999999998,exponential,942,94.0,94.0,6.7605,0,0.0,1.0,1.0
10000,1.3,0.9,4.290041978026843,8.289306334778566,0.517539321719547,-0.15811538544339693,1.2999999999999998,exponential,943,82.0,82.0,6.5358996,0,0.0,1.0,1.0
10000,1.3,0.9,4.290041978026843,8.289306334778566,0.517539321719547,-0.15811538544339693,1.2999999999999998,exponential,944,159.0,159.0,7.1703997,0,0.0,1.0,1.0
10000,1.3,0.9,4.290041978026843,8.289306334778566,0.517539321719547,-0.15811538544339693,1.2999999999999998,exponential,945,729.0,729.0,7.2023997,0,0.0,1.0,1.0
10000,1.3,0.9,4.290041978026843,8.289306334778566,0.517539321719547,-0.15811538544339693,1.2999999999999998,exponential,946,89.0,89.0,6.9838996,0,0.0,1.0,1.0
10000,1.3,0.9,4.290041978026843,8.289306334778566,0.517539321719547,-0.15811538544339693,1.2999999999999998,exponential,947,35.0,35.0,6.8472,0,0.0,1.0,1.0
10000,1.3,0.9,4.290041978026843,8.289306334778566,0.517539321719547,-0.15811538544339693,1.2999999999999998,exponential,948,10.0,10.0,7.0435996,0,0.0,1.0,1.0
10000,1.3,0.9,4.290041978026843,8.289306334778566,0.517539321719547,-0.15811538544339693,1.2999999999999998,exponential,949,1189.0,1189.0,6.5369997,0,0.0,1.0,1.0
10000,1.3,0.9,4.290041978026843,8.289306334778566,0.517539321719547,-0.15811538544339693,1.2999999999999998,exponential,950,118.0,118.0,6.7879,0,0.0,1.0,1.0
10000,1.3,0.9,4.290041978026843,8.289306334778566,0.517539321719547,-0.15811538544339693,1.2999999999999998,exponential,951,344.0,344.0,6.4273,0,0.0,1.0,1.0
10000,1.3,0.9,4.290041978026843,8.289306334778566,0.517539321719547,-0.15811538544339693,1.2999999999999998,exponential,952,158.0,158.0,6.857,0,0.0,1.0,1.0
10000,1.3,0.9,4.290041978026843,8.289306334778566,0.517539321719547,-0.15811538544339693,1.2999999999999998,exponential,953,1.0,1.0,7.5058,0,0.0,1.0,1.0
10000,1.3,0.9,4.290041978026843,8.289306334778566,0.517539321719547,-0.15811538544339693,1.2999999999999998,exponential,954,30.0,30.0,6.8749,0,0.0,1.0,1.0
10000,1.3,0.9,4.290041978026843,8.289306334778566,0.517539321719547,-0.15811538544339693,1.2999999999999998,exponential,955,9.0,9.0,6.4574,0,0.0,1.0,1.0
10000,1.3,0.9,4.290041978026843,8.289306334778566,0.517539321719547,-0.15811538544339693,1.2999999999999998,exponential,956,29.0,29.0,6.8248997,0,0.0,1.0,1.0
10000,1.3,0.9,4.290041978026843,8.289306334778566,0.517539321719547,-0.15811538544339693,1.2999999999999998,exponential,957,749.0,749.0,6.9073997,0,0.0,1.0,1.0
10000,1.3,0.9,4.290041978026843,8.289306334778566,0.517539321719547,-0.15811538544339693,1.2999999999999998,exponential,958,191.0,191.0,6.6484,0,0.0,1.0,1.0
10000,1.3,0.9,4.290041978026843,8.289306334778566,0.517539321719547,-0.15811538544339693,1.2999999999999998,exponential,959,3.0,3.0,6.9382997,0,0.0,1.0,1.0
10000,1.3,0.9,4.290041978026843,8.289306334778566,0.517539321719547,-0.15811538544339693,1.2999999999999998,exponential,960,142.0,142.0,6.9961996,0,0.0,1.0,1.0
10000,1.3,0.9,4.290041978026843,8.289306334778566,0.517539321719547,-0.15811538544339693,1.2999999999999998,exponential,961,208.0,208.0,6.6184998,0,0.0,1.0,1.0
10000,1.3,0.9,4.290041978026843,8.289306334778566,0.517539321719547,-0.15811538544339693,1.2999999999999998,exponential,962,27.0,27.0,6.6742997,0,0.0,1.0,1.0
10000,1.3,0.9,4.290041978026843,8.289306334778566,0.517539321719547,-0.15811538544339693,1.2999999999999998,exponential,963,176.0,176.0,6.9595,0,0.0,1.0,1.0
10000,1.3,0.9,4.290041978026843,8.289306334778566,0.517539321719547,-0.15811538544339693,1.2999999999999998,exponential,964,126.0,126.0,6.703,0,0.0,1.0,1.0
10000,1.3,0.9,4.290041978026843,8.289306334778566,0.517539321719547,-0.15811538544339693,1.2999999999999998,exponential,965,0.0,0.0,8.348,0,0.0,1.0,1.0
10000,1.3,0.9,4.290041978026843,8.289306334778566,0.517539321719547,-0.15811538544339693,1.2999999999999998,exponential,966,0.0,0.0,8.272699,0,0.0,1.0,1.0
10000,1.3,0.9,4.290041978026843,8.289306334778566,0.517539321719547,-0.15811538544339693,1.2999999999999998,exponential,967,3.0,3.0,6.9301996,0,0.0,1.0,1.0
10000,1.3,0.9,4.290041978026843,8.289306334778566,0.517539321719547,-0.15811538544339693,1.2999999999999998,exponential,968,75.0,75.0,6.7893996,0,0.0,1.0,1.0
10000,1.3,0.9,4.290041978026843,8.289306334778566,0.517539321719547,-0.15811538544339693,1.2999999999999998,exponential,969,48.0,48.0,6.7249,0,0.0,1.0,1.0
10000,1.3,0.9,4.290041978026843,8.289306334778566,0.517539321719547,-0.15811538544339693,1.2999999999999998,exponential,970,18.0,18.0,6.7597,0,0.0,1.0,1.0
10000,1.3,0.9,4.290041978026843,8.289306334778566,0.517539321719547,-0.15811538544339693,1.2999999999999998,exponential,971,16.0,16.0,7.0084996,0,0.0,1.0,1.0
10000,1.3,0.9,4.290041978026843,8.289306334778566,0.517539321719547,-0.15811538544339693,1.2999999999999998,exponential,972,20.0,20.0,7.0077,0,0.0,1.0,1.0
10000,1.3,0.9,4.290041978026843,8.289306334778566,0.517539321719547,-0.15811538544339693,1.2999999999999998,exponential,973,81.0,81.0,6.499,0,0.0,1.0,1.0
10000,1.3,0.9,4.290041978026843,8.289306334778566,0.517539321719547,-0.15811538544339693,1.2999999999999998,exponential,974,847.0,847.0,6.4459996,0,0.0,1.0,1.0
10000,1.3,0.9,4.290041978026843,8.289306334778566,0.517539321719547,-0.15811538544339693,1.2999999999999998,exponential,975,834.0,834.0,6.5309997,0,0.0,1.0,1.0
10000,1.3,0.9,4.290041978026843,8.289306334778566,0.517539321719547,-0.15811538544339693,1.2999999999999998,exponential,976,159.0,159.0,7.1784,0,0.0,1.0,1.0
10000,1.3,0.9,4.290041978026843,8.289306334778566,0.517539321719547,-0.15811538544339693,1.2999999999999998,exponential,977,227.0,227.0,6.6089997,0,0.0,1.0,1.0
10000,1.3,0.9,4.290041978026843,8.289306334778566,0.517539321719547,-0.15811538544339693,1.2999999999999998,exponential,978,1.0,1.0,7.5375,0,0.0,1.0,1.0
10000,1.3,0.9,4.290041978026843,8.289306334778566,0.517539321719547,-0.15811538544339693,1.2999999999999998,exponential,979,425.0,425.0,6.6562,0,0.0,1.0,1.0
10000,1.3,0.9,4.290041978026843,8.289306334778566,0.517539321719547,-0.15811538544339693,1.2999999999999998,exponential,980,603.0,603.0,6.5713,0,0.0,1.0,1.0
10000,1.3,0.9,4.290041978026843,8.289306334778566,0.517539321719547,-0.15811538544339693,1.2999999999999998,exponential,981,154.0,154.0,7.046,0,0.0,1.0,1.0
10000,1.3,0.9,4.290041978026843,8.289306334778566,0.517539321719547,-0.15811538544339693,1.2999999999999998,exponential,982,0.0,0.0,8.2971,0,0.0,1.0,1.0
10000,1.3,0.9,4.290041978026843,8.289306334778566,0.517539321719547,-0.15811538544339693,1.2999999999999998,exponential,983,247.0,247.0,6.898,0,0.0,1.0,1.0
10000,1.3,0.9,4.290041978026843,8.289306334778566,0.517539321719547,-0.15811538544339693,1.2999999999999998,exponential,984,44.0,44.0,6.9012,0,0.0,1.0,1.0
10000,1.3,0.9,4.290041978026843,8.289306334778566,0.517539321719547,-0.15811538544339693,1.2999999999999998,exponential,985,298.0,298.0,6.7834997,0,0.0,1.0,1.0
10000,1.3,0.9,4.290041978026843,8.289306334778566,0.517539321719547,-0.15811538544339693,1.2999999999999998,exponential,986,736.0,736.0,7.0799,0,0.0,1.0,1.0
10000,1.3,0.9,4.290041978026843,8.289306334778566,0.517539321719547,-0.15811538544339693,1.2999999999999998,exponential,987,43.0,43.0,7.1028,0,0.0,1.0,1.0
10000,1.3,0.9,4.290041978026843,8.289306334778566,0.517539321719547,-0.15811538544339693,1.2999999999999998,exponential,988,45.0,45.0,6.9119,0,0.0,1.0,1.0
10000,1.3,0.9,4.290041978026843,8.289306334778566,0.517539321719547,-0.15811538544339693,1.2999999999999998,exponential,989,151.0,151.0,6.8815,0,0.0,1.0,1.0
10000,1.3,0.9,4.290041978026843,8.289306334778566,0.517539321719547,-0.15811538544339693,1.2999999999999998,exponential,990,32.0,32.0,6.9042997,0,0.0,1.0,1.0
10000,1.3,0.9,4.290041978026843,8.289306334778566,0.517539321719547,-0.15811538544339693,1.2999999999999998,exponential,991,384.0,384.0,6.8478,0,0.0,1.0,1.0
10000,1.3,0.9,4.290041978026843,8.289306334778566,0.517539321719547,-0.15811538544339693,1.2999999999999998,exponential,992,495.0,495.0,6.831,0,0.0,1.0,1.0
10000,1.3,0.9,4.290041978026843,8.289306334778566,0.517539321719547,-0.15811538544339693,1.2999999999999998,exponential,993,107.0,107.0,6.8241997,0,0.0,1.0,1.0
10000,1.3,0.9,4.290041978026843,8.289306334778566,0.517539321719547,-0.15811538544339693,1.2999999999999998,exponential,994,1.0,1.0,7.5369,0,0.0,1.0,1.0
10000,1.3,0.9,4.290041978026843,8.289306334778566,0.517539321719547,-0.15811538544339693,1.2999999999999998,exponential,995,77.0,77.0,6.6271996,0,0.0,1.0,1.0
10000,1.3,0.9,4.290041978026843,8.289306334778566,0.517539321719547,-0.15811538544339693,1.2999999999999998,exponential,996,88.0,88.0,6.737,0,0.0,1.0,1.0
10000,1.3,0.9,4.290041978026843,8.289306334778566,0.517539321719547,-0.15811538544339693,1.2999999999999998,exponential,997,67.0,67.0,6.8157,0,0.0,1.0,1.0
10000,1.3,0.9,4.290041978026843,8.289306334778566,0.517539321719547,-0.15811538544339693,1.2999999999999998,exponential,998,27.0,27.0,6.7114,0,0.0,1.0,1.0
10000,1.3,0.9,4.290041978026843,8.289306334778566,0.517539321719547,-0.15811538544339693,1.2999999999999998,exponential,999,11.0,11.0,6.9005,0,0.0,1.0,1.0
