N,psi,delta,lambda,theta,alpha,effective_beta,psi_check,selection_mode,path_index,t_0,first_loss_time,kappa_1_at_t0,X0_count_at_stop,X_0_at_stop,leading_zero_count_at_t0,first_nonzero_class_at_t0
10000,0.7,0.3,0.0030654552087169104,2.763102111592855,0.0011094252347227794,0.6283762563096638,0.6999999999999998,exponential,0,2305.0,2305.0,3.1095,0,0.0,1.0,1.0
10000,0.7,0.3,0.0030654552087169104,2.763102111592855,0.0011094252347227794,0.6283762563096638,0.6999999999999998,exponential,1,731.0,731.0,3.6622,0,0.0,1.0,1.0
10000,0.7,0.3,0.0030654552087169104,2.763102111592855,0.0011094252347227794,0.6283762563096638,0.6999999999999998,exponential,2,489.0,489.0,3.0721998,0,0.0,1.0,1.0
10000,0.7,0.3,0.0030654552087169104,2.763102111592855,0.0011094252347227794,0.6283762563096638,0.6999999999999998,exponential,3,1201.0,1201.0,3.8467999,0,0.0,1.0,1.0
10000,0.7,0.3,0.0030654552087169104,2.763102111592855,0.0011094252347227794,0.6283762563096638,0.6999999999999998,exponential,4,931.0,931.0,2.8116,0,0.0,1.0,1.0
10000,0.7,0.3,0.0030654552087169104,2.763102111592855,0.0011094252347227794,0.6283762563096638,0.6999999999999998,exponential,5,5128.0,5128.0,3.7192998,0,0.0,1.0,1.0
10000,0.7,0.3,0.0030654552087169104,2.763102111592855,0.0011094252347227794,0.6283762563096638,0.6999999999999998,exponential,6,2182.0,2182.0,3.4596,0,0.0,1.0,1.0
10000,0.7,0.3,0.0030654552087169104,2.763102111592855,0.0011094252347227794,0.6283762563096638,0.6999999999999998,exponential,7,1830.0,1830.0,3.204,0,0.0,1.0,1.0
10000,0.7,0.3,0.0030654552087169104,2.763102111592855,0.0011094252347227794,0.6283762563096638,0.6999999999999998,exponential,8,444.0,444.0,3.0811,0,0.0,1.0,1.0
10000,0.7,0.3,0.0030654552087169104,2.763102111592855,0.0011094252347227794,0.6283762563096638,0.6999999999999998,exponential,9,2922.0,2922.0,3.4348998,0,0.0,1.0,1.0
10000,0.7,0.3,0.0030654552087169104,2.763102111592855,0.0011094252347227794,0.6283762563096638,0.6999999999999998,exponential,10,1865.0,1865.0,3.419,0,0.0,1.0,1.0
10000,0.7,0.3,0.0030654552087169104,2.763102111592855,0.0011094252347227794,0.6283762563096638,0.6999999999999998,exponential,11,3024.0,3024.0,3.2375,0,0.0,1.0,1.0
10000,0.7,0.3,0.0030654552087169104,2.763102111592855,0.0011094252347227794,0.6283762563096638,0.6999999999999998,exponential,12,564.0,564.0,3.5612998,0,0.0,1.0,1.0
10000,0.7,0.3,0.0030654552087169104,2.763102111592855,0.0011094252347227794,0.6283762563096638,0.6999999999999998,exponential,13,346.0,346.0,3.5705998,0,0.0,1.0,1.0
10000,0.7,0.3,0.0030654552087169104,2.763102111592855,0.0011094252347227794,0.6283762563096638,0.6999999999999998,exponential,14,978.0,978.0,3.0384998,0,0.0,1.0,1.0
10000,0.7,0.3,0.0030654552087169104,2.763102111592855,0.0011094252347227794,0.6283762563096638,0.6999999999999998,exponential,15,676.0,676.0,2.9468,0,0.0,1.0,1.0
10000,0.7,0.3,0.0030654552087169104,2.763102111592855,0.0011094252347227794,0.6283762563096638,0.6999999999999998,exponential,16,1838.0,1838.0,3.2637,0,0.0,1.0,1.0
10000,0.7,0.3,0.0030654552087169104,2.763102111592855,0.0011094252347227794,0.6283762563096638,0.6999999999999998,exponential,17,4236.0,4236.0,2.9285,0,0.0,1.0,1.0
10000,0.7,0.3,0.0030654552087169104,2.763102111592855,0.0011094252347227794,0.6283762563096638,0.6999999999999998,exponential,18,1345.0,1345.0,2.6064,0,0.0,1.0,1.0
10000,0.7,0.3,0.0030654552087169104,2.763102111592855,0.0011094252347227794,0.6283762563096638,0.6999999999999998,exponential,19,2086.0,2086.0,3.0040998,0,0.0,1.0,1.0
10000,0.7,0.3,0.0030654552087169104,2.763102111592855,0.0011094252347227794,0.6283762563096638,0.6999999999999998,exponential,20,592.0,592.0,2.6901999,0,0.0,1.0,1.0
10000,0.7,0.3,0.0030654552087169104,2.763102111592855,0.0011094252347227794,0.6283762563096638,0.6999999999999998,exponential,21,5255.0,5255.0,3.3490999,0,0.0,1.0,1.0
10000,0.7,0.3,0.0030654552087169104,2.763102111592855,0.0011094252347227794,0.6283762563096638,0.6999999999999998,exponential,22,555.0,555.0,2.7675,0,0.0,1.0,1.0
10000,0.7,0.3,0.0030654552087169104,2.763102111592855,0.0011094252347227794,0.6283762563096638,0.6999999999999998,exponential,23,8932.0,8932.0,2.7661,0,0.0,1.0,1.0
10000,0.7,0.3,0.0030654552087169104,2.763102111592855,0.0011094252347227794,0.6283762563096638,0.6999999999999998,exponential,24,1415.0,1415.0,3.0999,0,0.0,1.0,1.0
10000,0.7,0.3,0.0030654552087169104,2.763102111592855,0.0011094252347227794,0.6283762563096638,0.6999999999999998,exponential,25,1143.0,1143.0,2.4445999,0,0.0,1.0,1.0
10000,0.7,0.3,0.0030654552087169104,2.763102111592855,0.0011094252347227794,0.6283762563096638,0.6999999999999998,exponential,26,6367.0,6367.0,3.1792,0,0.0,1.0,1.0
10000,0.7,0.3,0.0030654552087169104,2.763102111592855,0.0011094252347227794,0.6283762563096638,0.6999999999999998,exponential,27,372.0,372.0,3.0871,0,0.0,1.0,1.0
10000,0.7,0.3,0.0030654552087169104,2.763102111592855,0.0011094252347227794,0.6283762563096638,0.6999999999999998,exponential,28,1603.0,1603.0,3.3657,0,0.0,1.0,1.0
10000,0.7,0.3,0.0030654552087169104,2.763102111592855,0.0011094252347227794,0.6283762563096638,0.6999999999999998,exponential,29,1450.0,1450.0,3.0837,0,0.0,1.0,1.0
10000,0.7,0.3,0.0030654552087169104,2.763102111592855,0.0011094252347227794,0.6283762563096638,0.6999999999999998,exponential,30,2548.0,2548.0,2.9318,0,0.0,1.0,1.0
10000,0.7,0.3,0.0030654552087169104,2.763102111592855,0.0011094252347227794,0.6283762563096638,0.6999999999999998,exponential,31,15223.0,15223.0,4.2023,0,0.0,1.0,1.0
10000,0.7,0.3,0.0030654552087169104,2.763102111592855,0.0011094252347227794,0.6283762563096638,0.6999999999999998,exponential,32,4719.0,4719.0,3.3335,0,0.0,1.0,1.0
10000,0.7,0.3,0.0030654552087169104,2.763102111592855,0.0011094252347227794,0.6283762563096638,0.6999999999999998,exponential,33,1803.0,1803.0,2.7724,0,0.0,1.0,1.0
10000,0.7,0.3,0.0030654552087169104,2.763102111592855,0.0011094252347227794,0.6283762563096638,0.6999999999999998,exponential,34,804.0,804.0,2.544,0,0.0,1.0,1.0
10000,0.7,0.3,0.0030654552087169104,2.763102111592855,0.0011094252347227794,0.6283762563096638,0.6999999999999998,exponential,35,202.0,202.0,3.044,0,0.0,1.0,1.0
10000,0.7,0.3,0.0030654552087169104,2.763102111592855,0.0011094252347227794,0.6283762563096638,0.6999999999999998,exponential,36,1843.0,1843.0,3.2156,0,0.0,1.0,1.0
10000,0.7,0.3,0.0030654552087169104,2.763102111592855,0.0011094252347227794,0.6283762563096638,0.6999999999999998,exponential,37,1048.0,1048.0,3.2875998,0,0.0,1.0,1.0
10000,0.7,0.3,0.0030654552087169104,2.763102111592855,0.0011094252347227794,0.6283762563096638,0.6999999999999998,exponential,38,1936.0,1936.0,3.4554,0,0.0,1.0,1.0
10000,0.7,0.3,0.0030654552087169104,2.763102111592855,0.0011094252347227794,0.6283762563096638,0.6999999999999998,exponential,39,1145.0,1145.0,2.9136999,0,0.0,1.0,1.0
10000,0.7,0.3,0.0030654552087169104,2.763102111592855,0.0011094252347227794,0.6283762563096638,0.6999999999999998,exponential,40,5815.0,5815.0,2.8567,0,0.0,1.0,1.0
10000,0.7,0.3,0.0030654552087169104,2.763102111592855,0.0011094252347227794,0.6283762563096638,0.6999999999999998,exponential,41,4397.0,4397.0,3.2333999,0,0.0,1.0,1.0
10000,0.7,0.3,0.0030654552087169104,2.763102111592855,0.0011094252347227794,0.6283762563096638,0.6999999999999998,exponential,42,381.0,381.0,2.8753998,0,0.0,1.0,1.0
10000,0.7,0.3,0.0030654552087169104,2.763102111592855,0.0011094252347227794,0.6283762563096638,0.6999999999999998,exponential,43,2691.0,2691.0,2.8890998,0,0.0,1.0,1.0
10000,0.7,0.3,0.0030654552087169104,2.763102111592855,0.0011094252347227794,0.6283762563096638,0.6999999999999998,exponential,44,3841.0,3841.0,2.8660998,0,0.0,1.0,1.0
10000,0.7,0.3,0.0030654552087169104,2.763102111592855,0.0011094252347227794,0.6283762563096638,0.6999999999999998,exponential,45,1085.0,1085.0,2.9528,0,0.0,1.0,1.0
10000,0.7,0.3,0.0030654552087169104,2.763102111592855,0.0011094252347227794,0.6283762563096638,0.6999999999999998,exponential,46,923.0,923.0,2.6353998,0,0.0,1.0,1.0
10000,0.7,0.3,0.0030654552087169104,2.763102111592855,0.0011094252347227794,0.6283762563096638,0.6999999999999998,exponential,47,2679.0,2679.0,3.1936998,0,0.0,1.0,1.0
10000,0.7,0.3,0.0030654552087169104,2.763102111592855,0.0011094252347227794,0.6283762563096638,0.6999999999999998,exponential,48,1758.0,1758.0,3.5463,0,0.0,1.0,1.0
10000,0.7,0.3,0.0030654552087169104,2.763102111592855,0.0011094252347227794,0.6283762563096638,0.6999999999999998,exponential,49,2433.0,2433.0,3.7443,0,0.0,1.0,1.0
10000,0.7,0.3,0.0030654552087169104,2.763102111592855,0.0011094252347227794,0.6283762563096638,0.6999999999999998,exponential,50,7621.0,7621.0,3.2773,0,0.0,1.0,1.0
10000,0.7,0.3,0.0030654552087169104,2.763102111592855,0.0011094252347227794,0.6283762563096638,0.6999999999999998,exponential,51,7145.0,7145.0,2.7814999,0,0.0,1.0,1.0
10000,0.7,0.3,0.0030654552087169104,2.763102111592855,0.0011094252347227794,0.6283762563096638,0.6999999999999998,exponential,52,2437.0,2437.0,3.554,0,0.0,1.0,1.0
10000,0.7,0.3,0.0030654552087169104,2.763102111592855,0.0011094252347227794,0.6283762563096638,0.6999999999999998,exponential,53,292.0,292.0,2.9868999,0,0.0,1.0,1.0
10000,0.7,0.3,0.0030654552087169104,2.763102111592855,0.0011094252347227794,0.6283762563096638,0.6999999999999998,exponential,54,1250.0,1250.0,2.7502,0,0.0,1.0,1.0
10000,0.7,0.3,0.0030654552087169104,2.763102111592855,0.0011094252347227794,0.6283762563096638,0.6999999999999998,exponential,55,6866.0,6866.0,3.3395,0,0.0,1.0,1.0
10000,0.7,0.3,0.0030654552087169104,2.763102111592855,0.0011094252347227794,0.6283762563096638,0.6999999999999998,exponential,56,1176.0,1176.0,3.1797,0,0.0,1.0,1.0
10000,0.7,0.3,0.0030654552087169104,2.763102111592855,0.0011094252347227794,0.6283762563096638,0.6999999999999998,exponential,57,1242.0,1242.0,3.6527998,0,0.0,1.0,1.0
10000,0.7,0.3,0.0030654552087169104,2.763102111592855,0.0011094252347227794,0.6283762563096638,0.6999999999999998,exponential,58,531.0,531.0,3.3809,0,0.0,1.0,1.0
10000,0.7,0.3,0.0030654552087169104,2.763102111592855,0.0011094252347227794,0.6283762563096638,0.6999999999999998,exponential,59,416.0,416.0,3.1462,0,0.0,1.0,1.0
10000,0.7,0.3,0.0030654552087169104,2.763102111592855,0.0011094252347227794,0.6283762563096638,0.6999999999999998,exponential,60,1349.0,1349.0,2.9266999,0,0.0,1.0,1.0
10000,0.7,0.3,0.0030654552087169104,2.763102111592855,0.0011094252347227794,0.6283762563096638,0.6999999999999998,exponential,61,6506.0,6506.0,3.1443,0,0.0,1.0,1.0
10000,0.7,0.3,0.0030654552087169104,2.763102111592855,0.0011094252347227794,0.6283762563096638,0.6999999999999998,exponential,62,1612.0,1612.0,2.6441998,0,0.0,1.0,1.0
10000,0.7,0.3,0.0030654552087169104,2.763102111592855,0.0011094252347227794,0.6283762563096638,0.6999999999999998,exponential,63,2658.0,2658.0,3.254,0,0.0,1.0,1.0
10000,0.7,0.3,0.0030654552087169104,2.763102111592855,0.0011094252347227794,0.6283762563096638,0.6999999999999998,exponential,64,1874.0,1874.0,4.1348,0,0.0,1.0,1.0
10000,0.7,0.3,0.0030654552087169104,2.763102111592855,0.0011094252347227794,0.6283762563096638,0.6999999999999998,exponential,65,1687.0,1687.0,3.0639,0,0.0,1.0,1.0
10000,0.7,0.3,0.0030654552087169104,2.763102111592855,0.0011094252347227794,0.6283762563096638,0.6999999999999998,exponential,66,2768.0,2768.0,3.0297,0,0.0,1.0,1.0
10000,0.7,0.3,0.0030654552087169104,2.763102111592855,0.0011094252347227794,0.6283762563096638,0.6999999999999998,exponential,67,1600.0,1600.0,2.5052,0,0.0,1.0,1.0
10000,0.7,0.3,0.0030654552087169104,2.763102111592855,0.0011094252347227794,0.6283762563096638,0.6999999999999998,exponential,68,802.0,802.0,3.1755998,0,0.0,1.0,1.0
10000,0.7,0.3,0.0030654552087169104,2.763102111592855,0.0011094252347227794,0.6283762563096638,0.6999999999999998,exponential,69,279.0,279.0,3.3804,0,0.0,1.0,1.0
10000,0.7,0.3,0.0030654552087169104,2.763102111592855,0.0011094252347227794,0.6283762563096638,0.6999999999999998,exponential,70,2386.0,2386.0,3.1264,0,0.0,1.0,1.0
10000,0.7,0.3,0.0030654552087169104,2.763102111592855,0.0011094252347227794,0.6283762563096638,0.6999999999999998,exponential,71,5160.0,5160.0,2.862,0,0.0,1.0,1.0
10000,0.7,0.3,0.0030654552087169104,2.763102111592855,0.0011094252347227794,0.6283762563096638,0.6999999999999998,exponential,72,1799.0,1799.0,3.1481,0,0.0,1.0,1.0
10000,0.7,0.3,0.0030654552087169104,2.763102111592855,0.0011094252347227794,0.6283762563096638,0.6999999999999998,exponential,73,350.0,350.0,3.2798,0,0.0,1.0,1.0
10000,0.7,0.3,0.0030654552087169104,2.763102111592855,0.0011094252347227794,0.6283762563096638,0.6999999999999998,exponential,74,7214.0,7214.0,3.3272,0,0.0,1.0,1.0
10000,0.7,0.3,0.0030654552087169104,2.763102111592855,0.0011094252347227794,0.6283762563096638,0.6999999999999998,exponential,75,512.0,512.0,3.1489,0,0.0,1.0,1.0
10000,0.7,0.3,0.0030654552087169104,2.763102111592855,0.0011094252347227794,0.6283762563096638,0.6999999999999998,exponential,76,5204.0,5204.0,2.7554,0,0.0,1.0,1.0
10000,0.7,0.3,0.0030654552087169104,2.763102111592855,0.0011094252347227794,0.6283762563096638,0.6999999999999998,exponential,77,844.0,844.0,2.9478,0,0.0,1.0,1.0
10000,0.7,0.3,0.0030654552087169104,2.763102111592855,0.0011094252347227794,0.6283762563096638,0.6999999999999998,exponential,78,749.0,749.0,3.3381999,0,0.0,1.0,1.0
10000,0.7,0.3,0.0030654552087169104,2.763102111592855,0.0011094252347227794,0.6283762563096638,0.6999999999999998,exponential,79,2841.0,2841.0,2.5311,0,0.0,1.0,1.0
10000,0.7,0.3,0.0030654552087169104,2.763102111592855,0.0011094252347227794,0.6283762563096638,0.6999999999999998,exponential,80,2377.0,2377.0,3.425,0,0.0,1.0,1.0
10000,0.7,0.3,0.0030654552087169104,2.763102111592855,0.0011094252347227794,0.6283762563096638,0.6999999999999998,exponential,81,2714.0,2714.0,3.5486999,0,0.0,1.0,1.0
10000,0.7,0.3,0.0030654552087169104,2.763102111592855,0.0011094252347227794,0.6283762563096638,0.6999999999999998,exponential,82,5511.0,5511.0,2.8307998,0,0.0,1.0,1.0
10000,0.7,0.3,0.0030654552087169104,2.763102111592855,0.0011094252347227794,0.6283762563096638,0.6999999999999998,exponential,83,2568.0,2568.0,2.8992,0,0.0,1.0,1.0
10000,0.7,0.3,0.0030654552087169104,2.763102111592855,0.0011094252347227794,0.6283762563096638,0.6999999999999998,exponential,84,605.0,605.0,2.7089,0,0.0,1.0,1.0
10000,0.7,0.3,0.0030654552087169104,2.763102111592855,0.0011094252347227794,0.6283762563096638,0.6999999999999998,exponential,85,1070.0,1070.0,3.2858999,0,0.0,1.0,1.0
10000,0.7,0.3,0.0030654552087169104,2.763102111592855,0.0011094252347227794,0.6283762563096638,0.6999999999999998,exponential,86,4004.0,4004.0,2.5788,0,0.0,1.0,1.0
10000,0.7,0.3,0.0030654552087169104,2.763102111592855,0.0011094252347227794,0.6283762563096638,0.6999999999999998,exponential,87,3210.0,3210.0,3.0393,0,0.0,1.0,1.0
10000,0.7,0.3,0.0030654552087169104,2.763102111592855,0.0011094252347227794,0.6283762563096638,0.6999999999999998,exponential,88,4710.0,4710.0,3.1576,0,0.0,1.0,1.0
10000,0.7,0.3,0.0030654552087169104,2.763102111592855,0.0011094252347227794,0.6283762563096638,0.6999999999999998,exponential,89,732.0,732.0,3.6262,0,0.0,1.0,1.0
10000,0.7,0.3,0.0030654552087169104,2.763102111592855,0.0011094252347227794,0.6283762563096638,0.6999999999999998,exponential,90,1815.0,1815.0,3.0267,0,0.0,1.0,1.0
10000,0.7,0.3,0.0030654552087169104,2.763102111592855,0.0011094252347227794,0.6283762563096638,0.6999999999999998,exponential,91,7425.0,7425.0,2.7531998,0,0.0,1.0,1.0
10000,0.7,0.3,0.0030654552087169104,2.763102111592855,0.0011094252347227794,0.6283762563096638,0.6999999999999998,exponential,92,11248.0,11248.0,3.526,0,0.0,1.0,1.0
10000,0.7,0.3,0.0030654552087169104,2.763102111592855,0.0011094252347227794,0.6283762563096638,0.6999999999999998,exponential,93,2933.0,2933.0,3.0124998,0,0.0,1.0,1.0
10000,0.7,0.3,0.0030654552087169104,2.763102111592855,0.0011094252347227794,0.6283762563096638,0.6999999999999998,exponential,94,1094.0,1094.0,3.0993,0,0.0,1.0,1.0
10000,0.7,0.3,0.0030654552087169104,2.763102111592855,0.0011094252347227794,0.6283762563096638,0.6999999999999998,exponential,95,644.0,644.0,2.869,0,0.0,1.0,1.0
10000,0.7,0.3,0.0030654552087169104,2.763102111592855,0.0011094252347227794,0.6283762563096638,0.6999999999999998,exponential,96,5807.0,5807.0,3.7366998,0,0.0,1.0,1.0
10000,0.7,0.3,0.0030654552087169104,2.763102111592855,0.0011094252347227794,0.6283762563096638,0.6999999999999998,exponential,97,1041.0,1041.0,2.8744,0,0.0,1.0,1.0
10000,0.7,0.3,0.0030654552087169104,2.763102111592855,0.0011094252347227794,0.6283762563096638,0.6999999999999998,exponential,98,305.0,305.0,2.6173,0,0.0,1.0,1.0
10000,0.7,0.3,0.0030654552087169104,2.763102111592855,0.0011094252347227794,0.6283762563096638,0.6999999999999998,exponential,99,4666.0,4666.0,2.9940999,0,0.0,1.0,1.0
10000,0.7,0.3,0.0030654552087169104,2.763102111592855,0.0011094252347227794,0.6283762563096638,0.6999999999999998,exponential,100,14517.0,14517.0,2.8562,0,0.0,1.0,1.0
10000,0.7,0.3,0.0030654552087169104,2.763102111592855,0.0011094252347227794,0.6283762563096638,0.6999999999999998,exponential,101,2444.0,2444.0,2.5721998,0,0.0,1.0,1.0
10000,0.7,0.3,0.0030654552087169104,2.763102111592855,0.0011094252347227794,0.6283762563096638,0.6999999999999998,exponential,102,11274.0,11274.0,3.1076,0,0.0,1.0,1.0
10000,0.7,0.3,0.0030654552087169104,2.763102111592855,0.0011094252347227794,0.6283762563096638,0.6999999999999998,exponential,103,445.0,445.0,2.6766,0,0.0,1.0,1.0
10000,0.7,0.3,0.0030654552087169104,2.763102111592855,0.0011094252347227794,0.6283762563096638,0.6999999999999998,exponential,104,3113.0,3113.0,3.257,0,0.0,1.0,1.0
10000,0.7,0.3,0.0030654552087169104,2.763102111592855,0.0011094252347227794,0.6283762563096638,0.6999999999999998,exponential,105,2366.0,2366.0,2.8567,0,0.0,1.0,1.0
10000,0.7,0.3,0.0030654552087169104,2.763102111592855,0.0011094252347227794,0.6283762563096638,0.6999999999999998,exponential,106,6172.0,6172.0,2.6504998,0,0.0,1.0,1.0
10000,0.7,0.3,0.0030654552087169104,2.763102111592855,0.0011094252347227794,0.6283762563096638,0.6999999999999998,exponential,107,499.0,499.0,3.2201998,0,0.0,1.0,1.0
10000,0.7,0.3,0.0030654552087169104,2.763102111592855,0.0011094252347227794,0.6283762563096638,0.6999999999999998,exponential,108,1542.0,1542.0,3.3536,0,0.0,1.0,1.0
10000,0.7,0.3,0.0030654552087169104,2.763102111592855,0.0011094252347227794,0.6283762563096638,0.6999999999999998,exponential,109,1776.0,1776.0,3.2098,0,0.0,1.0,1.0
10000,0.7,0.3,0.0030654552087169104,2.763102111592855,0.0011094252347227794,0.6283762563096638,0.6999999999999998,exponential,110,2022.0,2022.0,3.2047,0,0.0,1.0,1.0
10000,0.7,0.3,0.0030654552087169104,2.763102111592855,0.0011094252347227794,0.6283762563096638,0.6999999999999998,exponential,111,1667.0,1667.0,2.3233,0,0.0,1.0,1.0
10000,0.7,0.3,0.0030654552087169104,2.763102111592855,0.0011094252347227794,0.6283762563096638,0.6999999999999998,exponential,112,6721.0,6721.0,2.57,0,0.0,1.0,1.0
10000,0.7,0.3,0.0030654552087169104,2.763102111592855,0.0011094252347227794,0.6283762563096638,0.6999999999999998,exponential,113,6692.0,6692.0,2.9224,0,0.0,1.0,1.0
10000,0.7,0.3,0.0030654552087169104,2.763102111592855,0.0011094252347227794,0.6283762563096638,0.6999999999999998,exponential,114,1797.0,1797.0,3.12,0,0.0,1.0,1.0
10000,0.7,0.3,0.0030654552087169104,2.763102111592855,0.0011094252347227794,0.6283762563096638,0.6999999999999998,exponential,115,2387.0,2387.0,3.1104,0,0.0,1.0,1.0
10000,0.7,0.3,0.0030654552087169104,2.763102111592855,0.0011094252347227794,0.6283762563096638,0.6999999999999998,exponential,116,882.0,882.0,3.2851999,0,0.0,1.0,1.0
10000,0.7,0.3,0.0030654552087169104,2.763102111592855,0.0011094252347227794,0.6283762563096638,0.6999999999999998,exponential,117,1457.0,1457.0,2.9494998,0,0.0,1.0,1.0
10000,0.7,0.3,0.0030654552087169104,2.763102111592855,0.0011094252347227794,0.6283762563096638,0.6999999999999998,exponential,118,701.0,701.0,2.922,0,0.0,1.0,1.0
10000,0.7,0.3,0.0030654552087169104,2.763102111592855,0.0011094252347227794,0.6283762563096638,0.6999999999999998,exponential,119,639.0,639.0,2.9866,0,0.0,1.0,1.0
10000,0.7,0.3,0.0030654552087169104,2.763102111592855,0.0011094252347227794,0.6283762563096638,0.6999999999999998,exponential,120,2430.0,2430.0,3.3162,0,0.0,1.0,1.0
10000,0.7,0.3,0.0030654552087169104,2.763102111592855,0.0011094252347227794,0.6283762563096638,0.6999999999999998,exponential,121,1499.0,1499.0,3.7953,0,0.0,1.0,1.0
10000,0.7,0.3,0.0030654552087169104,2.763102111592855,0.0011094252347227794,0.6283762563096638,0.6999999999999998,exponential,122,5051.0,5051.0,2.6825,0,0.0,1.0,1.0
10000,0.7,0.3,0.0030654552087169104,2.763102111592855,0.0011094252347227794,0.6283762563096638,0.6999999999999998,exponential,123,1342.0,1342.0,3.0712,0,0.0,1.0,1.0
10000,0.7,0.3,0.0030654552087169104,2.763102111592855,0.0011094252347227794,0.6283762563096638,0.6999999999999998,exponential,124,8422.0,8422.0,3.0612,0,0.0,1.0,1.0
10000,0.7,0.3,0.0030654552087169104,2.763102111592855,0.0011094252347227794,0.6283762563096638,0.6999999999999998,exponential,125,6094.0,6094.0,2.7983,0,0.0,1.0,1.0
10000,0.7,0.3,0.0030654552087169104,2.763102111592855,0.0011094252347227794,0.6283762563096638,0.6999999999999998,exponential,126,1841.0,1841.0,2.6415,0,0.0,1.0,1.0
10000,0.7,0.3,0.0030654552087169104,2.763102111592855,0.0011094252347227794,0.6283762563096638,0.6999999999999998,exponential,127,3894.0,3894.0,2.6657999,0,0.0,1.0,1.0
10000,0.7,0.3,0.0030654552087169104,2.763102111592855,0.0011094252347227794,0.6283762563096638,0.6999999999999998,exponential,128,1611.0,1611.0,3.027,0,0.0,1.0,1.0
10000,0.7,0.3,0.0030654552087169104,2.763102111592855,0.0011094252347227794,0.6283762563096638,0.6999999999999998,exponential,129,505.0,505.0,3.0881,0,0.0,1.0,1.0
10000,0.7,0.3,0.0030654552087169104,2.763102111592855,0.0011094252347227794,0.6283762563096638,0.6999999999999998,exponential,130,3512.0,3512.0,3.5112,0,0.0,1.0,1.0
10000,0.7,0.3,0.0030654552087169104,2.763102111592855,0.0011094252347227794,0.6283762563096638,0.6999999999999998,exponential,131,2235.0,2235.0,3.0479999,0,0.0,1.0,1.0
10000,0.7,0.3,0.0030654552087169104,2.763102111592855,0.0011094252347227794,0.6283762563096638,0.6999999999999998,exponential,132,216.0,216.0,2.9127998,0,0.0,1.0,1.0
10000,0.7,0.3,0.0030654552087169104,2.763102111592855,0.0011094252347227794,0.6283762563096638,0.6999999999999998,exponential,133,994.0,994.0,3.2746,0,0.0,1.0,1.0
10000,0.7,0.3,0.0030654552087169104,2.763102111592855,0.0011094252347227794,0.6283762563096638,0.6999999999999998,exponential,134,6008.0,6008.0,2.5548,0,0.0,1.0,1.0
10000,0.7,0.3,0.0030654552087169104,2.763102111592855,0.0011094252347227794,0.6283762563096638,0.6999999999999998,exponential,135,4305.0,4305.0,3.0449998,0,0.0,1.0,1.0
10000,0.7,0.3,0.0030654552087169104,2.763102111592855,0.0011094252347227794,0.6283762563096638,0.6999999999999998,exponential,136,967.0,967.0,3.3351,0,0.0,1.0,1.0
10000,0.7,0.3,0.0030654552087169104,2.763102111592855,0.0011094252347227794,0.6283762563096638,0.6999999999999998,exponential,137,721.0,721.0,2.9534,0,0.0,1.0,1.0
10000,0.7,0.3,0.0030654552087169104,2.763102111592855,0.0011094252347227794,0.6283762563096638,0.6999999999999998,exponential,138,961.0,961.0,3.0788,0,0.0,1.0,1.0
10000,0.7,0.3,0.0030654552087169104,2.763102111592855,0.0011094252347227794,0.6283762563096638,0.6999999999999998,exponential,139,588.0,588.0,2.9631,0,0.0,1.0,1.0
10000,0.7,0.3,0.0030654552087169104,2.763102111592855,0.0011094252347227794,0.6283762563096638,0.6999999999999998,exponential,140,6624.0,6624.0,3.6968,0,0.0,1.0,1.0
10000,0.7,0.3,0.0030654552087169104,2.763102111592855,0.0011094252347227794,0.6283762563096638,0.6999999999999998,exponential,141,403.0,403.0,3.2967,0,0.0,1.0,1.0
10000,0.7,0.3,0.0030654552087169104,2.763102111592855,0.0011094252347227794,0.6283762563096638,0.6999999999999998,exponential,142,2419.0,2419.0,2.898,0,0.0,1.0,1.0
10000,0.7,0.3,0.0030654552087169104,2.763102111592855,0.0011094252347227794,0.6283762563096638,0.6999999999999998,exponential,143,1197.0,1197.0,2.9596999,0,0.0,1.0,1.0
10000,0.7,0.3,0.0030654552087169104,2.763102111592855,0.0011094252347227794,0.6283762563096638,0.6999999999999998,exponential,144,276.0,276.0,2.8922,0,0.0,1.0,1.0
10000,0.7,0.3,0.0030654552087169104,2.763102111592855,0.0011094252347227794,0.6283762563096638,0.6999999999999998,exponential,145,6642.0,6642.0,3.1998,0,0.0,1.0,1.0
10000,0.7,0.3,0.0030654552087169104,2.763102111592855,0.0011094252347227794,0.6283762563096638,0.6999999999999998,exponential,146,3584.0,3584.0,3.2134,0,0.0,1.0,1.0
10000,0.7,0.3,0.0030654552087169104,2.763102111592855,0.0011094252347227794,0.6283762563096638,0.6999999999999998,exponential,147,1708.0,1708.0,3.3481,0,0.0,1.0,1.0
10000,0.7,0.3,0.0030654552087169104,2.763102111592855,0.0011094252347227794,0.6283762563096638,0.6999999999999998,exponential,148,867.0,867.0,2.7254999,0,0.0,1.0,1.0
10000,0.7,0.3,0.0030654552087169104,2.763102111592855,0.0011094252347227794,0.6283762563096638,0.6999999999999998,exponential,149,424.0,424.0,2.9255998,0,0.0,1.0,1.0
10000,0.7,0.3,0.0030654552087169104,2.763102111592855,0.0011094252347227794,0.6283762563096638,0.6999999999999998,exponential,150,9302.0,9302.0,3.8576,0,0.0,1.0,1.0
10000,0.7,0.3,0.0030654552087169104,2.763102111592855,0.0011094252347227794,0.6283762563096638,0.6999999999999998,exponential,151,1381.0,1381.0,2.9329998,0,0.0,1.0,1.0
10000,0.7,0.3,0.0030654552087169104,2.763102111592855,0.0011094252347227794,0.6283762563096638,0.6999999999999998,exponential,152,10562.0,10562.0,3.1236,0,0.0,1.0,1.0
10000,0.7,0.3,0.0030654552087169104,2.763102111592855,0.0011094252347227794,0.6283762563096638,0.6999999999999998,exponential,153,2405.0,2405.0,2.9819999,0,0.0,1.0,1.0
10000,0.7,0.3,0.0030654552087169104,2.763102111592855,0.0011094252347227794,0.6283762563096638,0.6999999999999998,exponential,154,2142.0,2142.0,3.0293999,0,0.0,1.0,1.0
10000,0.7,0.3,0.0030654552087169104,2.763102111592855,0.0011094252347227794,0.6283762563096638,0.6999999999999998,exponential,155,4907.0,4907.0,3.3042,0,0.0,1.0,1.0
10000,0.7,0.3,0.0030654552087169104,2.763102111592855,0.0011094252347227794,0.6283762563096638,0.6999999999999998,exponential,156,1767.0,1767.0,3.6229,0,0.0,1.0,1.0
10000,0.7,0.3,0.0030654552087169104,2.763102111592855,0.0011094252347227794,0.6283762563096638,0.6999999999999998,exponential,157,2646.0,2646.0,3.6517,0,0.0,1.0,1.0
10000,0.7,0.3,0.0030654552087169104,2.763102111592855,0.0011094252347227794,0.6283762563096638,0.6999999999999998,exponential,158,2972.0,2972.0,3.5051,0,0.0,1.0,1.0
10000,0.7,0.3,0.0030654552087169104,2.763102111592855,0.0011094252347227794,0.6283762563096638,0.6999999999999998,exponential,159,12640.0,12640.0,3.3453999,0,0.0,1.0,1.0
10000,0.7,0.3,0.0030654552087169104,2.763102111592855,0.0011094252347227794,0.6283762563096638,0.6999999999999998,exponential,160,4037.0,4037.0,3.3695998,0,0.0,1.0,1.0
10000,0.7,0.3,0.0030654552087169104,2.763102111592855,0.0011094252347227794,0.6283762563096638,0.6999999999999998,exponential,161,858.0,858.0,3.3953998,0,0.0,1.0,1.0
10000,0.7,0.3,0.0030654552087169104,2.763102111592855,0.0011094252347227794,0.6283762563096638,0.6999999999999998,exponential,162,5674.0,5674.0,3.4204998,0,0.0,1.0,1.0
10000,0.7,0.3,0.0030654552087169104,2.763102111592855,0.0011094252347227794,0.6283762563096638,0.6999999999999998,exponential,163,2575.0,2575.0,3.0871,0,0.0,1.0,1.0
10000,0.7,0.3,0.0030654552087169104,2.763102111592855,0.0011094252347227794,0.6283762563096638,0.6999999999999998,exponential,164,2928.0,2928.0,2.9218,0,0.0,1.0,1.0
10000,0.7,0.3,0.0030654552087169104,2.763102111592855,0.0011094252347227794,0.6283762563096638,0.6999999999999998,exponential,165,1364.0,1364.0,3.1408,0,0.0,1.0,1.0
10000,0.7,0.3,0.0030654552087169104,2.763102111592855,0.0011094252347227794,0.6283762563096638,0.6999999999999998,exponential,166,2624.0,2624.0,3.3355,0,0.0,1.0,1.0
10000,0.7,0.3,0.0030654552087169104,2.763102111592855,0.0011094252347227794,0.6283762563096638,0.6999999999999998,exponential,167,660.0,660.0,3.1341,0,0.0,1.0,1.0
10000,0.7,0.3,0.0030654552087169104,2.763102111592855,0.0011094252347227794,0.6283762563096638,0.6999999999999998,exponential,168,1583.0,1583.0,2.8079998,0,0.0,1.0,1.0
10000,0.7,0.3,0.0030654552087169104,2.763102111592855,0.0011094252347227794,0.6283762563096638,0.6999999999999998,exponential,169,269.0,269.0,2.77,0,0.0,1.0,1.0
10000,0.7,0.3,0.0030654552087169104,2.763102111592855,0.0011094252347227794,0.6283762563096638,0.6999999999999998,exponential,170,693.0,693.0,2.9363,0,0.0,1.0,1.0
10000,0.7,0.3,0.0030654552087169104,2.763102111592855,0.0011094252347227794,0.6283762563096638,0.6999999999999998,exponential,171,5838.0,5838.0,2.9424999,0,0.0,1.0,1.0
10000,0.7,0.3,0.0030654552087169104,2.763102111592855,0.0011094252347227794,0.6283762563096638,0.6999999999999998,exponential,172,657.0,657.0,2.4684,0,0.0,1.0,1.0
10000,0.7,0.3,0.0030654552087169104,2.763102111592855,0.0011094252347227794,0.6283762563096638,0.6999999999999998,exponential,173,1770.0,1770.0,3.0686,0,0.0,1.0,1.0
10000,0.7,0.3,0.0030654552087169104,2.763102111592855,0.0011094252347227794,0.6283762563096638,0.6999999999999998,exponential,174,2078.0,2078.0,3.1348999,0,0.0,1.0,1.0
10000,0.7,0.3,0.0030654552087169104,2.763102111592855,0.0011094252347227794,0.6283762563096638,0.6999999999999998,exponential,175,3481.0,3481.0,2.562,0,0.0,1.0,1.0
10000,0.7,0.3,0.0030654552087169104,2.763102111592855,0.0011094252347227794,0.6283762563096638,0.6999999999999998,exponential,176,510.0,510.0,3.1792,0,0.0,1.0,1.0
10000,0.7,0.3,0.0030654552087169104,2.763102111592855,0.0011094252347227794,0.6283762563096638,0.6999999999999998,exponential,177,2902.0,2902.0,3.0184,0,0.0,1.0,1.0
10000,0.7,0.3,0.0030654552087169104,2.763102111592855,0.0011094252347227794,0.6283762563096638,0.6999999999999998,exponential,178,3817.0,3817.0,3.2203,0,0.0,1.0,1.0
10000,0.7,0.3,0.0030654552087169104,2.763102111592855,0.0011094252347227794,0.6283762563096638,0.6999999999999998,exponential,179,739.0,739.0,2.7561998,0,0.0,1.0,1.0
10000,0.7,0.3,0.0030654552087169104,2.763102111592855,0.0011094252347227794,0.6283762563096638,0.6999999999999998,exponential,180,5210.0,5210.0,3.5885,0,0.0,1.0,1.0
10000,0.7,0.3,0.0030654552087169104,2.763102111592855,0.0011094252347227794,0.6283762563096638,0.6999999999999998,exponential,181,3933.0,3933.0,2.7366,0,0.0,1.0,1.0
10000,0.7,0.3,0.0030654552087169104,2.763102111592855,0.0011094252347227794,0.6283762563096638,0.6999999999999998,exponential,182,5130.0,5130.0,3.2034,0,0.0,1.0,1.0
10000,0.7,0.3,0.0030654552087169104,2.763102111592855,0.0011094252347227794,0.6283762563096638,0.6999999999999998,exponential,183,258.0,258.0,3.1573,0,0.0,1.0,1.0
10000,0.7,0.3,0.0030654552087169104,2.763102111592855,0.0011094252347227794,0.6283762563096638,0.6999999999999998,exponential,184,2513.0,2513.0,2.8302999,0,0.0,1.0,1.0
10000,0.7,0.3,0.0030654552087169104,2.763102111592855,0.0011094252347227794,0.6283762563096638,0.6999999999999998,exponential,185,3217.0,3217.0,3.1638,0,0.0,1.0,1.0
10000,0.7,0.3,0.0030654552087169104,2.763102111592855,0.0011094252347227794,0.6283762563096638,0.6999999999999998,exponential,186,423.0,423.0,3.1699,0,0.0,1.0,1.0
10000,0.7,0.3,0.0030654552087169104,2.763102111592855,0.0011094252347227794,0.6283762563096638,0.6999999999999998,exponential,187,7114.0,7114.0,3.5059,0,0.0,1.0,1.0
10000,0.7,0.3,0.0030654552087169104,2.763102111592855,0.0011094252347227794,0.6283762563096638,0.6999999999999998,exponential,188,1621.0,1621.0,2.7898,0,0.0,1.0,1.0
10000,0.7,0.3,0.0030654552087169104,2.763102111592855,0.0011094252347227794,0.6283762563096638,0.6999999999999998,exponential,189,4723.0,4723.0,2.6351,0,0.0,1.0,1.0
10000,0.7,0.3,0.0030654552087169104,2.763102111592855,0.0011094252347227794,0.6283762563096638,0.6999999999999998,exponential,190,1703.0,1703.0,3.092,0,0.0,1.0,1.0
10000,0.7,0.3,0.0030654552087169104,2.763102111592855,0.0011094252347227794,0.6283762563096638,0.6999999999999998,exponential,191,2200.0,2200.0,2.6048,0,0.0,1.0,1.0
10000,0.7,0.3,0.0030654552087169104,2.763102111592855,0.0011094252347227794,0.6283762563096638,0.6999999999999998,exponential,192,662.0,662.0,3.0277,0,0.0,1.0,1.0
10000,0.7,0.3,0.0030654552087169104,2.763102111592855,0.0011094252347227794,0.6283762563096638,0.6999999999999998,exponential,193,1133.0,1133.0,3.1949,0,0.0,1.0,1.0
10000,0.7,0.3,0.0030654552087169104,2.763102111592855,0.0011094252347227794,0.6283762563096638,0.6999999999999998,exponential,194,841.0,841.0,3.1906998,0,0.0,1.0,1.0
10000,0.7,0.3,0.0030654552087169104,2.763102111592855,0.0011094252347227794,0.6283762563096638,0.6999999999999998,exponential,195,1030.0,1030.0,2.9724,0,0.0,1.0,1.0
10000,0.7,0.3,0.0030654552087169104,2.763102111592855,0.0011094252347227794,0.6283762563096638,0.6999999999999998,exponential,196,517.0,517.0,2.7510998,0,0.0,1.0,1.0
10000,0.7,0.3,0.0030654552087169104,2.763102111592855,0.0011094252347227794,0.6283762563096638,0.6999999999999998,exponential,197,5172.0,5172.0,3.0140998,0,0.0,1.0,1.0
10000,0.7,0.3,0.0030654552087169104,2.763102111592855,0.0011094252347227794,0.6283762563096638,0.6999999999999998,exponential,198,7038.0,7038.0,3.741,0,0.0,1.0,1.0
10000,0.7,0.3,0.0030654552087169104,2.763102111592855,0.0011094252347227794,0.6283762563096638,0.6999999999999998,exponential,199,404.0,404.0,3.2645998,0,0.0,1.0,1.0
10000,0.7,0.3,0.0030654552087169104,2.763102111592855,0.0011094252347227794,0.6283762563096638,0.6999999999999998,exponential,200,5498.0,5498.0,3.4301999,0,0.0,1.0,1.0
10000,0.7,0.3,0.0030654552087169104,2.763102111592855,0.0011094252347227794,0.6283762563096638,0.6999999999999998,exponential,201,1938.0,1938.0,3.2333,0,0.0,1.0,1.0
10000,0.7,0.3,0.0030654552087169104,2.763102111592855,0.0011094252347227794,0.6283762563096638,0.6999999999999998,exponential,202,1381.0,1381.0,3.1062,0,0.0,1.0,1.0
10000,0.7,0.3,0.0030654552087169104,2.763102111592855,0.0011094252347227794,0.6283762563096638,0.6999999999999998,exponential,203,1782.0,1782.0,2.6914,0,0.0,1.0,1.0
10000,0.7,0.3,0.0030654552087169104,2.763102111592855,0.0011094252347227794,0.6283762563096638,0.6999999999999998,exponential,204,1669.0,1669.0,3.1274,0,0.0,1.0,1.0
10000,0.7,0.3,0.0030654552087169104,2.763102111592855,0.0011094252347227794,0.6283762563096638,0.6999999999999998,exponential,205,583.0,583.0,2.8462,0,0.0,1.0,1.0
10000,0.7,0.3,0.0030654552087169104,2.763102111592855,0.0011094252347227794,0.6283762563096638,0.6999999999999998,exponential,206,9976.0,9976.0,3.1220999,0,0.0,1.0,1.0
10000,0.7,0.3,0.0030654552087169104,2.763102111592855,0.0011094252347227794,0.6283762563096638,0.6999999999999998,exponential,207,3662.0,3662.0,2.9239,0,0.0,1.0,1.0
10000,0.7,0.3,0.0030654552087169104,2.763102111592855,0.0011094252347227794,0.6283762563096638,0.6999999999999998,exponential,208,1309.0,1309.0,3.1984,0,0.0,1.0,1.0
10000,0.7,0.3,0.0030654552087169104,2.763102111592855,0.0011094252347227794,0.6283762563096638,0.6999999999999998,exponential,209,3667.0,3667.0,2.6125998,0,0.0,1.0,1.0
10000,0.7,0.3,0.0030654552087169104,2.763102111592855,0.0011094252347227794,0.6283762563096638,0.6999999999999998,exponential,210,2214.0,2214.0,3.037,0,0.0,1.0,1.0
10000,0.7,0.3,0.0030654552087169104,2.763102111592855,0.0011094252347227794,0.6283762563096638,0.6999999999999998,exponential,211,7853.0,7853.0,2.8321,0,0.0,1.0,1.0
10000,0.7,0.3,0.0030654552087169104,2.763102111592855,0.0011094252347227794,0.6283762563096638,0.6999999999999998,exponential,212,824.0,824.0,2.636,0,0.0,1.0,1.0
10000,0.7,0.3,0.0030654552087169104,2.763102111592855,0.0011094252347227794,0.6283762563096638,0.6999999999999998,exponential,213,8186.0,8186.0,2.8209999,0,0.0,1.0,1.0
10000,0.7,0.3,0.0030654552087169104,2.763102111592855,0.0011094252347227794,0.6283762563096638,0.6999999999999998,exponential,214,472.0,472.0,2.849,0,0.0,1.0,1.0
10000,0.7,0.3,0.0030654552087169104,2.763102111592855,0.0011094252347227794,0.6283762563096638,0.6999999999999998,exponential,215,1309.0,1309.0,3.3128,0,0.0,1.0,1.0
10000,0.7,0.3,0.0030654552087169104,2.763102111592855,0.0011094252347227794,0.6283762563096638,0.6999999999999998,exponential,216,1464.0,1464.0,3.5965998,0,0.0,1.0,1.0
10000,0.7,0.3,0.0030654552087169104,2.763102111592855,0.0011094252347227794,0.6283762563096638,0.6999999999999998,exponential,217,5296.0,5296.0,3.135,0,0.0,1.0,1.0
10000,0.7,0.3,0.0030654552087169104,2.763102111592855,0.0011094252347227794,0.6283762563096638,0.6999999999999998,exponential,218,1332.0,1332.0,3.3583,0,0.0,1.0,1.0
10000,0.7,0.3,0.0030654552087169104,2.763102111592855,0.0011094252347227794,0.6283762563096638,0.6999999999999998,exponential,219,840.0,840.0,2.954,0,0.0,1.0,1.0
10000,0.7,0.3,0.0030654552087169104,2.763102111592855,0.0011094252347227794,0.6283762563096638,0.6999999999999998,exponential,220,3821.0,3821.0,3.1378,0,0.0,1.0,1.0
10000,0.7,0.3,0.0030654552087169104,2.763102111592855,0.0011094252347227794,0.6283762563096638,0.6999999999999998,exponential,221,2924.0,2924.0,3.3946998,0,0.0,1.0,1.0
10000,0.7,0.3,0.0030654552087169104,2.763102111592855,0.0011094252347227794,0.6283762563096638,0.6999999999999998,exponential,222,8608.0,8608.0,2.8644,0,0.0,1.0,1.0
10000,0.7,0.3,0.0030654552087169104,2.763102111592855,0.0011094252347227794,0.6283762563096638,0.6999999999999998,exponential,223,1677.0,1677.0,2.8211,0,0.0,1.0,1.0
10000,0.7,0.3,0.0030654552087169104,2.763102111592855,0.0011094252347227794,0.6283762563096638,0.6999999999999998,exponential,224,3434.0,3434.0,3.4136,0,0.0,1.0,1.0
10000,0.7,0.3,0.0030654552087169104,2.763102111592855,0.0011094252347227794,0.6283762563096638,0.6999999999999998,exponential,225,5825.0,5825.0,3.5203,0,0.0,1.0,1.0
10000,0.7,0.3,0.0030654552087169104,2.763102111592855,0.0011094252347227794,0.6283762563096638,0.6999999999999998,exponential,226,1321.0,1321.0,2.6441,0,0.0,1.0,1.0
10000,0.7,0.3,0.0030654552087169104,2.763102111592855,0.0011094252347227794,0.6283762563096638,0.6999999999999998,exponential,227,2554.0,2554.0,3.1971,0,0.0,1.0,1.0
10000,0.7,0.3,0.0030654552087169104,2.763102111592855,0.0011094252347227794,0.6283762563096638,0.6999999999999998,exponential,228,5622.0,5622.0,3.6673,0,0.0,1.0,1.0
10000,0.7,0.3,0.0030654552087169104,2.763102111592855,0.0011094252347227794,0.6283762563096638,0.6999999999999998,exponential,229,2034.0,2034.0,3.1439998,0,0.0,1.0,1.0
10000,0.7,0.3,0.0030654552087169104,2.763102111592855,0.0011094252347227794,0.6283762563096638,0.6999999999999998,exponential,230,2219.0,2219.0,2.8055,0,0.0,1.0,1.0
10000,0.7,0.3,0.0030654552087169104,2.763102111592855,0.0011094252347227794,0.6283762563096638,0.6999999999999998,exponential,231,3758.0,3758.0,3.1344,0,0.0,1.0,1.0
10000,0.7,0.3,0.0030654552087169104,2.763102111592855,0.0011094252347227794,0.6283762563096638,0.6999999999999998,exponential,232,1997.0,1997.0,3.3446,0,0.0,1.0,1.0
10000,0.7,0.3,0.0030654552087169104,2.763102111592855,0.0011094252347227794,0.6283762563096638,0.6999999999999998,exponential,233,404.0,404.0,3.1525,0,0.0,1.0,1.0
10000,0.7,0.3,0.0030654552087169104,2.763102111592855,0.0011094252347227794,0.6283762563096638,0.6999999999999998,exponential,234,635.0,635.0,3.2286,0,0.0,1.0,1.0
10000,0.7,0.3,0.0030654552087169104,2.763102111592855,0.0011094252347227794,0.6283762563096638,0.6999999999999998,exponential,235,489.0,489.0,3.0965,0,0.0,1.0,1.0
10000,0.7,0.3,0.0030654552087169104,2.763102111592855,0.0011094252347227794,0.6283762563096638,0.6999999999999998,exponential,236,898.0,898.0,3.1239998,0,0.0,1.0,1.0
10000,0.7,0.3,0.0030654552087169104,2.763102111592855,0.0011094252347227794,0.6283762563096638,0.6999999999999998,exponential,237,1086.0,1086.0,4.0288997,0,0.0,1.0,1.0
10000,0.7,0.3,0.0030654552087169104,2.763102111592855,0.0011094252347227794,0.6283762563096638,0.6999999999999998,exponential,238,2399.0,2399.0,3.6121,0,0.0,1.0,1.0
10000,0.7,0.3,0.0030654552087169104,2.763102111592855,0.0011094252347227794,0.6283762563096638,0.6999999999999998,exponential,239,1363.0,1363.0,3.2628999,0,0.0,1.0,1.0
10000,0.7,0.3,0.0030654552087169104,2.763102111592855,0.0011094252347227794,0.6283762563096638,0.6999999999999998,exponential,240,1133.0,1133.0,2.8595998,0,0.0,1.0,1.0
10000,0.7,0.3,0.0030654552087169104,2.763102111592855,0.0011094252347227794,0.6283762563096638,0.6999999999999998,exponential,241,1223.0,1223.0,3.3418,0,0.0,1.0,1.0
10000,0.7,0.3,0.0030654552087169104,2.763102111592855,0.0011094252347227794,0.6283762563096638,0.6999999999999998,exponential,242,2489.0,2489.0,3.3023999,0,0.0,1.0,1.0
10000,0.7,0.3,0.0030654552087169104,2.763102111592855,0.0011094252347227794,0.6283762563096638,0.6999999999999998,exponential,243,1269.0,1269.0,2.7354,0,0.0,1.0,1.0
10000,0.7,0.3,0.0030654552087169104,2.763102111592855,0.0011094252347227794,0.6283762563096638,0.6999999999999998,exponential,244,2488.0,2488.0,2.9443,0,0.0,1.0,1.0
10000,0.7,0.3,0.0030654552087169104,2.763102111592855,0.0011094252347227794,0.6283762563096638,0.6999999999999998,exponential,245,9328.0,9328.0,2.8169,0,0.0,1.0,1.0
10000,0.7,0.3,0.0030654552087169104,2.763102111592855,0.0011094252347227794,0.6283762563096638,0.6999999999999998,exponential,246,1991.0,1991.0,2.9858,0,0.0,1.0,1.0
10000,0.7,0.3,0.0030654552087169104,2.763102111592855,0.0011094252347227794,0.6283762563096638,0.6999999999999998,exponential,247,692.0,692.0,3.2868,0,0.0,1.0,1.0
10000,0.7,0.3,0.0030654552087169104,2.763102111592855,0.0011094252347227794,0.6283762563096638,0.6999999999999998,exponential,248,2466.0,2466.0,2.8583,0,0.0,1.0,1.0
10000,0.7,0.3,0.0030654552087169104,2.763102111592855,0.0011094252347227794,0.6283762563096638,0.6999999999999998,exponential,249,1591.0,1591.0,3.4057,0,0.0,1.0,1.0
10000,0.7,0.3,0.0030654552087169104,2.763102111592855,0.0011094252347227794,0.6283762563096638,0.6999999999999998,exponential,250,1158.0,1158.0,3.5087,0,0.0,1.0,1.0
10000,0.7,0.3,0.0030654552087169104,2.763102111592855,0.0011094252347227794,0.6283762563096638,0.6999999999999998,exponential,251,958.0,958.0,3.3053,0,0.0,1.0,1.0
10000,0.7,0.3,0.0030654552087169104,2.763102111592855,0.0011094252347227794,0.6283762563096638,0.6999999999999998,exponential,252,532.0,532.0,2.916,0,0.0,1.0,1.0
10000,0.7,0.3,0.0030654552087169104,2.763102111592855,0.0011094252347227794,0.6283762563096638,0.6999999999999998,exponential,253,2001.0,2001.0,2.4908,0,0.0,1.0,1.0
10000,0.7,0.3,0.0030654552087169104,2.763102111592855,0.0011094252347227794,0.6283762563096638,0.6999999999999998,exponential,254,1564.0,1564.0,3.2558,0,0.0,1.0,1.0
10000,0.7,0.3,0.0030654552087169104,2.763102111592855,0.0011094252347227794,0.6283762563096638,0.6999999999999998,exponential,255,6710.0,6710.0,2.8234,0,0.0,1.0,1.0
10000,0.7,0.3,0.0030654552087169104,2.763102111592855,0.0011094252347227794,0.6283762563096638,0.6999999999999998,exponential,256,1307.0,1307.0,3.0407,0,0.0,1.0,1.0
10000,0.7,0.3,0.0030654552087169104,2.763102111592855,0.0011094252347227794,0.6283762563096638,0.6999999999999998,exponential,257,5839.0,5839.0,3.6423,0,0.0,1.0,1.0
10000,0.7,0.3,0.0030654552087169104,2.763102111592855,0.0011094252347227794,0.6283762563096638,0.6999999999999998,exponential,258,14510.0,14510.0,3.2024999,0,0.0,1.0,1.0
10000,0.7,0.3,0.0030654552087169104,2.763102111592855,0.0011094252347227794,0.6283762563096638,0.6999999999999998,exponential,259,7397.0,7397.0,3.3613,0,0.0,1.0,1.0
10000,0.7,0.3,0.0030654552087169104,2.763102111592855,0.0011094252347227794,0.6283762563096638,0.6999999999999998,exponential,260,1001.0,1001.0,3.7828999,0,0.0,1.0,1.0
10000,0.7,0.3,0.0030654552087169104,2.763102111592855,0.0011094252347227794,0.6283762563096638,0.6999999999999998,exponential,261,1017.0,1017.0,2.8242,0,0.0,1.0,1.0
10000,0.7,0.3,0.0030654552087169104,2.763102111592855,0.0011094252347227794,0.6283762563096638,0.6999999999999998,exponential,262,972.0,972.0,2.7172,0,0.0,1.0,1.0
10000,0.7,0.3,0.0030654552087169104,2.763102111592855,0.0011094252347227794,0.6283762563096638,0.6999999999999998,exponential,263,818.0,818.0,3.3739,0,0.0,1.0,1.0
10000,0.7,0.3,0.0030654552087169104,2.763102111592855,0.0011094252347227794,0.6283762563096638,0.6999999999999998,exponential,264,7708.0,7708.0,3.0314,0,0.0,1.0,1.0
10000,0.7,0.3,0.0030654552087169104,2.763102111592855,0.0011094252347227794,0.6283762563096638,0.6999999999999998,exponential,265,3112.0,3112.0,2.9489,0,0.0,1.0,1.0
10000,0.7,0.3,0.0030654552087169104,2.763102111592855,0.0011094252347227794,0.6283762563096638,0.6999999999999998,exponential,266,379.0,379.0,2.5816998,0,0.0,1.0,1.0
10000,0.7,0.3,0.0030654552087169104,2.763102111592855,0.0011094252347227794,0.6283762563096638,0.6999999999999998,exponential,267,2415.0,2415.0,2.8537998,0,0.0,1.0,1.0
10000,0.7,0.3,0.0030654552087169104,2.763102111592855,0.0011094252347227794,0.6283762563096638,0.6999999999999998,exponential,268,3076.0,3076.0,2.9810998,0,0.0,1.0,1.0
10000,0.7,0.3,0.0030654552087169104,2.763102111592855,0.0011094252347227794,0.6283762563096638,0.6999999999999998,exponential,269,2918.0,2918.0,2.9496,0,0.0,1.0,1.0
10000,0.7,0.3,0.0030654552087169104,2.763102111592855,0.0011094252347227794,0.6283762563096638,0.6999999999999998,exponential,270,1550.0,1550.0,3.7426,0,0.0,1.0,1.0
10000,0.7,0.3,0.0030654552087169104,2.763102111592855,0.0011094252347227794,0.6283762563096638,0.6999999999999998,exponential,271,1732.0,1732.0,3.4034998,0,0.0,1.0,1.0
10000,0.7,0.3,0.0030654552087169104,2.763102111592855,0.0011094252347227794,0.6283762563096638,0.6999999999999998,exponential,272,6483.0,6483.0,3.12,0,0.0,1.0,1.0
10000,0.7,0.3,0.0030654552087169104,2.763102111592855,0.0011094252347227794,0.6283762563096638,0.6999999999999998,exponential,273,2525.0,2525.0,3.3428,0,0.0,1.0,1.0
10000,0.7,0.3,0.0030654552087169104,2.763102111592855,0.0011094252347227794,0.6283762563096638,0.6999999999999998,exponential,274,4598.0,4598.0,3.5072,0,0.0,1.0,1.0
10000,0.7,0.3,0.0030654552087169104,2.763102111592855,0.0011094252347227794,0.6283762563096638,0.6999999999999998,exponential,275,739.0,739.0,3.0944998,0,0.0,1.0,1.0
10000,0.7,0.3,0.0030654552087169104,2.763102111592855,0.0011094252347227794,0.6283762563096638,0.6999999999999998,exponential,276,3873.0,3873.0,3.7291,0,0.0,1.0,1.0
10000,0.7,0.3,0.0030654552087169104,2.763102111592855,0.0011094252347227794,0.6283762563096638,0.6999999999999998,exponential,277,2501.0,2501.0,2.9799,0,0.0,1.0,1.0
10000,0.7,0.3,0.0030654552087169104,2.763102111592855,0.0011094252347227794,0.6283762563096638,0.6999999999999998,exponential,278,758.0,758.0,3.0765,0,0.0,1.0,1.0
10000,0.7,0.3,0.0030654552087169104,2.763102111592855,0.0011094252347227794,0.6283762563096638,0.6999999999999998,exponential,279,590.0,590.0,2.6569,0,0.0,1.0,1.0
10000,0.7,0.3,0.0030654552087169104,2.763102111592855,0.0011094252347227794,0.6283762563096638,0.6999999999999998,exponential,280,8626.0,8626.0,3.5423,0,0.0,1.0,1.0
10000,0.7,0.3,0.0030654552087169104,2.763102111592855,0.0011094252347227794,0.6283762563096638,0.6999999999999998,exponential,281,995.0,995.0,3.0254,0,0.0,1.0,1.0
10000,0.7,0.3,0.0030654552087169104,2.763102111592855,0.0011094252347227794,0.6283762563096638,0.6999999999999998,exponential,282,4114.0,4114.0,3.2868998,0,0.0,1.0,1.0
10000,0.7,0.3,0.0030654552087169104,2.763102111592855,0.0011094252347227794,0.6283762563096638,0.6999999999999998,exponential,283,2876.0,2876.0,2.7865999,0,0.0,1.0,1.0
10000,0.7,0.3,0.0030654552087169104,2.763102111592855,0.0011094252347227794,0.6283762563096638,0.6999999999999998,exponential,284,2142.0,2142.0,3.0054998,0,0.0,1.0,1.0
10000,0.7,0.3,0.0030654552087169104,2.763102111592855,0.0011094252347227794,0.6283762563096638,0.6999999999999998,exponential,285,1707.0,1707.0,3.6183,0,0.0,1.0,1.0
10000,0.7,0.3,0.0030654552087169104,2.763102111592855,0.0011094252347227794,0.6283762563096638,0.6999999999999998,exponential,286,6662.0,6662.0,3.389,0,0.0,1.0,1.0
10000,0.7,0.3,0.0030654552087169104,2.763102111592855,0.0011094252347227794,0.6283762563096638,0.6999999999999998,exponential,287,3415.0,3415.0,2.4294,0,0.0,1.0,1.0
10000,0.7,0.3,0.0030654552087169104,2.763102111592855,0.0011094252347227794,0.6283762563096638,0.6999999999999998,exponential,288,13198.0,13198.0,3.3955,0,0.0,1.0,1.0
10000,0.7,0.3,0.0030654552087169104,2.763102111592855,0.0011094252347227794,0.6283762563096638,0.6999999999999998,exponential,289,4290.0,4290.0,2.8479998,0,0.0,1.0,1.0
10000,0.7,0.3,0.0030654552087169104,2.763102111592855,0.0011094252347227794,0.6283762563096638,0.6999999999999998,exponential,290,5565.0,5565.0,3.1539998,0,0.0,1.0,1.0
10000,0.7,0.3,0.0030654552087169104,2.763102111592855,0.0011094252347227794,0.6283762563096638,0.6999999999999998,exponential,291,3227.0,3227.0,2.9701,0,0.0,1.0,1.0
10000,0.7,0.3,0.0030654552087169104,2.763102111592855,0.0011094252347227794,0.6283762563096638,0.6999999999999998,exponential,292,4391.0,4391.0,2.8543,0,0.0,1.0,1.0
10000,0.7,0.3,0.0030654552087169104,2.763102111592855,0.0011094252347227794,0.6283762563096638,0.6999999999999998,exponential,293,6931.0,6931.0,3.7686,0,0.0,1.0,1.0
10000,0.7,0.3,0.0030654552087169104,2.763102111592855,0.0011094252347227794,0.6283762563096638,0.6999999999999998,exponential,294,2587.0,2587.0,3.0444,0,0.0,1.0,1.0
10000,0.7,0.3,0.0030654552087169104,2.763102111592855,0.0011094252347227794,0.6283762563096638,0.6999999999999998,exponential,295,3803.0,3803.0,3.6039,0,0.0,1.0,1.0
10000,0.7,0.3,0.0030654552087169104,2.763102111592855,0.0011094252347227794,0.6283762563096638,0.6999999999999998,exponential,296,2199.0,2199.0,3.0809999,0,0.0,1.0,1.0
10000,0.7,0.3,0.0030654552087169104,2.763102111592855,0.0011094252347227794,0.6283762563096638,0.6999999999999998,exponential,297,2111.0,2111.0,3.6160998,0,0.0,1.0,1.0
10000,0.7,0.3,0.0030654552087169104,2.763102111592855,0.0011094252347227794,0.6283762563096638,0.6999999999999998,exponential,298,2750.0,2750.0,2.7366,0,0.0,1.0,1.0
10000,0.7,0.3,0.0030654552087169104,2.763102111592855,0.0011094252347227794,0.6283762563096638,0.6999999999999998,exponential,299,2629.0,2629.0,2.9452,0,0.0,1.0,1.0
10000,0.7,0.3,0.0030654552087169104,2.763102111592855,0.0011094252347227794,0.6283762563096638,0.6999999999999998,exponential,300,304.0,304.0,2.6796,0,0.0,1.0,1.0
10000,0.7,0.3,0.0030654552087169104,2.763102111592855,0.0011094252347227794,0.6283762563096638,0.6999999999999998,exponential,301,428.0,428.0,3.214,0,0.0,1.0,1.0
10000,0.7,0.3,0.0030654552087169104,2.763102111592855,0.0011094252347227794,0.6283762563096638,0.6999999999999998,exponential,302,1753.0,1753.0,3.1344,0,0.0,1.0,1.0
10000,0.7,0.3,0.0030654552087169104,2.763102111592855,0.0011094252347227794,0.6283762563096638,0.6999999999999998,exponential,303,222.0,222.0,2.8825998,0,0.0,1.0,1.0
10000,0.7,0.3,0.0030654552087169104,2.763102111592855,0.0011094252347227794,0.6283762563096638,0.6999999999999998,exponential,304,392.0,392.0,2.5942,0,0.0,1.0,1.0
10000,0.7,0.3,0.0030654552087169104,2.763102111592855,0.0011094252347227794,0.6283762563096638,0.6999999999999998,exponential,305,5413.0,5413.0,2.7491,0,0.0,1.0,1.0
10000,0.7,0.3,0.0030654552087169104,2.763102111592855,0.0011094252347227794,0.6283762563096638,0.6999999999999998,exponential,306,2698.0,2698.0,2.5863,0,0.0,1.0,1.0
10000,0.7,0.3,0.0030654552087169104,2.763102111592855,0.0011094252347227794,0.6283762563096638,0.6999999999999998,exponential,307,4126.0,4126.0,3.313,0,0.0,1.0,1.0
10000,0.7,0.3,0.0030654552087169104,2.763102111592855,0.0011094252347227794,0.6283762563096638,0.6999999999999998,exponential,308,690.0,690.0,2.8608,0,0.0,1.0,1.0
10000,0.7,0.3,0.0030654552087169104,2.763102111592855,0.0011094252347227794,0.6283762563096638,0.6999999999999998,exponential,309,620.0,620.0,3.1329,0,0.0,1.0,1.0
10000,0.7,0.3,0.0030654552087169104,2.763102111592855,0.0011094252347227794,0.6283762563096638,0.6999999999999998,exponential,310,4522.0,4522.0,2.9219,0,0.0,1.0,1.0
10000,0.7,0.3,0.0030654552087169104,2.763102111592855,0.0011094252347227794,0.6283762563096638,0.6999999999999998,exponential,311,4813.0,4813.0,2.6081,0,0.0,1.0,1.0
10000,0.7,0.3,0.0030654552087169104,2.763102111592855,0.0011094252347227794,0.6283762563096638,0.6999999999999998,exponential,312,4397.0,4397.0,3.3823998,0,0.0,1.0,1.0
10000,0.7,0.3,0.0030654552087169104,2.763102111592855,0.0011094252347227794,0.6283762563096638,0.6999999999999998,exponential,313,663.0,663.0,3.3444,0,0.0,1.0,1.0
10000,0.7,0.3,0.0030654552087169104,2.763102111592855,0.0011094252347227794,0.6283762563096638,0.6999999999999998,exponential,314,2838.0,2838.0,2.6720998,0,0.0,1.0,1.0
10000,0.7,0.3,0.0030654552087169104,2.763102111592855,0.0011094252347227794,0.6283762563096638,0.6999999999999998,exponential,315,1366.0,1366.0,3.3069,0,0.0,1.0,1.0
10000,0.7,0.3,0.0030654552087169104,2.763102111592855,0.0011094252347227794,0.6283762563096638,0.6999999999999998,exponential,316,891.0,891.0,3.3155,0,0.0,1.0,1.0
10000,0.7,0.3,0.0030654552087169104,2.763102111592855,0.0011094252347227794,0.6283762563096638,0.6999999999999998,exponential,317,1207.0,1207.0,3.3019,0,0.0,1.0,1.0
10000,0.7,0.3,0.0030654552087169104,2.763102111592855,0.0011094252347227794,0.6283762563096638,0.6999999999999998,exponential,318,542.0,542.0,3.4185,0,0.0,1.0,1.0
10000,0.7,0.3,0.0030654552087169104,2.763102111592855,0.0011094252347227794,0.6283762563096638,0.6999999999999998,exponential,319,1684.0,1684.0,3.6746,0,0.0,1.0,1.0
10000,0.7,0.3,0.0030654552087169104,2.763102111592855,0.0011094252347227794,0.6283762563096638,0.6999999999999998,exponential,320,521.0,521.0,3.0453,0,0.0,1.0,1.0
10000,0.7,0.3,0.0030654552087169104,2.763102111592855,0.0011094252347227794,0.6283762563096638,0.6999999999999998,exponential,321,929.0,929.0,3.3848,0,0.0,1.0,1.0
10000,0.7,0.3,0.0030654552087169104,2.763102111592855,0.0011094252347227794,0.6283762563096638,0.6999999999999998,exponential,322,572.0,572.0,2.6181,0,0.0,1.0,1.0
10000,0.7,0.3,0.0030654552087169104,2.763102111592855,0.0011094252347227794,0.6283762563096638,0.6999999999999998,exponential,323,5829.0,5829.0,3.3116,0,0.0,1.0,1.0
10000,0.7,0.3,0.0030654552087169104,2.763102111592855,0.0011094252347227794,0.6283762563096638,0.6999999999999998,exponential,324,3470.0,3470.0,2.7466,0,0.0,1.0,1.0
10000,0.7,0.3,0.0030654552087169104,2.763102111592855,0.0011094252347227794,0.6283762563096638,0.6999999999999998,exponential,325,11060.0,11060.0,2.8371,0,0.0,1.0,1.0
10000,0.7,0.3,0.0030654552087169104,2.763102111592855,0.0011094252347227794,0.6283762563096638,0.6999999999999998,exponential,326,2661.0,2661.0,3.0867,0,0.0,1.0,1.0
10000,0.7,0.3,0.0030654552087169104,2.763102111592855,0.0011094252347227794,0.6283762563096638,0.6999999999999998,exponential,327,3485.0,3485.0,2.5147998,0,0.0,1.0,1.0
10000,0.7,0.3,0.0030654552087169104,2.763102111592855,0.0011094252347227794,0.6283762563096638,0.6999999999999998,exponential,328,6950.0,6950.0,3.1866999,0,0.0,1.0,1.0
10000,0.7,0.3,0.0030654552087169104,2.763102111592855,0.0011094252347227794,0.6283762563096638,0.6999999999999998,exponential,329,2839.0,2839.0,3.4243,0,0.0,1.0,1.0
10000,0.7,0.3,0.0030654552087169104,2.763102111592855,0.0011094252347227794,0.6283762563096638,0.6999999999999998,exponential,330,2022.0,2022.0,2.6725,0,0.0,1.0,1.0
10000,0.7,0.3,0.0030654552087169104,2.763102111592855,0.0011094252347227794,0.6283762563096638,0.6999999999999998,exponential,331,5140.0,5140.0,3.4220998,0,0.0,1.0,1.0
10000,0.7,0.3,0.0030654552087169104,2.763102111592855,0.0011094252347227794,0.6283762563096638,0.6999999999999998,exponential,332,4584.0,4584.0,3.6811,0,0.0,1.0,1.0
10000,0.7,0.3,0.0030654552087169104,2.763102111592855,0.0011094252347227794,0.6283762563096638,0.6999999999999998,exponential,333,1593.0,1593.0,3.0591998,0,0.0,1.0,1.0
10000,0.7,0.3,0.0030654552087169104,2.763102111592855,0.0011094252347227794,0.6283762563096638,0.6999999999999998,exponential,334,442.0,442.0,2.7591,0,0.0,1.0,1.0
10000,0.7,0.3,0.0030654552087169104,2.763102111592855,0.0011094252347227794,0.6283762563096638,0.6999999999999998,exponential,335,2871.0,2871.0,2.6822999,0,0.0,1.0,1.0
10000,0.7,0.3,0.0030654552087169104,2.763102111592855,0.0011094252347227794,0.6283762563096638,0.6999999999999998,exponential,336,922.0,922.0,3.5623,0,0.0,1.0,1.0
10000,0.7,0.3,0.0030654552087169104,2.763102111592855,0.0011094252347227794,0.6283762563096638,0.6999999999999998,exponential,337,12088.0,12088.0,3.4496,0,0.0,1.0,1.0
10000,0.7,0.3,0.0030654552087169104,2.763102111592855,0.0011094252347227794,0.6283762563096638,0.6999999999999998,exponential,338,488.0,488.0,3.297,0,0.0,1.0,1.0
10000,0.7,0.3,0.0030654552087169104,2.763102111592855,0.0011094252347227794,0.6283762563096638,0.6999999999999998,exponential,339,2497.0,2497.0,3.2057,0,0.0,1.0,1.0
10000,0.7,0.3,0.0030654552087169104,2.763102111592855,0.0011094252347227794,0.6283762563096638,0.6999999999999998,exponential,340,1591.0,1591.0,2.6724,0,0.0,1.0,1.0
10000,0.7,0.3,0.0030654552087169104,2.763102111592855,0.0011094252347227794,0.6283762563096638,0.6999999999999998,exponential,341,1225.0,1225.0,3.161,0,0.0,1.0,1.0
10000,0.7,0.3,0.0030654552087169104,2.763102111592855,0.0011094252347227794,0.6283762563096638,0.6999999999999998,exponential,342,3663.0,3663.0,3.0433,0,0.0,1.0,1.0
10000,0.7,0.3,0.0030654552087169104,2.763102111592855,0.0011094252347227794,0.6283762563096638,0.6999999999999998,exponential,343,7399.0,7399.0,3.0995998,0,0.0,1.0,1.0
10000,0.7,0.3,0.0030654552087169104,2.763102111592855,0.0011094252347227794,0.6283762563096638,0.6999999999999998,exponential,344,1493.0,1493.0,4.0369997,0,0.0,1.0,1.0
10000,0.7,0.3,0.0030654552087169104,2.763102111592855,0.0011094252347227794,0.6283762563096638,0.6999999999999998,exponential,345,1838.0,1838.0,2.9529,0,0.0,1.0,1.0
10000,0.7,0.3,0.0030654552087169104,2.763102111592855,0.0011094252347227794,0.6283762563096638,0.6999999999999998,exponential,346,2761.0,2761.0,2.5082,0,0.0,1.0,1.0
10000,0.7,0.3,0.0030654552087169104,2.763102111592855,0.0011094252347227794,0.6283762563096638,0.6999999999999998,exponential,347,8065.0,8065.0,2.8037999,0,0.0,1.0,1.0
10000,0.7,0.3,0.0030654552087169104,2.763102111592855,0.0011094252347227794,0.6283762563096638,0.6999999999999998,exponential,348,1252.0,1252.0,3.4287,0,0.0,1.0,1.0
10000,0.7,0.3,0.0030654552087169104,2.763102111592855,0.0011094252347227794,0.6283762563096638,0.6999999999999998,exponential,349,6046.0,6046.0,2.8386998,0,0.0,1.0,1.0
10000,0.7,0.3,0.0030654552087169104,2.763102111592855,0.0011094252347227794,0.6283762563096638,0.6999999999999998,exponential,350,1975.0,1975.0,3.1396,0,0.0,1.0,1.0
10000,0.7,0.3,0.0030654552087169104,2.763102111592855,0.0011094252347227794,0.6283762563096638,0.6999999999999998,exponential,351,7915.0,7915.0,2.9241998,0,0.0,1.0,1.0
10000,0.7,0.3,0.0030654552087169104,2.763102111592855,0.0011094252347227794,0.6283762563096638,0.6999999999999998,exponential,352,2167.0,2167.0,2.9548,0,0.0,1.0,1.0
10000,0.7,0.3,0.0030654552087169104,2.763102111592855,0.0011094252347227794,0.6283762563096638,0.6999999999999998,exponential,353,1519.0,1519.0,3.3776,0,0.0,1.0,1.0
10000,0.7,0.3,0.0030654552087169104,2.763102111592855,0.0011094252347227794,0.6283762563096638,0.6999999999999998,exponential,354,1637.0,1637.0,2.9775999,0,0.0,1.0,1.0
10000,0.7,0.3,0.0030654552087169104,2.763102111592855,0.0011094252347227794,0.6283762563096638,0.6999999999999998,exponential,355,4003.0,4003.0,2.8871999,0,0.0,1.0,1.0
10000,0.7,0.3,0.0030654552087169104,2.763102111592855,0.0011094252347227794,0.6283762563096638,0.6999999999999998,exponential,356,2228.0,2228.0,3.2066,0,0.0,1.0,1.0
10000,0.7,0.3,0.0030654552087169104,2.763102111592855,0.0011094252347227794,0.6283762563096638,0.6999999999999998,exponential,357,2540.0,2540.0,3.1722999,0,0.0,1.0,1.0
10000,0.7,0.3,0.0030654552087169104,2.763102111592855,0.0011094252347227794,0.6283762563096638,0.6999999999999998,exponential,358,2483.0,2483.0,2.8771,0,0.0,1.0,1.0
10000,0.7,0.3,0.0030654552087169104,2.763102111592855,0.0011094252347227794,0.6283762563096638,0.6999999999999998,exponential,359,1724.0,1724.0,2.6943998,0,0.0,1.0,1.0
10000,0.7,0.3,0.0030654552087169104,2.763102111592855,0.0011094252347227794,0.6283762563096638,0.6999999999999998,exponential,360,5849.0,5849.0,2.4103,0,0.0,1.0,1.0
10000,0.7,0.3,0.0030654552087169104,2.763102111592855,0.0011094252347227794,0.6283762563096638,0.6999999999999998,exponential,361,468.0,468.0,3.1636,0,0.0,1.0,1.0
10000,0.7,0.3,0.0030654552087169104,2.763102111592855,0.0011094252347227794,0.6283762563096638,0.6999999999999998,exponential,362,3215.0,3215.0,3.1227,0,0.0,1.0,1.0
10000,0.7,0.3,0.0030654552087169104,2.763102111592855,0.0011094252347227794,0.6283762563096638,0.6999999999999998,exponential,363,2487.0,2487.0,2.5913,0,0.0,1.0,1.0
10000,0.7,0.3,0.0030654552087169104,2.763102111592855,0.0011094252347227794,0.6283762563096638,0.6999999999999998,exponential,364,3918.0,3918.0,2.8583999,0,0.0,1.0,1.0
10000,0.7,0.3,0.0030654552087169104,2.763102111592855,0.0011094252347227794,0.6283762563096638,0.6999999999999998,exponential,365,5570.0,5570.0,2.8049,0,0.0,1.0,1.0
10000,0.7,0.3,0.0030654552087169104,2.763102111592855,0.0011094252347227794,0.6283762563096638,0.6999999999999998,exponential,366,5282.0,5282.0,3.2949998,0,0.0,1.0,1.0
10000,0.7,0.3,0.0030654552087169104,2.763102111592855,0.0011094252347227794,0.6283762563096638,0.6999999999999998,exponential,367,4736.0,4736.0,2.4148998,0,0.0,1.0,1.0
10000,0.7,0.3,0.0030654552087169104,2.763102111592855,0.0011094252347227794,0.6283762563096638,0.6999999999999998,exponential,368,1118.0,1118.0,2.7781,0,0.0,1.0,1.0
10000,0.7,0.3,0.0030654552087169104,2.763102111592855,0.0011094252347227794,0.6283762563096638,0.6999999999999998,exponential,369,4813.0,4813.0,2.7642,0,0.0,1.0,1.0
10000,0.7,0.3,0.0030654552087169104,2.763102111592855,0.0011094252347227794,0.6283762563096638,0.6999999999999998,exponential,370,5862.0,5862.0,3.1444,0,0.0,1.0,1.0
10000,0.7,0.3,0.0030654552087169104,2.763102111592855,0.0011094252347227794,0.6283762563096638,0.6999999999999998,exponential,371,553.0,553.0,3.2614,0,0.0,1.0,1.0
10000,0.7,0.3,0.0030654552087169104,2.763102111592855,0.0011094252347227794,0.6283762563096638,0.6999999999999998,exponential,372,1728.0,1728.0,3.0644,0,0.0,1.0,1.0
10000,0.7,0.3,0.0030654552087169104,2.763102111592855,0.0011094252347227794,0.6283762563096638,0.6999999999999998,exponential,373,1626.0,1626.0,2.9963,0,0.0,1.0,1.0
10000,0.7,0.3,0.0030654552087169104,2.763102111592855,0.0011094252347227794,0.6283762563096638,0.6999999999999998,exponential,374,1823.0,1823.0,3.1067,0,0.0,1.0,1.0
10000,0.7,0.3,0.0030654552087169104,2.763102111592855,0.0011094252347227794,0.6283762563096638,0.6999999999999998,exponential,375,1047.0,1047.0,3.1905,0,0.0,1.0,1.0
10000,0.7,0.3,0.0030654552087169104,2.763102111592855,0.0011094252347227794,0.6283762563096638,0.6999999999999998,exponential,376,2180.0,2180.0,2.5382,0,0.0,1.0,1.0
10000,0.7,0.3,0.0030654552087169104,2.763102111592855,0.0011094252347227794,0.6283762563096638,0.6999999999999998,exponential,377,2888.0,2888.0,2.5074,0,0.0,1.0,1.0
10000,0.7,0.3,0.0030654552087169104,2.763102111592855,0.0011094252347227794,0.6283762563096638,0.6999999999999998,exponential,378,668.0,668.0,2.7222998,0,0.0,1.0,1.0
10000,0.7,0.3,0.0030654552087169104,2.763102111592855,0.0011094252347227794,0.6283762563096638,0.6999999999999998,exponential,379,2868.0,2868.0,3.5237,0,0.0,1.0,1.0
10000,0.7,0.3,0.0030654552087169104,2.763102111592855,0.0011094252347227794,0.6283762563096638,0.6999999999999998,exponential,380,1267.0,1267.0,2.9183,0,0.0,1.0,1.0
10000,0.7,0.3,0.0030654552087169104,2.763102111592855,0.0011094252347227794,0.6283762563096638,0.6999999999999998,exponential,381,3549.0,3549.0,3.8727,0,0.0,1.0,1.0
10000,0.7,0.3,0.0030654552087169104,2.763102111592855,0.0011094252347227794,0.6283762563096638,0.6999999999999998,exponential,382,1270.0,1270.0,3.668,0,0.0,1.0,1.0
10000,0.7,0.3,0.0030654552087169104,2.763102111592855,0.0011094252347227794,0.6283762563096638,0.6999999999999998,exponential,383,981.0,981.0,3.1933,0,0.0,1.0,1.0
10000,0.7,0.3,0.0030654552087169104,2.763102111592855,0.0011094252347227794,0.6283762563096638,0.6999999999999998,exponential,384,1188.0,1188.0,2.4311,0,0.0,1.0,1.0
10000,0.7,0.3,0.0030654552087169104,2.763102111592855,0.0011094252347227794,0.6283762563096638,0.6999999999999998,exponential,385,3781.0,3781.0,2.7574,0,0.0,1.0,1.0
10000,0.7,0.3,0.0030654552087169104,2.763102111592855,0.0011094252347227794,0.6283762563096638,0.6999999999999998,exponential,386,3333.0,3333.0,2.8455,0,0.0,1.0,1.0
10000,0.7,0.3,0.0030654552087169104,2.763102111592855,0.0011094252347227794,0.6283762563096638,0.6999999999999998,exponential,387,635.0,635.0,2.7740998,0,0.0,1.0,1.0
10000,0.7,0.3,0.0030654552087169104,2.763102111592855,0.0011094252347227794,0.6283762563096638,0.6999999999999998,exponential,388,2759.0,2759.0,3.3342998,0,0.0,1.0,1.0
10000,0.7,0.3,0.0030654552087169104,2.763102111592855,0.0011094252347227794,0.6283762563096638,0.6999999999999998,exponential,389,1619.0,1619.0,3.2094998,0,0.0,1.0,1.0
10000,0.7,0.3,0.0030654552087169104,2.763102111592855,0.0011094252347227794,0.6283762563096638,0.6999999999999998,exponential,390,561.0,561.0,3.3007998,0,0.0,1.0,1.0
10000,0.7,0.3,0.0030654552087169104,2.763102111592855,0.0011094252347227794,0.6283762563096638,0.6999999999999998,exponential,391,2404.0,2404.0,2.7505999,0,0.0,1.0,1.0
10000,0.7,0.3,0.0030654552087169104,2.763102111592855,0.0011094252347227794,0.6283762563096638,0.6999999999999998,exponential,392,1959.0,1959.0,2.9289,0,0.0,1.0,1.0
10000,0.7,0.3,0.0030654552087169104,2.763102111592855,0.0011094252347227794,0.6283762563096638,0.6999999999999998,exponential,393,1455.0,1455.0,3.3618999,0,0.0,1.0,1.0
10000,0.7,0.3,0.0030654552087169104,2.763102111592855,0.0011094252347227794,0.6283762563096638,0.6999999999999998,exponential,394,3696.0,3696.0,3.3323998,0,0.0,1.0,1.0
10000,0.7,0.3,0.0030654552087169104,2.763102111592855,0.0011094252347227794,0.6283762563096638,0.6999999999999998,exponential,395,1625.0,1625.0,3.1283998,0,0.0,1.0,1.0
10000,0.7,0.3,0.0030654552087169104,2.763102111592855,0.0011094252347227794,0.6283762563096638,0.6999999999999998,exponential,396,3032.0,3032.0,2.4812999,0,0.0,1.0,1.0
10000,0.7,0.3,0.0030654552087169104,2.763102111592855,0.0011094252347227794,0.6283762563096638,0.6999999999999998,exponential,397,985.0,985.0,2.8112,0,0.0,1.0,1.0
10000,0.7,0.3,0.0030654552087169104,2.763102111592855,0.0011094252347227794,0.6283762563096638,0.6999999999999998,exponential,398,2094.0,2094.0,2.5872998,0,0.0,1.0,1.0
10000,0.7,0.3,0.0030654552087169104,2.763102111592855,0.0011094252347227794,0.6283762563096638,0.6999999999999998,exponential,399,2368.0,2368.0,3.2631,0,0.0,1.0,1.0
10000,0.7,0.3,0.0030654552087169104,2.763102111592855,0.0011094252347227794,0.6283762563096638,0.6999999999999998,exponential,400,200.0,200.0,2.9371,0,0.0,1.0,1.0
10000,0.7,0.3,0.0030654552087169104,2.763102111592855,0.0011094252347227794,0.6283762563096638,0.6999999999999998,exponential,401,2465.0,2465.0,2.5549998,0,0.0,1.0,1.0
10000,0.7,0.3,0.0030654552087169104,2.763102111592855,0.0011094252347227794,0.6283762563096638,0.6999999999999998,exponential,402,1188.0,1188.0,2.8922,0,0.0,1.0,1.0
10000,0.7,0.3,0.0030654552087169104,2.763102111592855,0.0011094252347227794,0.6283762563096638,0.6999999999999998,exponential,403,3208.0,3208.0,2.7029,0,0.0,1.0,1.0
10000,0.7,0.3,0.0030654552087169104,2.763102111592855,0.0011094252347227794,0.6283762563096638,0.6999999999999998,exponential,404,771.0,771.0,3.4638,0,0.0,1.0,1.0
10000,0.7,0.3,0.0030654552087169104,2.763102111592855,0.0011094252347227794,0.6283762563096638,0.6999999999999998,exponential,405,714.0,714.0,3.4311,0,0.0,1.0,1.0
10000,0.7,0.3,0.0030654552087169104,2.763102111592855,0.0011094252347227794,0.6283762563096638,0.6999999999999998,exponential,406,1616.0,1616.0,3.0774999,0,0.0,1.0,1.0
10000,0.7,0.3,0.0030654552087169104,2.763102111592855,0.0011094252347227794,0.6283762563096638,0.6999999999999998,exponential,407,1083.0,1083.0,3.1969,0,0.0,1.0,1.0
10000,0.7,0.3,0.0030654552087169104,2.763102111592855,0.0011094252347227794,0.6283762563096638,0.6999999999999998,exponential,408,3841.0,3841.0,2.8941,0,0.0,1.0,1.0
10000,0.7,0.3,0.0030654552087169104,2.763102111592855,0.0011094252347227794,0.6283762563096638,0.6999999999999998,exponential,409,9749.0,9749.0,2.9773,0,0.0,1.0,1.0
10000,0.7,0.3,0.0030654552087169104,2.763102111592855,0.0011094252347227794,0.6283762563096638,0.6999999999999998,exponential,410,11070.0,11070.0,2.4273,0,0.0,1.0,1.0
10000,0.7,0.3,0.0030654552087169104,2.763102111592855,0.0011094252347227794,0.6283762563096638,0.6999999999999998,exponential,411,871.0,871.0,2.7407,0,0.0,1.0,1.0
10000,0.7,0.3,0.0030654552087169104,2.763102111592855,0.0011094252347227794,0.6283762563096638,0.6999999999999998,exponential,412,965.0,965.0,2.8681,0,0.0,1.0,1.0
10000,0.7,0.3,0.0030654552087169104,2.763102111592855,0.0011094252347227794,0.6283762563096638,0.6999999999999998,exponential,413,926.0,926.0,3.4575,0,0.0,1.0,1.0
10000,0.7,0.3,0.0030654552087169104,2.763102111592855,0.0011094252347227794,0.6283762563096638,0.6999999999999998,exponential,414,1662.0,1662.0,3.1855,0,0.0,1.0,1.0
10000,0.7,0.3,0.0030654552087169104,2.763102111592855,0.0011094252347227794,0.6283762563096638,0.6999999999999998,exponential,415,1136.0,1136.0,2.4471998,0,0.0,1.0,1.0
10000,0.7,0.3,0.0030654552087169104,2.763102111592855,0.0011094252347227794,0.6283762563096638,0.6999999999999998,exponential,416,2054.0,2054.0,2.7598999,0,0.0,1.0,1.0
10000,0.7,0.3,0.0030654552087169104,2.763102111592855,0.0011094252347227794,0.6283762563096638,0.6999999999999998,exponential,417,4679.0,4679.0,3.9663,0,0.0,1.0,1.0
10000,0.7,0.3,0.0030654552087169104,2.763102111592855,0.0011094252347227794,0.6283762563096638,0.6999999999999998,exponential,418,3207.0,3207.0,3.419,0,0.0,1.0,1.0
10000,0.7,0.3,0.0030654552087169104,2.763102111592855,0.0011094252347227794,0.6283762563096638,0.6999999999999998,exponential,419,790.0,790.0,3.4657998,0,0.0,1.0,1.0
10000,0.7,0.3,0.0030654552087169104,2.763102111592855,0.0011094252347227794,0.6283762563096638,0.6999999999999998,exponential,420,2201.0,2201.0,3.2103,0,0.0,1.0,1.0
10000,0.7,0.3,0.0030654552087169104,2.763102111592855,0.0011094252347227794,0.6283762563096638,0.6999999999999998,exponential,421,4392.0,4392.0,2.9039,0,0.0,1.0,1.0
10000,0.7,0.3,0.0030654552087169104,2.763102111592855,0.0011094252347227794,0.6283762563096638,0.6999999999999998,exponential,422,3097.0,3097.0,2.4874,0,0.0,1.0,1.0
10000,0.7,0.3,0.0030654552087169104,2.763102111592855,0.0011094252347227794,0.6283762563096638,0.6999999999999998,exponential,423,1354.0,1354.0,3.4752998,0,0.0,1.0,1.0
10000,0.7,0.3,0.0030654552087169104,2.763102111592855,0.0011094252347227794,0.6283762563096638,0.6999999999999998,exponential,424,1282.0,1282.0,3.1399,0,0.0,1.0,1.0
10000,0.7,0.3,0.0030654552087169104,2.763102111592855,0.0011094252347227794,0.6283762563096638,0.6999999999999998,exponential,425,4328.0,4328.0,2.7498,0,0.0,1.0,1.0
10000,0.7,0.3,0.0030654552087169104,2.763102111592855,0.0011094252347227794,0.6283762563096638,0.6999999999999998,exponential,426,458.0,458.0,2.8982,0,0.0,1.0,1.0
10000,0.7,0.3,0.0030654552087169104,2.763102111592855,0.0011094252347227794,0.6283762563096638,0.6999999999999998,exponential,427,766.0,766.0,3.1406999,0,0.0,1.0,1.0
10000,0.7,0.3,0.0030654552087169104,2.763102111592855,0.0011094252347227794,0.6283762563096638,0.6999999999999998,exponential,428,8747.0,8747.0,2.5209,0,0.0,1.0,1.0
10000,0.7,0.3,0.0030654552087169104,2.763102111592855,0.0011094252347227794,0.6283762563096638,0.6999999999999998,exponential,429,5840.0,5840.0,3.0407,0,0.0,1.0,1.0
10000,0.7,0.3,0.0030654552087169104,2.763102111592855,0.0011094252347227794,0.6283762563096638,0.6999999999999998,exponential,430,4079.0,4079.0,2.6490998,0,0.0,1.0,1.0
10000,0.7,0.3,0.0030654552087169104,2.763102111592855,0.0011094252347227794,0.6283762563096638,0.6999999999999998,exponential,431,1555.0,1555.0,2.9227,0,0.0,1.0,1.0
10000,0.7,0.3,0.0030654552087169104,2.763102111592855,0.0011094252347227794,0.6283762563096638,0.6999999999999998,exponential,432,5604.0,5604.0,2.8955,0,0.0,1.0,1.0
10000,0.7,0.3,0.0030654552087169104,2.763102111592855,0.0011094252347227794,0.6283762563096638,0.6999999999999998,exponential,433,1600.0,1600.0,3.2133,0,0.0,1.0,1.0
10000,0.7,0.3,0.0030654552087169104,2.763102111592855,0.0011094252347227794,0.6283762563096638,0.6999999999999998,exponential,434,9961.0,9961.0,2.5154,0,0.0,1.0,1.0
10000,0.7,0.3,0.0030654552087169104,2.763102111592855,0.0011094252347227794,0.6283762563096638,0.6999999999999998,exponential,435,1203.0,1203.0,2.3223999,0,0.0,1.0,1.0
10000,0.7,0.3,0.0030654552087169104,2.763102111592855,0.0011094252347227794,0.6283762563096638,0.6999999999999998,exponential,436,2787.0,2787.0,3.3363,0,0.0,1.0,1.0
10000,0.7,0.3,0.0030654552087169104,2.763102111592855,0.0011094252347227794,0.6283762563096638,0.6999999999999998,exponential,437,848.0,848.0,3.0119,0,0.0,1.0,1.0
10000,0.7,0.3,0.0030654552087169104,2.763102111592855,0.0011094252347227794,0.6283762563096638,0.6999999999999998,exponential,438,1021.0,1021.0,3.3976998,0,0.0,1.0,1.0
10000,0.7,0.3,0.0030654552087169104,2.763102111592855,0.0011094252347227794,0.6283762563096638,0.6999999999999998,exponential,439,3590.0,3590.0,2.4677,0,0.0,1.0,1.0
10000,0.7,0.3,0.0030654552087169104,2.763102111592855,0.0011094252347227794,0.6283762563096638,0.6999999999999998,exponential,440,7879.0,7879.0,2.868,0,0.0,1.0,1.0
10000,0.7,0.3,0.0030654552087169104,2.763102111592855,0.0011094252347227794,0.6283762563096638,0.6999999999999998,exponential,441,766.0,766.0,3.1369,0,0.0,1.0,1.0
10000,0.7,0.3,0.0030654552087169104,2.763102111592855,0.0011094252347227794,0.6283762563096638,0.6999999999999998,exponential,442,5608.0,5608.0,3.3356998,0,0.0,1.0,1.0
10000,0.7,0.3,0.0030654552087169104,2.763102111592855,0.0011094252347227794,0.6283762563096638,0.6999999999999998,exponential,443,2749.0,2749.0,3.1457999,0,0.0,1.0,1.0
10000,0.7,0.3,0.0030654552087169104,2.763102111592855,0.0011094252347227794,0.6283762563096638,0.6999999999999998,exponential,444,8395.0,8395.0,3.0042999,0,0.0,1.0,1.0
10000,0.7,0.3,0.0030654552087169104,2.763102111592855,0.0011094252347227794,0.6283762563096638,0.6999999999999998,exponential,445,2393.0,2393.0,2.8463,0,0.0,1.0,1.0
10000,0.7,0.3,0.0030654552087169104,2.763102111592855,0.0011094252347227794,0.6283762563096638,0.6999999999999998,exponential,446,3911.0,3911.0,3.6945999,0,0.0,1.0,1.0
10000,0.7,0.3,0.0030654552087169104,2.763102111592855,0.0011094252347227794,0.6283762563096638,0.6999999999999998,exponential,447,1815.0,1815.0,3.1109998,0,0.0,1.0,1.0
10000,0.7,0.3,0.0030654552087169104,2.763102111592855,0.0011094252347227794,0.6283762563096638,0.6999999999999998,exponential,448,5378.0,5378.0,3.6334999,0,0.0,1.0,1.0
10000,0.7,0.3,0.0030654552087169104,2.763102111592855,0.0011094252347227794,0.6283762563096638,0.6999999999999998,exponential,449,2051.0,2051.0,2.869,0,0.0,1.0,1.0
10000,0.7,0.3,0.0030654552087169104,2.763102111592855,0.0011094252347227794,0.6283762563096638,0.6999999999999998,exponential,450,2348.0,2348.0,3.7663999,0,0.0,1.0,1.0
10000,0.7,0.3,0.0030654552087169104,2.763102111592855,0.0011094252347227794,0.6283762563096638,0.6999999999999998,exponential,451,661.0,661.0,3.0895,0,0.0,1.0,1.0
10000,0.7,0.3,0.0030654552087169104,2.763102111592855,0.0011094252347227794,0.6283762563096638,0.6999999999999998,exponential,452,595.0,595.0,2.899,0,0.0,1.0,1.0
10000,0.7,0.3,0.0030654552087169104,2.763102111592855,0.0011094252347227794,0.6283762563096638,0.6999999999999998,exponential,453,6973.0,6973.0,2.8102999,0,0.0,1.0,1.0
10000,0.7,0.3,0.0030654552087169104,2.763102111592855,0.0011094252347227794,0.6283762563096638,0.6999999999999998,exponential,454,1331.0,1331.0,2.957,0,0.0,1.0,1.0
10000,0.7,0.3,0.0030654552087169104,2.763102111592855,0.0011094252347227794,0.6283762563096638,0.6999999999999998,exponential,455,658.0,658.0,2.8827,0,0.0,1.0,1.0
10000,0.7,0.3,0.0030654552087169104,2.763102111592855,0.0011094252347227794,0.6283762563096638,0.6999999999999998,exponential,456,1578.0,1578.0,3.1446,0,0.0,1.0,1.0
10000,0.7,0.3,0.0030654552087169104,2.763102111592855,0.0011094252347227794,0.6283762563096638,0.6999999999999998,exponential,457,5010.0,5010.0,2.9935,0,0.0,1.0,1.0
10000,0.7,0.3,0.0030654552087169104,2.763102111592855,0.0011094252347227794,0.6283762563096638,0.6999999999999998,exponential,458,3692.0,3692.0,3.3809998,0,0.0,1.0,1.0
10000,0.7,0.3,0.0030654552087169104,2.763102111592855,0.0011094252347227794,0.6283762563096638,0.6999999999999998,exponential,459,2321.0,2321.0,2.934,0,0.0,1.0,1.0
10000,0.7,0.3,0.0030654552087169104,2.763102111592855,0.0011094252347227794,0.6283762563096638,0.6999999999999998,exponential,460,5304.0,5304.0,2.9229,0,0.0,1.0,1.0
10000,0.7,0.3,0.0030654552087169104,2.763102111592855,0.0011094252347227794,0.6283762563096638,0.6999999999999998,exponential,461,4862.0,4862.0,2.5936,0,0.0,1.0,1.0
10000,0.7,0.3,0.0030654552087169104,2.763102111592855,0.0011094252347227794,0.6283762563096638,0.6999999999999998,exponential,462,5835.0,5835.0,2.6922,0,0.0,1.0,1.0
10000,0.7,0.3,0.0030654552087169104,2.763102111592855,0.0011094252347227794,0.6283762563096638,0.6999999999999998,exponential,463,2067.0,2067.0,3.26,0,0.0,1.0,1.0
10000,0.7,0.3,0.0030654552087169104,2.763102111592855,0.0011094252347227794,0.6283762563096638,0.6999999999999998,exponential,464,2897.0,2897.0,3.004,0,0.0,1.0,1.0
10000,0.7,0.3,0.0030654552087169104,2.763102111592855,0.0011094252347227794,0.6283762563096638,0.6999999999999998,exponential,465,909.0,909.0,3.1378999,0,0.0,1.0,1.0
10000,0.7,0.3,0.0030654552087169104,2.763102111592855,0.0011094252347227794,0.6283762563096638,0.6999999999999998,exponential,466,1118.0,1118.0,2.8307,0,0.0,1.0,1.0
10000,0.7,0.3,0.0030654552087169104,2.763102111592855,0.0011094252347227794,0.6283762563096638,0.6999999999999998,exponential,467,6699.0,6699.0,3.0574,0,0.0,1.0,1.0
10000,0.7,0.3,0.0030654552087169104,2.763102111592855,0.0011094252347227794,0.6283762563096638,0.6999999999999998,exponential,468,788.0,788.0,3.021,0,0.0,1.0,1.0
10000,0.7,0.3,0.0030654552087169104,2.763102111592855,0.0011094252347227794,0.6283762563096638,0.6999999999999998,exponential,469,2039.0,2039.0,3.2640998,0,0.0,1.0,1.0
10000,0.7,0.3,0.0030654552087169104,2.763102111592855,0.0011094252347227794,0.6283762563096638,0.6999999999999998,exponential,470,2131.0,2131.0,3.6485999,0,0.0,1.0,1.0
10000,0.7,0.3,0.0030654552087169104,2.763102111592855,0.0011094252347227794,0.6283762563096638,0.6999999999999998,exponential,471,4846.0,4846.0,2.939,0,0.0,1.0,1.0
10000,0.7,0.3,0.0030654552087169104,2.763102111592855,0.0011094252347227794,0.6283762563096638,0.6999999999999998,exponential,472,1751.0,1751.0,3.0012,0,0.0,1.0,1.0
10000,0.7,0.3,0.0030654552087169104,2.763102111592855,0.0011094252347227794,0.6283762563096638,0.6999999999999998,exponential,473,782.0,782.0,3.0936,0,0.0,1.0,1.0
10000,0.7,0.3,0.0030654552087169104,2.763102111592855,0.0011094252347227794,0.6283762563096638,0.6999999999999998,exponential,474,1965.0,1965.0,3.0009,0,0.0,1.0,1.0
10000,0.7,0.3,0.0030654552087169104,2.763102111592855,0.0011094252347227794,0.6283762563096638,0.6999999999999998,exponential,475,633.0,633.0,2.6239998,0,0.0,1.0,1.0
10000,0.7,0.3,0.0030654552087169104,2.763102111592855,0.0011094252347227794,0.6283762563096638,0.6999999999999998,exponential,476,2438.0,2438.0,3.6531,0,0.0,1.0,1.0
10000,0.7,0.3,0.0030654552087169104,2.763102111592855,0.0011094252347227794,0.6283762563096638,0.6999999999999998,exponential,477,6084.0,6084.0,3.0344,0,0.0,1.0,1.0
10000,0.7,0.3,0.0030654552087169104,2.763102111592855,0.0011094252347227794,0.6283762563096638,0.6999999999999998,exponential,478,1662.0,1662.0,3.2345,0,0.0,1.0,1.0
10000,0.7,0.3,0.0030654552087169104,2.763102111592855,0.0011094252347227794,0.6283762563096638,0.6999999999999998,exponential,479,9727.0,9727.0,2.6155999,0,0.0,1.0,1.0
10000,0.7,0.3,0.0030654552087169104,2.763102111592855,0.0011094252347227794,0.6283762563096638,0.6999999999999998,exponential,480,1164.0,1164.0,2.9394999,0,0.0,1.0,1.0
10000,0.7,0.3,0.0030654552087169104,2.763102111592855,0.0011094252347227794,0.6283762563096638,0.6999999999999998,exponential,481,6552.0,6552.0,3.7633,0,0.0,1.0,1.0
10000,0.7,0.3,0.0030654552087169104,2.763102111592855,0.0011094252347227794,0.6283762563096638,0.6999999999999998,exponential,482,2587.0,2587.0,3.8288,0,0.0,1.0,1.0
10000,0.7,0.3,0.0030654552087169104,2.763102111592855,0.0011094252347227794,0.6283762563096638,0.6999999999999998,exponential,483,1425.0,1425.0,2.7826998,0,0.0,1.0,1.0
10000,0.7,0.3,0.0030654552087169104,2.763102111592855,0.0011094252347227794,0.6283762563096638,0.6999999999999998,exponential,484,3178.0,3178.0,3.2278,0,0.0,1.0,1.0
10000,0.7,0.3,0.0030654552087169104,2.763102111592855,0.0011094252347227794,0.6283762563096638,0.6999999999999998,exponential,485,3657.0,3657.0,2.8341,0,0.0,1.0,1.0
10000,0.7,0.3,0.0030654552087169104,2.763102111592855,0.0011094252347227794,0.6283762563096638,0.6999999999999998,exponential,486,1436.0,1436.0,3.3319,0,0.0,1.0,1.0
10000,0.7,0.3,0.0030654552087169104,2.763102111592855,0.0011094252347227794,0.6283762563096638,0.6999999999999998,exponential,487,7030.0,7030.0,2.8829,0,0.0,1.0,1.0
10000,0.7,0.3,0.0030654552087169104,2.763102111592855,0.0011094252347227794,0.6283762563096638,0.6999999999999998,exponential,488,2775.0,2775.0,2.8295,0,0.0,1.0,1.0
10000,0.7,0.3,0.0030654552087169104,2.763102111592855,0.0011094252347227794,0.6283762563096638,0.6999999999999998,exponential,489,1730.0,1730.0,3.0999,0,0.0,1.0,1.0
10000,0.7,0.3,0.0030654552087169104,2.763102111592855,0.0011094252347227794,0.6283762563096638,0.6999999999999998,exponential,490,818.0,818.0,3.2145998,0,0.0,1.0,1.0
10000,0.7,0.3,0.0030654552087169104,2.763102111592855,0.0011094252347227794,0.6283762563096638,0.6999999999999998,exponential,491,452.0,452.0,2.8364,0,0.0,1.0,1.0
10000,0.7,0.3,0.0030654552087169104,2.763102111592855,0.0011094252347227794,0.6283762563096638,0.6999999999999998,exponential,492,1186.0,1186.0,2.4081,0,0.0,1.0,1.0
10000,0.7,0.3,0.0030654552087169104,2.763102111592855,0.0011094252347227794,0.6283762563096638,0.6999999999999998,exponential,493,1706.0,1706.0,3.1596,0,0.0,1.0,1.0
10000,0.7,0.3,0.0030654552087169104,2.763102111592855,0.0011094252347227794,0.6283762563096638,0.6999999999999998,exponential,494,4965.0,4965.0,2.4315,0,0.0,1.0,1.0
10000,0.7,0.3,0.0030654552087169104,2.763102111592855,0.0011094252347227794,0.6283762563096638,0.6999999999999998,exponential,495,2545.0,2545.0,3.5519,0,0.0,1.0,1.0
10000,0.7,0.3,0.0030654552087169104,2.763102111592855,0.0011094252347227794,0.6283762563096638,0.6999999999999998,exponential,496,1334.0,1334.0,3.2098,0,0.0,1.0,1.0
10000,0.7,0.3,0.0030654552087169104,2.763102111592855,0.0011094252347227794,0.6283762563096638,0.6999999999999998,exponential,497,11187.0,11187.0,2.9261,0,0.0,1.0,1.0
10000,0.7,0.3,0.0030654552087169104,2.763102111592855,0.0011094252347227794,0.6283762563096638,0.6999999999999998,exponential,498,3498.0,3498.0,3.0716999,0,0.0,1.0,1.0
10000,0.7,0.3,0.0030654552087169104,2.763102111592855,0.0011094252347227794,0.6283762563096638,0.6999999999999998,exponential,499,707.0,707.0,2.975,0,0.0,1.0,1.0
10000,0.7,0.3,0.0030654552087169104,2.763102111592855,0.0011094252347227794,0.6283762563096638,0.6999999999999998,exponential,500,3015.0,3015.0,4.6298,0,0.0,1.0,1.0
10000,0.7,0.3,0.0030654552087169104,2.763102111592855,0.0011094252347227794,0.6283762563096638,0.6999999999999998,exponential,501,1684.0,1684.0,3.2958,0,0.0,1.0,1.0
10000,0.7,0.3,0.0030654552087169104,2.763102111592855,0.0011094252347227794,0.6283762563096638,0.6999999999999998,exponential,502,1028.0,1028.0,3.2644,0,0.0,1.0,1.0
10000,0.7,0.3,0.0030654552087169104,2.763102111592855,0.0011094252347227794,0.6283762563096638,0.6999999999999998,exponential,503,6687.0,6687.0,2.7533998,0,0.0,1.0,1.0
10000,0.7,0.3,0.0030654552087169104,2.763102111592855,0.0011094252347227794,0.6283762563096638,0.6999999999999998,exponential,504,2297.0,2297.0,2.6069,0,0.0,1.0,1.0
10000,0.7,0.3,0.0030654552087169104,2.763102111592855,0.0011094252347227794,0.6283762563096638,0.6999999999999998,exponential,505,269.0,269.0,2.6627,0,0.0,1.0,1.0
10000,0.7,0.3,0.0030654552087169104,2.763102111592855,0.0011094252347227794,0.6283762563096638,0.6999999999999998,exponential,506,3681.0,3681.0,2.9076998,0,0.0,1.0,1.0
10000,0.7,0.3,0.0030654552087169104,2.763102111592855,0.0011094252347227794,0.6283762563096638,0.6999999999999998,exponential,507,2796.0,2796.0,2.7912998,0,0.0,1.0,1.0
10000,0.7,0.3,0.0030654552087169104,2.763102111592855,0.0011094252347227794,0.6283762563096638,0.6999999999999998,exponential,508,1000.0,1000.0,3.3012,0,0.0,1.0,1.0
10000,0.7,0.3,0.0030654552087169104,2.763102111592855,0.0011094252347227794,0.6283762563096638,0.6999999999999998,exponential,509,3875.0,3875.0,3.6520998,0,0.0,1.0,1.0
10000,0.7,0.3,0.0030654552087169104,2.763102111592855,0.0011094252347227794,0.6283762563096638,0.6999999999999998,exponential,510,12154.0,12154.0,3.0684,0,0.0,1.0,1.0
10000,0.7,0.3,0.0030654552087169104,2.763102111592855,0.0011094252347227794,0.6283762563096638,0.6999999999999998,exponential,511,650.0,650.0,3.4376,0,0.0,1.0,1.0
10000,0.7,0.3,0.0030654552087169104,2.763102111592855,0.0011094252347227794,0.6283762563096638,0.6999999999999998,exponential,512,1809.0,1809.0,2.7474,0,0.0,1.0,1.0
10000,0.7,0.3,0.0030654552087169104,2.763102111592855,0.0011094252347227794,0.6283762563096638,0.6999999999999998,exponential,513,1796.0,1796.0,2.8990998,0,0.0,1.0,1.0
10000,0.7,0.3,0.0030654552087169104,2.763102111592855,0.0011094252347227794,0.6283762563096638,0.6999999999999998,exponential,514,352.0,352.0,2.9204,0,0.0,1.0,1.0
10000,0.7,0.3,0.0030654552087169104,2.763102111592855,0.0011094252347227794,0.6283762563096638,0.6999999999999998,exponential,515,3829.0,3829.0,3.2896,0,0.0,1.0,1.0
10000,0.7,0.3,0.0030654552087169104,2.763102111592855,0.0011094252347227794,0.6283762563096638,0.6999999999999998,exponential,516,9554.0,9554.0,2.7875,0,0.0,1.0,1.0
10000,0.7,0.3,0.0030654552087169104,2.763102111592855,0.0011094252347227794,0.6283762563096638,0.6999999999999998,exponential,517,907.0,907.0,2.5626,0,0.0,1.0,1.0
10000,0.7,0.3,0.0030654552087169104,2.763102111592855,0.0011094252347227794,0.6283762563096638,0.6999999999999998,exponential,518,1271.0,1271.0,2.9794998,0,0.0,1.0,1.0
10000,0.7,0.3,0.0030654552087169104,2.763102111592855,0.0011094252347227794,0.6283762563096638,0.6999999999999998,exponential,519,467.0,467.0,3.1504998,0,0.0,1.0,1.0
10000,0.7,0.3,0.0030654552087169104,2.763102111592855,0.0011094252347227794,0.6283762563096638,0.6999999999999998,exponential,520,6639.0,6639.0,3.1854,0,0.0,1.0,1.0
10000,0.7,0.3,0.0030654552087169104,2.763102111592855,0.0011094252347227794,0.6283762563096638,0.6999999999999998,exponential,521,1301.0,1301.0,4.1279,0,0.0,1.0,1.0
10000,0.7,0.3,0.0030654552087169104,2.763102111592855,0.0011094252347227794,0.6283762563096638,0.6999999999999998,exponential,522,2244.0,2244.0,2.8342,0,0.0,1.0,1.0
10000,0.7,0.3,0.0030654552087169104,2.763102111592855,0.0011094252347227794,0.6283762563096638,0.6999999999999998,exponential,523,1496.0,1496.0,3.5140998,0,0.0,1.0,1.0
10000,0.7,0.3,0.0030654552087169104,2.763102111592855,0.0011094252347227794,0.6283762563096638,0.6999999999999998,exponential,524,761.0,761.0,3.3434,0,0.0,1.0,1.0
10000,0.7,0.3,0.0030654552087169104,2.763102111592855,0.0011094252347227794,0.6283762563096638,0.6999999999999998,exponential,525,4286.0,4286.0,3.1552,0,0.0,1.0,1.0
10000,0.7,0.3,0.0030654552087169104,2.763102111592855,0.0011094252347227794,0.6283762563096638,0.6999999999999998,exponential,526,10333.0,10333.0,2.5985,0,0.0,1.0,1.0
10000,0.7,0.3,0.0030654552087169104,2.763102111592855,0.0011094252347227794,0.6283762563096638,0.6999999999999998,exponential,527,2223.0,2223.0,3.0771,0,0.0,1.0,1.0
10000,0.7,0.3,0.0030654552087169104,2.763102111592855,0.0011094252347227794,0.6283762563096638,0.6999999999999998,exponential,528,3955.0,3955.0,3.5791,0,0.0,1.0,1.0
10000,0.7,0.3,0.0030654552087169104,2.763102111592855,0.0011094252347227794,0.6283762563096638,0.6999999999999998,exponential,529,400.0,400.0,3.1006,0,0.0,1.0,1.0
10000,0.7,0.3,0.0030654552087169104,2.763102111592855,0.0011094252347227794,0.6283762563096638,0.6999999999999998,exponential,530,1019.0,1019.0,2.7079,0,0.0,1.0,1.0
10000,0.7,0.3,0.0030654552087169104,2.763102111592855,0.0011094252347227794,0.6283762563096638,0.6999999999999998,exponential,531,4067.0,4067.0,2.6605,0,0.0,1.0,1.0
10000,0.7,0.3,0.0030654552087169104,2.763102111592855,0.0011094252347227794,0.6283762563096638,0.6999999999999998,exponential,532,3940.0,3940.0,2.9866,0,0.0,1.0,1.0
10000,0.7,0.3,0.0030654552087169104,2.763102111592855,0.0011094252347227794,0.6283762563096638,0.6999999999999998,exponential,533,2393.0,2393.0,2.9938998,0,0.0,1.0,1.0
10000,0.7,0.3,0.0030654552087169104,2.763102111592855,0.0011094252347227794,0.6283762563096638,0.6999999999999998,exponential,534,1533.0,1533.0,2.9104,0,0.0,1.0,1.0
10000,0.7,0.3,0.0030654552087169104,2.763102111592855,0.0011094252347227794,0.6283762563096638,0.6999999999999998,exponential,535,895.0,895.0,2.9085,0,0.0,1.0,1.0
10000,0.7,0.3,0.0030654552087169104,2.763102111592855,0.0011094252347227794,0.6283762563096638,0.6999999999999998,exponential,536,534.0,534.0,2.9034,0,0.0,1.0,1.0
10000,0.7,0.3,0.0030654552087169104,2.763102111592855,0.0011094252347227794,0.6283762563096638,0.6999999999999998,exponential,537,1533.0,1533.0,2.7175999,0,0.0,1.0,1.0
10000,0.7,0.3,0.0030654552087169104,2.763102111592855,0.0011094252347227794,0.6283762563096638,0.6999999999999998,exponential,538,1526.0,1526.0,2.5498998,0,0.0,1.0,1.0
10000,0.7,0.3,0.0030654552087169104,2.763102111592855,0.0011094252347227794,0.6283762563096638,0.6999999999999998,exponential,539,8230.0,8230.0,3.7624998,0,0.0,1.0,1.0
10000,0.7,0.3,0.0030654552087169104,2.763102111592855,0.0011094252347227794,0.6283762563096638,0.6999999999999998,exponential,540,812.0,812.0,2.7969,0,0.0,1.0,1.0
10000,0.7,0.3,0.0030654552087169104,2.763102111592855,0.0011094252347227794,0.6283762563096638,0.6999999999999998,exponential,541,5359.0,5359.0,3.8758,0,0.0,1.0,1.0
10000,0.7,0.3,0.0030654552087169104,2.763102111592855,0.0011094252347227794,0.6283762563096638,0.6999999999999998,exponential,542,5421.0,5421.0,3.0298998,0,0.0,1.0,1.0
10000,0.7,0.3,0.0030654552087169104,2.763102111592855,0.0011094252347227794,0.6283762563096638,0.6999999999999998,exponential,543,5970.0,5970.0,2.8576,0,0.0,1.0,1.0
10000,0.7,0.3,0.0030654552087169104,2.763102111592855,0.0011094252347227794,0.6283762563096638,0.6999999999999998,exponential,544,3372.0,3372.0,3.261,0,0.0,1.0,1.0
10000,0.7,0.3,0.0030654552087169104,2.763102111592855,0.0011094252347227794,0.6283762563096638,0.6999999999999998,exponential,545,2833.0,2833.0,3.665,0,0.0,1.0,1.0
10000,0.7,0.3,0.0030654552087169104,2.763102111592855,0.0011094252347227794,0.6283762563096638,0.6999999999999998,exponential,546,6076.0,6076.0,3.3939998,0,0.0,1.0,1.0
10000,0.7,0.3,0.0030654552087169104,2.763102111592855,0.0011094252347227794,0.6283762563096638,0.6999999999999998,exponential,547,2024.0,2024.0,2.4259999,0,0.0,1.0,1.0
10000,0.7,0.3,0.0030654552087169104,2.763102111592855,0.0011094252347227794,0.6283762563096638,0.6999999999999998,exponential,548,4350.0,4350.0,3.1669,0,0.0,1.0,1.0
10000,0.7,0.3,0.0030654552087169104,2.763102111592855,0.0011094252347227794,0.6283762563096638,0.6999999999999998,exponential,549,2729.0,2729.0,2.5249,0,0.0,1.0,1.0
10000,0.7,0.3,0.0030654552087169104,2.763102111592855,0.0011094252347227794,0.6283762563096638,0.6999999999999998,exponential,550,10017.0,10017.0,3.3421,0,0.0,1.0,1.0
10000,0.7,0.3,0.0030654552087169104,2.763102111592855,0.0011094252347227794,0.6283762563096638,0.6999999999999998,exponential,551,394.0,394.0,3.0124998,0,0.0,1.0,1.0
10000,0.7,0.3,0.0030654552087169104,2.763102111592855,0.0011094252347227794,0.6283762563096638,0.6999999999999998,exponential,552,936.0,936.0,3.4352999,0,0.0,1.0,1.0
10000,0.7,0.3,0.0030654552087169104,2.763102111592855,0.0011094252347227794,0.6283762563096638,0.6999999999999998,exponential,553,4216.0,4216.0,3.2096,0,0.0,1.0,1.0
10000,0.7,0.3,0.0030654552087169104,2.763102111592855,0.0011094252347227794,0.6283762563096638,0.6999999999999998,exponential,554,1086.0,1086.0,2.8163,0,0.0,1.0,1.0
10000,0.7,0.3,0.0030654552087169104,2.763102111592855,0.0011094252347227794,0.6283762563096638,0.6999999999999998,exponential,555,6545.0,6545.0,3.5214999,0,0.0,1.0,1.0
10000,0.7,0.3,0.0030654552087169104,2.763102111592855,0.0011094252347227794,0.6283762563096638,0.6999999999999998,exponential,556,3423.0,3423.0,2.7961,0,0.0,1.0,1.0
10000,0.7,0.3,0.0030654552087169104,2.763102111592855,0.0011094252347227794,0.6283762563096638,0.6999999999999998,exponential,557,2960.0,2960.0,3.0121,0,0.0,1.0,1.0
10000,0.7,0.3,0.0030654552087169104,2.763102111592855,0.0011094252347227794,0.6283762563096638,0.6999999999999998,exponential,558,4693.0,4693.0,2.9677,0,0.0,1.0,1.0
10000,0.7,0.3,0.0030654552087169104,2.763102111592855,0.0011094252347227794,0.6283762563096638,0.6999999999999998,exponential,559,1823.0,1823.0,3.0663998,0,0.0,1.0,1.0
10000,0.7,0.3,0.0030654552087169104,2.763102111592855,0.0011094252347227794,0.6283762563096638,0.6999999999999998,exponential,560,526.0,526.0,2.6868,0,0.0,1.0,1.0
10000,0.7,0.3,0.0030654552087169104,2.763102111592855,0.0011094252347227794,0.6283762563096638,0.6999999999999998,exponential,561,2389.0,2389.0,2.8398,0,0.0,1.0,1.0
10000,0.7,0.3,0.0030654552087169104,2.763102111592855,0.0011094252347227794,0.6283762563096638,0.6999999999999998,exponential,562,1026.0,1026.0,2.8393,0,0.0,1.0,1.0
10000,0.7,0.3,0.0030654552087169104,2.763102111592855,0.0011094252347227794,0.6283762563096638,0.6999999999999998,exponential,563,1179.0,1179.0,3.034,0,0.0,1.0,1.0
10000,0.7,0.3,0.0030654552087169104,2.763102111592855,0.0011094252347227794,0.6283762563096638,0.6999999999999998,exponential,564,1452.0,1452.0,4.1015,0,0.0,1.0,1.0
10000,0.7,0.3,0.0030654552087169104,2.763102111592855,0.0011094252347227794,0.6283762563096638,0.6999999999999998,exponential,565,3432.0,3432.0,3.3934,0,0.0,1.0,1.0
10000,0.7,0.3,0.0030654552087169104,2.763102111592855,0.0011094252347227794,0.6283762563096638,0.6999999999999998,exponential,566,4690.0,4690.0,3.5681999,0,0.0,1.0,1.0
10000,0.7,0.3,0.0030654552087169104,2.763102111592855,0.0011094252347227794,0.6283762563096638,0.6999999999999998,exponential,567,2487.0,2487.0,2.9844,0,0.0,1.0,1.0
10000,0.7,0.3,0.0030654552087169104,2.763102111592855,0.0011094252347227794,0.6283762563096638,0.6999999999999998,exponential,568,5497.0,5497.0,3.5876,0,0.0,1.0,1.0
10000,0.7,0.3,0.0030654552087169104,2.763102111592855,0.0011094252347227794,0.6283762563096638,0.6999999999999998,exponential,569,1266.0,1266.0,3.37,0,0.0,1.0,1.0
10000,0.7,0.3,0.0030654552087169104,2.763102111592855,0.0011094252347227794,0.6283762563096638,0.6999999999999998,exponential,570,929.0,929.0,3.0965998,0,0.0,1.0,1.0
10000,0.7,0.3,0.0030654552087169104,2.763102111592855,0.0011094252347227794,0.6283762563096638,0.6999999999999998,exponential,571,1014.0,1014.0,3.32,0,0.0,1.0,1.0
10000,0.7,0.3,0.0030654552087169104,2.763102111592855,0.0011094252347227794,0.6283762563096638,0.6999999999999998,exponential,572,2552.0,2552.0,3.5786998,0,0.0,1.0,1.0
10000,0.7,0.3,0.0030654552087169104,2.763102111592855,0.0011094252347227794,0.6283762563096638,0.6999999999999998,exponential,573,1516.0,1516.0,2.4582,0,0.0,1.0,1.0
10000,0.7,0.3,0.0030654552087169104,2.763102111592855,0.0011094252347227794,0.6283762563096638,0.6999999999999998,exponential,574,2159.0,2159.0,3.5791,0,0.0,1.0,1.0
10000,0.7,0.3,0.0030654552087169104,2.763102111592855,0.0011094252347227794,0.6283762563096638,0.6999999999999998,exponential,575,949.0,949.0,2.8788998,0,0.0,1.0,1.0
10000,0.7,0.3,0.0030654552087169104,2.763102111592855,0.0011094252347227794,0.6283762563096638,0.6999999999999998,exponential,576,267.0,267.0,3.1506999,0,0.0,1.0,1.0
10000,0.7,0.3,0.0030654552087169104,2.763102111592855,0.0011094252347227794,0.6283762563096638,0.6999999999999998,exponential,577,2004.0,2004.0,3.2689998,0,0.0,1.0,1.0
10000,0.7,0.3,0.0030654552087169104,2.763102111592855,0.0011094252347227794,0.6283762563096638,0.6999999999999998,exponential,578,1215.0,1215.0,2.9101999,0,0.0,1.0,1.0
10000,0.7,0.3,0.0030654552087169104,2.763102111592855,0.0011094252347227794,0.6283762563096638,0.6999999999999998,exponential,579,3181.0,3181.0,2.3832,0,0.0,1.0,1.0
10000,0.7,0.3,0.0030654552087169104,2.763102111592855,0.0011094252347227794,0.6283762563096638,0.6999999999999998,exponential,580,413.0,413.0,2.9150999,0,0.0,1.0,1.0
10000,0.7,0.3,0.0030654552087169104,2.763102111592855,0.0011094252347227794,0.6283762563096638,0.6999999999999998,exponential,581,7977.0,7977.0,2.3448,0,0.0,1.0,1.0
10000,0.7,0.3,0.0030654552087169104,2.763102111592855,0.0011094252347227794,0.6283762563096638,0.6999999999999998,exponential,582,1054.0,1054.0,3.1966999,0,0.0,1.0,1.0
10000,0.7,0.3,0.0030654552087169104,2.763102111592855,0.0011094252347227794,0.6283762563096638,0.6999999999999998,exponential,583,1539.0,1539.0,3.567,0,0.0,1.0,1.0
10000,0.7,0.3,0.0030654552087169104,2.763102111592855,0.0011094252347227794,0.6283762563096638,0.6999999999999998,exponential,584,1146.0,1146.0,3.9798,0,0.0,1.0,1.0
10000,0.7,0.3,0.0030654552087169104,2.763102111592855,0.0011094252347227794,0.6283762563096638,0.6999999999999998,exponential,585,10223.0,10223.0,2.5563998,0,0.0,1.0,1.0
10000,0.7,0.3,0.0030654552087169104,2.763102111592855,0.0011094252347227794,0.6283762563096638,0.6999999999999998,exponential,586,241.0,241.0,3.2435,0,0.0,1.0,1.0
10000,0.7,0.3,0.0030654552087169104,2.763102111592855,0.0011094252347227794,0.6283762563096638,0.6999999999999998,exponential,587,12819.0,12819.0,3.5212998,0,0.0,1.0,1.0
10000,0.7,0.3,0.0030654552087169104,2.763102111592855,0.0011094252347227794,0.6283762563096638,0.6999999999999998,exponential,588,1338.0,1338.0,2.8713,0,0.0,1.0,1.0
10000,0.7,0.3,0.0030654552087169104,2.763102111592855,0.0011094252347227794,0.6283762563096638,0.6999999999999998,exponential,589,2120.0,2120.0,3.0537999,0,0.0,1.0,1.0
10000,0.7,0.3,0.0030654552087169104,2.763102111592855,0.0011094252347227794,0.6283762563096638,0.6999999999999998,exponential,590,628.0,628.0,2.7022998,0,0.0,1.0,1.0
10000,0.7,0.3,0.0030654552087169104,2.763102111592855,0.0011094252347227794,0.6283762563096638,0.6999999999999998,exponential,591,1268.0,1268.0,3.0855,0,0.0,1.0,1.0
10000,0.7,0.3,0.0030654552087169104,2.763102111592855,0.0011094252347227794,0.6283762563096638,0.6999999999999998,exponential,592,549.0,549.0,2.9169,0,0.0,1.0,1.0
10000,0.7,0.3,0.0030654552087169104,2.763102111592855,0.0011094252347227794,0.6283762563096638,0.6999999999999998,exponential,593,3098.0,3098.0,3.1924,0,0.0,1.0,1.0
10000,0.7,0.3,0.0030654552087169104,2.763102111592855,0.0011094252347227794,0.6283762563096638,0.6999999999999998,exponential,594,1457.0,1457.0,2.8759,0,0.0,1.0,1.0
10000,0.7,0.3,0.0030654552087169104,2.763102111592855,0.0011094252347227794,0.6283762563096638,0.6999999999999998,exponential,595,1102.0,1102.0,3.5677,0,0.0,1.0,1.0
10000,0.7,0.3,0.0030654552087169104,2.763102111592855,0.0011094252347227794,0.6283762563096638,0.6999999999999998,exponential,596,1264.0,1264.0,2.5486999,0,0.0,1.0,1.0
10000,0.7,0.3,0.0030654552087169104,2.763102111592855,0.0011094252347227794,0.6283762563096638,0.6999999999999998,exponential,597,3043.0,3043.0,3.9671998,0,0.0,1.0,1.0
10000,0.7,0.3,0.0030654552087169104,2.763102111592855,0.0011094252347227794,0.6283762563096638,0.6999999999999998,exponential,598,773.0,773.0,2.9621,0,0.0,1.0,1.0
10000,0.7,0.3,0.0030654552087169104,2.763102111592855,0.0011094252347227794,0.6283762563096638,0.6999999999999998,exponential,599,3010.0,3010.0,3.0644,0,0.0,1.0,1.0
10000,0.7,0.3,0.0030654552087169104,2.763102111592855,0.0011094252347227794,0.6283762563096638,0.6999999999999998,exponential,600,795.0,795.0,3.2266,0,0.0,1.0,1.0
10000,0.7,0.3,0.0030654552087169104,2.763102111592855,0.0011094252347227794,0.6283762563096638,0.6999999999999998,exponential,601,2621.0,2621.0,2.635,0,0.0,1.0,1.0
10000,0.7,0.3,0.0030654552087169104,2.763102111592855,0.0011094252347227794,0.6283762563096638,0.6999999999999998,exponential,602,12497.0,12497.0,2.8046,0,0.0,1.0,1.0
10000,0.7,0.3,0.0030654552087169104,2.763102111592855,0.0011094252347227794,0.6283762563096638,0.6999999999999998,exponential,603,553.0,553.0,3.2412999,0,0.0,1.0,1.0
10000,0.7,0.3,0.0030654552087169104,2.763102111592855,0.0011094252347227794,0.6283762563096638,0.6999999999999998,exponential,604,16639.0,16639.0,2.6143,0,0.0,1.0,1.0
10000,0.7,0.3,0.0030654552087169104,2.763102111592855,0.0011094252347227794,0.6283762563096638,0.6999999999999998,exponential,605,525.0,525.0,2.5588,0,0.0,1.0,1.0
10000,0.7,0.3,0.0030654552087169104,2.763102111592855,0.0011094252347227794,0.6283762563096638,0.6999999999999998,exponential,606,2331.0,2331.0,3.1808,0,0.0,1.0,1.0
10000,0.7,0.3,0.0030654552087169104,2.763102111592855,0.0011094252347227794,0.6283762563096638,0.6999999999999998,exponential,607,1400.0,1400.0,3.0268,0,0.0,1.0,1.0
10000,0.7,0.3,0.0030654552087169104,2.763102111592855,0.0011094252347227794,0.6283762563096638,0.6999999999999998,exponential,608,1310.0,1310.0,3.5853,0,0.0,1.0,1.0
10000,0.7,0.3,0.0030654552087169104,2.763102111592855,0.0011094252347227794,0.6283762563096638,0.6999999999999998,exponential,609,1993.0,1993.0,3.2317,0,0.0,1.0,1.0
10000,0.7,0.3,0.0030654552087169104,2.763102111592855,0.0011094252347227794,0.6283762563096638,0.6999999999999998,exponential,610,1652.0,1652.0,3.2287,0,0.0,1.0,1.0
10000,0.7,0.3,0.0030654552087169104,2.763102111592855,0.0011094252347227794,0.6283762563096638,0.6999999999999998,exponential,611,9494.0,9494.0,2.9779,0,0.0,1.0,1.0
10000,0.7,0.3,0.0030654552087169104,2.763102111592855,0.0011094252347227794,0.6283762563096638,0.6999999999999998,exponential,612,2735.0,2735.0,2.8858,0,0.0,1.0,1.0
10000,0.7,0.3,0.0030654552087169104,2.763102111592855,0.0011094252347227794,0.6283762563096638,0.6999999999999998,exponential,613,1758.0,1758.0,3.6525,0,0.0,1.0,1.0
10000,0.7,0.3,0.0030654552087169104,2.763102111592855,0.0011094252347227794,0.6283762563096638,0.6999999999999998,exponential,614,1241.0,1241.0,2.8065999,0,0.0,1.0,1.0
10000,0.7,0.3,0.0030654552087169104,2.763102111592855,0.0011094252347227794,0.6283762563096638,0.6999999999999998,exponential,615,693.0,693.0,2.5093,0,0.0,1.0,1.0
10000,0.7,0.3,0.0030654552087169104,2.763102111592855,0.0011094252347227794,0.6283762563096638,0.6999999999999998,exponential,616,543.0,543.0,3.3265998,0,0.0,1.0,1.0
10000,0.7,0.3,0.0030654552087169104,2.763102111592855,0.0011094252347227794,0.6283762563096638,0.6999999999999998,exponential,617,1908.0,1908.0,3.1675,0,0.0,1.0,1.0
10000,0.7,0.3,0.0030654552087169104,2.763102111592855,0.0011094252347227794,0.6283762563096638,0.6999999999999998,exponential,618,4913.0,4913.0,4.095,0,0.0,1.0,1.0
10000,0.7,0.3,0.0030654552087169104,2.763102111592855,0.0011094252347227794,0.6283762563096638,0.6999999999999998,exponential,619,1926.0,1926.0,3.1562998,0,0.0,1.0,1.0
10000,0.7,0.3,0.0030654552087169104,2.763102111592855,0.0011094252347227794,0.6283762563096638,0.6999999999999998,exponential,620,457.0,457.0,3.1673,0,0.0,1.0,1.0
10000,0.7,0.3,0.0030654552087169104,2.763102111592855,0.0011094252347227794,0.6283762563096638,0.6999999999999998,exponential,621,7842.0,7842.0,3.3286,0,0.0,1.0,1.0
10000,0.7,0.3,0.0030654552087169104,2.763102111592855,0.0011094252347227794,0.6283762563096638,0.6999999999999998,exponential,622,4328.0,4328.0,3.0321,0,0.0,1.0,1.0
10000,0.7,0.3,0.0030654552087169104,2.763102111592855,0.0011094252347227794,0.6283762563096638,0.6999999999999998,exponential,623,1406.0,1406.0,3.0749998,0,0.0,1.0,1.0
10000,0.7,0.3,0.0030654552087169104,2.763102111592855,0.0011094252347227794,0.6283762563096638,0.6999999999999998,exponential,624,5536.0,5536.0,2.8569999,0,0.0,1.0,1.0
10000,0.7,0.3,0.0030654552087169104,2.763102111592855,0.0011094252347227794,0.6283762563096638,0.6999999999999998,exponential,625,2069.0,2069.0,2.9973998,0,0.0,1.0,1.0
10000,0.7,0.3,0.0030654552087169104,2.763102111592855,0.0011094252347227794,0.6283762563096638,0.6999999999999998,exponential,626,562.0,562.0,2.7389998,0,0.0,1.0,1.0
10000,0.7,0.3,0.0030654552087169104,2.763102111592855,0.0011094252347227794,0.6283762563096638,0.6999999999999998,exponential,627,1159.0,1159.0,2.3933,0,0.0,1.0,1.0
10000,0.7,0.3,0.0030654552087169104,2.763102111592855,0.0011094252347227794,0.6283762563096638,0.6999999999999998,exponential,628,1549.0,1549.0,3.2561,0,0.0,1.0,1.0
10000,0.7,0.3,0.0030654552087169104,2.763102111592855,0.0011094252347227794,0.6283762563096638,0.6999999999999998,exponential,629,1700.0,1700.0,3.2923,0,0.0,1.0,1.0
10000,0.7,0.3,0.0030654552087169104,2.763102111592855,0.0011094252347227794,0.6283762563096638,0.6999999999999998,exponential,630,6472.0,6472.0,3.1590998,0,0.0,1.0,1.0
10000,0.7,0.3,0.0030654552087169104,2.763102111592855,0.0011094252347227794,0.6283762563096638,0.6999999999999998,exponential,631,856.0,856.0,3.3486998,0,0.0,1.0,1.0
10000,0.7,0.3,0.0030654552087169104,2.763102111592855,0.0011094252347227794,0.6283762563096638,0.6999999999999998,exponential,632,308.0,308.0,2.9271998,0,0.0,1.0,1.0
10000,0.7,0.3,0.0030654552087169104,2.763102111592855,0.0011094252347227794,0.6283762563096638,0.6999999999999998,exponential,633,1547.0,1547.0,2.972,0,0.0,1.0,1.0
10000,0.7,0.3,0.0030654552087169104,2.763102111592855,0.0011094252347227794,0.6283762563096638,0.6999999999999998,exponential,634,4172.0,4172.0,3.5063999,0,0.0,1.0,1.0
10000,0.7,0.3,0.0030654552087169104,2.763102111592855,0.0011094252347227794,0.6283762563096638,0.6999999999999998,exponential,635,1035.0,1035.0,2.9329998,0,0.0,1.0,1.0
10000,0.7,0.3,0.0030654552087169104,2.763102111592855,0.0011094252347227794,0.6283762563096638,0.6999999999999998,exponential,636,2066.0,2066.0,2.6485999,0,0.0,1.0,1.0
10000,0.7,0.3,0.0030654552087169104,2.763102111592855,0.0011094252347227794,0.6283762563096638,0.6999999999999998,exponential,637,885.0,885.0,3.0858,0,0.0,1.0,1.0
10000,0.7,0.3,0.0030654552087169104,2.763102111592855,0.0011094252347227794,0.6283762563096638,0.6999999999999998,exponential,638,617.0,617.0,2.6025,0,0.0,1.0,1.0
10000,0.7,0.3,0.0030654552087169104,2.763102111592855,0.0011094252347227794,0.6283762563096638,0.6999999999999998,exponential,639,986.0,986.0,2.7767,0,0.0,1.0,1.0
10000,0.7,0.3,0.0030654552087169104,2.763102111592855,0.0011094252347227794,0.6283762563096638,0.6999999999999998,exponential,640,612.0,612.0,3.3639998,0,0.0,1.0,1.0
10000,0.7,0.3,0.0030654552087169104,2.763102111592855,0.0011094252347227794,0.6283762563096638,0.6999999999999998,exponential,641,5326.0,5326.0,4.0843,0,0.0,1.0,1.0
10000,0.7,0.3,0.0030654552087169104,2.763102111592855,0.0011094252347227794,0.6283762563096638,0.6999999999999998,exponential,642,1445.0,1445.0,2.9445,0,0.0,1.0,1.0
10000,0.7,0.3,0.0030654552087169104,2.763102111592855,0.0011094252347227794,0.6283762563096638,0.6999999999999998,exponential,643,5642.0,5642.0,3.0105,0,0.0,1.0,1.0
10000,0.7,0.3,0.0030654552087169104,2.763102111592855,0.0011094252347227794,0.6283762563096638,0.6999999999999998,exponential,644,616.0,616.0,3.2654998,0,0.0,1.0,1.0
10000,0.7,0.3,0.0030654552087169104,2.763102111592855,0.0011094252347227794,0.6283762563096638,0.6999999999999998,exponential,645,785.0,785.0,2.9945998,0,0.0,1.0,1.0
10000,0.7,0.3,0.0030654552087169104,2.763102111592855,0.0011094252347227794,0.6283762563096638,0.6999999999999998,exponential,646,1418.0,1418.0,3.4276,0,0.0,1.0,1.0
10000,0.7,0.3,0.0030654552087169104,2.763102111592855,0.0011094252347227794,0.6283762563096638,0.6999999999999998,exponential,647,978.0,978.0,2.7995,0,0.0,1.0,1.0
10000,0.7,0.3,0.0030654552087169104,2.763102111592855,0.0011094252347227794,0.6283762563096638,0.6999999999999998,exponential,648,2200.0,2200.0,2.7371,0,0.0,1.0,1.0
10000,0.7,0.3,0.0030654552087169104,2.763102111592855,0.0011094252347227794,0.6283762563096638,0.6999999999999998,exponential,649,4295.0,4295.0,3.2521,0,0.0,1.0,1.0
10000,0.7,0.3,0.0030654552087169104,2.763102111592855,0.0011094252347227794,0.6283762563096638,0.6999999999999998,exponential,650,3243.0,3243.0,3.2832,0,0.0,1.0,1.0
10000,0.7,0.3,0.0030654552087169104,2.763102111592855,0.0011094252347227794,0.6283762563096638,0.6999999999999998,exponential,651,6675.0,6675.0,3.2289,0,0.0,1.0,1.0
10000,0.7,0.3,0.0030654552087169104,2.763102111592855,0.0011094252347227794,0.6283762563096638,0.6999999999999998,exponential,652,636.0,636.0,2.6780999,0,0.0,1.0,1.0
10000,0.7,0.3,0.0030654552087169104,2.763102111592855,0.0011094252347227794,0.6283762563096638,0.6999999999999998,exponential,653,1081.0,1081.0,3.1204998,0,0.0,1.0,1.0
10000,0.7,0.3,0.0030654552087169104,2.763102111592855,0.0011094252347227794,0.6283762563096638,0.6999999999999998,exponential,654,1105.0,1105.0,3.3769,0,0.0,1.0,1.0
10000,0.7,0.3,0.0030654552087169104,2.763102111592855,0.0011094252347227794,0.6283762563096638,0.6999999999999998,exponential,655,1470.0,1470.0,3.1964998,0,0.0,1.0,1.0
10000,0.7,0.3,0.0030654552087169104,2.763102111592855,0.0011094252347227794,0.6283762563096638,0.6999999999999998,exponential,656,1097.0,1097.0,2.9580998,0,0.0,1.0,1.0
10000,0.7,0.3,0.0030654552087169104,2.763102111592855,0.0011094252347227794,0.6283762563096638,0.6999999999999998,exponential,657,5810.0,5810.0,2.8283,0,0.0,1.0,1.0
10000,0.7,0.3,0.0030654552087169104,2.763102111592855,0.0011094252347227794,0.6283762563096638,0.6999999999999998,exponential,658,3133.0,3133.0,2.6648,0,0.0,1.0,1.0
10000,0.7,0.3,0.0030654552087169104,2.763102111592855,0.0011094252347227794,0.6283762563096638,0.6999999999999998,exponential,659,3017.0,3017.0,2.7612998,0,0.0,1.0,1.0
10000,0.7,0.3,0.0030654552087169104,2.763102111592855,0.0011094252347227794,0.6283762563096638,0.6999999999999998,exponential,660,4156.0,4156.0,3.2821999,0,0.0,1.0,1.0
10000,0.7,0.3,0.0030654552087169104,2.763102111592855,0.0011094252347227794,0.6283762563096638,0.6999999999999998,exponential,661,4031.0,4031.0,3.1273,0,0.0,1.0,1.0
10000,0.7,0.3,0.0030654552087169104,2.763102111592855,0.0011094252347227794,0.6283762563096638,0.6999999999999998,exponential,662,8251.0,8251.0,3.6950998,0,0.0,1.0,1.0
10000,0.7,0.3,0.0030654552087169104,2.763102111592855,0.0011094252347227794,0.6283762563096638,0.6999999999999998,exponential,663,246.0,246.0,2.9447,0,0.0,1.0,1.0
10000,0.7,0.3,0.0030654552087169104,2.763102111592855,0.0011094252347227794,0.6283762563096638,0.6999999999999998,exponential,664,421.0,421.0,3.2429,0,0.0,1.0,1.0
10000,0.7,0.3,0.0030654552087169104,2.763102111592855,0.0011094252347227794,0.6283762563096638,0.6999999999999998,exponential,665,1895.0,1895.0,3.1553,0,0.0,1.0,1.0
10000,0.7,0.3,0.0030654552087169104,2.763102111592855,0.0011094252347227794,0.6283762563096638,0.6999999999999998,exponential,666,1794.0,1794.0,2.6773,0,0.0,1.0,1.0
10000,0.7,0.3,0.0030654552087169104,2.763102111592855,0.0011094252347227794,0.6283762563096638,0.6999999999999998,exponential,667,5521.0,5521.0,3.1743,0,0.0,1.0,1.0
10000,0.7,0.3,0.0030654552087169104,2.763102111592855,0.0011094252347227794,0.6283762563096638,0.6999999999999998,exponential,668,4183.0,4183.0,3.3397,0,0.0,1.0,1.0
10000,0.7,0.3,0.0030654552087169104,2.763102111592855,0.0011094252347227794,0.6283762563096638,0.6999999999999998,exponential,669,556.0,556.0,2.6818,0,0.0,1.0,1.0
10000,0.7,0.3,0.0030654552087169104,2.763102111592855,0.0011094252347227794,0.6283762563096638,0.6999999999999998,exponential,670,3391.0,3391.0,3.6915,0,0.0,1.0,1.0
10000,0.7,0.3,0.0030654552087169104,2.763102111592855,0.0011094252347227794,0.6283762563096638,0.6999999999999998,exponential,671,1448.0,1448.0,2.8537998,0,0.0,1.0,1.0
10000,0.7,0.3,0.0030654552087169104,2.763102111592855,0.0011094252347227794,0.6283762563096638,0.6999999999999998,exponential,672,886.0,886.0,2.8539,0,0.0,1.0,1.0
10000,0.7,0.3,0.0030654552087169104,2.763102111592855,0.0011094252347227794,0.6283762563096638,0.6999999999999998,exponential,673,2805.0,2805.0,3.2235,0,0.0,1.0,1.0
10000,0.7,0.3,0.0030654552087169104,2.763102111592855,0.0011094252347227794,0.6283762563096638,0.6999999999999998,exponential,674,844.0,844.0,2.7847998,0,0.0,1.0,1.0
10000,0.7,0.3,0.0030654552087169104,2.763102111592855,0.0011094252347227794,0.6283762563096638,0.6999999999999998,exponential,675,625.0,625.0,2.7080998,0,0.0,1.0,1.0
10000,0.7,0.3,0.0030654552087169104,2.763102111592855,0.0011094252347227794,0.6283762563096638,0.6999999999999998,exponential,676,636.0,636.0,3.145,0,0.0,1.0,1.0
10000,0.7,0.3,0.0030654552087169104,2.763102111592855,0.0011094252347227794,0.6283762563096638,0.6999999999999998,exponential,677,1168.0,1168.0,3.1076999,0,0.0,1.0,1.0
10000,0.7,0.3,0.0030654552087169104,2.763102111592855,0.0011094252347227794,0.6283762563096638,0.6999999999999998,exponential,678,916.0,916.0,3.5637,0,0.0,1.0,1.0
10000,0.7,0.3,0.0030654552087169104,2.763102111592855,0.0011094252347227794,0.6283762563096638,0.6999999999999998,exponential,679,548.0,548.0,3.2047,0,0.0,1.0,1.0
10000,0.7,0.3,0.0030654552087169104,2.763102111592855,0.0011094252347227794,0.6283762563096638,0.6999999999999998,exponential,680,2221.0,2221.0,2.6815,0,0.0,1.0,1.0
10000,0.7,0.3,0.0030654552087169104,2.763102111592855,0.0011094252347227794,0.6283762563096638,0.6999999999999998,exponential,681,3071.0,3071.0,2.8593,0,0.0,1.0,1.0
10000,0.7,0.3,0.0030654552087169104,2.763102111592855,0.0011094252347227794,0.6283762563096638,0.6999999999999998,exponential,682,2042.0,2042.0,2.8421,0,0.0,1.0,1.0
10000,0.7,0.3,0.0030654552087169104,2.763102111592855,0.0011094252347227794,0.6283762563096638,0.6999999999999998,exponential,683,546.0,546.0,3.3112998,0,0.0,1.0,1.0
10000,0.7,0.3,0.0030654552087169104,2.763102111592855,0.0011094252347227794,0.6283762563096638,0.6999999999999998,exponential,684,564.0,564.0,2.9287999,0,0.0,1.0,1.0
10000,0.7,0.3,0.0030654552087169104,2.763102111592855,0.0011094252347227794,0.6283762563096638,0.6999999999999998,exponential,685,550.0,550.0,2.7519,0,0.0,1.0,1.0
10000,0.7,0.3,0.0030654552087169104,2.763102111592855,0.0011094252347227794,0.6283762563096638,0.6999999999999998,exponential,686,1497.0,1497.0,2.7029998,0,0.0,1.0,1.0
10000,0.7,0.3,0.0030654552087169104,2.763102111592855,0.0011094252347227794,0.6283762563096638,0.6999999999999998,exponential,687,13182.0,13182.0,3.2881,0,0.0,1.0,1.0
10000,0.7,0.3,0.0030654552087169104,2.763102111592855,0.0011094252347227794,0.6283762563096638,0.6999999999999998,exponential,688,757.0,757.0,3.3253999,0,0.0,1.0,1.0
10000,0.7,0.3,0.0030654552087169104,2.763102111592855,0.0011094252347227794,0.6283762563096638,0.6999999999999998,exponential,689,440.0,440.0,3.0713,0,0.0,1.0,1.0
10000,0.7,0.3,0.0030654552087169104,2.763102111592855,0.0011094252347227794,0.6283762563096638,0.6999999999999998,exponential,690,1410.0,1410.0,2.9612,0,0.0,1.0,1.0
10000,0.7,0.3,0.0030654552087169104,2.763102111592855,0.0011094252347227794,0.6283762563096638,0.6999999999999998,exponential,691,3359.0,3359.0,3.717,0,0.0,1.0,1.0
10000,0.7,0.3,0.0030654552087169104,2.763102111592855,0.0011094252347227794,0.6283762563096638,0.6999999999999998,exponential,692,815.0,815.0,3.0258,0,0.0,1.0,1.0
10000,0.7,0.3,0.0030654552087169104,2.763102111592855,0.0011094252347227794,0.6283762563096638,0.6999999999999998,exponential,693,2540.0,2540.0,3.7303,0,0.0,1.0,1.0
10000,0.7,0.3,0.0030654552087169104,2.763102111592855,0.0011094252347227794,0.6283762563096638,0.6999999999999998,exponential,694,2419.0,2419.0,2.711,0,0.0,1.0,1.0
10000,0.7,0.3,0.0030654552087169104,2.763102111592855,0.0011094252347227794,0.6283762563096638,0.6999999999999998,exponential,695,4431.0,4431.0,2.791,0,0.0,1.0,1.0
10000,0.7,0.3,0.0030654552087169104,2.763102111592855,0.0011094252347227794,0.6283762563096638,0.6999999999999998,exponential,696,1658.0,1658.0,2.6754,0,0.0,1.0,1.0
10000,0.7,0.3,0.0030654552087169104,2.763102111592855,0.0011094252347227794,0.6283762563096638,0.6999999999999998,exponential,697,1528.0,1528.0,3.1776,0,0.0,1.0,1.0
10000,0.7,0.3,0.0030654552087169104,2.763102111592855,0.0011094252347227794,0.6283762563096638,0.6999999999999998,exponential,698,2585.0,2585.0,3.4527,0,0.0,1.0,1.0
10000,0.7,0.3,0.0030654552087169104,2.763102111592855,0.0011094252347227794,0.6283762563096638,0.6999999999999998,exponential,699,1038.0,1038.0,3.4633,0,0.0,1.0,1.0
10000,0.7,0.3,0.0030654552087169104,2.763102111592855,0.0011094252347227794,0.6283762563096638,0.6999999999999998,exponential,700,3346.0,3346.0,3.369,0,0.0,1.0,1.0
10000,0.7,0.3,0.0030654552087169104,2.763102111592855,0.0011094252347227794,0.6283762563096638,0.6999999999999998,exponential,701,936.0,936.0,3.4076,0,0.0,1.0,1.0
10000,0.7,0.3,0.0030654552087169104,2.763102111592855,0.0011094252347227794,0.6283762563096638,0.6999999999999998,exponential,702,541.0,541.0,3.2017999,0,0.0,1.0,1.0
10000,0.7,0.3,0.0030654552087169104,2.763102111592855,0.0011094252347227794,0.6283762563096638,0.6999999999999998,exponential,703,271.0,271.0,2.8169,0,0.0,1.0,1.0
10000,0.7,0.3,0.0030654552087169104,2.763102111592855,0.0011094252347227794,0.6283762563096638,0.6999999999999998,exponential,704,6928.0,6928.0,3.4871,0,0.0,1.0,1.0
10000,0.7,0.3,0.0030654552087169104,2.763102111592855,0.0011094252347227794,0.6283762563096638,0.6999999999999998,exponential,705,4751.0,4751.0,2.9554,0,0.0,1.0,1.0
10000,0.7,0.3,0.0030654552087169104,2.763102111592855,0.0011094252347227794,0.6283762563096638,0.6999999999999998,exponential,706,1904.0,1904.0,3.5665998,0,0.0,1.0,1.0
10000,0.7,0.3,0.0030654552087169104,2.763102111592855,0.0011094252347227794,0.6283762563096638,0.6999999999999998,exponential,707,761.0,761.0,2.585,0,0.0,1.0,1.0
10000,0.7,0.3,0.0030654552087169104,2.763102111592855,0.0011094252347227794,0.6283762563096638,0.6999999999999998,exponential,708,4101.0,4101.0,3.4652998,0,0.0,1.0,1.0
10000,0.7,0.3,0.0030654552087169104,2.763102111592855,0.0011094252347227794,0.6283762563096638,0.6999999999999998,exponential,709,367.0,367.0,3.1309,0,0.0,1.0,1.0
10000,0.7,0.3,0.0030654552087169104,2.763102111592855,0.0011094252347227794,0.6283762563096638,0.6999999999999998,exponential,710,14735.0,14735.0,3.0705,0,0.0,1.0,1.0
10000,0.7,0.3,0.0030654552087169104,2.763102111592855,0.0011094252347227794,0.6283762563096638,0.6999999999999998,exponential,711,3391.0,3391.0,2.9765,0,0.0,1.0,1.0
10000,0.7,0.3,0.0030654552087169104,2.763102111592855,0.0011094252347227794,0.6283762563096638,0.6999999999999998,exponential,712,820.0,820.0,2.8061,0,0.0,1.0,1.0
10000,0.7,0.3,0.0030654552087169104,2.763102111592855,0.0011094252347227794,0.6283762563096638,0.6999999999999998,exponential,713,1826.0,1826.0,3.6836,0,0.0,1.0,1.0
10000,0.7,0.3,0.0030654552087169104,2.763102111592855,0.0011094252347227794,0.6283762563096638,0.6999999999999998,exponential,714,4195.0,4195.0,3.1272,0,0.0,1.0,1.0
10000,0.7,0.3,0.0030654552087169104,2.763102111592855,0.0011094252347227794,0.6283762563096638,0.6999999999999998,exponential,715,1171.0,1171.0,3.0553,0,0.0,1.0,1.0
10000,0.7,0.3,0.0030654552087169104,2.763102111592855,0.0011094252347227794,0.6283762563096638,0.6999999999999998,exponential,716,757.0,757.0,3.3481,0,0.0,1.0,1.0
10000,0.7,0.3,0.0030654552087169104,2.763102111592855,0.0011094252347227794,0.6283762563096638,0.6999999999999998,exponential,717,1355.0,1355.0,3.7257998,0,0.0,1.0,1.0
10000,0.7,0.3,0.0030654552087169104,2.763102111592855,0.0011094252347227794,0.6283762563096638,0.6999999999999998,exponential,718,4249.0,4249.0,2.7795,0,0.0,1.0,1.0
10000,0.7,0.3,0.0030654552087169104,2.763102111592855,0.0011094252347227794,0.6283762563096638,0.6999999999999998,exponential,719,1332.0,1332.0,3.695,0,0.0,1.0,1.0
10000,0.7,0.3,0.0030654552087169104,2.763102111592855,0.0011094252347227794,0.6283762563096638,0.6999999999999998,exponential,720,2743.0,2743.0,2.6947,0,0.0,1.0,1.0
10000,0.7,0.3,0.0030654552087169104,2.763102111592855,0.0011094252347227794,0.6283762563096638,0.6999999999999998,exponential,721,4640.0,4640.0,2.7443,0,0.0,1.0,1.0
10000,0.7,0.3,0.0030654552087169104,2.763102111592855,0.0011094252347227794,0.6283762563096638,0.6999999999999998,exponential,722,1082.0,1082.0,3.5017,0,0.0,1.0,1.0
10000,0.7,0.3,0.0030654552087169104,2.763102111592855,0.0011094252347227794,0.6283762563096638,0.6999999999999998,exponential,723,1387.0,1387.0,3.0312,0,0.0,1.0,1.0
10000,0.7,0.3,0.0030654552087169104,2.763102111592855,0.0011094252347227794,0.6283762563096638,0.6999999999999998,exponential,724,1248.0,1248.0,3.4287999,0,0.0,1.0,1.0
10000,0.7,0.3,0.0030654552087169104,2.763102111592855,0.0011094252347227794,0.6283762563096638,0.6999999999999998,exponential,725,623.0,623.0,2.6763,0,0.0,1.0,1.0
10000,0.7,0.3,0.0030654552087169104,2.763102111592855,0.0011094252347227794,0.6283762563096638,0.6999999999999998,exponential,726,10911.0,10911.0,2.9593,0,0.0,1.0,1.0
10000,0.7,0.3,0.0030654552087169104,2.763102111592855,0.0011094252347227794,0.6283762563096638,0.6999999999999998,exponential,727,4212.0,4212.0,3.4729998,0,0.0,1.0,1.0
10000,0.7,0.3,0.0030654552087169104,2.763102111592855,0.0011094252347227794,0.6283762563096638,0.6999999999999998,exponential,728,933.0,933.0,3.0095,0,0.0,1.0,1.0
10000,0.7,0.3,0.0030654552087169104,2.763102111592855,0.0011094252347227794,0.6283762563096638,0.6999999999999998,exponential,729,2926.0,2926.0,2.5698,0,0.0,1.0,1.0
10000,0.7,0.3,0.0030654552087169104,2.763102111592855,0.0011094252347227794,0.6283762563096638,0.6999999999999998,exponential,730,12234.0,12234.0,3.4621,0,0.0,1.0,1.0
10000,0.7,0.3,0.0030654552087169104,2.763102111592855,0.0011094252347227794,0.6283762563096638,0.6999999999999998,exponential,731,1188.0,1188.0,3.181,0,0.0,1.0,1.0
10000,0.7,0.3,0.0030654552087169104,2.763102111592855,0.0011094252347227794,0.6283762563096638,0.6999999999999998,exponential,732,2202.0,2202.0,3.1209,0,0.0,1.0,1.0
10000,0.7,0.3,0.0030654552087169104,2.763102111592855,0.0011094252347227794,0.6283762563096638,0.6999999999999998,exponential,733,4561.0,4561.0,3.0073,0,0.0,1.0,1.0
10000,0.7,0.3,0.0030654552087169104,2.763102111592855,0.0011094252347227794,0.6283762563096638,0.6999999999999998,exponential,734,8680.0,8680.0,2.8449,0,0.0,1.0,1.0
10000,0.7,0.3,0.0030654552087169104,2.763102111592855,0.0011094252347227794,0.6283762563096638,0.6999999999999998,exponential,735,1825.0,1825.0,2.1605,0,0.0,1.0,1.0
10000,0.7,0.3,0.0030654552087169104,2.763102111592855,0.0011094252347227794,0.6283762563096638,0.6999999999999998,exponential,736,4636.0,4636.0,2.9729998,0,0.0,1.0,1.0
10000,0.7,0.3,0.0030654552087169104,2.763102111592855,0.0011094252347227794,0.6283762563096638,0.6999999999999998,exponential,737,1062.0,1062.0,3.1399,0,0.0,1.0,1.0
10000,0.7,0.3,0.0030654552087169104,2.763102111592855,0.0011094252347227794,0.6283762563096638,0.6999999999999998,exponential,738,315.0,315.0,2.9078,0,0.0,1.0,1.0
10000,0.7,0.3,0.0030654552087169104,2.763102111592855,0.0011094252347227794,0.6283762563096638,0.6999999999999998,exponential,739,786.0,786.0,2.9559,0,0.0,1.0,1.0
10000,0.7,0.3,0.0030654552087169104,2.763102111592855,0.0011094252347227794,0.6283762563096638,0.6999999999999998,exponential,740,5942.0,5942.0,2.6181998,0,0.0,1.0,1.0
10000,0.7,0.3,0.0030654552087169104,2.763102111592855,0.0011094252347227794,0.6283762563096638,0.6999999999999998,exponential,741,633.0,633.0,2.6399999,0,0.0,1.0,1.0
10000,0.7,0.3,0.0030654552087169104,2.763102111592855,0.0011094252347227794,0.6283762563096638,0.6999999999999998,exponential,742,417.0,417.0,2.7401,0,0.0,1.0,1.0
10000,0.7,0.3,0.0030654552087169104,2.763102111592855,0.0011094252347227794,0.6283762563096638,0.6999999999999998,exponential,743,2300.0,2300.0,3.7793999,0,0.0,1.0,1.0
10000,0.7,0.3,0.0030654552087169104,2.763102111592855,0.0011094252347227794,0.6283762563096638,0.6999999999999998,exponential,744,263.0,263.0,3.4368,0,0.0,1.0,1.0
10000,0.7,0.3,0.0030654552087169104,2.763102111592855,0.0011094252347227794,0.6283762563096638,0.6999999999999998,exponential,745,4243.0,4243.0,2.7512,0,0.0,1.0,1.0
10000,0.7,0.3,0.0030654552087169104,2.763102111592855,0.0011094252347227794,0.6283762563096638,0.6999999999999998,exponential,746,1300.0,1300.0,4.0863,0,0.0,1.0,1.0
10000,0.7,0.3,0.0030654552087169104,2.763102111592855,0.0011094252347227794,0.6283762563096638,0.6999999999999998,exponential,747,4409.0,4409.0,3.2391,0,0.0,1.0,1.0
10000,0.7,0.3,0.0030654552087169104,2.763102111592855,0.0011094252347227794,0.6283762563096638,0.6999999999999998,exponential,748,2320.0,2320.0,2.452,0,0.0,1.0,1.0
10000,0.7,0.3,0.0030654552087169104,2.763102111592855,0.0011094252347227794,0.6283762563096638,0.6999999999999998,exponential,749,804.0,804.0,3.3653998,0,0.0,1.0,1.0
10000,0.7,0.3,0.0030654552087169104,2.763102111592855,0.0011094252347227794,0.6283762563096638,0.6999999999999998,exponential,750,11224.0,11224.0,2.8881,0,0.0,1.0,1.0
10000,0.7,0.3,0.0030654552087169104,2.763102111592855,0.0011094252347227794,0.6283762563096638,0.6999999999999998,exponential,751,1484.0,1484.0,2.6234999,0,0.0,1.0,1.0
10000,0.7,0.3,0.0030654552087169104,2.763102111592855,0.0011094252347227794,0.6283762563096638,0.6999999999999998,exponential,752,4687.0,4687.0,3.7136998,0,0.0,1.0,1.0
10000,0.7,0.3,0.0030654552087169104,2.763102111592855,0.0011094252347227794,0.6283762563096638,0.6999999999999998,exponential,753,1331.0,1331.0,3.3737,0,0.0,1.0,1.0
10000,0.7,0.3,0.0030654552087169104,2.763102111592855,0.0011094252347227794,0.6283762563096638,0.6999999999999998,exponential,754,878.0,878.0,3.0358999,0,0.0,1.0,1.0
10000,0.7,0.3,0.0030654552087169104,2.763102111592855,0.0011094252347227794,0.6283762563096638,0.6999999999999998,exponential,755,574.0,574.0,3.0507998,0,0.0,1.0,1.0
10000,0.7,0.3,0.0030654552087169104,2.763102111592855,0.0011094252347227794,0.6283762563096638,0.6999999999999998,exponential,756,3035.0,3035.0,3.3413,0,0.0,1.0,1.0
10000,0.7,0.3,0.0030654552087169104,2.763102111592855,0.0011094252347227794,0.6283762563096638,0.6999999999999998,exponential,757,8324.0,8324.0,3.2796998,0,0.0,1.0,1.0
10000,0.7,0.3,0.0030654552087169104,2.763102111592855,0.0011094252347227794,0.6283762563096638,0.6999999999999998,exponential,758,3017.0,3017.0,3.2184,0,0.0,1.0,1.0
10000,0.7,0.3,0.0030654552087169104,2.763102111592855,0.0011094252347227794,0.6283762563096638,0.6999999999999998,exponential,759,2450.0,2450.0,3.3902998,0,0.0,1.0,1.0
10000,0.7,0.3,0.0030654552087169104,2.763102111592855,0.0011094252347227794,0.6283762563096638,0.6999999999999998,exponential,760,3072.0,3072.0,3.6444,0,0.0,1.0,1.0
10000,0.7,0.3,0.0030654552087169104,2.763102111592855,0.0011094252347227794,0.6283762563096638,0.6999999999999998,exponential,761,1751.0,1751.0,2.9868999,0,0.0,1.0,1.0
10000,0.7,0.3,0.0030654552087169104,2.763102111592855,0.0011094252347227794,0.6283762563096638,0.6999999999999998,exponential,762,516.0,516.0,2.8667,0,0.0,1.0,1.0
10000,0.7,0.3,0.0030654552087169104,2.763102111592855,0.0011094252347227794,0.6283762563096638,0.6999999999999998,exponential,763,2709.0,2709.0,3.5851998,0,0.0,1.0,1.0
10000,0.7,0.3,0.0030654552087169104,2.763102111592855,0.0011094252347227794,0.6283762563096638,0.6999999999999998,exponential,764,1877.0,1877.0,2.674,0,0.0,1.0,1.0
10000,0.7,0.3,0.0030654552087169104,2.763102111592855,0.0011094252347227794,0.6283762563096638,0.6999999999999998,exponential,765,3132.0,3132.0,2.7577999,0,0.0,1.0,1.0
10000,0.7,0.3,0.0030654552087169104,2.763102111592855,0.0011094252347227794,0.6283762563096638,0.6999999999999998,exponential,766,3490.0,3490.0,3.0063999,0,0.0,1.0,1.0
10000,0.7,0.3,0.0030654552087169104,2.763102111592855,0.0011094252347227794,0.6283762563096638,0.6999999999999998,exponential,767,6904.0,6904.0,2.4496999,0,0.0,1.0,1.0
10000,0.7,0.3,0.0030654552087169104,2.763102111592855,0.0011094252347227794,0.6283762563096638,0.6999999999999998,exponential,768,2669.0,2669.0,3.2933,0,0.0,1.0,1.0
10000,0.7,0.3,0.0030654552087169104,2.763102111592855,0.0011094252347227794,0.6283762563096638,0.6999999999999998,exponential,769,662.0,662.0,3.0298,0,0.0,1.0,1.0
10000,0.7,0.3,0.0030654552087169104,2.763102111592855,0.0011094252347227794,0.6283762563096638,0.6999999999999998,exponential,770,971.0,971.0,3.7006998,0,0.0,1.0,1.0
10000,0.7,0.3,0.0030654552087169104,2.763102111592855,0.0011094252347227794,0.6283762563096638,0.6999999999999998,exponential,771,897.0,897.0,3.0244,0,0.0,1.0,1.0
10000,0.7,0.3,0.0030654552087169104,2.763102111592855,0.0011094252347227794,0.6283762563096638,0.6999999999999998,exponential,772,4532.0,4532.0,3.2013998,0,0.0,1.0,1.0
10000,0.7,0.3,0.0030654552087169104,2.763102111592855,0.0011094252347227794,0.6283762563096638,0.6999999999999998,exponential,773,2573.0,2573.0,3.3727999,0,0.0,1.0,1.0
10000,0.7,0.3,0.0030654552087169104,2.763102111592855,0.0011094252347227794,0.6283762563096638,0.6999999999999998,exponential,774,7267.0,7267.0,3.1062999,0,0.0,1.0,1.0
10000,0.7,0.3,0.0030654552087169104,2.763102111592855,0.0011094252347227794,0.6283762563096638,0.6999999999999998,exponential,775,3719.0,3719.0,3.1222,0,0.0,1.0,1.0
10000,0.7,0.3,0.0030654552087169104,2.763102111592855,0.0011094252347227794,0.6283762563096638,0.6999999999999998,exponential,776,8081.0,8081.0,2.8063,0,0.0,1.0,1.0
10000,0.7,0.3,0.0030654552087169104,2.763102111592855,0.0011094252347227794,0.6283762563096638,0.6999999999999998,exponential,777,756.0,756.0,3.3325,0,0.0,1.0,1.0
10000,0.7,0.3,0.0030654552087169104,2.763102111592855,0.0011094252347227794,0.6283762563096638,0.6999999999999998,exponential,778,2478.0,2478.0,3.6852,0,0.0,1.0,1.0
10000,0.7,0.3,0.0030654552087169104,2.763102111592855,0.0011094252347227794,0.6283762563096638,0.6999999999999998,exponential,779,1012.0,1012.0,3.6129,0,0.0,1.0,1.0
10000,0.7,0.3,0.0030654552087169104,2.763102111592855,0.0011094252347227794,0.6283762563096638,0.6999999999999998,exponential,780,587.0,587.0,2.8455,0,0.0,1.0,1.0
10000,0.7,0.3,0.0030654552087169104,2.763102111592855,0.0011094252347227794,0.6283762563096638,0.6999999999999998,exponential,781,818.0,818.0,2.7589998,0,0.0,1.0,1.0
10000,0.7,0.3,0.0030654552087169104,2.763102111592855,0.0011094252347227794,0.6283762563096638,0.6999999999999998,exponential,782,817.0,817.0,3.3507,0,0.0,1.0,1.0
10000,0.7,0.3,0.0030654552087169104,2.763102111592855,0.0011094252347227794,0.6283762563096638,0.6999999999999998,exponential,783,6083.0,6083.0,3.5667999,0,0.0,1.0,1.0
10000,0.7,0.3,0.0030654552087169104,2.763102111592855,0.0011094252347227794,0.6283762563096638,0.6999999999999998,exponential,784,7623.0,7623.0,3.7284,0,0.0,1.0,1.0
10000,0.7,0.3,0.0030654552087169104,2.763102111592855,0.0011094252347227794,0.6283762563096638,0.6999999999999998,exponential,785,4128.0,4128.0,2.9292,0,0.0,1.0,1.0
10000,0.7,0.3,0.0030654552087169104,2.763102111592855,0.0011094252347227794,0.6283762563096638,0.6999999999999998,exponential,786,1070.0,1070.0,3.4183,0,0.0,1.0,1.0
10000,0.7,0.3,0.0030654552087169104,2.763102111592855,0.0011094252347227794,0.6283762563096638,0.6999999999999998,exponential,787,4813.0,4813.0,2.5997999,0,0.0,1.0,1.0
10000,0.7,0.3,0.0030654552087169104,2.763102111592855,0.0011094252347227794,0.6283762563096638,0.6999999999999998,exponential,788,1835.0,1835.0,2.9715,0,0.0,1.0,1.0
10000,0.7,0.3,0.0030654552087169104,2.763102111592855,0.0011094252347227794,0.6283762563096638,0.6999999999999998,exponential,789,623.0,623.0,3.1687,0,0.0,1.0,1.0
10000,0.7,0.3,0.0030654552087169104,2.763102111592855,0.0011094252347227794,0.6283762563096638,0.6999999999999998,exponential,790,897.0,897.0,3.1943,0,0.0,1.0,1.0
10000,0.7,0.3,0.0030654552087169104,2.763102111592855,0.0011094252347227794,0.6283762563096638,0.6999999999999998,exponential,791,435.0,435.0,2.8653,0,0.0,1.0,1.0
10000,0.7,0.3,0.0030654552087169104,2.763102111592855,0.0011094252347227794,0.6283762563096638,0.6999999999999998,exponential,792,622.0,622.0,3.303,0,0.0,1.0,1.0
10000,0.7,0.3,0.0030654552087169104,2.763102111592855,0.0011094252347227794,0.6283762563096638,0.6999999999999998,exponential,793,1626.0,1626.0,3.5289998,0,0.0,1.0,1.0
10000,0.7,0.3,0.0030654552087169104,2.763102111592855,0.0011094252347227794,0.6283762563096638,0.6999999999999998,exponential,794,675.0,675.0,2.8929,0,0.0,1.0,1.0
10000,0.7,0.3,0.0030654552087169104,2.763102111592855,0.0011094252347227794,0.6283762563096638,0.6999999999999998,exponential,795,6779.0,6779.0,2.4227998,0,0.0,1.0,1.0
10000,0.7,0.3,0.0030654552087169104,2.763102111592855,0.0011094252347227794,0.6283762563096638,0.6999999999999998,exponential,796,961.0,961.0,3.6004,0,0.0,1.0,1.0
10000,0.7,0.3,0.0030654552087169104,2.763102111592855,0.0011094252347227794,0.6283762563096638,0.6999999999999998,exponential,797,3952.0,3952.0,2.8481,0,0.0,1.0,1.0
10000,0.7,0.3,0.0030654552087169104,2.763102111592855,0.0011094252347227794,0.6283762563096638,0.6999999999999998,exponential,798,362.0,362.0,2.6325998,0,0.0,1.0,1.0
10000,0.7,0.3,0.0030654552087169104,2.763102111592855,0.0011094252347227794,0.6283762563096638,0.6999999999999998,exponential,799,2344.0,2344.0,3.452,0,0.0,1.0,1.0
10000,0.7,0.3,0.0030654552087169104,2.763102111592855,0.0011094252347227794,0.6283762563096638,0.6999999999999998,exponential,800,1188.0,1188.0,3.0877,0,0.0,1.0,1.0
10000,0.7,0.3,0.0030654552087169104,2.763102111592855,0.0011094252347227794,0.6283762563096638,0.6999999999999998,exponential,801,2797.0,2797.0,3.6885,0,0.0,1.0,1.0
10000,0.7,0.3,0.0030654552087169104,2.763102111592855,0.0011094252347227794,0.6283762563096638,0.6999999999999998,exponential,802,446.0,446.0,3.2034,0,0.0,1.0,1.0
10000,0.7,0.3,0.0030654552087169104,2.763102111592855,0.0011094252347227794,0.6283762563096638,0.6999999999999998,exponential,803,2620.0,2620.0,3.0479,0,0.0,1.0,1.0
10000,0.7,0.3,0.0030654552087169104,2.763102111592855,0.0011094252347227794,0.6283762563096638,0.6999999999999998,exponential,804,362.0,362.0,3.3683999,0,0.0,1.0,1.0
10000,0.7,0.3,0.0030654552087169104,2.763102111592855,0.0011094252347227794,0.6283762563096638,0.6999999999999998,exponential,805,7091.0,7091.0,2.7498999,0,0.0,1.0,1.0
10000,0.7,0.3,0.0030654552087169104,2.763102111592855,0.0011094252347227794,0.6283762563096638,0.6999999999999998,exponential,806,6697.0,6697.0,3.3114998,0,0.0,1.0,1.0
10000,0.7,0.3,0.0030654552087169104,2.763102111592855,0.0011094252347227794,0.6283762563096638,0.6999999999999998,exponential,807,381.0,381.0,3.0425,0,0.0,1.0,1.0
10000,0.7,0.3,0.0030654552087169104,2.763102111592855,0.0011094252347227794,0.6283762563096638,0.6999999999999998,exponential,808,7330.0,7330.0,3.079,0,0.0,1.0,1.0
10000,0.7,0.3,0.0030654552087169104,2.763102111592855,0.0011094252347227794,0.6283762563096638,0.6999999999999998,exponential,809,12981.0,12981.0,3.2682,0,0.0,1.0,1.0
10000,0.7,0.3,0.0030654552087169104,2.763102111592855,0.0011094252347227794,0.6283762563096638,0.6999999999999998,exponential,810,1769.0,1769.0,3.7798,0,0.0,1.0,1.0
10000,0.7,0.3,0.0030654552087169104,2.763102111592855,0.0011094252347227794,0.6283762563096638,0.6999999999999998,exponential,811,1856.0,1856.0,3.0665998,0,0.0,1.0,1.0
10000,0.7,0.3,0.0030654552087169104,2.763102111592855,0.0011094252347227794,0.6283762563096638,0.6999999999999998,exponential,812,2100.0,2100.0,2.994,0,0.0,1.0,1.0
10000,0.7,0.3,0.0030654552087169104,2.763102111592855,0.0011094252347227794,0.6283762563096638,0.6999999999999998,exponential,813,908.0,908.0,2.6183,0,0.0,1.0,1.0
10000,0.7,0.3,0.0030654552087169104,2.763102111592855,0.0011094252347227794,0.6283762563096638,0.6999999999999998,exponential,814,821.0,821.0,2.9812999,0,0.0,1.0,1.0
10000,0.7,0.3,0.0030654552087169104,2.763102111592855,0.0011094252347227794,0.6283762563096638,0.6999999999999998,exponential,815,867.0,867.0,2.7163,0,0.0,1.0,1.0
10000,0.7,0.3,0.0030654552087169104,2.763102111592855,0.0011094252347227794,0.6283762563096638,0.6999999999999998,exponential,816,1516.0,1516.0,3.7477,0,0.0,1.0,1.0
10000,0.7,0.3,0.0030654552087169104,2.763102111592855,0.0011094252347227794,0.6283762563096638,0.6999999999999998,exponential,817,636.0,636.0,3.0139,0,0.0,1.0,1.0
10000,0.7,0.3,0.0030654552087169104,2.763102111592855,0.0011094252347227794,0.6283762563096638,0.6999999999999998,exponential,818,12496.0,12496.0,2.6081998,0,0.0,1.0,1.0
10000,0.7,0.3,0.0030654552087169104,2.763102111592855,0.0011094252347227794,0.6283762563096638,0.6999999999999998,exponential,819,1051.0,1051.0,3.2192,0,0.0,1.0,1.0
10000,0.7,0.3,0.0030654552087169104,2.763102111592855,0.0011094252347227794,0.6283762563096638,0.6999999999999998,exponential,820,705.0,705.0,2.6415,0,0.0,1.0,1.0
10000,0.7,0.3,0.0030654552087169104,2.763102111592855,0.0011094252347227794,0.6283762563096638,0.6999999999999998,exponential,821,6770.0,6770.0,3.1675,0,0.0,1.0,1.0
10000,0.7,0.3,0.0030654552087169104,2.763102111592855,0.0011094252347227794,0.6283762563096638,0.6999999999999998,exponential,822,1882.0,1882.0,2.9773998,0,0.0,1.0,1.0
10000,0.7,0.3,0.0030654552087169104,2.763102111592855,0.0011094252347227794,0.6283762563096638,0.6999999999999998,exponential,823,2443.0,2443.0,2.9541,0,0.0,1.0,1.0
10000,0.7,0.3,0.0030654552087169104,2.763102111592855,0.0011094252347227794,0.6283762563096638,0.6999999999999998,exponential,824,1713.0,1713.0,3.1376998,0,0.0,1.0,1.0
10000,0.7,0.3,0.0030654552087169104,2.763102111592855,0.0011094252347227794,0.6283762563096638,0.6999999999999998,exponential,825,903.0,903.0,2.9942,0,0.0,1.0,1.0
10000,0.7,0.3,0.0030654552087169104,2.763102111592855,0.0011094252347227794,0.6283762563096638,0.6999999999999998,exponential,826,637.0,637.0,3.4696999,0,0.0,1.0,1.0
10000,0.7,0.3,0.0030654552087169104,2.763102111592855,0.0011094252347227794,0.6283762563096638,0.6999999999999998,exponential,827,1236.0,1236.0,3.1048,0,0.0,1.0,1.0
10000,0.7,0.3,0.0030654552087169104,2.763102111592855,0.0011094252347227794,0.6283762563096638,0.6999999999999998,exponential,828,1008.0,1008.0,3.0846,0,0.0,1.0,1.0
10000,0.7,0.3,0.0030654552087169104,2.763102111592855,0.0011094252347227794,0.6283762563096638,0.6999999999999998,exponential,829,564.0,564.0,3.747,0,0.0,1.0,1.0
10000,0.7,0.3,0.0030654552087169104,2.763102111592855,0.0011094252347227794,0.6283762563096638,0.6999999999999998,exponential,830,457.0,457.0,3.1915,0,0.0,1.0,1.0
10000,0.7,0.3,0.0030654552087169104,2.763102111592855,0.0011094252347227794,0.6283762563096638,0.6999999999999998,exponential,831,1147.0,1147.0,2.9466,0,0.0,1.0,1.0
10000,0.7,0.3,0.0030654552087169104,2.763102111592855,0.0011094252347227794,0.6283762563096638,0.6999999999999998,exponential,832,781.0,781.0,2.6294,0,0.0,1.0,1.0
10000,0.7,0.3,0.0030654552087169104,2.763102111592855,0.0011094252347227794,0.6283762563096638,0.6999999999999998,exponential,833,2207.0,2207.0,4.7191,0,0.0,1.0,1.0
10000,0.7,0.3,0.0030654552087169104,2.763102111592855,0.0011094252347227794,0.6283762563096638,0.6999999999999998,exponential,834,450.0,450.0,2.5593998,0,0.0,1.0,1.0
10000,0.7,0.3,0.0030654552087169104,2.763102111592855,0.0011094252347227794,0.6283762563096638,0.6999999999999998,exponential,835,1626.0,1626.0,3.6864,0,0.0,1.0,1.0
10000,0.7,0.3,0.0030654552087169104,2.763102111592855,0.0011094252347227794,0.6283762563096638,0.6999999999999998,exponential,836,1376.0,1376.0,2.521,0,0.0,1.0,1.0
10000,0.7,0.3,0.0030654552087169104,2.763102111592855,0.0011094252347227794,0.6283762563096638,0.6999999999999998,exponential,837,2243.0,2243.0,2.5762,0,0.0,1.0,1.0
10000,0.7,0.3,0.0030654552087169104,2.763102111592855,0.0011094252347227794,0.6283762563096638,0.6999999999999998,exponential,838,10236.0,10236.0,3.3083,0,0.0,1.0,1.0
10000,0.7,0.3,0.0030654552087169104,2.763102111592855,0.0011094252347227794,0.6283762563096638,0.6999999999999998,exponential,839,2065.0,2065.0,3.7203,0,0.0,1.0,1.0
10000,0.7,0.3,0.0030654552087169104,2.763102111592855,0.0011094252347227794,0.6283762563096638,0.6999999999999998,exponential,840,3637.0,3637.0,2.4993,0,0.0,1.0,1.0
10000,0.7,0.3,0.0030654552087169104,2.763102111592855,0.0011094252347227794,0.6283762563096638,0.6999999999999998,exponential,841,828.0,828.0,3.1711,0,0.0,1.0,1.0
10000,0.7,0.3,0.0030654552087169104,2.763102111592855,0.0011094252347227794,0.6283762563096638,0.6999999999999998,exponential,842,1972.0,1972.0,3.0003,0,0.0,1.0,1.0
10000,0.7,0.3,0.0030654552087169104,2.763102111592855,0.0011094252347227794,0.6283762563096638,0.6999999999999998,exponential,843,267.0,267.0,3.1496,0,0.0,1.0,1.0
10000,0.7,0.3,0.0030654552087169104,2.763102111592855,0.0011094252347227794,0.6283762563096638,0.6999999999999998,exponential,844,2924.0,2924.0,3.2342,0,0.0,1.0,1.0
10000,0.7,0.3,0.0030654552087169104,2.763102111592855,0.0011094252347227794,0.6283762563096638,0.6999999999999998,exponential,845,1472.0,1472.0,2.9650998,0,0.0,1.0,1.0
10000,0.7,0.3,0.0030654552087169104,2.763102111592855,0.0011094252347227794,0.6283762563096638,0.6999999999999998,exponential,846,532.0,532.0,2.9275,0,0.0,1.0,1.0
10000,0.7,0.3,0.0030654552087169104,2.763102111592855,0.0011094252347227794,0.6283762563096638,0.6999999999999998,exponential,847,1342.0,1342.0,3.0568,0,0.0,1.0,1.0
10000,0.7,0.3,0.0030654552087169104,2.763102111592855,0.0011094252347227794,0.6283762563096638,0.6999999999999998,exponential,848,3719.0,3719.0,2.6267,0,0.0,1.0,1.0
10000,0.7,0.3,0.0030654552087169104,2.763102111592855,0.0011094252347227794,0.6283762563096638,0.6999999999999998,exponential,849,761.0,761.0,2.9246,0,0.0,1.0,1.0
10000,0.7,0.3,0.0030654552087169104,2.763102111592855,0.0011094252347227794,0.6283762563096638,0.6999999999999998,exponential,850,991.0,991.0,3.1571999,0,0.0,1.0,1.0
10000,0.7,0.3,0.0030654552087169104,2.763102111592855,0.0011094252347227794,0.6283762563096638,0.6999999999999998,exponential,851,2236.0,2236.0,2.6605,0,0.0,1.0,1.0
10000,0.7,0.3,0.0030654552087169104,2.763102111592855,0.0011094252347227794,0.6283762563096638,0.6999999999999998,exponential,852,2820.0,2820.0,2.7459,0,0.0,1.0,1.0
10000,0.7,0.3,0.0030654552087169104,2.763102111592855,0.0011094252347227794,0.6283762563096638,0.6999999999999998,exponential,853,477.0,477.0,2.9262998,0,0.0,1.0,1.0
10000,0.7,0.3,0.0030654552087169104,2.763102111592855,0.0011094252347227794,0.6283762563096638,0.6999999999999998,exponential,854,478.0,478.0,3.2682998,0,0.0,1.0,1.0
10000,0.7,0.3,0.0030654552087169104,2.763102111592855,0.0011094252347227794,0.6283762563096638,0.6999999999999998,exponential,855,10429.0,10429.0,2.6211,0,0.0,1.0,1.0
10000,0.7,0.3,0.0030654552087169104,2.763102111592855,0.0011094252347227794,0.6283762563096638,0.6999999999999998,exponential,856,316.0,316.0,2.8899,0,0.0,1.0,1.0
10000,0.7,0.3,0.0030654552087169104,2.763102111592855,0.0011094252347227794,0.6283762563096638,0.6999999999999998,exponential,857,2089.0,2089.0,2.8174999,0,0.0,1.0,1.0
10000,0.7,0.3,0.0030654552087169104,2.763102111592855,0.0011094252347227794,0.6283762563096638,0.6999999999999998,exponential,858,1988.0,1988.0,2.6548,0,0.0,1.0,1.0
10000,0.7,0.3,0.0030654552087169104,2.763102111592855,0.0011094252347227794,0.6283762563096638,0.6999999999999998,exponential,859,897.0,897.0,3.4190998,0,0.0,1.0,1.0
10000,0.7,0.3,0.0030654552087169104,2.763102111592855,0.0011094252347227794,0.6283762563096638,0.6999999999999998,exponential,860,5343.0,5343.0,2.9313998,0,0.0,1.0,1.0
10000,0.7,0.3,0.0030654552087169104,2.763102111592855,0.0011094252347227794,0.6283762563096638,0.6999999999999998,exponential,861,2737.0,2737.0,3.2101,0,0.0,1.0,1.0
10000,0.7,0.3,0.0030654552087169104,2.763102111592855,0.0011094252347227794,0.6283762563096638,0.6999999999999998,exponential,862,666.0,666.0,3.3339999,0,0.0,1.0,1.0
10000,0.7,0.3,0.0030654552087169104,2.763102111592855,0.0011094252347227794,0.6283762563096638,0.6999999999999998,exponential,863,1311.0,1311.0,3.1841998,0,0.0,1.0,1.0
10000,0.7,0.3,0.0030654552087169104,2.763102111592855,0.0011094252347227794,0.6283762563096638,0.6999999999999998,exponential,864,1568.0,1568.0,3.2974,0,0.0,1.0,1.0
10000,0.7,0.3,0.0030654552087169104,2.763102111592855,0.0011094252347227794,0.6283762563096638,0.6999999999999998,exponential,865,1227.0,1227.0,3.2933,0,0.0,1.0,1.0
10000,0.7,0.3,0.0030654552087169104,2.763102111592855,0.0011094252347227794,0.6283762563096638,0.6999999999999998,exponential,866,864.0,864.0,3.3906999,0,0.0,1.0,1.0
10000,0.7,0.3,0.0030654552087169104,2.763102111592855,0.0011094252347227794,0.6283762563096638,0.6999999999999998,exponential,867,1169.0,1169.0,3.0648,0,0.0,1.0,1.0
10000,0.7,0.3,0.0030654552087169104,2.763102111592855,0.0011094252347227794,0.6283762563096638,0.6999999999999998,exponential,868,5562.0,5562.0,2.914,0,0.0,1.0,1.0
10000,0.7,0.3,0.0030654552087169104,2.763102111592855,0.0011094252347227794,0.6283762563096638,0.6999999999999998,exponential,869,6914.0,6914.0,3.0167,0,0.0,1.0,1.0
10000,0.7,0.3,0.0030654552087169104,2.763102111592855,0.0011094252347227794,0.6283762563096638,0.6999999999999998,exponential,870,6450.0,6450.0,2.8646,0,0.0,1.0,1.0
10000,0.7,0.3,0.0030654552087169104,2.763102111592855,0.0011094252347227794,0.6283762563096638,0.6999999999999998,exponential,871,2957.0,2957.0,2.8551,0,0.0,1.0,1.0
10000,0.7,0.3,0.0030654552087169104,2.763102111592855,0.0011094252347227794,0.6283762563096638,0.6999999999999998,exponential,872,745.0,745.0,2.9448,0,0.0,1.0,1.0
10000,0.7,0.3,0.0030654552087169104,2.763102111592855,0.0011094252347227794,0.6283762563096638,0.6999999999999998,exponential,873,4351.0,4351.0,2.7919998,0,0.0,1.0,1.0
10000,0.7,0.3,0.0030654552087169104,2.763102111592855,0.0011094252347227794,0.6283762563096638,0.6999999999999998,exponential,874,573.0,573.0,2.9868999,0,0.0,1.0,1.0
10000,0.7,0.3,0.0030654552087169104,2.763102111592855,0.0011094252347227794,0.6283762563096638,0.6999999999999998,exponential,875,1619.0,1619.0,3.5312998,0,0.0,1.0,1.0
10000,0.7,0.3,0.0030654552087169104,2.763102111592855,0.0011094252347227794,0.6283762563096638,0.6999999999999998,exponential,876,1062.0,1062.0,2.8297,0,0.0,1.0,1.0
10000,0.7,0.3,0.0030654552087169104,2.763102111592855,0.0011094252347227794,0.6283762563096638,0.6999999999999998,exponential,877,904.0,904.0,3.0955,0,0.0,1.0,1.0
10000,0.7,0.3,0.0030654552087169104,2.763102111592855,0.0011094252347227794,0.6283762563096638,0.6999999999999998,exponential,878,6142.0,6142.0,2.7201998,0,0.0,1.0,1.0
10000,0.7,0.3,0.0030654552087169104,2.763102111592855,0.0011094252347227794,0.6283762563096638,0.6999999999999998,exponential,879,1364.0,1364.0,3.3133,0,0.0,1.0,1.0
10000,0.7,0.3,0.0030654552087169104,2.763102111592855,0.0011094252347227794,0.6283762563096638,0.6999999999999998,exponential,880,2016.0,2016.0,2.9315,0,0.0,1.0,1.0
10000,0.7,0.3,0.0030654552087169104,2.763102111592855,0.0011094252347227794,0.6283762563096638,0.6999999999999998,exponential,881,1851.0,1851.0,3.0719,0,0.0,1.0,1.0
10000,0.7,0.3,0.0030654552087169104,2.763102111592855,0.0011094252347227794,0.6283762563096638,0.6999999999999998,exponential,882,877.0,877.0,3.217,0,0.0,1.0,1.0
10000,0.7,0.3,0.0030654552087169104,2.763102111592855,0.0011094252347227794,0.6283762563096638,0.6999999999999998,exponential,883,1992.0,1992.0,3.1285,0,0.0,1.0,1.0
10000,0.7,0.3,0.0030654552087169104,2.763102111592855,0.0011094252347227794,0.6283762563096638,0.6999999999999998,exponential,884,665.0,665.0,3.6097999,0,0.0,1.0,1.0
10000,0.7,0.3,0.0030654552087169104,2.763102111592855,0.0011094252347227794,0.6283762563096638,0.6999999999999998,exponential,885,9313.0,9313.0,3.2773,0,0.0,1.0,1.0
10000,0.7,0.3,0.0030654552087169104,2.763102111592855,0.0011094252347227794,0.6283762563096638,0.6999999999999998,exponential,886,729.0,729.0,2.7639,0,0.0,1.0,1.0
10000,0.7,0.3,0.0030654552087169104,2.763102111592855,0.0011094252347227794,0.6283762563096638,0.6999999999999998,exponential,887,3857.0,3857.0,2.8193,0,0.0,1.0,1.0
10000,0.7,0.3,0.0030654552087169104,2.763102111592855,0.0011094252347227794,0.6283762563096638,0.6999999999999998,exponential,888,3524.0,3524.0,3.3604,0,0.0,1.0,1.0
10000,0.7,0.3,0.0030654552087169104,2.763102111592855,0.0011094252347227794,0.6283762563096638,0.6999999999999998,exponential,889,5856.0,5856.0,3.4299,0,0.0,1.0,1.0
10000,0.7,0.3,0.0030654552087169104,2.763102111592855,0.0011094252347227794,0.6283762563096638,0.6999999999999998,exponential,890,3897.0,3897.0,3.5693998,0,0.0,1.0,1.0
10000,0.7,0.3,0.0030654552087169104,2.763102111592855,0.0011094252347227794,0.6283762563096638,0.6999999999999998,exponential,891,4089.0,4089.0,3.0714,0,0.0,1.0,1.0
10000,0.7,0.3,0.0030654552087169104,2.763102111592855,0.0011094252347227794,0.6283762563096638,0.6999999999999998,exponential,892,718.0,718.0,2.457,0,0.0,1.0,1.0
10000,0.7,0.3,0.0030654552087169104,2.763102111592855,0.0011094252347227794,0.6283762563096638,0.6999999999999998,exponential,893,862.0,862.0,3.0609,0,0.0,1.0,1.0
10000,0.7,0.3,0.0030654552087169104,2.763102111592855,0.0011094252347227794,0.6283762563096638,0.6999999999999998,exponential,894,14532.0,14532.0,2.8014,0,0.0,1.0,1.0
10000,0.7,0.3,0.0030654552087169104,2.763102111592855,0.0011094252347227794,0.6283762563096638,0.6999999999999998,exponential,895,1556.0,1556.0,3.4261,0,0.0,1.0,1.0
10000,0.7,0.3,0.0030654552087169104,2.763102111592855,0.0011094252347227794,0.6283762563096638,0.6999999999999998,exponential,896,358.0,358.0,2.485,0,0.0,1.0,1.0
10000,0.7,0.3,0.0030654552087169104,2.763102111592855,0.0011094252347227794,0.6283762563096638,0.6999999999999998,exponential,897,2799.0,2799.0,2.4661,0,0.0,1.0,1.0
10000,0.7,0.3,0.0030654552087169104,2.763102111592855,0.0011094252347227794,0.6283762563096638,0.6999999999999998,exponential,898,1938.0,1938.0,3.1652,0,0.0,1.0,1.0
10000,0.7,0.3,0.0030654552087169104,2.763102111592855,0.0011094252347227794,0.6283762563096638,0.6999999999999998,exponential,899,977.0,977.0,2.4819999,0,0.0,1.0,1.0
10000,0.7,0.3,0.0030654552087169104,2.763102111592855,0.0011094252347227794,0.6283762563096638,0.6999999999999998,exponential,900,1140.0,1140.0,3.1987998,0,0.0,1.0,1.0
10000,0.7,0.3,0.0030654552087169104,2.763102111592855,0.0011094252347227794,0.6283762563096638,0.6999999999999998,exponential,901,4656.0,4656.0,2.9968998,0,0.0,1.0,1.0
10000,0.7,0.3,0.0030654552087169104,2.763102111592855,0.0011094252347227794,0.6283762563096638,0.6999999999999998,exponential,902,776.0,776.0,3.9027,0,0.0,1.0,1.0
10000,0.7,0.3,0.0030654552087169104,2.763102111592855,0.0011094252347227794,0.6283762563096638,0.6999999999999998,exponential,903,3071.0,3071.0,2.5927,0,0.0,1.0,1.0
10000,0.7,0.3,0.0030654552087169104,2.763102111592855,0.0011094252347227794,0.6283762563096638,0.6999999999999998,exponential,904,5232.0,5232.0,2.4782999,0,0.0,1.0,1.0
10000,0.7,0.3,0.0030654552087169104,2.763102111592855,0.0011094252347227794,0.6283762563096638,0.6999999999999998,exponential,905,2046.0,2046.0,2.4924,0,0.0,1.0,1.0
10000,0.7,0.3,0.0030654552087169104,2.763102111592855,0.0011094252347227794,0.6283762563096638,0.6999999999999998,exponential,906,2950.0,2950.0,3.7324998,0,0.0,1.0,1.0
10000,0.7,0.3,0.0030654552087169104,2.763102111592855,0.0011094252347227794,0.6283762563096638,0.6999999999999998,exponential,907,1443.0,1443.0,3.3769,0,0.0,1.0,1.0
10000,0.7,0.3,0.0030654552087169104,2.763102111592855,0.0011094252347227794,0.6283762563096638,0.6999999999999998,exponential,908,7923.0,7923.0,2.9675999,0,0.0,1.0,1.0
10000,0.7,0.3,0.0030654552087169104,2.763102111592855,0.0011094252347227794,0.6283762563096638,0.6999999999999998,exponential,909,4135.0,4135.0,3.4041998,0,0.0,1.0,1.0
10000,0.7,0.3,0.0030654552087169104,2.763102111592855,0.0011094252347227794,0.6283762563096638,0.6999999999999998,exponential,910,1769.0,1769.0,3.4345,0,0.0,1.0,1.0
10000,0.7,0.3,0.0030654552087169104,2.763102111592855,0.0011094252347227794,0.6283762563096638,0.6999999999999998,exponential,911,1732.0,1732.0,2.8186998,0,0.0,1.0,1.0
10000,0.7,0.3,0.0030654552087169104,2.763102111592855,0.0011094252347227794,0.6283762563096638,0.6999999999999998,exponential,912,2734.0,2734.0,3.8414,0,0.0,1.0,1.0
10000,0.7,0.3,0.0030654552087169104,2.763102111592855,0.0011094252347227794,0.6283762563096638,0.6999999999999998,exponential,913,3218.0,3218.0,2.7445,0,0.0,1.0,1.0
10000,0.7,0.3,0.0030654552087169104,2.763102111592855,0.0011094252347227794,0.6283762563096638,0.6999999999999998,exponential,914,2733.0,2733.0,3.277,0,0.0,1.0,1.0
10000,0.7,0.3,0.0030654552087169104,2.763102111592855,0.0011094252347227794,0.6283762563096638,0.6999999999999998,exponential,915,1629.0,1629.0,2.5435,0,0.0,1.0,1.0
10000,0.7,0.3,0.0030654552087169104,2.763102111592855,0.0011094252347227794,0.6283762563096638,0.6999999999999998,exponential,916,1237.0,1237.0,2.9919,0,0.0,1.0,1.0
10000,0.7,0.3,0.0030654552087169104,2.763102111592855,0.0011094252347227794,0.6283762563096638,0.6999999999999998,exponential,917,1441.0,1441.0,2.7963,0,0.0,1.0,1.0
10000,0.7,0.3,0.0030654552087169104,2.763102111592855,0.0011094252347227794,0.6283762563096638,0.6999999999999998,exponential,918,4274.0,4274.0,2.934,0,0.0,1.0,1.0
10000,0.7,0.3,0.0030654552087169104,2.763102111592855,0.0011094252347227794,0.6283762563096638,0.6999999999999998,exponential,919,2256.0,2256.0,3.1755998,0,0.0,1.0,1.0
10000,0.7,0.3,0.0030654552087169104,2.763102111592855,0.0011094252347227794,0.6283762563096638,0.6999999999999998,exponential,920,615.0,615.0,3.0723999,0,0.0,1.0,1.0
10000,0.7,0.3,0.0030654552087169104,2.763102111592855,0.0011094252347227794,0.6283762563096638,0.6999999999999998,exponential,921,1161.0,1161.0,2.9031,0,0.0,1.0,1.0
10000,0.7,0.3,0.0030654552087169104,2.763102111592855,0.0011094252347227794,0.6283762563096638,0.6999999999999998,exponential,922,1895.0,1895.0,2.7963998,0,0.0,1.0,1.0
10000,0.7,0.3,0.0030654552087169104,2.763102111592855,0.0011094252347227794,0.6283762563096638,0.6999999999999998,exponential,923,1573.0,1573.0,3.3386998,0,0.0,1.0,1.0
10000,0.7,0.3,0.0030654552087169104,2.763102111592855,0.0011094252347227794,0.6283762563096638,0.6999999999999998,exponential,924,4720.0,4720.0,3.5974998,0,0.0,1.0,1.0
10000,0.7,0.3,0.0030654552087169104,2.763102111592855,0.0011094252347227794,0.6283762563096638,0.6999999999999998,exponential,925,4178.0,4178.0,2.5035,0,0.0,1.0,1.0
10000,0.7,0.3,0.0030654552087169104,2.763102111592855,0.0011094252347227794,0.6283762563096638,0.6999999999999998,exponential,926,7253.0,7253.0,3.3976998,0,0.0,1.0,1.0
10000,0.7,0.3,0.0030654552087169104,2.763102111592855,0.0011094252347227794,0.6283762563096638,0.6999999999999998,exponential,927,1169.0,1169.0,3.4944,0,0.0,1.0,1.0
10000,0.7,0.3,0.0030654552087169104,2.763102111592855,0.0011094252347227794,0.6283762563096638,0.6999999999999998,exponential,928,890.0,890.0,3.3186,0,0.0,1.0,1.0
10000,0.7,0.3,0.0030654552087169104,2.763102111592855,0.0011094252347227794,0.6283762563096638,0.6999999999999998,exponential,929,1793.0,1793.0,3.0296,0,0.0,1.0,1.0
10000,0.7,0.3,0.0030654552087169104,2.763102111592855,0.0011094252347227794,0.6283762563096638,0.6999999999999998,exponential,930,2552.0,2552.0,3.0145,0,0.0,1.0,1.0
10000,0.7,0.3,0.0030654552087169104,2.763102111592855,0.0011094252347227794,0.6283762563096638,0.6999999999999998,exponential,931,627.0,627.0,3.214,0,0.0,1.0,1.0
10000,0.7,0.3,0.0030654552087169104,2.763102111592855,0.0011094252347227794,0.6283762563096638,0.6999999999999998,exponential,932,5120.0,5120.0,2.4907,0,0.0,1.0,1.0
10000,0.7,0.3,0.0030654552087169104,2.763102111592855,0.0011094252347227794,0.6283762563096638,0.6999999999999998,exponential,933,2160.0,2160.0,3.0783,0,0.0,1.0,1.0
10000,0.7,0.3,0.0030654552087169104,2.763102111592855,0.0011094252347227794,0.6283762563096638,0.6999999999999998,exponential,934,20384.0,20384.0,2.8467,0,0.0,1.0,1.0
10000,0.7,0.3,0.0030654552087169104,2.763102111592855,0.0011094252347227794,0.6283762563096638,0.6999999999999998,exponential,935,1062.0,1062.0,3.2584,0,0.0,1.0,1.0
10000,0.7,0.3,0.0030654552087169104,2.763102111592855,0.0011094252347227794,0.6283762563096638,0.6999999999999998,exponential,936,984.0,984.0,2.9404,0,0.0,1.0,1.0
10000,0.7,0.3,0.0030654552087169104,2.763102111592855,0.0011094252347227794,0.6283762563096638,0.6999999999999998,exponential,937,774.0,774.0,2.5928,0,0.0,1.0,1.0
10000,0.7,0.3,0.0030654552087169104,2.763102111592855,0.0011094252347227794,0.6283762563096638,0.6999999999999998,exponential,938,573.0,573.0,2.9799,0,0.0,1.0,1.0
10000,0.7,0.3,0.0030654552087169104,2.763102111592855,0.0011094252347227794,0.6283762563096638,0.6999999999999998,exponential,939,5307.0,5307.0,3.5235,0,0.0,1.0,1.0
10000,0.7,0.3,0.0030654552087169104,2.763102111592855,0.0011094252347227794,0.6283762563096638,0.6999999999999998,exponential,940,10326.0,10326.0,3.4117,0,0.0,1.0,1.0
10000,0.7,0.3,0.0030654552087169104,2.763102111592855,0.0011094252347227794,0.6283762563096638,0.6999999999999998,exponential,941,1015.0,1015.0,2.7944,0,0.0,1.0,1.0
10000,0.7,0.3,0.0030654552087169104,2.763102111592855,0.0011094252347227794,0.6283762563096638,0.6999999999999998,exponential,942,5095.0,5095.0,3.0986,0,0.0,1.0,1.0
10000,0.7,0.3,0.0030654552087169104,2.763102111592855,0.0011094252347227794,0.6283762563096638,0.6999999999999998,exponential,943,4273.0,4273.0,3.7296999,0,0.0,1.0,1.0
10000,0.7,0.3,0.0030654552087169104,2.763102111592855,0.0011094252347227794,0.6283762563096638,0.6999999999999998,exponential,944,1114.0,1114.0,3.8679998,0,0.0,1.0,1.0
10000,0.7,0.3,0.0030654552087169104,2.763102111592855,0.0011094252347227794,0.6283762563096638,0.6999999999999998,exponential,945,270.0,270.0,3.0293,0,0.0,1.0,1.0
10000,0.7,0.3,0.0030654552087169104,2.763102111592855,0.0011094252347227794,0.6283762563096638,0.6999999999999998,exponential,946,3207.0,3207.0,3.5712998,0,0.0,1.0,1.0
10000,0.7,0.3,0.0030654552087169104,2.763102111592855,0.0011094252347227794,0.6283762563096638,0.6999999999999998,exponential,947,597.0,597.0,2.8658,0,0.0,1.0,1.0
10000,0.7,0.3,0.0030654552087169104,2.763102111592855,0.0011094252347227794,0.6283762563096638,0.6999999999999998,exponential,948,1502.0,1502.0,3.1525,0,0.0,1.0,1.0
10000,0.7,0.3,0.0030654552087169104,2.763102111592855,0.0011094252347227794,0.6283762563096638,0.6999999999999998,exponential,949,1121.0,1121.0,3.2747,0,0.0,1.0,1.0
10000,0.7,0.3,0.0030654552087169104,2.763102111592855,0.0011094252347227794,0.6283762563096638,0.6999999999999998,exponential,950,9162.0,9162.0,3.0500998,0,0.0,1.0,1.0
10000,0.7,0.3,0.0030654552087169104,2.763102111592855,0.0011094252347227794,0.6283762563096638,0.6999999999999998,exponential,951,1782.0,1782.0,3.0988,0,0.0,1.0,1.0
10000,0.7,0.3,0.0030654552087169104,2.763102111592855,0.0011094252347227794,0.6283762563096638,0.6999999999999998,exponential,952,4059.0,4059.0,2.8009,0,0.0,1.0,1.0
10000,0.7,0.3,0.0030654552087169104,2.763102111592855,0.0011094252347227794,0.6283762563096638,0.6999999999999998,exponential,953,9376.0,9376.0,2.9708998,0,0.0,1.0,1.0
10000,0.7,0.3,0.0030654552087169104,2.763102111592855,0.0011094252347227794,0.6283762563096638,0.6999999999999998,exponential,954,2518.0,2518.0,2.8286998,0,0.0,1.0,1.0
10000,0.7,0.3,0.0030654552087169104,2.763102111592855,0.0011094252347227794,0.6283762563096638,0.6999999999999998,exponential,955,5265.0,5265.0,2.7319999,0,0.0,1.0,1.0
10000,0.7,0.3,0.0030654552087169104,2.763102111592855,0.0011094252347227794,0.6283762563096638,0.6999999999999998,exponential,956,2256.0,2256.0,3.4292998,0,0.0,1.0,1.0
10000,0.7,0.3,0.0030654552087169104,2.763102111592855,0.0011094252347227794,0.6283762563096638,0.6999999999999998,exponential,957,1692.0,1692.0,3.4984999,0,0.0,1.0,1.0
10000,0.7,0.3,0.0030654552087169104,2.763102111592855,0.0011094252347227794,0.6283762563096638,0.6999999999999998,exponential,958,341.0,341.0,3.0554,0,0.0,1.0,1.0
10000,0.7,0.3,0.0030654552087169104,2.763102111592855,0.0011094252347227794,0.6283762563096638,0.6999999999999998,exponential,959,7067.0,7067.0,3.3407998,0,0.0,1.0,1.0
10000,0.7,0.3,0.0030654552087169104,2.763102111592855,0.0011094252347227794,0.6283762563096638,0.6999999999999998,exponential,960,786.0,786.0,2.791,0,0.0,1.0,1.0
10000,0.7,0.3,0.0030654552087169104,2.763102111592855,0.0011094252347227794,0.6283762563096638,0.6999999999999998,exponential,961,1339.0,1339.0,3.5358,0,0.0,1.0,1.0
10000,0.7,0.3,0.0030654552087169104,2.763102111592855,0.0011094252347227794,0.6283762563096638,0.6999999999999998,exponential,962,1100.0,1100.0,2.7265,0,0.0,1.0,1.0
10000,0.7,0.3,0.0030654552087169104,2.763102111592855,0.0011094252347227794,0.6283762563096638,0.6999999999999998,exponential,963,1504.0,1504.0,3.8451998,0,0.0,1.0,1.0
10000,0.7,0.3,0.0030654552087169104,2.763102111592855,0.0011094252347227794,0.6283762563096638,0.6999999999999998,exponential,964,8678.0,8678.0,3.4455,0,0.0,1.0,1.0
10000,0.7,0.3,0.0030654552087169104,2.763102111592855,0.0011094252347227794,0.6283762563096638,0.6999999999999998,exponential,965,6912.0,6912.0,2.8544,0,0.0,1.0,1.0
10000,0.7,0.3,0.0030654552087169104,2.763102111592855,0.0011094252347227794,0.6283762563096638,0.6999999999999998,exponential,966,1110.0,1110.0,3.1424,0,0.0,1.0,1.0
10000,0.7,0.3,0.0030654552087169104,2.763102111592855,0.0011094252347227794,0.6283762563096638,0.6999999999999998,exponential,967,1596.0,1596.0,3.2461,0,0.0,1.0,1.0
10000,0.7,0.3,0.0030654552087169104,2.763102111592855,0.0011094252347227794,0.6283762563096638,0.6999999999999998,exponential,968,1955.0,1955.0,3.149,0,0.0,1.0,1.0
10000,0.7,0.3,0.0030654552087169104,2.763102111592855,0.0011094252347227794,0.6283762563096638,0.6999999999999998,exponential,969,586.0,586.0,2.8216999,0,0.0,1.0,1.0
10000,0.7,0.3,0.0030654552087169104,2.763102111592855,0.0011094252347227794,0.6283762563096638,0.6999999999999998,exponential,970,4809.0,4809.0,3.2674,0,0.0,1.0,1.0
10000,0.7,0.3,0.0030654552087169104,2.763102111592855,0.0011094252347227794,0.6283762563096638,0.6999999999999998,exponential,971,784.0,784.0,2.9269998,0,0.0,1.0,1.0
10000,0.7,0.3,0.0030654552087169104,2.763102111592855,0.0011094252347227794,0.6283762563096638,0.6999999999999998,exponential,972,2927.0,2927.0,3.6108,0,0.0,1.0,1.0
10000,0.7,0.3,0.0030654552087169104,2.763102111592855,0.0011094252347227794,0.6283762563096638,0.6999999999999998,exponential,973,1461.0,1461.0,3.1325,0,0.0,1.0,1.0
10000,0.7,0.3,0.0030654552087169104,2.763102111592855,0.0011094252347227794,0.6283762563096638,0.6999999999999998,exponential,974,466.0,466.0,2.5407,0,0.0,1.0,1.0
10000,0.7,0.3,0.0030654552087169104,2.763102111592855,0.0011094252347227794,0.6283762563096638,0.6999999999999998,exponential,975,1356.0,1356.0,3.1348999,0,0.0,1.0,1.0
10000,0.7,0.3,0.0030654552087169104,2.763102111592855,0.0011094252347227794,0.6283762563096638,0.6999999999999998,exponential,976,840.0,840.0,2.8179998,0,0.0,1.0,1.0
10000,0.7,0.3,0.0030654552087169104,2.763102111592855,0.0011094252347227794,0.6283762563096638,0.6999999999999998,exponential,977,1711.0,1711.0,3.5365,0,0.0,1.0,1.0
10000,0.7,0.3,0.0030654552087169104,2.763102111592855,0.0011094252347227794,0.6283762563096638,0.6999999999999998,exponential,978,360.0,360.0,2.9989,0,0.0,1.0,1.0
10000,0.7,0.3,0.0030654552087169104,2.763102111592855,0.0011094252347227794,0.6283762563096638,0.6999999999999998,exponential,979,2686.0,2686.0,2.586,0,0.0,1.0,1.0
10000,0.7,0.3,0.0030654552087169104,2.763102111592855,0.0011094252347227794,0.6283762563096638,0.6999999999999998,exponential,980,8487.0,8487.0,3.3511999,0,0.0,1.0,1.0
10000,0.7,0.3,0.0030654552087169104,2.763102111592855,0.0011094252347227794,0.6283762563096638,0.6999999999999998,exponential,981,3250.0,3250.0,2.9989998,0,0.0,1.0,1.0
10000,0.7,0.3,0.0030654552087169104,2.763102111592855,0.0011094252347227794,0.6283762563096638,0.6999999999999998,exponential,982,5848.0,5848.0,3.1388998,0,0.0,1.0,1.0
10000,0.7,0.3,0.0030654552087169104,2.763102111592855,0.0011094252347227794,0.6283762563096638,0.6999999999999998,exponential,983,4364.0,4364.0,2.9917,0,0.0,1.0,1.0
10000,0.7,0.3,0.0030654552087169104,2.763102111592855,0.0011094252347227794,0.6283762563096638,0.6999999999999998,exponential,984,399.0,399.0,2.7375,0,0.0,1.0,1.0
10000,0.7,0.3,0.0030654552087169104,2.763102111592855,0.0011094252347227794,0.6283762563096638,0.6999999999999998,exponential,985,3917.0,3917.0,3.0042,0,0.0,1.0,1.0
10000,0.7,0.3,0.0030654552087169104,2.763102111592855,0.0011094252347227794,0.6283762563096638,0.6999999999999998,exponential,986,1925.0,1925.0,4.2051,0,0.0,1.0,1.0
10000,0.7,0.3,0.0030654552087169104,2.763102111592855,0.0011094252347227794,0.6283762563096638,0.6999999999999998,exponential,987,954.0,954.0,3.8283,0,0.0,1.0,1.0
10000,0.7,0.3,0.0030654552087169104,2.763102111592855,0.0011094252347227794,0.6283762563096638,0.6999999999999998,exponential,988,4461.0,4461.0,3.3126,0,0.0,1.0,1.0
10000,0.7,0.3,0.0030654552087169104,2.763102111592855,0.0011094252347227794,0.6283762563096638,0.6999999999999998,exponential,989,3065.0,3065.0,3.2398999,0,0.0,1.0,1.0
10000,0.7,0.3,0.0030654552087169104,2.763102111592855,0.0011094252347227794,0.6283762563096638,0.6999999999999998,exponential,990,930.0,930.0,3.2875,0,0.0,1.0,1.0
10000,0.7,0.3,0.0030654552087169104,2.763102111592855,0.0011094252347227794,0.6283762563096638,0.6999999999999998,exponential,991,1634.0,1634.0,2.9687998,0,0.0,1.0,1.0
10000,0.7,0.3,0.0030654552087169104,2.763102111592855,0.0011094252347227794,0.6283762563096638,0.6999999999999998,exponential,992,2767.0,2767.0,3.7979999,0,0.0,1.0,1.0
10000,0.7,0.3,0.0030654552087169104,2.763102111592855,0.0011094252347227794,0.6283762563096638,0.6999999999999998,exponential,993,622.0,622.0,2.8555999,0,0.0,1.0,1.0
10000,0.7,0.3,0.0030654552087169104,2.763102111592855,0.0011094252347227794,0.6283762563096638,0.6999999999999998,exponential,994,8730.0,8730.0,2.6685998,0,0.0,1.0,1.0
10000,0.7,0.3,0.0030654552087169104,2.763102111592855,0.0011094252347227794,0.6283762563096638,0.6999999999999998,exponential,995,3545.0,3545.0,2.8451,0,0.0,1.0,1.0
10000,0.7,0.3,0.0030654552087169104,2.763102111592855,0.0011094252347227794,0.6283762563096638,0.6999999999999998,exponential,996,2507.0,2507.0,2.7403,0,0.0,1.0,1.0
10000,0.7,0.3,0.0030654552087169104,2.763102111592855,0.0011094252347227794,0.6283762563096638,0.6999999999999998,exponential,997,497.0,497.0,3.1043,0,0.0,1.0,1.0
10000,0.7,0.3,0.0030654552087169104,2.763102111592855,0.0011094252347227794,0.6283762563096638,0.6999999999999998,exponential,998,1046.0,1046.0,3.2217999,0,0.0,1.0,1.0
10000,0.7,0.3,0.0030654552087169104,2.763102111592855,0.0011094252347227794,0.6283762563096638,0.6999999999999998,exponential,999,605.0,605.0,3.8888998,0,0.0,1.0,1.0
