N,psi,delta,lambda,theta,alpha,effective_beta,psi_check,selection_mode,path_index,t_0,first_loss_time,kappa_1_at_t0,X0_count_at_stop,X_0_at_stop,leading_zero_count_at_t0,first_nonzero_class_at_t0
10000,1.3,0.7,0.5288312031603335,6.447238260383328,0.08202445478242512,0.06917073191287018,1.3,exponential,0,26.0,26.0,6.4754,0,0.0,1.0,1.0
10000,1.3,0.7,0.5288312031603335,6.447238260383328,0.08202445478242512,0.06917073191287018,1.3,exponential,1,32.0,32.0,6.2903,0,0.0,1.0,1.0
10000,1.3,0.7,0.5288312031603335,6.447238260383328,0.08202445478242512,0.06917073191287018,1.3,exponential,2,108.0,108.0,6.5183,0,0.0,1.0,1.0
10000,1.3,0.7,0.5288312031603335,6.447238260383328,0.08202445478242512,0.06917073191287018,1.3,exponential,3,21.0,21.0,6.6162996,0,0.0,1.0,1.0
10000,1.3,0.7,0.5288312031603335,6.447238260383328,0.08202445478242512,0.06917073191287018,1.3,exponential,4,25.0,25.0,6.5938997,0,0.0,1.0,1.0
10000,1.3,0.7,0.5288312031603335,6.447238260383328,0.08202445478242512,0.06917073191287018,1.3,exponential,5,106.0,106.0,6.2092,0,0.0,1.0,1.0
10000,1.3,0.7,0.5288312031603335,6.447238260383328,0.08202445478242512,0.06917073191287018,1.3,exponential,6,5.0,5.0,6.5533,0,0.0,1.0,1.0
10000,1.3,0.7,0.5288312031603335,6.447238260383328,0.08202445478242512,0.06917073191287018,1.3,exponential,7,58.0,58.0,6.2904997,0,0.0,1.0,1.0
10000,1.3,0.7,0.5288312031603335,6.447238260383328,0.08202445478242512,0.06917073191287018,1.3,exponential,8,58.0,58.0,6.4753,0,0.0,1.0,1.0
10000,1.3,0.7,0.5288312031603335,6.447238260383328,0.08202445478242512,0.06917073191287018,1.3,exponential,9,92.0,92.0,6.4076,0,0.0,1.0,1.0
10000,1.3,0.7,0.5288312031603335,6.447238260383328,0.08202445478242512,0.06917073191287018,1.3,exponential,10,55.0,55.0,6.4832,0,0.0,1.0,1.0
10000,1.3,0.7,0.5288312031603335,6.447238260383328,0.08202445478242512,0.06917073191287018,1.3,exponential,11,245.0,245.0,6.2893996,0,0.0,1.0,1.0
10000,1.3,0.7,0.5288312031603335,6.447238260383328,0.08202445478242512,0.06917073191287018,1.3,exponential,12,19.0,19.0,6.4196,0,0.0,1.0,1.0
10000,1.3,0.7,0.5288312031603335,6.447238260383328,0.08202445478242512,0.06917073191287018,1.3,exponential,13,22.0,22.0,6.62,0,0.0,1.0,1.0
10000,1.3,0.7,0.5288312031603335,6.447238260383328,0.08202445478242512,0.06917073191287018,1.3,exponential,14,10.0,10.0,6.3408,0,0.0,1.0,1.0
10000,1.3,0.7,0.5288312031603335,6.447238260383328,0.08202445478242512,0.06917073191287018,1.3,exponential,15,66.0,66.0,6.3633,0,0.0,1.0,1.0
10000,1.3,0.7,0.5288312031603335,6.447238260383328,0.08202445478242512,0.06917073191287018,1.3,exponential,16,27.0,27.0,6.6942997,0,0.0,1.0,1.0
10000,1.3,0.7,0.5288312031603335,6.447238260383328,0.08202445478242512,0.06917073191287018,1.3,exponential,17,15.0,15.0,6.3553996,0,0.0,1.0,1.0
10000,1.3,0.7,0.5288312031603335,6.447238260383328,0.08202445478242512,0.06917073191287018,1.3,exponential,18,20.0,20.0,6.3134,0,0.0,1.0,1.0
10000,1.3,0.7,0.5288312031603335,6.447238260383328,0.08202445478242512,0.06917073191287018,1.3,exponential,19,9.0,9.0,6.3118997,0,0.0,1.0,1.0
10000,1.3,0.7,0.5288312031603335,6.447238260383328,0.08202445478242512,0.06917073191287018,1.3,exponential,20,15.0,15.0,6.1865997,0,0.0,1.0,1.0
10000,1.3,0.7,0.5288312031603335,6.447238260383328,0.08202445478242512,0.06917073191287018,1.3,exponential,21,136.0,136.0,6.6043,0,0.0,1.0,1.0
10000,1.3,0.7,0.5288312031603335,6.447238260383328,0.08202445478242512,0.06917073191287018,1.3,exponential,22,39.0,39.0,6.2987,0,0.0,1.0,1.0
10000,1.3,0.7,0.5288312031603335,6.447238260383328,0.08202445478242512,0.06917073191287018,1.3,exponential,23,178.0,178.0,6.4631996,0,0.0,1.0,1.0
10000,1.3,0.7,0.5288312031603335,6.447238260383328,0.08202445478242512,0.06917073191287018,1.3,exponential,24,56.0,56.0,6.5274997,0,0.0,1.0,1.0
10000,1.3,0.7,0.5288312031603335,6.447238260383328,0.08202445478242512,0.06917073191287018,1.3,exponential,25,162.0,162.0,6.5337996,0,0.0,1.0,1.0
10000,1.3,0.7,0.5288312031603335,6.447238260383328,0.08202445478242512,0.06917073191287018,1.3,exponential,26,52.0,52.0,5.8552,0,0.0,1.0,1.0
10000,1.3,0.7,0.5288312031603335,6.447238260383328,0.08202445478242512,0.06917073191287018,1.3,exponential,27,70.0,70.0,6.7620997,0,0.0,1.0,1.0
10000,1.3,0.7,0.5288312031603335,6.447238260383328,0.08202445478242512,0.06917073191287018,1.3,exponential,28,8.0,8.0,6.3093996,0,0.0,1.0,1.0
10000,1.3,0.7,0.5288312031603335,6.447238260383328,0.08202445478242512,0.06917073191287018,1.3,exponential,29,60.0,60.0,6.4670997,0,0.0,1.0,1.0
10000,1.3,0.7,0.5288312031603335,6.447238260383328,0.08202445478242512,0.06917073191287018,1.3,exponential,30,13.0,13.0,6.1205997,0,0.0,1.0,1.0
10000,1.3,0.7,0.5288312031603335,6.447238260383328,0.08202445478242512,0.06917073191287018,1.3,exponential,31,169.0,169.0,6.1184998,0,0.0,1.0,1.0
10000,1.3,0.7,0.5288312031603335,6.447238260383328,0.08202445478242512,0.06917073191287018,1.3,exponential,32,34.0,34.0,6.6363997,0,0.0,1.0,1.0
10000,1.3,0.7,0.5288312031603335,6.447238260383328,0.08202445478242512,0.06917073191287018,1.3,exponential,33,150.0,150.0,6.2145996,0,0.0,1.0,1.0
10000,1.3,0.7,0.5288312031603335,6.447238260383328,0.08202445478242512,0.06917073191287018,1.3,exponential,34,44.0,44.0,6.3813996,0,0.0,1.0,1.0
10000,1.3,0.7,0.5288312031603335,6.447238260383328,0.08202445478242512,0.06917073191287018,1.3,exponential,35,52.0,52.0,6.1973996,0,0.0,1.0,1.0
10000,1.3,0.7,0.5288312031603335,6.447238260383328,0.08202445478242512,0.06917073191287018,1.3,exponential,36,277.0,277.0,6.5007,0,0.0,1.0,1.0
10000,1.3,0.7,0.5288312031603335,6.447238260383328,0.08202445478242512,0.06917073191287018,1.3,exponential,37,11.0,11.0,6.2981,0,0.0,1.0,1.0
10000,1.3,0.7,0.5288312031603335,6.447238260383328,0.08202445478242512,0.06917073191287018,1.3,exponential,38,126.0,126.0,6.5492,0,0.0,1.0,1.0
10000,1.3,0.7,0.5288312031603335,6.447238260383328,0.08202445478242512,0.06917073191287018,1.3,exponential,39,322.0,322.0,6.2739,0,0.0,1.0,1.0
10000,1.3,0.7,0.5288312031603335,6.447238260383328,0.08202445478242512,0.06917073191287018,1.3,exponential,40,36.0,36.0,6.3278,0,0.0,1.0,1.0
10000,1.3,0.7,0.5288312031603335,6.447238260383328,0.08202445478242512,0.06917073191287018,1.3,exponential,41,158.0,158.0,6.5193,0,0.0,1.0,1.0
10000,1.3,0.7,0.5288312031603335,6.447238260383328,0.08202445478242512,0.06917073191287018,1.3,exponential,42,257.0,257.0,6.7166,0,0.0,1.0,1.0
10000,1.3,0.7,0.5288312031603335,6.447238260383328,0.08202445478242512,0.06917073191287018,1.3,exponential,43,17.0,17.0,6.2205997,0,0.0,1.0,1.0
10000,1.3,0.7,0.5288312031603335,6.447238260383328,0.08202445478242512,0.06917073191287018,1.3,exponential,44,38.0,38.0,6.3121,0,0.0,1.0,1.0
10000,1.3,0.7,0.5288312031603335,6.447238260383328,0.08202445478242512,0.06917073191287018,1.3,exponential,45,88.0,88.0,6.6833,0,0.0,1.0,1.0
10000,1.3,0.7,0.5288312031603335,6.447238260383328,0.08202445478242512,0.06917073191287018,1.3,exponential,46,5.0,5.0,6.374,0,0.0,1.0,1.0
10000,1.3,0.7,0.5288312031603335,6.447238260383328,0.08202445478242512,0.06917073191287018,1.3,exponential,47,25.0,25.0,6.0697,0,0.0,1.0,1.0
10000,1.3,0.7,0.5288312031603335,6.447238260383328,0.08202445478242512,0.06917073191287018,1.3,exponential,48,6.0,6.0,6.4266996,0,0.0,1.0,1.0
10000,1.3,0.7,0.5288312031603335,6.447238260383328,0.08202445478242512,0.06917073191287018,1.3,exponential,49,46.0,46.0,6.3152,0,0.0,1.0,1.0
10000,1.3,0.7,0.5288312031603335,6.447238260383328,0.08202445478242512,0.06917073191287018,1.3,exponential,50,134.0,134.0,6.4044,0,0.0,1.0,1.0
10000,1.3,0.7,0.5288312031603335,6.447238260383328,0.08202445478242512,0.06917073191287018,1.3,exponential,51,14.0,14.0,6.2226,0,0.0,1.0,1.0
10000,1.3,0.7,0.5288312031603335,6.447238260383328,0.08202445478242512,0.06917073191287018,1.3,exponential,52,73.0,73.0,6.4512997,0,0.0,1.0,1.0
10000,1.3,0.7,0.5288312031603335,6.447238260383328,0.08202445478242512,0.06917073191287018,1.3,exponential,53,81.0,81.0,6.3528,0,0.0,1.0,1.0
10000,1.3,0.7,0.5288312031603335,6.447238260383328,0.08202445478242512,0.06917073191287018,1.3,exponential,54,142.0,142.0,6.7832,0,0.0,1.0,1.0
10000,1.3,0.7,0.5288312031603335,6.447238260383328,0.08202445478242512,0.06917073191287018,1.3,exponential,55,61.0,61.0,6.3466,0,0.0,1.0,1.0
10000,1.3,0.7,0.5288312031603335,6.447238260383328,0.08202445478242512,0.06917073191287018,1.3,exponential,56,8.0,8.0,6.3441997,0,0.0,1.0,1.0
10000,1.3,0.7,0.5288312031603335,6.447238260383328,0.08202445478242512,0.06917073191287018,1.3,exponential,57,123.0,123.0,6.6190996,0,0.0,1.0,1.0
10000,1.3,0.7,0.5288312031603335,6.447238260383328,0.08202445478242512,0.06917073191287018,1.3,exponential,58,7.0,7.0,6.2651997,0,0.0,1.0,1.0
10000,1.3,0.7,0.5288312031603335,6.447238260383328,0.08202445478242512,0.06917073191287018,1.3,exponential,59,81.0,81.0,5.8589997,0,0.0,1.0,1.0
10000,1.3,0.7,0.5288312031603335,6.447238260383328,0.08202445478242512,0.06917073191287018,1.3,exponential,60,51.0,51.0,6.1373,0,0.0,1.0,1.0
10000,1.3,0.7,0.5288312031603335,6.447238260383328,0.08202445478242512,0.06917073191287018,1.3,exponential,61,155.0,155.0,6.1679997,0,0.0,1.0,1.0
10000,1.3,0.7,0.5288312031603335,6.447238260383328,0.08202445478242512,0.06917073191287018,1.3,exponential,62,49.0,49.0,6.1707997,0,0.0,1.0,1.0
10000,1.3,0.7,0.5288312031603335,6.447238260383328,0.08202445478242512,0.06917073191287018,1.3,exponential,63,10.0,10.0,6.1432,0,0.0,1.0,1.0
10000,1.3,0.7,0.5288312031603335,6.447238260383328,0.08202445478242512,0.06917073191287018,1.3,exponential,64,105.0,105.0,6.2188997,0,0.0,1.0,1.0
10000,1.3,0.7,0.5288312031603335,6.447238260383328,0.08202445478242512,0.06917073191287018,1.3,exponential,65,150.0,150.0,6.8355,0,0.0,1.0,1.0
10000,1.3,0.7,0.5288312031603335,6.447238260383328,0.08202445478242512,0.06917073191287018,1.3,exponential,66,146.0,146.0,6.588,0,0.0,1.0,1.0
10000,1.3,0.7,0.5288312031603335,6.447238260383328,0.08202445478242512,0.06917073191287018,1.3,exponential,67,15.0,15.0,6.4089,0,0.0,1.0,1.0
10000,1.3,0.7,0.5288312031603335,6.447238260383328,0.08202445478242512,0.06917073191287018,1.3,exponential,68,40.0,40.0,6.4337997,0,0.0,1.0,1.0
10000,1.3,0.7,0.5288312031603335,6.447238260383328,0.08202445478242512,0.06917073191287018,1.3,exponential,69,13.0,13.0,6.3507,0,0.0,1.0,1.0
10000,1.3,0.7,0.5288312031603335,6.447238260383328,0.08202445478242512,0.06917073191287018,1.3,exponential,70,6.0,6.0,6.2542,0,0.0,1.0,1.0
10000,1.3,0.7,0.5288312031603335,6.447238260383328,0.08202445478242512,0.06917073191287018,1.3,exponential,71,35.0,35.0,6.4795,0,0.0,1.0,1.0
10000,1.3,0.7,0.5288312031603335,6.447238260383328,0.08202445478242512,0.06917073191287018,1.3,exponential,72,91.0,91.0,6.3356,0,0.0,1.0,1.0
10000,1.3,0.7,0.5288312031603335,6.447238260383328,0.08202445478242512,0.06917073191287018,1.3,exponential,73,125.0,125.0,6.4628,0,0.0,1.0,1.0
10000,1.3,0.7,0.5288312031603335,6.447238260383328,0.08202445478242512,0.06917073191287018,1.3,exponential,74,47.0,47.0,6.3388996,0,0.0,1.0,1.0
10000,1.3,0.7,0.5288312031603335,6.447238260383328,0.08202445478242512,0.06917073191287018,1.3,exponential,75,9.0,9.0,6.3359,0,0.0,1.0,1.0
10000,1.3,0.7,0.5288312031603335,6.447238260383328,0.08202445478242512,0.06917073191287018,1.3,exponential,76,28.0,28.0,5.9393,0,0.0,1.0,1.0
10000,1.3,0.7,0.5288312031603335,6.447238260383328,0.08202445478242512,0.06917073191287018,1.3,exponential,77,166.0,166.0,6.3101,0,0.0,1.0,1.0
10000,1.3,0.7,0.5288312031603335,6.447238260383328,0.08202445478242512,0.06917073191287018,1.3,exponential,78,5.0,5.0,6.4460998,0,0.0,1.0,1.0
10000,1.3,0.7,0.5288312031603335,6.447238260383328,0.08202445478242512,0.06917073191287018,1.3,exponential,79,39.0,39.0,6.3062997,0,0.0,1.0,1.0
10000,1.3,0.7,0.5288312031603335,6.447238260383328,0.08202445478242512,0.06917073191287018,1.3,exponential,80,27.0,27.0,6.2058997,0,0.0,1.0,1.0
10000,1.3,0.7,0.5288312031603335,6.447238260383328,0.08202445478242512,0.06917073191287018,1.3,exponential,81,55.0,55.0,6.4563,0,0.0,1.0,1.0
10000,1.3,0.7,0.5288312031603335,6.447238260383328,0.08202445478242512,0.06917073191287018,1.3,exponential,82,35.0,35.0,6.3971996,0,0.0,1.0,1.0
10000,1.3,0.7,0.5288312031603335,6.447238260383328,0.08202445478242512,0.06917073191287018,1.3,exponential,83,13.0,13.0,6.4943,0,0.0,1.0,1.0
10000,1.3,0.7,0.5288312031603335,6.447238260383328,0.08202445478242512,0.06917073191287018,1.3,exponential,84,9.0,9.0,6.4821,0,0.0,1.0,1.0
10000,1.3,0.7,0.5288312031603335,6.447238260383328,0.08202445478242512,0.06917073191287018,1.3,exponential,85,13.0,13.0,6.4509997,0,0.0,1.0,1.0
10000,1.3,0.7,0.5288312031603335,6.447238260383328,0.08202445478242512,0.06917073191287018,1.3,exponential,86,43.0,43.0,6.1021,0,0.0,1.0,1.0
10000,1.3,0.7,0.5288312031603335,6.447238260383328,0.08202445478242512,0.06917073191287018,1.3,exponential,87,144.0,144.0,6.2191,0,0.0,1.0,1.0
10000,1.3,0.7,0.5288312031603335,6.447238260383328,0.08202445478242512,0.06917073191287018,1.3,exponential,88,26.0,26.0,6.2637997,0,0.0,1.0,1.0
10000,1.3,0.7,0.5288312031603335,6.447238260383328,0.08202445478242512,0.06917073191287018,1.3,exponential,89,39.0,39.0,6.5572,0,0.0,1.0,1.0
10000,1.3,0.7,0.5288312031603335,6.447238260383328,0.08202445478242512,0.06917073191287018,1.3,exponential,90,18.0,18.0,6.094,0,0.0,1.0,1.0
10000,1.3,0.7,0.5288312031603335,6.447238260383328,0.08202445478242512,0.06917073191287018,1.3,exponential,91,25.0,25.0,6.7033997,0,0.0,1.0,1.0
10000,1.3,0.7,0.5288312031603335,6.447238260383328,0.08202445478242512,0.06917073191287018,1.3,exponential,92,51.0,51.0,5.9753,0,0.0,1.0,1.0
10000,1.3,0.7,0.5288312031603335,6.447238260383328,0.08202445478242512,0.06917073191287018,1.3,exponential,93,51.0,51.0,5.9611998,0,0.0,1.0,1.0
10000,1.3,0.7,0.5288312031603335,6.447238260383328,0.08202445478242512,0.06917073191287018,1.3,exponential,94,55.0,55.0,6.4553,0,0.0,1.0,1.0
10000,1.3,0.7,0.5288312031603335,6.447238260383328,0.08202445478242512,0.06917073191287018,1.3,exponential,95,31.0,31.0,5.9407,0,0.0,1.0,1.0
10000,1.3,0.7,0.5288312031603335,6.447238260383328,0.08202445478242512,0.06917073191287018,1.3,exponential,96,67.0,67.0,6.4473,0,0.0,1.0,1.0
10000,1.3,0.7,0.5288312031603335,6.447238260383328,0.08202445478242512,0.06917073191287018,1.3,exponential,97,10.0,10.0,6.4019,0,0.0,1.0,1.0
10000,1.3,0.7,0.5288312031603335,6.447238260383328,0.08202445478242512,0.06917073191287018,1.3,exponential,98,24.0,24.0,6.4523,0,0.0,1.0,1.0
10000,1.3,0.7,0.5288312031603335,6.447238260383328,0.08202445478242512,0.06917073191287018,1.3,exponential,99,30.0,30.0,6.6169996,0,0.0,1.0,1.0
10000,1.3,0.7,0.5288312031603335,6.447238260383328,0.08202445478242512,0.06917073191287018,1.3,exponential,100,40.0,40.0,6.6749997,0,0.0,1.0,1.0
10000,1.3,0.7,0.5288312031603335,6.447238260383328,0.08202445478242512,0.06917073191287018,1.3,exponential,101,41.0,41.0,6.4075,0,0.0,1.0,1.0
10000,1.3,0.7,0.5288312031603335,6.447238260383328,0.08202445478242512,0.06917073191287018,1.3,exponential,102,88.0,88.0,6.2113,0,0.0,1.0,1.0
10000,1.3,0.7,0.5288312031603335,6.447238260383328,0.08202445478242512,0.06917073191287018,1.3,exponential,103,11.0,11.0,6.3134,0,0.0,1.0,1.0
10000,1.3,0.7,0.5288312031603335,6.447238260383328,0.08202445478242512,0.06917073191287018,1.3,exponential,104,31.0,31.0,6.3352,0,0.0,1.0,1.0
10000,1.3,0.7,0.5288312031603335,6.447238260383328,0.08202445478242512,0.06917073191287018,1.3,exponential,105,28.0,28.0,6.7337,0,0.0,1.0,1.0
10000,1.3,0.7,0.5288312031603335,6.447238260383328,0.08202445478242512,0.06917073191287018,1.3,exponential,106,42.0,42.0,6.4551997,0,0.0,1.0,1.0
10000,1.3,0.7,0.5288312031603335,6.447238260383328,0.08202445478242512,0.06917073191287018,1.3,exponential,107,42.0,42.0,6.2576,0,0.0,1.0,1.0
10000,1.3,0.7,0.5288312031603335,6.447238260383328,0.08202445478242512,0.06917073191287018,1.3,exponential,108,128.0,128.0,6.3686,0,0.0,1.0,1.0
10000,1.3,0.7,0.5288312031603335,6.447238260383328,0.08202445478242512,0.06917073191287018,1.3,exponential,109,72.0,72.0,6.2946997,0,0.0,1.0,1.0
10000,1.3,0.7,0.5288312031603335,6.447238260383328,0.08202445478242512,0.06917073191287018,1.3,exponential,110,32.0,32.0,6.5551996,0,0.0,1.0,1.0
10000,1.3,0.7,0.5288312031603335,6.447238260383328,0.08202445478242512,0.06917073191287018,1.3,exponential,111,250.0,250.0,6.6928997,0,0.0,1.0,1.0
10000,1.3,0.7,0.5288312031603335,6.447238260383328,0.08202445478242512,0.06917073191287018,1.3,exponential,112,111.0,111.0,6.6036,0,0.0,1.0,1.0
10000,1.3,0.7,0.5288312031603335,6.447238260383328,0.08202445478242512,0.06917073191287018,1.3,exponential,113,147.0,147.0,6.3606,0,0.0,1.0,1.0
10000,1.3,0.7,0.5288312031603335,6.447238260383328,0.08202445478242512,0.06917073191287018,1.3,exponential,114,175.0,175.0,6.3314,0,0.0,1.0,1.0
10000,1.3,0.7,0.5288312031603335,6.447238260383328,0.08202445478242512,0.06917073191287018,1.3,exponential,115,53.0,53.0,6.3244,0,0.0,1.0,1.0
10000,1.3,0.7,0.5288312031603335,6.447238260383328,0.08202445478242512,0.06917073191287018,1.3,exponential,116,100.0,100.0,6.5561,0,0.0,1.0,1.0
10000,1.3,0.7,0.5288312031603335,6.447238260383328,0.08202445478242512,0.06917073191287018,1.3,exponential,117,56.0,56.0,6.1147,0,0.0,1.0,1.0
10000,1.3,0.7,0.5288312031603335,6.447238260383328,0.08202445478242512,0.06917073191287018,1.3,exponential,118,138.0,138.0,6.5692,0,0.0,1.0,1.0
10000,1.3,0.7,0.5288312031603335,6.447238260383328,0.08202445478242512,0.06917073191287018,1.3,exponential,119,7.0,7.0,6.4844,0,0.0,1.0,1.0
10000,1.3,0.7,0.5288312031603335,6.447238260383328,0.08202445478242512,0.06917073191287018,1.3,exponential,120,9.0,9.0,6.3515,0,0.0,1.0,1.0
10000,1.3,0.7,0.5288312031603335,6.447238260383328,0.08202445478242512,0.06917073191287018,1.3,exponential,121,122.0,122.0,6.1229997,0,0.0,1.0,1.0
10000,1.3,0.7,0.5288312031603335,6.447238260383328,0.08202445478242512,0.06917073191287018,1.3,exponential,122,30.0,30.0,6.7184,0,0.0,1.0,1.0
10000,1.3,0.7,0.5288312031603335,6.447238260383328,0.08202445478242512,0.06917073191287018,1.3,exponential,123,139.0,139.0,6.1171,0,0.0,1.0,1.0
10000,1.3,0.7,0.5288312031603335,6.447238260383328,0.08202445478242512,0.06917073191287018,1.3,exponential,124,16.0,16.0,6.4409,0,0.0,1.0,1.0
10000,1.3,0.7,0.5288312031603335,6.447238260383328,0.08202445478242512,0.06917073191287018,1.3,exponential,125,30.0,30.0,6.3782,0,0.0,1.0,1.0
10000,1.3,0.7,0.5288312031603335,6.447238260383328,0.08202445478242512,0.06917073191287018,1.3,exponential,126,15.0,15.0,6.5225,0,0.0,1.0,1.0
10000,1.3,0.7,0.5288312031603335,6.447238260383328,0.08202445478242512,0.06917073191287018,1.3,exponential,127,450.0,450.0,6.8198,0,0.0,1.0,1.0
10000,1.3,0.7,0.5288312031603335,6.447238260383328,0.08202445478242512,0.06917073191287018,1.3,exponential,128,23.0,23.0,6.593,0,0.0,1.0,1.0
10000,1.3,0.7,0.5288312031603335,6.447238260383328,0.08202445478242512,0.06917073191287018,1.3,exponential,129,24.0,24.0,6.5464997,0,0.0,1.0,1.0
10000,1.3,0.7,0.5288312031603335,6.447238260383328,0.08202445478242512,0.06917073191287018,1.3,exponential,130,82.0,82.0,6.2148,0,0.0,1.0,1.0
10000,1.3,0.7,0.5288312031603335,6.447238260383328,0.08202445478242512,0.06917073191287018,1.3,exponential,131,27.0,27.0,6.2616,0,0.0,1.0,1.0
10000,1.3,0.7,0.5288312031603335,6.447238260383328,0.08202445478242512,0.06917073191287018,1.3,exponential,132,27.0,27.0,6.3104,0,0.0,1.0,1.0
10000,1.3,0.7,0.5288312031603335,6.447238260383328,0.08202445478242512,0.06917073191287018,1.3,exponential,133,37.0,37.0,6.6709,0,0.0,1.0,1.0
10000,1.3,0.7,0.5288312031603335,6.447238260383328,0.08202445478242512,0.06917073191287018,1.3,exponential,134,11.0,11.0,6.3848996,0,0.0,1.0,1.0
10000,1.3,0.7,0.5288312031603335,6.447238260383328,0.08202445478242512,0.06917073191287018,1.3,exponential,135,75.0,75.0,6.3332996,0,0.0,1.0,1.0
10000,1.3,0.7,0.5288312031603335,6.447238260383328,0.08202445478242512,0.06917073191287018,1.3,exponential,136,45.0,45.0,6.0495996,0,0.0,1.0,1.0
10000,1.3,0.7,0.5288312031603335,6.447238260383328,0.08202445478242512,0.06917073191287018,1.3,exponential,137,6.0,6.0,6.3693,0,0.0,1.0,1.0
10000,1.3,0.7,0.5288312031603335,6.447238260383328,0.08202445478242512,0.06917073191287018,1.3,exponential,138,94.0,94.0,6.2331,0,0.0,1.0,1.0
10000,1.3,0.7,0.5288312031603335,6.447238260383328,0.08202445478242512,0.06917073191287018,1.3,exponential,139,121.0,121.0,6.3696,0,0.0,1.0,1.0
10000,1.3,0.7,0.5288312031603335,6.447238260383328,0.08202445478242512,0.06917073191287018,1.3,exponential,140,56.0,56.0,6.3055997,0,0.0,1.0,1.0
10000,1.3,0.7,0.5288312031603335,6.447238260383328,0.08202445478242512,0.06917073191287018,1.3,exponential,141,172.0,172.0,6.4084997,0,0.0,1.0,1.0
10000,1.3,0.7,0.5288312031603335,6.447238260383328,0.08202445478242512,0.06917073191287018,1.3,exponential,142,60.0,60.0,6.6414,0,0.0,1.0,1.0
10000,1.3,0.7,0.5288312031603335,6.447238260383328,0.08202445478242512,0.06917073191287018,1.3,exponential,143,4.0,4.0,6.4693,0,0.0,1.0,1.0
10000,1.3,0.7,0.5288312031603335,6.447238260383328,0.08202445478242512,0.06917073191287018,1.3,exponential,144,27.0,27.0,6.1893997,0,0.0,1.0,1.0
10000,1.3,0.7,0.5288312031603335,6.447238260383328,0.08202445478242512,0.06917073191287018,1.3,exponential,145,33.0,33.0,6.3707,0,0.0,1.0,1.0
10000,1.3,0.7,0.5288312031603335,6.447238260383328,0.08202445478242512,0.06917073191287018,1.3,exponential,146,198.0,198.0,6.0544996,0,0.0,1.0,1.0
10000,1.3,0.7,0.5288312031603335,6.447238260383328,0.08202445478242512,0.06917073191287018,1.3,exponential,147,80.0,80.0,6.4634,0,0.0,1.0,1.0
10000,1.3,0.7,0.5288312031603335,6.447238260383328,0.08202445478242512,0.06917073191287018,1.3,exponential,148,6.0,6.0,6.2004,0,0.0,1.0,1.0
10000,1.3,0.7,0.5288312031603335,6.447238260383328,0.08202445478242512,0.06917073191287018,1.3,exponential,149,12.0,12.0,6.3887,0,0.0,1.0,1.0
10000,1.3,0.7,0.5288312031603335,6.447238260383328,0.08202445478242512,0.06917073191287018,1.3,exponential,150,16.0,16.0,6.5456996,0,0.0,1.0,1.0
10000,1.3,0.7,0.5288312031603335,6.447238260383328,0.08202445478242512,0.06917073191287018,1.3,exponential,151,33.0,33.0,6.453,0,0.0,1.0,1.0
10000,1.3,0.7,0.5288312031603335,6.447238260383328,0.08202445478242512,0.06917073191287018,1.3,exponential,152,71.0,71.0,6.193,0,0.0,1.0,1.0
10000,1.3,0.7,0.5288312031603335,6.447238260383328,0.08202445478242512,0.06917073191287018,1.3,exponential,153,20.0,20.0,6.3998,0,0.0,1.0,1.0
10000,1.3,0.7,0.5288312031603335,6.447238260383328,0.08202445478242512,0.06917073191287018,1.3,exponential,154,12.0,12.0,6.3294997,0,0.0,1.0,1.0
10000,1.3,0.7,0.5288312031603335,6.447238260383328,0.08202445478242512,0.06917073191287018,1.3,exponential,155,125.0,125.0,5.9419,0,0.0,1.0,1.0
10000,1.3,0.7,0.5288312031603335,6.447238260383328,0.08202445478242512,0.06917073191287018,1.3,exponential,156,84.0,84.0,6.8696,0,0.0,1.0,1.0
10000,1.3,0.7,0.5288312031603335,6.447238260383328,0.08202445478242512,0.06917073191287018,1.3,exponential,157,167.0,167.0,6.5182,0,0.0,1.0,1.0
10000,1.3,0.7,0.5288312031603335,6.447238260383328,0.08202445478242512,0.06917073191287018,1.3,exponential,158,279.0,279.0,6.8329,0,0.0,1.0,1.0
10000,1.3,0.7,0.5288312031603335,6.447238260383328,0.08202445478242512,0.06917073191287018,1.3,exponential,159,82.0,82.0,5.9523,0,0.0,1.0,1.0
10000,1.3,0.7,0.5288312031603335,6.447238260383328,0.08202445478242512,0.06917073191287018,1.3,exponential,160,36.0,36.0,6.2904997,0,0.0,1.0,1.0
10000,1.3,0.7,0.5288312031603335,6.447238260383328,0.08202445478242512,0.06917073191287018,1.3,exponential,161,4.0,4.0,6.4772,0,0.0,1.0,1.0
10000,1.3,0.7,0.5288312031603335,6.447238260383328,0.08202445478242512,0.06917073191287018,1.3,exponential,162,119.0,119.0,6.567,0,0.0,1.0,1.0
10000,1.3,0.7,0.5288312031603335,6.447238260383328,0.08202445478242512,0.06917073191287018,1.3,exponential,163,70.0,70.0,6.3079996,0,0.0,1.0,1.0
10000,1.3,0.7,0.5288312031603335,6.447238260383328,0.08202445478242512,0.06917073191287018,1.3,exponential,164,50.0,50.0,6.3662996,0,0.0,1.0,1.0
10000,1.3,0.7,0.5288312031603335,6.447238260383328,0.08202445478242512,0.06917073191287018,1.3,exponential,165,116.0,116.0,6.6663,0,0.0,1.0,1.0
10000,1.3,0.7,0.5288312031603335,6.447238260383328,0.08202445478242512,0.06917073191287018,1.3,exponential,166,139.0,139.0,6.6254,0,0.0,1.0,1.0
10000,1.3,0.7,0.5288312031603335,6.447238260383328,0.08202445478242512,0.06917073191287018,1.3,exponential,167,134.0,134.0,6.5702996,0,0.0,1.0,1.0
10000,1.3,0.7,0.5288312031603335,6.447238260383328,0.08202445478242512,0.06917073191287018,1.3,exponential,168,88.0,88.0,7.0717998,0,0.0,1.0,1.0
10000,1.3,0.7,0.5288312031603335,6.447238260383328,0.08202445478242512,0.06917073191287018,1.3,exponential,169,20.0,20.0,6.6412997,0,0.0,1.0,1.0
10000,1.3,0.7,0.5288312031603335,6.447238260383328,0.08202445478242512,0.06917073191287018,1.3,exponential,170,177.0,177.0,6.3487,0,0.0,1.0,1.0
10000,1.3,0.7,0.5288312031603335,6.447238260383328,0.08202445478242512,0.06917073191287018,1.3,exponential,171,81.0,81.0,6.2690997,0,0.0,1.0,1.0
10000,1.3,0.7,0.5288312031603335,6.447238260383328,0.08202445478242512,0.06917073191287018,1.3,exponential,172,131.0,131.0,6.3451,0,0.0,1.0,1.0
10000,1.3,0.7,0.5288312031603335,6.447238260383328,0.08202445478242512,0.06917073191287018,1.3,exponential,173,40.0,40.0,6.4539,0,0.0,1.0,1.0
10000,1.3,0.7,0.5288312031603335,6.447238260383328,0.08202445478242512,0.06917073191287018,1.3,exponential,174,218.0,218.0,6.4456997,0,0.0,1.0,1.0
10000,1.3,0.7,0.5288312031603335,6.447238260383328,0.08202445478242512,0.06917073191287018,1.3,exponential,175,149.0,149.0,6.6782,0,0.0,1.0,1.0
10000,1.3,0.7,0.5288312031603335,6.447238260383328,0.08202445478242512,0.06917073191287018,1.3,exponential,176,30.0,30.0,6.52,0,0.0,1.0,1.0
10000,1.3,0.7,0.5288312031603335,6.447238260383328,0.08202445478242512,0.06917073191287018,1.3,exponential,177,9.0,9.0,6.4419,0,0.0,1.0,1.0
10000,1.3,0.7,0.5288312031603335,6.447238260383328,0.08202445478242512,0.06917073191287018,1.3,exponential,178,74.0,74.0,6.6674,0,0.0,1.0,1.0
10000,1.3,0.7,0.5288312031603335,6.447238260383328,0.08202445478242512,0.06917073191287018,1.3,exponential,179,92.0,92.0,6.4614,0,0.0,1.0,1.0
10000,1.3,0.7,0.5288312031603335,6.447238260383328,0.08202445478242512,0.06917073191287018,1.3,exponential,180,47.0,47.0,6.1145,0,0.0,1.0,1.0
10000,1.3,0.7,0.5288312031603335,6.447238260383328,0.08202445478242512,0.06917073191287018,1.3,exponential,181,13.0,13.0,6.0773997,0,0.0,1.0,1.0
10000,1.3,0.7,0.5288312031603335,6.447238260383328,0.08202445478242512,0.06917073191287018,1.3,exponential,182,8.0,8.0,6.3806,0,0.0,1.0,1.0
10000,1.3,0.7,0.5288312031603335,6.447238260383328,0.08202445478242512,0.06917073191287018,1.3,exponential,183,18.0,18.0,6.3441,0,0.0,1.0,1.0
10000,1.3,0.7,0.5288312031603335,6.447238260383328,0.08202445478242512,0.06917073191287018,1.3,exponential,184,39.0,39.0,6.6991997,0,0.0,1.0,1.0
10000,1.3,0.7,0.5288312031603335,6.447238260383328,0.08202445478242512,0.06917073191287018,1.3,exponential,185,33.0,33.0,6.6584997,0,0.0,1.0,1.0
10000,1.3,0.7,0.5288312031603335,6.447238260383328,0.08202445478242512,0.06917073191287018,1.3,exponential,186,4.0,4.0,6.4103,0,0.0,1.0,1.0
10000,1.3,0.7,0.5288312031603335,6.447238260383328,0.08202445478242512,0.06917073191287018,1.3,exponential,187,68.0,68.0,6.4581,0,0.0,1.0,1.0
10000,1.3,0.7,0.5288312031603335,6.447238260383328,0.08202445478242512,0.06917073191287018,1.3,exponential,188,102.0,102.0,6.4279,0,0.0,1.0,1.0
10000,1.3,0.7,0.5288312031603335,6.447238260383328,0.08202445478242512,0.06917073191287018,1.3,exponential,189,106.0,106.0,6.4031,0,0.0,1.0,1.0
10000,1.3,0.7,0.5288312031603335,6.447238260383328,0.08202445478242512,0.06917073191287018,1.3,exponential,190,17.0,17.0,6.2629,0,0.0,1.0,1.0
10000,1.3,0.7,0.5288312031603335,6.447238260383328,0.08202445478242512,0.06917073191287018,1.3,exponential,191,4.0,4.0,6.3533998,0,0.0,1.0,1.0
10000,1.3,0.7,0.5288312031603335,6.447238260383328,0.08202445478242512,0.06917073191287018,1.3,exponential,192,209.0,209.0,6.2422,0,0.0,1.0,1.0
10000,1.3,0.7,0.5288312031603335,6.447238260383328,0.08202445478242512,0.06917073191287018,1.3,exponential,193,10.0,10.0,6.2988997,0,0.0,1.0,1.0
10000,1.3,0.7,0.5288312031603335,6.447238260383328,0.08202445478242512,0.06917073191287018,1.3,exponential,194,8.0,8.0,6.5438,0,0.0,1.0,1.0
10000,1.3,0.7,0.5288312031603335,6.447238260383328,0.08202445478242512,0.06917073191287018,1.3,exponential,195,113.0,113.0,6.1909,0,0.0,1.0,1.0
10000,1.3,0.7,0.5288312031603335,6.447238260383328,0.08202445478242512,0.06917073191287018,1.3,exponential,196,114.0,114.0,6.2344,0,0.0,1.0,1.0
10000,1.3,0.7,0.5288312031603335,6.447238260383328,0.08202445478242512,0.06917073191287018,1.3,exponential,197,124.0,124.0,6.259,0,0.0,1.0,1.0
10000,1.3,0.7,0.5288312031603335,6.447238260383328,0.08202445478242512,0.06917073191287018,1.3,exponential,198,111.0,111.0,6.3733,0,0.0,1.0,1.0
10000,1.3,0.7,0.5288312031603335,6.447238260383328,0.08202445478242512,0.06917073191287018,1.3,exponential,199,57.0,57.0,6.3483996,0,0.0,1.0,1.0
10000,1.3,0.7,0.5288312031603335,6.447238260383328,0.08202445478242512,0.06917073191287018,1.3,exponential,200,87.0,87.0,6.3589,0,0.0,1.0,1.0
10000,1.3,0.7,0.5288312031603335,6.447238260383328,0.08202445478242512,0.06917073191287018,1.3,exponential,201,122.0,122.0,6.5441,0,0.0,1.0,1.0
10000,1.3,0.7,0.5288312031603335,6.447238260383328,0.08202445478242512,0.06917073191287018,1.3,exponential,202,147.0,147.0,6.7166996,0,0.0,1.0,1.0
10000,1.3,0.7,0.5288312031603335,6.447238260383328,0.08202445478242512,0.06917073191287018,1.3,exponential,203,24.0,24.0,6.5639,0,0.0,1.0,1.0
10000,1.3,0.7,0.5288312031603335,6.447238260383328,0.08202445478242512,0.06917073191287018,1.3,exponential,204,37.0,37.0,6.397,0,0.0,1.0,1.0
10000,1.3,0.7,0.5288312031603335,6.447238260383328,0.08202445478242512,0.06917073191287018,1.3,exponential,205,70.0,70.0,6.4340997,0,0.0,1.0,1.0
10000,1.3,0.7,0.5288312031603335,6.447238260383328,0.08202445478242512,0.06917073191287018,1.3,exponential,206,82.0,82.0,6.3203998,0,0.0,1.0,1.0
10000,1.3,0.7,0.5288312031603335,6.447238260383328,0.08202445478242512,0.06917073191287018,1.3,exponential,207,87.0,87.0,6.5025997,0,0.0,1.0,1.0
10000,1.3,0.7,0.5288312031603335,6.447238260383328,0.08202445478242512,0.06917073191287018,1.3,exponential,208,14.0,14.0,6.3861,0,0.0,1.0,1.0
10000,1.3,0.7,0.5288312031603335,6.447238260383328,0.08202445478242512,0.06917073191287018,1.3,exponential,209,63.0,63.0,5.8866,0,0.0,1.0,1.0
10000,1.3,0.7,0.5288312031603335,6.447238260383328,0.08202445478242512,0.06917073191287018,1.3,exponential,210,75.0,75.0,5.9153,0,0.0,1.0,1.0
10000,1.3,0.7,0.5288312031603335,6.447238260383328,0.08202445478242512,0.06917073191287018,1.3,exponential,211,50.0,50.0,6.1812,0,0.0,1.0,1.0
10000,1.3,0.7,0.5288312031603335,6.447238260383328,0.08202445478242512,0.06917073191287018,1.3,exponential,212,23.0,23.0,6.4943,0,0.0,1.0,1.0
10000,1.3,0.7,0.5288312031603335,6.447238260383328,0.08202445478242512,0.06917073191287018,1.3,exponential,213,15.0,15.0,6.5003,0,0.0,1.0,1.0
10000,1.3,0.7,0.5288312031603335,6.447238260383328,0.08202445478242512,0.06917073191287018,1.3,exponential,214,64.0,64.0,6.5909,0,0.0,1.0,1.0
10000,1.3,0.7,0.5288312031603335,6.447238260383328,0.08202445478242512,0.06917073191287018,1.3,exponential,215,10.0,10.0,6.5418997,0,0.0,1.0,1.0
10000,1.3,0.7,0.5288312031603335,6.447238260383328,0.08202445478242512,0.06917073191287018,1.3,exponential,216,31.0,31.0,6.43,0,0.0,1.0,1.0
10000,1.3,0.7,0.5288312031603335,6.447238260383328,0.08202445478242512,0.06917073191287018,1.3,exponential,217,144.0,144.0,6.1734,0,0.0,1.0,1.0
10000,1.3,0.7,0.5288312031603335,6.447238260383328,0.08202445478242512,0.06917073191287018,1.3,exponential,218,105.0,105.0,6.1454997,0,0.0,1.0,1.0
10000,1.3,0.7,0.5288312031603335,6.447238260383328,0.08202445478242512,0.06917073191287018,1.3,exponential,219,98.0,98.0,6.3197,0,0.0,1.0,1.0
10000,1.3,0.7,0.5288312031603335,6.447238260383328,0.08202445478242512,0.06917073191287018,1.3,exponential,220,127.0,127.0,6.4806,0,0.0,1.0,1.0
10000,1.3,0.7,0.5288312031603335,6.447238260383328,0.08202445478242512,0.06917073191287018,1.3,exponential,221,65.0,65.0,6.4322996,0,0.0,1.0,1.0
10000,1.3,0.7,0.5288312031603335,6.447238260383328,0.08202445478242512,0.06917073191287018,1.3,exponential,222,50.0,50.0,6.5148997,0,0.0,1.0,1.0
10000,1.3,0.7,0.5288312031603335,6.447238260383328,0.08202445478242512,0.06917073191287018,1.3,exponential,223,55.0,55.0,6.615,0,0.0,1.0,1.0
10000,1.3,0.7,0.5288312031603335,6.447238260383328,0.08202445478242512,0.06917073191287018,1.3,exponential,224,21.0,21.0,6.4754,0,0.0,1.0,1.0
10000,1.3,0.7,0.5288312031603335,6.447238260383328,0.08202445478242512,0.06917073191287018,1.3,exponential,225,39.0,39.0,6.9406,0,0.0,1.0,1.0
10000,1.3,0.7,0.5288312031603335,6.447238260383328,0.08202445478242512,0.06917073191287018,1.3,exponential,226,180.0,180.0,5.9177,0,0.0,1.0,1.0
10000,1.3,0.7,0.5288312031603335,6.447238260383328,0.08202445478242512,0.06917073191287018,1.3,exponential,227,34.0,34.0,6.3464,0,0.0,1.0,1.0
10000,1.3,0.7,0.5288312031603335,6.447238260383328,0.08202445478242512,0.06917073191287018,1.3,exponential,228,35.0,35.0,6.4072,0,0.0,1.0,1.0
10000,1.3,0.7,0.5288312031603335,6.447238260383328,0.08202445478242512,0.06917073191287018,1.3,exponential,229,62.0,62.0,6.7306,0,0.0,1.0,1.0
10000,1.3,0.7,0.5288312031603335,6.447238260383328,0.08202445478242512,0.06917073191287018,1.3,exponential,230,90.0,90.0,6.4147,0,0.0,1.0,1.0
10000,1.3,0.7,0.5288312031603335,6.447238260383328,0.08202445478242512,0.06917073191287018,1.3,exponential,231,156.0,156.0,6.0634,0,0.0,1.0,1.0
10000,1.3,0.7,0.5288312031603335,6.447238260383328,0.08202445478242512,0.06917073191287018,1.3,exponential,232,76.0,76.0,6.3371997,0,0.0,1.0,1.0
10000,1.3,0.7,0.5288312031603335,6.447238260383328,0.08202445478242512,0.06917073191287018,1.3,exponential,233,22.0,22.0,6.4249997,0,0.0,1.0,1.0
10000,1.3,0.7,0.5288312031603335,6.447238260383328,0.08202445478242512,0.06917073191287018,1.3,exponential,234,47.0,47.0,6.7531,0,0.0,1.0,1.0
10000,1.3,0.7,0.5288312031603335,6.447238260383328,0.08202445478242512,0.06917073191287018,1.3,exponential,235,10.0,10.0,6.4171,0,0.0,1.0,1.0
10000,1.3,0.7,0.5288312031603335,6.447238260383328,0.08202445478242512,0.06917073191287018,1.3,exponential,236,60.0,60.0,6.1798,0,0.0,1.0,1.0
10000,1.3,0.7,0.5288312031603335,6.447238260383328,0.08202445478242512,0.06917073191287018,1.3,exponential,237,22.0,22.0,6.7674,0,0.0,1.0,1.0
10000,1.3,0.7,0.5288312031603335,6.447238260383328,0.08202445478242512,0.06917073191287018,1.3,exponential,238,11.0,11.0,6.278,0,0.0,1.0,1.0
10000,1.3,0.7,0.5288312031603335,6.447238260383328,0.08202445478242512,0.06917073191287018,1.3,exponential,239,100.0,100.0,6.703,0,0.0,1.0,1.0
10000,1.3,0.7,0.5288312031603335,6.447238260383328,0.08202445478242512,0.06917073191287018,1.3,exponential,240,188.0,188.0,6.5337,0,0.0,1.0,1.0
10000,1.3,0.7,0.5288312031603335,6.447238260383328,0.08202445478242512,0.06917073191287018,1.3,exponential,241,17.0,17.0,6.2865996,0,0.0,1.0,1.0
10000,1.3,0.7,0.5288312031603335,6.447238260383328,0.08202445478242512,0.06917073191287018,1.3,exponential,242,174.0,174.0,6.8854,0,0.0,1.0,1.0
10000,1.3,0.7,0.5288312031603335,6.447238260383328,0.08202445478242512,0.06917073191287018,1.3,exponential,243,5.0,5.0,6.3914,0,0.0,1.0,1.0
10000,1.3,0.7,0.5288312031603335,6.447238260383328,0.08202445478242512,0.06917073191287018,1.3,exponential,244,30.0,30.0,6.5508,0,0.0,1.0,1.0
10000,1.3,0.7,0.5288312031603335,6.447238260383328,0.08202445478242512,0.06917073191287018,1.3,exponential,245,171.0,171.0,6.409,0,0.0,1.0,1.0
10000,1.3,0.7,0.5288312031603335,6.447238260383328,0.08202445478242512,0.06917073191287018,1.3,exponential,246,34.0,34.0,6.134,0,0.0,1.0,1.0
10000,1.3,0.7,0.5288312031603335,6.447238260383328,0.08202445478242512,0.06917073191287018,1.3,exponential,247,45.0,45.0,6.4821997,0,0.0,1.0,1.0
10000,1.3,0.7,0.5288312031603335,6.447238260383328,0.08202445478242512,0.06917073191287018,1.3,exponential,248,32.0,32.0,6.4742,0,0.0,1.0,1.0
10000,1.3,0.7,0.5288312031603335,6.447238260383328,0.08202445478242512,0.06917073191287018,1.3,exponential,249,18.0,18.0,6.6333,0,0.0,1.0,1.0
10000,1.3,0.7,0.5288312031603335,6.447238260383328,0.08202445478242512,0.06917073191287018,1.3,exponential,250,28.0,28.0,6.4578,0,0.0,1.0,1.0
10000,1.3,0.7,0.5288312031603335,6.447238260383328,0.08202445478242512,0.06917073191287018,1.3,exponential,251,56.0,56.0,6.5037,0,0.0,1.0,1.0
10000,1.3,0.7,0.5288312031603335,6.447238260383328,0.08202445478242512,0.06917073191287018,1.3,exponential,252,46.0,46.0,6.3136,0,0.0,1.0,1.0
10000,1.3,0.7,0.5288312031603335,6.447238260383328,0.08202445478242512,0.06917073191287018,1.3,exponential,253,7.0,7.0,6.4185996,0,0.0,1.0,1.0
10000,1.3,0.7,0.5288312031603335,6.447238260383328,0.08202445478242512,0.06917073191287018,1.3,exponential,254,92.0,92.0,6.3567996,0,0.0,1.0,1.0
10000,1.3,0.7,0.5288312031603335,6.447238260383328,0.08202445478242512,0.06917073191287018,1.3,exponential,255,99.0,99.0,6.5266,0,0.0,1.0,1.0
10000,1.3,0.7,0.5288312031603335,6.447238260383328,0.08202445478242512,0.06917073191287018,1.3,exponential,256,105.0,105.0,6.2762,0,0.0,1.0,1.0
10000,1.3,0.7,0.5288312031603335,6.447238260383328,0.08202445478242512,0.06917073191287018,1.3,exponential,257,62.0,62.0,6.266,0,0.0,1.0,1.0
10000,1.3,0.7,0.5288312031603335,6.447238260383328,0.08202445478242512,0.06917073191287018,1.3,exponential,258,78.0,78.0,5.987,0,0.0,1.0,1.0
10000,1.3,0.7,0.5288312031603335,6.447238260383328,0.08202445478242512,0.06917073191287018,1.3,exponential,259,125.0,125.0,6.6103997,0,0.0,1.0,1.0
10000,1.3,0.7,0.5288312031603335,6.447238260383328,0.08202445478242512,0.06917073191287018,1.3,exponential,260,206.0,206.0,6.8004,0,0.0,1.0,1.0
10000,1.3,0.7,0.5288312031603335,6.447238260383328,0.08202445478242512,0.06917073191287018,1.3,exponential,261,11.0,11.0,6.4301,0,0.0,1.0,1.0
10000,1.3,0.7,0.5288312031603335,6.447238260383328,0.08202445478242512,0.06917073191287018,1.3,exponential,262,92.0,92.0,6.3756,0,0.0,1.0,1.0
10000,1.3,0.7,0.5288312031603335,6.447238260383328,0.08202445478242512,0.06917073191287018,1.3,exponential,263,108.0,108.0,6.489,0,0.0,1.0,1.0
10000,1.3,0.7,0.5288312031603335,6.447238260383328,0.08202445478242512,0.06917073191287018,1.3,exponential,264,13.0,13.0,6.3858,0,0.0,1.0,1.0
10000,1.3,0.7,0.5288312031603335,6.447238260383328,0.08202445478242512,0.06917073191287018,1.3,exponential,265,309.0,309.0,6.3047,0,0.0,1.0,1.0
10000,1.3,0.7,0.5288312031603335,6.447238260383328,0.08202445478242512,0.06917073191287018,1.3,exponential,266,128.0,128.0,6.5975,0,0.0,1.0,1.0
10000,1.3,0.7,0.5288312031603335,6.447238260383328,0.08202445478242512,0.06917073191287018,1.3,exponential,267,176.0,176.0,6.3977,0,0.0,1.0,1.0
10000,1.3,0.7,0.5288312031603335,6.447238260383328,0.08202445478242512,0.06917073191287018,1.3,exponential,268,66.0,66.0,6.4677,0,0.0,1.0,1.0
10000,1.3,0.7,0.5288312031603335,6.447238260383328,0.08202445478242512,0.06917073191287018,1.3,exponential,269,58.0,58.0,6.4551997,0,0.0,1.0,1.0
10000,1.3,0.7,0.5288312031603335,6.447238260383328,0.08202445478242512,0.06917073191287018,1.3,exponential,270,16.0,16.0,6.2152,0,0.0,1.0,1.0
10000,1.3,0.7,0.5288312031603335,6.447238260383328,0.08202445478242512,0.06917073191287018,1.3,exponential,271,101.0,101.0,6.2314,0,0.0,1.0,1.0
10000,1.3,0.7,0.5288312031603335,6.447238260383328,0.08202445478242512,0.06917073191287018,1.3,exponential,272,10.0,10.0,6.317,0,0.0,1.0,1.0
10000,1.3,0.7,0.5288312031603335,6.447238260383328,0.08202445478242512,0.06917073191287018,1.3,exponential,273,25.0,25.0,6.4286,0,0.0,1.0,1.0
10000,1.3,0.7,0.5288312031603335,6.447238260383328,0.08202445478242512,0.06917073191287018,1.3,exponential,274,23.0,23.0,6.3006,0,0.0,1.0,1.0
10000,1.3,0.7,0.5288312031603335,6.447238260383328,0.08202445478242512,0.06917073191287018,1.3,exponential,275,46.0,46.0,6.5579996,0,0.0,1.0,1.0
10000,1.3,0.7,0.5288312031603335,6.447238260383328,0.08202445478242512,0.06917073191287018,1.3,exponential,276,70.0,70.0,6.1254997,0,0.0,1.0,1.0
10000,1.3,0.7,0.5288312031603335,6.447238260383328,0.08202445478242512,0.06917073191287018,1.3,exponential,277,40.0,40.0,6.2093997,0,0.0,1.0,1.0
10000,1.3,0.7,0.5288312031603335,6.447238260383328,0.08202445478242512,0.06917073191287018,1.3,exponential,278,28.0,28.0,6.3652,0,0.0,1.0,1.0
10000,1.3,0.7,0.5288312031603335,6.447238260383328,0.08202445478242512,0.06917073191287018,1.3,exponential,279,67.0,67.0,6.292,0,0.0,1.0,1.0
10000,1.3,0.7,0.5288312031603335,6.447238260383328,0.08202445478242512,0.06917073191287018,1.3,exponential,280,34.0,34.0,6.3768997,0,0.0,1.0,1.0
10000,1.3,0.7,0.5288312031603335,6.447238260383328,0.08202445478242512,0.06917073191287018,1.3,exponential,281,62.0,62.0,6.2395,0,0.0,1.0,1.0
10000,1.3,0.7,0.5288312031603335,6.447238260383328,0.08202445478242512,0.06917073191287018,1.3,exponential,282,71.0,71.0,6.4993997,0,0.0,1.0,1.0
10000,1.3,0.7,0.5288312031603335,6.447238260383328,0.08202445478242512,0.06917073191287018,1.3,exponential,283,43.0,43.0,6.2121997,0,0.0,1.0,1.0
10000,1.3,0.7,0.5288312031603335,6.447238260383328,0.08202445478242512,0.06917073191287018,1.3,exponential,284,69.0,69.0,6.5032997,0,0.0,1.0,1.0
10000,1.3,0.7,0.5288312031603335,6.447238260383328,0.08202445478242512,0.06917073191287018,1.3,exponential,285,15.0,15.0,6.4834,0,0.0,1.0,1.0
10000,1.3,0.7,0.5288312031603335,6.447238260383328,0.08202445478242512,0.06917073191287018,1.3,exponential,286,166.0,166.0,6.4618998,0,0.0,1.0,1.0
10000,1.3,0.7,0.5288312031603335,6.447238260383328,0.08202445478242512,0.06917073191287018,1.3,exponential,287,99.0,99.0,6.7893996,0,0.0,1.0,1.0
10000,1.3,0.7,0.5288312031603335,6.447238260383328,0.08202445478242512,0.06917073191287018,1.3,exponential,288,29.0,29.0,6.5552998,0,0.0,1.0,1.0
10000,1.3,0.7,0.5288312031603335,6.447238260383328,0.08202445478242512,0.06917073191287018,1.3,exponential,289,37.0,37.0,6.8479,0,0.0,1.0,1.0
10000,1.3,0.7,0.5288312031603335,6.447238260383328,0.08202445478242512,0.06917073191287018,1.3,exponential,290,41.0,41.0,6.3156,0,0.0,1.0,1.0
10000,1.3,0.7,0.5288312031603335,6.447238260383328,0.08202445478242512,0.06917073191287018,1.3,exponential,291,160.0,160.0,6.3634996,0,0.0,1.0,1.0
10000,1.3,0.7,0.5288312031603335,6.447238260383328,0.08202445478242512,0.06917073191287018,1.3,exponential,292,212.0,212.0,6.5947,0,0.0,1.0,1.0
10000,1.3,0.7,0.5288312031603335,6.447238260383328,0.08202445478242512,0.06917073191287018,1.3,exponential,293,24.0,24.0,6.2467,0,0.0,1.0,1.0
10000,1.3,0.7,0.5288312031603335,6.447238260383328,0.08202445478242512,0.06917073191287018,1.3,exponential,294,44.0,44.0,6.7180996,0,0.0,1.0,1.0
10000,1.3,0.7,0.5288312031603335,6.447238260383328,0.08202445478242512,0.06917073191287018,1.3,exponential,295,122.0,122.0,6.6808,0,0.0,1.0,1.0
10000,1.3,0.7,0.5288312031603335,6.447238260383328,0.08202445478242512,0.06917073191287018,1.3,exponential,296,28.0,28.0,6.4982996,0,0.0,1.0,1.0
10000,1.3,0.7,0.5288312031603335,6.447238260383328,0.08202445478242512,0.06917073191287018,1.3,exponential,297,50.0,50.0,6.5713997,0,0.0,1.0,1.0
10000,1.3,0.7,0.5288312031603335,6.447238260383328,0.08202445478242512,0.06917073191287018,1.3,exponential,298,90.0,90.0,6.4379997,0,0.0,1.0,1.0
10000,1.3,0.7,0.5288312031603335,6.447238260383328,0.08202445478242512,0.06917073191287018,1.3,exponential,299,45.0,45.0,6.1341996,0,0.0,1.0,1.0
10000,1.3,0.7,0.5288312031603335,6.447238260383328,0.08202445478242512,0.06917073191287018,1.3,exponential,300,47.0,47.0,6.447,0,0.0,1.0,1.0
10000,1.3,0.7,0.5288312031603335,6.447238260383328,0.08202445478242512,0.06917073191287018,1.3,exponential,301,47.0,47.0,6.0853996,0,0.0,1.0,1.0
10000,1.3,0.7,0.5288312031603335,6.447238260383328,0.08202445478242512,0.06917073191287018,1.3,exponential,302,143.0,143.0,6.8539,0,0.0,1.0,1.0
10000,1.3,0.7,0.5288312031603335,6.447238260383328,0.08202445478242512,0.06917073191287018,1.3,exponential,303,13.0,13.0,6.41,0,0.0,1.0,1.0
10000,1.3,0.7,0.5288312031603335,6.447238260383328,0.08202445478242512,0.06917073191287018,1.3,exponential,304,72.0,72.0,6.7915998,0,0.0,1.0,1.0
10000,1.3,0.7,0.5288312031603335,6.447238260383328,0.08202445478242512,0.06917073191287018,1.3,exponential,305,231.0,231.0,6.9606,0,0.0,1.0,1.0
10000,1.3,0.7,0.5288312031603335,6.447238260383328,0.08202445478242512,0.06917073191287018,1.3,exponential,306,186.0,186.0,6.4916997,0,0.0,1.0,1.0
10000,1.3,0.7,0.5288312031603335,6.447238260383328,0.08202445478242512,0.06917073191287018,1.3,exponential,307,129.0,129.0,6.1566997,0,0.0,1.0,1.0
10000,1.3,0.7,0.5288312031603335,6.447238260383328,0.08202445478242512,0.06917073191287018,1.3,exponential,308,33.0,33.0,6.3518,0,0.0,1.0,1.0
10000,1.3,0.7,0.5288312031603335,6.447238260383328,0.08202445478242512,0.06917073191287018,1.3,exponential,309,48.0,48.0,6.2841,0,0.0,1.0,1.0
10000,1.3,0.7,0.5288312031603335,6.447238260383328,0.08202445478242512,0.06917073191287018,1.3,exponential,310,24.0,24.0,6.3849998,0,0.0,1.0,1.0
10000,1.3,0.7,0.5288312031603335,6.447238260383328,0.08202445478242512,0.06917073191287018,1.3,exponential,311,97.0,97.0,6.2265,0,0.0,1.0,1.0
10000,1.3,0.7,0.5288312031603335,6.447238260383328,0.08202445478242512,0.06917073191287018,1.3,exponential,312,7.0,7.0,6.3361998,0,0.0,1.0,1.0
10000,1.3,0.7,0.5288312031603335,6.447238260383328,0.08202445478242512,0.06917073191287018,1.3,exponential,313,15.0,15.0,6.1618,0,0.0,1.0,1.0
10000,1.3,0.7,0.5288312031603335,6.447238260383328,0.08202445478242512,0.06917073191287018,1.3,exponential,314,6.0,6.0,6.3657,0,0.0,1.0,1.0
10000,1.3,0.7,0.5288312031603335,6.447238260383328,0.08202445478242512,0.06917073191287018,1.3,exponential,315,174.0,174.0,6.0955997,0,0.0,1.0,1.0
10000,1.3,0.7,0.5288312031603335,6.447238260383328,0.08202445478242512,0.06917073191287018,1.3,exponential,316,34.0,34.0,6.6032,0,0.0,1.0,1.0
10000,1.3,0.7,0.5288312031603335,6.447238260383328,0.08202445478242512,0.06917073191287018,1.3,exponential,317,21.0,21.0,6.6197,0,0.0,1.0,1.0
10000,1.3,0.7,0.5288312031603335,6.447238260383328,0.08202445478242512,0.06917073191287018,1.3,exponential,318,59.0,59.0,6.3055,0,0.0,1.0,1.0
10000,1.3,0.7,0.5288312031603335,6.447238260383328,0.08202445478242512,0.06917073191287018,1.3,exponential,319,70.0,70.0,6.2955,0,0.0,1.0,1.0
10000,1.3,0.7,0.5288312031603335,6.447238260383328,0.08202445478242512,0.06917073191287018,1.3,exponential,320,102.0,102.0,6.7626996,0,0.0,1.0,1.0
10000,1.3,0.7,0.5288312031603335,6.447238260383328,0.08202445478242512,0.06917073191287018,1.3,exponential,321,100.0,100.0,6.1524,0,0.0,1.0,1.0
10000,1.3,0.7,0.5288312031603335,6.447238260383328,0.08202445478242512,0.06917073191287018,1.3,exponential,322,20.0,20.0,6.1686997,0,0.0,1.0,1.0
10000,1.3,0.7,0.5288312031603335,6.447238260383328,0.08202445478242512,0.06917073191287018,1.3,exponential,323,12.0,12.0,6.2486,0,0.0,1.0,1.0
10000,1.3,0.7,0.5288312031603335,6.447238260383328,0.08202445478242512,0.06917073191287018,1.3,exponential,324,115.0,115.0,6.5304,0,0.0,1.0,1.0
10000,1.3,0.7,0.5288312031603335,6.447238260383328,0.08202445478242512,0.06917073191287018,1.3,exponential,325,203.0,203.0,6.407,0,0.0,1.0,1.0
10000,1.3,0.7,0.5288312031603335,6.447238260383328,0.08202445478242512,0.06917073191287018,1.3,exponential,326,66.0,66.0,6.6654,0,0.0,1.0,1.0
10000,1.3,0.7,0.5288312031603335,6.447238260383328,0.08202445478242512,0.06917073191287018,1.3,exponential,327,61.0,61.0,6.3746,0,0.0,1.0,1.0
10000,1.3,0.7,0.5288312031603335,6.447238260383328,0.08202445478242512,0.06917073191287018,1.3,exponential,328,46.0,46.0,6.1554,0,0.0,1.0,1.0
10000,1.3,0.7,0.5288312031603335,6.447238260383328,0.08202445478242512,0.06917073191287018,1.3,exponential,329,164.0,164.0,6.2072997,0,0.0,1.0,1.0
10000,1.3,0.7,0.5288312031603335,6.447238260383328,0.08202445478242512,0.06917073191287018,1.3,exponential,330,236.0,236.0,6.4128,0,0.0,1.0,1.0
10000,1.3,0.7,0.5288312031603335,6.447238260383328,0.08202445478242512,0.06917073191287018,1.3,exponential,331,9.0,9.0,6.5256996,0,0.0,1.0,1.0
10000,1.3,0.7,0.5288312031603335,6.447238260383328,0.08202445478242512,0.06917073191287018,1.3,exponential,332,34.0,34.0,6.2012997,0,0.0,1.0,1.0
10000,1.3,0.7,0.5288312031603335,6.447238260383328,0.08202445478242512,0.06917073191287018,1.3,exponential,333,57.0,57.0,6.0607,0,0.0,1.0,1.0
10000,1.3,0.7,0.5288312031603335,6.447238260383328,0.08202445478242512,0.06917073191287018,1.3,exponential,334,232.0,232.0,6.7125998,0,0.0,1.0,1.0
10000,1.3,0.7,0.5288312031603335,6.447238260383328,0.08202445478242512,0.06917073191287018,1.3,exponential,335,31.0,31.0,6.0476,0,0.0,1.0,1.0
10000,1.3,0.7,0.5288312031603335,6.447238260383328,0.08202445478242512,0.06917073191287018,1.3,exponential,336,72.0,72.0,6.5611997,0,0.0,1.0,1.0
10000,1.3,0.7,0.5288312031603335,6.447238260383328,0.08202445478242512,0.06917073191287018,1.3,exponential,337,134.0,134.0,6.384,0,0.0,1.0,1.0
10000,1.3,0.7,0.5288312031603335,6.447238260383328,0.08202445478242512,0.06917073191287018,1.3,exponential,338,77.0,77.0,6.2468,0,0.0,1.0,1.0
10000,1.3,0.7,0.5288312031603335,6.447238260383328,0.08202445478242512,0.06917073191287018,1.3,exponential,339,43.0,43.0,6.6222997,0,0.0,1.0,1.0
10000,1.3,0.7,0.5288312031603335,6.447238260383328,0.08202445478242512,0.06917073191287018,1.3,exponential,340,17.0,17.0,6.388,0,0.0,1.0,1.0
10000,1.3,0.7,0.5288312031603335,6.447238260383328,0.08202445478242512,0.06917073191287018,1.3,exponential,341,167.0,167.0,6.3645997,0,0.0,1.0,1.0
10000,1.3,0.7,0.5288312031603335,6.447238260383328,0.08202445478242512,0.06917073191287018,1.3,exponential,342,62.0,62.0,6.3127,0,0.0,1.0,1.0
10000,1.3,0.7,0.5288312031603335,6.447238260383328,0.08202445478242512,0.06917073191287018,1.3,exponential,343,42.0,42.0,6.4530997,0,0.0,1.0,1.0
10000,1.3,0.7,0.5288312031603335,6.447238260383328,0.08202445478242512,0.06917073191287018,1.3,exponential,344,199.0,199.0,6.1717,0,0.0,1.0,1.0
10000,1.3,0.7,0.5288312031603335,6.447238260383328,0.08202445478242512,0.06917073191287018,1.3,exponential,345,21.0,21.0,6.4653997,0,0.0,1.0,1.0
10000,1.3,0.7,0.5288312031603335,6.447238260383328,0.08202445478242512,0.06917073191287018,1.3,exponential,346,29.0,29.0,6.3977,0,0.0,1.0,1.0
10000,1.3,0.7,0.5288312031603335,6.447238260383328,0.08202445478242512,0.06917073191287018,1.3,exponential,347,20.0,20.0,6.5485,0,0.0,1.0,1.0
10000,1.3,0.7,0.5288312031603335,6.447238260383328,0.08202445478242512,0.06917073191287018,1.3,exponential,348,11.0,11.0,6.3690996,0,0.0,1.0,1.0
10000,1.3,0.7,0.5288312031603335,6.447238260383328,0.08202445478242512,0.06917073191287018,1.3,exponential,349,25.0,25.0,6.5092998,0,0.0,1.0,1.0
10000,1.3,0.7,0.5288312031603335,6.447238260383328,0.08202445478242512,0.06917073191287018,1.3,exponential,350,157.0,157.0,6.5017,0,0.0,1.0,1.0
10000,1.3,0.7,0.5288312031603335,6.447238260383328,0.08202445478242512,0.06917073191287018,1.3,exponential,351,59.0,59.0,6.0018,0,0.0,1.0,1.0
10000,1.3,0.7,0.5288312031603335,6.447238260383328,0.08202445478242512,0.06917073191287018,1.3,exponential,352,140.0,140.0,6.3426,0,0.0,1.0,1.0
10000,1.3,0.7,0.5288312031603335,6.447238260383328,0.08202445478242512,0.06917073191287018,1.3,exponential,353,23.0,23.0,6.4799,0,0.0,1.0,1.0
10000,1.3,0.7,0.5288312031603335,6.447238260383328,0.08202445478242512,0.06917073191287018,1.3,exponential,354,14.0,14.0,6.4881,0,0.0,1.0,1.0
10000,1.3,0.7,0.5288312031603335,6.447238260383328,0.08202445478242512,0.06917073191287018,1.3,exponential,355,33.0,33.0,6.4012,0,0.0,1.0,1.0
10000,1.3,0.7,0.5288312031603335,6.447238260383328,0.08202445478242512,0.06917073191287018,1.3,exponential,356,232.0,232.0,6.132,0,0.0,1.0,1.0
10000,1.3,0.7,0.5288312031603335,6.447238260383328,0.08202445478242512,0.06917073191287018,1.3,exponential,357,64.0,64.0,6.4778,0,0.0,1.0,1.0
10000,1.3,0.7,0.5288312031603335,6.447238260383328,0.08202445478242512,0.06917073191287018,1.3,exponential,358,94.0,94.0,6.7819,0,0.0,1.0,1.0
10000,1.3,0.7,0.5288312031603335,6.447238260383328,0.08202445478242512,0.06917073191287018,1.3,exponential,359,240.0,240.0,6.0516996,0,0.0,1.0,1.0
10000,1.3,0.7,0.5288312031603335,6.447238260383328,0.08202445478242512,0.06917073191287018,1.3,exponential,360,76.0,76.0,6.3627,0,0.0,1.0,1.0
10000,1.3,0.7,0.5288312031603335,6.447238260383328,0.08202445478242512,0.06917073191287018,1.3,exponential,361,13.0,13.0,6.3321,0,0.0,1.0,1.0
10000,1.3,0.7,0.5288312031603335,6.447238260383328,0.08202445478242512,0.06917073191287018,1.3,exponential,362,70.0,70.0,6.47,0,0.0,1.0,1.0
10000,1.3,0.7,0.5288312031603335,6.447238260383328,0.08202445478242512,0.06917073191287018,1.3,exponential,363,30.0,30.0,6.4214997,0,0.0,1.0,1.0
10000,1.3,0.7,0.5288312031603335,6.447238260383328,0.08202445478242512,0.06917073191287018,1.3,exponential,364,158.0,158.0,6.0787997,0,0.0,1.0,1.0
10000,1.3,0.7,0.5288312031603335,6.447238260383328,0.08202445478242512,0.06917073191287018,1.3,exponential,365,32.0,32.0,6.1,0,0.0,1.0,1.0
10000,1.3,0.7,0.5288312031603335,6.447238260383328,0.08202445478242512,0.06917073191287018,1.3,exponential,366,14.0,14.0,6.3733997,0,0.0,1.0,1.0
10000,1.3,0.7,0.5288312031603335,6.447238260383328,0.08202445478242512,0.06917073191287018,1.3,exponential,367,192.0,192.0,6.6447997,0,0.0,1.0,1.0
10000,1.3,0.7,0.5288312031603335,6.447238260383328,0.08202445478242512,0.06917073191287018,1.3,exponential,368,219.0,219.0,6.618,0,0.0,1.0,1.0
10000,1.3,0.7,0.5288312031603335,6.447238260383328,0.08202445478242512,0.06917073191287018,1.3,exponential,369,54.0,54.0,6.6807,0,0.0,1.0,1.0
10000,1.3,0.7,0.5288312031603335,6.447238260383328,0.08202445478242512,0.06917073191287018,1.3,exponential,370,157.0,157.0,6.6951,0,0.0,1.0,1.0
10000,1.3,0.7,0.5288312031603335,6.447238260383328,0.08202445478242512,0.06917073191287018,1.3,exponential,371,166.0,166.0,6.737,0,0.0,1.0,1.0
10000,1.3,0.7,0.5288312031603335,6.447238260383328,0.08202445478242512,0.06917073191287018,1.3,exponential,372,108.0,108.0,6.3324,0,0.0,1.0,1.0
10000,1.3,0.7,0.5288312031603335,6.447238260383328,0.08202445478242512,0.06917073191287018,1.3,exponential,373,28.0,28.0,6.0088,0,0.0,1.0,1.0
10000,1.3,0.7,0.5288312031603335,6.447238260383328,0.08202445478242512,0.06917073191287018,1.3,exponential,374,146.0,146.0,6.2142,0,0.0,1.0,1.0
10000,1.3,0.7,0.5288312031603335,6.447238260383328,0.08202445478242512,0.06917073191287018,1.3,exponential,375,35.0,35.0,6.3065996,0,0.0,1.0,1.0
10000,1.3,0.7,0.5288312031603335,6.447238260383328,0.08202445478242512,0.06917073191287018,1.3,exponential,376,216.0,216.0,6.5385,0,0.0,1.0,1.0
10000,1.3,0.7,0.5288312031603335,6.447238260383328,0.08202445478242512,0.06917073191287018,1.3,exponential,377,33.0,33.0,6.4076,0,0.0,1.0,1.0
10000,1.3,0.7,0.5288312031603335,6.447238260383328,0.08202445478242512,0.06917073191287018,1.3,exponential,378,59.0,59.0,6.7791,0,0.0,1.0,1.0
10000,1.3,0.7,0.5288312031603335,6.447238260383328,0.08202445478242512,0.06917073191287018,1.3,exponential,379,157.0,157.0,6.1779,0,0.0,1.0,1.0
10000,1.3,0.7,0.5288312031603335,6.447238260383328,0.08202445478242512,0.06917073191287018,1.3,exponential,380,102.0,102.0,6.4761,0,0.0,1.0,1.0
10000,1.3,0.7,0.5288312031603335,6.447238260383328,0.08202445478242512,0.06917073191287018,1.3,exponential,381,169.0,169.0,6.1424,0,0.0,1.0,1.0
10000,1.3,0.7,0.5288312031603335,6.447238260383328,0.08202445478242512,0.06917073191287018,1.3,exponential,382,40.0,40.0,6.2486,0,0.0,1.0,1.0
10000,1.3,0.7,0.5288312031603335,6.447238260383328,0.08202445478242512,0.06917073191287018,1.3,exponential,383,59.0,59.0,6.569,0,0.0,1.0,1.0
10000,1.3,0.7,0.5288312031603335,6.447238260383328,0.08202445478242512,0.06917073191287018,1.3,exponential,384,61.0,61.0,6.3373,0,0.0,1.0,1.0
10000,1.3,0.7,0.5288312031603335,6.447238260383328,0.08202445478242512,0.06917073191287018,1.3,exponential,385,9.0,9.0,6.4870996,0,0.0,1.0,1.0
10000,1.3,0.7,0.5288312031603335,6.447238260383328,0.08202445478242512,0.06917073191287018,1.3,exponential,386,63.0,63.0,6.1317,0,0.0,1.0,1.0
10000,1.3,0.7,0.5288312031603335,6.447238260383328,0.08202445478242512,0.06917073191287018,1.3,exponential,387,114.0,114.0,6.3566,0,0.0,1.0,1.0
10000,1.3,0.7,0.5288312031603335,6.447238260383328,0.08202445478242512,0.06917073191287018,1.3,exponential,388,106.0,106.0,6.1969,0,0.0,1.0,1.0
10000,1.3,0.7,0.5288312031603335,6.447238260383328,0.08202445478242512,0.06917073191287018,1.3,exponential,389,62.0,62.0,6.4059997,0,0.0,1.0,1.0
10000,1.3,0.7,0.5288312031603335,6.447238260383328,0.08202445478242512,0.06917073191287018,1.3,exponential,390,67.0,67.0,6.2848997,0,0.0,1.0,1.0
10000,1.3,0.7,0.5288312031603335,6.447238260383328,0.08202445478242512,0.06917073191287018,1.3,exponential,391,12.0,12.0,6.3554997,0,0.0,1.0,1.0
10000,1.3,0.7,0.5288312031603335,6.447238260383328,0.08202445478242512,0.06917073191287018,1.3,exponential,392,51.0,51.0,6.5140996,0,0.0,1.0,1.0
10000,1.3,0.7,0.5288312031603335,6.447238260383328,0.08202445478242512,0.06917073191287018,1.3,exponential,393,8.0,8.0,6.2219996,0,0.0,1.0,1.0
10000,1.3,0.7,0.5288312031603335,6.447238260383328,0.08202445478242512,0.06917073191287018,1.3,exponential,394,208.0,208.0,6.2394,0,0.0,1.0,1.0
10000,1.3,0.7,0.5288312031603335,6.447238260383328,0.08202445478242512,0.06917073191287018,1.3,exponential,395,135.0,135.0,6.3654,0,0.0,1.0,1.0
10000,1.3,0.7,0.5288312031603335,6.447238260383328,0.08202445478242512,0.06917073191287018,1.3,exponential,396,79.0,79.0,6.5025,0,0.0,1.0,1.0
10000,1.3,0.7,0.5288312031603335,6.447238260383328,0.08202445478242512,0.06917073191287018,1.3,exponential,397,30.0,30.0,6.5326,0,0.0,1.0,1.0
10000,1.3,0.7,0.5288312031603335,6.447238260383328,0.08202445478242512,0.06917073191287018,1.3,exponential,398,78.0,78.0,6.5779,0,0.0,1.0,1.0
10000,1.3,0.7,0.5288312031603335,6.447238260383328,0.08202445478242512,0.06917073191287018,1.3,exponential,399,145.0,145.0,6.5101,0,0.0,1.0,1.0
10000,1.3,0.7,0.5288312031603335,6.447238260383328,0.08202445478242512,0.06917073191287018,1.3,exponential,400,113.0,113.0,6.1928997,0,0.0,1.0,1.0
10000,1.3,0.7,0.5288312031603335,6.447238260383328,0.08202445478242512,0.06917073191287018,1.3,exponential,401,96.0,96.0,6.4911,0,0.0,1.0,1.0
10000,1.3,0.7,0.5288312031603335,6.447238260383328,0.08202445478242512,0.06917073191287018,1.3,exponential,402,85.0,85.0,6.1528997,0,0.0,1.0,1.0
10000,1.3,0.7,0.5288312031603335,6.447238260383328,0.08202445478242512,0.06917073191287018,1.3,exponential,403,10.0,10.0,6.6443,0,0.0,1.0,1.0
10000,1.3,0.7,0.5288312031603335,6.447238260383328,0.08202445478242512,0.06917073191287018,1.3,exponential,404,265.0,265.0,6.5362997,0,0.0,1.0,1.0
10000,1.3,0.7,0.5288312031603335,6.447238260383328,0.08202445478242512,0.06917073191287018,1.3,exponential,405,46.0,46.0,6.3924,0,0.0,1.0,1.0
10000,1.3,0.7,0.5288312031603335,6.447238260383328,0.08202445478242512,0.06917073191287018,1.3,exponential,406,8.0,8.0,6.5038,0,0.0,1.0,1.0
10000,1.3,0.7,0.5288312031603335,6.447238260383328,0.08202445478242512,0.06917073191287018,1.3,exponential,407,166.0,166.0,6.3078,0,0.0,1.0,1.0
10000,1.3,0.7,0.5288312031603335,6.447238260383328,0.08202445478242512,0.06917073191287018,1.3,exponential,408,34.0,34.0,6.5176997,0,0.0,1.0,1.0
10000,1.3,0.7,0.5288312031603335,6.447238260383328,0.08202445478242512,0.06917073191287018,1.3,exponential,409,22.0,22.0,6.5105,0,0.0,1.0,1.0
10000,1.3,0.7,0.5288312031603335,6.447238260383328,0.08202445478242512,0.06917073191287018,1.3,exponential,410,132.0,132.0,5.8087,0,0.0,1.0,1.0
10000,1.3,0.7,0.5288312031603335,6.447238260383328,0.08202445478242512,0.06917073191287018,1.3,exponential,411,113.0,113.0,6.4683,0,0.0,1.0,1.0
10000,1.3,0.7,0.5288312031603335,6.447238260383328,0.08202445478242512,0.06917073191287018,1.3,exponential,412,130.0,130.0,6.2818,0,0.0,1.0,1.0
10000,1.3,0.7,0.5288312031603335,6.447238260383328,0.08202445478242512,0.06917073191287018,1.3,exponential,413,157.0,157.0,6.5357,0,0.0,1.0,1.0
10000,1.3,0.7,0.5288312031603335,6.447238260383328,0.08202445478242512,0.06917073191287018,1.3,exponential,414,80.0,80.0,6.0032997,0,0.0,1.0,1.0
10000,1.3,0.7,0.5288312031603335,6.447238260383328,0.08202445478242512,0.06917073191287018,1.3,exponential,415,24.0,24.0,6.2820997,0,0.0,1.0,1.0
10000,1.3,0.7,0.5288312031603335,6.447238260383328,0.08202445478242512,0.06917073191287018,1.3,exponential,416,17.0,17.0,6.2725,0,0.0,1.0,1.0
10000,1.3,0.7,0.5288312031603335,6.447238260383328,0.08202445478242512,0.06917073191287018,1.3,exponential,417,15.0,15.0,6.1693,0,0.0,1.0,1.0
10000,1.3,0.7,0.5288312031603335,6.447238260383328,0.08202445478242512,0.06917073191287018,1.3,exponential,418,141.0,141.0,6.3114,0,0.0,1.0,1.0
10000,1.3,0.7,0.5288312031603335,6.447238260383328,0.08202445478242512,0.06917073191287018,1.3,exponential,419,13.0,13.0,6.4523,0,0.0,1.0,1.0
10000,1.3,0.7,0.5288312031603335,6.447238260383328,0.08202445478242512,0.06917073191287018,1.3,exponential,420,19.0,19.0,6.2906,0,0.0,1.0,1.0
10000,1.3,0.7,0.5288312031603335,6.447238260383328,0.08202445478242512,0.06917073191287018,1.3,exponential,421,41.0,41.0,5.9887,0,0.0,1.0,1.0
10000,1.3,0.7,0.5288312031603335,6.447238260383328,0.08202445478242512,0.06917073191287018,1.3,exponential,422,34.0,34.0,6.5162997,0,0.0,1.0,1.0
10000,1.3,0.7,0.5288312031603335,6.447238260383328,0.08202445478242512,0.06917073191287018,1.3,exponential,423,7.0,7.0,6.3697,0,0.0,1.0,1.0
10000,1.3,0.7,0.5288312031603335,6.447238260383328,0.08202445478242512,0.06917073191287018,1.3,exponential,424,234.0,234.0,6.3542,0,0.0,1.0,1.0
10000,1.3,0.7,0.5288312031603335,6.447238260383328,0.08202445478242512,0.06917073191287018,1.3,exponential,425,76.0,76.0,6.1517,0,0.0,1.0,1.0
10000,1.3,0.7,0.5288312031603335,6.447238260383328,0.08202445478242512,0.06917073191287018,1.3,exponential,426,33.0,33.0,6.4378,0,0.0,1.0,1.0
10000,1.3,0.7,0.5288312031603335,6.447238260383328,0.08202445478242512,0.06917073191287018,1.3,exponential,427,73.0,73.0,6.2288,0,0.0,1.0,1.0
10000,1.3,0.7,0.5288312031603335,6.447238260383328,0.08202445478242512,0.06917073191287018,1.3,exponential,428,76.0,76.0,6.6453,0,0.0,1.0,1.0
10000,1.3,0.7,0.5288312031603335,6.447238260383328,0.08202445478242512,0.06917073191287018,1.3,exponential,429,98.0,98.0,6.4585,0,0.0,1.0,1.0
10000,1.3,0.7,0.5288312031603335,6.447238260383328,0.08202445478242512,0.06917073191287018,1.3,exponential,430,193.0,193.0,6.4841,0,0.0,1.0,1.0
10000,1.3,0.7,0.5288312031603335,6.447238260383328,0.08202445478242512,0.06917073191287018,1.3,exponential,431,204.0,204.0,6.2773,0,0.0,1.0,1.0
10000,1.3,0.7,0.5288312031603335,6.447238260383328,0.08202445478242512,0.06917073191287018,1.3,exponential,432,18.0,18.0,6.5662,0,0.0,1.0,1.0
10000,1.3,0.7,0.5288312031603335,6.447238260383328,0.08202445478242512,0.06917073191287018,1.3,exponential,433,277.0,277.0,6.5038,0,0.0,1.0,1.0
10000,1.3,0.7,0.5288312031603335,6.447238260383328,0.08202445478242512,0.06917073191287018,1.3,exponential,434,56.0,56.0,6.5211,0,0.0,1.0,1.0
10000,1.3,0.7,0.5288312031603335,6.447238260383328,0.08202445478242512,0.06917073191287018,1.3,exponential,435,35.0,35.0,6.4280996,0,0.0,1.0,1.0
10000,1.3,0.7,0.5288312031603335,6.447238260383328,0.08202445478242512,0.06917073191287018,1.3,exponential,436,579.0,579.0,6.6575,0,0.0,1.0,1.0
10000,1.3,0.7,0.5288312031603335,6.447238260383328,0.08202445478242512,0.06917073191287018,1.3,exponential,437,37.0,37.0,6.1426,0,0.0,1.0,1.0
10000,1.3,0.7,0.5288312031603335,6.447238260383328,0.08202445478242512,0.06917073191287018,1.3,exponential,438,51.0,51.0,6.7194,0,0.0,1.0,1.0
10000,1.3,0.7,0.5288312031603335,6.447238260383328,0.08202445478242512,0.06917073191287018,1.3,exponential,439,26.0,26.0,6.2633,0,0.0,1.0,1.0
10000,1.3,0.7,0.5288312031603335,6.447238260383328,0.08202445478242512,0.06917073191287018,1.3,exponential,440,58.0,58.0,6.2641,0,0.0,1.0,1.0
10000,1.3,0.7,0.5288312031603335,6.447238260383328,0.08202445478242512,0.06917073191287018,1.3,exponential,441,99.0,99.0,6.6624,0,0.0,1.0,1.0
10000,1.3,0.7,0.5288312031603335,6.447238260383328,0.08202445478242512,0.06917073191287018,1.3,exponential,442,12.0,12.0,6.2033997,0,0.0,1.0,1.0
10000,1.3,0.7,0.5288312031603335,6.447238260383328,0.08202445478242512,0.06917073191287018,1.3,exponential,443,92.0,92.0,6.4442,0,0.0,1.0,1.0
10000,1.3,0.7,0.5288312031603335,6.447238260383328,0.08202445478242512,0.06917073191287018,1.3,exponential,444,29.0,29.0,6.3258,0,0.0,1.0,1.0
10000,1.3,0.7,0.5288312031603335,6.447238260383328,0.08202445478242512,0.06917073191287018,1.3,exponential,445,47.0,47.0,6.5130997,0,0.0,1.0,1.0
10000,1.3,0.7,0.5288312031603335,6.447238260383328,0.08202445478242512,0.06917073191287018,1.3,exponential,446,85.0,85.0,6.4223,0,0.0,1.0,1.0
10000,1.3,0.7,0.5288312031603335,6.447238260383328,0.08202445478242512,0.06917073191287018,1.3,exponential,447,27.0,27.0,6.6626,0,0.0,1.0,1.0
10000,1.3,0.7,0.5288312031603335,6.447238260383328,0.08202445478242512,0.06917073191287018,1.3,exponential,448,7.0,7.0,6.3785996,0,0.0,1.0,1.0
10000,1.3,0.7,0.5288312031603335,6.447238260383328,0.08202445478242512,0.06917073191287018,1.3,exponential,449,21.0,21.0,6.3908,0,0.0,1.0,1.0
10000,1.3,0.7,0.5288312031603335,6.447238260383328,0.08202445478242512,0.06917073191287018,1.3,exponential,450,15.0,15.0,6.2037997,0,0.0,1.0,1.0
10000,1.3,0.7,0.5288312031603335,6.447238260383328,0.08202445478242512,0.06917073191287018,1.3,exponential,451,30.0,30.0,6.6207,0,0.0,1.0,1.0
10000,1.3,0.7,0.5288312031603335,6.447238260383328,0.08202445478242512,0.06917073191287018,1.3,exponential,452,175.0,175.0,6.4364,0,0.0,1.0,1.0
10000,1.3,0.7,0.5288312031603335,6.447238260383328,0.08202445478242512,0.06917073191287018,1.3,exponential,453,85.0,85.0,6.2507,0,0.0,1.0,1.0
10000,1.3,0.7,0.5288312031603335,6.447238260383328,0.08202445478242512,0.06917073191287018,1.3,exponential,454,121.0,121.0,6.8536,0,0.0,1.0,1.0
10000,1.3,0.7,0.5288312031603335,6.447238260383328,0.08202445478242512,0.06917073191287018,1.3,exponential,455,11.0,11.0,6.4564,0,0.0,1.0,1.0
10000,1.3,0.7,0.5288312031603335,6.447238260383328,0.08202445478242512,0.06917073191287018,1.3,exponential,456,107.0,107.0,6.5255,0,0.0,1.0,1.0
10000,1.3,0.7,0.5288312031603335,6.447238260383328,0.08202445478242512,0.06917073191287018,1.3,exponential,457,49.0,49.0,6.1949,0,0.0,1.0,1.0
10000,1.3,0.7,0.5288312031603335,6.447238260383328,0.08202445478242512,0.06917073191287018,1.3,exponential,458,14.0,14.0,6.5871,0,0.0,1.0,1.0
10000,1.3,0.7,0.5288312031603335,6.447238260383328,0.08202445478242512,0.06917073191287018,1.3,exponential,459,25.0,25.0,6.279,0,0.0,1.0,1.0
10000,1.3,0.7,0.5288312031603335,6.447238260383328,0.08202445478242512,0.06917073191287018,1.3,exponential,460,90.0,90.0,6.863,0,0.0,1.0,1.0
10000,1.3,0.7,0.5288312031603335,6.447238260383328,0.08202445478242512,0.06917073191287018,1.3,exponential,461,19.0,19.0,6.4437,0,0.0,1.0,1.0
10000,1.3,0.7,0.5288312031603335,6.447238260383328,0.08202445478242512,0.06917073191287018,1.3,exponential,462,13.0,13.0,6.4091997,0,0.0,1.0,1.0
10000,1.3,0.7,0.5288312031603335,6.447238260383328,0.08202445478242512,0.06917073191287018,1.3,exponential,463,14.0,14.0,6.4101996,0,0.0,1.0,1.0
10000,1.3,0.7,0.5288312031603335,6.447238260383328,0.08202445478242512,0.06917073191287018,1.3,exponential,464,15.0,15.0,6.5302997,0,0.0,1.0,1.0
10000,1.3,0.7,0.5288312031603335,6.447238260383328,0.08202445478242512,0.06917073191287018,1.3,exponential,465,21.0,21.0,6.4326,0,0.0,1.0,1.0
10000,1.3,0.7,0.5288312031603335,6.447238260383328,0.08202445478242512,0.06917073191287018,1.3,exponential,466,73.0,73.0,6.529,0,0.0,1.0,1.0
10000,1.3,0.7,0.5288312031603335,6.447238260383328,0.08202445478242512,0.06917073191287018,1.3,exponential,467,89.0,89.0,6.8543997,0,0.0,1.0,1.0
10000,1.3,0.7,0.5288312031603335,6.447238260383328,0.08202445478242512,0.06917073191287018,1.3,exponential,468,22.0,22.0,6.206,0,0.0,1.0,1.0
10000,1.3,0.7,0.5288312031603335,6.447238260383328,0.08202445478242512,0.06917073191287018,1.3,exponential,469,168.0,168.0,6.2493,0,0.0,1.0,1.0
10000,1.3,0.7,0.5288312031603335,6.447238260383328,0.08202445478242512,0.06917073191287018,1.3,exponential,470,12.0,12.0,6.3341,0,0.0,1.0,1.0
10000,1.3,0.7,0.5288312031603335,6.447238260383328,0.08202445478242512,0.06917073191287018,1.3,exponential,471,70.0,70.0,6.2685,0,0.0,1.0,1.0
10000,1.3,0.7,0.5288312031603335,6.447238260383328,0.08202445478242512,0.06917073191287018,1.3,exponential,472,8.0,8.0,6.3596,0,0.0,1.0,1.0
10000,1.3,0.7,0.5288312031603335,6.447238260383328,0.08202445478242512,0.06917073191287018,1.3,exponential,473,178.0,178.0,6.6243,0,0.0,1.0,1.0
10000,1.3,0.7,0.5288312031603335,6.447238260383328,0.08202445478242512,0.06917073191287018,1.3,exponential,474,188.0,188.0,6.0635,0,0.0,1.0,1.0
10000,1.3,0.7,0.5288312031603335,6.447238260383328,0.08202445478242512,0.06917073191287018,1.3,exponential,475,38.0,38.0,6.4631996,0,0.0,1.0,1.0
10000,1.3,0.7,0.5288312031603335,6.447238260383328,0.08202445478242512,0.06917073191287018,1.3,exponential,476,244.0,244.0,7.0569997,0,0.0,1.0,1.0
10000,1.3,0.7,0.5288312031603335,6.447238260383328,0.08202445478242512,0.06917073191287018,1.3,exponential,477,103.0,103.0,6.6959996,0,0.0,1.0,1.0
10000,1.3,0.7,0.5288312031603335,6.447238260383328,0.08202445478242512,0.06917073191287018,1.3,exponential,478,16.0,16.0,6.5313,0,0.0,1.0,1.0
10000,1.3,0.7,0.5288312031603335,6.447238260383328,0.08202445478242512,0.06917073191287018,1.3,exponential,479,41.0,41.0,6.4451,0,0.0,1.0,1.0
10000,1.3,0.7,0.5288312031603335,6.447238260383328,0.08202445478242512,0.06917073191287018,1.3,exponential,480,73.0,73.0,6.626,0,0.0,1.0,1.0
10000,1.3,0.7,0.5288312031603335,6.447238260383328,0.08202445478242512,0.06917073191287018,1.3,exponential,481,70.0,70.0,6.2904,0,0.0,1.0,1.0
10000,1.3,0.7,0.5288312031603335,6.447238260383328,0.08202445478242512,0.06917073191287018,1.3,exponential,482,55.0,55.0,6.3659,0,0.0,1.0,1.0
10000,1.3,0.7,0.5288312031603335,6.447238260383328,0.08202445478242512,0.06917073191287018,1.3,exponential,483,339.0,339.0,6.4695997,0,0.0,1.0,1.0
10000,1.3,0.7,0.5288312031603335,6.447238260383328,0.08202445478242512,0.06917073191287018,1.3,exponential,484,103.0,103.0,6.1516,0,0.0,1.0,1.0
10000,1.3,0.7,0.5288312031603335,6.447238260383328,0.08202445478242512,0.06917073191287018,1.3,exponential,485,156.0,156.0,6.7702,0,0.0,1.0,1.0
10000,1.3,0.7,0.5288312031603335,6.447238260383328,0.08202445478242512,0.06917073191287018,1.3,exponential,486,35.0,35.0,6.3041997,0,0.0,1.0,1.0
10000,1.3,0.7,0.5288312031603335,6.447238260383328,0.08202445478242512,0.06917073191287018,1.3,exponential,487,37.0,37.0,6.6868,0,0.0,1.0,1.0
10000,1.3,0.7,0.5288312031603335,6.447238260383328,0.08202445478242512,0.06917073191287018,1.3,exponential,488,25.0,25.0,6.4916997,0,0.0,1.0,1.0
10000,1.3,0.7,0.5288312031603335,6.447238260383328,0.08202445478242512,0.06917073191287018,1.3,exponential,489,141.0,141.0,6.2721996,0,0.0,1.0,1.0
10000,1.3,0.7,0.5288312031603335,6.447238260383328,0.08202445478242512,0.06917073191287018,1.3,exponential,490,132.0,132.0,6.3118997,0,0.0,1.0,1.0
10000,1.3,0.7,0.5288312031603335,6.447238260383328,0.08202445478242512,0.06917073191287018,1.3,exponential,491,56.0,56.0,6.0361,0,0.0,1.0,1.0
10000,1.3,0.7,0.5288312031603335,6.447238260383328,0.08202445478242512,0.06917073191287018,1.3,exponential,492,29.0,29.0,6.7314997,0,0.0,1.0,1.0
10000,1.3,0.7,0.5288312031603335,6.447238260383328,0.08202445478242512,0.06917073191287018,1.3,exponential,493,26.0,26.0,6.5058,0,0.0,1.0,1.0
10000,1.3,0.7,0.5288312031603335,6.447238260383328,0.08202445478242512,0.06917073191287018,1.3,exponential,494,52.0,52.0,6.5787997,0,0.0,1.0,1.0
10000,1.3,0.7,0.5288312031603335,6.447238260383328,0.08202445478242512,0.06917073191287018,1.3,exponential,495,53.0,53.0,6.4779997,0,0.0,1.0,1.0
10000,1.3,0.7,0.5288312031603335,6.447238260383328,0.08202445478242512,0.06917073191287018,1.3,exponential,496,26.0,26.0,6.5785,0,0.0,1.0,1.0
10000,1.3,0.7,0.5288312031603335,6.447238260383328,0.08202445478242512,0.06917073191287018,1.3,exponential,497,27.0,27.0,6.3690996,0,0.0,1.0,1.0
10000,1.3,0.7,0.5288312031603335,6.447238260383328,0.08202445478242512,0.06917073191287018,1.3,exponential,498,162.0,162.0,6.2233996,0,0.0,1.0,1.0
10000,1.3,0.7,0.5288312031603335,6.447238260383328,0.08202445478242512,0.06917073191287018,1.3,exponential,499,49.0,49.0,6.3194,0,0.0,1.0,1.0
10000,1.3,0.7,0.5288312031603335,6.447238260383328,0.08202445478242512,0.06917073191287018,1.3,exponential,500,185.0,185.0,6.3275,0,0.0,1.0,1.0
10000,1.3,0.7,0.5288312031603335,6.447238260383328,0.08202445478242512,0.06917073191287018,1.3,exponential,501,59.0,59.0,6.8216,0,0.0,1.0,1.0
10000,1.3,0.7,0.5288312031603335,6.447238260383328,0.08202445478242512,0.06917073191287018,1.3,exponential,502,40.0,40.0,6.457,0,0.0,1.0,1.0
10000,1.3,0.7,0.5288312031603335,6.447238260383328,0.08202445478242512,0.06917073191287018,1.3,exponential,503,110.0,110.0,6.4007998,0,0.0,1.0,1.0
10000,1.3,0.7,0.5288312031603335,6.447238260383328,0.08202445478242512,0.06917073191287018,1.3,exponential,504,29.0,29.0,6.1559,0,0.0,1.0,1.0
10000,1.3,0.7,0.5288312031603335,6.447238260383328,0.08202445478242512,0.06917073191287018,1.3,exponential,505,26.0,26.0,6.1524997,0,0.0,1.0,1.0
10000,1.3,0.7,0.5288312031603335,6.447238260383328,0.08202445478242512,0.06917073191287018,1.3,exponential,506,64.0,64.0,6.5669,0,0.0,1.0,1.0
10000,1.3,0.7,0.5288312031603335,6.447238260383328,0.08202445478242512,0.06917073191287018,1.3,exponential,507,260.0,260.0,6.6759,0,0.0,1.0,1.0
10000,1.3,0.7,0.5288312031603335,6.447238260383328,0.08202445478242512,0.06917073191287018,1.3,exponential,508,82.0,82.0,6.2432,0,0.0,1.0,1.0
10000,1.3,0.7,0.5288312031603335,6.447238260383328,0.08202445478242512,0.06917073191287018,1.3,exponential,509,99.0,99.0,6.4849997,0,0.0,1.0,1.0
10000,1.3,0.7,0.5288312031603335,6.447238260383328,0.08202445478242512,0.06917073191287018,1.3,exponential,510,54.0,54.0,6.2156997,0,0.0,1.0,1.0
10000,1.3,0.7,0.5288312031603335,6.447238260383328,0.08202445478242512,0.06917073191287018,1.3,exponential,511,206.0,206.0,6.114,0,0.0,1.0,1.0
10000,1.3,0.7,0.5288312031603335,6.447238260383328,0.08202445478242512,0.06917073191287018,1.3,exponential,512,28.0,28.0,6.4255,0,0.0,1.0,1.0
10000,1.3,0.7,0.5288312031603335,6.447238260383328,0.08202445478242512,0.06917073191287018,1.3,exponential,513,18.0,18.0,6.1693,0,0.0,1.0,1.0
10000,1.3,0.7,0.5288312031603335,6.447238260383328,0.08202445478242512,0.06917073191287018,1.3,exponential,514,31.0,31.0,6.292,0,0.0,1.0,1.0
10000,1.3,0.7,0.5288312031603335,6.447238260383328,0.08202445478242512,0.06917073191287018,1.3,exponential,515,142.0,142.0,6.5972,0,0.0,1.0,1.0
10000,1.3,0.7,0.5288312031603335,6.447238260383328,0.08202445478242512,0.06917073191287018,1.3,exponential,516,46.0,46.0,6.2732997,0,0.0,1.0,1.0
10000,1.3,0.7,0.5288312031603335,6.447238260383328,0.08202445478242512,0.06917073191287018,1.3,exponential,517,132.0,132.0,6.6514997,0,0.0,1.0,1.0
10000,1.3,0.7,0.5288312031603335,6.447238260383328,0.08202445478242512,0.06917073191287018,1.3,exponential,518,21.0,21.0,6.1639,0,0.0,1.0,1.0
10000,1.3,0.7,0.5288312031603335,6.447238260383328,0.08202445478242512,0.06917073191287018,1.3,exponential,519,37.0,37.0,6.3905997,0,0.0,1.0,1.0
10000,1.3,0.7,0.5288312031603335,6.447238260383328,0.08202445478242512,0.06917073191287018,1.3,exponential,520,198.0,198.0,6.6702,0,0.0,1.0,1.0
10000,1.3,0.7,0.5288312031603335,6.447238260383328,0.08202445478242512,0.06917073191287018,1.3,exponential,521,62.0,62.0,6.3926,0,0.0,1.0,1.0
10000,1.3,0.7,0.5288312031603335,6.447238260383328,0.08202445478242512,0.06917073191287018,1.3,exponential,522,43.0,43.0,5.9416,0,0.0,1.0,1.0
10000,1.3,0.7,0.5288312031603335,6.447238260383328,0.08202445478242512,0.06917073191287018,1.3,exponential,523,96.0,96.0,6.6849,0,0.0,1.0,1.0
10000,1.3,0.7,0.5288312031603335,6.447238260383328,0.08202445478242512,0.06917073191287018,1.3,exponential,524,83.0,83.0,6.2626996,0,0.0,1.0,1.0
10000,1.3,0.7,0.5288312031603335,6.447238260383328,0.08202445478242512,0.06917073191287018,1.3,exponential,525,39.0,39.0,6.5945997,0,0.0,1.0,1.0
10000,1.3,0.7,0.5288312031603335,6.447238260383328,0.08202445478242512,0.06917073191287018,1.3,exponential,526,21.0,21.0,6.4656997,0,0.0,1.0,1.0
10000,1.3,0.7,0.5288312031603335,6.447238260383328,0.08202445478242512,0.06917073191287018,1.3,exponential,527,37.0,37.0,6.5221,0,0.0,1.0,1.0
10000,1.3,0.7,0.5288312031603335,6.447238260383328,0.08202445478242512,0.06917073191287018,1.3,exponential,528,5.0,5.0,6.3306,0,0.0,1.0,1.0
10000,1.3,0.7,0.5288312031603335,6.447238260383328,0.08202445478242512,0.06917073191287018,1.3,exponential,529,29.0,29.0,6.2454,0,0.0,1.0,1.0
10000,1.3,0.7,0.5288312031603335,6.447238260383328,0.08202445478242512,0.06917073191287018,1.3,exponential,530,93.0,93.0,6.1851997,0,0.0,1.0,1.0
10000,1.3,0.7,0.5288312031603335,6.447238260383328,0.08202445478242512,0.06917073191287018,1.3,exponential,531,62.0,62.0,6.6096,0,0.0,1.0,1.0
10000,1.3,0.7,0.5288312031603335,6.447238260383328,0.08202445478242512,0.06917073191287018,1.3,exponential,532,7.0,7.0,6.5058,0,0.0,1.0,1.0
10000,1.3,0.7,0.5288312031603335,6.447238260383328,0.08202445478242512,0.06917073191287018,1.3,exponential,533,20.0,20.0,6.5902,0,0.0,1.0,1.0
10000,1.3,0.7,0.5288312031603335,6.447238260383328,0.08202445478242512,0.06917073191287018,1.3,exponential,534,85.0,85.0,6.0565996,0,0.0,1.0,1.0
10000,1.3,0.7,0.5288312031603335,6.447238260383328,0.08202445478242512,0.06917073191287018,1.3,exponential,535,306.0,306.0,6.1944,0,0.0,1.0,1.0
10000,1.3,0.7,0.5288312031603335,6.447238260383328,0.08202445478242512,0.06917073191287018,1.3,exponential,536,95.0,95.0,6.5188,0,0.0,1.0,1.0
10000,1.3,0.7,0.5288312031603335,6.447238260383328,0.08202445478242512,0.06917073191287018,1.3,exponential,537,129.0,129.0,6.4730997,0,0.0,1.0,1.0
10000,1.3,0.7,0.5288312031603335,6.447238260383328,0.08202445478242512,0.06917073191287018,1.3,exponential,538,71.0,71.0,6.2602,0,0.0,1.0,1.0
10000,1.3,0.7,0.5288312031603335,6.447238260383328,0.08202445478242512,0.06917073191287018,1.3,exponential,539,62.0,62.0,6.3489,0,0.0,1.0,1.0
10000,1.3,0.7,0.5288312031603335,6.447238260383328,0.08202445478242512,0.06917073191287018,1.3,exponential,540,153.0,153.0,6.1011996,0,0.0,1.0,1.0
10000,1.3,0.7,0.5288312031603335,6.447238260383328,0.08202445478242512,0.06917073191287018,1.3,exponential,541,21.0,21.0,6.4733,0,0.0,1.0,1.0
10000,1.3,0.7,0.5288312031603335,6.447238260383328,0.08202445478242512,0.06917073191287018,1.3,exponential,542,13.0,13.0,6.383,0,0.0,1.0,1.0
10000,1.3,0.7,0.5288312031603335,6.447238260383328,0.08202445478242512,0.06917073191287018,1.3,exponential,543,168.0,168.0,6.3159,0,0.0,1.0,1.0
10000,1.3,0.7,0.5288312031603335,6.447238260383328,0.08202445478242512,0.06917073191287018,1.3,exponential,544,68.0,68.0,6.614,0,0.0,1.0,1.0
10000,1.3,0.7,0.5288312031603335,6.447238260383328,0.08202445478242512,0.06917073191287018,1.3,exponential,545,24.0,24.0,6.7468,0,0.0,1.0,1.0
10000,1.3,0.7,0.5288312031603335,6.447238260383328,0.08202445478242512,0.06917073191287018,1.3,exponential,546,27.0,27.0,6.3094997,0,0.0,1.0,1.0
10000,1.3,0.7,0.5288312031603335,6.447238260383328,0.08202445478242512,0.06917073191287018,1.3,exponential,547,27.0,27.0,6.3683996,0,0.0,1.0,1.0
10000,1.3,0.7,0.5288312031603335,6.447238260383328,0.08202445478242512,0.06917073191287018,1.3,exponential,548,93.0,93.0,6.5462,0,0.0,1.0,1.0
10000,1.3,0.7,0.5288312031603335,6.447238260383328,0.08202445478242512,0.06917073191287018,1.3,exponential,549,20.0,20.0,6.2893996,0,0.0,1.0,1.0
10000,1.3,0.7,0.5288312031603335,6.447238260383328,0.08202445478242512,0.06917073191287018,1.3,exponential,550,17.0,17.0,6.4726996,0,0.0,1.0,1.0
10000,1.3,0.7,0.5288312031603335,6.447238260383328,0.08202445478242512,0.06917073191287018,1.3,exponential,551,17.0,17.0,6.5712,0,0.0,1.0,1.0
10000,1.3,0.7,0.5288312031603335,6.447238260383328,0.08202445478242512,0.06917073191287018,1.3,exponential,552,26.0,26.0,6.5659,0,0.0,1.0,1.0
10000,1.3,0.7,0.5288312031603335,6.447238260383328,0.08202445478242512,0.06917073191287018,1.3,exponential,553,24.0,24.0,6.3429,0,0.0,1.0,1.0
10000,1.3,0.7,0.5288312031603335,6.447238260383328,0.08202445478242512,0.06917073191287018,1.3,exponential,554,8.0,8.0,6.3718996,0,0.0,1.0,1.0
10000,1.3,0.7,0.5288312031603335,6.447238260383328,0.08202445478242512,0.06917073191287018,1.3,exponential,555,71.0,71.0,6.2313,0,0.0,1.0,1.0
10000,1.3,0.7,0.5288312031603335,6.447238260383328,0.08202445478242512,0.06917073191287018,1.3,exponential,556,76.0,76.0,6.0971,0,0.0,1.0,1.0
10000,1.3,0.7,0.5288312031603335,6.447238260383328,0.08202445478242512,0.06917073191287018,1.3,exponential,557,41.0,41.0,6.2862,0,0.0,1.0,1.0
10000,1.3,0.7,0.5288312031603335,6.447238260383328,0.08202445478242512,0.06917073191287018,1.3,exponential,558,44.0,44.0,6.2876,0,0.0,1.0,1.0
10000,1.3,0.7,0.5288312031603335,6.447238260383328,0.08202445478242512,0.06917073191287018,1.3,exponential,559,28.0,28.0,5.9807,0,0.0,1.0,1.0
10000,1.3,0.7,0.5288312031603335,6.447238260383328,0.08202445478242512,0.06917073191287018,1.3,exponential,560,24.0,24.0,6.4129996,0,0.0,1.0,1.0
10000,1.3,0.7,0.5288312031603335,6.447238260383328,0.08202445478242512,0.06917073191287018,1.3,exponential,561,198.0,198.0,6.5111,0,0.0,1.0,1.0
10000,1.3,0.7,0.5288312031603335,6.447238260383328,0.08202445478242512,0.06917073191287018,1.3,exponential,562,90.0,90.0,6.3764,0,0.0,1.0,1.0
10000,1.3,0.7,0.5288312031603335,6.447238260383328,0.08202445478242512,0.06917073191287018,1.3,exponential,563,195.0,195.0,6.7942,0,0.0,1.0,1.0
10000,1.3,0.7,0.5288312031603335,6.447238260383328,0.08202445478242512,0.06917073191287018,1.3,exponential,564,19.0,19.0,6.345,0,0.0,1.0,1.0
10000,1.3,0.7,0.5288312031603335,6.447238260383328,0.08202445478242512,0.06917073191287018,1.3,exponential,565,156.0,156.0,6.1738,0,0.0,1.0,1.0
10000,1.3,0.7,0.5288312031603335,6.447238260383328,0.08202445478242512,0.06917073191287018,1.3,exponential,566,18.0,18.0,6.4842997,0,0.0,1.0,1.0
10000,1.3,0.7,0.5288312031603335,6.447238260383328,0.08202445478242512,0.06917073191287018,1.3,exponential,567,97.0,97.0,6.4617996,0,0.0,1.0,1.0
10000,1.3,0.7,0.5288312031603335,6.447238260383328,0.08202445478242512,0.06917073191287018,1.3,exponential,568,105.0,105.0,6.0952997,0,0.0,1.0,1.0
10000,1.3,0.7,0.5288312031603335,6.447238260383328,0.08202445478242512,0.06917073191287018,1.3,exponential,569,185.0,185.0,6.4305997,0,0.0,1.0,1.0
10000,1.3,0.7,0.5288312031603335,6.447238260383328,0.08202445478242512,0.06917073191287018,1.3,exponential,570,108.0,108.0,6.8489,0,0.0,1.0,1.0
10000,1.3,0.7,0.5288312031603335,6.447238260383328,0.08202445478242512,0.06917073191287018,1.3,exponential,571,105.0,105.0,6.1513996,0,0.0,1.0,1.0
10000,1.3,0.7,0.5288312031603335,6.447238260383328,0.08202445478242512,0.06917073191287018,1.3,exponential,572,18.0,18.0,6.6372,0,0.0,1.0,1.0
10000,1.3,0.7,0.5288312031603335,6.447238260383328,0.08202445478242512,0.06917073191287018,1.3,exponential,573,35.0,35.0,6.0053,0,0.0,1.0,1.0
10000,1.3,0.7,0.5288312031603335,6.447238260383328,0.08202445478242512,0.06917073191287018,1.3,exponential,574,16.0,16.0,6.5648,0,0.0,1.0,1.0
10000,1.3,0.7,0.5288312031603335,6.447238260383328,0.08202445478242512,0.06917073191287018,1.3,exponential,575,77.0,77.0,6.5032,0,0.0,1.0,1.0
10000,1.3,0.7,0.5288312031603335,6.447238260383328,0.08202445478242512,0.06917073191287018,1.3,exponential,576,84.0,84.0,5.9846997,0,0.0,1.0,1.0
10000,1.3,0.7,0.5288312031603335,6.447238260383328,0.08202445478242512,0.06917073191287018,1.3,exponential,577,68.0,68.0,6.4683,0,0.0,1.0,1.0
10000,1.3,0.7,0.5288312031603335,6.447238260383328,0.08202445478242512,0.06917073191287018,1.3,exponential,578,50.0,50.0,6.3834,0,0.0,1.0,1.0
10000,1.3,0.7,0.5288312031603335,6.447238260383328,0.08202445478242512,0.06917073191287018,1.3,exponential,579,34.0,34.0,6.5649,0,0.0,1.0,1.0
10000,1.3,0.7,0.5288312031603335,6.447238260383328,0.08202445478242512,0.06917073191287018,1.3,exponential,580,71.0,71.0,6.6544,0,0.0,1.0,1.0
10000,1.3,0.7,0.5288312031603335,6.447238260383328,0.08202445478242512,0.06917073191287018,1.3,exponential,581,73.0,73.0,6.5214,0,0.0,1.0,1.0
10000,1.3,0.7,0.5288312031603335,6.447238260383328,0.08202445478242512,0.06917073191287018,1.3,exponential,582,15.0,15.0,6.3472,0,0.0,1.0,1.0
10000,1.3,0.7,0.5288312031603335,6.447238260383328,0.08202445478242512,0.06917073191287018,1.3,exponential,583,52.0,52.0,6.7068,0,0.0,1.0,1.0
10000,1.3,0.7,0.5288312031603335,6.447238260383328,0.08202445478242512,0.06917073191287018,1.3,exponential,584,69.0,69.0,6.2500997,0,0.0,1.0,1.0
10000,1.3,0.7,0.5288312031603335,6.447238260383328,0.08202445478242512,0.06917073191287018,1.3,exponential,585,111.0,111.0,6.4142,0,0.0,1.0,1.0
10000,1.3,0.7,0.5288312031603335,6.447238260383328,0.08202445478242512,0.06917073191287018,1.3,exponential,586,12.0,12.0,6.3178,0,0.0,1.0,1.0
10000,1.3,0.7,0.5288312031603335,6.447238260383328,0.08202445478242512,0.06917073191287018,1.3,exponential,587,67.0,67.0,6.5541,0,0.0,1.0,1.0
10000,1.3,0.7,0.5288312031603335,6.447238260383328,0.08202445478242512,0.06917073191287018,1.3,exponential,588,28.0,28.0,6.2367997,0,0.0,1.0,1.0
10000,1.3,0.7,0.5288312031603335,6.447238260383328,0.08202445478242512,0.06917073191287018,1.3,exponential,589,72.0,72.0,6.5288997,0,0.0,1.0,1.0
10000,1.3,0.7,0.5288312031603335,6.447238260383328,0.08202445478242512,0.06917073191287018,1.3,exponential,590,94.0,94.0,6.2992997,0,0.0,1.0,1.0
10000,1.3,0.7,0.5288312031603335,6.447238260383328,0.08202445478242512,0.06917073191287018,1.3,exponential,591,155.0,155.0,6.5192,0,0.0,1.0,1.0
10000,1.3,0.7,0.5288312031603335,6.447238260383328,0.08202445478242512,0.06917073191287018,1.3,exponential,592,82.0,82.0,6.6558,0,0.0,1.0,1.0
10000,1.3,0.7,0.5288312031603335,6.447238260383328,0.08202445478242512,0.06917073191287018,1.3,exponential,593,22.0,22.0,6.2901998,0,0.0,1.0,1.0
10000,1.3,0.7,0.5288312031603335,6.447238260383328,0.08202445478242512,0.06917073191287018,1.3,exponential,594,202.0,202.0,6.6047997,0,0.0,1.0,1.0
10000,1.3,0.7,0.5288312031603335,6.447238260383328,0.08202445478242512,0.06917073191287018,1.3,exponential,595,45.0,45.0,6.4698,0,0.0,1.0,1.0
10000,1.3,0.7,0.5288312031603335,6.447238260383328,0.08202445478242512,0.06917073191287018,1.3,exponential,596,29.0,29.0,7.0171,0,0.0,1.0,1.0
10000,1.3,0.7,0.5288312031603335,6.447238260383328,0.08202445478242512,0.06917073191287018,1.3,exponential,597,138.0,138.0,6.7618,0,0.0,1.0,1.0
10000,1.3,0.7,0.5288312031603335,6.447238260383328,0.08202445478242512,0.06917073191287018,1.3,exponential,598,32.0,32.0,6.5716,0,0.0,1.0,1.0
10000,1.3,0.7,0.5288312031603335,6.447238260383328,0.08202445478242512,0.06917073191287018,1.3,exponential,599,113.0,113.0,6.2256,0,0.0,1.0,1.0
10000,1.3,0.7,0.5288312031603335,6.447238260383328,0.08202445478242512,0.06917073191287018,1.3,exponential,600,38.0,38.0,6.2888,0,0.0,1.0,1.0
10000,1.3,0.7,0.5288312031603335,6.447238260383328,0.08202445478242512,0.06917073191287018,1.3,exponential,601,23.0,23.0,6.4315996,0,0.0,1.0,1.0
10000,1.3,0.7,0.5288312031603335,6.447238260383328,0.08202445478242512,0.06917073191287018,1.3,exponential,602,35.0,35.0,6.4659,0,0.0,1.0,1.0
10000,1.3,0.7,0.5288312031603335,6.447238260383328,0.08202445478242512,0.06917073191287018,1.3,exponential,603,50.0,50.0,6.6254,0,0.0,1.0,1.0
10000,1.3,0.7,0.5288312031603335,6.447238260383328,0.08202445478242512,0.06917073191287018,1.3,exponential,604,5.0,5.0,6.3985,0,0.0,1.0,1.0
10000,1.3,0.7,0.5288312031603335,6.447238260383328,0.08202445478242512,0.06917073191287018,1.3,exponential,605,210.0,210.0,6.7672997,0,0.0,1.0,1.0
10000,1.3,0.7,0.5288312031603335,6.447238260383328,0.08202445478242512,0.06917073191287018,1.3,exponential,606,31.0,31.0,6.5102,0,0.0,1.0,1.0
10000,1.3,0.7,0.5288312031603335,6.447238260383328,0.08202445478242512,0.06917073191287018,1.3,exponential,607,114.0,114.0,6.3424,0,0.0,1.0,1.0
10000,1.3,0.7,0.5288312031603335,6.447238260383328,0.08202445478242512,0.06917073191287018,1.3,exponential,608,90.0,90.0,6.1474,0,0.0,1.0,1.0
10000,1.3,0.7,0.5288312031603335,6.447238260383328,0.08202445478242512,0.06917073191287018,1.3,exponential,609,52.0,52.0,6.4742,0,0.0,1.0,1.0
10000,1.3,0.7,0.5288312031603335,6.447238260383328,0.08202445478242512,0.06917073191287018,1.3,exponential,610,16.0,16.0,6.7,0,0.0,1.0,1.0
10000,1.3,0.7,0.5288312031603335,6.447238260383328,0.08202445478242512,0.06917073191287018,1.3,exponential,611,29.0,29.0,6.3002,0,0.0,1.0,1.0
10000,1.3,0.7,0.5288312031603335,6.447238260383328,0.08202445478242512,0.06917073191287018,1.3,exponential,612,42.0,42.0,6.5527997,0,0.0,1.0,1.0
10000,1.3,0.7,0.5288312031603335,6.447238260383328,0.08202445478242512,0.06917073191287018,1.3,exponential,613,11.0,11.0,6.4472,0,0.0,1.0,1.0
10000,1.3,0.7,0.5288312031603335,6.447238260383328,0.08202445478242512,0.06917073191287018,1.3,exponential,614,85.0,85.0,6.3195,0,0.0,1.0,1.0
10000,1.3,0.7,0.5288312031603335,6.447238260383328,0.08202445478242512,0.06917073191287018,1.3,exponential,615,328.0,328.0,6.5018997,0,0.0,1.0,1.0
10000,1.3,0.7,0.5288312031603335,6.447238260383328,0.08202445478242512,0.06917073191287018,1.3,exponential,616,20.0,20.0,6.1636,0,0.0,1.0,1.0
10000,1.3,0.7,0.5288312031603335,6.447238260383328,0.08202445478242512,0.06917073191287018,1.3,exponential,617,25.0,25.0,6.2086997,0,0.0,1.0,1.0
10000,1.3,0.7,0.5288312031603335,6.447238260383328,0.08202445478242512,0.06917073191287018,1.3,exponential,618,66.0,66.0,6.2847,0,0.0,1.0,1.0
10000,1.3,0.7,0.5288312031603335,6.447238260383328,0.08202445478242512,0.06917073191287018,1.3,exponential,619,23.0,23.0,6.3975997,0,0.0,1.0,1.0
10000,1.3,0.7,0.5288312031603335,6.447238260383328,0.08202445478242512,0.06917073191287018,1.3,exponential,620,112.0,112.0,6.2703,0,0.0,1.0,1.0
10000,1.3,0.7,0.5288312031603335,6.447238260383328,0.08202445478242512,0.06917073191287018,1.3,exponential,621,46.0,46.0,6.3766,0,0.0,1.0,1.0
10000,1.3,0.7,0.5288312031603335,6.447238260383328,0.08202445478242512,0.06917073191287018,1.3,exponential,622,479.0,479.0,6.3568997,0,0.0,1.0,1.0
10000,1.3,0.7,0.5288312031603335,6.447238260383328,0.08202445478242512,0.06917073191287018,1.3,exponential,623,11.0,11.0,6.519,0,0.0,1.0,1.0
10000,1.3,0.7,0.5288312031603335,6.447238260383328,0.08202445478242512,0.06917073191287018,1.3,exponential,624,236.0,236.0,6.4368997,0,0.0,1.0,1.0
10000,1.3,0.7,0.5288312031603335,6.447238260383328,0.08202445478242512,0.06917073191287018,1.3,exponential,625,250.0,250.0,6.7074,0,0.0,1.0,1.0
10000,1.3,0.7,0.5288312031603335,6.447238260383328,0.08202445478242512,0.06917073191287018,1.3,exponential,626,114.0,114.0,5.8736,0,0.0,1.0,1.0
10000,1.3,0.7,0.5288312031603335,6.447238260383328,0.08202445478242512,0.06917073191287018,1.3,exponential,627,137.0,137.0,6.6928997,0,0.0,1.0,1.0
10000,1.3,0.7,0.5288312031603335,6.447238260383328,0.08202445478242512,0.06917073191287018,1.3,exponential,628,52.0,52.0,6.5492997,0,0.0,1.0,1.0
10000,1.3,0.7,0.5288312031603335,6.447238260383328,0.08202445478242512,0.06917073191287018,1.3,exponential,629,15.0,15.0,6.4624996,0,0.0,1.0,1.0
10000,1.3,0.7,0.5288312031603335,6.447238260383328,0.08202445478242512,0.06917073191287018,1.3,exponential,630,42.0,42.0,6.5836,0,0.0,1.0,1.0
10000,1.3,0.7,0.5288312031603335,6.447238260383328,0.08202445478242512,0.06917073191287018,1.3,exponential,631,259.0,259.0,6.4487,0,0.0,1.0,1.0
10000,1.3,0.7,0.5288312031603335,6.447238260383328,0.08202445478242512,0.06917073191287018,1.3,exponential,632,129.0,129.0,6.3718996,0,0.0,1.0,1.0
10000,1.3,0.7,0.5288312031603335,6.447238260383328,0.08202445478242512,0.06917073191287018,1.3,exponential,633,53.0,53.0,6.3978996,0,0.0,1.0,1.0
10000,1.3,0.7,0.5288312031603335,6.447238260383328,0.08202445478242512,0.06917073191287018,1.3,exponential,634,72.0,72.0,6.3873997,0,0.0,1.0,1.0
10000,1.3,0.7,0.5288312031603335,6.447238260383328,0.08202445478242512,0.06917073191287018,1.3,exponential,635,52.0,52.0,6.2084,0,0.0,1.0,1.0
10000,1.3,0.7,0.5288312031603335,6.447238260383328,0.08202445478242512,0.06917073191287018,1.3,exponential,636,20.0,20.0,6.6843996,0,0.0,1.0,1.0
10000,1.3,0.7,0.5288312031603335,6.447238260383328,0.08202445478242512,0.06917073191287018,1.3,exponential,637,46.0,46.0,6.4103,0,0.0,1.0,1.0
10000,1.3,0.7,0.5288312031603335,6.447238260383328,0.08202445478242512,0.06917073191287018,1.3,exponential,638,96.0,96.0,6.2936997,0,0.0,1.0,1.0
10000,1.3,0.7,0.5288312031603335,6.447238260383328,0.08202445478242512,0.06917073191287018,1.3,exponential,639,124.0,124.0,6.1454,0,0.0,1.0,1.0
10000,1.3,0.7,0.5288312031603335,6.447238260383328,0.08202445478242512,0.06917073191287018,1.3,exponential,640,93.0,93.0,6.2622,0,0.0,1.0,1.0
10000,1.3,0.7,0.5288312031603335,6.447238260383328,0.08202445478242512,0.06917073191287018,1.3,exponential,641,15.0,15.0,6.258,0,0.0,1.0,1.0
10000,1.3,0.7,0.5288312031603335,6.447238260383328,0.08202445478242512,0.06917073191287018,1.3,exponential,642,72.0,72.0,6.3121,0,0.0,1.0,1.0
10000,1.3,0.7,0.5288312031603335,6.447238260383328,0.08202445478242512,0.06917073191287018,1.3,exponential,643,46.0,46.0,6.5905,0,0.0,1.0,1.0
10000,1.3,0.7,0.5288312031603335,6.447238260383328,0.08202445478242512,0.06917073191287018,1.3,exponential,644,26.0,26.0,6.5938997,0,0.0,1.0,1.0
10000,1.3,0.7,0.5288312031603335,6.447238260383328,0.08202445478242512,0.06917073191287018,1.3,exponential,645,37.0,37.0,6.4947996,0,0.0,1.0,1.0
10000,1.3,0.7,0.5288312031603335,6.447238260383328,0.08202445478242512,0.06917073191287018,1.3,exponential,646,12.0,12.0,6.1278996,0,0.0,1.0,1.0
10000,1.3,0.7,0.5288312031603335,6.447238260383328,0.08202445478242512,0.06917073191287018,1.3,exponential,647,164.0,164.0,6.2587,0,0.0,1.0,1.0
10000,1.3,0.7,0.5288312031603335,6.447238260383328,0.08202445478242512,0.06917073191287018,1.3,exponential,648,55.0,55.0,6.4783998,0,0.0,1.0,1.0
10000,1.3,0.7,0.5288312031603335,6.447238260383328,0.08202445478242512,0.06917073191287018,1.3,exponential,649,21.0,21.0,6.4565,0,0.0,1.0,1.0
10000,1.3,0.7,0.5288312031603335,6.447238260383328,0.08202445478242512,0.06917073191287018,1.3,exponential,650,284.0,284.0,6.3898,0,0.0,1.0,1.0
10000,1.3,0.7,0.5288312031603335,6.447238260383328,0.08202445478242512,0.06917073191287018,1.3,exponential,651,18.0,18.0,6.2167997,0,0.0,1.0,1.0
10000,1.3,0.7,0.5288312031603335,6.447238260383328,0.08202445478242512,0.06917073191287018,1.3,exponential,652,13.0,13.0,6.499,0,0.0,1.0,1.0
10000,1.3,0.7,0.5288312031603335,6.447238260383328,0.08202445478242512,0.06917073191287018,1.3,exponential,653,162.0,162.0,6.441,0,0.0,1.0,1.0
10000,1.3,0.7,0.5288312031603335,6.447238260383328,0.08202445478242512,0.06917073191287018,1.3,exponential,654,128.0,128.0,6.1429,0,0.0,1.0,1.0
10000,1.3,0.7,0.5288312031603335,6.447238260383328,0.08202445478242512,0.06917073191287018,1.3,exponential,655,82.0,82.0,6.4565997,0,0.0,1.0,1.0
10000,1.3,0.7,0.5288312031603335,6.447238260383328,0.08202445478242512,0.06917073191287018,1.3,exponential,656,12.0,12.0,6.2476997,0,0.0,1.0,1.0
10000,1.3,0.7,0.5288312031603335,6.447238260383328,0.08202445478242512,0.06917073191287018,1.3,exponential,657,208.0,208.0,6.1842,0,0.0,1.0,1.0
10000,1.3,0.7,0.5288312031603335,6.447238260383328,0.08202445478242512,0.06917073191287018,1.3,exponential,658,34.0,34.0,6.5039,0,0.0,1.0,1.0
10000,1.3,0.7,0.5288312031603335,6.447238260383328,0.08202445478242512,0.06917073191287018,1.3,exponential,659,21.0,21.0,6.6316,0,0.0,1.0,1.0
10000,1.3,0.7,0.5288312031603335,6.447238260383328,0.08202445478242512,0.06917073191287018,1.3,exponential,660,9.0,9.0,6.4716997,0,0.0,1.0,1.0
10000,1.3,0.7,0.5288312031603335,6.447238260383328,0.08202445478242512,0.06917073191287018,1.3,exponential,661,49.0,49.0,6.0281,0,0.0,1.0,1.0
10000,1.3,0.7,0.5288312031603335,6.447238260383328,0.08202445478242512,0.06917073191287018,1.3,exponential,662,22.0,22.0,6.2791,0,0.0,1.0,1.0
10000,1.3,0.7,0.5288312031603335,6.447238260383328,0.08202445478242512,0.06917073191287018,1.3,exponential,663,29.0,29.0,6.2816,0,0.0,1.0,1.0
10000,1.3,0.7,0.5288312031603335,6.447238260383328,0.08202445478242512,0.06917073191287018,1.3,exponential,664,32.0,32.0,6.1794,0,0.0,1.0,1.0
10000,1.3,0.7,0.5288312031603335,6.447238260383328,0.08202445478242512,0.06917073191287018,1.3,exponential,665,89.0,89.0,6.4459,0,0.0,1.0,1.0
10000,1.3,0.7,0.5288312031603335,6.447238260383328,0.08202445478242512,0.06917073191287018,1.3,exponential,666,20.0,20.0,6.3409996,0,0.0,1.0,1.0
10000,1.3,0.7,0.5288312031603335,6.447238260383328,0.08202445478242512,0.06917073191287018,1.3,exponential,667,18.0,18.0,6.4031997,0,0.0,1.0,1.0
10000,1.3,0.7,0.5288312031603335,6.447238260383328,0.08202445478242512,0.06917073191287018,1.3,exponential,668,17.0,17.0,6.4962997,0,0.0,1.0,1.0
10000,1.3,0.7,0.5288312031603335,6.447238260383328,0.08202445478242512,0.06917073191287018,1.3,exponential,669,64.0,64.0,6.2837,0,0.0,1.0,1.0
10000,1.3,0.7,0.5288312031603335,6.447238260383328,0.08202445478242512,0.06917073191287018,1.3,exponential,670,33.0,33.0,6.2597,0,0.0,1.0,1.0
10000,1.3,0.7,0.5288312031603335,6.447238260383328,0.08202445478242512,0.06917073191287018,1.3,exponential,671,7.0,7.0,6.4304,0,0.0,1.0,1.0
10000,1.3,0.7,0.5288312031603335,6.447238260383328,0.08202445478242512,0.06917073191287018,1.3,exponential,672,29.0,29.0,6.4101,0,0.0,1.0,1.0
10000,1.3,0.7,0.5288312031603335,6.447238260383328,0.08202445478242512,0.06917073191287018,1.3,exponential,673,165.0,165.0,6.184,0,0.0,1.0,1.0
10000,1.3,0.7,0.5288312031603335,6.447238260383328,0.08202445478242512,0.06917073191287018,1.3,exponential,674,56.0,56.0,6.2433996,0,0.0,1.0,1.0
10000,1.3,0.7,0.5288312031603335,6.447238260383328,0.08202445478242512,0.06917073191287018,1.3,exponential,675,57.0,57.0,6.6067,0,0.0,1.0,1.0
10000,1.3,0.7,0.5288312031603335,6.447238260383328,0.08202445478242512,0.06917073191287018,1.3,exponential,676,7.0,7.0,6.3869,0,0.0,1.0,1.0
10000,1.3,0.7,0.5288312031603335,6.447238260383328,0.08202445478242512,0.06917073191287018,1.3,exponential,677,208.0,208.0,6.3789997,0,0.0,1.0,1.0
10000,1.3,0.7,0.5288312031603335,6.447238260383328,0.08202445478242512,0.06917073191287018,1.3,exponential,678,24.0,24.0,6.4596996,0,0.0,1.0,1.0
10000,1.3,0.7,0.5288312031603335,6.447238260383328,0.08202445478242512,0.06917073191287018,1.3,exponential,679,92.0,92.0,6.7145,0,0.0,1.0,1.0
10000,1.3,0.7,0.5288312031603335,6.447238260383328,0.08202445478242512,0.06917073191287018,1.3,exponential,680,284.0,284.0,6.3862996,0,0.0,1.0,1.0
10000,1.3,0.7,0.5288312031603335,6.447238260383328,0.08202445478242512,0.06917073191287018,1.3,exponential,681,11.0,11.0,6.4816,0,0.0,1.0,1.0
10000,1.3,0.7,0.5288312031603335,6.447238260383328,0.08202445478242512,0.06917073191287018,1.3,exponential,682,13.0,13.0,6.5035996,0,0.0,1.0,1.0
10000,1.3,0.7,0.5288312031603335,6.447238260383328,0.08202445478242512,0.06917073191287018,1.3,exponential,683,21.0,21.0,6.4115996,0,0.0,1.0,1.0
10000,1.3,0.7,0.5288312031603335,6.447238260383328,0.08202445478242512,0.06917073191287018,1.3,exponential,684,34.0,34.0,6.3889,0,0.0,1.0,1.0
10000,1.3,0.7,0.5288312031603335,6.447238260383328,0.08202445478242512,0.06917073191287018,1.3,exponential,685,86.0,86.0,6.8473997,0,0.0,1.0,1.0
10000,1.3,0.7,0.5288312031603335,6.447238260383328,0.08202445478242512,0.06917073191287018,1.3,exponential,686,53.0,53.0,6.2325997,0,0.0,1.0,1.0
10000,1.3,0.7,0.5288312031603335,6.447238260383328,0.08202445478242512,0.06917073191287018,1.3,exponential,687,21.0,21.0,6.2752,0,0.0,1.0,1.0
10000,1.3,0.7,0.5288312031603335,6.447238260383328,0.08202445478242512,0.06917073191287018,1.3,exponential,688,62.0,62.0,6.4894,0,0.0,1.0,1.0
10000,1.3,0.7,0.5288312031603335,6.447238260383328,0.08202445478242512,0.06917073191287018,1.3,exponential,689,162.0,162.0,5.9976,0,0.0,1.0,1.0
10000,1.3,0.7,0.5288312031603335,6.447238260383328,0.08202445478242512,0.06917073191287018,1.3,exponential,690,81.0,81.0,6.6481,0,0.0,1.0,1.0
10000,1.3,0.7,0.5288312031603335,6.447238260383328,0.08202445478242512,0.06917073191287018,1.3,exponential,691,97.0,97.0,6.3866997,0,0.0,1.0,1.0
10000,1.3,0.7,0.5288312031603335,6.447238260383328,0.08202445478242512,0.06917073191287018,1.3,exponential,692,273.0,273.0,6.2482,0,0.0,1.0,1.0
10000,1.3,0.7,0.5288312031603335,6.447238260383328,0.08202445478242512,0.06917073191287018,1.3,exponential,693,59.0,59.0,6.1953998,0,0.0,1.0,1.0
10000,1.3,0.7,0.5288312031603335,6.447238260383328,0.08202445478242512,0.06917073191287018,1.3,exponential,694,7.0,7.0,6.4455,0,0.0,1.0,1.0
10000,1.3,0.7,0.5288312031603335,6.447238260383328,0.08202445478242512,0.06917073191287018,1.3,exponential,695,13.0,13.0,6.5084996,0,0.0,1.0,1.0
10000,1.3,0.7,0.5288312031603335,6.447238260383328,0.08202445478242512,0.06917073191287018,1.3,exponential,696,88.0,88.0,6.5752997,0,0.0,1.0,1.0
10000,1.3,0.7,0.5288312031603335,6.447238260383328,0.08202445478242512,0.06917073191287018,1.3,exponential,697,70.0,70.0,6.4013,0,0.0,1.0,1.0
10000,1.3,0.7,0.5288312031603335,6.447238260383328,0.08202445478242512,0.06917073191287018,1.3,exponential,698,17.0,17.0,6.2458,0,0.0,1.0,1.0
10000,1.3,0.7,0.5288312031603335,6.447238260383328,0.08202445478242512,0.06917073191287018,1.3,exponential,699,144.0,144.0,6.3806996,0,0.0,1.0,1.0
10000,1.3,0.7,0.5288312031603335,6.447238260383328,0.08202445478242512,0.06917073191287018,1.3,exponential,700,10.0,10.0,6.3698997,0,0.0,1.0,1.0
10000,1.3,0.7,0.5288312031603335,6.447238260383328,0.08202445478242512,0.06917073191287018,1.3,exponential,701,263.0,263.0,6.2655997,0,0.0,1.0,1.0
10000,1.3,0.7,0.5288312031603335,6.447238260383328,0.08202445478242512,0.06917073191287018,1.3,exponential,702,13.0,13.0,6.6060996,0,0.0,1.0,1.0
10000,1.3,0.7,0.5288312031603335,6.447238260383328,0.08202445478242512,0.06917073191287018,1.3,exponential,703,34.0,34.0,6.5167,0,0.0,1.0,1.0
10000,1.3,0.7,0.5288312031603335,6.447238260383328,0.08202445478242512,0.06917073191287018,1.3,exponential,704,26.0,26.0,6.6043997,0,0.0,1.0,1.0
10000,1.3,0.7,0.5288312031603335,6.447238260383328,0.08202445478242512,0.06917073191287018,1.3,exponential,705,100.0,100.0,6.2016,0,0.0,1.0,1.0
10000,1.3,0.7,0.5288312031603335,6.447238260383328,0.08202445478242512,0.06917073191287018,1.3,exponential,706,44.0,44.0,6.1577,0,0.0,1.0,1.0
10000,1.3,0.7,0.5288312031603335,6.447238260383328,0.08202445478242512,0.06917073191287018,1.3,exponential,707,34.0,34.0,6.2454996,0,0.0,1.0,1.0
10000,1.3,0.7,0.5288312031603335,6.447238260383328,0.08202445478242512,0.06917073191287018,1.3,exponential,708,116.0,116.0,6.2929997,0,0.0,1.0,1.0
10000,1.3,0.7,0.5288312031603335,6.447238260383328,0.08202445478242512,0.06917073191287018,1.3,exponential,709,182.0,182.0,6.2209,0,0.0,1.0,1.0
10000,1.3,0.7,0.5288312031603335,6.447238260383328,0.08202445478242512,0.06917073191287018,1.3,exponential,710,237.0,237.0,6.2233996,0,0.0,1.0,1.0
10000,1.3,0.7,0.5288312031603335,6.447238260383328,0.08202445478242512,0.06917073191287018,1.3,exponential,711,82.0,82.0,6.2569,0,0.0,1.0,1.0
10000,1.3,0.7,0.5288312031603335,6.447238260383328,0.08202445478242512,0.06917073191287018,1.3,exponential,712,27.0,27.0,6.4226,0,0.0,1.0,1.0
10000,1.3,0.7,0.5288312031603335,6.447238260383328,0.08202445478242512,0.06917073191287018,1.3,exponential,713,98.0,98.0,6.698,0,0.0,1.0,1.0
10000,1.3,0.7,0.5288312031603335,6.447238260383328,0.08202445478242512,0.06917073191287018,1.3,exponential,714,14.0,14.0,6.3037,0,0.0,1.0,1.0
10000,1.3,0.7,0.5288312031603335,6.447238260383328,0.08202445478242512,0.06917073191287018,1.3,exponential,715,7.0,7.0,6.5441,0,0.0,1.0,1.0
10000,1.3,0.7,0.5288312031603335,6.447238260383328,0.08202445478242512,0.06917073191287018,1.3,exponential,716,64.0,64.0,6.4143996,0,0.0,1.0,1.0
10000,1.3,0.7,0.5288312031603335,6.447238260383328,0.08202445478242512,0.06917073191287018,1.3,exponential,717,47.0,47.0,6.2374997,0,0.0,1.0,1.0
10000,1.3,0.7,0.5288312031603335,6.447238260383328,0.08202445478242512,0.06917073191287018,1.3,exponential,718,29.0,29.0,6.6649,0,0.0,1.0,1.0
10000,1.3,0.7,0.5288312031603335,6.447238260383328,0.08202445478242512,0.06917073191287018,1.3,exponential,719,25.0,25.0,6.4382,0,0.0,1.0,1.0
10000,1.3,0.7,0.5288312031603335,6.447238260383328,0.08202445478242512,0.06917073191287018,1.3,exponential,720,36.0,36.0,6.173,0,0.0,1.0,1.0
10000,1.3,0.7,0.5288312031603335,6.447238260383328,0.08202445478242512,0.06917073191287018,1.3,exponential,721,67.0,67.0,6.3244,0,0.0,1.0,1.0
10000,1.3,0.7,0.5288312031603335,6.447238260383328,0.08202445478242512,0.06917073191287018,1.3,exponential,722,3.0,3.0,6.4602,0,0.0,1.0,1.0
10000,1.3,0.7,0.5288312031603335,6.447238260383328,0.08202445478242512,0.06917073191287018,1.3,exponential,723,191.0,191.0,6.7763,0,0.0,1.0,1.0
10000,1.3,0.7,0.5288312031603335,6.447238260383328,0.08202445478242512,0.06917073191287018,1.3,exponential,724,45.0,45.0,6.4167,0,0.0,1.0,1.0
10000,1.3,0.7,0.5288312031603335,6.447238260383328,0.08202445478242512,0.06917073191287018,1.3,exponential,725,23.0,23.0,6.4725,0,0.0,1.0,1.0
10000,1.3,0.7,0.5288312031603335,6.447238260383328,0.08202445478242512,0.06917073191287018,1.3,exponential,726,53.0,53.0,6.6366,0,0.0,1.0,1.0
10000,1.3,0.7,0.5288312031603335,6.447238260383328,0.08202445478242512,0.06917073191287018,1.3,exponential,727,142.0,142.0,6.5773,0,0.0,1.0,1.0
10000,1.3,0.7,0.5288312031603335,6.447238260383328,0.08202445478242512,0.06917073191287018,1.3,exponential,728,53.0,53.0,6.3011,0,0.0,1.0,1.0
10000,1.3,0.7,0.5288312031603335,6.447238260383328,0.08202445478242512,0.06917073191287018,1.3,exponential,729,63.0,63.0,5.9219,0,0.0,1.0,1.0
10000,1.3,0.7,0.5288312031603335,6.447238260383328,0.08202445478242512,0.06917073191287018,1.3,exponential,730,26.0,26.0,6.744,0,0.0,1.0,1.0
10000,1.3,0.7,0.5288312031603335,6.447238260383328,0.08202445478242512,0.06917073191287018,1.3,exponential,731,20.0,20.0,6.3480997,0,0.0,1.0,1.0
10000,1.3,0.7,0.5288312031603335,6.447238260383328,0.08202445478242512,0.06917073191287018,1.3,exponential,732,32.0,32.0,6.4265,0,0.0,1.0,1.0
10000,1.3,0.7,0.5288312031603335,6.447238260383328,0.08202445478242512,0.06917073191287018,1.3,exponential,733,159.0,159.0,5.9460998,0,0.0,1.0,1.0
10000,1.3,0.7,0.5288312031603335,6.447238260383328,0.08202445478242512,0.06917073191287018,1.3,exponential,734,85.0,85.0,6.2023,0,0.0,1.0,1.0
10000,1.3,0.7,0.5288312031603335,6.447238260383328,0.08202445478242512,0.06917073191287018,1.3,exponential,735,15.0,15.0,6.2806,0,0.0,1.0,1.0
10000,1.3,0.7,0.5288312031603335,6.447238260383328,0.08202445478242512,0.06917073191287018,1.3,exponential,736,79.0,79.0,6.3771,0,0.0,1.0,1.0
10000,1.3,0.7,0.5288312031603335,6.447238260383328,0.08202445478242512,0.06917073191287018,1.3,exponential,737,110.0,110.0,7.0214,0,0.0,1.0,1.0
10000,1.3,0.7,0.5288312031603335,6.447238260383328,0.08202445478242512,0.06917073191287018,1.3,exponential,738,53.0,53.0,5.9842,0,0.0,1.0,1.0
10000,1.3,0.7,0.5288312031603335,6.447238260383328,0.08202445478242512,0.06917073191287018,1.3,exponential,739,74.0,74.0,6.4652,0,0.0,1.0,1.0
10000,1.3,0.7,0.5288312031603335,6.447238260383328,0.08202445478242512,0.06917073191287018,1.3,exponential,740,12.0,12.0,6.5863,0,0.0,1.0,1.0
10000,1.3,0.7,0.5288312031603335,6.447238260383328,0.08202445478242512,0.06917073191287018,1.3,exponential,741,156.0,156.0,6.9737997,0,0.0,1.0,1.0
10000,1.3,0.7,0.5288312031603335,6.447238260383328,0.08202445478242512,0.06917073191287018,1.3,exponential,742,22.0,22.0,6.4045997,0,0.0,1.0,1.0
10000,1.3,0.7,0.5288312031603335,6.447238260383328,0.08202445478242512,0.06917073191287018,1.3,exponential,743,44.0,44.0,6.3462996,0,0.0,1.0,1.0
10000,1.3,0.7,0.5288312031603335,6.447238260383328,0.08202445478242512,0.06917073191287018,1.3,exponential,744,310.0,310.0,5.9936,0,0.0,1.0,1.0
10000,1.3,0.7,0.5288312031603335,6.447238260383328,0.08202445478242512,0.06917073191287018,1.3,exponential,745,21.0,21.0,6.2785997,0,0.0,1.0,1.0
10000,1.3,0.7,0.5288312031603335,6.447238260383328,0.08202445478242512,0.06917073191287018,1.3,exponential,746,26.0,26.0,6.5564,0,0.0,1.0,1.0
10000,1.3,0.7,0.5288312031603335,6.447238260383328,0.08202445478242512,0.06917073191287018,1.3,exponential,747,116.0,116.0,6.3891997,0,0.0,1.0,1.0
10000,1.3,0.7,0.5288312031603335,6.447238260383328,0.08202445478242512,0.06917073191287018,1.3,exponential,748,38.0,38.0,6.4062,0,0.0,1.0,1.0
10000,1.3,0.7,0.5288312031603335,6.447238260383328,0.08202445478242512,0.06917073191287018,1.3,exponential,749,77.0,77.0,6.4357,0,0.0,1.0,1.0
10000,1.3,0.7,0.5288312031603335,6.447238260383328,0.08202445478242512,0.06917073191287018,1.3,exponential,750,102.0,102.0,6.2307997,0,0.0,1.0,1.0
10000,1.3,0.7,0.5288312031603335,6.447238260383328,0.08202445478242512,0.06917073191287018,1.3,exponential,751,24.0,24.0,7.0859,0,0.0,1.0,1.0
10000,1.3,0.7,0.5288312031603335,6.447238260383328,0.08202445478242512,0.06917073191287018,1.3,exponential,752,132.0,132.0,6.4151998,0,0.0,1.0,1.0
10000,1.3,0.7,0.5288312031603335,6.447238260383328,0.08202445478242512,0.06917073191287018,1.3,exponential,753,4.0,4.0,6.3157,0,0.0,1.0,1.0
10000,1.3,0.7,0.5288312031603335,6.447238260383328,0.08202445478242512,0.06917073191287018,1.3,exponential,754,16.0,16.0,6.4782996,0,0.0,1.0,1.0
10000,1.3,0.7,0.5288312031603335,6.447238260383328,0.08202445478242512,0.06917073191287018,1.3,exponential,755,27.0,27.0,6.4284997,0,0.0,1.0,1.0
10000,1.3,0.7,0.5288312031603335,6.447238260383328,0.08202445478242512,0.06917073191287018,1.3,exponential,756,76.0,76.0,6.3078,0,0.0,1.0,1.0
10000,1.3,0.7,0.5288312031603335,6.447238260383328,0.08202445478242512,0.06917073191287018,1.3,exponential,757,63.0,63.0,6.1772,0,0.0,1.0,1.0
10000,1.3,0.7,0.5288312031603335,6.447238260383328,0.08202445478242512,0.06917073191287018,1.3,exponential,758,15.0,15.0,6.4182,0,0.0,1.0,1.0
10000,1.3,0.7,0.5288312031603335,6.447238260383328,0.08202445478242512,0.06917073191287018,1.3,exponential,759,31.0,31.0,6.3539996,0,0.0,1.0,1.0
10000,1.3,0.7,0.5288312031603335,6.447238260383328,0.08202445478242512,0.06917073191287018,1.3,exponential,760,140.0,140.0,6.6071,0,0.0,1.0,1.0
10000,1.3,0.7,0.5288312031603335,6.447238260383328,0.08202445478242512,0.06917073191287018,1.3,exponential,761,13.0,13.0,6.6380997,0,0.0,1.0,1.0
10000,1.3,0.7,0.5288312031603335,6.447238260383328,0.08202445478242512,0.06917073191287018,1.3,exponential,762,56.0,56.0,6.2293997,0,0.0,1.0,1.0
10000,1.3,0.7,0.5288312031603335,6.447238260383328,0.08202445478242512,0.06917073191287018,1.3,exponential,763,199.0,199.0,6.5278997,0,0.0,1.0,1.0
10000,1.3,0.7,0.5288312031603335,6.447238260383328,0.08202445478242512,0.06917073191287018,1.3,exponential,764,21.0,21.0,6.0367,0,0.0,1.0,1.0
10000,1.3,0.7,0.5288312031603335,6.447238260383328,0.08202445478242512,0.06917073191287018,1.3,exponential,765,10.0,10.0,6.2672,0,0.0,1.0,1.0
10000,1.3,0.7,0.5288312031603335,6.447238260383328,0.08202445478242512,0.06917073191287018,1.3,exponential,766,80.0,80.0,6.4006996,0,0.0,1.0,1.0
10000,1.3,0.7,0.5288312031603335,6.447238260383328,0.08202445478242512,0.06917073191287018,1.3,exponential,767,58.0,58.0,6.3373,0,0.0,1.0,1.0
10000,1.3,0.7,0.5288312031603335,6.447238260383328,0.08202445478242512,0.06917073191287018,1.3,exponential,768,16.0,16.0,6.2749,0,0.0,1.0,1.0
10000,1.3,0.7,0.5288312031603335,6.447238260383328,0.08202445478242512,0.06917073191287018,1.3,exponential,769,80.0,80.0,6.2342,0,0.0,1.0,1.0
10000,1.3,0.7,0.5288312031603335,6.447238260383328,0.08202445478242512,0.06917073191287018,1.3,exponential,770,121.0,121.0,6.2762,0,0.0,1.0,1.0
10000,1.3,0.7,0.5288312031603335,6.447238260383328,0.08202445478242512,0.06917073191287018,1.3,exponential,771,88.0,88.0,6.0221996,0,0.0,1.0,1.0
10000,1.3,0.7,0.5288312031603335,6.447238260383328,0.08202445478242512,0.06917073191287018,1.3,exponential,772,68.0,68.0,6.5386,0,0.0,1.0,1.0
10000,1.3,0.7,0.5288312031603335,6.447238260383328,0.08202445478242512,0.06917073191287018,1.3,exponential,773,27.0,27.0,6.4497,0,0.0,1.0,1.0
10000,1.3,0.7,0.5288312031603335,6.447238260383328,0.08202445478242512,0.06917073191287018,1.3,exponential,774,16.0,16.0,6.0182,0,0.0,1.0,1.0
10000,1.3,0.7,0.5288312031603335,6.447238260383328,0.08202445478242512,0.06917073191287018,1.3,exponential,775,166.0,166.0,6.4217997,0,0.0,1.0,1.0
10000,1.3,0.7,0.5288312031603335,6.447238260383328,0.08202445478242512,0.06917073191287018,1.3,exponential,776,124.0,124.0,6.1166997,0,0.0,1.0,1.0
10000,1.3,0.7,0.5288312031603335,6.447238260383328,0.08202445478242512,0.06917073191287018,1.3,exponential,777,71.0,71.0,6.8546996,0,0.0,1.0,1.0
10000,1.3,0.7,0.5288312031603335,6.447238260383328,0.08202445478242512,0.06917073191287018,1.3,exponential,778,13.0,13.0,6.6731997,0,0.0,1.0,1.0
10000,1.3,0.7,0.5288312031603335,6.447238260383328,0.08202445478242512,0.06917073191287018,1.3,exponential,779,85.0,85.0,6.6754,0,0.0,1.0,1.0
10000,1.3,0.7,0.5288312031603335,6.447238260383328,0.08202445478242512,0.06917073191287018,1.3,exponential,780,74.0,74.0,6.2611,0,0.0,1.0,1.0
10000,1.3,0.7,0.5288312031603335,6.447238260383328,0.08202445478242512,0.06917073191287018,1.3,exponential,781,16.0,16.0,6.6063,0,0.0,1.0,1.0
10000,1.3,0.7,0.5288312031603335,6.447238260383328,0.08202445478242512,0.06917073191287018,1.3,exponential,782,234.0,234.0,6.6938996,0,0.0,1.0,1.0
10000,1.3,0.7,0.5288312031603335,6.447238260383328,0.08202445478242512,0.06917073191287018,1.3,exponential,783,40.0,40.0,6.6320996,0,0.0,1.0,1.0
10000,1.3,0.7,0.5288312031603335,6.447238260383328,0.08202445478242512,0.06917073191287018,1.3,exponential,784,191.0,191.0,6.2318,0,0.0,1.0,1.0
10000,1.3,0.7,0.5288312031603335,6.447238260383328,0.08202445478242512,0.06917073191287018,1.3,exponential,785,215.0,215.0,6.5343,0,0.0,1.0,1.0
10000,1.3,0.7,0.5288312031603335,6.447238260383328,0.08202445478242512,0.06917073191287018,1.3,exponential,786,18.0,18.0,6.3617,0,0.0,1.0,1.0
10000,1.3,0.7,0.5288312031603335,6.447238260383328,0.08202445478242512,0.06917073191287018,1.3,exponential,787,10.0,10.0,6.3764997,0,0.0,1.0,1.0
10000,1.3,0.7,0.5288312031603335,6.447238260383328,0.08202445478242512,0.06917073191287018,1.3,exponential,788,72.0,72.0,6.3136997,0,0.0,1.0,1.0
10000,1.3,0.7,0.5288312031603335,6.447238260383328,0.08202445478242512,0.06917073191287018,1.3,exponential,789,26.0,26.0,6.2318,0,0.0,1.0,1.0
10000,1.3,0.7,0.5288312031603335,6.447238260383328,0.08202445478242512,0.06917073191287018,1.3,exponential,790,163.0,163.0,6.1077,0,0.0,1.0,1.0
10000,1.3,0.7,0.5288312031603335,6.447238260383328,0.08202445478242512,0.06917073191287018,1.3,exponential,791,133.0,133.0,6.0938,0,0.0,1.0,1.0
10000,1.3,0.7,0.5288312031603335,6.447238260383328,0.08202445478242512,0.06917073191287018,1.3,exponential,792,63.0,63.0,6.2542996,0,0.0,1.0,1.0
10000,1.3,0.7,0.5288312031603335,6.447238260383328,0.08202445478242512,0.06917073191287018,1.3,exponential,793,66.0,66.0,6.4676,0,0.0,1.0,1.0
10000,1.3,0.7,0.5288312031603335,6.447238260383328,0.08202445478242512,0.06917073191287018,1.3,exponential,794,84.0,84.0,6.409,0,0.0,1.0,1.0
10000,1.3,0.7,0.5288312031603335,6.447238260383328,0.08202445478242512,0.06917073191287018,1.3,exponential,795,81.0,81.0,6.2911997,0,0.0,1.0,1.0
10000,1.3,0.7,0.5288312031603335,6.447238260383328,0.08202445478242512,0.06917073191287018,1.3,exponential,796,25.0,25.0,6.4135,0,0.0,1.0,1.0
10000,1.3,0.7,0.5288312031603335,6.447238260383328,0.08202445478242512,0.06917073191287018,1.3,exponential,797,58.0,58.0,6.4756,0,0.0,1.0,1.0
10000,1.3,0.7,0.5288312031603335,6.447238260383328,0.08202445478242512,0.06917073191287018,1.3,exponential,798,13.0,13.0,6.3796,0,0.0,1.0,1.0
10000,1.3,0.7,0.5288312031603335,6.447238260383328,0.08202445478242512,0.06917073191287018,1.3,exponential,799,244.0,244.0,6.4203997,0,0.0,1.0,1.0
10000,1.3,0.7,0.5288312031603335,6.447238260383328,0.08202445478242512,0.06917073191287018,1.3,exponential,800,86.0,86.0,6.3111,0,0.0,1.0,1.0
10000,1.3,0.7,0.5288312031603335,6.447238260383328,0.08202445478242512,0.06917073191287018,1.3,exponential,801,25.0,25.0,6.3090997,0,0.0,1.0,1.0
10000,1.3,0.7,0.5288312031603335,6.447238260383328,0.08202445478242512,0.06917073191287018,1.3,exponential,802,11.0,11.0,6.382,0,0.0,1.0,1.0
10000,1.3,0.7,0.5288312031603335,6.447238260383328,0.08202445478242512,0.06917073191287018,1.3,exponential,803,130.0,130.0,6.6394997,0,0.0,1.0,1.0
10000,1.3,0.7,0.5288312031603335,6.447238260383328,0.08202445478242512,0.06917073191287018,1.3,exponential,804,134.0,134.0,6.3251,0,0.0,1.0,1.0
10000,1.3,0.7,0.5288312031603335,6.447238260383328,0.08202445478242512,0.06917073191287018,1.3,exponential,805,43.0,43.0,6.3150997,0,0.0,1.0,1.0
10000,1.3,0.7,0.5288312031603335,6.447238260383328,0.08202445478242512,0.06917073191287018,1.3,exponential,806,33.0,33.0,6.6491,0,0.0,1.0,1.0
10000,1.3,0.7,0.5288312031603335,6.447238260383328,0.08202445478242512,0.06917073191287018,1.3,exponential,807,202.0,202.0,6.2704997,0,0.0,1.0,1.0
10000,1.3,0.7,0.5288312031603335,6.447238260383328,0.08202445478242512,0.06917073191287018,1.3,exponential,808,19.0,19.0,6.4462,0,0.0,1.0,1.0
10000,1.3,0.7,0.5288312031603335,6.447238260383328,0.08202445478242512,0.06917073191287018,1.3,exponential,809,15.0,15.0,6.4721,0,0.0,1.0,1.0
10000,1.3,0.7,0.5288312031603335,6.447238260383328,0.08202445478242512,0.06917073191287018,1.3,exponential,810,23.0,23.0,6.4532,0,0.0,1.0,1.0
10000,1.3,0.7,0.5288312031603335,6.447238260383328,0.08202445478242512,0.06917073191287018,1.3,exponential,811,34.0,34.0,6.6650996,0,0.0,1.0,1.0
10000,1.3,0.7,0.5288312031603335,6.447238260383328,0.08202445478242512,0.06917073191287018,1.3,exponential,812,67.0,67.0,6.1858997,0,0.0,1.0,1.0
10000,1.3,0.7,0.5288312031603335,6.447238260383328,0.08202445478242512,0.06917073191287018,1.3,exponential,813,59.0,59.0,6.4472,0,0.0,1.0,1.0
10000,1.3,0.7,0.5288312031603335,6.447238260383328,0.08202445478242512,0.06917073191287018,1.3,exponential,814,11.0,11.0,6.2566,0,0.0,1.0,1.0
10000,1.3,0.7,0.5288312031603335,6.447238260383328,0.08202445478242512,0.06917073191287018,1.3,exponential,815,10.0,10.0,6.4139,0,0.0,1.0,1.0
10000,1.3,0.7,0.5288312031603335,6.447238260383328,0.08202445478242512,0.06917073191287018,1.3,exponential,816,4.0,4.0,6.5232,0,0.0,1.0,1.0
10000,1.3,0.7,0.5288312031603335,6.447238260383328,0.08202445478242512,0.06917073191287018,1.3,exponential,817,22.0,22.0,6.3485,0,0.0,1.0,1.0
10000,1.3,0.7,0.5288312031603335,6.447238260383328,0.08202445478242512,0.06917073191287018,1.3,exponential,818,278.0,278.0,6.4389,0,0.0,1.0,1.0
10000,1.3,0.7,0.5288312031603335,6.447238260383328,0.08202445478242512,0.06917073191287018,1.3,exponential,819,216.0,216.0,6.4460998,0,0.0,1.0,1.0
10000,1.3,0.7,0.5288312031603335,6.447238260383328,0.08202445478242512,0.06917073191287018,1.3,exponential,820,112.0,112.0,6.1075997,0,0.0,1.0,1.0
10000,1.3,0.7,0.5288312031603335,6.447238260383328,0.08202445478242512,0.06917073191287018,1.3,exponential,821,75.0,75.0,6.3455997,0,0.0,1.0,1.0
10000,1.3,0.7,0.5288312031603335,6.447238260383328,0.08202445478242512,0.06917073191287018,1.3,exponential,822,24.0,24.0,6.3982997,0,0.0,1.0,1.0
10000,1.3,0.7,0.5288312031603335,6.447238260383328,0.08202445478242512,0.06917073191287018,1.3,exponential,823,268.0,268.0,6.3658,0,0.0,1.0,1.0
10000,1.3,0.7,0.5288312031603335,6.447238260383328,0.08202445478242512,0.06917073191287018,1.3,exponential,824,52.0,52.0,6.6631,0,0.0,1.0,1.0
10000,1.3,0.7,0.5288312031603335,6.447238260383328,0.08202445478242512,0.06917073191287018,1.3,exponential,825,34.0,34.0,6.4265,0,0.0,1.0,1.0
10000,1.3,0.7,0.5288312031603335,6.447238260383328,0.08202445478242512,0.06917073191287018,1.3,exponential,826,12.0,12.0,6.4487996,0,0.0,1.0,1.0
10000,1.3,0.7,0.5288312031603335,6.447238260383328,0.08202445478242512,0.06917073191287018,1.3,exponential,827,6.0,6.0,6.4505,0,0.0,1.0,1.0
10000,1.3,0.7,0.5288312031603335,6.447238260383328,0.08202445478242512,0.06917073191287018,1.3,exponential,828,68.0,68.0,6.4521,0,0.0,1.0,1.0
10000,1.3,0.7,0.5288312031603335,6.447238260383328,0.08202445478242512,0.06917073191287018,1.3,exponential,829,13.0,13.0,6.5895996,0,0.0,1.0,1.0
10000,1.3,0.7,0.5288312031603335,6.447238260383328,0.08202445478242512,0.06917073191287018,1.3,exponential,830,55.0,55.0,6.3441997,0,0.0,1.0,1.0
10000,1.3,0.7,0.5288312031603335,6.447238260383328,0.08202445478242512,0.06917073191287018,1.3,exponential,831,257.0,257.0,6.535,0,0.0,1.0,1.0
10000,1.3,0.7,0.5288312031603335,6.447238260383328,0.08202445478242512,0.06917073191287018,1.3,exponential,832,123.0,123.0,6.8452997,0,0.0,1.0,1.0
10000,1.3,0.7,0.5288312031603335,6.447238260383328,0.08202445478242512,0.06917073191287018,1.3,exponential,833,76.0,76.0,6.763,0,0.0,1.0,1.0
10000,1.3,0.7,0.5288312031603335,6.447238260383328,0.08202445478242512,0.06917073191287018,1.3,exponential,834,10.0,10.0,6.1688,0,0.0,1.0,1.0
10000,1.3,0.7,0.5288312031603335,6.447238260383328,0.08202445478242512,0.06917073191287018,1.3,exponential,835,73.0,73.0,6.2745,0,0.0,1.0,1.0
10000,1.3,0.7,0.5288312031603335,6.447238260383328,0.08202445478242512,0.06917073191287018,1.3,exponential,836,106.0,106.0,6.6347,0,0.0,1.0,1.0
10000,1.3,0.7,0.5288312031603335,6.447238260383328,0.08202445478242512,0.06917073191287018,1.3,exponential,837,13.0,13.0,6.3856997,0,0.0,1.0,1.0
10000,1.3,0.7,0.5288312031603335,6.447238260383328,0.08202445478242512,0.06917073191287018,1.3,exponential,838,74.0,74.0,6.0069,0,0.0,1.0,1.0
10000,1.3,0.7,0.5288312031603335,6.447238260383328,0.08202445478242512,0.06917073191287018,1.3,exponential,839,105.0,105.0,6.3808,0,0.0,1.0,1.0
10000,1.3,0.7,0.5288312031603335,6.447238260383328,0.08202445478242512,0.06917073191287018,1.3,exponential,840,46.0,46.0,6.4832997,0,0.0,1.0,1.0
10000,1.3,0.7,0.5288312031603335,6.447238260383328,0.08202445478242512,0.06917073191287018,1.3,exponential,841,181.0,181.0,6.1744,0,0.0,1.0,1.0
10000,1.3,0.7,0.5288312031603335,6.447238260383328,0.08202445478242512,0.06917073191287018,1.3,exponential,842,379.0,379.0,6.3219,0,0.0,1.0,1.0
10000,1.3,0.7,0.5288312031603335,6.447238260383328,0.08202445478242512,0.06917073191287018,1.3,exponential,843,11.0,11.0,6.4277997,0,0.0,1.0,1.0
10000,1.3,0.7,0.5288312031603335,6.447238260383328,0.08202445478242512,0.06917073191287018,1.3,exponential,844,36.0,36.0,6.2443,0,0.0,1.0,1.0
10000,1.3,0.7,0.5288312031603335,6.447238260383328,0.08202445478242512,0.06917073191287018,1.3,exponential,845,36.0,36.0,6.4017,0,0.0,1.0,1.0
10000,1.3,0.7,0.5288312031603335,6.447238260383328,0.08202445478242512,0.06917073191287018,1.3,exponential,846,22.0,22.0,6.5095997,0,0.0,1.0,1.0
10000,1.3,0.7,0.5288312031603335,6.447238260383328,0.08202445478242512,0.06917073191287018,1.3,exponential,847,306.0,306.0,6.4010997,0,0.0,1.0,1.0
10000,1.3,0.7,0.5288312031603335,6.447238260383328,0.08202445478242512,0.06917073191287018,1.3,exponential,848,45.0,45.0,6.2556,0,0.0,1.0,1.0
10000,1.3,0.7,0.5288312031603335,6.447238260383328,0.08202445478242512,0.06917073191287018,1.3,exponential,849,33.0,33.0,6.5067,0,0.0,1.0,1.0
10000,1.3,0.7,0.5288312031603335,6.447238260383328,0.08202445478242512,0.06917073191287018,1.3,exponential,850,21.0,21.0,6.345,0,0.0,1.0,1.0
10000,1.3,0.7,0.5288312031603335,6.447238260383328,0.08202445478242512,0.06917073191287018,1.3,exponential,851,191.0,191.0,6.502,0,0.0,1.0,1.0
10000,1.3,0.7,0.5288312031603335,6.447238260383328,0.08202445478242512,0.06917073191287018,1.3,exponential,852,198.0,198.0,6.2976,0,0.0,1.0,1.0
10000,1.3,0.7,0.5288312031603335,6.447238260383328,0.08202445478242512,0.06917073191287018,1.3,exponential,853,293.0,293.0,6.2799,0,0.0,1.0,1.0
10000,1.3,0.7,0.5288312031603335,6.447238260383328,0.08202445478242512,0.06917073191287018,1.3,exponential,854,12.0,12.0,6.3027997,0,0.0,1.0,1.0
10000,1.3,0.7,0.5288312031603335,6.447238260383328,0.08202445478242512,0.06917073191287018,1.3,exponential,855,138.0,138.0,6.5235,0,0.0,1.0,1.0
10000,1.3,0.7,0.5288312031603335,6.447238260383328,0.08202445478242512,0.06917073191287018,1.3,exponential,856,28.0,28.0,6.2692,0,0.0,1.0,1.0
10000,1.3,0.7,0.5288312031603335,6.447238260383328,0.08202445478242512,0.06917073191287018,1.3,exponential,857,90.0,90.0,6.3536,0,0.0,1.0,1.0
10000,1.3,0.7,0.5288312031603335,6.447238260383328,0.08202445478242512,0.06917073191287018,1.3,exponential,858,26.0,26.0,6.5167,0,0.0,1.0,1.0
10000,1.3,0.7,0.5288312031603335,6.447238260383328,0.08202445478242512,0.06917073191287018,1.3,exponential,859,16.0,16.0,6.3552,0,0.0,1.0,1.0
10000,1.3,0.7,0.5288312031603335,6.447238260383328,0.08202445478242512,0.06917073191287018,1.3,exponential,860,150.0,150.0,6.0278,0,0.0,1.0,1.0
10000,1.3,0.7,0.5288312031603335,6.447238260383328,0.08202445478242512,0.06917073191287018,1.3,exponential,861,23.0,23.0,6.1668,0,0.0,1.0,1.0
10000,1.3,0.7,0.5288312031603335,6.447238260383328,0.08202445478242512,0.06917073191287018,1.3,exponential,862,125.0,125.0,6.448,0,0.0,1.0,1.0
10000,1.3,0.7,0.5288312031603335,6.447238260383328,0.08202445478242512,0.06917073191287018,1.3,exponential,863,45.0,45.0,6.4544,0,0.0,1.0,1.0
10000,1.3,0.7,0.5288312031603335,6.447238260383328,0.08202445478242512,0.06917073191287018,1.3,exponential,864,315.0,315.0,6.7156997,0,0.0,1.0,1.0
10000,1.3,0.7,0.5288312031603335,6.447238260383328,0.08202445478242512,0.06917073191287018,1.3,exponential,865,17.0,17.0,6.3568997,0,0.0,1.0,1.0
10000,1.3,0.7,0.5288312031603335,6.447238260383328,0.08202445478242512,0.06917073191287018,1.3,exponential,866,67.0,67.0,6.4249,0,0.0,1.0,1.0
10000,1.3,0.7,0.5288312031603335,6.447238260383328,0.08202445478242512,0.06917073191287018,1.3,exponential,867,18.0,18.0,6.4023,0,0.0,1.0,1.0
10000,1.3,0.7,0.5288312031603335,6.447238260383328,0.08202445478242512,0.06917073191287018,1.3,exponential,868,85.0,85.0,6.4398,0,0.0,1.0,1.0
10000,1.3,0.7,0.5288312031603335,6.447238260383328,0.08202445478242512,0.06917073191287018,1.3,exponential,869,256.0,256.0,6.2214,0,0.0,1.0,1.0
10000,1.3,0.7,0.5288312031603335,6.447238260383328,0.08202445478242512,0.06917073191287018,1.3,exponential,870,7.0,7.0,6.5072,0,0.0,1.0,1.0
10000,1.3,0.7,0.5288312031603335,6.447238260383328,0.08202445478242512,0.06917073191287018,1.3,exponential,871,292.0,292.0,6.4585,0,0.0,1.0,1.0
10000,1.3,0.7,0.5288312031603335,6.447238260383328,0.08202445478242512,0.06917073191287018,1.3,exponential,872,28.0,28.0,6.4423,0,0.0,1.0,1.0
10000,1.3,0.7,0.5288312031603335,6.447238260383328,0.08202445478242512,0.06917073191287018,1.3,exponential,873,19.0,19.0,6.2496,0,0.0,1.0,1.0
10000,1.3,0.7,0.5288312031603335,6.447238260383328,0.08202445478242512,0.06917073191287018,1.3,exponential,874,47.0,47.0,6.3490996,0,0.0,1.0,1.0
10000,1.3,0.7,0.5288312031603335,6.447238260383328,0.08202445478242512,0.06917073191287018,1.3,exponential,875,63.0,63.0,6.3089,0,0.0,1.0,1.0
10000,1.3,0.7,0.5288312031603335,6.447238260383328,0.08202445478242512,0.06917073191287018,1.3,exponential,876,23.0,23.0,6.4702,0,0.0,1.0,1.0
10000,1.3,0.7,0.5288312031603335,6.447238260383328,0.08202445478242512,0.06917073191287018,1.3,exponential,877,37.0,37.0,5.9623,0,0.0,1.0,1.0
10000,1.3,0.7,0.5288312031603335,6.447238260383328,0.08202445478242512,0.06917073191287018,1.3,exponential,878,24.0,24.0,6.5555,0,0.0,1.0,1.0
10000,1.3,0.7,0.5288312031603335,6.447238260383328,0.08202445478242512,0.06917073191287018,1.3,exponential,879,87.0,87.0,6.2750998,0,0.0,1.0,1.0
10000,1.3,0.7,0.5288312031603335,6.447238260383328,0.08202445478242512,0.06917073191287018,1.3,exponential,880,125.0,125.0,6.5765,0,0.0,1.0,1.0
10000,1.3,0.7,0.5288312031603335,6.447238260383328,0.08202445478242512,0.06917073191287018,1.3,exponential,881,13.0,13.0,6.2882,0,0.0,1.0,1.0
10000,1.3,0.7,0.5288312031603335,6.447238260383328,0.08202445478242512,0.06917073191287018,1.3,exponential,882,10.0,10.0,6.4701,0,0.0,1.0,1.0
10000,1.3,0.7,0.5288312031603335,6.447238260383328,0.08202445478242512,0.06917073191287018,1.3,exponential,883,249.0,249.0,6.0667996,0,0.0,1.0,1.0
10000,1.3,0.7,0.5288312031603335,6.447238260383328,0.08202445478242512,0.06917073191287018,1.3,exponential,884,11.0,11.0,6.3973,0,0.0,1.0,1.0
10000,1.3,0.7,0.5288312031603335,6.447238260383328,0.08202445478242512,0.06917073191287018,1.3,exponential,885,48.0,48.0,6.0993,0,0.0,1.0,1.0
10000,1.3,0.7,0.5288312031603335,6.447238260383328,0.08202445478242512,0.06917073191287018,1.3,exponential,886,8.0,8.0,6.3076997,0,0.0,1.0,1.0
10000,1.3,0.7,0.5288312031603335,6.447238260383328,0.08202445478242512,0.06917073191287018,1.3,exponential,887,27.0,27.0,6.1931996,0,0.0,1.0,1.0
10000,1.3,0.7,0.5288312031603335,6.447238260383328,0.08202445478242512,0.06917073191287018,1.3,exponential,888,18.0,18.0,6.3841996,0,0.0,1.0,1.0
10000,1.3,0.7,0.5288312031603335,6.447238260383328,0.08202445478242512,0.06917073191287018,1.3,exponential,889,28.0,28.0,6.3392,0,0.0,1.0,1.0
10000,1.3,0.7,0.5288312031603335,6.447238260383328,0.08202445478242512,0.06917073191287018,1.3,exponential,890,21.0,21.0,6.3876,0,0.0,1.0,1.0
10000,1.3,0.7,0.5288312031603335,6.447238260383328,0.08202445478242512,0.06917073191287018,1.3,exponential,891,68.0,68.0,6.6516,0,0.0,1.0,1.0
10000,1.3,0.7,0.5288312031603335,6.447238260383328,0.08202445478242512,0.06917073191287018,1.3,exponential,892,31.0,31.0,6.5076,0,0.0,1.0,1.0
10000,1.3,0.7,0.5288312031603335,6.447238260383328,0.08202445478242512,0.06917073191287018,1.3,exponential,893,23.0,23.0,6.4433,0,0.0,1.0,1.0
10000,1.3,0.7,0.5288312031603335,6.447238260383328,0.08202445478242512,0.06917073191287018,1.3,exponential,894,48.0,48.0,6.0056996,0,0.0,1.0,1.0
10000,1.3,0.7,0.5288312031603335,6.447238260383328,0.08202445478242512,0.06917073191287018,1.3,exponential,895,216.0,216.0,6.3195,0,0.0,1.0,1.0
10000,1.3,0.7,0.5288312031603335,6.447238260383328,0.08202445478242512,0.06917073191287018,1.3,exponential,896,16.0,16.0,6.3265,0,0.0,1.0,1.0
10000,1.3,0.7,0.5288312031603335,6.447238260383328,0.08202445478242512,0.06917073191287018,1.3,exponential,897,73.0,73.0,6.1190996,0,0.0,1.0,1.0
10000,1.3,0.7,0.5288312031603335,6.447238260383328,0.08202445478242512,0.06917073191287018,1.3,exponential,898,46.0,46.0,6.2725997,0,0.0,1.0,1.0
10000,1.3,0.7,0.5288312031603335,6.447238260383328,0.08202445478242512,0.06917073191287018,1.3,exponential,899,21.0,21.0,6.4832,0,0.0,1.0,1.0
10000,1.3,0.7,0.5288312031603335,6.447238260383328,0.08202445478242512,0.06917073191287018,1.3,exponential,900,76.0,76.0,6.5318,0,0.0,1.0,1.0
10000,1.3,0.7,0.5288312031603335,6.447238260383328,0.08202445478242512,0.06917073191287018,1.3,exponential,901,82.0,82.0,6.2033,0,0.0,1.0,1.0
10000,1.3,0.7,0.5288312031603335,6.447238260383328,0.08202445478242512,0.06917073191287018,1.3,exponential,902,23.0,23.0,6.4976997,0,0.0,1.0,1.0
10000,1.3,0.7,0.5288312031603335,6.447238260383328,0.08202445478242512,0.06917073191287018,1.3,exponential,903,111.0,111.0,6.1179,0,0.0,1.0,1.0
10000,1.3,0.7,0.5288312031603335,6.447238260383328,0.08202445478242512,0.06917073191287018,1.3,exponential,904,26.0,26.0,6.2283998,0,0.0,1.0,1.0
10000,1.3,0.7,0.5288312031603335,6.447238260383328,0.08202445478242512,0.06917073191287018,1.3,exponential,905,129.0,129.0,6.4424996,0,0.0,1.0,1.0
10000,1.3,0.7,0.5288312031603335,6.447238260383328,0.08202445478242512,0.06917073191287018,1.3,exponential,906,150.0,150.0,6.1134,0,0.0,1.0,1.0
10000,1.3,0.7,0.5288312031603335,6.447238260383328,0.08202445478242512,0.06917073191287018,1.3,exponential,907,12.0,12.0,6.3752,0,0.0,1.0,1.0
10000,1.3,0.7,0.5288312031603335,6.447238260383328,0.08202445478242512,0.06917073191287018,1.3,exponential,908,15.0,15.0,6.7823997,0,0.0,1.0,1.0
10000,1.3,0.7,0.5288312031603335,6.447238260383328,0.08202445478242512,0.06917073191287018,1.3,exponential,909,72.0,72.0,6.1572,0,0.0,1.0,1.0
10000,1.3,0.7,0.5288312031603335,6.447238260383328,0.08202445478242512,0.06917073191287018,1.3,exponential,910,90.0,90.0,6.3841996,0,0.0,1.0,1.0
10000,1.3,0.7,0.5288312031603335,6.447238260383328,0.08202445478242512,0.06917073191287018,1.3,exponential,911,50.0,50.0,6.4579,0,0.0,1.0,1.0
10000,1.3,0.7,0.5288312031603335,6.447238260383328,0.08202445478242512,0.06917073191287018,1.3,exponential,912,252.0,252.0,6.1428,0,0.0,1.0,1.0
10000,1.3,0.7,0.5288312031603335,6.447238260383328,0.08202445478242512,0.06917073191287018,1.3,exponential,913,268.0,268.0,6.5000997,0,0.0,1.0,1.0
10000,1.3,0.7,0.5288312031603335,6.447238260383328,0.08202445478242512,0.06917073191287018,1.3,exponential,914,194.0,194.0,6.6127996,0,0.0,1.0,1.0
10000,1.3,0.7,0.5288312031603335,6.447238260383328,0.08202445478242512,0.06917073191287018,1.3,exponential,915,63.0,63.0,6.1584,0,0.0,1.0,1.0
10000,1.3,0.7,0.5288312031603335,6.447238260383328,0.08202445478242512,0.06917073191287018,1.3,exponential,916,113.0,113.0,6.3051,0,0.0,1.0,1.0
10000,1.3,0.7,0.5288312031603335,6.447238260383328,0.08202445478242512,0.06917073191287018,1.3,exponential,917,139.0,139.0,6.8142,0,0.0,1.0,1.0
10000,1.3,0.7,0.5288312031603335,6.447238260383328,0.08202445478242512,0.06917073191287018,1.3,exponential,918,125.0,125.0,6.5382,0,0.0,1.0,1.0
10000,1.3,0.7,0.5288312031603335,6.447238260383328,0.08202445478242512,0.06917073191287018,1.3,exponential,919,113.0,113.0,5.8289,0,0.0,1.0,1.0
10000,1.3,0.7,0.5288312031603335,6.447238260383328,0.08202445478242512,0.06917073191287018,1.3,exponential,920,238.0,238.0,6.5151997,0,0.0,1.0,1.0
10000,1.3,0.7,0.5288312031603335,6.447238260383328,0.08202445478242512,0.06917073191287018,1.3,exponential,921,11.0,11.0,6.3612,0,0.0,1.0,1.0
10000,1.3,0.7,0.5288312031603335,6.447238260383328,0.08202445478242512,0.06917073191287018,1.3,exponential,922,56.0,56.0,6.3619,0,0.0,1.0,1.0
10000,1.3,0.7,0.5288312031603335,6.447238260383328,0.08202445478242512,0.06917073191287018,1.3,exponential,923,133.0,133.0,6.3262,0,0.0,1.0,1.0
10000,1.3,0.7,0.5288312031603335,6.447238260383328,0.08202445478242512,0.06917073191287018,1.3,exponential,924,59.0,59.0,6.3441997,0,0.0,1.0,1.0
10000,1.3,0.7,0.5288312031603335,6.447238260383328,0.08202445478242512,0.06917073191287018,1.3,exponential,925,15.0,15.0,6.2151,0,0.0,1.0,1.0
10000,1.3,0.7,0.5288312031603335,6.447238260383328,0.08202445478242512,0.06917073191287018,1.3,exponential,926,134.0,134.0,6.2994,0,0.0,1.0,1.0
10000,1.3,0.7,0.5288312031603335,6.447238260383328,0.08202445478242512,0.06917073191287018,1.3,exponential,927,218.0,218.0,6.3483,0,0.0,1.0,1.0
10000,1.3,0.7,0.5288312031603335,6.447238260383328,0.08202445478242512,0.06917073191287018,1.3,exponential,928,19.0,19.0,6.6945996,0,0.0,1.0,1.0
10000,1.3,0.7,0.5288312031603335,6.447238260383328,0.08202445478242512,0.06917073191287018,1.3,exponential,929,22.0,22.0,6.3731,0,0.0,1.0,1.0
10000,1.3,0.7,0.5288312031603335,6.447238260383328,0.08202445478242512,0.06917073191287018,1.3,exponential,930,37.0,37.0,6.6507998,0,0.0,1.0,1.0
10000,1.3,0.7,0.5288312031603335,6.447238260383328,0.08202445478242512,0.06917073191287018,1.3,exponential,931,112.0,112.0,6.1419,0,0.0,1.0,1.0
10000,1.3,0.7,0.5288312031603335,6.447238260383328,0.08202445478242512,0.06917073191287018,1.3,exponential,932,12.0,12.0,6.4723,0,0.0,1.0,1.0
10000,1.3,0.7,0.5288312031603335,6.447238260383328,0.08202445478242512,0.06917073191287018,1.3,exponential,933,86.0,86.0,6.4501996,0,0.0,1.0,1.0
10000,1.3,0.7,0.5288312031603335,6.447238260383328,0.08202445478242512,0.06917073191287018,1.3,exponential,934,119.0,119.0,6.3961997,0,0.0,1.0,1.0
10000,1.3,0.7,0.5288312031603335,6.447238260383328,0.08202445478242512,0.06917073191287018,1.3,exponential,935,83.0,83.0,6.657,0,0.0,1.0,1.0
10000,1.3,0.7,0.5288312031603335,6.447238260383328,0.08202445478242512,0.06917073191287018,1.3,exponential,936,33.0,33.0,6.4484,0,0.0,1.0,1.0
10000,1.3,0.7,0.5288312031603335,6.447238260383328,0.08202445478242512,0.06917073191287018,1.3,exponential,937,40.0,40.0,6.9103,0,0.0,1.0,1.0
10000,1.3,0.7,0.5288312031603335,6.447238260383328,0.08202445478242512,0.06917073191287018,1.3,exponential,938,180.0,180.0,6.3384,0,0.0,1.0,1.0
10000,1.3,0.7,0.5288312031603335,6.447238260383328,0.08202445478242512,0.06917073191287018,1.3,exponential,939,36.0,36.0,6.3575,0,0.0,1.0,1.0
10000,1.3,0.7,0.5288312031603335,6.447238260383328,0.08202445478242512,0.06917073191287018,1.3,exponential,940,151.0,151.0,6.4810996,0,0.0,1.0,1.0
10000,1.3,0.7,0.5288312031603335,6.447238260383328,0.08202445478242512,0.06917073191287018,1.3,exponential,941,146.0,146.0,6.3336997,0,0.0,1.0,1.0
10000,1.3,0.7,0.5288312031603335,6.447238260383328,0.08202445478242512,0.06917073191287018,1.3,exponential,942,42.0,42.0,6.2606997,0,0.0,1.0,1.0
10000,1.3,0.7,0.5288312031603335,6.447238260383328,0.08202445478242512,0.06917073191287018,1.3,exponential,943,38.0,38.0,6.5471997,0,0.0,1.0,1.0
10000,1.3,0.7,0.5288312031603335,6.447238260383328,0.08202445478242512,0.06917073191287018,1.3,exponential,944,43.0,43.0,5.9276,0,0.0,1.0,1.0
10000,1.3,0.7,0.5288312031603335,6.447238260383328,0.08202445478242512,0.06917073191287018,1.3,exponential,945,51.0,51.0,6.5628,0,0.0,1.0,1.0
10000,1.3,0.7,0.5288312031603335,6.447238260383328,0.08202445478242512,0.06917073191287018,1.3,exponential,946,133.0,133.0,6.462,0,0.0,1.0,1.0
10000,1.3,0.7,0.5288312031603335,6.447238260383328,0.08202445478242512,0.06917073191287018,1.3,exponential,947,9.0,9.0,6.3345,0,0.0,1.0,1.0
10000,1.3,0.7,0.5288312031603335,6.447238260383328,0.08202445478242512,0.06917073191287018,1.3,exponential,948,7.0,7.0,6.5126,0,0.0,1.0,1.0
10000,1.3,0.7,0.5288312031603335,6.447238260383328,0.08202445478242512,0.06917073191287018,1.3,exponential,949,25.0,25.0,6.4495997,0,0.0,1.0,1.0
10000,1.3,0.7,0.5288312031603335,6.447238260383328,0.08202445478242512,0.06917073191287018,1.3,exponential,950,181.0,181.0,6.5934997,0,0.0,1.0,1.0
10000,1.3,0.7,0.5288312031603335,6.447238260383328,0.08202445478242512,0.06917073191287018,1.3,exponential,951,128.0,128.0,6.4185996,0,0.0,1.0,1.0
10000,1.3,0.7,0.5288312031603335,6.447238260383328,0.08202445478242512,0.06917073191287018,1.3,exponential,952,154.0,154.0,6.4368,0,0.0,1.0,1.0
10000,1.3,0.7,0.5288312031603335,6.447238260383328,0.08202445478242512,0.06917073191287018,1.3,exponential,953,164.0,164.0,6.3124,0,0.0,1.0,1.0
10000,1.3,0.7,0.5288312031603335,6.447238260383328,0.08202445478242512,0.06917073191287018,1.3,exponential,954,9.0,9.0,6.4244,0,0.0,1.0,1.0
10000,1.3,0.7,0.5288312031603335,6.447238260383328,0.08202445478242512,0.06917073191287018,1.3,exponential,955,41.0,41.0,6.1752996,0,0.0,1.0,1.0
10000,1.3,0.7,0.5288312031603335,6.447238260383328,0.08202445478242512,0.06917073191287018,1.3,exponential,956,10.0,10.0,6.2458,0,0.0,1.0,1.0
10000,1.3,0.7,0.5288312031603335,6.447238260383328,0.08202445478242512,0.06917073191287018,1.3,exponential,957,44.0,44.0,6.4082,0,0.0,1.0,1.0
10000,1.3,0.7,0.5288312031603335,6.447238260383328,0.08202445478242512,0.06917073191287018,1.3,exponential,958,203.0,203.0,6.2367997,0,0.0,1.0,1.0
10000,1.3,0.7,0.5288312031603335,6.447238260383328,0.08202445478242512,0.06917073191287018,1.3,exponential,959,211.0,211.0,6.6122,0,0.0,1.0,1.0
10000,1.3,0.7,0.5288312031603335,6.447238260383328,0.08202445478242512,0.06917073191287018,1.3,exponential,960,14.0,14.0,6.2358,0,0.0,1.0,1.0
10000,1.3,0.7,0.5288312031603335,6.447238260383328,0.08202445478242512,0.06917073191287018,1.3,exponential,961,64.0,64.0,6.3012,0,0.0,1.0,1.0
10000,1.3,0.7,0.5288312031603335,6.447238260383328,0.08202445478242512,0.06917073191287018,1.3,exponential,962,107.0,107.0,6.7799997,0,0.0,1.0,1.0
10000,1.3,0.7,0.5288312031603335,6.447238260383328,0.08202445478242512,0.06917073191287018,1.3,exponential,963,134.0,134.0,6.1440997,0,0.0,1.0,1.0
10000,1.3,0.7,0.5288312031603335,6.447238260383328,0.08202445478242512,0.06917073191287018,1.3,exponential,964,20.0,20.0,6.3342,0,0.0,1.0,1.0
10000,1.3,0.7,0.5288312031603335,6.447238260383328,0.08202445478242512,0.06917073191287018,1.3,exponential,965,71.0,71.0,6.3030996,0,0.0,1.0,1.0
10000,1.3,0.7,0.5288312031603335,6.447238260383328,0.08202445478242512,0.06917073191287018,1.3,exponential,966,145.0,145.0,6.4283,0,0.0,1.0,1.0
10000,1.3,0.7,0.5288312031603335,6.447238260383328,0.08202445478242512,0.06917073191287018,1.3,exponential,967,3.0,3.0,6.5193996,0,0.0,1.0,1.0
10000,1.3,0.7,0.5288312031603335,6.447238260383328,0.08202445478242512,0.06917073191287018,1.3,exponential,968,16.0,16.0,6.6066,0,0.0,1.0,1.0
10000,1.3,0.7,0.5288312031603335,6.447238260383328,0.08202445478242512,0.06917073191287018,1.3,exponential,969,75.0,75.0,6.7532,0,0.0,1.0,1.0
10000,1.3,0.7,0.5288312031603335,6.447238260383328,0.08202445478242512,0.06917073191287018,1.3,exponential,970,21.0,21.0,6.3420997,0,0.0,1.0,1.0
10000,1.3,0.7,0.5288312031603335,6.447238260383328,0.08202445478242512,0.06917073191287018,1.3,exponential,971,28.0,28.0,6.2763,0,0.0,1.0,1.0
10000,1.3,0.7,0.5288312031603335,6.447238260383328,0.08202445478242512,0.06917073191287018,1.3,exponential,972,13.0,13.0,6.3353996,0,0.0,1.0,1.0
10000,1.3,0.7,0.5288312031603335,6.447238260383328,0.08202445478242512,0.06917073191287018,1.3,exponential,973,246.0,246.0,7.0606,0,0.0,1.0,1.0
10000,1.3,0.7,0.5288312031603335,6.447238260383328,0.08202445478242512,0.06917073191287018,1.3,exponential,974,55.0,55.0,6.6239996,0,0.0,1.0,1.0
10000,1.3,0.7,0.5288312031603335,6.447238260383328,0.08202445478242512,0.06917073191287018,1.3,exponential,975,52.0,52.0,6.1671996,0,0.0,1.0,1.0
10000,1.3,0.7,0.5288312031603335,6.447238260383328,0.08202445478242512,0.06917073191287018,1.3,exponential,976,62.0,62.0,6.4653997,0,0.0,1.0,1.0
10000,1.3,0.7,0.5288312031603335,6.447238260383328,0.08202445478242512,0.06917073191287018,1.3,exponential,977,15.0,15.0,6.1322,0,0.0,1.0,1.0
10000,1.3,0.7,0.5288312031603335,6.447238260383328,0.08202445478242512,0.06917073191287018,1.3,exponential,978,37.0,37.0,6.5003,0,0.0,1.0,1.0
10000,1.3,0.7,0.5288312031603335,6.447238260383328,0.08202445478242512,0.06917073191287018,1.3,exponential,979,75.0,75.0,6.1106997,0,0.0,1.0,1.0
10000,1.3,0.7,0.5288312031603335,6.447238260383328,0.08202445478242512,0.06917073191287018,1.3,exponential,980,10.0,10.0,6.4326997,0,0.0,1.0,1.0
10000,1.3,0.7,0.5288312031603335,6.447238260383328,0.08202445478242512,0.06917073191287018,1.3,exponential,981,100.0,100.0,6.7776,0,0.0,1.0,1.0
10000,1.3,0.7,0.5288312031603335,6.447238260383328,0.08202445478242512,0.06917073191287018,1.3,exponential,982,50.0,50.0,6.4824,0,0.0,1.0,1.0
10000,1.3,0.7,0.5288312031603335,6.447238260383328,0.08202445478242512,0.06917073191287018,1.3,exponential,983,19.0,19.0,6.1864,0,0.0,1.0,1.0
10000,1.3,0.7,0.5288312031603335,6.447238260383328,0.08202445478242512,0.06917073191287018,1.3,exponential,984,58.0,58.0,6.1008997,0,0.0,1.0,1.0
10000,1.3,0.7,0.5288312031603335,6.447238260383328,0.08202445478242512,0.06917073191287018,1.3,exponential,985,136.0,136.0,6.0657,0,0.0,1.0,1.0
10000,1.3,0.7,0.5288312031603335,6.447238260383328,0.08202445478242512,0.06917073191287018,1.3,exponential,986,264.0,264.0,6.7806997,0,0.0,1.0,1.0
10000,1.3,0.7,0.5288312031603335,6.447238260383328,0.08202445478242512,0.06917073191287018,1.3,exponential,987,38.0,38.0,6.7009997,0,0.0,1.0,1.0
10000,1.3,0.7,0.5288312031603335,6.447238260383328,0.08202445478242512,0.06917073191287018,1.3,exponential,988,15.0,15.0,6.2318,0,0.0,1.0,1.0
10000,1.3,0.7,0.5288312031603335,6.447238260383328,0.08202445478242512,0.06917073191287018,1.3,exponential,989,14.0,14.0,6.3455997,0,0.0,1.0,1.0
10000,1.3,0.7,0.5288312031603335,6.447238260383328,0.08202445478242512,0.06917073191287018,1.3,exponential,990,57.0,57.0,6.468,0,0.0,1.0,1.0
10000,1.3,0.7,0.5288312031603335,6.447238260383328,0.08202445478242512,0.06917073191287018,1.3,exponential,991,119.0,119.0,6.5787,0,0.0,1.0,1.0
10000,1.3,0.7,0.5288312031603335,6.447238260383328,0.08202445478242512,0.06917073191287018,1.3,exponential,992,7.0,7.0,6.4034996,0,0.0,1.0,1.0
10000,1.3,0.7,0.5288312031603335,6.447238260383328,0.08202445478242512,0.06917073191287018,1.3,exponential,993,15.0,15.0,6.5211,0,0.0,1.0,1.0
10000,1.3,0.7,0.5288312031603335,6.447238260383328,0.08202445478242512,0.06917073191287018,1.3,exponential,994,21.0,21.0,6.5116,0,0.0,1.0,1.0
10000,1.3,0.7,0.5288312031603335,6.447238260383328,0.08202445478242512,0.06917073191287018,1.3,exponential,995,70.0,70.0,6.5161,0,0.0,1.0,1.0
10000,1.3,0.7,0.5288312031603335,6.447238260383328,0.08202445478242512,0.06917073191287018,1.3,exponential,996,7.0,7.0,6.3757,0,0.0,1.0,1.0
10000,1.3,0.7,0.5288312031603335,6.447238260383328,0.08202445478242512,0.06917073191287018,1.3,exponential,997,95.0,95.0,6.0551996,0,0.0,1.0,1.0
10000,1.3,0.7,0.5288312031603335,6.447238260383328,0.08202445478242512,0.06917073191287018,1.3,exponential,998,80.0,80.0,6.2057,0,0.0,1.0,1.0
10000,1.3,0.7,0.5288312031603335,6.447238260383328,0.08202445478242512,0.06917073191287018,1.3,exponential,999,10.0,10.0,6.2465997,0,0.0,1.0,1.0
