N,psi,delta,lambda,theta,alpha,effective_beta,psi_check,selection_mode,path_index,t_0,first_loss_time,kappa_1_at_t0,X0_count_at_stop,X_0_at_stop,leading_zero_count_at_t0,first_nonzero_class_at_t0
10000,0.7,0.5,0.032236191301916656,4.605170185988092,0.007000000000000003,0.3729140689055746,0.7,exponential,0,1046.0,1046.0,5.4003997,0,0.0,1.0,1.0
10000,0.7,0.5,0.032236191301916656,4.605170185988092,0.007000000000000003,0.3729140689055746,0.7,exponential,1,609.0,609.0,4.3396997,0,0.0,1.0,1.0
10000,0.7,0.5,0.032236191301916656,4.605170185988092,0.007000000000000003,0.3729140689055746,0.7,exponential,2,97.0,97.0,4.5976,0,0.0,1.0,1.0
10000,0.7,0.5,0.032236191301916656,4.605170185988092,0.007000000000000003,0.3729140689055746,0.7,exponential,3,156.0,156.0,4.83,0,0.0,1.0,1.0
10000,0.7,0.5,0.032236191301916656,4.605170185988092,0.007000000000000003,0.3729140689055746,0.7,exponential,4,231.0,231.0,4.5204,0,0.0,1.0,1.0
10000,0.7,0.5,0.032236191301916656,4.605170185988092,0.007000000000000003,0.3729140689055746,0.7,exponential,5,826.0,826.0,4.3318,0,0.0,1.0,1.0
10000,0.7,0.5,0.032236191301916656,4.605170185988092,0.007000000000000003,0.3729140689055746,0.7,exponential,6,102.0,102.0,4.7446,0,0.0,1.0,1.0
10000,0.7,0.5,0.032236191301916656,4.605170185988092,0.007000000000000003,0.3729140689055746,0.7,exponential,7,518.0,518.0,4.7170997,0,0.0,1.0,1.0
10000,0.7,0.5,0.032236191301916656,4.605170185988092,0.007000000000000003,0.3729140689055746,0.7,exponential,8,1653.0,1653.0,4.4228997,0,0.0,1.0,1.0
10000,0.7,0.5,0.032236191301916656,4.605170185988092,0.007000000000000003,0.3729140689055746,0.7,exponential,9,566.0,566.0,4.7065,0,0.0,1.0,1.0
10000,0.7,0.5,0.032236191301916656,4.605170185988092,0.007000000000000003,0.3729140689055746,0.7,exponential,10,882.0,882.0,4.5606,0,0.0,1.0,1.0
10000,0.7,0.5,0.032236191301916656,4.605170185988092,0.007000000000000003,0.3729140689055746,0.7,exponential,11,136.0,136.0,4.6538,0,0.0,1.0,1.0
10000,0.7,0.5,0.032236191301916656,4.605170185988092,0.007000000000000003,0.3729140689055746,0.7,exponential,12,113.0,113.0,4.6064997,0,0.0,1.0,1.0
10000,0.7,0.5,0.032236191301916656,4.605170185988092,0.007000000000000003,0.3729140689055746,0.7,exponential,13,327.0,327.0,4.6138,0,0.0,1.0,1.0
10000,0.7,0.5,0.032236191301916656,4.605170185988092,0.007000000000000003,0.3729140689055746,0.7,exponential,14,2087.0,2087.0,4.9762,0,0.0,1.0,1.0
10000,0.7,0.5,0.032236191301916656,4.605170185988092,0.007000000000000003,0.3729140689055746,0.7,exponential,15,67.0,67.0,4.6633,0,0.0,1.0,1.0
10000,0.7,0.5,0.032236191301916656,4.605170185988092,0.007000000000000003,0.3729140689055746,0.7,exponential,16,297.0,297.0,5.1842,0,0.0,1.0,1.0
10000,0.7,0.5,0.032236191301916656,4.605170185988092,0.007000000000000003,0.3729140689055746,0.7,exponential,17,266.0,266.0,4.2398,0,0.0,1.0,1.0
10000,0.7,0.5,0.032236191301916656,4.605170185988092,0.007000000000000003,0.3729140689055746,0.7,exponential,18,321.0,321.0,4.6699,0,0.0,1.0,1.0
10000,0.7,0.5,0.032236191301916656,4.605170185988092,0.007000000000000003,0.3729140689055746,0.7,exponential,19,83.0,83.0,4.6809,0,0.0,1.0,1.0
10000,0.7,0.5,0.032236191301916656,4.605170185988092,0.007000000000000003,0.3729140689055746,0.7,exponential,20,109.0,109.0,4.992,0,0.0,1.0,1.0
10000,0.7,0.5,0.032236191301916656,4.605170185988092,0.007000000000000003,0.3729140689055746,0.7,exponential,21,76.0,76.0,4.4934,0,0.0,1.0,1.0
10000,0.7,0.5,0.032236191301916656,4.605170185988092,0.007000000000000003,0.3729140689055746,0.7,exponential,22,224.0,224.0,4.77,0,0.0,1.0,1.0
10000,0.7,0.5,0.032236191301916656,4.605170185988092,0.007000000000000003,0.3729140689055746,0.7,exponential,23,203.0,203.0,4.6043997,0,0.0,1.0,1.0
10000,0.7,0.5,0.032236191301916656,4.605170185988092,0.007000000000000003,0.3729140689055746,0.7,exponential,24,235.0,235.0,5.2137,0,0.0,1.0,1.0
10000,0.7,0.5,0.032236191301916656,4.605170185988092,0.007000000000000003,0.3729140689055746,0.7,exponential,25,248.0,248.0,4.8454,0,0.0,1.0,1.0
10000,0.7,0.5,0.032236191301916656,4.605170185988092,0.007000000000000003,0.3729140689055746,0.7,exponential,26,107.0,107.0,4.7562,0,0.0,1.0,1.0
10000,0.7,0.5,0.032236191301916656,4.605170185988092,0.007000000000000003,0.3729140689055746,0.7,exponential,27,188.0,188.0,4.9400997,0,0.0,1.0,1.0
10000,0.7,0.5,0.032236191301916656,4.605170185988092,0.007000000000000003,0.3729140689055746,0.7,exponential,28,1084.0,1084.0,4.9796,0,0.0,1.0,1.0
10000,0.7,0.5,0.032236191301916656,4.605170185988092,0.007000000000000003,0.3729140689055746,0.7,exponential,29,979.0,979.0,5.177,0,0.0,1.0,1.0
10000,0.7,0.5,0.032236191301916656,4.605170185988092,0.007000000000000003,0.3729140689055746,0.7,exponential,30,132.0,132.0,4.9217997,0,0.0,1.0,1.0
10000,0.7,0.5,0.032236191301916656,4.605170185988092,0.007000000000000003,0.3729140689055746,0.7,exponential,31,218.0,218.0,4.8672,0,0.0,1.0,1.0
10000,0.7,0.5,0.032236191301916656,4.605170185988092,0.007000000000000003,0.3729140689055746,0.7,exponential,32,445.0,445.0,4.8666997,0,0.0,1.0,1.0
10000,0.7,0.5,0.032236191301916656,4.605170185988092,0.007000000000000003,0.3729140689055746,0.7,exponential,33,994.0,994.0,4.8441997,0,0.0,1.0,1.0
10000,0.7,0.5,0.032236191301916656,4.605170185988092,0.007000000000000003,0.3729140689055746,0.7,exponential,34,951.0,951.0,4.4267,0,0.0,1.0,1.0
10000,0.7,0.5,0.032236191301916656,4.605170185988092,0.007000000000000003,0.3729140689055746,0.7,exponential,35,39.0,39.0,4.6226,0,0.0,1.0,1.0
10000,0.7,0.5,0.032236191301916656,4.605170185988092,0.007000000000000003,0.3729140689055746,0.7,exponential,36,163.0,163.0,4.7448,0,0.0,1.0,1.0
10000,0.7,0.5,0.032236191301916656,4.605170185988092,0.007000000000000003,0.3729140689055746,0.7,exponential,37,192.0,192.0,4.8526,0,0.0,1.0,1.0
10000,0.7,0.5,0.032236191301916656,4.605170185988092,0.007000000000000003,0.3729140689055746,0.7,exponential,38,171.0,171.0,4.4975,0,0.0,1.0,1.0
10000,0.7,0.5,0.032236191301916656,4.605170185988092,0.007000000000000003,0.3729140689055746,0.7,exponential,39,758.0,758.0,4.3104,0,0.0,1.0,1.0
10000,0.7,0.5,0.032236191301916656,4.605170185988092,0.007000000000000003,0.3729140689055746,0.7,exponential,40,556.0,556.0,4.5769997,0,0.0,1.0,1.0
10000,0.7,0.5,0.032236191301916656,4.605170185988092,0.007000000000000003,0.3729140689055746,0.7,exponential,41,755.0,755.0,4.812,0,0.0,1.0,1.0
10000,0.7,0.5,0.032236191301916656,4.605170185988092,0.007000000000000003,0.3729140689055746,0.7,exponential,42,796.0,796.0,4.5411997,0,0.0,1.0,1.0
10000,0.7,0.5,0.032236191301916656,4.605170185988092,0.007000000000000003,0.3729140689055746,0.7,exponential,43,128.0,128.0,4.9021997,0,0.0,1.0,1.0
10000,0.7,0.5,0.032236191301916656,4.605170185988092,0.007000000000000003,0.3729140689055746,0.7,exponential,44,506.0,506.0,4.5218,0,0.0,1.0,1.0
10000,0.7,0.5,0.032236191301916656,4.605170185988092,0.007000000000000003,0.3729140689055746,0.7,exponential,45,209.0,209.0,4.3624997,0,0.0,1.0,1.0
10000,0.7,0.5,0.032236191301916656,4.605170185988092,0.007000000000000003,0.3729140689055746,0.7,exponential,46,137.0,137.0,4.9491,0,0.0,1.0,1.0
10000,0.7,0.5,0.032236191301916656,4.605170185988092,0.007000000000000003,0.3729140689055746,0.7,exponential,47,382.0,382.0,4.7591,0,0.0,1.0,1.0
10000,0.7,0.5,0.032236191301916656,4.605170185988092,0.007000000000000003,0.3729140689055746,0.7,exponential,48,120.0,120.0,4.8835998,0,0.0,1.0,1.0
10000,0.7,0.5,0.032236191301916656,4.605170185988092,0.007000000000000003,0.3729140689055746,0.7,exponential,49,110.0,110.0,5.1705,0,0.0,1.0,1.0
10000,0.7,0.5,0.032236191301916656,4.605170185988092,0.007000000000000003,0.3729140689055746,0.7,exponential,50,150.0,150.0,4.4776998,0,0.0,1.0,1.0
10000,0.7,0.5,0.032236191301916656,4.605170185988092,0.007000000000000003,0.3729140689055746,0.7,exponential,51,110.0,110.0,4.9406,0,0.0,1.0,1.0
10000,0.7,0.5,0.032236191301916656,4.605170185988092,0.007000000000000003,0.3729140689055746,0.7,exponential,52,102.0,102.0,4.5705,0,0.0,1.0,1.0
10000,0.7,0.5,0.032236191301916656,4.605170185988092,0.007000000000000003,0.3729140689055746,0.7,exponential,53,1011.0,1011.0,4.6625,0,0.0,1.0,1.0
10000,0.7,0.5,0.032236191301916656,4.605170185988092,0.007000000000000003,0.3729140689055746,0.7,exponential,54,202.0,202.0,5.2599,0,0.0,1.0,1.0
10000,0.7,0.5,0.032236191301916656,4.605170185988092,0.007000000000000003,0.3729140689055746,0.7,exponential,55,163.0,163.0,4.5432997,0,0.0,1.0,1.0
10000,0.7,0.5,0.032236191301916656,4.605170185988092,0.007000000000000003,0.3729140689055746,0.7,exponential,56,463.0,463.0,4.4874,0,0.0,1.0,1.0
10000,0.7,0.5,0.032236191301916656,4.605170185988092,0.007000000000000003,0.3729140689055746,0.7,exponential,57,114.0,114.0,4.6672,0,0.0,1.0,1.0
10000,0.7,0.5,0.032236191301916656,4.605170185988092,0.007000000000000003,0.3729140689055746,0.7,exponential,58,1945.0,1945.0,4.4326,0,0.0,1.0,1.0
10000,0.7,0.5,0.032236191301916656,4.605170185988092,0.007000000000000003,0.3729140689055746,0.7,exponential,59,579.0,579.0,4.7931,0,0.0,1.0,1.0
10000,0.7,0.5,0.032236191301916656,4.605170185988092,0.007000000000000003,0.3729140689055746,0.7,exponential,60,541.0,541.0,4.8373,0,0.0,1.0,1.0
10000,0.7,0.5,0.032236191301916656,4.605170185988092,0.007000000000000003,0.3729140689055746,0.7,exponential,61,555.0,555.0,5.231,0,0.0,1.0,1.0
10000,0.7,0.5,0.032236191301916656,4.605170185988092,0.007000000000000003,0.3729140689055746,0.7,exponential,62,144.0,144.0,4.5183,0,0.0,1.0,1.0
10000,0.7,0.5,0.032236191301916656,4.605170185988092,0.007000000000000003,0.3729140689055746,0.7,exponential,63,357.0,357.0,4.6966,0,0.0,1.0,1.0
10000,0.7,0.5,0.032236191301916656,4.605170185988092,0.007000000000000003,0.3729140689055746,0.7,exponential,64,130.0,130.0,4.9014997,0,0.0,1.0,1.0
10000,0.7,0.5,0.032236191301916656,4.605170185988092,0.007000000000000003,0.3729140689055746,0.7,exponential,65,183.0,183.0,4.2785,0,0.0,1.0,1.0
10000,0.7,0.5,0.032236191301916656,4.605170185988092,0.007000000000000003,0.3729140689055746,0.7,exponential,66,453.0,453.0,4.5499997,0,0.0,1.0,1.0
10000,0.7,0.5,0.032236191301916656,4.605170185988092,0.007000000000000003,0.3729140689055746,0.7,exponential,67,752.0,752.0,4.526,0,0.0,1.0,1.0
10000,0.7,0.5,0.032236191301916656,4.605170185988092,0.007000000000000003,0.3729140689055746,0.7,exponential,68,203.0,203.0,4.6747,0,0.0,1.0,1.0
10000,0.7,0.5,0.032236191301916656,4.605170185988092,0.007000000000000003,0.3729140689055746,0.7,exponential,69,71.0,71.0,4.7271,0,0.0,1.0,1.0
10000,0.7,0.5,0.032236191301916656,4.605170185988092,0.007000000000000003,0.3729140689055746,0.7,exponential,70,293.0,293.0,4.5601997,0,0.0,1.0,1.0
10000,0.7,0.5,0.032236191301916656,4.605170185988092,0.007000000000000003,0.3729140689055746,0.7,exponential,71,270.0,270.0,4.9912,0,0.0,1.0,1.0
10000,0.7,0.5,0.032236191301916656,4.605170185988092,0.007000000000000003,0.3729140689055746,0.7,exponential,72,276.0,276.0,4.9343,0,0.0,1.0,1.0
10000,0.7,0.5,0.032236191301916656,4.605170185988092,0.007000000000000003,0.3729140689055746,0.7,exponential,73,866.0,866.0,4.1538,0,0.0,1.0,1.0
10000,0.7,0.5,0.032236191301916656,4.605170185988092,0.007000000000000003,0.3729140689055746,0.7,exponential,74,127.0,127.0,4.6524,0,0.0,1.0,1.0
10000,0.7,0.5,0.032236191301916656,4.605170185988092,0.007000000000000003,0.3729140689055746,0.7,exponential,75,602.0,602.0,4.2025,0,0.0,1.0,1.0
10000,0.7,0.5,0.032236191301916656,4.605170185988092,0.007000000000000003,0.3729140689055746,0.7,exponential,76,149.0,149.0,4.9056997,0,0.0,1.0,1.0
10000,0.7,0.5,0.032236191301916656,4.605170185988092,0.007000000000000003,0.3729140689055746,0.7,exponential,77,147.0,147.0,4.7913,0,0.0,1.0,1.0
10000,0.7,0.5,0.032236191301916656,4.605170185988092,0.007000000000000003,0.3729140689055746,0.7,exponential,78,768.0,768.0,4.9814997,0,0.0,1.0,1.0
10000,0.7,0.5,0.032236191301916656,4.605170185988092,0.007000000000000003,0.3729140689055746,0.7,exponential,79,937.0,937.0,4.7991,0,0.0,1.0,1.0
10000,0.7,0.5,0.032236191301916656,4.605170185988092,0.007000000000000003,0.3729140689055746,0.7,exponential,80,269.0,269.0,4.6433997,0,0.0,1.0,1.0
10000,0.7,0.5,0.032236191301916656,4.605170185988092,0.007000000000000003,0.3729140689055746,0.7,exponential,81,225.0,225.0,4.3870997,0,0.0,1.0,1.0
10000,0.7,0.5,0.032236191301916656,4.605170185988092,0.007000000000000003,0.3729140689055746,0.7,exponential,82,246.0,246.0,5.0249,0,0.0,1.0,1.0
10000,0.7,0.5,0.032236191301916656,4.605170185988092,0.007000000000000003,0.3729140689055746,0.7,exponential,83,541.0,541.0,4.3533,0,0.0,1.0,1.0
10000,0.7,0.5,0.032236191301916656,4.605170185988092,0.007000000000000003,0.3729140689055746,0.7,exponential,84,221.0,221.0,4.7414,0,0.0,1.0,1.0
10000,0.7,0.5,0.032236191301916656,4.605170185988092,0.007000000000000003,0.3729140689055746,0.7,exponential,85,123.0,123.0,4.4238997,0,0.0,1.0,1.0
10000,0.7,0.5,0.032236191301916656,4.605170185988092,0.007000000000000003,0.3729140689055746,0.7,exponential,86,415.0,415.0,5.0978,0,0.0,1.0,1.0
10000,0.7,0.5,0.032236191301916656,4.605170185988092,0.007000000000000003,0.3729140689055746,0.7,exponential,87,461.0,461.0,4.7553997,0,0.0,1.0,1.0
10000,0.7,0.5,0.032236191301916656,4.605170185988092,0.007000000000000003,0.3729140689055746,0.7,exponential,88,367.0,367.0,5.6177998,0,0.0,1.0,1.0
10000,0.7,0.5,0.032236191301916656,4.605170185988092,0.007000000000000003,0.3729140689055746,0.7,exponential,89,197.0,197.0,4.9839997,0,0.0,1.0,1.0
10000,0.7,0.5,0.032236191301916656,4.605170185988092,0.007000000000000003,0.3729140689055746,0.7,exponential,90,1338.0,1338.0,4.447,0,0.0,1.0,1.0
10000,0.7,0.5,0.032236191301916656,4.605170185988092,0.007000000000000003,0.3729140689055746,0.7,exponential,91,107.0,107.0,4.8557997,0,0.0,1.0,1.0
10000,0.7,0.5,0.032236191301916656,4.605170185988092,0.007000000000000003,0.3729140689055746,0.7,exponential,92,74.0,74.0,4.8097997,0,0.0,1.0,1.0
10000,0.7,0.5,0.032236191301916656,4.605170185988092,0.007000000000000003,0.3729140689055746,0.7,exponential,93,1029.0,1029.0,4.7176,0,0.0,1.0,1.0
10000,0.7,0.5,0.032236191301916656,4.605170185988092,0.007000000000000003,0.3729140689055746,0.7,exponential,94,259.0,259.0,4.8656,0,0.0,1.0,1.0
10000,0.7,0.5,0.032236191301916656,4.605170185988092,0.007000000000000003,0.3729140689055746,0.7,exponential,95,1757.0,1757.0,4.8643,0,0.0,1.0,1.0
10000,0.7,0.5,0.032236191301916656,4.605170185988092,0.007000000000000003,0.3729140689055746,0.7,exponential,96,1107.0,1107.0,4.4255,0,0.0,1.0,1.0
10000,0.7,0.5,0.032236191301916656,4.605170185988092,0.007000000000000003,0.3729140689055746,0.7,exponential,97,554.0,554.0,4.7474,0,0.0,1.0,1.0
10000,0.7,0.5,0.032236191301916656,4.605170185988092,0.007000000000000003,0.3729140689055746,0.7,exponential,98,74.0,74.0,4.9874997,0,0.0,1.0,1.0
10000,0.7,0.5,0.032236191301916656,4.605170185988092,0.007000000000000003,0.3729140689055746,0.7,exponential,99,850.0,850.0,4.3153,0,0.0,1.0,1.0
10000,0.7,0.5,0.032236191301916656,4.605170185988092,0.007000000000000003,0.3729140689055746,0.7,exponential,100,491.0,491.0,4.461,0,0.0,1.0,1.0
10000,0.7,0.5,0.032236191301916656,4.605170185988092,0.007000000000000003,0.3729140689055746,0.7,exponential,101,616.0,616.0,5.2943997,0,0.0,1.0,1.0
10000,0.7,0.5,0.032236191301916656,4.605170185988092,0.007000000000000003,0.3729140689055746,0.7,exponential,102,78.0,78.0,4.8371,0,0.0,1.0,1.0
10000,0.7,0.5,0.032236191301916656,4.605170185988092,0.007000000000000003,0.3729140689055746,0.7,exponential,103,234.0,234.0,4.8568997,0,0.0,1.0,1.0
10000,0.7,0.5,0.032236191301916656,4.605170185988092,0.007000000000000003,0.3729140689055746,0.7,exponential,104,397.0,397.0,4.5803,0,0.0,1.0,1.0
10000,0.7,0.5,0.032236191301916656,4.605170185988092,0.007000000000000003,0.3729140689055746,0.7,exponential,105,53.0,53.0,4.9439,0,0.0,1.0,1.0
10000,0.7,0.5,0.032236191301916656,4.605170185988092,0.007000000000000003,0.3729140689055746,0.7,exponential,106,216.0,216.0,4.5302997,0,0.0,1.0,1.0
10000,0.7,0.5,0.032236191301916656,4.605170185988092,0.007000000000000003,0.3729140689055746,0.7,exponential,107,306.0,306.0,4.4361997,0,0.0,1.0,1.0
10000,0.7,0.5,0.032236191301916656,4.605170185988092,0.007000000000000003,0.3729140689055746,0.7,exponential,108,65.0,65.0,4.5780997,0,0.0,1.0,1.0
10000,0.7,0.5,0.032236191301916656,4.605170185988092,0.007000000000000003,0.3729140689055746,0.7,exponential,109,1652.0,1652.0,5.0442,0,0.0,1.0,1.0
10000,0.7,0.5,0.032236191301916656,4.605170185988092,0.007000000000000003,0.3729140689055746,0.7,exponential,110,189.0,189.0,4.4365997,0,0.0,1.0,1.0
10000,0.7,0.5,0.032236191301916656,4.605170185988092,0.007000000000000003,0.3729140689055746,0.7,exponential,111,60.0,60.0,4.9238,0,0.0,1.0,1.0
10000,0.7,0.5,0.032236191301916656,4.605170185988092,0.007000000000000003,0.3729140689055746,0.7,exponential,112,307.0,307.0,5.2908998,0,0.0,1.0,1.0
10000,0.7,0.5,0.032236191301916656,4.605170185988092,0.007000000000000003,0.3729140689055746,0.7,exponential,113,237.0,237.0,4.7755,0,0.0,1.0,1.0
10000,0.7,0.5,0.032236191301916656,4.605170185988092,0.007000000000000003,0.3729140689055746,0.7,exponential,114,114.0,114.0,5.0685997,0,0.0,1.0,1.0
10000,0.7,0.5,0.032236191301916656,4.605170185988092,0.007000000000000003,0.3729140689055746,0.7,exponential,115,179.0,179.0,4.6488,0,0.0,1.0,1.0
10000,0.7,0.5,0.032236191301916656,4.605170185988092,0.007000000000000003,0.3729140689055746,0.7,exponential,116,111.0,111.0,4.7297997,0,0.0,1.0,1.0
10000,0.7,0.5,0.032236191301916656,4.605170185988092,0.007000000000000003,0.3729140689055746,0.7,exponential,117,243.0,243.0,4.6176,0,0.0,1.0,1.0
10000,0.7,0.5,0.032236191301916656,4.605170185988092,0.007000000000000003,0.3729140689055746,0.7,exponential,118,271.0,271.0,4.9669,0,0.0,1.0,1.0
10000,0.7,0.5,0.032236191301916656,4.605170185988092,0.007000000000000003,0.3729140689055746,0.7,exponential,119,222.0,222.0,4.606,0,0.0,1.0,1.0
10000,0.7,0.5,0.032236191301916656,4.605170185988092,0.007000000000000003,0.3729140689055746,0.7,exponential,120,76.0,76.0,4.7904997,0,0.0,1.0,1.0
10000,0.7,0.5,0.032236191301916656,4.605170185988092,0.007000000000000003,0.3729140689055746,0.7,exponential,121,264.0,264.0,4.8191,0,0.0,1.0,1.0
10000,0.7,0.5,0.032236191301916656,4.605170185988092,0.007000000000000003,0.3729140689055746,0.7,exponential,122,576.0,576.0,5.3441997,0,0.0,1.0,1.0
10000,0.7,0.5,0.032236191301916656,4.605170185988092,0.007000000000000003,0.3729140689055746,0.7,exponential,123,1627.0,1627.0,4.5327997,0,0.0,1.0,1.0
10000,0.7,0.5,0.032236191301916656,4.605170185988092,0.007000000000000003,0.3729140689055746,0.7,exponential,124,190.0,190.0,4.9249997,0,0.0,1.0,1.0
10000,0.7,0.5,0.032236191301916656,4.605170185988092,0.007000000000000003,0.3729140689055746,0.7,exponential,125,328.0,328.0,4.6791,0,0.0,1.0,1.0
10000,0.7,0.5,0.032236191301916656,4.605170185988092,0.007000000000000003,0.3729140689055746,0.7,exponential,126,95.0,95.0,4.6054,0,0.0,1.0,1.0
10000,0.7,0.5,0.032236191301916656,4.605170185988092,0.007000000000000003,0.3729140689055746,0.7,exponential,127,62.0,62.0,4.8718,0,0.0,1.0,1.0
10000,0.7,0.5,0.032236191301916656,4.605170185988092,0.007000000000000003,0.3729140689055746,0.7,exponential,128,243.0,243.0,4.8754997,0,0.0,1.0,1.0
10000,0.7,0.5,0.032236191301916656,4.605170185988092,0.007000000000000003,0.3729140689055746,0.7,exponential,129,77.0,77.0,4.9839997,0,0.0,1.0,1.0
10000,0.7,0.5,0.032236191301916656,4.605170185988092,0.007000000000000003,0.3729140689055746,0.7,exponential,130,114.0,114.0,4.7959,0,0.0,1.0,1.0
10000,0.7,0.5,0.032236191301916656,4.605170185988092,0.007000000000000003,0.3729140689055746,0.7,exponential,131,229.0,229.0,4.7394,0,0.0,1.0,1.0
10000,0.7,0.5,0.032236191301916656,4.605170185988092,0.007000000000000003,0.3729140689055746,0.7,exponential,132,326.0,326.0,4.8636,0,0.0,1.0,1.0
10000,0.7,0.5,0.032236191301916656,4.605170185988092,0.007000000000000003,0.3729140689055746,0.7,exponential,133,112.0,112.0,5.0520997,0,0.0,1.0,1.0
10000,0.7,0.5,0.032236191301916656,4.605170185988092,0.007000000000000003,0.3729140689055746,0.7,exponential,134,570.0,570.0,4.6391,0,0.0,1.0,1.0
10000,0.7,0.5,0.032236191301916656,4.605170185988092,0.007000000000000003,0.3729140689055746,0.7,exponential,135,512.0,512.0,4.8104,0,0.0,1.0,1.0
10000,0.7,0.5,0.032236191301916656,4.605170185988092,0.007000000000000003,0.3729140689055746,0.7,exponential,136,366.0,366.0,4.3122,0,0.0,1.0,1.0
10000,0.7,0.5,0.032236191301916656,4.605170185988092,0.007000000000000003,0.3729140689055746,0.7,exponential,137,574.0,574.0,4.7439,0,0.0,1.0,1.0
10000,0.7,0.5,0.032236191301916656,4.605170185988092,0.007000000000000003,0.3729140689055746,0.7,exponential,138,253.0,253.0,4.4778,0,0.0,1.0,1.0
10000,0.7,0.5,0.032236191301916656,4.605170185988092,0.007000000000000003,0.3729140689055746,0.7,exponential,139,68.0,68.0,4.5488,0,0.0,1.0,1.0
10000,0.7,0.5,0.032236191301916656,4.605170185988092,0.007000000000000003,0.3729140689055746,0.7,exponential,140,402.0,402.0,4.0611,0,0.0,1.0,1.0
10000,0.7,0.5,0.032236191301916656,4.605170185988092,0.007000000000000003,0.3729140689055746,0.7,exponential,141,206.0,206.0,4.6308,0,0.0,1.0,1.0
10000,0.7,0.5,0.032236191301916656,4.605170185988092,0.007000000000000003,0.3729140689055746,0.7,exponential,142,564.0,564.0,5.0105,0,0.0,1.0,1.0
10000,0.7,0.5,0.032236191301916656,4.605170185988092,0.007000000000000003,0.3729140689055746,0.7,exponential,143,745.0,745.0,4.5945997,0,0.0,1.0,1.0
10000,0.7,0.5,0.032236191301916656,4.605170185988092,0.007000000000000003,0.3729140689055746,0.7,exponential,144,554.0,554.0,4.3778,0,0.0,1.0,1.0
10000,0.7,0.5,0.032236191301916656,4.605170185988092,0.007000000000000003,0.3729140689055746,0.7,exponential,145,167.0,167.0,4.5378,0,0.0,1.0,1.0
10000,0.7,0.5,0.032236191301916656,4.605170185988092,0.007000000000000003,0.3729140689055746,0.7,exponential,146,1473.0,1473.0,4.1795,0,0.0,1.0,1.0
10000,0.7,0.5,0.032236191301916656,4.605170185988092,0.007000000000000003,0.3729140689055746,0.7,exponential,147,248.0,248.0,4.6951,0,0.0,1.0,1.0
10000,0.7,0.5,0.032236191301916656,4.605170185988092,0.007000000000000003,0.3729140689055746,0.7,exponential,148,1035.0,1035.0,5.0720997,0,0.0,1.0,1.0
10000,0.7,0.5,0.032236191301916656,4.605170185988092,0.007000000000000003,0.3729140689055746,0.7,exponential,149,2076.0,2076.0,5.0555997,0,0.0,1.0,1.0
10000,0.7,0.5,0.032236191301916656,4.605170185988092,0.007000000000000003,0.3729140689055746,0.7,exponential,150,426.0,426.0,4.7802997,0,0.0,1.0,1.0
10000,0.7,0.5,0.032236191301916656,4.605170185988092,0.007000000000000003,0.3729140689055746,0.7,exponential,151,370.0,370.0,4.8433,0,0.0,1.0,1.0
10000,0.7,0.5,0.032236191301916656,4.605170185988092,0.007000000000000003,0.3729140689055746,0.7,exponential,152,67.0,67.0,4.851,0,0.0,1.0,1.0
10000,0.7,0.5,0.032236191301916656,4.605170185988092,0.007000000000000003,0.3729140689055746,0.7,exponential,153,787.0,787.0,4.2851,0,0.0,1.0,1.0
10000,0.7,0.5,0.032236191301916656,4.605170185988092,0.007000000000000003,0.3729140689055746,0.7,exponential,154,491.0,491.0,5.013,0,0.0,1.0,1.0
10000,0.7,0.5,0.032236191301916656,4.605170185988092,0.007000000000000003,0.3729140689055746,0.7,exponential,155,3916.0,3916.0,5.1314,0,0.0,1.0,1.0
10000,0.7,0.5,0.032236191301916656,4.605170185988092,0.007000000000000003,0.3729140689055746,0.7,exponential,156,495.0,495.0,4.6625,0,0.0,1.0,1.0
10000,0.7,0.5,0.032236191301916656,4.605170185988092,0.007000000000000003,0.3729140689055746,0.7,exponential,157,1457.0,1457.0,4.5593,0,0.0,1.0,1.0
10000,0.7,0.5,0.032236191301916656,4.605170185988092,0.007000000000000003,0.3729140689055746,0.7,exponential,158,407.0,407.0,4.4858,0,0.0,1.0,1.0
10000,0.7,0.5,0.032236191301916656,4.605170185988092,0.007000000000000003,0.3729140689055746,0.7,exponential,159,1520.0,1520.0,4.3775997,0,0.0,1.0,1.0
10000,0.7,0.5,0.032236191301916656,4.605170185988092,0.007000000000000003,0.3729140689055746,0.7,exponential,160,158.0,158.0,4.6584997,0,0.0,1.0,1.0
10000,0.7,0.5,0.032236191301916656,4.605170185988092,0.007000000000000003,0.3729140689055746,0.7,exponential,161,221.0,221.0,4.5785,0,0.0,1.0,1.0
10000,0.7,0.5,0.032236191301916656,4.605170185988092,0.007000000000000003,0.3729140689055746,0.7,exponential,162,364.0,364.0,4.6642,0,0.0,1.0,1.0
10000,0.7,0.5,0.032236191301916656,4.605170185988092,0.007000000000000003,0.3729140689055746,0.7,exponential,163,588.0,588.0,4.9694,0,0.0,1.0,1.0
10000,0.7,0.5,0.032236191301916656,4.605170185988092,0.007000000000000003,0.3729140689055746,0.7,exponential,164,761.0,761.0,4.8205,0,0.0,1.0,1.0
10000,0.7,0.5,0.032236191301916656,4.605170185988092,0.007000000000000003,0.3729140689055746,0.7,exponential,165,69.0,69.0,4.7433,0,0.0,1.0,1.0
10000,0.7,0.5,0.032236191301916656,4.605170185988092,0.007000000000000003,0.3729140689055746,0.7,exponential,166,558.0,558.0,4.344,0,0.0,1.0,1.0
10000,0.7,0.5,0.032236191301916656,4.605170185988092,0.007000000000000003,0.3729140689055746,0.7,exponential,167,1029.0,1029.0,4.8517,0,0.0,1.0,1.0
10000,0.7,0.5,0.032236191301916656,4.605170185988092,0.007000000000000003,0.3729140689055746,0.7,exponential,168,502.0,502.0,4.8669,0,0.0,1.0,1.0
10000,0.7,0.5,0.032236191301916656,4.605170185988092,0.007000000000000003,0.3729140689055746,0.7,exponential,169,1292.0,1292.0,4.6038,0,0.0,1.0,1.0
10000,0.7,0.5,0.032236191301916656,4.605170185988092,0.007000000000000003,0.3729140689055746,0.7,exponential,170,1229.0,1229.0,4.4556,0,0.0,1.0,1.0
10000,0.7,0.5,0.032236191301916656,4.605170185988092,0.007000000000000003,0.3729140689055746,0.7,exponential,171,405.0,405.0,4.6777,0,0.0,1.0,1.0
10000,0.7,0.5,0.032236191301916656,4.605170185988092,0.007000000000000003,0.3729140689055746,0.7,exponential,172,237.0,237.0,4.4391,0,0.0,1.0,1.0
10000,0.7,0.5,0.032236191301916656,4.605170185988092,0.007000000000000003,0.3729140689055746,0.7,exponential,173,353.0,353.0,4.8176,0,0.0,1.0,1.0
10000,0.7,0.5,0.032236191301916656,4.605170185988092,0.007000000000000003,0.3729140689055746,0.7,exponential,174,116.0,116.0,4.3726997,0,0.0,1.0,1.0
10000,0.7,0.5,0.032236191301916656,4.605170185988092,0.007000000000000003,0.3729140689055746,0.7,exponential,175,688.0,688.0,4.6907,0,0.0,1.0,1.0
10000,0.7,0.5,0.032236191301916656,4.605170185988092,0.007000000000000003,0.3729140689055746,0.7,exponential,176,613.0,613.0,4.4607997,0,0.0,1.0,1.0
10000,0.7,0.5,0.032236191301916656,4.605170185988092,0.007000000000000003,0.3729140689055746,0.7,exponential,177,122.0,122.0,4.6324997,0,0.0,1.0,1.0
10000,0.7,0.5,0.032236191301916656,4.605170185988092,0.007000000000000003,0.3729140689055746,0.7,exponential,178,82.0,82.0,4.68,0,0.0,1.0,1.0
10000,0.7,0.5,0.032236191301916656,4.605170185988092,0.007000000000000003,0.3729140689055746,0.7,exponential,179,207.0,207.0,4.466,0,0.0,1.0,1.0
10000,0.7,0.5,0.032236191301916656,4.605170185988092,0.007000000000000003,0.3729140689055746,0.7,exponential,180,269.0,269.0,4.4976997,0,0.0,1.0,1.0
10000,0.7,0.5,0.032236191301916656,4.605170185988092,0.007000000000000003,0.3729140689055746,0.7,exponential,181,122.0,122.0,4.9923997,0,0.0,1.0,1.0
10000,0.7,0.5,0.032236191301916656,4.605170185988092,0.007000000000000003,0.3729140689055746,0.7,exponential,182,281.0,281.0,5.0621,0,0.0,1.0,1.0
10000,0.7,0.5,0.032236191301916656,4.605170185988092,0.007000000000000003,0.3729140689055746,0.7,exponential,183,2055.0,2055.0,4.9625,0,0.0,1.0,1.0
10000,0.7,0.5,0.032236191301916656,4.605170185988092,0.007000000000000003,0.3729140689055746,0.7,exponential,184,541.0,541.0,4.2553,0,0.0,1.0,1.0
10000,0.7,0.5,0.032236191301916656,4.605170185988092,0.007000000000000003,0.3729140689055746,0.7,exponential,185,781.0,781.0,4.954,0,0.0,1.0,1.0
10000,0.7,0.5,0.032236191301916656,4.605170185988092,0.007000000000000003,0.3729140689055746,0.7,exponential,186,159.0,159.0,4.9143,0,0.0,1.0,1.0
10000,0.7,0.5,0.032236191301916656,4.605170185988092,0.007000000000000003,0.3729140689055746,0.7,exponential,187,319.0,319.0,4.5562,0,0.0,1.0,1.0
10000,0.7,0.5,0.032236191301916656,4.605170185988092,0.007000000000000003,0.3729140689055746,0.7,exponential,188,114.0,114.0,4.4447,0,0.0,1.0,1.0
10000,0.7,0.5,0.032236191301916656,4.605170185988092,0.007000000000000003,0.3729140689055746,0.7,exponential,189,600.0,600.0,4.9393,0,0.0,1.0,1.0
10000,0.7,0.5,0.032236191301916656,4.605170185988092,0.007000000000000003,0.3729140689055746,0.7,exponential,190,211.0,211.0,4.4163,0,0.0,1.0,1.0
10000,0.7,0.5,0.032236191301916656,4.605170185988092,0.007000000000000003,0.3729140689055746,0.7,exponential,191,123.0,123.0,4.9209,0,0.0,1.0,1.0
10000,0.7,0.5,0.032236191301916656,4.605170185988092,0.007000000000000003,0.3729140689055746,0.7,exponential,192,786.0,786.0,4.2571,0,0.0,1.0,1.0
10000,0.7,0.5,0.032236191301916656,4.605170185988092,0.007000000000000003,0.3729140689055746,0.7,exponential,193,188.0,188.0,4.6816,0,0.0,1.0,1.0
10000,0.7,0.5,0.032236191301916656,4.605170185988092,0.007000000000000003,0.3729140689055746,0.7,exponential,194,127.0,127.0,4.8907,0,0.0,1.0,1.0
10000,0.7,0.5,0.032236191301916656,4.605170185988092,0.007000000000000003,0.3729140689055746,0.7,exponential,195,239.0,239.0,4.5018,0,0.0,1.0,1.0
10000,0.7,0.5,0.032236191301916656,4.605170185988092,0.007000000000000003,0.3729140689055746,0.7,exponential,196,843.0,843.0,4.7746997,0,0.0,1.0,1.0
10000,0.7,0.5,0.032236191301916656,4.605170185988092,0.007000000000000003,0.3729140689055746,0.7,exponential,197,199.0,199.0,5.2662,0,0.0,1.0,1.0
10000,0.7,0.5,0.032236191301916656,4.605170185988092,0.007000000000000003,0.3729140689055746,0.7,exponential,198,698.0,698.0,4.5367,0,0.0,1.0,1.0
10000,0.7,0.5,0.032236191301916656,4.605170185988092,0.007000000000000003,0.3729140689055746,0.7,exponential,199,305.0,305.0,4.8171,0,0.0,1.0,1.0
10000,0.7,0.5,0.032236191301916656,4.605170185988092,0.007000000000000003,0.3729140689055746,0.7,exponential,200,401.0,401.0,4.6945,0,0.0,1.0,1.0
10000,0.7,0.5,0.032236191301916656,4.605170185988092,0.007000000000000003,0.3729140689055746,0.7,exponential,201,470.0,470.0,4.8324,0,0.0,1.0,1.0
10000,0.7,0.5,0.032236191301916656,4.605170185988092,0.007000000000000003,0.3729140689055746,0.7,exponential,202,1508.0,1508.0,4.8375998,0,0.0,1.0,1.0
10000,0.7,0.5,0.032236191301916656,4.605170185988092,0.007000000000000003,0.3729140689055746,0.7,exponential,203,558.0,558.0,4.4694,0,0.0,1.0,1.0
10000,0.7,0.5,0.032236191301916656,4.605170185988092,0.007000000000000003,0.3729140689055746,0.7,exponential,204,598.0,598.0,4.165,0,0.0,1.0,1.0
10000,0.7,0.5,0.032236191301916656,4.605170185988092,0.007000000000000003,0.3729140689055746,0.7,exponential,205,79.0,79.0,4.7159,0,0.0,1.0,1.0
10000,0.7,0.5,0.032236191301916656,4.605170185988092,0.007000000000000003,0.3729140689055746,0.7,exponential,206,183.0,183.0,4.7067,0,0.0,1.0,1.0
10000,0.7,0.5,0.032236191301916656,4.605170185988092,0.007000000000000003,0.3729140689055746,0.7,exponential,207,234.0,234.0,4.6036997,0,0.0,1.0,1.0
10000,0.7,0.5,0.032236191301916656,4.605170185988092,0.007000000000000003,0.3729140689055746,0.7,exponential,208,285.0,285.0,4.486,0,0.0,1.0,1.0
10000,0.7,0.5,0.032236191301916656,4.605170185988092,0.007000000000000003,0.3729140689055746,0.7,exponential,209,103.0,103.0,4.935,0,0.0,1.0,1.0
10000,0.7,0.5,0.032236191301916656,4.605170185988092,0.007000000000000003,0.3729140689055746,0.7,exponential,210,214.0,214.0,4.7876,0,0.0,1.0,1.0
10000,0.7,0.5,0.032236191301916656,4.605170185988092,0.007000000000000003,0.3729140689055746,0.7,exponential,211,121.0,121.0,4.5352,0,0.0,1.0,1.0
10000,0.7,0.5,0.032236191301916656,4.605170185988092,0.007000000000000003,0.3729140689055746,0.7,exponential,212,95.0,95.0,4.5734,0,0.0,1.0,1.0
10000,0.7,0.5,0.032236191301916656,4.605170185988092,0.007000000000000003,0.3729140689055746,0.7,exponential,213,2012.0,2012.0,4.956,0,0.0,1.0,1.0
10000,0.7,0.5,0.032236191301916656,4.605170185988092,0.007000000000000003,0.3729140689055746,0.7,exponential,214,89.0,89.0,4.5655,0,0.0,1.0,1.0
10000,0.7,0.5,0.032236191301916656,4.605170185988092,0.007000000000000003,0.3729140689055746,0.7,exponential,215,417.0,417.0,4.8275,0,0.0,1.0,1.0
10000,0.7,0.5,0.032236191301916656,4.605170185988092,0.007000000000000003,0.3729140689055746,0.7,exponential,216,604.0,604.0,4.7001,0,0.0,1.0,1.0
10000,0.7,0.5,0.032236191301916656,4.605170185988092,0.007000000000000003,0.3729140689055746,0.7,exponential,217,574.0,574.0,5.2167,0,0.0,1.0,1.0
10000,0.7,0.5,0.032236191301916656,4.605170185988092,0.007000000000000003,0.3729140689055746,0.7,exponential,218,617.0,617.0,4.8269,0,0.0,1.0,1.0
10000,0.7,0.5,0.032236191301916656,4.605170185988092,0.007000000000000003,0.3729140689055746,0.7,exponential,219,163.0,163.0,4.8294,0,0.0,1.0,1.0
10000,0.7,0.5,0.032236191301916656,4.605170185988092,0.007000000000000003,0.3729140689055746,0.7,exponential,220,364.0,364.0,4.9625998,0,0.0,1.0,1.0
10000,0.7,0.5,0.032236191301916656,4.605170185988092,0.007000000000000003,0.3729140689055746,0.7,exponential,221,739.0,739.0,4.7299,0,0.0,1.0,1.0
10000,0.7,0.5,0.032236191301916656,4.605170185988092,0.007000000000000003,0.3729140689055746,0.7,exponential,222,93.0,93.0,4.5319,0,0.0,1.0,1.0
10000,0.7,0.5,0.032236191301916656,4.605170185988092,0.007000000000000003,0.3729140689055746,0.7,exponential,223,868.0,868.0,4.8224,0,0.0,1.0,1.0
10000,0.7,0.5,0.032236191301916656,4.605170185988092,0.007000000000000003,0.3729140689055746,0.7,exponential,224,54.0,54.0,4.5386,0,0.0,1.0,1.0
10000,0.7,0.5,0.032236191301916656,4.605170185988092,0.007000000000000003,0.3729140689055746,0.7,exponential,225,978.0,978.0,4.5442,0,0.0,1.0,1.0
10000,0.7,0.5,0.032236191301916656,4.605170185988092,0.007000000000000003,0.3729140689055746,0.7,exponential,226,139.0,139.0,4.9256997,0,0.0,1.0,1.0
10000,0.7,0.5,0.032236191301916656,4.605170185988092,0.007000000000000003,0.3729140689055746,0.7,exponential,227,395.0,395.0,4.9199,0,0.0,1.0,1.0
10000,0.7,0.5,0.032236191301916656,4.605170185988092,0.007000000000000003,0.3729140689055746,0.7,exponential,228,154.0,154.0,4.8933997,0,0.0,1.0,1.0
10000,0.7,0.5,0.032236191301916656,4.605170185988092,0.007000000000000003,0.3729140689055746,0.7,exponential,229,115.0,115.0,4.3287,0,0.0,1.0,1.0
10000,0.7,0.5,0.032236191301916656,4.605170185988092,0.007000000000000003,0.3729140689055746,0.7,exponential,230,303.0,303.0,4.8584,0,0.0,1.0,1.0
10000,0.7,0.5,0.032236191301916656,4.605170185988092,0.007000000000000003,0.3729140689055746,0.7,exponential,231,190.0,190.0,4.5058,0,0.0,1.0,1.0
10000,0.7,0.5,0.032236191301916656,4.605170185988092,0.007000000000000003,0.3729140689055746,0.7,exponential,232,88.0,88.0,4.7304997,0,0.0,1.0,1.0
10000,0.7,0.5,0.032236191301916656,4.605170185988092,0.007000000000000003,0.3729140689055746,0.7,exponential,233,357.0,357.0,4.5996,0,0.0,1.0,1.0
10000,0.7,0.5,0.032236191301916656,4.605170185988092,0.007000000000000003,0.3729140689055746,0.7,exponential,234,148.0,148.0,4.3623,0,0.0,1.0,1.0
10000,0.7,0.5,0.032236191301916656,4.605170185988092,0.007000000000000003,0.3729140689055746,0.7,exponential,235,697.0,697.0,4.6473,0,0.0,1.0,1.0
10000,0.7,0.5,0.032236191301916656,4.605170185988092,0.007000000000000003,0.3729140689055746,0.7,exponential,236,169.0,169.0,5.1761,0,0.0,1.0,1.0
10000,0.7,0.5,0.032236191301916656,4.605170185988092,0.007000000000000003,0.3729140689055746,0.7,exponential,237,154.0,154.0,5.0913,0,0.0,1.0,1.0
10000,0.7,0.5,0.032236191301916656,4.605170185988092,0.007000000000000003,0.3729140689055746,0.7,exponential,238,398.0,398.0,4.825,0,0.0,1.0,1.0
10000,0.7,0.5,0.032236191301916656,4.605170185988092,0.007000000000000003,0.3729140689055746,0.7,exponential,239,415.0,415.0,4.4908,0,0.0,1.0,1.0
10000,0.7,0.5,0.032236191301916656,4.605170185988092,0.007000000000000003,0.3729140689055746,0.7,exponential,240,729.0,729.0,4.2121997,0,0.0,1.0,1.0
10000,0.7,0.5,0.032236191301916656,4.605170185988092,0.007000000000000003,0.3729140689055746,0.7,exponential,241,290.0,290.0,4.0441,0,0.0,1.0,1.0
10000,0.7,0.5,0.032236191301916656,4.605170185988092,0.007000000000000003,0.3729140689055746,0.7,exponential,242,1060.0,1060.0,4.6403,0,0.0,1.0,1.0
10000,0.7,0.5,0.032236191301916656,4.605170185988092,0.007000000000000003,0.3729140689055746,0.7,exponential,243,1373.0,1373.0,4.9515,0,0.0,1.0,1.0
10000,0.7,0.5,0.032236191301916656,4.605170185988092,0.007000000000000003,0.3729140689055746,0.7,exponential,244,44.0,44.0,4.6988997,0,0.0,1.0,1.0
10000,0.7,0.5,0.032236191301916656,4.605170185988092,0.007000000000000003,0.3729140689055746,0.7,exponential,245,186.0,186.0,4.2904,0,0.0,1.0,1.0
10000,0.7,0.5,0.032236191301916656,4.605170185988092,0.007000000000000003,0.3729140689055746,0.7,exponential,246,1999.0,1999.0,4.2689,0,0.0,1.0,1.0
10000,0.7,0.5,0.032236191301916656,4.605170185988092,0.007000000000000003,0.3729140689055746,0.7,exponential,247,631.0,631.0,4.5826,0,0.0,1.0,1.0
10000,0.7,0.5,0.032236191301916656,4.605170185988092,0.007000000000000003,0.3729140689055746,0.7,exponential,248,791.0,791.0,4.9554996,0,0.0,1.0,1.0
10000,0.7,0.5,0.032236191301916656,4.605170185988092,0.007000000000000003,0.3729140689055746,0.7,exponential,249,1090.0,1090.0,4.429,0,0.0,1.0,1.0
10000,0.7,0.5,0.032236191301916656,4.605170185988092,0.007000000000000003,0.3729140689055746,0.7,exponential,250,367.0,367.0,4.6179,0,0.0,1.0,1.0
10000,0.7,0.5,0.032236191301916656,4.605170185988092,0.007000000000000003,0.3729140689055746,0.7,exponential,251,325.0,325.0,5.015,0,0.0,1.0,1.0
10000,0.7,0.5,0.032236191301916656,4.605170185988092,0.007000000000000003,0.3729140689055746,0.7,exponential,252,617.0,617.0,4.1811,0,0.0,1.0,1.0
10000,0.7,0.5,0.032236191301916656,4.605170185988092,0.007000000000000003,0.3729140689055746,0.7,exponential,253,931.0,931.0,4.8666,0,0.0,1.0,1.0
10000,0.7,0.5,0.032236191301916656,4.605170185988092,0.007000000000000003,0.3729140689055746,0.7,exponential,254,1496.0,1496.0,4.4627,0,0.0,1.0,1.0
10000,0.7,0.5,0.032236191301916656,4.605170185988092,0.007000000000000003,0.3729140689055746,0.7,exponential,255,260.0,260.0,4.6738997,0,0.0,1.0,1.0
10000,0.7,0.5,0.032236191301916656,4.605170185988092,0.007000000000000003,0.3729140689055746,0.7,exponential,256,43.0,43.0,4.904,0,0.0,1.0,1.0
10000,0.7,0.5,0.032236191301916656,4.605170185988092,0.007000000000000003,0.3729140689055746,0.7,exponential,257,129.0,129.0,4.4340997,0,0.0,1.0,1.0
10000,0.7,0.5,0.032236191301916656,4.605170185988092,0.007000000000000003,0.3729140689055746,0.7,exponential,258,265.0,265.0,4.9911,0,0.0,1.0,1.0
10000,0.7,0.5,0.032236191301916656,4.605170185988092,0.007000000000000003,0.3729140689055746,0.7,exponential,259,1302.0,1302.0,4.8252997,0,0.0,1.0,1.0
10000,0.7,0.5,0.032236191301916656,4.605170185988092,0.007000000000000003,0.3729140689055746,0.7,exponential,260,320.0,320.0,5.1632,0,0.0,1.0,1.0
10000,0.7,0.5,0.032236191301916656,4.605170185988092,0.007000000000000003,0.3729140689055746,0.7,exponential,261,193.0,193.0,3.9498,0,0.0,1.0,1.0
10000,0.7,0.5,0.032236191301916656,4.605170185988092,0.007000000000000003,0.3729140689055746,0.7,exponential,262,262.0,262.0,4.3394,0,0.0,1.0,1.0
10000,0.7,0.5,0.032236191301916656,4.605170185988092,0.007000000000000003,0.3729140689055746,0.7,exponential,263,136.0,136.0,4.568,0,0.0,1.0,1.0
10000,0.7,0.5,0.032236191301916656,4.605170185988092,0.007000000000000003,0.3729140689055746,0.7,exponential,264,778.0,778.0,4.3111,0,0.0,1.0,1.0
10000,0.7,0.5,0.032236191301916656,4.605170185988092,0.007000000000000003,0.3729140689055746,0.7,exponential,265,424.0,424.0,4.8272,0,0.0,1.0,1.0
10000,0.7,0.5,0.032236191301916656,4.605170185988092,0.007000000000000003,0.3729140689055746,0.7,exponential,266,308.0,308.0,4.2311,0,0.0,1.0,1.0
10000,0.7,0.5,0.032236191301916656,4.605170185988092,0.007000000000000003,0.3729140689055746,0.7,exponential,267,298.0,298.0,4.5164,0,0.0,1.0,1.0
10000,0.7,0.5,0.032236191301916656,4.605170185988092,0.007000000000000003,0.3729140689055746,0.7,exponential,268,573.0,573.0,4.6175,0,0.0,1.0,1.0
10000,0.7,0.5,0.032236191301916656,4.605170185988092,0.007000000000000003,0.3729140689055746,0.7,exponential,269,188.0,188.0,4.6149,0,0.0,1.0,1.0
10000,0.7,0.5,0.032236191301916656,4.605170185988092,0.007000000000000003,0.3729140689055746,0.7,exponential,270,872.0,872.0,4.6763997,0,0.0,1.0,1.0
10000,0.7,0.5,0.032236191301916656,4.605170185988092,0.007000000000000003,0.3729140689055746,0.7,exponential,271,810.0,810.0,4.8208,0,0.0,1.0,1.0
10000,0.7,0.5,0.032236191301916656,4.605170185988092,0.007000000000000003,0.3729140689055746,0.7,exponential,272,2053.0,2053.0,4.9556,0,0.0,1.0,1.0
10000,0.7,0.5,0.032236191301916656,4.605170185988092,0.007000000000000003,0.3729140689055746,0.7,exponential,273,331.0,331.0,4.6092,0,0.0,1.0,1.0
10000,0.7,0.5,0.032236191301916656,4.605170185988092,0.007000000000000003,0.3729140689055746,0.7,exponential,274,757.0,757.0,4.5137997,0,0.0,1.0,1.0
10000,0.7,0.5,0.032236191301916656,4.605170185988092,0.007000000000000003,0.3729140689055746,0.7,exponential,275,388.0,388.0,4.5413,0,0.0,1.0,1.0
10000,0.7,0.5,0.032236191301916656,4.605170185988092,0.007000000000000003,0.3729140689055746,0.7,exponential,276,921.0,921.0,4.5422997,0,0.0,1.0,1.0
10000,0.7,0.5,0.032236191301916656,4.605170185988092,0.007000000000000003,0.3729140689055746,0.7,exponential,277,251.0,251.0,4.7956,0,0.0,1.0,1.0
10000,0.7,0.5,0.032236191301916656,4.605170185988092,0.007000000000000003,0.3729140689055746,0.7,exponential,278,87.0,87.0,4.8961997,0,0.0,1.0,1.0
10000,0.7,0.5,0.032236191301916656,4.605170185988092,0.007000000000000003,0.3729140689055746,0.7,exponential,279,183.0,183.0,4.864,0,0.0,1.0,1.0
10000,0.7,0.5,0.032236191301916656,4.605170185988092,0.007000000000000003,0.3729140689055746,0.7,exponential,280,399.0,399.0,5.5762997,0,0.0,1.0,1.0
10000,0.7,0.5,0.032236191301916656,4.605170185988092,0.007000000000000003,0.3729140689055746,0.7,exponential,281,262.0,262.0,4.5597,0,0.0,1.0,1.0
10000,0.7,0.5,0.032236191301916656,4.605170185988092,0.007000000000000003,0.3729140689055746,0.7,exponential,282,95.0,95.0,4.5024,0,0.0,1.0,1.0
10000,0.7,0.5,0.032236191301916656,4.605170185988092,0.007000000000000003,0.3729140689055746,0.7,exponential,283,161.0,161.0,4.6449,0,0.0,1.0,1.0
10000,0.7,0.5,0.032236191301916656,4.605170185988092,0.007000000000000003,0.3729140689055746,0.7,exponential,284,70.0,70.0,4.4568,0,0.0,1.0,1.0
10000,0.7,0.5,0.032236191301916656,4.605170185988092,0.007000000000000003,0.3729140689055746,0.7,exponential,285,1380.0,1380.0,4.5323997,0,0.0,1.0,1.0
10000,0.7,0.5,0.032236191301916656,4.605170185988092,0.007000000000000003,0.3729140689055746,0.7,exponential,286,359.0,359.0,4.4312,0,0.0,1.0,1.0
10000,0.7,0.5,0.032236191301916656,4.605170185988092,0.007000000000000003,0.3729140689055746,0.7,exponential,287,833.0,833.0,4.8183,0,0.0,1.0,1.0
10000,0.7,0.5,0.032236191301916656,4.605170185988092,0.007000000000000003,0.3729140689055746,0.7,exponential,288,272.0,272.0,4.7693996,0,0.0,1.0,1.0
10000,0.7,0.5,0.032236191301916656,4.605170185988092,0.007000000000000003,0.3729140689055746,0.7,exponential,289,708.0,708.0,4.4695997,0,0.0,1.0,1.0
10000,0.7,0.5,0.032236191301916656,4.605170185988092,0.007000000000000003,0.3729140689055746,0.7,exponential,290,95.0,95.0,5.2104,0,0.0,1.0,1.0
10000,0.7,0.5,0.032236191301916656,4.605170185988092,0.007000000000000003,0.3729140689055746,0.7,exponential,291,1170.0,1170.0,4.5403,0,0.0,1.0,1.0
10000,0.7,0.5,0.032236191301916656,4.605170185988092,0.007000000000000003,0.3729140689055746,0.7,exponential,292,445.0,445.0,4.6679,0,0.0,1.0,1.0
10000,0.7,0.5,0.032236191301916656,4.605170185988092,0.007000000000000003,0.3729140689055746,0.7,exponential,293,193.0,193.0,4.7481,0,0.0,1.0,1.0
10000,0.7,0.5,0.032236191301916656,4.605170185988092,0.007000000000000003,0.3729140689055746,0.7,exponential,294,146.0,146.0,4.3273997,0,0.0,1.0,1.0
10000,0.7,0.5,0.032236191301916656,4.605170185988092,0.007000000000000003,0.3729140689055746,0.7,exponential,295,315.0,315.0,4.5305,0,0.0,1.0,1.0
10000,0.7,0.5,0.032236191301916656,4.605170185988092,0.007000000000000003,0.3729140689055746,0.7,exponential,296,71.0,71.0,4.5934997,0,0.0,1.0,1.0
10000,0.7,0.5,0.032236191301916656,4.605170185988092,0.007000000000000003,0.3729140689055746,0.7,exponential,297,308.0,308.0,4.6935,0,0.0,1.0,1.0
10000,0.7,0.5,0.032236191301916656,4.605170185988092,0.007000000000000003,0.3729140689055746,0.7,exponential,298,135.0,135.0,4.769,0,0.0,1.0,1.0
10000,0.7,0.5,0.032236191301916656,4.605170185988092,0.007000000000000003,0.3729140689055746,0.7,exponential,299,691.0,691.0,4.8145,0,0.0,1.0,1.0
10000,0.7,0.5,0.032236191301916656,4.605170185988092,0.007000000000000003,0.3729140689055746,0.7,exponential,300,456.0,456.0,4.4983997,0,0.0,1.0,1.0
10000,0.7,0.5,0.032236191301916656,4.605170185988092,0.007000000000000003,0.3729140689055746,0.7,exponential,301,115.0,115.0,4.6966,0,0.0,1.0,1.0
10000,0.7,0.5,0.032236191301916656,4.605170185988092,0.007000000000000003,0.3729140689055746,0.7,exponential,302,165.0,165.0,4.8375,0,0.0,1.0,1.0
10000,0.7,0.5,0.032236191301916656,4.605170185988092,0.007000000000000003,0.3729140689055746,0.7,exponential,303,70.0,70.0,4.8865,0,0.0,1.0,1.0
10000,0.7,0.5,0.032236191301916656,4.605170185988092,0.007000000000000003,0.3729140689055746,0.7,exponential,304,570.0,570.0,4.7662997,0,0.0,1.0,1.0
10000,0.7,0.5,0.032236191301916656,4.605170185988092,0.007000000000000003,0.3729140689055746,0.7,exponential,305,516.0,516.0,4.6194,0,0.0,1.0,1.0
10000,0.7,0.5,0.032236191301916656,4.605170185988092,0.007000000000000003,0.3729140689055746,0.7,exponential,306,575.0,575.0,4.5836997,0,0.0,1.0,1.0
10000,0.7,0.5,0.032236191301916656,4.605170185988092,0.007000000000000003,0.3729140689055746,0.7,exponential,307,69.0,69.0,4.7572,0,0.0,1.0,1.0
10000,0.7,0.5,0.032236191301916656,4.605170185988092,0.007000000000000003,0.3729140689055746,0.7,exponential,308,79.0,79.0,4.5663,0,0.0,1.0,1.0
10000,0.7,0.5,0.032236191301916656,4.605170185988092,0.007000000000000003,0.3729140689055746,0.7,exponential,309,166.0,166.0,4.4969997,0,0.0,1.0,1.0
10000,0.7,0.5,0.032236191301916656,4.605170185988092,0.007000000000000003,0.3729140689055746,0.7,exponential,310,185.0,185.0,4.7427,0,0.0,1.0,1.0
10000,0.7,0.5,0.032236191301916656,4.605170185988092,0.007000000000000003,0.3729140689055746,0.7,exponential,311,873.0,873.0,4.5606,0,0.0,1.0,1.0
10000,0.7,0.5,0.032236191301916656,4.605170185988092,0.007000000000000003,0.3729140689055746,0.7,exponential,312,284.0,284.0,4.9031997,0,0.0,1.0,1.0
10000,0.7,0.5,0.032236191301916656,4.605170185988092,0.007000000000000003,0.3729140689055746,0.7,exponential,313,475.0,475.0,4.2086997,0,0.0,1.0,1.0
10000,0.7,0.5,0.032236191301916656,4.605170185988092,0.007000000000000003,0.3729140689055746,0.7,exponential,314,528.0,528.0,4.7528996,0,0.0,1.0,1.0
10000,0.7,0.5,0.032236191301916656,4.605170185988092,0.007000000000000003,0.3729140689055746,0.7,exponential,315,146.0,146.0,4.5955,0,0.0,1.0,1.0
10000,0.7,0.5,0.032236191301916656,4.605170185988092,0.007000000000000003,0.3729140689055746,0.7,exponential,316,60.0,60.0,4.731,0,0.0,1.0,1.0
10000,0.7,0.5,0.032236191301916656,4.605170185988092,0.007000000000000003,0.3729140689055746,0.7,exponential,317,306.0,306.0,4.3581,0,0.0,1.0,1.0
10000,0.7,0.5,0.032236191301916656,4.605170185988092,0.007000000000000003,0.3729140689055746,0.7,exponential,318,212.0,212.0,4.6703,0,0.0,1.0,1.0
10000,0.7,0.5,0.032236191301916656,4.605170185988092,0.007000000000000003,0.3729140689055746,0.7,exponential,319,255.0,255.0,4.6812,0,0.0,1.0,1.0
10000,0.7,0.5,0.032236191301916656,4.605170185988092,0.007000000000000003,0.3729140689055746,0.7,exponential,320,624.0,624.0,4.6889,0,0.0,1.0,1.0
10000,0.7,0.5,0.032236191301916656,4.605170185988092,0.007000000000000003,0.3729140689055746,0.7,exponential,321,596.0,596.0,4.3873,0,0.0,1.0,1.0
10000,0.7,0.5,0.032236191301916656,4.605170185988092,0.007000000000000003,0.3729140689055746,0.7,exponential,322,158.0,158.0,4.7992997,0,0.0,1.0,1.0
10000,0.7,0.5,0.032236191301916656,4.605170185988092,0.007000000000000003,0.3729140689055746,0.7,exponential,323,150.0,150.0,4.9676,0,0.0,1.0,1.0
10000,0.7,0.5,0.032236191301916656,4.605170185988092,0.007000000000000003,0.3729140689055746,0.7,exponential,324,97.0,97.0,4.5316997,0,0.0,1.0,1.0
10000,0.7,0.5,0.032236191301916656,4.605170185988092,0.007000000000000003,0.3729140689055746,0.7,exponential,325,52.0,52.0,4.6286,0,0.0,1.0,1.0
10000,0.7,0.5,0.032236191301916656,4.605170185988092,0.007000000000000003,0.3729140689055746,0.7,exponential,326,541.0,541.0,4.3986998,0,0.0,1.0,1.0
10000,0.7,0.5,0.032236191301916656,4.605170185988092,0.007000000000000003,0.3729140689055746,0.7,exponential,327,592.0,592.0,4.9209,0,0.0,1.0,1.0
10000,0.7,0.5,0.032236191301916656,4.605170185988092,0.007000000000000003,0.3729140689055746,0.7,exponential,328,172.0,172.0,4.632,0,0.0,1.0,1.0
10000,0.7,0.5,0.032236191301916656,4.605170185988092,0.007000000000000003,0.3729140689055746,0.7,exponential,329,60.0,60.0,4.8185997,0,0.0,1.0,1.0
10000,0.7,0.5,0.032236191301916656,4.605170185988092,0.007000000000000003,0.3729140689055746,0.7,exponential,330,428.0,428.0,4.4386,0,0.0,1.0,1.0
10000,0.7,0.5,0.032236191301916656,4.605170185988092,0.007000000000000003,0.3729140689055746,0.7,exponential,331,715.0,715.0,5.1088,0,0.0,1.0,1.0
10000,0.7,0.5,0.032236191301916656,4.605170185988092,0.007000000000000003,0.3729140689055746,0.7,exponential,332,68.0,68.0,5.012,0,0.0,1.0,1.0
10000,0.7,0.5,0.032236191301916656,4.605170185988092,0.007000000000000003,0.3729140689055746,0.7,exponential,333,223.0,223.0,4.5095,0,0.0,1.0,1.0
10000,0.7,0.5,0.032236191301916656,4.605170185988092,0.007000000000000003,0.3729140689055746,0.7,exponential,334,205.0,205.0,5.2135997,0,0.0,1.0,1.0
10000,0.7,0.5,0.032236191301916656,4.605170185988092,0.007000000000000003,0.3729140689055746,0.7,exponential,335,321.0,321.0,4.9392,0,0.0,1.0,1.0
10000,0.7,0.5,0.032236191301916656,4.605170185988092,0.007000000000000003,0.3729140689055746,0.7,exponential,336,44.0,44.0,4.5924,0,0.0,1.0,1.0
10000,0.7,0.5,0.032236191301916656,4.605170185988092,0.007000000000000003,0.3729140689055746,0.7,exponential,337,297.0,297.0,5.1626997,0,0.0,1.0,1.0
10000,0.7,0.5,0.032236191301916656,4.605170185988092,0.007000000000000003,0.3729140689055746,0.7,exponential,338,1199.0,1199.0,4.1456,0,0.0,1.0,1.0
10000,0.7,0.5,0.032236191301916656,4.605170185988092,0.007000000000000003,0.3729140689055746,0.7,exponential,339,1802.0,1802.0,4.6014,0,0.0,1.0,1.0
10000,0.7,0.5,0.032236191301916656,4.605170185988092,0.007000000000000003,0.3729140689055746,0.7,exponential,340,930.0,930.0,4.7664,0,0.0,1.0,1.0
10000,0.7,0.5,0.032236191301916656,4.605170185988092,0.007000000000000003,0.3729140689055746,0.7,exponential,341,789.0,789.0,4.9929,0,0.0,1.0,1.0
10000,0.7,0.5,0.032236191301916656,4.605170185988092,0.007000000000000003,0.3729140689055746,0.7,exponential,342,1351.0,1351.0,4.5625997,0,0.0,1.0,1.0
10000,0.7,0.5,0.032236191301916656,4.605170185988092,0.007000000000000003,0.3729140689055746,0.7,exponential,343,355.0,355.0,5.1702,0,0.0,1.0,1.0
10000,0.7,0.5,0.032236191301916656,4.605170185988092,0.007000000000000003,0.3729140689055746,0.7,exponential,344,152.0,152.0,4.8346,0,0.0,1.0,1.0
10000,0.7,0.5,0.032236191301916656,4.605170185988092,0.007000000000000003,0.3729140689055746,0.7,exponential,345,75.0,75.0,4.6919,0,0.0,1.0,1.0
10000,0.7,0.5,0.032236191301916656,4.605170185988092,0.007000000000000003,0.3729140689055746,0.7,exponential,346,246.0,246.0,4.2263,0,0.0,1.0,1.0
10000,0.7,0.5,0.032236191301916656,4.605170185988092,0.007000000000000003,0.3729140689055746,0.7,exponential,347,141.0,141.0,4.6782,0,0.0,1.0,1.0
10000,0.7,0.5,0.032236191301916656,4.605170185988092,0.007000000000000003,0.3729140689055746,0.7,exponential,348,667.0,667.0,4.8413,0,0.0,1.0,1.0
10000,0.7,0.5,0.032236191301916656,4.605170185988092,0.007000000000000003,0.3729140689055746,0.7,exponential,349,181.0,181.0,4.6717,0,0.0,1.0,1.0
10000,0.7,0.5,0.032236191301916656,4.605170185988092,0.007000000000000003,0.3729140689055746,0.7,exponential,350,189.0,189.0,4.6767,0,0.0,1.0,1.0
10000,0.7,0.5,0.032236191301916656,4.605170185988092,0.007000000000000003,0.3729140689055746,0.7,exponential,351,83.0,83.0,4.935,0,0.0,1.0,1.0
10000,0.7,0.5,0.032236191301916656,4.605170185988092,0.007000000000000003,0.3729140689055746,0.7,exponential,352,132.0,132.0,4.6698,0,0.0,1.0,1.0
10000,0.7,0.5,0.032236191301916656,4.605170185988092,0.007000000000000003,0.3729140689055746,0.7,exponential,353,1093.0,1093.0,5.5961,0,0.0,1.0,1.0
10000,0.7,0.5,0.032236191301916656,4.605170185988092,0.007000000000000003,0.3729140689055746,0.7,exponential,354,221.0,221.0,4.8452997,0,0.0,1.0,1.0
10000,0.7,0.5,0.032236191301916656,4.605170185988092,0.007000000000000003,0.3729140689055746,0.7,exponential,355,1361.0,1361.0,4.8935,0,0.0,1.0,1.0
10000,0.7,0.5,0.032236191301916656,4.605170185988092,0.007000000000000003,0.3729140689055746,0.7,exponential,356,1618.0,1618.0,4.9783998,0,0.0,1.0,1.0
10000,0.7,0.5,0.032236191301916656,4.605170185988092,0.007000000000000003,0.3729140689055746,0.7,exponential,357,482.0,482.0,4.3299,0,0.0,1.0,1.0
10000,0.7,0.5,0.032236191301916656,4.605170185988092,0.007000000000000003,0.3729140689055746,0.7,exponential,358,60.0,60.0,4.5664,0,0.0,1.0,1.0
10000,0.7,0.5,0.032236191301916656,4.605170185988092,0.007000000000000003,0.3729140689055746,0.7,exponential,359,575.0,575.0,5.1008,0,0.0,1.0,1.0
10000,0.7,0.5,0.032236191301916656,4.605170185988092,0.007000000000000003,0.3729140689055746,0.7,exponential,360,40.0,40.0,4.726,0,0.0,1.0,1.0
10000,0.7,0.5,0.032236191301916656,4.605170185988092,0.007000000000000003,0.3729140689055746,0.7,exponential,361,37.0,37.0,4.6438,0,0.0,1.0,1.0
10000,0.7,0.5,0.032236191301916656,4.605170185988092,0.007000000000000003,0.3729140689055746,0.7,exponential,362,1018.0,1018.0,4.6377,0,0.0,1.0,1.0
10000,0.7,0.5,0.032236191301916656,4.605170185988092,0.007000000000000003,0.3729140689055746,0.7,exponential,363,771.0,771.0,5.0004997,0,0.0,1.0,1.0
10000,0.7,0.5,0.032236191301916656,4.605170185988092,0.007000000000000003,0.3729140689055746,0.7,exponential,364,181.0,181.0,4.4246,0,0.0,1.0,1.0
10000,0.7,0.5,0.032236191301916656,4.605170185988092,0.007000000000000003,0.3729140689055746,0.7,exponential,365,220.0,220.0,4.593,0,0.0,1.0,1.0
10000,0.7,0.5,0.032236191301916656,4.605170185988092,0.007000000000000003,0.3729140689055746,0.7,exponential,366,354.0,354.0,4.7255,0,0.0,1.0,1.0
10000,0.7,0.5,0.032236191301916656,4.605170185988092,0.007000000000000003,0.3729140689055746,0.7,exponential,367,422.0,422.0,5.3297,0,0.0,1.0,1.0
10000,0.7,0.5,0.032236191301916656,4.605170185988092,0.007000000000000003,0.3729140689055746,0.7,exponential,368,336.0,336.0,4.8090997,0,0.0,1.0,1.0
10000,0.7,0.5,0.032236191301916656,4.605170185988092,0.007000000000000003,0.3729140689055746,0.7,exponential,369,105.0,105.0,4.8286,0,0.0,1.0,1.0
10000,0.7,0.5,0.032236191301916656,4.605170185988092,0.007000000000000003,0.3729140689055746,0.7,exponential,370,477.0,477.0,5.1603,0,0.0,1.0,1.0
10000,0.7,0.5,0.032236191301916656,4.605170185988092,0.007000000000000003,0.3729140689055746,0.7,exponential,371,270.0,270.0,4.7427998,0,0.0,1.0,1.0
10000,0.7,0.5,0.032236191301916656,4.605170185988092,0.007000000000000003,0.3729140689055746,0.7,exponential,372,276.0,276.0,4.8545,0,0.0,1.0,1.0
10000,0.7,0.5,0.032236191301916656,4.605170185988092,0.007000000000000003,0.3729140689055746,0.7,exponential,373,426.0,426.0,4.4168997,0,0.0,1.0,1.0
10000,0.7,0.5,0.032236191301916656,4.605170185988092,0.007000000000000003,0.3729140689055746,0.7,exponential,374,327.0,327.0,4.1036,0,0.0,1.0,1.0
10000,0.7,0.5,0.032236191301916656,4.605170185988092,0.007000000000000003,0.3729140689055746,0.7,exponential,375,77.0,77.0,4.6373,0,0.0,1.0,1.0
10000,0.7,0.5,0.032236191301916656,4.605170185988092,0.007000000000000003,0.3729140689055746,0.7,exponential,376,2010.0,2010.0,4.8361998,0,0.0,1.0,1.0
10000,0.7,0.5,0.032236191301916656,4.605170185988092,0.007000000000000003,0.3729140689055746,0.7,exponential,377,839.0,839.0,4.4788,0,0.0,1.0,1.0
10000,0.7,0.5,0.032236191301916656,4.605170185988092,0.007000000000000003,0.3729140689055746,0.7,exponential,378,702.0,702.0,4.336,0,0.0,1.0,1.0
10000,0.7,0.5,0.032236191301916656,4.605170185988092,0.007000000000000003,0.3729140689055746,0.7,exponential,379,480.0,480.0,5.2233,0,0.0,1.0,1.0
10000,0.7,0.5,0.032236191301916656,4.605170185988092,0.007000000000000003,0.3729140689055746,0.7,exponential,380,325.0,325.0,4.2896,0,0.0,1.0,1.0
10000,0.7,0.5,0.032236191301916656,4.605170185988092,0.007000000000000003,0.3729140689055746,0.7,exponential,381,81.0,81.0,4.9284997,0,0.0,1.0,1.0
10000,0.7,0.5,0.032236191301916656,4.605170185988092,0.007000000000000003,0.3729140689055746,0.7,exponential,382,75.0,75.0,5.1303997,0,0.0,1.0,1.0
10000,0.7,0.5,0.032236191301916656,4.605170185988092,0.007000000000000003,0.3729140689055746,0.7,exponential,383,664.0,664.0,4.9933,0,0.0,1.0,1.0
10000,0.7,0.5,0.032236191301916656,4.605170185988092,0.007000000000000003,0.3729140689055746,0.7,exponential,384,178.0,178.0,4.7585,0,0.0,1.0,1.0
10000,0.7,0.5,0.032236191301916656,4.605170185988092,0.007000000000000003,0.3729140689055746,0.7,exponential,385,374.0,374.0,4.9881,0,0.0,1.0,1.0
10000,0.7,0.5,0.032236191301916656,4.605170185988092,0.007000000000000003,0.3729140689055746,0.7,exponential,386,1056.0,1056.0,4.4374,0,0.0,1.0,1.0
10000,0.7,0.5,0.032236191301916656,4.605170185988092,0.007000000000000003,0.3729140689055746,0.7,exponential,387,153.0,153.0,4.6505,0,0.0,1.0,1.0
10000,0.7,0.5,0.032236191301916656,4.605170185988092,0.007000000000000003,0.3729140689055746,0.7,exponential,388,204.0,204.0,4.6289997,0,0.0,1.0,1.0
10000,0.7,0.5,0.032236191301916656,4.605170185988092,0.007000000000000003,0.3729140689055746,0.7,exponential,389,847.0,847.0,4.15,0,0.0,1.0,1.0
10000,0.7,0.5,0.032236191301916656,4.605170185988092,0.007000000000000003,0.3729140689055746,0.7,exponential,390,942.0,942.0,5.0365,0,0.0,1.0,1.0
10000,0.7,0.5,0.032236191301916656,4.605170185988092,0.007000000000000003,0.3729140689055746,0.7,exponential,391,553.0,553.0,4.3308997,0,0.0,1.0,1.0
10000,0.7,0.5,0.032236191301916656,4.605170185988092,0.007000000000000003,0.3729140689055746,0.7,exponential,392,400.0,400.0,4.9614997,0,0.0,1.0,1.0
10000,0.7,0.5,0.032236191301916656,4.605170185988092,0.007000000000000003,0.3729140689055746,0.7,exponential,393,77.0,77.0,4.8455,0,0.0,1.0,1.0
10000,0.7,0.5,0.032236191301916656,4.605170185988092,0.007000000000000003,0.3729140689055746,0.7,exponential,394,65.0,65.0,4.9792,0,0.0,1.0,1.0
10000,0.7,0.5,0.032236191301916656,4.605170185988092,0.007000000000000003,0.3729140689055746,0.7,exponential,395,494.0,494.0,4.5401,0,0.0,1.0,1.0
10000,0.7,0.5,0.032236191301916656,4.605170185988092,0.007000000000000003,0.3729140689055746,0.7,exponential,396,52.0,52.0,4.6591997,0,0.0,1.0,1.0
10000,0.7,0.5,0.032236191301916656,4.605170185988092,0.007000000000000003,0.3729140689055746,0.7,exponential,397,132.0,132.0,4.6321,0,0.0,1.0,1.0
10000,0.7,0.5,0.032236191301916656,4.605170185988092,0.007000000000000003,0.3729140689055746,0.7,exponential,398,130.0,130.0,4.9575996,0,0.0,1.0,1.0
10000,0.7,0.5,0.032236191301916656,4.605170185988092,0.007000000000000003,0.3729140689055746,0.7,exponential,399,183.0,183.0,5.2834,0,0.0,1.0,1.0
10000,0.7,0.5,0.032236191301916656,4.605170185988092,0.007000000000000003,0.3729140689055746,0.7,exponential,400,241.0,241.0,4.6749,0,0.0,1.0,1.0
10000,0.7,0.5,0.032236191301916656,4.605170185988092,0.007000000000000003,0.3729140689055746,0.7,exponential,401,428.0,428.0,4.7918997,0,0.0,1.0,1.0
10000,0.7,0.5,0.032236191301916656,4.605170185988092,0.007000000000000003,0.3729140689055746,0.7,exponential,402,807.0,807.0,4.3982,0,0.0,1.0,1.0
10000,0.7,0.5,0.032236191301916656,4.605170185988092,0.007000000000000003,0.3729140689055746,0.7,exponential,403,439.0,439.0,4.7299,0,0.0,1.0,1.0
10000,0.7,0.5,0.032236191301916656,4.605170185988092,0.007000000000000003,0.3729140689055746,0.7,exponential,404,499.0,499.0,4.7973,0,0.0,1.0,1.0
10000,0.7,0.5,0.032236191301916656,4.605170185988092,0.007000000000000003,0.3729140689055746,0.7,exponential,405,136.0,136.0,5.2732,0,0.0,1.0,1.0
10000,0.7,0.5,0.032236191301916656,4.605170185988092,0.007000000000000003,0.3729140689055746,0.7,exponential,406,665.0,665.0,4.4129,0,0.0,1.0,1.0
10000,0.7,0.5,0.032236191301916656,4.605170185988092,0.007000000000000003,0.3729140689055746,0.7,exponential,407,84.0,84.0,5.0388,0,0.0,1.0,1.0
10000,0.7,0.5,0.032236191301916656,4.605170185988092,0.007000000000000003,0.3729140689055746,0.7,exponential,408,274.0,274.0,5.0531,0,0.0,1.0,1.0
10000,0.7,0.5,0.032236191301916656,4.605170185988092,0.007000000000000003,0.3729140689055746,0.7,exponential,409,1619.0,1619.0,4.2118,0,0.0,1.0,1.0
10000,0.7,0.5,0.032236191301916656,4.605170185988092,0.007000000000000003,0.3729140689055746,0.7,exponential,410,706.0,706.0,4.8535,0,0.0,1.0,1.0
10000,0.7,0.5,0.032236191301916656,4.605170185988092,0.007000000000000003,0.3729140689055746,0.7,exponential,411,101.0,101.0,4.7918997,0,0.0,1.0,1.0
10000,0.7,0.5,0.032236191301916656,4.605170185988092,0.007000000000000003,0.3729140689055746,0.7,exponential,412,93.0,93.0,4.7046,0,0.0,1.0,1.0
10000,0.7,0.5,0.032236191301916656,4.605170185988092,0.007000000000000003,0.3729140689055746,0.7,exponential,413,349.0,349.0,4.5358,0,0.0,1.0,1.0
10000,0.7,0.5,0.032236191301916656,4.605170185988092,0.007000000000000003,0.3729140689055746,0.7,exponential,414,399.0,399.0,3.9610999,0,0.0,1.0,1.0
10000,0.7,0.5,0.032236191301916656,4.605170185988092,0.007000000000000003,0.3729140689055746,0.7,exponential,415,371.0,371.0,4.3655,0,0.0,1.0,1.0
10000,0.7,0.5,0.032236191301916656,4.605170185988092,0.007000000000000003,0.3729140689055746,0.7,exponential,416,128.0,128.0,4.9340997,0,0.0,1.0,1.0
10000,0.7,0.5,0.032236191301916656,4.605170185988092,0.007000000000000003,0.3729140689055746,0.7,exponential,417,294.0,294.0,4.6839,0,0.0,1.0,1.0
10000,0.7,0.5,0.032236191301916656,4.605170185988092,0.007000000000000003,0.3729140689055746,0.7,exponential,418,444.0,444.0,5.0067,0,0.0,1.0,1.0
10000,0.7,0.5,0.032236191301916656,4.605170185988092,0.007000000000000003,0.3729140689055746,0.7,exponential,419,524.0,524.0,5.0752,0,0.0,1.0,1.0
10000,0.7,0.5,0.032236191301916656,4.605170185988092,0.007000000000000003,0.3729140689055746,0.7,exponential,420,188.0,188.0,4.7174,0,0.0,1.0,1.0
10000,0.7,0.5,0.032236191301916656,4.605170185988092,0.007000000000000003,0.3729140689055746,0.7,exponential,421,256.0,256.0,4.3356,0,0.0,1.0,1.0
10000,0.7,0.5,0.032236191301916656,4.605170185988092,0.007000000000000003,0.3729140689055746,0.7,exponential,422,66.0,66.0,4.7005997,0,0.0,1.0,1.0
10000,0.7,0.5,0.032236191301916656,4.605170185988092,0.007000000000000003,0.3729140689055746,0.7,exponential,423,820.0,820.0,4.5243,0,0.0,1.0,1.0
10000,0.7,0.5,0.032236191301916656,4.605170185988092,0.007000000000000003,0.3729140689055746,0.7,exponential,424,1559.0,1559.0,4.7801,0,0.0,1.0,1.0
10000,0.7,0.5,0.032236191301916656,4.605170185988092,0.007000000000000003,0.3729140689055746,0.7,exponential,425,1039.0,1039.0,4.3958,0,0.0,1.0,1.0
10000,0.7,0.5,0.032236191301916656,4.605170185988092,0.007000000000000003,0.3729140689055746,0.7,exponential,426,124.0,124.0,4.9493,0,0.0,1.0,1.0
10000,0.7,0.5,0.032236191301916656,4.605170185988092,0.007000000000000003,0.3729140689055746,0.7,exponential,427,73.0,73.0,4.7283,0,0.0,1.0,1.0
10000,0.7,0.5,0.032236191301916656,4.605170185988092,0.007000000000000003,0.3729140689055746,0.7,exponential,428,434.0,434.0,4.8726,0,0.0,1.0,1.0
10000,0.7,0.5,0.032236191301916656,4.605170185988092,0.007000000000000003,0.3729140689055746,0.7,exponential,429,2223.0,2223.0,4.9993,0,0.0,1.0,1.0
10000,0.7,0.5,0.032236191301916656,4.605170185988092,0.007000000000000003,0.3729140689055746,0.7,exponential,430,42.0,42.0,4.5153,0,0.0,1.0,1.0
10000,0.7,0.5,0.032236191301916656,4.605170185988092,0.007000000000000003,0.3729140689055746,0.7,exponential,431,369.0,369.0,4.7686996,0,0.0,1.0,1.0
10000,0.7,0.5,0.032236191301916656,4.605170185988092,0.007000000000000003,0.3729140689055746,0.7,exponential,432,170.0,170.0,4.6925,0,0.0,1.0,1.0
10000,0.7,0.5,0.032236191301916656,4.605170185988092,0.007000000000000003,0.3729140689055746,0.7,exponential,433,139.0,139.0,4.5874,0,0.0,1.0,1.0
10000,0.7,0.5,0.032236191301916656,4.605170185988092,0.007000000000000003,0.3729140689055746,0.7,exponential,434,308.0,308.0,5.1478,0,0.0,1.0,1.0
10000,0.7,0.5,0.032236191301916656,4.605170185988092,0.007000000000000003,0.3729140689055746,0.7,exponential,435,213.0,213.0,4.502,0,0.0,1.0,1.0
10000,0.7,0.5,0.032236191301916656,4.605170185988092,0.007000000000000003,0.3729140689055746,0.7,exponential,436,89.0,89.0,4.924,0,0.0,1.0,1.0
10000,0.7,0.5,0.032236191301916656,4.605170185988092,0.007000000000000003,0.3729140689055746,0.7,exponential,437,491.0,491.0,4.8296,0,0.0,1.0,1.0
10000,0.7,0.5,0.032236191301916656,4.605170185988092,0.007000000000000003,0.3729140689055746,0.7,exponential,438,312.0,312.0,5.1245,0,0.0,1.0,1.0
10000,0.7,0.5,0.032236191301916656,4.605170185988092,0.007000000000000003,0.3729140689055746,0.7,exponential,439,137.0,137.0,4.8884,0,0.0,1.0,1.0
10000,0.7,0.5,0.032236191301916656,4.605170185988092,0.007000000000000003,0.3729140689055746,0.7,exponential,440,544.0,544.0,4.5692,0,0.0,1.0,1.0
10000,0.7,0.5,0.032236191301916656,4.605170185988092,0.007000000000000003,0.3729140689055746,0.7,exponential,441,129.0,129.0,5.2345,0,0.0,1.0,1.0
10000,0.7,0.5,0.032236191301916656,4.605170185988092,0.007000000000000003,0.3729140689055746,0.7,exponential,442,379.0,379.0,4.8921,0,0.0,1.0,1.0
10000,0.7,0.5,0.032236191301916656,4.605170185988092,0.007000000000000003,0.3729140689055746,0.7,exponential,443,188.0,188.0,5.071,0,0.0,1.0,1.0
10000,0.7,0.5,0.032236191301916656,4.605170185988092,0.007000000000000003,0.3729140689055746,0.7,exponential,444,318.0,318.0,4.2750998,0,0.0,1.0,1.0
10000,0.7,0.5,0.032236191301916656,4.605170185988092,0.007000000000000003,0.3729140689055746,0.7,exponential,445,343.0,343.0,4.4667997,0,0.0,1.0,1.0
10000,0.7,0.5,0.032236191301916656,4.605170185988092,0.007000000000000003,0.3729140689055746,0.7,exponential,446,2116.0,2116.0,4.8882,0,0.0,1.0,1.0
10000,0.7,0.5,0.032236191301916656,4.605170185988092,0.007000000000000003,0.3729140689055746,0.7,exponential,447,197.0,197.0,4.4978,0,0.0,1.0,1.0
10000,0.7,0.5,0.032236191301916656,4.605170185988092,0.007000000000000003,0.3729140689055746,0.7,exponential,448,242.0,242.0,4.7163,0,0.0,1.0,1.0
10000,0.7,0.5,0.032236191301916656,4.605170185988092,0.007000000000000003,0.3729140689055746,0.7,exponential,449,231.0,231.0,4.2592998,0,0.0,1.0,1.0
10000,0.7,0.5,0.032236191301916656,4.605170185988092,0.007000000000000003,0.3729140689055746,0.7,exponential,450,154.0,154.0,5.0639997,0,0.0,1.0,1.0
10000,0.7,0.5,0.032236191301916656,4.605170185988092,0.007000000000000003,0.3729140689055746,0.7,exponential,451,337.0,337.0,4.5299997,0,0.0,1.0,1.0
10000,0.7,0.5,0.032236191301916656,4.605170185988092,0.007000000000000003,0.3729140689055746,0.7,exponential,452,981.0,981.0,4.4694,0,0.0,1.0,1.0
10000,0.7,0.5,0.032236191301916656,4.605170185988092,0.007000000000000003,0.3729140689055746,0.7,exponential,453,1579.0,1579.0,4.6765,0,0.0,1.0,1.0
10000,0.7,0.5,0.032236191301916656,4.605170185988092,0.007000000000000003,0.3729140689055746,0.7,exponential,454,515.0,515.0,4.9156,0,0.0,1.0,1.0
10000,0.7,0.5,0.032236191301916656,4.605170185988092,0.007000000000000003,0.3729140689055746,0.7,exponential,455,214.0,214.0,4.9210997,0,0.0,1.0,1.0
10000,0.7,0.5,0.032236191301916656,4.605170185988092,0.007000000000000003,0.3729140689055746,0.7,exponential,456,317.0,317.0,5.0757,0,0.0,1.0,1.0
10000,0.7,0.5,0.032236191301916656,4.605170185988092,0.007000000000000003,0.3729140689055746,0.7,exponential,457,848.0,848.0,5.331,0,0.0,1.0,1.0
10000,0.7,0.5,0.032236191301916656,4.605170185988092,0.007000000000000003,0.3729140689055746,0.7,exponential,458,105.0,105.0,4.4231997,0,0.0,1.0,1.0
10000,0.7,0.5,0.032236191301916656,4.605170185988092,0.007000000000000003,0.3729140689055746,0.7,exponential,459,589.0,589.0,5.2233996,0,0.0,1.0,1.0
10000,0.7,0.5,0.032236191301916656,4.605170185988092,0.007000000000000003,0.3729140689055746,0.7,exponential,460,166.0,166.0,5.2626,0,0.0,1.0,1.0
10000,0.7,0.5,0.032236191301916656,4.605170185988092,0.007000000000000003,0.3729140689055746,0.7,exponential,461,45.0,45.0,4.593,0,0.0,1.0,1.0
10000,0.7,0.5,0.032236191301916656,4.605170185988092,0.007000000000000003,0.3729140689055746,0.7,exponential,462,376.0,376.0,4.4979,0,0.0,1.0,1.0
10000,0.7,0.5,0.032236191301916656,4.605170185988092,0.007000000000000003,0.3729140689055746,0.7,exponential,463,514.0,514.0,4.4604,0,0.0,1.0,1.0
10000,0.7,0.5,0.032236191301916656,4.605170185988092,0.007000000000000003,0.3729140689055746,0.7,exponential,464,205.0,205.0,4.6674,0,0.0,1.0,1.0
10000,0.7,0.5,0.032236191301916656,4.605170185988092,0.007000000000000003,0.3729140689055746,0.7,exponential,465,393.0,393.0,4.2317,0,0.0,1.0,1.0
10000,0.7,0.5,0.032236191301916656,4.605170185988092,0.007000000000000003,0.3729140689055746,0.7,exponential,466,1074.0,1074.0,4.4516,0,0.0,1.0,1.0
10000,0.7,0.5,0.032236191301916656,4.605170185988092,0.007000000000000003,0.3729140689055746,0.7,exponential,467,83.0,83.0,4.865,0,0.0,1.0,1.0
10000,0.7,0.5,0.032236191301916656,4.605170185988092,0.007000000000000003,0.3729140689055746,0.7,exponential,468,1083.0,1083.0,4.9491,0,0.0,1.0,1.0
10000,0.7,0.5,0.032236191301916656,4.605170185988092,0.007000000000000003,0.3729140689055746,0.7,exponential,469,138.0,138.0,4.424,0,0.0,1.0,1.0
10000,0.7,0.5,0.032236191301916656,4.605170185988092,0.007000000000000003,0.3729140689055746,0.7,exponential,470,84.0,84.0,4.8637,0,0.0,1.0,1.0
10000,0.7,0.5,0.032236191301916656,4.605170185988092,0.007000000000000003,0.3729140689055746,0.7,exponential,471,62.0,62.0,4.5671997,0,0.0,1.0,1.0
10000,0.7,0.5,0.032236191301916656,4.605170185988092,0.007000000000000003,0.3729140689055746,0.7,exponential,472,1614.0,1614.0,4.6955,0,0.0,1.0,1.0
10000,0.7,0.5,0.032236191301916656,4.605170185988092,0.007000000000000003,0.3729140689055746,0.7,exponential,473,573.0,573.0,4.4168997,0,0.0,1.0,1.0
10000,0.7,0.5,0.032236191301916656,4.605170185988092,0.007000000000000003,0.3729140689055746,0.7,exponential,474,258.0,258.0,4.6018,0,0.0,1.0,1.0
10000,0.7,0.5,0.032236191301916656,4.605170185988092,0.007000000000000003,0.3729140689055746,0.7,exponential,475,407.0,407.0,4.8526998,0,0.0,1.0,1.0
10000,0.7,0.5,0.032236191301916656,4.605170185988092,0.007000000000000003,0.3729140689055746,0.7,exponential,476,962.0,962.0,4.3361,0,0.0,1.0,1.0
10000,0.7,0.5,0.032236191301916656,4.605170185988092,0.007000000000000003,0.3729140689055746,0.7,exponential,477,43.0,43.0,4.4874997,0,0.0,1.0,1.0
10000,0.7,0.5,0.032236191301916656,4.605170185988092,0.007000000000000003,0.3729140689055746,0.7,exponential,478,195.0,195.0,4.499,0,0.0,1.0,1.0
10000,0.7,0.5,0.032236191301916656,4.605170185988092,0.007000000000000003,0.3729140689055746,0.7,exponential,479,232.0,232.0,4.9603,0,0.0,1.0,1.0
10000,0.7,0.5,0.032236191301916656,4.605170185988092,0.007000000000000003,0.3729140689055746,0.7,exponential,480,192.0,192.0,4.4597,0,0.0,1.0,1.0
10000,0.7,0.5,0.032236191301916656,4.605170185988092,0.007000000000000003,0.3729140689055746,0.7,exponential,481,465.0,465.0,4.6383,0,0.0,1.0,1.0
10000,0.7,0.5,0.032236191301916656,4.605170185988092,0.007000000000000003,0.3729140689055746,0.7,exponential,482,1095.0,1095.0,4.7071,0,0.0,1.0,1.0
10000,0.7,0.5,0.032236191301916656,4.605170185988092,0.007000000000000003,0.3729140689055746,0.7,exponential,483,82.0,82.0,4.4146,0,0.0,1.0,1.0
10000,0.7,0.5,0.032236191301916656,4.605170185988092,0.007000000000000003,0.3729140689055746,0.7,exponential,484,126.0,126.0,4.6899,0,0.0,1.0,1.0
10000,0.7,0.5,0.032236191301916656,4.605170185988092,0.007000000000000003,0.3729140689055746,0.7,exponential,485,1046.0,1046.0,4.5986,0,0.0,1.0,1.0
10000,0.7,0.5,0.032236191301916656,4.605170185988092,0.007000000000000003,0.3729140689055746,0.7,exponential,486,402.0,402.0,4.769,0,0.0,1.0,1.0
10000,0.7,0.5,0.032236191301916656,4.605170185988092,0.007000000000000003,0.3729140689055746,0.7,exponential,487,804.0,804.0,4.9052997,0,0.0,1.0,1.0
10000,0.7,0.5,0.032236191301916656,4.605170185988092,0.007000000000000003,0.3729140689055746,0.7,exponential,488,986.0,986.0,5.0347,0,0.0,1.0,1.0
10000,0.7,0.5,0.032236191301916656,4.605170185988092,0.007000000000000003,0.3729140689055746,0.7,exponential,489,72.0,72.0,4.9632998,0,0.0,1.0,1.0
10000,0.7,0.5,0.032236191301916656,4.605170185988092,0.007000000000000003,0.3729140689055746,0.7,exponential,490,154.0,154.0,4.7531,0,0.0,1.0,1.0
10000,0.7,0.5,0.032236191301916656,4.605170185988092,0.007000000000000003,0.3729140689055746,0.7,exponential,491,459.0,459.0,4.4469,0,0.0,1.0,1.0
10000,0.7,0.5,0.032236191301916656,4.605170185988092,0.007000000000000003,0.3729140689055746,0.7,exponential,492,285.0,285.0,5.2373,0,0.0,1.0,1.0
10000,0.7,0.5,0.032236191301916656,4.605170185988092,0.007000000000000003,0.3729140689055746,0.7,exponential,493,195.0,195.0,4.8505,0,0.0,1.0,1.0
10000,0.7,0.5,0.032236191301916656,4.605170185988092,0.007000000000000003,0.3729140689055746,0.7,exponential,494,185.0,185.0,4.8911,0,0.0,1.0,1.0
10000,0.7,0.5,0.032236191301916656,4.605170185988092,0.007000000000000003,0.3729140689055746,0.7,exponential,495,981.0,981.0,4.6408,0,0.0,1.0,1.0
10000,0.7,0.5,0.032236191301916656,4.605170185988092,0.007000000000000003,0.3729140689055746,0.7,exponential,496,127.0,127.0,4.5292997,0,0.0,1.0,1.0
10000,0.7,0.5,0.032236191301916656,4.605170185988092,0.007000000000000003,0.3729140689055746,0.7,exponential,497,175.0,175.0,4.9649,0,0.0,1.0,1.0
10000,0.7,0.5,0.032236191301916656,4.605170185988092,0.007000000000000003,0.3729140689055746,0.7,exponential,498,478.0,478.0,4.4858,0,0.0,1.0,1.0
10000,0.7,0.5,0.032236191301916656,4.605170185988092,0.007000000000000003,0.3729140689055746,0.7,exponential,499,937.0,937.0,4.1932,0,0.0,1.0,1.0
10000,0.7,0.5,0.032236191301916656,4.605170185988092,0.007000000000000003,0.3729140689055746,0.7,exponential,500,511.0,511.0,4.299,0,0.0,1.0,1.0
10000,0.7,0.5,0.032236191301916656,4.605170185988092,0.007000000000000003,0.3729140689055746,0.7,exponential,501,417.0,417.0,4.7805,0,0.0,1.0,1.0
10000,0.7,0.5,0.032236191301916656,4.605170185988092,0.007000000000000003,0.3729140689055746,0.7,exponential,502,1131.0,1131.0,5.0137997,0,0.0,1.0,1.0
10000,0.7,0.5,0.032236191301916656,4.605170185988092,0.007000000000000003,0.3729140689055746,0.7,exponential,503,515.0,515.0,4.5769,0,0.0,1.0,1.0
10000,0.7,0.5,0.032236191301916656,4.605170185988092,0.007000000000000003,0.3729140689055746,0.7,exponential,504,111.0,111.0,4.3487,0,0.0,1.0,1.0
10000,0.7,0.5,0.032236191301916656,4.605170185988092,0.007000000000000003,0.3729140689055746,0.7,exponential,505,314.0,314.0,5.0824,0,0.0,1.0,1.0
10000,0.7,0.5,0.032236191301916656,4.605170185988092,0.007000000000000003,0.3729140689055746,0.7,exponential,506,1109.0,1109.0,4.5657997,0,0.0,1.0,1.0
10000,0.7,0.5,0.032236191301916656,4.605170185988092,0.007000000000000003,0.3729140689055746,0.7,exponential,507,214.0,214.0,4.2583,0,0.0,1.0,1.0
10000,0.7,0.5,0.032236191301916656,4.605170185988092,0.007000000000000003,0.3729140689055746,0.7,exponential,508,545.0,545.0,5.2999997,0,0.0,1.0,1.0
10000,0.7,0.5,0.032236191301916656,4.605170185988092,0.007000000000000003,0.3729140689055746,0.7,exponential,509,1021.0,1021.0,4.612,0,0.0,1.0,1.0
10000,0.7,0.5,0.032236191301916656,4.605170185988092,0.007000000000000003,0.3729140689055746,0.7,exponential,510,153.0,153.0,4.5952997,0,0.0,1.0,1.0
10000,0.7,0.5,0.032236191301916656,4.605170185988092,0.007000000000000003,0.3729140689055746,0.7,exponential,511,195.0,195.0,4.95,0,0.0,1.0,1.0
10000,0.7,0.5,0.032236191301916656,4.605170185988092,0.007000000000000003,0.3729140689055746,0.7,exponential,512,290.0,290.0,4.9221997,0,0.0,1.0,1.0
10000,0.7,0.5,0.032236191301916656,4.605170185988092,0.007000000000000003,0.3729140689055746,0.7,exponential,513,1060.0,1060.0,5.0792,0,0.0,1.0,1.0
10000,0.7,0.5,0.032236191301916656,4.605170185988092,0.007000000000000003,0.3729140689055746,0.7,exponential,514,194.0,194.0,4.8195,0,0.0,1.0,1.0
10000,0.7,0.5,0.032236191301916656,4.605170185988092,0.007000000000000003,0.3729140689055746,0.7,exponential,515,181.0,181.0,5.0748997,0,0.0,1.0,1.0
10000,0.7,0.5,0.032236191301916656,4.605170185988092,0.007000000000000003,0.3729140689055746,0.7,exponential,516,35.0,35.0,4.7752,0,0.0,1.0,1.0
10000,0.7,0.5,0.032236191301916656,4.605170185988092,0.007000000000000003,0.3729140689055746,0.7,exponential,517,307.0,307.0,5.1219,0,0.0,1.0,1.0
10000,0.7,0.5,0.032236191301916656,4.605170185988092,0.007000000000000003,0.3729140689055746,0.7,exponential,518,235.0,235.0,5.1798,0,0.0,1.0,1.0
10000,0.7,0.5,0.032236191301916656,4.605170185988092,0.007000000000000003,0.3729140689055746,0.7,exponential,519,233.0,233.0,4.9087996,0,0.0,1.0,1.0
10000,0.7,0.5,0.032236191301916656,4.605170185988092,0.007000000000000003,0.3729140689055746,0.7,exponential,520,502.0,502.0,4.4358997,0,0.0,1.0,1.0
10000,0.7,0.5,0.032236191301916656,4.605170185988092,0.007000000000000003,0.3729140689055746,0.7,exponential,521,130.0,130.0,4.8348,0,0.0,1.0,1.0
10000,0.7,0.5,0.032236191301916656,4.605170185988092,0.007000000000000003,0.3729140689055746,0.7,exponential,522,464.0,464.0,4.1644998,0,0.0,1.0,1.0
10000,0.7,0.5,0.032236191301916656,4.605170185988092,0.007000000000000003,0.3729140689055746,0.7,exponential,523,98.0,98.0,4.429,0,0.0,1.0,1.0
10000,0.7,0.5,0.032236191301916656,4.605170185988092,0.007000000000000003,0.3729140689055746,0.7,exponential,524,330.0,330.0,5.2325997,0,0.0,1.0,1.0
10000,0.7,0.5,0.032236191301916656,4.605170185988092,0.007000000000000003,0.3729140689055746,0.7,exponential,525,324.0,324.0,4.9653,0,0.0,1.0,1.0
10000,0.7,0.5,0.032236191301916656,4.605170185988092,0.007000000000000003,0.3729140689055746,0.7,exponential,526,288.0,288.0,4.6598,0,0.0,1.0,1.0
10000,0.7,0.5,0.032236191301916656,4.605170185988092,0.007000000000000003,0.3729140689055746,0.7,exponential,527,50.0,50.0,4.5673,0,0.0,1.0,1.0
10000,0.7,0.5,0.032236191301916656,4.605170185988092,0.007000000000000003,0.3729140689055746,0.7,exponential,528,533.0,533.0,4.6052,0,0.0,1.0,1.0
10000,0.7,0.5,0.032236191301916656,4.605170185988092,0.007000000000000003,0.3729140689055746,0.7,exponential,529,292.0,292.0,4.5948997,0,0.0,1.0,1.0
10000,0.7,0.5,0.032236191301916656,4.605170185988092,0.007000000000000003,0.3729140689055746,0.7,exponential,530,509.0,509.0,5.0278997,0,0.0,1.0,1.0
10000,0.7,0.5,0.032236191301916656,4.605170185988092,0.007000000000000003,0.3729140689055746,0.7,exponential,531,175.0,175.0,4.5896,0,0.0,1.0,1.0
10000,0.7,0.5,0.032236191301916656,4.605170185988092,0.007000000000000003,0.3729140689055746,0.7,exponential,532,106.0,106.0,4.4625,0,0.0,1.0,1.0
10000,0.7,0.5,0.032236191301916656,4.605170185988092,0.007000000000000003,0.3729140689055746,0.7,exponential,533,291.0,291.0,4.6816998,0,0.0,1.0,1.0
10000,0.7,0.5,0.032236191301916656,4.605170185988092,0.007000000000000003,0.3729140689055746,0.7,exponential,534,420.0,420.0,5.1229997,0,0.0,1.0,1.0
10000,0.7,0.5,0.032236191301916656,4.605170185988092,0.007000000000000003,0.3729140689055746,0.7,exponential,535,780.0,780.0,4.8124,0,0.0,1.0,1.0
10000,0.7,0.5,0.032236191301916656,4.605170185988092,0.007000000000000003,0.3729140689055746,0.7,exponential,536,288.0,288.0,4.7973,0,0.0,1.0,1.0
10000,0.7,0.5,0.032236191301916656,4.605170185988092,0.007000000000000003,0.3729140689055746,0.7,exponential,537,286.0,286.0,4.8647,0,0.0,1.0,1.0
10000,0.7,0.5,0.032236191301916656,4.605170185988092,0.007000000000000003,0.3729140689055746,0.7,exponential,538,174.0,174.0,4.547,0,0.0,1.0,1.0
10000,0.7,0.5,0.032236191301916656,4.605170185988092,0.007000000000000003,0.3729140689055746,0.7,exponential,539,757.0,757.0,4.5227,0,0.0,1.0,1.0
10000,0.7,0.5,0.032236191301916656,4.605170185988092,0.007000000000000003,0.3729140689055746,0.7,exponential,540,622.0,622.0,4.6159997,0,0.0,1.0,1.0
10000,0.7,0.5,0.032236191301916656,4.605170185988092,0.007000000000000003,0.3729140689055746,0.7,exponential,541,431.0,431.0,4.1881,0,0.0,1.0,1.0
10000,0.7,0.5,0.032236191301916656,4.605170185988092,0.007000000000000003,0.3729140689055746,0.7,exponential,542,681.0,681.0,5.1081,0,0.0,1.0,1.0
10000,0.7,0.5,0.032236191301916656,4.605170185988092,0.007000000000000003,0.3729140689055746,0.7,exponential,543,270.0,270.0,4.8061,0,0.0,1.0,1.0
10000,0.7,0.5,0.032236191301916656,4.605170185988092,0.007000000000000003,0.3729140689055746,0.7,exponential,544,276.0,276.0,4.7787,0,0.0,1.0,1.0
10000,0.7,0.5,0.032236191301916656,4.605170185988092,0.007000000000000003,0.3729140689055746,0.7,exponential,545,83.0,83.0,4.792,0,0.0,1.0,1.0
10000,0.7,0.5,0.032236191301916656,4.605170185988092,0.007000000000000003,0.3729140689055746,0.7,exponential,546,884.0,884.0,5.0727997,0,0.0,1.0,1.0
10000,0.7,0.5,0.032236191301916656,4.605170185988092,0.007000000000000003,0.3729140689055746,0.7,exponential,547,137.0,137.0,4.5971,0,0.0,1.0,1.0
10000,0.7,0.5,0.032236191301916656,4.605170185988092,0.007000000000000003,0.3729140689055746,0.7,exponential,548,473.0,473.0,4.5512,0,0.0,1.0,1.0
10000,0.7,0.5,0.032236191301916656,4.605170185988092,0.007000000000000003,0.3729140689055746,0.7,exponential,549,173.0,173.0,4.8575997,0,0.0,1.0,1.0
10000,0.7,0.5,0.032236191301916656,4.605170185988092,0.007000000000000003,0.3729140689055746,0.7,exponential,550,1390.0,1390.0,4.9165998,0,0.0,1.0,1.0
10000,0.7,0.5,0.032236191301916656,4.605170185988092,0.007000000000000003,0.3729140689055746,0.7,exponential,551,1074.0,1074.0,5.1584,0,0.0,1.0,1.0
10000,0.7,0.5,0.032236191301916656,4.605170185988092,0.007000000000000003,0.3729140689055746,0.7,exponential,552,566.0,566.0,4.566,0,0.0,1.0,1.0
10000,0.7,0.5,0.032236191301916656,4.605170185988092,0.007000000000000003,0.3729140689055746,0.7,exponential,553,625.0,625.0,4.7633,0,0.0,1.0,1.0
10000,0.7,0.5,0.032236191301916656,4.605170185988092,0.007000000000000003,0.3729140689055746,0.7,exponential,554,539.0,539.0,4.6677,0,0.0,1.0,1.0
10000,0.7,0.5,0.032236191301916656,4.605170185988092,0.007000000000000003,0.3729140689055746,0.7,exponential,555,536.0,536.0,4.7977,0,0.0,1.0,1.0
10000,0.7,0.5,0.032236191301916656,4.605170185988092,0.007000000000000003,0.3729140689055746,0.7,exponential,556,892.0,892.0,4.7044997,0,0.0,1.0,1.0
10000,0.7,0.5,0.032236191301916656,4.605170185988092,0.007000000000000003,0.3729140689055746,0.7,exponential,557,303.0,303.0,5.0738,0,0.0,1.0,1.0
10000,0.7,0.5,0.032236191301916656,4.605170185988092,0.007000000000000003,0.3729140689055746,0.7,exponential,558,390.0,390.0,4.6113997,0,0.0,1.0,1.0
10000,0.7,0.5,0.032236191301916656,4.605170185988092,0.007000000000000003,0.3729140689055746,0.7,exponential,559,189.0,189.0,4.7356,0,0.0,1.0,1.0
10000,0.7,0.5,0.032236191301916656,4.605170185988092,0.007000000000000003,0.3729140689055746,0.7,exponential,560,274.0,274.0,5.3722,0,0.0,1.0,1.0
10000,0.7,0.5,0.032236191301916656,4.605170185988092,0.007000000000000003,0.3729140689055746,0.7,exponential,561,439.0,439.0,4.5867,0,0.0,1.0,1.0
10000,0.7,0.5,0.032236191301916656,4.605170185988092,0.007000000000000003,0.3729140689055746,0.7,exponential,562,76.0,76.0,4.6751,0,0.0,1.0,1.0
10000,0.7,0.5,0.032236191301916656,4.605170185988092,0.007000000000000003,0.3729140689055746,0.7,exponential,563,224.0,224.0,4.9746,0,0.0,1.0,1.0
10000,0.7,0.5,0.032236191301916656,4.605170185988092,0.007000000000000003,0.3729140689055746,0.7,exponential,564,1267.0,1267.0,4.6875,0,0.0,1.0,1.0
10000,0.7,0.5,0.032236191301916656,4.605170185988092,0.007000000000000003,0.3729140689055746,0.7,exponential,565,320.0,320.0,5.0028,0,0.0,1.0,1.0
10000,0.7,0.5,0.032236191301916656,4.605170185988092,0.007000000000000003,0.3729140689055746,0.7,exponential,566,441.0,441.0,5.335,0,0.0,1.0,1.0
10000,0.7,0.5,0.032236191301916656,4.605170185988092,0.007000000000000003,0.3729140689055746,0.7,exponential,567,91.0,91.0,4.4049,0,0.0,1.0,1.0
10000,0.7,0.5,0.032236191301916656,4.605170185988092,0.007000000000000003,0.3729140689055746,0.7,exponential,568,561.0,561.0,4.1947,0,0.0,1.0,1.0
10000,0.7,0.5,0.032236191301916656,4.605170185988092,0.007000000000000003,0.3729140689055746,0.7,exponential,569,49.0,49.0,4.6745996,0,0.0,1.0,1.0
10000,0.7,0.5,0.032236191301916656,4.605170185988092,0.007000000000000003,0.3729140689055746,0.7,exponential,570,489.0,489.0,4.2632,0,0.0,1.0,1.0
10000,0.7,0.5,0.032236191301916656,4.605170185988092,0.007000000000000003,0.3729140689055746,0.7,exponential,571,82.0,82.0,4.6802998,0,0.0,1.0,1.0
10000,0.7,0.5,0.032236191301916656,4.605170185988092,0.007000000000000003,0.3729140689055746,0.7,exponential,572,246.0,246.0,4.2269998,0,0.0,1.0,1.0
10000,0.7,0.5,0.032236191301916656,4.605170185988092,0.007000000000000003,0.3729140689055746,0.7,exponential,573,285.0,285.0,4.4756,0,0.0,1.0,1.0
10000,0.7,0.5,0.032236191301916656,4.605170185988092,0.007000000000000003,0.3729140689055746,0.7,exponential,574,2590.0,2590.0,4.1854,0,0.0,1.0,1.0
10000,0.7,0.5,0.032236191301916656,4.605170185988092,0.007000000000000003,0.3729140689055746,0.7,exponential,575,121.0,121.0,4.5924997,0,0.0,1.0,1.0
10000,0.7,0.5,0.032236191301916656,4.605170185988092,0.007000000000000003,0.3729140689055746,0.7,exponential,576,104.0,104.0,4.8834,0,0.0,1.0,1.0
10000,0.7,0.5,0.032236191301916656,4.605170185988092,0.007000000000000003,0.3729140689055746,0.7,exponential,577,589.0,589.0,4.687,0,0.0,1.0,1.0
10000,0.7,0.5,0.032236191301916656,4.605170185988092,0.007000000000000003,0.3729140689055746,0.7,exponential,578,209.0,209.0,5.1231,0,0.0,1.0,1.0
10000,0.7,0.5,0.032236191301916656,4.605170185988092,0.007000000000000003,0.3729140689055746,0.7,exponential,579,845.0,845.0,4.3989997,0,0.0,1.0,1.0
10000,0.7,0.5,0.032236191301916656,4.605170185988092,0.007000000000000003,0.3729140689055746,0.7,exponential,580,401.0,401.0,4.6514997,0,0.0,1.0,1.0
10000,0.7,0.5,0.032236191301916656,4.605170185988092,0.007000000000000003,0.3729140689055746,0.7,exponential,581,257.0,257.0,4.2174,0,0.0,1.0,1.0
10000,0.7,0.5,0.032236191301916656,4.605170185988092,0.007000000000000003,0.3729140689055746,0.7,exponential,582,89.0,89.0,5.1594996,0,0.0,1.0,1.0
10000,0.7,0.5,0.032236191301916656,4.605170185988092,0.007000000000000003,0.3729140689055746,0.7,exponential,583,235.0,235.0,4.7914,0,0.0,1.0,1.0
10000,0.7,0.5,0.032236191301916656,4.605170185988092,0.007000000000000003,0.3729140689055746,0.7,exponential,584,95.0,95.0,4.8046,0,0.0,1.0,1.0
10000,0.7,0.5,0.032236191301916656,4.605170185988092,0.007000000000000003,0.3729140689055746,0.7,exponential,585,297.0,297.0,5.0522,0,0.0,1.0,1.0
10000,0.7,0.5,0.032236191301916656,4.605170185988092,0.007000000000000003,0.3729140689055746,0.7,exponential,586,1281.0,1281.0,4.9082,0,0.0,1.0,1.0
10000,0.7,0.5,0.032236191301916656,4.605170185988092,0.007000000000000003,0.3729140689055746,0.7,exponential,587,285.0,285.0,5.0378,0,0.0,1.0,1.0
10000,0.7,0.5,0.032236191301916656,4.605170185988092,0.007000000000000003,0.3729140689055746,0.7,exponential,588,434.0,434.0,5.2893,0,0.0,1.0,1.0
10000,0.7,0.5,0.032236191301916656,4.605170185988092,0.007000000000000003,0.3729140689055746,0.7,exponential,589,66.0,66.0,4.6500998,0,0.0,1.0,1.0
10000,0.7,0.5,0.032236191301916656,4.605170185988092,0.007000000000000003,0.3729140689055746,0.7,exponential,590,2035.0,2035.0,4.745,0,0.0,1.0,1.0
10000,0.7,0.5,0.032236191301916656,4.605170185988092,0.007000000000000003,0.3729140689055746,0.7,exponential,591,536.0,536.0,5.1001,0,0.0,1.0,1.0
10000,0.7,0.5,0.032236191301916656,4.605170185988092,0.007000000000000003,0.3729140689055746,0.7,exponential,592,219.0,219.0,4.7307,0,0.0,1.0,1.0
10000,0.7,0.5,0.032236191301916656,4.605170185988092,0.007000000000000003,0.3729140689055746,0.7,exponential,593,311.0,311.0,4.7272997,0,0.0,1.0,1.0
10000,0.7,0.5,0.032236191301916656,4.605170185988092,0.007000000000000003,0.3729140689055746,0.7,exponential,594,126.0,126.0,4.7601,0,0.0,1.0,1.0
10000,0.7,0.5,0.032236191301916656,4.605170185988092,0.007000000000000003,0.3729140689055746,0.7,exponential,595,322.0,322.0,5.2113,0,0.0,1.0,1.0
10000,0.7,0.5,0.032236191301916656,4.605170185988092,0.007000000000000003,0.3729140689055746,0.7,exponential,596,108.0,108.0,4.9198,0,0.0,1.0,1.0
10000,0.7,0.5,0.032236191301916656,4.605170185988092,0.007000000000000003,0.3729140689055746,0.7,exponential,597,38.0,38.0,4.7622,0,0.0,1.0,1.0
10000,0.7,0.5,0.032236191301916656,4.605170185988092,0.007000000000000003,0.3729140689055746,0.7,exponential,598,1801.0,1801.0,4.5217,0,0.0,1.0,1.0
10000,0.7,0.5,0.032236191301916656,4.605170185988092,0.007000000000000003,0.3729140689055746,0.7,exponential,599,90.0,90.0,4.5912,0,0.0,1.0,1.0
10000,0.7,0.5,0.032236191301916656,4.605170185988092,0.007000000000000003,0.3729140689055746,0.7,exponential,600,567.0,567.0,5.1886,0,0.0,1.0,1.0
10000,0.7,0.5,0.032236191301916656,4.605170185988092,0.007000000000000003,0.3729140689055746,0.7,exponential,601,1074.0,1074.0,5.1075997,0,0.0,1.0,1.0
10000,0.7,0.5,0.032236191301916656,4.605170185988092,0.007000000000000003,0.3729140689055746,0.7,exponential,602,286.0,286.0,4.5151,0,0.0,1.0,1.0
10000,0.7,0.5,0.032236191301916656,4.605170185988092,0.007000000000000003,0.3729140689055746,0.7,exponential,603,101.0,101.0,4.7212,0,0.0,1.0,1.0
10000,0.7,0.5,0.032236191301916656,4.605170185988092,0.007000000000000003,0.3729140689055746,0.7,exponential,604,621.0,621.0,5.1615,0,0.0,1.0,1.0
10000,0.7,0.5,0.032236191301916656,4.605170185988092,0.007000000000000003,0.3729140689055746,0.7,exponential,605,109.0,109.0,5.0436,0,0.0,1.0,1.0
10000,0.7,0.5,0.032236191301916656,4.605170185988092,0.007000000000000003,0.3729140689055746,0.7,exponential,606,208.0,208.0,4.881,0,0.0,1.0,1.0
10000,0.7,0.5,0.032236191301916656,4.605170185988092,0.007000000000000003,0.3729140689055746,0.7,exponential,607,122.0,122.0,4.4926,0,0.0,1.0,1.0
10000,0.7,0.5,0.032236191301916656,4.605170185988092,0.007000000000000003,0.3729140689055746,0.7,exponential,608,2605.0,2605.0,5.3915997,0,0.0,1.0,1.0
10000,0.7,0.5,0.032236191301916656,4.605170185988092,0.007000000000000003,0.3729140689055746,0.7,exponential,609,146.0,146.0,4.7032,0,0.0,1.0,1.0
10000,0.7,0.5,0.032236191301916656,4.605170185988092,0.007000000000000003,0.3729140689055746,0.7,exponential,610,923.0,923.0,4.8733997,0,0.0,1.0,1.0
10000,0.7,0.5,0.032236191301916656,4.605170185988092,0.007000000000000003,0.3729140689055746,0.7,exponential,611,241.0,241.0,4.9776,0,0.0,1.0,1.0
10000,0.7,0.5,0.032236191301916656,4.605170185988092,0.007000000000000003,0.3729140689055746,0.7,exponential,612,367.0,367.0,4.3333,0,0.0,1.0,1.0
10000,0.7,0.5,0.032236191301916656,4.605170185988092,0.007000000000000003,0.3729140689055746,0.7,exponential,613,93.0,93.0,4.5698,0,0.0,1.0,1.0
10000,0.7,0.5,0.032236191301916656,4.605170185988092,0.007000000000000003,0.3729140689055746,0.7,exponential,614,833.0,833.0,5.0193,0,0.0,1.0,1.0
10000,0.7,0.5,0.032236191301916656,4.605170185988092,0.007000000000000003,0.3729140689055746,0.7,exponential,615,246.0,246.0,4.8016,0,0.0,1.0,1.0
10000,0.7,0.5,0.032236191301916656,4.605170185988092,0.007000000000000003,0.3729140689055746,0.7,exponential,616,227.0,227.0,4.7545,0,0.0,1.0,1.0
10000,0.7,0.5,0.032236191301916656,4.605170185988092,0.007000000000000003,0.3729140689055746,0.7,exponential,617,93.0,93.0,4.8506,0,0.0,1.0,1.0
10000,0.7,0.5,0.032236191301916656,4.605170185988092,0.007000000000000003,0.3729140689055746,0.7,exponential,618,1220.0,1220.0,4.4206,0,0.0,1.0,1.0
10000,0.7,0.5,0.032236191301916656,4.605170185988092,0.007000000000000003,0.3729140689055746,0.7,exponential,619,460.0,460.0,4.5439,0,0.0,1.0,1.0
10000,0.7,0.5,0.032236191301916656,4.605170185988092,0.007000000000000003,0.3729140689055746,0.7,exponential,620,989.0,989.0,4.7263,0,0.0,1.0,1.0
10000,0.7,0.5,0.032236191301916656,4.605170185988092,0.007000000000000003,0.3729140689055746,0.7,exponential,621,540.0,540.0,4.7959,0,0.0,1.0,1.0
10000,0.7,0.5,0.032236191301916656,4.605170185988092,0.007000000000000003,0.3729140689055746,0.7,exponential,622,185.0,185.0,4.5604997,0,0.0,1.0,1.0
10000,0.7,0.5,0.032236191301916656,4.605170185988092,0.007000000000000003,0.3729140689055746,0.7,exponential,623,485.0,485.0,4.5667,0,0.0,1.0,1.0
10000,0.7,0.5,0.032236191301916656,4.605170185988092,0.007000000000000003,0.3729140689055746,0.7,exponential,624,274.0,274.0,4.574,0,0.0,1.0,1.0
10000,0.7,0.5,0.032236191301916656,4.605170185988092,0.007000000000000003,0.3729140689055746,0.7,exponential,625,209.0,209.0,4.4883,0,0.0,1.0,1.0
10000,0.7,0.5,0.032236191301916656,4.605170185988092,0.007000000000000003,0.3729140689055746,0.7,exponential,626,341.0,341.0,4.8561997,0,0.0,1.0,1.0
10000,0.7,0.5,0.032236191301916656,4.605170185988092,0.007000000000000003,0.3729140689055746,0.7,exponential,627,666.0,666.0,4.2853,0,0.0,1.0,1.0
10000,0.7,0.5,0.032236191301916656,4.605170185988092,0.007000000000000003,0.3729140689055746,0.7,exponential,628,830.0,830.0,4.7574997,0,0.0,1.0,1.0
10000,0.7,0.5,0.032236191301916656,4.605170185988092,0.007000000000000003,0.3729140689055746,0.7,exponential,629,53.0,53.0,4.587,0,0.0,1.0,1.0
10000,0.7,0.5,0.032236191301916656,4.605170185988092,0.007000000000000003,0.3729140689055746,0.7,exponential,630,183.0,183.0,4.6123,0,0.0,1.0,1.0
10000,0.7,0.5,0.032236191301916656,4.605170185988092,0.007000000000000003,0.3729140689055746,0.7,exponential,631,296.0,296.0,4.7016,0,0.0,1.0,1.0
10000,0.7,0.5,0.032236191301916656,4.605170185988092,0.007000000000000003,0.3729140689055746,0.7,exponential,632,106.0,106.0,4.5302,0,0.0,1.0,1.0
10000,0.7,0.5,0.032236191301916656,4.605170185988092,0.007000000000000003,0.3729140689055746,0.7,exponential,633,84.0,84.0,4.6472,0,0.0,1.0,1.0
10000,0.7,0.5,0.032236191301916656,4.605170185988092,0.007000000000000003,0.3729140689055746,0.7,exponential,634,219.0,219.0,4.7827997,0,0.0,1.0,1.0
10000,0.7,0.5,0.032236191301916656,4.605170185988092,0.007000000000000003,0.3729140689055746,0.7,exponential,635,112.0,112.0,4.3434,0,0.0,1.0,1.0
10000,0.7,0.5,0.032236191301916656,4.605170185988092,0.007000000000000003,0.3729140689055746,0.7,exponential,636,975.0,975.0,4.8742,0,0.0,1.0,1.0
10000,0.7,0.5,0.032236191301916656,4.605170185988092,0.007000000000000003,0.3729140689055746,0.7,exponential,637,192.0,192.0,4.6356997,0,0.0,1.0,1.0
10000,0.7,0.5,0.032236191301916656,4.605170185988092,0.007000000000000003,0.3729140689055746,0.7,exponential,638,360.0,360.0,4.6682997,0,0.0,1.0,1.0
10000,0.7,0.5,0.032236191301916656,4.605170185988092,0.007000000000000003,0.3729140689055746,0.7,exponential,639,445.0,445.0,4.7664,0,0.0,1.0,1.0
10000,0.7,0.5,0.032236191301916656,4.605170185988092,0.007000000000000003,0.3729140689055746,0.7,exponential,640,337.0,337.0,4.628,0,0.0,1.0,1.0
10000,0.7,0.5,0.032236191301916656,4.605170185988092,0.007000000000000003,0.3729140689055746,0.7,exponential,641,315.0,315.0,4.7037,0,0.0,1.0,1.0
10000,0.7,0.5,0.032236191301916656,4.605170185988092,0.007000000000000003,0.3729140689055746,0.7,exponential,642,142.0,142.0,4.4726,0,0.0,1.0,1.0
10000,0.7,0.5,0.032236191301916656,4.605170185988092,0.007000000000000003,0.3729140689055746,0.7,exponential,643,258.0,258.0,4.8768,0,0.0,1.0,1.0
10000,0.7,0.5,0.032236191301916656,4.605170185988092,0.007000000000000003,0.3729140689055746,0.7,exponential,644,336.0,336.0,4.8901,0,0.0,1.0,1.0
10000,0.7,0.5,0.032236191301916656,4.605170185988092,0.007000000000000003,0.3729140689055746,0.7,exponential,645,382.0,382.0,4.7114,0,0.0,1.0,1.0
10000,0.7,0.5,0.032236191301916656,4.605170185988092,0.007000000000000003,0.3729140689055746,0.7,exponential,646,1001.0,1001.0,5.0455,0,0.0,1.0,1.0
10000,0.7,0.5,0.032236191301916656,4.605170185988092,0.007000000000000003,0.3729140689055746,0.7,exponential,647,88.0,88.0,4.765,0,0.0,1.0,1.0
10000,0.7,0.5,0.032236191301916656,4.605170185988092,0.007000000000000003,0.3729140689055746,0.7,exponential,648,139.0,139.0,4.8278,0,0.0,1.0,1.0
10000,0.7,0.5,0.032236191301916656,4.605170185988092,0.007000000000000003,0.3729140689055746,0.7,exponential,649,61.0,61.0,4.7116,0,0.0,1.0,1.0
10000,0.7,0.5,0.032236191301916656,4.605170185988092,0.007000000000000003,0.3729140689055746,0.7,exponential,650,903.0,903.0,4.6712,0,0.0,1.0,1.0
10000,0.7,0.5,0.032236191301916656,4.605170185988092,0.007000000000000003,0.3729140689055746,0.7,exponential,651,146.0,146.0,4.5653996,0,0.0,1.0,1.0
10000,0.7,0.5,0.032236191301916656,4.605170185988092,0.007000000000000003,0.3729140689055746,0.7,exponential,652,245.0,245.0,4.9806,0,0.0,1.0,1.0
10000,0.7,0.5,0.032236191301916656,4.605170185988092,0.007000000000000003,0.3729140689055746,0.7,exponential,653,293.0,293.0,5.6549997,0,0.0,1.0,1.0
10000,0.7,0.5,0.032236191301916656,4.605170185988092,0.007000000000000003,0.3729140689055746,0.7,exponential,654,457.0,457.0,4.7139997,0,0.0,1.0,1.0
10000,0.7,0.5,0.032236191301916656,4.605170185988092,0.007000000000000003,0.3729140689055746,0.7,exponential,655,396.0,396.0,4.4251,0,0.0,1.0,1.0
10000,0.7,0.5,0.032236191301916656,4.605170185988092,0.007000000000000003,0.3729140689055746,0.7,exponential,656,445.0,445.0,4.7205997,0,0.0,1.0,1.0
10000,0.7,0.5,0.032236191301916656,4.605170185988092,0.007000000000000003,0.3729140689055746,0.7,exponential,657,100.0,100.0,5.1205997,0,0.0,1.0,1.0
10000,0.7,0.5,0.032236191301916656,4.605170185988092,0.007000000000000003,0.3729140689055746,0.7,exponential,658,323.0,323.0,4.6422997,0,0.0,1.0,1.0
10000,0.7,0.5,0.032236191301916656,4.605170185988092,0.007000000000000003,0.3729140689055746,0.7,exponential,659,78.0,78.0,4.7837,0,0.0,1.0,1.0
10000,0.7,0.5,0.032236191301916656,4.605170185988092,0.007000000000000003,0.3729140689055746,0.7,exponential,660,371.0,371.0,4.6412997,0,0.0,1.0,1.0
10000,0.7,0.5,0.032236191301916656,4.605170185988092,0.007000000000000003,0.3729140689055746,0.7,exponential,661,454.0,454.0,4.783,0,0.0,1.0,1.0
10000,0.7,0.5,0.032236191301916656,4.605170185988092,0.007000000000000003,0.3729140689055746,0.7,exponential,662,96.0,96.0,4.9263,0,0.0,1.0,1.0
10000,0.7,0.5,0.032236191301916656,4.605170185988092,0.007000000000000003,0.3729140689055746,0.7,exponential,663,812.0,812.0,4.6376,0,0.0,1.0,1.0
10000,0.7,0.5,0.032236191301916656,4.605170185988092,0.007000000000000003,0.3729140689055746,0.7,exponential,664,140.0,140.0,4.8526998,0,0.0,1.0,1.0
10000,0.7,0.5,0.032236191301916656,4.605170185988092,0.007000000000000003,0.3729140689055746,0.7,exponential,665,79.0,79.0,5.1081,0,0.0,1.0,1.0
10000,0.7,0.5,0.032236191301916656,4.605170185988092,0.007000000000000003,0.3729140689055746,0.7,exponential,666,296.0,296.0,5.2469,0,0.0,1.0,1.0
10000,0.7,0.5,0.032236191301916656,4.605170185988092,0.007000000000000003,0.3729140689055746,0.7,exponential,667,272.0,272.0,4.8594,0,0.0,1.0,1.0
10000,0.7,0.5,0.032236191301916656,4.605170185988092,0.007000000000000003,0.3729140689055746,0.7,exponential,668,346.0,346.0,4.908,0,0.0,1.0,1.0
10000,0.7,0.5,0.032236191301916656,4.605170185988092,0.007000000000000003,0.3729140689055746,0.7,exponential,669,62.0,62.0,4.6938,0,0.0,1.0,1.0
10000,0.7,0.5,0.032236191301916656,4.605170185988092,0.007000000000000003,0.3729140689055746,0.7,exponential,670,136.0,136.0,4.8294,0,0.0,1.0,1.0
10000,0.7,0.5,0.032236191301916656,4.605170185988092,0.007000000000000003,0.3729140689055746,0.7,exponential,671,67.0,67.0,4.447,0,0.0,1.0,1.0
10000,0.7,0.5,0.032236191301916656,4.605170185988092,0.007000000000000003,0.3729140689055746,0.7,exponential,672,140.0,140.0,4.7938,0,0.0,1.0,1.0
10000,0.7,0.5,0.032236191301916656,4.605170185988092,0.007000000000000003,0.3729140689055746,0.7,exponential,673,409.0,409.0,4.4426,0,0.0,1.0,1.0
10000,0.7,0.5,0.032236191301916656,4.605170185988092,0.007000000000000003,0.3729140689055746,0.7,exponential,674,649.0,649.0,4.5855,0,0.0,1.0,1.0
10000,0.7,0.5,0.032236191301916656,4.605170185988092,0.007000000000000003,0.3729140689055746,0.7,exponential,675,542.0,542.0,4.2295,0,0.0,1.0,1.0
10000,0.7,0.5,0.032236191301916656,4.605170185988092,0.007000000000000003,0.3729140689055746,0.7,exponential,676,139.0,139.0,4.6064,0,0.0,1.0,1.0
10000,0.7,0.5,0.032236191301916656,4.605170185988092,0.007000000000000003,0.3729140689055746,0.7,exponential,677,721.0,721.0,4.7622,0,0.0,1.0,1.0
10000,0.7,0.5,0.032236191301916656,4.605170185988092,0.007000000000000003,0.3729140689055746,0.7,exponential,678,64.0,64.0,4.7165,0,0.0,1.0,1.0
10000,0.7,0.5,0.032236191301916656,4.605170185988092,0.007000000000000003,0.3729140689055746,0.7,exponential,679,420.0,420.0,4.7009,0,0.0,1.0,1.0
10000,0.7,0.5,0.032236191301916656,4.605170185988092,0.007000000000000003,0.3729140689055746,0.7,exponential,680,671.0,671.0,4.7007,0,0.0,1.0,1.0
10000,0.7,0.5,0.032236191301916656,4.605170185988092,0.007000000000000003,0.3729140689055746,0.7,exponential,681,143.0,143.0,4.7228,0,0.0,1.0,1.0
10000,0.7,0.5,0.032236191301916656,4.605170185988092,0.007000000000000003,0.3729140689055746,0.7,exponential,682,66.0,66.0,4.7976,0,0.0,1.0,1.0
10000,0.7,0.5,0.032236191301916656,4.605170185988092,0.007000000000000003,0.3729140689055746,0.7,exponential,683,1091.0,1091.0,5.113,0,0.0,1.0,1.0
10000,0.7,0.5,0.032236191301916656,4.605170185988092,0.007000000000000003,0.3729140689055746,0.7,exponential,684,185.0,185.0,5.0385,0,0.0,1.0,1.0
10000,0.7,0.5,0.032236191301916656,4.605170185988092,0.007000000000000003,0.3729140689055746,0.7,exponential,685,244.0,244.0,5.2827997,0,0.0,1.0,1.0
10000,0.7,0.5,0.032236191301916656,4.605170185988092,0.007000000000000003,0.3729140689055746,0.7,exponential,686,221.0,221.0,4.6977997,0,0.0,1.0,1.0
10000,0.7,0.5,0.032236191301916656,4.605170185988092,0.007000000000000003,0.3729140689055746,0.7,exponential,687,700.0,700.0,4.3617,0,0.0,1.0,1.0
10000,0.7,0.5,0.032236191301916656,4.605170185988092,0.007000000000000003,0.3729140689055746,0.7,exponential,688,448.0,448.0,4.8842998,0,0.0,1.0,1.0
10000,0.7,0.5,0.032236191301916656,4.605170185988092,0.007000000000000003,0.3729140689055746,0.7,exponential,689,147.0,147.0,4.6761,0,0.0,1.0,1.0
10000,0.7,0.5,0.032236191301916656,4.605170185988092,0.007000000000000003,0.3729140689055746,0.7,exponential,690,355.0,355.0,4.7901998,0,0.0,1.0,1.0
10000,0.7,0.5,0.032236191301916656,4.605170185988092,0.007000000000000003,0.3729140689055746,0.7,exponential,691,145.0,145.0,4.3809,0,0.0,1.0,1.0
10000,0.7,0.5,0.032236191301916656,4.605170185988092,0.007000000000000003,0.3729140689055746,0.7,exponential,692,811.0,811.0,4.4262,0,0.0,1.0,1.0
10000,0.7,0.5,0.032236191301916656,4.605170185988092,0.007000000000000003,0.3729140689055746,0.7,exponential,693,1520.0,1520.0,4.3171997,0,0.0,1.0,1.0
10000,0.7,0.5,0.032236191301916656,4.605170185988092,0.007000000000000003,0.3729140689055746,0.7,exponential,694,106.0,106.0,4.7342997,0,0.0,1.0,1.0
10000,0.7,0.5,0.032236191301916656,4.605170185988092,0.007000000000000003,0.3729140689055746,0.7,exponential,695,276.0,276.0,5.0969996,0,0.0,1.0,1.0
10000,0.7,0.5,0.032236191301916656,4.605170185988092,0.007000000000000003,0.3729140689055746,0.7,exponential,696,595.0,595.0,4.1524997,0,0.0,1.0,1.0
10000,0.7,0.5,0.032236191301916656,4.605170185988092,0.007000000000000003,0.3729140689055746,0.7,exponential,697,657.0,657.0,4.7084,0,0.0,1.0,1.0
10000,0.7,0.5,0.032236191301916656,4.605170185988092,0.007000000000000003,0.3729140689055746,0.7,exponential,698,414.0,414.0,4.3774,0,0.0,1.0,1.0
10000,0.7,0.5,0.032236191301916656,4.605170185988092,0.007000000000000003,0.3729140689055746,0.7,exponential,699,547.0,547.0,4.9437,0,0.0,1.0,1.0
10000,0.7,0.5,0.032236191301916656,4.605170185988092,0.007000000000000003,0.3729140689055746,0.7,exponential,700,517.0,517.0,4.5448,0,0.0,1.0,1.0
10000,0.7,0.5,0.032236191301916656,4.605170185988092,0.007000000000000003,0.3729140689055746,0.7,exponential,701,728.0,728.0,4.2039,0,0.0,1.0,1.0
10000,0.7,0.5,0.032236191301916656,4.605170185988092,0.007000000000000003,0.3729140689055746,0.7,exponential,702,194.0,194.0,5.0042996,0,0.0,1.0,1.0
10000,0.7,0.5,0.032236191301916656,4.605170185988092,0.007000000000000003,0.3729140689055746,0.7,exponential,703,45.0,45.0,4.7117,0,0.0,1.0,1.0
10000,0.7,0.5,0.032236191301916656,4.605170185988092,0.007000000000000003,0.3729140689055746,0.7,exponential,704,265.0,265.0,4.7704,0,0.0,1.0,1.0
10000,0.7,0.5,0.032236191301916656,4.605170185988092,0.007000000000000003,0.3729140689055746,0.7,exponential,705,654.0,654.0,4.3451,0,0.0,1.0,1.0
10000,0.7,0.5,0.032236191301916656,4.605170185988092,0.007000000000000003,0.3729140689055746,0.7,exponential,706,401.0,401.0,5.0404997,0,0.0,1.0,1.0
10000,0.7,0.5,0.032236191301916656,4.605170185988092,0.007000000000000003,0.3729140689055746,0.7,exponential,707,597.0,597.0,5.0488,0,0.0,1.0,1.0
10000,0.7,0.5,0.032236191301916656,4.605170185988092,0.007000000000000003,0.3729140689055746,0.7,exponential,708,225.0,225.0,4.6081,0,0.0,1.0,1.0
10000,0.7,0.5,0.032236191301916656,4.605170185988092,0.007000000000000003,0.3729140689055746,0.7,exponential,709,1207.0,1207.0,4.9726,0,0.0,1.0,1.0
10000,0.7,0.5,0.032236191301916656,4.605170185988092,0.007000000000000003,0.3729140689055746,0.7,exponential,710,296.0,296.0,4.9627,0,0.0,1.0,1.0
10000,0.7,0.5,0.032236191301916656,4.605170185988092,0.007000000000000003,0.3729140689055746,0.7,exponential,711,862.0,862.0,4.8634,0,0.0,1.0,1.0
10000,0.7,0.5,0.032236191301916656,4.605170185988092,0.007000000000000003,0.3729140689055746,0.7,exponential,712,170.0,170.0,4.8413,0,0.0,1.0,1.0
10000,0.7,0.5,0.032236191301916656,4.605170185988092,0.007000000000000003,0.3729140689055746,0.7,exponential,713,405.0,405.0,4.5645,0,0.0,1.0,1.0
10000,0.7,0.5,0.032236191301916656,4.605170185988092,0.007000000000000003,0.3729140689055746,0.7,exponential,714,514.0,514.0,4.5379,0,0.0,1.0,1.0
10000,0.7,0.5,0.032236191301916656,4.605170185988092,0.007000000000000003,0.3729140689055746,0.7,exponential,715,60.0,60.0,4.7191,0,0.0,1.0,1.0
10000,0.7,0.5,0.032236191301916656,4.605170185988092,0.007000000000000003,0.3729140689055746,0.7,exponential,716,118.0,118.0,4.8083997,0,0.0,1.0,1.0
10000,0.7,0.5,0.032236191301916656,4.605170185988092,0.007000000000000003,0.3729140689055746,0.7,exponential,717,237.0,237.0,5.3626,0,0.0,1.0,1.0
10000,0.7,0.5,0.032236191301916656,4.605170185988092,0.007000000000000003,0.3729140689055746,0.7,exponential,718,364.0,364.0,4.4427,0,0.0,1.0,1.0
10000,0.7,0.5,0.032236191301916656,4.605170185988092,0.007000000000000003,0.3729140689055746,0.7,exponential,719,274.0,274.0,5.0127,0,0.0,1.0,1.0
10000,0.7,0.5,0.032236191301916656,4.605170185988092,0.007000000000000003,0.3729140689055746,0.7,exponential,720,481.0,481.0,5.2258997,0,0.0,1.0,1.0
10000,0.7,0.5,0.032236191301916656,4.605170185988092,0.007000000000000003,0.3729140689055746,0.7,exponential,721,276.0,276.0,4.7306,0,0.0,1.0,1.0
10000,0.7,0.5,0.032236191301916656,4.605170185988092,0.007000000000000003,0.3729140689055746,0.7,exponential,722,538.0,538.0,4.9153,0,0.0,1.0,1.0
10000,0.7,0.5,0.032236191301916656,4.605170185988092,0.007000000000000003,0.3729140689055746,0.7,exponential,723,182.0,182.0,4.4895997,0,0.0,1.0,1.0
10000,0.7,0.5,0.032236191301916656,4.605170185988092,0.007000000000000003,0.3729140689055746,0.7,exponential,724,79.0,79.0,4.7462997,0,0.0,1.0,1.0
10000,0.7,0.5,0.032236191301916656,4.605170185988092,0.007000000000000003,0.3729140689055746,0.7,exponential,725,783.0,783.0,4.9251,0,0.0,1.0,1.0
10000,0.7,0.5,0.032236191301916656,4.605170185988092,0.007000000000000003,0.3729140689055746,0.7,exponential,726,430.0,430.0,4.5632,0,0.0,1.0,1.0
10000,0.7,0.5,0.032236191301916656,4.605170185988092,0.007000000000000003,0.3729140689055746,0.7,exponential,727,256.0,256.0,4.5976,0,0.0,1.0,1.0
10000,0.7,0.5,0.032236191301916656,4.605170185988092,0.007000000000000003,0.3729140689055746,0.7,exponential,728,258.0,258.0,4.8884,0,0.0,1.0,1.0
10000,0.7,0.5,0.032236191301916656,4.605170185988092,0.007000000000000003,0.3729140689055746,0.7,exponential,729,188.0,188.0,4.6597,0,0.0,1.0,1.0
10000,0.7,0.5,0.032236191301916656,4.605170185988092,0.007000000000000003,0.3729140689055746,0.7,exponential,730,190.0,190.0,5.1087,0,0.0,1.0,1.0
10000,0.7,0.5,0.032236191301916656,4.605170185988092,0.007000000000000003,0.3729140689055746,0.7,exponential,731,1067.0,1067.0,4.8610997,0,0.0,1.0,1.0
10000,0.7,0.5,0.032236191301916656,4.605170185988092,0.007000000000000003,0.3729140689055746,0.7,exponential,732,680.0,680.0,4.4635,0,0.0,1.0,1.0
10000,0.7,0.5,0.032236191301916656,4.605170185988092,0.007000000000000003,0.3729140689055746,0.7,exponential,733,74.0,74.0,4.6507998,0,0.0,1.0,1.0
10000,0.7,0.5,0.032236191301916656,4.605170185988092,0.007000000000000003,0.3729140689055746,0.7,exponential,734,1347.0,1347.0,4.3034997,0,0.0,1.0,1.0
10000,0.7,0.5,0.032236191301916656,4.605170185988092,0.007000000000000003,0.3729140689055746,0.7,exponential,735,586.0,586.0,4.8276997,0,0.0,1.0,1.0
10000,0.7,0.5,0.032236191301916656,4.605170185988092,0.007000000000000003,0.3729140689055746,0.7,exponential,736,91.0,91.0,4.8367,0,0.0,1.0,1.0
10000,0.7,0.5,0.032236191301916656,4.605170185988092,0.007000000000000003,0.3729140689055746,0.7,exponential,737,733.0,733.0,4.5189,0,0.0,1.0,1.0
10000,0.7,0.5,0.032236191301916656,4.605170185988092,0.007000000000000003,0.3729140689055746,0.7,exponential,738,182.0,182.0,4.2872,0,0.0,1.0,1.0
10000,0.7,0.5,0.032236191301916656,4.605170185988092,0.007000000000000003,0.3729140689055746,0.7,exponential,739,836.0,836.0,4.7678,0,0.0,1.0,1.0
10000,0.7,0.5,0.032236191301916656,4.605170185988092,0.007000000000000003,0.3729140689055746,0.7,exponential,740,87.0,87.0,4.7057,0,0.0,1.0,1.0
10000,0.7,0.5,0.032236191301916656,4.605170185988092,0.007000000000000003,0.3729140689055746,0.7,exponential,741,1144.0,1144.0,4.6840997,0,0.0,1.0,1.0
10000,0.7,0.5,0.032236191301916656,4.605170185988092,0.007000000000000003,0.3729140689055746,0.7,exponential,742,130.0,130.0,4.5074997,0,0.0,1.0,1.0
10000,0.7,0.5,0.032236191301916656,4.605170185988092,0.007000000000000003,0.3729140689055746,0.7,exponential,743,796.0,796.0,5.0752,0,0.0,1.0,1.0
10000,0.7,0.5,0.032236191301916656,4.605170185988092,0.007000000000000003,0.3729140689055746,0.7,exponential,744,216.0,216.0,4.6906,0,0.0,1.0,1.0
10000,0.7,0.5,0.032236191301916656,4.605170185988092,0.007000000000000003,0.3729140689055746,0.7,exponential,745,83.0,83.0,4.5589,0,0.0,1.0,1.0
10000,0.7,0.5,0.032236191301916656,4.605170185988092,0.007000000000000003,0.3729140689055746,0.7,exponential,746,186.0,186.0,4.6544,0,0.0,1.0,1.0
10000,0.7,0.5,0.032236191301916656,4.605170185988092,0.007000000000000003,0.3729140689055746,0.7,exponential,747,362.0,362.0,4.3181,0,0.0,1.0,1.0
10000,0.7,0.5,0.032236191301916656,4.605170185988092,0.007000000000000003,0.3729140689055746,0.7,exponential,748,107.0,107.0,4.5424,0,0.0,1.0,1.0
10000,0.7,0.5,0.032236191301916656,4.605170185988092,0.007000000000000003,0.3729140689055746,0.7,exponential,749,114.0,114.0,4.4769,0,0.0,1.0,1.0
10000,0.7,0.5,0.032236191301916656,4.605170185988092,0.007000000000000003,0.3729140689055746,0.7,exponential,750,663.0,663.0,4.5638,0,0.0,1.0,1.0
10000,0.7,0.5,0.032236191301916656,4.605170185988092,0.007000000000000003,0.3729140689055746,0.7,exponential,751,180.0,180.0,4.7286997,0,0.0,1.0,1.0
10000,0.7,0.5,0.032236191301916656,4.605170185988092,0.007000000000000003,0.3729140689055746,0.7,exponential,752,345.0,345.0,4.8504,0,0.0,1.0,1.0
10000,0.7,0.5,0.032236191301916656,4.605170185988092,0.007000000000000003,0.3729140689055746,0.7,exponential,753,712.0,712.0,4.4467,0,0.0,1.0,1.0
10000,0.7,0.5,0.032236191301916656,4.605170185988092,0.007000000000000003,0.3729140689055746,0.7,exponential,754,395.0,395.0,4.8363,0,0.0,1.0,1.0
10000,0.7,0.5,0.032236191301916656,4.605170185988092,0.007000000000000003,0.3729140689055746,0.7,exponential,755,950.0,950.0,4.8501,0,0.0,1.0,1.0
10000,0.7,0.5,0.032236191301916656,4.605170185988092,0.007000000000000003,0.3729140689055746,0.7,exponential,756,368.0,368.0,4.4200997,0,0.0,1.0,1.0
10000,0.7,0.5,0.032236191301916656,4.605170185988092,0.007000000000000003,0.3729140689055746,0.7,exponential,757,150.0,150.0,4.6359,0,0.0,1.0,1.0
10000,0.7,0.5,0.032236191301916656,4.605170185988092,0.007000000000000003,0.3729140689055746,0.7,exponential,758,745.0,745.0,4.6089997,0,0.0,1.0,1.0
10000,0.7,0.5,0.032236191301916656,4.605170185988092,0.007000000000000003,0.3729140689055746,0.7,exponential,759,366.0,366.0,4.7391,0,0.0,1.0,1.0
10000,0.7,0.5,0.032236191301916656,4.605170185988092,0.007000000000000003,0.3729140689055746,0.7,exponential,760,1116.0,1116.0,4.4631,0,0.0,1.0,1.0
10000,0.7,0.5,0.032236191301916656,4.605170185988092,0.007000000000000003,0.3729140689055746,0.7,exponential,761,514.0,514.0,4.617,0,0.0,1.0,1.0
10000,0.7,0.5,0.032236191301916656,4.605170185988092,0.007000000000000003,0.3729140689055746,0.7,exponential,762,92.0,92.0,4.4472,0,0.0,1.0,1.0
10000,0.7,0.5,0.032236191301916656,4.605170185988092,0.007000000000000003,0.3729140689055746,0.7,exponential,763,176.0,176.0,4.7103,0,0.0,1.0,1.0
10000,0.7,0.5,0.032236191301916656,4.605170185988092,0.007000000000000003,0.3729140689055746,0.7,exponential,764,213.0,213.0,4.9709,0,0.0,1.0,1.0
10000,0.7,0.5,0.032236191301916656,4.605170185988092,0.007000000000000003,0.3729140689055746,0.7,exponential,765,723.0,723.0,5.0358996,0,0.0,1.0,1.0
10000,0.7,0.5,0.032236191301916656,4.605170185988092,0.007000000000000003,0.3729140689055746,0.7,exponential,766,84.0,84.0,4.3782997,0,0.0,1.0,1.0
10000,0.7,0.5,0.032236191301916656,4.605170185988092,0.007000000000000003,0.3729140689055746,0.7,exponential,767,131.0,131.0,4.5789,0,0.0,1.0,1.0
10000,0.7,0.5,0.032236191301916656,4.605170185988092,0.007000000000000003,0.3729140689055746,0.7,exponential,768,447.0,447.0,4.7072997,0,0.0,1.0,1.0
10000,0.7,0.5,0.032236191301916656,4.605170185988092,0.007000000000000003,0.3729140689055746,0.7,exponential,769,1605.0,1605.0,4.6584997,0,0.0,1.0,1.0
10000,0.7,0.5,0.032236191301916656,4.605170185988092,0.007000000000000003,0.3729140689055746,0.7,exponential,770,502.0,502.0,4.4948,0,0.0,1.0,1.0
10000,0.7,0.5,0.032236191301916656,4.605170185988092,0.007000000000000003,0.3729140689055746,0.7,exponential,771,690.0,690.0,4.6689,0,0.0,1.0,1.0
10000,0.7,0.5,0.032236191301916656,4.605170185988092,0.007000000000000003,0.3729140689055746,0.7,exponential,772,147.0,147.0,4.8099,0,0.0,1.0,1.0
10000,0.7,0.5,0.032236191301916656,4.605170185988092,0.007000000000000003,0.3729140689055746,0.7,exponential,773,668.0,668.0,4.2118,0,0.0,1.0,1.0
10000,0.7,0.5,0.032236191301916656,4.605170185988092,0.007000000000000003,0.3729140689055746,0.7,exponential,774,409.0,409.0,4.4326997,0,0.0,1.0,1.0
10000,0.7,0.5,0.032236191301916656,4.605170185988092,0.007000000000000003,0.3729140689055746,0.7,exponential,775,63.0,63.0,4.7037997,0,0.0,1.0,1.0
10000,0.7,0.5,0.032236191301916656,4.605170185988092,0.007000000000000003,0.3729140689055746,0.7,exponential,776,66.0,66.0,4.8917,0,0.0,1.0,1.0
10000,0.7,0.5,0.032236191301916656,4.605170185988092,0.007000000000000003,0.3729140689055746,0.7,exponential,777,463.0,463.0,4.6373997,0,0.0,1.0,1.0
10000,0.7,0.5,0.032236191301916656,4.605170185988092,0.007000000000000003,0.3729140689055746,0.7,exponential,778,392.0,392.0,4.6907,0,0.0,1.0,1.0
10000,0.7,0.5,0.032236191301916656,4.605170185988092,0.007000000000000003,0.3729140689055746,0.7,exponential,779,565.0,565.0,4.9676,0,0.0,1.0,1.0
10000,0.7,0.5,0.032236191301916656,4.605170185988092,0.007000000000000003,0.3729140689055746,0.7,exponential,780,215.0,215.0,4.8483996,0,0.0,1.0,1.0
10000,0.7,0.5,0.032236191301916656,4.605170185988092,0.007000000000000003,0.3729140689055746,0.7,exponential,781,177.0,177.0,4.428,0,0.0,1.0,1.0
10000,0.7,0.5,0.032236191301916656,4.605170185988092,0.007000000000000003,0.3729140689055746,0.7,exponential,782,74.0,74.0,4.5569,0,0.0,1.0,1.0
10000,0.7,0.5,0.032236191301916656,4.605170185988092,0.007000000000000003,0.3729140689055746,0.7,exponential,783,178.0,178.0,4.6431,0,0.0,1.0,1.0
10000,0.7,0.5,0.032236191301916656,4.605170185988092,0.007000000000000003,0.3729140689055746,0.7,exponential,784,268.0,268.0,5.1941,0,0.0,1.0,1.0
10000,0.7,0.5,0.032236191301916656,4.605170185988092,0.007000000000000003,0.3729140689055746,0.7,exponential,785,397.0,397.0,5.0790997,0,0.0,1.0,1.0
10000,0.7,0.5,0.032236191301916656,4.605170185988092,0.007000000000000003,0.3729140689055746,0.7,exponential,786,1433.0,1433.0,4.858,0,0.0,1.0,1.0
10000,0.7,0.5,0.032236191301916656,4.605170185988092,0.007000000000000003,0.3729140689055746,0.7,exponential,787,504.0,504.0,4.4621997,0,0.0,1.0,1.0
10000,0.7,0.5,0.032236191301916656,4.605170185988092,0.007000000000000003,0.3729140689055746,0.7,exponential,788,441.0,441.0,4.5631,0,0.0,1.0,1.0
10000,0.7,0.5,0.032236191301916656,4.605170185988092,0.007000000000000003,0.3729140689055746,0.7,exponential,789,1271.0,1271.0,5.08,0,0.0,1.0,1.0
10000,0.7,0.5,0.032236191301916656,4.605170185988092,0.007000000000000003,0.3729140689055746,0.7,exponential,790,93.0,93.0,4.7820997,0,0.0,1.0,1.0
10000,0.7,0.5,0.032236191301916656,4.605170185988092,0.007000000000000003,0.3729140689055746,0.7,exponential,791,106.0,106.0,4.9161,0,0.0,1.0,1.0
10000,0.7,0.5,0.032236191301916656,4.605170185988092,0.007000000000000003,0.3729140689055746,0.7,exponential,792,1083.0,1083.0,4.6781,0,0.0,1.0,1.0
10000,0.7,0.5,0.032236191301916656,4.605170185988092,0.007000000000000003,0.3729140689055746,0.7,exponential,793,121.0,121.0,4.9140997,0,0.0,1.0,1.0
10000,0.7,0.5,0.032236191301916656,4.605170185988092,0.007000000000000003,0.3729140689055746,0.7,exponential,794,85.0,85.0,4.8153996,0,0.0,1.0,1.0
10000,0.7,0.5,0.032236191301916656,4.605170185988092,0.007000000000000003,0.3729140689055746,0.7,exponential,795,212.0,212.0,4.8391,0,0.0,1.0,1.0
10000,0.7,0.5,0.032236191301916656,4.605170185988092,0.007000000000000003,0.3729140689055746,0.7,exponential,796,146.0,146.0,4.6647,0,0.0,1.0,1.0
10000,0.7,0.5,0.032236191301916656,4.605170185988092,0.007000000000000003,0.3729140689055746,0.7,exponential,797,171.0,171.0,4.5232997,0,0.0,1.0,1.0
10000,0.7,0.5,0.032236191301916656,4.605170185988092,0.007000000000000003,0.3729140689055746,0.7,exponential,798,95.0,95.0,5.0590997,0,0.0,1.0,1.0
10000,0.7,0.5,0.032236191301916656,4.605170185988092,0.007000000000000003,0.3729140689055746,0.7,exponential,799,820.0,820.0,4.3817997,0,0.0,1.0,1.0
10000,0.7,0.5,0.032236191301916656,4.605170185988092,0.007000000000000003,0.3729140689055746,0.7,exponential,800,64.0,64.0,4.4244,0,0.0,1.0,1.0
10000,0.7,0.5,0.032236191301916656,4.605170185988092,0.007000000000000003,0.3729140689055746,0.7,exponential,801,342.0,342.0,4.95,0,0.0,1.0,1.0
10000,0.7,0.5,0.032236191301916656,4.605170185988092,0.007000000000000003,0.3729140689055746,0.7,exponential,802,505.0,505.0,5.1259,0,0.0,1.0,1.0
10000,0.7,0.5,0.032236191301916656,4.605170185988092,0.007000000000000003,0.3729140689055746,0.7,exponential,803,171.0,171.0,5.4035997,0,0.0,1.0,1.0
10000,0.7,0.5,0.032236191301916656,4.605170185988092,0.007000000000000003,0.3729140689055746,0.7,exponential,804,178.0,178.0,4.2513,0,0.0,1.0,1.0
10000,0.7,0.5,0.032236191301916656,4.605170185988092,0.007000000000000003,0.3729140689055746,0.7,exponential,805,159.0,159.0,4.3545,0,0.0,1.0,1.0
10000,0.7,0.5,0.032236191301916656,4.605170185988092,0.007000000000000003,0.3729140689055746,0.7,exponential,806,591.0,591.0,4.1626997,0,0.0,1.0,1.0
10000,0.7,0.5,0.032236191301916656,4.605170185988092,0.007000000000000003,0.3729140689055746,0.7,exponential,807,141.0,141.0,4.7307997,0,0.0,1.0,1.0
10000,0.7,0.5,0.032236191301916656,4.605170185988092,0.007000000000000003,0.3729140689055746,0.7,exponential,808,128.0,128.0,4.6516,0,0.0,1.0,1.0
10000,0.7,0.5,0.032236191301916656,4.605170185988092,0.007000000000000003,0.3729140689055746,0.7,exponential,809,161.0,161.0,4.7349997,0,0.0,1.0,1.0
10000,0.7,0.5,0.032236191301916656,4.605170185988092,0.007000000000000003,0.3729140689055746,0.7,exponential,810,87.0,87.0,4.9964,0,0.0,1.0,1.0
10000,0.7,0.5,0.032236191301916656,4.605170185988092,0.007000000000000003,0.3729140689055746,0.7,exponential,811,452.0,452.0,4.8901,0,0.0,1.0,1.0
10000,0.7,0.5,0.032236191301916656,4.605170185988092,0.007000000000000003,0.3729140689055746,0.7,exponential,812,149.0,149.0,4.6389,0,0.0,1.0,1.0
10000,0.7,0.5,0.032236191301916656,4.605170185988092,0.007000000000000003,0.3729140689055746,0.7,exponential,813,349.0,349.0,4.9591,0,0.0,1.0,1.0
10000,0.7,0.5,0.032236191301916656,4.605170185988092,0.007000000000000003,0.3729140689055746,0.7,exponential,814,107.0,107.0,4.2289,0,0.0,1.0,1.0
10000,0.7,0.5,0.032236191301916656,4.605170185988092,0.007000000000000003,0.3729140689055746,0.7,exponential,815,597.0,597.0,4.5004,0,0.0,1.0,1.0
10000,0.7,0.5,0.032236191301916656,4.605170185988092,0.007000000000000003,0.3729140689055746,0.7,exponential,816,1243.0,1243.0,4.848,0,0.0,1.0,1.0
10000,0.7,0.5,0.032236191301916656,4.605170185988092,0.007000000000000003,0.3729140689055746,0.7,exponential,817,309.0,309.0,4.5877,0,0.0,1.0,1.0
10000,0.7,0.5,0.032236191301916656,4.605170185988092,0.007000000000000003,0.3729140689055746,0.7,exponential,818,172.0,172.0,4.8251,0,0.0,1.0,1.0
10000,0.7,0.5,0.032236191301916656,4.605170185988092,0.007000000000000003,0.3729140689055746,0.7,exponential,819,409.0,409.0,4.4547997,0,0.0,1.0,1.0
10000,0.7,0.5,0.032236191301916656,4.605170185988092,0.007000000000000003,0.3729140689055746,0.7,exponential,820,181.0,181.0,5.0871997,0,0.0,1.0,1.0
10000,0.7,0.5,0.032236191301916656,4.605170185988092,0.007000000000000003,0.3729140689055746,0.7,exponential,821,230.0,230.0,4.7297997,0,0.0,1.0,1.0
10000,0.7,0.5,0.032236191301916656,4.605170185988092,0.007000000000000003,0.3729140689055746,0.7,exponential,822,287.0,287.0,4.8325,0,0.0,1.0,1.0
10000,0.7,0.5,0.032236191301916656,4.605170185988092,0.007000000000000003,0.3729140689055746,0.7,exponential,823,867.0,867.0,4.8361998,0,0.0,1.0,1.0
10000,0.7,0.5,0.032236191301916656,4.605170185988092,0.007000000000000003,0.3729140689055746,0.7,exponential,824,1027.0,1027.0,4.4016,0,0.0,1.0,1.0
10000,0.7,0.5,0.032236191301916656,4.605170185988092,0.007000000000000003,0.3729140689055746,0.7,exponential,825,219.0,219.0,4.8546,0,0.0,1.0,1.0
10000,0.7,0.5,0.032236191301916656,4.605170185988092,0.007000000000000003,0.3729140689055746,0.7,exponential,826,125.0,125.0,4.7962,0,0.0,1.0,1.0
10000,0.7,0.5,0.032236191301916656,4.605170185988092,0.007000000000000003,0.3729140689055746,0.7,exponential,827,1652.0,1652.0,4.4593,0,0.0,1.0,1.0
10000,0.7,0.5,0.032236191301916656,4.605170185988092,0.007000000000000003,0.3729140689055746,0.7,exponential,828,389.0,389.0,4.5189,0,0.0,1.0,1.0
10000,0.7,0.5,0.032236191301916656,4.605170185988092,0.007000000000000003,0.3729140689055746,0.7,exponential,829,531.0,531.0,4.7076,0,0.0,1.0,1.0
10000,0.7,0.5,0.032236191301916656,4.605170185988092,0.007000000000000003,0.3729140689055746,0.7,exponential,830,1083.0,1083.0,4.2012,0,0.0,1.0,1.0
10000,0.7,0.5,0.032236191301916656,4.605170185988092,0.007000000000000003,0.3729140689055746,0.7,exponential,831,1003.0,1003.0,4.4863,0,0.0,1.0,1.0
10000,0.7,0.5,0.032236191301916656,4.605170185988092,0.007000000000000003,0.3729140689055746,0.7,exponential,832,447.0,447.0,4.8876,0,0.0,1.0,1.0
10000,0.7,0.5,0.032236191301916656,4.605170185988092,0.007000000000000003,0.3729140689055746,0.7,exponential,833,411.0,411.0,4.5119,0,0.0,1.0,1.0
10000,0.7,0.5,0.032236191301916656,4.605170185988092,0.007000000000000003,0.3729140689055746,0.7,exponential,834,83.0,83.0,4.6656,0,0.0,1.0,1.0
10000,0.7,0.5,0.032236191301916656,4.605170185988092,0.007000000000000003,0.3729140689055746,0.7,exponential,835,338.0,338.0,4.2247,0,0.0,1.0,1.0
10000,0.7,0.5,0.032236191301916656,4.605170185988092,0.007000000000000003,0.3729140689055746,0.7,exponential,836,111.0,111.0,4.2552,0,0.0,1.0,1.0
10000,0.7,0.5,0.032236191301916656,4.605170185988092,0.007000000000000003,0.3729140689055746,0.7,exponential,837,1224.0,1224.0,4.8975,0,0.0,1.0,1.0
10000,0.7,0.5,0.032236191301916656,4.605170185988092,0.007000000000000003,0.3729140689055746,0.7,exponential,838,223.0,223.0,5.139,0,0.0,1.0,1.0
10000,0.7,0.5,0.032236191301916656,4.605170185988092,0.007000000000000003,0.3729140689055746,0.7,exponential,839,149.0,149.0,4.7664,0,0.0,1.0,1.0
10000,0.7,0.5,0.032236191301916656,4.605170185988092,0.007000000000000003,0.3729140689055746,0.7,exponential,840,951.0,951.0,5.3837,0,0.0,1.0,1.0
10000,0.7,0.5,0.032236191301916656,4.605170185988092,0.007000000000000003,0.3729140689055746,0.7,exponential,841,48.0,48.0,4.433,0,0.0,1.0,1.0
10000,0.7,0.5,0.032236191301916656,4.605170185988092,0.007000000000000003,0.3729140689055746,0.7,exponential,842,101.0,101.0,4.6369,0,0.0,1.0,1.0
10000,0.7,0.5,0.032236191301916656,4.605170185988092,0.007000000000000003,0.3729140689055746,0.7,exponential,843,107.0,107.0,4.9540997,0,0.0,1.0,1.0
10000,0.7,0.5,0.032236191301916656,4.605170185988092,0.007000000000000003,0.3729140689055746,0.7,exponential,844,124.0,124.0,4.8018,0,0.0,1.0,1.0
10000,0.7,0.5,0.032236191301916656,4.605170185988092,0.007000000000000003,0.3729140689055746,0.7,exponential,845,79.0,79.0,4.7047,0,0.0,1.0,1.0
10000,0.7,0.5,0.032236191301916656,4.605170185988092,0.007000000000000003,0.3729140689055746,0.7,exponential,846,145.0,145.0,4.9249,0,0.0,1.0,1.0
10000,0.7,0.5,0.032236191301916656,4.605170185988092,0.007000000000000003,0.3729140689055746,0.7,exponential,847,195.0,195.0,4.7851,0,0.0,1.0,1.0
10000,0.7,0.5,0.032236191301916656,4.605170185988092,0.007000000000000003,0.3729140689055746,0.7,exponential,848,417.0,417.0,4.9814,0,0.0,1.0,1.0
10000,0.7,0.5,0.032236191301916656,4.605170185988092,0.007000000000000003,0.3729140689055746,0.7,exponential,849,156.0,156.0,5.2871,0,0.0,1.0,1.0
10000,0.7,0.5,0.032236191301916656,4.605170185988092,0.007000000000000003,0.3729140689055746,0.7,exponential,850,396.0,396.0,4.9769998,0,0.0,1.0,1.0
10000,0.7,0.5,0.032236191301916656,4.605170185988092,0.007000000000000003,0.3729140689055746,0.7,exponential,851,435.0,435.0,4.5264,0,0.0,1.0,1.0
10000,0.7,0.5,0.032236191301916656,4.605170185988092,0.007000000000000003,0.3729140689055746,0.7,exponential,852,285.0,285.0,4.6313,0,0.0,1.0,1.0
10000,0.7,0.5,0.032236191301916656,4.605170185988092,0.007000000000000003,0.3729140689055746,0.7,exponential,853,115.0,115.0,4.7481,0,0.0,1.0,1.0
10000,0.7,0.5,0.032236191301916656,4.605170185988092,0.007000000000000003,0.3729140689055746,0.7,exponential,854,145.0,145.0,4.6212997,0,0.0,1.0,1.0
10000,0.7,0.5,0.032236191301916656,4.605170185988092,0.007000000000000003,0.3729140689055746,0.7,exponential,855,534.0,534.0,4.4207997,0,0.0,1.0,1.0
10000,0.7,0.5,0.032236191301916656,4.605170185988092,0.007000000000000003,0.3729140689055746,0.7,exponential,856,152.0,152.0,4.5071,0,0.0,1.0,1.0
10000,0.7,0.5,0.032236191301916656,4.605170185988092,0.007000000000000003,0.3729140689055746,0.7,exponential,857,1581.0,1581.0,4.9283,0,0.0,1.0,1.0
10000,0.7,0.5,0.032236191301916656,4.605170185988092,0.007000000000000003,0.3729140689055746,0.7,exponential,858,390.0,390.0,4.2545,0,0.0,1.0,1.0
10000,0.7,0.5,0.032236191301916656,4.605170185988092,0.007000000000000003,0.3729140689055746,0.7,exponential,859,1018.0,1018.0,5.3145,0,0.0,1.0,1.0
10000,0.7,0.5,0.032236191301916656,4.605170185988092,0.007000000000000003,0.3729140689055746,0.7,exponential,860,312.0,312.0,5.2395,0,0.0,1.0,1.0
10000,0.7,0.5,0.032236191301916656,4.605170185988092,0.007000000000000003,0.3729140689055746,0.7,exponential,861,652.0,652.0,4.398,0,0.0,1.0,1.0
10000,0.7,0.5,0.032236191301916656,4.605170185988092,0.007000000000000003,0.3729140689055746,0.7,exponential,862,234.0,234.0,4.4761,0,0.0,1.0,1.0
10000,0.7,0.5,0.032236191301916656,4.605170185988092,0.007000000000000003,0.3729140689055746,0.7,exponential,863,159.0,159.0,4.9101996,0,0.0,1.0,1.0
10000,0.7,0.5,0.032236191301916656,4.605170185988092,0.007000000000000003,0.3729140689055746,0.7,exponential,864,174.0,174.0,4.3886,0,0.0,1.0,1.0
10000,0.7,0.5,0.032236191301916656,4.605170185988092,0.007000000000000003,0.3729140689055746,0.7,exponential,865,419.0,419.0,5.5281997,0,0.0,1.0,1.0
10000,0.7,0.5,0.032236191301916656,4.605170185988092,0.007000000000000003,0.3729140689055746,0.7,exponential,866,1144.0,1144.0,4.9697,0,0.0,1.0,1.0
10000,0.7,0.5,0.032236191301916656,4.605170185988092,0.007000000000000003,0.3729140689055746,0.7,exponential,867,79.0,79.0,4.601,0,0.0,1.0,1.0
10000,0.7,0.5,0.032236191301916656,4.605170185988092,0.007000000000000003,0.3729140689055746,0.7,exponential,868,216.0,216.0,4.6129,0,0.0,1.0,1.0
10000,0.7,0.5,0.032236191301916656,4.605170185988092,0.007000000000000003,0.3729140689055746,0.7,exponential,869,40.0,40.0,4.6143,0,0.0,1.0,1.0
10000,0.7,0.5,0.032236191301916656,4.605170185988092,0.007000000000000003,0.3729140689055746,0.7,exponential,870,674.0,674.0,4.8914,0,0.0,1.0,1.0
10000,0.7,0.5,0.032236191301916656,4.605170185988092,0.007000000000000003,0.3729140689055746,0.7,exponential,871,818.0,818.0,4.7841,0,0.0,1.0,1.0
10000,0.7,0.5,0.032236191301916656,4.605170185988092,0.007000000000000003,0.3729140689055746,0.7,exponential,872,226.0,226.0,5.0365,0,0.0,1.0,1.0
10000,0.7,0.5,0.032236191301916656,4.605170185988092,0.007000000000000003,0.3729140689055746,0.7,exponential,873,270.0,270.0,4.8455,0,0.0,1.0,1.0
10000,0.7,0.5,0.032236191301916656,4.605170185988092,0.007000000000000003,0.3729140689055746,0.7,exponential,874,1370.0,1370.0,4.4962,0,0.0,1.0,1.0
10000,0.7,0.5,0.032236191301916656,4.605170185988092,0.007000000000000003,0.3729140689055746,0.7,exponential,875,710.0,710.0,4.3742,0,0.0,1.0,1.0
10000,0.7,0.5,0.032236191301916656,4.605170185988092,0.007000000000000003,0.3729140689055746,0.7,exponential,876,99.0,99.0,5.0543,0,0.0,1.0,1.0
10000,0.7,0.5,0.032236191301916656,4.605170185988092,0.007000000000000003,0.3729140689055746,0.7,exponential,877,98.0,98.0,4.6844,0,0.0,1.0,1.0
10000,0.7,0.5,0.032236191301916656,4.605170185988092,0.007000000000000003,0.3729140689055746,0.7,exponential,878,193.0,193.0,4.7581,0,0.0,1.0,1.0
10000,0.7,0.5,0.032236191301916656,4.605170185988092,0.007000000000000003,0.3729140689055746,0.7,exponential,879,187.0,187.0,4.6695,0,0.0,1.0,1.0
10000,0.7,0.5,0.032236191301916656,4.605170185988092,0.007000000000000003,0.3729140689055746,0.7,exponential,880,1814.0,1814.0,4.8275,0,0.0,1.0,1.0
10000,0.7,0.5,0.032236191301916656,4.605170185988092,0.007000000000000003,0.3729140689055746,0.7,exponential,881,321.0,321.0,4.791,0,0.0,1.0,1.0
10000,0.7,0.5,0.032236191301916656,4.605170185988092,0.007000000000000003,0.3729140689055746,0.7,exponential,882,92.0,92.0,4.8641,0,0.0,1.0,1.0
10000,0.7,0.5,0.032236191301916656,4.605170185988092,0.007000000000000003,0.3729140689055746,0.7,exponential,883,691.0,691.0,4.4212,0,0.0,1.0,1.0
10000,0.7,0.5,0.032236191301916656,4.605170185988092,0.007000000000000003,0.3729140689055746,0.7,exponential,884,234.0,234.0,5.0002,0,0.0,1.0,1.0
10000,0.7,0.5,0.032236191301916656,4.605170185988092,0.007000000000000003,0.3729140689055746,0.7,exponential,885,472.0,472.0,4.8526,0,0.0,1.0,1.0
10000,0.7,0.5,0.032236191301916656,4.605170185988092,0.007000000000000003,0.3729140689055746,0.7,exponential,886,790.0,790.0,4.7588,0,0.0,1.0,1.0
10000,0.7,0.5,0.032236191301916656,4.605170185988092,0.007000000000000003,0.3729140689055746,0.7,exponential,887,821.0,821.0,4.5236,0,0.0,1.0,1.0
10000,0.7,0.5,0.032236191301916656,4.605170185988092,0.007000000000000003,0.3729140689055746,0.7,exponential,888,466.0,466.0,5.0706997,0,0.0,1.0,1.0
10000,0.7,0.5,0.032236191301916656,4.605170185988092,0.007000000000000003,0.3729140689055746,0.7,exponential,889,312.0,312.0,5.1082,0,0.0,1.0,1.0
10000,0.7,0.5,0.032236191301916656,4.605170185988092,0.007000000000000003,0.3729140689055746,0.7,exponential,890,226.0,226.0,5.0168,0,0.0,1.0,1.0
10000,0.7,0.5,0.032236191301916656,4.605170185988092,0.007000000000000003,0.3729140689055746,0.7,exponential,891,109.0,109.0,4.9013,0,0.0,1.0,1.0
10000,0.7,0.5,0.032236191301916656,4.605170185988092,0.007000000000000003,0.3729140689055746,0.7,exponential,892,361.0,361.0,4.0692997,0,0.0,1.0,1.0
10000,0.7,0.5,0.032236191301916656,4.605170185988092,0.007000000000000003,0.3729140689055746,0.7,exponential,893,558.0,558.0,4.4484997,0,0.0,1.0,1.0
10000,0.7,0.5,0.032236191301916656,4.605170185988092,0.007000000000000003,0.3729140689055746,0.7,exponential,894,618.0,618.0,5.2795,0,0.0,1.0,1.0
10000,0.7,0.5,0.032236191301916656,4.605170185988092,0.007000000000000003,0.3729140689055746,0.7,exponential,895,75.0,75.0,5.0176,0,0.0,1.0,1.0
10000,0.7,0.5,0.032236191301916656,4.605170185988092,0.007000000000000003,0.3729140689055746,0.7,exponential,896,461.0,461.0,4.8802,0,0.0,1.0,1.0
10000,0.7,0.5,0.032236191301916656,4.605170185988092,0.007000000000000003,0.3729140689055746,0.7,exponential,897,56.0,56.0,4.6198997,0,0.0,1.0,1.0
10000,0.7,0.5,0.032236191301916656,4.605170185988092,0.007000000000000003,0.3729140689055746,0.7,exponential,898,170.0,170.0,4.9811,0,0.0,1.0,1.0
10000,0.7,0.5,0.032236191301916656,4.605170185988092,0.007000000000000003,0.3729140689055746,0.7,exponential,899,303.0,303.0,4.9123,0,0.0,1.0,1.0
10000,0.7,0.5,0.032236191301916656,4.605170185988092,0.007000000000000003,0.3729140689055746,0.7,exponential,900,557.0,557.0,4.4449,0,0.0,1.0,1.0
10000,0.7,0.5,0.032236191301916656,4.605170185988092,0.007000000000000003,0.3729140689055746,0.7,exponential,901,169.0,169.0,4.7485,0,0.0,1.0,1.0
10000,0.7,0.5,0.032236191301916656,4.605170185988092,0.007000000000000003,0.3729140689055746,0.7,exponential,902,497.0,497.0,4.2713,0,0.0,1.0,1.0
10000,0.7,0.5,0.032236191301916656,4.605170185988092,0.007000000000000003,0.3729140689055746,0.7,exponential,903,617.0,617.0,4.3842,0,0.0,1.0,1.0
10000,0.7,0.5,0.032236191301916656,4.605170185988092,0.007000000000000003,0.3729140689055746,0.7,exponential,904,206.0,206.0,4.6102,0,0.0,1.0,1.0
10000,0.7,0.5,0.032236191301916656,4.605170185988092,0.007000000000000003,0.3729140689055746,0.7,exponential,905,1477.0,1477.0,4.6724,0,0.0,1.0,1.0
10000,0.7,0.5,0.032236191301916656,4.605170185988092,0.007000000000000003,0.3729140689055746,0.7,exponential,906,240.0,240.0,4.6863,0,0.0,1.0,1.0
10000,0.7,0.5,0.032236191301916656,4.605170185988092,0.007000000000000003,0.3729140689055746,0.7,exponential,907,275.0,275.0,4.6527,0,0.0,1.0,1.0
10000,0.7,0.5,0.032236191301916656,4.605170185988092,0.007000000000000003,0.3729140689055746,0.7,exponential,908,453.0,453.0,4.2806997,0,0.0,1.0,1.0
10000,0.7,0.5,0.032236191301916656,4.605170185988092,0.007000000000000003,0.3729140689055746,0.7,exponential,909,323.0,323.0,4.889,0,0.0,1.0,1.0
10000,0.7,0.5,0.032236191301916656,4.605170185988092,0.007000000000000003,0.3729140689055746,0.7,exponential,910,132.0,132.0,4.9346,0,0.0,1.0,1.0
10000,0.7,0.5,0.032236191301916656,4.605170185988092,0.007000000000000003,0.3729140689055746,0.7,exponential,911,43.0,43.0,4.6098,0,0.0,1.0,1.0
10000,0.7,0.5,0.032236191301916656,4.605170185988092,0.007000000000000003,0.3729140689055746,0.7,exponential,912,151.0,151.0,4.6788,0,0.0,1.0,1.0
10000,0.7,0.5,0.032236191301916656,4.605170185988092,0.007000000000000003,0.3729140689055746,0.7,exponential,913,331.0,331.0,5.1956997,0,0.0,1.0,1.0
10000,0.7,0.5,0.032236191301916656,4.605170185988092,0.007000000000000003,0.3729140689055746,0.7,exponential,914,119.0,119.0,4.5436,0,0.0,1.0,1.0
10000,0.7,0.5,0.032236191301916656,4.605170185988092,0.007000000000000003,0.3729140689055746,0.7,exponential,915,131.0,131.0,4.5397,0,0.0,1.0,1.0
10000,0.7,0.5,0.032236191301916656,4.605170185988092,0.007000000000000003,0.3729140689055746,0.7,exponential,916,1072.0,1072.0,4.8462,0,0.0,1.0,1.0
10000,0.7,0.5,0.032236191301916656,4.605170185988092,0.007000000000000003,0.3729140689055746,0.7,exponential,917,1204.0,1204.0,5.0354,0,0.0,1.0,1.0
10000,0.7,0.5,0.032236191301916656,4.605170185988092,0.007000000000000003,0.3729140689055746,0.7,exponential,918,257.0,257.0,4.9568,0,0.0,1.0,1.0
10000,0.7,0.5,0.032236191301916656,4.605170185988092,0.007000000000000003,0.3729140689055746,0.7,exponential,919,74.0,74.0,4.6327,0,0.0,1.0,1.0
10000,0.7,0.5,0.032236191301916656,4.605170185988092,0.007000000000000003,0.3729140689055746,0.7,exponential,920,195.0,195.0,4.8356,0,0.0,1.0,1.0
10000,0.7,0.5,0.032236191301916656,4.605170185988092,0.007000000000000003,0.3729140689055746,0.7,exponential,921,411.0,411.0,4.9691,0,0.0,1.0,1.0
10000,0.7,0.5,0.032236191301916656,4.605170185988092,0.007000000000000003,0.3729140689055746,0.7,exponential,922,943.0,943.0,4.7783,0,0.0,1.0,1.0
10000,0.7,0.5,0.032236191301916656,4.605170185988092,0.007000000000000003,0.3729140689055746,0.7,exponential,923,169.0,169.0,5.1632,0,0.0,1.0,1.0
10000,0.7,0.5,0.032236191301916656,4.605170185988092,0.007000000000000003,0.3729140689055746,0.7,exponential,924,151.0,151.0,4.8939,0,0.0,1.0,1.0
10000,0.7,0.5,0.032236191301916656,4.605170185988092,0.007000000000000003,0.3729140689055746,0.7,exponential,925,335.0,335.0,5.0267,0,0.0,1.0,1.0
10000,0.7,0.5,0.032236191301916656,4.605170185988092,0.007000000000000003,0.3729140689055746,0.7,exponential,926,110.0,110.0,4.9119,0,0.0,1.0,1.0
10000,0.7,0.5,0.032236191301916656,4.605170185988092,0.007000000000000003,0.3729140689055746,0.7,exponential,927,360.0,360.0,4.8029,0,0.0,1.0,1.0
10000,0.7,0.5,0.032236191301916656,4.605170185988092,0.007000000000000003,0.3729140689055746,0.7,exponential,928,49.0,49.0,4.6099997,0,0.0,1.0,1.0
10000,0.7,0.5,0.032236191301916656,4.605170185988092,0.007000000000000003,0.3729140689055746,0.7,exponential,929,681.0,681.0,4.2335,0,0.0,1.0,1.0
10000,0.7,0.5,0.032236191301916656,4.605170185988092,0.007000000000000003,0.3729140689055746,0.7,exponential,930,728.0,728.0,5.3264,0,0.0,1.0,1.0
10000,0.7,0.5,0.032236191301916656,4.605170185988092,0.007000000000000003,0.3729140689055746,0.7,exponential,931,2274.0,2274.0,4.3657,0,0.0,1.0,1.0
10000,0.7,0.5,0.032236191301916656,4.605170185988092,0.007000000000000003,0.3729140689055746,0.7,exponential,932,344.0,344.0,4.1201997,0,0.0,1.0,1.0
10000,0.7,0.5,0.032236191301916656,4.605170185988092,0.007000000000000003,0.3729140689055746,0.7,exponential,933,234.0,234.0,4.196,0,0.0,1.0,1.0
10000,0.7,0.5,0.032236191301916656,4.605170185988092,0.007000000000000003,0.3729140689055746,0.7,exponential,934,258.0,258.0,5.3287,0,0.0,1.0,1.0
10000,0.7,0.5,0.032236191301916656,4.605170185988092,0.007000000000000003,0.3729140689055746,0.7,exponential,935,1452.0,1452.0,4.5063,0,0.0,1.0,1.0
10000,0.7,0.5,0.032236191301916656,4.605170185988092,0.007000000000000003,0.3729140689055746,0.7,exponential,936,189.0,189.0,5.1397,0,0.0,1.0,1.0
10000,0.7,0.5,0.032236191301916656,4.605170185988092,0.007000000000000003,0.3729140689055746,0.7,exponential,937,187.0,187.0,4.7812,0,0.0,1.0,1.0
10000,0.7,0.5,0.032236191301916656,4.605170185988092,0.007000000000000003,0.3729140689055746,0.7,exponential,938,150.0,150.0,4.7002,0,0.0,1.0,1.0
10000,0.7,0.5,0.032236191301916656,4.605170185988092,0.007000000000000003,0.3729140689055746,0.7,exponential,939,62.0,62.0,4.7904,0,0.0,1.0,1.0
10000,0.7,0.5,0.032236191301916656,4.605170185988092,0.007000000000000003,0.3729140689055746,0.7,exponential,940,254.0,254.0,5.108,0,0.0,1.0,1.0
10000,0.7,0.5,0.032236191301916656,4.605170185988092,0.007000000000000003,0.3729140689055746,0.7,exponential,941,365.0,365.0,4.7307997,0,0.0,1.0,1.0
10000,0.7,0.5,0.032236191301916656,4.605170185988092,0.007000000000000003,0.3729140689055746,0.7,exponential,942,277.0,277.0,4.4528,0,0.0,1.0,1.0
10000,0.7,0.5,0.032236191301916656,4.605170185988092,0.007000000000000003,0.3729140689055746,0.7,exponential,943,1020.0,1020.0,5.1976,0,0.0,1.0,1.0
10000,0.7,0.5,0.032236191301916656,4.605170185988092,0.007000000000000003,0.3729140689055746,0.7,exponential,944,724.0,724.0,4.836,0,0.0,1.0,1.0
10000,0.7,0.5,0.032236191301916656,4.605170185988092,0.007000000000000003,0.3729140689055746,0.7,exponential,945,167.0,167.0,4.6986,0,0.0,1.0,1.0
10000,0.7,0.5,0.032236191301916656,4.605170185988092,0.007000000000000003,0.3729140689055746,0.7,exponential,946,186.0,186.0,4.4662,0,0.0,1.0,1.0
10000,0.7,0.5,0.032236191301916656,4.605170185988092,0.007000000000000003,0.3729140689055746,0.7,exponential,947,58.0,58.0,4.5136,0,0.0,1.0,1.0
10000,0.7,0.5,0.032236191301916656,4.605170185988092,0.007000000000000003,0.3729140689055746,0.7,exponential,948,39.0,39.0,4.5081997,0,0.0,1.0,1.0
10000,0.7,0.5,0.032236191301916656,4.605170185988092,0.007000000000000003,0.3729140689055746,0.7,exponential,949,129.0,129.0,4.7177997,0,0.0,1.0,1.0
10000,0.7,0.5,0.032236191301916656,4.605170185988092,0.007000000000000003,0.3729140689055746,0.7,exponential,950,1081.0,1081.0,4.3859997,0,0.0,1.0,1.0
10000,0.7,0.5,0.032236191301916656,4.605170185988092,0.007000000000000003,0.3729140689055746,0.7,exponential,951,320.0,320.0,4.4976,0,0.0,1.0,1.0
10000,0.7,0.5,0.032236191301916656,4.605170185988092,0.007000000000000003,0.3729140689055746,0.7,exponential,952,199.0,199.0,5.1461,0,0.0,1.0,1.0
10000,0.7,0.5,0.032236191301916656,4.605170185988092,0.007000000000000003,0.3729140689055746,0.7,exponential,953,169.0,169.0,4.6338,0,0.0,1.0,1.0
10000,0.7,0.5,0.032236191301916656,4.605170185988092,0.007000000000000003,0.3729140689055746,0.7,exponential,954,457.0,457.0,5.0264,0,0.0,1.0,1.0
10000,0.7,0.5,0.032236191301916656,4.605170185988092,0.007000000000000003,0.3729140689055746,0.7,exponential,955,946.0,946.0,5.1983,0,0.0,1.0,1.0
10000,0.7,0.5,0.032236191301916656,4.605170185988092,0.007000000000000003,0.3729140689055746,0.7,exponential,956,112.0,112.0,4.7592998,0,0.0,1.0,1.0
10000,0.7,0.5,0.032236191301916656,4.605170185988092,0.007000000000000003,0.3729140689055746,0.7,exponential,957,358.0,358.0,4.8683,0,0.0,1.0,1.0
10000,0.7,0.5,0.032236191301916656,4.605170185988092,0.007000000000000003,0.3729140689055746,0.7,exponential,958,264.0,264.0,4.4124,0,0.0,1.0,1.0
10000,0.7,0.5,0.032236191301916656,4.605170185988092,0.007000000000000003,0.3729140689055746,0.7,exponential,959,1175.0,1175.0,4.453,0,0.0,1.0,1.0
10000,0.7,0.5,0.032236191301916656,4.605170185988092,0.007000000000000003,0.3729140689055746,0.7,exponential,960,471.0,471.0,4.7531,0,0.0,1.0,1.0
10000,0.7,0.5,0.032236191301916656,4.605170185988092,0.007000000000000003,0.3729140689055746,0.7,exponential,961,61.0,61.0,4.7132998,0,0.0,1.0,1.0
10000,0.7,0.5,0.032236191301916656,4.605170185988092,0.007000000000000003,0.3729140689055746,0.7,exponential,962,584.0,584.0,4.7752,0,0.0,1.0,1.0
10000,0.7,0.5,0.032236191301916656,4.605170185988092,0.007000000000000003,0.3729140689055746,0.7,exponential,963,281.0,281.0,4.6542997,0,0.0,1.0,1.0
10000,0.7,0.5,0.032236191301916656,4.605170185988092,0.007000000000000003,0.3729140689055746,0.7,exponential,964,100.0,100.0,4.5772,0,0.0,1.0,1.0
10000,0.7,0.5,0.032236191301916656,4.605170185988092,0.007000000000000003,0.3729140689055746,0.7,exponential,965,759.0,759.0,4.9377,0,0.0,1.0,1.0
10000,0.7,0.5,0.032236191301916656,4.605170185988092,0.007000000000000003,0.3729140689055746,0.7,exponential,966,122.0,122.0,4.5439,0,0.0,1.0,1.0
10000,0.7,0.5,0.032236191301916656,4.605170185988092,0.007000000000000003,0.3729140689055746,0.7,exponential,967,2989.0,2989.0,5.006,0,0.0,1.0,1.0
10000,0.7,0.5,0.032236191301916656,4.605170185988092,0.007000000000000003,0.3729140689055746,0.7,exponential,968,122.0,122.0,4.8234,0,0.0,1.0,1.0
10000,0.7,0.5,0.032236191301916656,4.605170185988092,0.007000000000000003,0.3729140689055746,0.7,exponential,969,876.0,876.0,4.8517,0,0.0,1.0,1.0
10000,0.7,0.5,0.032236191301916656,4.605170185988092,0.007000000000000003,0.3729140689055746,0.7,exponential,970,70.0,70.0,4.8167996,0,0.0,1.0,1.0
10000,0.7,0.5,0.032236191301916656,4.605170185988092,0.007000000000000003,0.3729140689055746,0.7,exponential,971,1266.0,1266.0,4.5060997,0,0.0,1.0,1.0
10000,0.7,0.5,0.032236191301916656,4.605170185988092,0.007000000000000003,0.3729140689055746,0.7,exponential,972,259.0,259.0,4.6774,0,0.0,1.0,1.0
10000,0.7,0.5,0.032236191301916656,4.605170185988092,0.007000000000000003,0.3729140689055746,0.7,exponential,973,132.0,132.0,4.8036,0,0.0,1.0,1.0
10000,0.7,0.5,0.032236191301916656,4.605170185988092,0.007000000000000003,0.3729140689055746,0.7,exponential,974,263.0,263.0,4.3694997,0,0.0,1.0,1.0
10000,0.7,0.5,0.032236191301916656,4.605170185988092,0.007000000000000003,0.3729140689055746,0.7,exponential,975,404.0,404.0,4.7869,0,0.0,1.0,1.0
10000,0.7,0.5,0.032236191301916656,4.605170185988092,0.007000000000000003,0.3729140689055746,0.7,exponential,976,807.0,807.0,4.4525,0,0.0,1.0,1.0
10000,0.7,0.5,0.032236191301916656,4.605170185988092,0.007000000000000003,0.3729140689055746,0.7,exponential,977,666.0,666.0,4.6240997,0,0.0,1.0,1.0
10000,0.7,0.5,0.032236191301916656,4.605170185988092,0.007000000000000003,0.3729140689055746,0.7,exponential,978,178.0,178.0,5.0759,0,0.0,1.0,1.0
10000,0.7,0.5,0.032236191301916656,4.605170185988092,0.007000000000000003,0.3729140689055746,0.7,exponential,979,124.0,124.0,4.9790998,0,0.0,1.0,1.0
10000,0.7,0.5,0.032236191301916656,4.605170185988092,0.007000000000000003,0.3729140689055746,0.7,exponential,980,295.0,295.0,5.087,0,0.0,1.0,1.0
10000,0.7,0.5,0.032236191301916656,4.605170185988092,0.007000000000000003,0.3729140689055746,0.7,exponential,981,61.0,61.0,4.8494997,0,0.0,1.0,1.0
10000,0.7,0.5,0.032236191301916656,4.605170185988092,0.007000000000000003,0.3729140689055746,0.7,exponential,982,625.0,625.0,4.6047,0,0.0,1.0,1.0
10000,0.7,0.5,0.032236191301916656,4.605170185988092,0.007000000000000003,0.3729140689055746,0.7,exponential,983,91.0,91.0,4.881,0,0.0,1.0,1.0
10000,0.7,0.5,0.032236191301916656,4.605170185988092,0.007000000000000003,0.3729140689055746,0.7,exponential,984,70.0,70.0,5.02,0,0.0,1.0,1.0
10000,0.7,0.5,0.032236191301916656,4.605170185988092,0.007000000000000003,0.3729140689055746,0.7,exponential,985,305.0,305.0,4.5666,0,0.0,1.0,1.0
10000,0.7,0.5,0.032236191301916656,4.605170185988092,0.007000000000000003,0.3729140689055746,0.7,exponential,986,860.0,860.0,4.4821,0,0.0,1.0,1.0
10000,0.7,0.5,0.032236191301916656,4.605170185988092,0.007000000000000003,0.3729140689055746,0.7,exponential,987,356.0,356.0,5.2009997,0,0.0,1.0,1.0
10000,0.7,0.5,0.032236191301916656,4.605170185988092,0.007000000000000003,0.3729140689055746,0.7,exponential,988,818.0,818.0,4.5674,0,0.0,1.0,1.0
10000,0.7,0.5,0.032236191301916656,4.605170185988092,0.007000000000000003,0.3729140689055746,0.7,exponential,989,224.0,224.0,4.4391,0,0.0,1.0,1.0
10000,0.7,0.5,0.032236191301916656,4.605170185988092,0.007000000000000003,0.3729140689055746,0.7,exponential,990,81.0,81.0,4.7964,0,0.0,1.0,1.0
10000,0.7,0.5,0.032236191301916656,4.605170185988092,0.007000000000000003,0.3729140689055746,0.7,exponential,991,304.0,304.0,4.619,0,0.0,1.0,1.0
10000,0.7,0.5,0.032236191301916656,4.605170185988092,0.007000000000000003,0.3729140689055746,0.7,exponential,992,425.0,425.0,4.6197,0,0.0,1.0,1.0
10000,0.7,0.5,0.032236191301916656,4.605170185988092,0.007000000000000003,0.3729140689055746,0.7,exponential,993,271.0,271.0,5.0418,0,0.0,1.0,1.0
10000,0.7,0.5,0.032236191301916656,4.605170185988092,0.007000000000000003,0.3729140689055746,0.7,exponential,994,526.0,526.0,4.4888997,0,0.0,1.0,1.0
10000,0.7,0.5,0.032236191301916656,4.605170185988092,0.007000000000000003,0.3729140689055746,0.7,exponential,995,1517.0,1517.0,4.4307,0,0.0,1.0,1.0
10000,0.7,0.5,0.032236191301916656,4.605170185988092,0.007000000000000003,0.3729140689055746,0.7,exponential,996,201.0,201.0,4.652,0,0.0,1.0,1.0
10000,0.7,0.5,0.032236191301916656,4.605170185988092,0.007000000000000003,0.3729140689055746,0.7,exponential,997,161.0,161.0,4.8634,0,0.0,1.0,1.0
10000,0.7,0.5,0.032236191301916656,4.605170185988092,0.007000000000000003,0.3729140689055746,0.7,exponential,998,260.0,260.0,5.6024,0,0.0,1.0,1.0
10000,0.7,0.5,0.032236191301916656,4.605170185988092,0.007000000000000003,0.3729140689055746,0.7,exponential,999,645.0,645.0,4.9121,0,0.0,1.0,1.0
