N,psi,delta,lambda,theta,alpha,effective_beta,psi_check,selection_mode,path_index,t_0,first_loss_time,kappa_1_at_t0,X0_count_at_stop,X_0_at_stop,leading_zero_count_at_t0,first_nonzero_class_at_t0
10000,1.0,0.4,0.014666810181288346,3.684136148790474,0.003981071705534975,0.45841608216115287,0.9999999999999999,exponential,0,240.0,240.0,3.9843998,0,0.0,1.0,1.0
10000,1.0,0.4,0.014666810181288346,3.684136148790474,0.003981071705534975,0.45841608216115287,0.9999999999999999,exponential,1,404.0,404.0,3.5837998,0,0.0,1.0,1.0
10000,1.0,0.4,0.014666810181288346,3.684136148790474,0.003981071705534975,0.45841608216115287,0.9999999999999999,exponential,2,190.0,190.0,3.9991,0,0.0,1.0,1.0
10000,1.0,0.4,0.014666810181288346,3.684136148790474,0.003981071705534975,0.45841608216115287,0.9999999999999999,exponential,3,934.0,934.0,3.5005999,0,0.0,1.0,1.0
10000,1.0,0.4,0.014666810181288346,3.684136148790474,0.003981071705534975,0.45841608216115287,0.9999999999999999,exponential,4,201.0,201.0,3.8437998,0,0.0,1.0,1.0
10000,1.0,0.4,0.014666810181288346,3.684136148790474,0.003981071705534975,0.45841608216115287,0.9999999999999999,exponential,5,152.0,152.0,4.1614,0,0.0,1.0,1.0
10000,1.0,0.4,0.014666810181288346,3.684136148790474,0.003981071705534975,0.45841608216115287,0.9999999999999999,exponential,6,758.0,758.0,3.6495,0,0.0,1.0,1.0
10000,1.0,0.4,0.014666810181288346,3.684136148790474,0.003981071705534975,0.45841608216115287,0.9999999999999999,exponential,7,508.0,508.0,3.3460999,0,0.0,1.0,1.0
10000,1.0,0.4,0.014666810181288346,3.684136148790474,0.003981071705534975,0.45841608216115287,0.9999999999999999,exponential,8,237.0,237.0,4.0596,0,0.0,1.0,1.0
10000,1.0,0.4,0.014666810181288346,3.684136148790474,0.003981071705534975,0.45841608216115287,0.9999999999999999,exponential,9,1880.0,1880.0,3.8456,0,0.0,1.0,1.0
10000,1.0,0.4,0.014666810181288346,3.684136148790474,0.003981071705534975,0.45841608216115287,0.9999999999999999,exponential,10,148.0,148.0,4.0165,0,0.0,1.0,1.0
10000,1.0,0.4,0.014666810181288346,3.684136148790474,0.003981071705534975,0.45841608216115287,0.9999999999999999,exponential,11,1605.0,1605.0,3.5512,0,0.0,1.0,1.0
10000,1.0,0.4,0.014666810181288346,3.684136148790474,0.003981071705534975,0.45841608216115287,0.9999999999999999,exponential,12,165.0,165.0,3.9896998,0,0.0,1.0,1.0
10000,1.0,0.4,0.014666810181288346,3.684136148790474,0.003981071705534975,0.45841608216115287,0.9999999999999999,exponential,13,862.0,862.0,3.6208,0,0.0,1.0,1.0
10000,1.0,0.4,0.014666810181288346,3.684136148790474,0.003981071705534975,0.45841608216115287,0.9999999999999999,exponential,14,1801.0,1801.0,3.9724998,0,0.0,1.0,1.0
10000,1.0,0.4,0.014666810181288346,3.684136148790474,0.003981071705534975,0.45841608216115287,0.9999999999999999,exponential,15,532.0,532.0,4.7144,0,0.0,1.0,1.0
10000,1.0,0.4,0.014666810181288346,3.684136148790474,0.003981071705534975,0.45841608216115287,0.9999999999999999,exponential,16,1714.0,1714.0,4.1969,0,0.0,1.0,1.0
10000,1.0,0.4,0.014666810181288346,3.684136148790474,0.003981071705534975,0.45841608216115287,0.9999999999999999,exponential,17,484.0,484.0,4.3866997,0,0.0,1.0,1.0
10000,1.0,0.4,0.014666810181288346,3.684136148790474,0.003981071705534975,0.45841608216115287,0.9999999999999999,exponential,18,1132.0,1132.0,3.8713,0,0.0,1.0,1.0
10000,1.0,0.4,0.014666810181288346,3.684136148790474,0.003981071705534975,0.45841608216115287,0.9999999999999999,exponential,19,935.0,935.0,4.093,0,0.0,1.0,1.0
10000,1.0,0.4,0.014666810181288346,3.684136148790474,0.003981071705534975,0.45841608216115287,0.9999999999999999,exponential,20,1164.0,1164.0,3.5867999,0,0.0,1.0,1.0
10000,1.0,0.4,0.014666810181288346,3.684136148790474,0.003981071705534975,0.45841608216115287,0.9999999999999999,exponential,21,2372.0,2372.0,4.0829,0,0.0,1.0,1.0
10000,1.0,0.4,0.014666810181288346,3.684136148790474,0.003981071705534975,0.45841608216115287,0.9999999999999999,exponential,22,499.0,499.0,3.8941,0,0.0,1.0,1.0
10000,1.0,0.4,0.014666810181288346,3.684136148790474,0.003981071705534975,0.45841608216115287,0.9999999999999999,exponential,23,463.0,463.0,3.7977,0,0.0,1.0,1.0
10000,1.0,0.4,0.014666810181288346,3.684136148790474,0.003981071705534975,0.45841608216115287,0.9999999999999999,exponential,24,290.0,290.0,3.7168,0,0.0,1.0,1.0
10000,1.0,0.4,0.014666810181288346,3.684136148790474,0.003981071705534975,0.45841608216115287,0.9999999999999999,exponential,25,436.0,436.0,4.3382,0,0.0,1.0,1.0
10000,1.0,0.4,0.014666810181288346,3.684136148790474,0.003981071705534975,0.45841608216115287,0.9999999999999999,exponential,26,1685.0,1685.0,3.9213998,0,0.0,1.0,1.0
10000,1.0,0.4,0.014666810181288346,3.684136148790474,0.003981071705534975,0.45841608216115287,0.9999999999999999,exponential,27,243.0,243.0,4.3181,0,0.0,1.0,1.0
10000,1.0,0.4,0.014666810181288346,3.684136148790474,0.003981071705534975,0.45841608216115287,0.9999999999999999,exponential,28,671.0,671.0,3.5453,0,0.0,1.0,1.0
10000,1.0,0.4,0.014666810181288346,3.684136148790474,0.003981071705534975,0.45841608216115287,0.9999999999999999,exponential,29,2278.0,2278.0,4.1944,0,0.0,1.0,1.0
10000,1.0,0.4,0.014666810181288346,3.684136148790474,0.003981071705534975,0.45841608216115287,0.9999999999999999,exponential,30,284.0,284.0,3.9629,0,0.0,1.0,1.0
10000,1.0,0.4,0.014666810181288346,3.684136148790474,0.003981071705534975,0.45841608216115287,0.9999999999999999,exponential,31,518.0,518.0,4.4305,0,0.0,1.0,1.0
10000,1.0,0.4,0.014666810181288346,3.684136148790474,0.003981071705534975,0.45841608216115287,0.9999999999999999,exponential,32,1272.0,1272.0,4.3743997,0,0.0,1.0,1.0
10000,1.0,0.4,0.014666810181288346,3.684136148790474,0.003981071705534975,0.45841608216115287,0.9999999999999999,exponential,33,1395.0,1395.0,3.7405,0,0.0,1.0,1.0
10000,1.0,0.4,0.014666810181288346,3.684136148790474,0.003981071705534975,0.45841608216115287,0.9999999999999999,exponential,34,261.0,261.0,4.0347,0,0.0,1.0,1.0
10000,1.0,0.4,0.014666810181288346,3.684136148790474,0.003981071705534975,0.45841608216115287,0.9999999999999999,exponential,35,86.0,86.0,3.862,0,0.0,1.0,1.0
10000,1.0,0.4,0.014666810181288346,3.684136148790474,0.003981071705534975,0.45841608216115287,0.9999999999999999,exponential,36,594.0,594.0,4.1912,0,0.0,1.0,1.0
10000,1.0,0.4,0.014666810181288346,3.684136148790474,0.003981071705534975,0.45841608216115287,0.9999999999999999,exponential,37,1078.0,1078.0,3.9404,0,0.0,1.0,1.0
10000,1.0,0.4,0.014666810181288346,3.684136148790474,0.003981071705534975,0.45841608216115287,0.9999999999999999,exponential,38,81.0,81.0,3.7117,0,0.0,1.0,1.0
10000,1.0,0.4,0.014666810181288346,3.684136148790474,0.003981071705534975,0.45841608216115287,0.9999999999999999,exponential,39,614.0,614.0,3.8133998,0,0.0,1.0,1.0
10000,1.0,0.4,0.014666810181288346,3.684136148790474,0.003981071705534975,0.45841608216115287,0.9999999999999999,exponential,40,264.0,264.0,3.7989,0,0.0,1.0,1.0
10000,1.0,0.4,0.014666810181288346,3.684136148790474,0.003981071705534975,0.45841608216115287,0.9999999999999999,exponential,41,234.0,234.0,4.0773,0,0.0,1.0,1.0
10000,1.0,0.4,0.014666810181288346,3.684136148790474,0.003981071705534975,0.45841608216115287,0.9999999999999999,exponential,42,1007.0,1007.0,3.5821,0,0.0,1.0,1.0
10000,1.0,0.4,0.014666810181288346,3.684136148790474,0.003981071705534975,0.45841608216115287,0.9999999999999999,exponential,43,507.0,507.0,3.9317,0,0.0,1.0,1.0
10000,1.0,0.4,0.014666810181288346,3.684136148790474,0.003981071705534975,0.45841608216115287,0.9999999999999999,exponential,44,601.0,601.0,3.7484999,0,0.0,1.0,1.0
10000,1.0,0.4,0.014666810181288346,3.684136148790474,0.003981071705534975,0.45841608216115287,0.9999999999999999,exponential,45,1117.0,1117.0,4.6664,0,0.0,1.0,1.0
10000,1.0,0.4,0.014666810181288346,3.684136148790474,0.003981071705534975,0.45841608216115287,0.9999999999999999,exponential,46,2649.0,2649.0,4.2511997,0,0.0,1.0,1.0
10000,1.0,0.4,0.014666810181288346,3.684136148790474,0.003981071705534975,0.45841608216115287,0.9999999999999999,exponential,47,259.0,259.0,3.8332999,0,0.0,1.0,1.0
10000,1.0,0.4,0.014666810181288346,3.684136148790474,0.003981071705534975,0.45841608216115287,0.9999999999999999,exponential,48,1256.0,1256.0,3.9777,0,0.0,1.0,1.0
10000,1.0,0.4,0.014666810181288346,3.684136148790474,0.003981071705534975,0.45841608216115287,0.9999999999999999,exponential,49,294.0,294.0,3.75,0,0.0,1.0,1.0
10000,1.0,0.4,0.014666810181288346,3.684136148790474,0.003981071705534975,0.45841608216115287,0.9999999999999999,exponential,50,548.0,548.0,4.3911,0,0.0,1.0,1.0
10000,1.0,0.4,0.014666810181288346,3.684136148790474,0.003981071705534975,0.45841608216115287,0.9999999999999999,exponential,51,458.0,458.0,3.6971,0,0.0,1.0,1.0
10000,1.0,0.4,0.014666810181288346,3.684136148790474,0.003981071705534975,0.45841608216115287,0.9999999999999999,exponential,52,291.0,291.0,4.118,0,0.0,1.0,1.0
10000,1.0,0.4,0.014666810181288346,3.684136148790474,0.003981071705534975,0.45841608216115287,0.9999999999999999,exponential,53,4445.0,4445.0,3.7194,0,0.0,1.0,1.0
10000,1.0,0.4,0.014666810181288346,3.684136148790474,0.003981071705534975,0.45841608216115287,0.9999999999999999,exponential,54,583.0,583.0,3.6801,0,0.0,1.0,1.0
10000,1.0,0.4,0.014666810181288346,3.684136148790474,0.003981071705534975,0.45841608216115287,0.9999999999999999,exponential,55,566.0,566.0,3.944,0,0.0,1.0,1.0
10000,1.0,0.4,0.014666810181288346,3.684136148790474,0.003981071705534975,0.45841608216115287,0.9999999999999999,exponential,56,495.0,495.0,3.7882,0,0.0,1.0,1.0
10000,1.0,0.4,0.014666810181288346,3.684136148790474,0.003981071705534975,0.45841608216115287,0.9999999999999999,exponential,57,379.0,379.0,3.724,0,0.0,1.0,1.0
10000,1.0,0.4,0.014666810181288346,3.684136148790474,0.003981071705534975,0.45841608216115287,0.9999999999999999,exponential,58,1687.0,1687.0,3.8121998,0,0.0,1.0,1.0
10000,1.0,0.4,0.014666810181288346,3.684136148790474,0.003981071705534975,0.45841608216115287,0.9999999999999999,exponential,59,993.0,993.0,3.8476,0,0.0,1.0,1.0
10000,1.0,0.4,0.014666810181288346,3.684136148790474,0.003981071705534975,0.45841608216115287,0.9999999999999999,exponential,60,663.0,663.0,4.0934,0,0.0,1.0,1.0
10000,1.0,0.4,0.014666810181288346,3.684136148790474,0.003981071705534975,0.45841608216115287,0.9999999999999999,exponential,61,474.0,474.0,3.942,0,0.0,1.0,1.0
10000,1.0,0.4,0.014666810181288346,3.684136148790474,0.003981071705534975,0.45841608216115287,0.9999999999999999,exponential,62,454.0,454.0,3.9304,0,0.0,1.0,1.0
10000,1.0,0.4,0.014666810181288346,3.684136148790474,0.003981071705534975,0.45841608216115287,0.9999999999999999,exponential,63,1259.0,1259.0,5.0818,0,0.0,1.0,1.0
10000,1.0,0.4,0.014666810181288346,3.684136148790474,0.003981071705534975,0.45841608216115287,0.9999999999999999,exponential,64,157.0,157.0,3.6388,0,0.0,1.0,1.0
10000,1.0,0.4,0.014666810181288346,3.684136148790474,0.003981071705534975,0.45841608216115287,0.9999999999999999,exponential,65,234.0,234.0,3.7296,0,0.0,1.0,1.0
10000,1.0,0.4,0.014666810181288346,3.684136148790474,0.003981071705534975,0.45841608216115287,0.9999999999999999,exponential,66,606.0,606.0,4.1552997,0,0.0,1.0,1.0
10000,1.0,0.4,0.014666810181288346,3.684136148790474,0.003981071705534975,0.45841608216115287,0.9999999999999999,exponential,67,640.0,640.0,4.382,0,0.0,1.0,1.0
10000,1.0,0.4,0.014666810181288346,3.684136148790474,0.003981071705534975,0.45841608216115287,0.9999999999999999,exponential,68,135.0,135.0,4.1110997,0,0.0,1.0,1.0
10000,1.0,0.4,0.014666810181288346,3.684136148790474,0.003981071705534975,0.45841608216115287,0.9999999999999999,exponential,69,472.0,472.0,4.2543,0,0.0,1.0,1.0
10000,1.0,0.4,0.014666810181288346,3.684136148790474,0.003981071705534975,0.45841608216115287,0.9999999999999999,exponential,70,135.0,135.0,3.7129,0,0.0,1.0,1.0
10000,1.0,0.4,0.014666810181288346,3.684136148790474,0.003981071705534975,0.45841608216115287,0.9999999999999999,exponential,71,1618.0,1618.0,3.5993998,0,0.0,1.0,1.0
10000,1.0,0.4,0.014666810181288346,3.684136148790474,0.003981071705534975,0.45841608216115287,0.9999999999999999,exponential,72,780.0,780.0,3.9199,0,0.0,1.0,1.0
10000,1.0,0.4,0.014666810181288346,3.684136148790474,0.003981071705534975,0.45841608216115287,0.9999999999999999,exponential,73,4318.0,4318.0,4.5952997,0,0.0,1.0,1.0
10000,1.0,0.4,0.014666810181288346,3.684136148790474,0.003981071705534975,0.45841608216115287,0.9999999999999999,exponential,74,499.0,499.0,3.5835,0,0.0,1.0,1.0
10000,1.0,0.4,0.014666810181288346,3.684136148790474,0.003981071705534975,0.45841608216115287,0.9999999999999999,exponential,75,808.0,808.0,3.8741,0,0.0,1.0,1.0
10000,1.0,0.4,0.014666810181288346,3.684136148790474,0.003981071705534975,0.45841608216115287,0.9999999999999999,exponential,76,342.0,342.0,4.0417,0,0.0,1.0,1.0
10000,1.0,0.4,0.014666810181288346,3.684136148790474,0.003981071705534975,0.45841608216115287,0.9999999999999999,exponential,77,1863.0,1863.0,3.4887,0,0.0,1.0,1.0
10000,1.0,0.4,0.014666810181288346,3.684136148790474,0.003981071705534975,0.45841608216115287,0.9999999999999999,exponential,78,3455.0,3455.0,4.1152,0,0.0,1.0,1.0
10000,1.0,0.4,0.014666810181288346,3.684136148790474,0.003981071705534975,0.45841608216115287,0.9999999999999999,exponential,79,1139.0,1139.0,3.9950998,0,0.0,1.0,1.0
10000,1.0,0.4,0.014666810181288346,3.684136148790474,0.003981071705534975,0.45841608216115287,0.9999999999999999,exponential,80,318.0,318.0,4.061,0,0.0,1.0,1.0
10000,1.0,0.4,0.014666810181288346,3.684136148790474,0.003981071705534975,0.45841608216115287,0.9999999999999999,exponential,81,1084.0,1084.0,4.5155,0,0.0,1.0,1.0
10000,1.0,0.4,0.014666810181288346,3.684136148790474,0.003981071705534975,0.45841608216115287,0.9999999999999999,exponential,82,2030.0,2030.0,3.6035,0,0.0,1.0,1.0
10000,1.0,0.4,0.014666810181288346,3.684136148790474,0.003981071705534975,0.45841608216115287,0.9999999999999999,exponential,83,565.0,565.0,3.7131,0,0.0,1.0,1.0
10000,1.0,0.4,0.014666810181288346,3.684136148790474,0.003981071705534975,0.45841608216115287,0.9999999999999999,exponential,84,1784.0,1784.0,4.4498997,0,0.0,1.0,1.0
10000,1.0,0.4,0.014666810181288346,3.684136148790474,0.003981071705534975,0.45841608216115287,0.9999999999999999,exponential,85,153.0,153.0,4.134,0,0.0,1.0,1.0
10000,1.0,0.4,0.014666810181288346,3.684136148790474,0.003981071705534975,0.45841608216115287,0.9999999999999999,exponential,86,1148.0,1148.0,3.4166,0,0.0,1.0,1.0
10000,1.0,0.4,0.014666810181288346,3.684136148790474,0.003981071705534975,0.45841608216115287,0.9999999999999999,exponential,87,621.0,621.0,4.0664997,0,0.0,1.0,1.0
10000,1.0,0.4,0.014666810181288346,3.684136148790474,0.003981071705534975,0.45841608216115287,0.9999999999999999,exponential,88,506.0,506.0,3.9889,0,0.0,1.0,1.0
10000,1.0,0.4,0.014666810181288346,3.684136148790474,0.003981071705534975,0.45841608216115287,0.9999999999999999,exponential,89,1737.0,1737.0,4.0578,0,0.0,1.0,1.0
10000,1.0,0.4,0.014666810181288346,3.684136148790474,0.003981071705534975,0.45841608216115287,0.9999999999999999,exponential,90,146.0,146.0,4.1022,0,0.0,1.0,1.0
10000,1.0,0.4,0.014666810181288346,3.684136148790474,0.003981071705534975,0.45841608216115287,0.9999999999999999,exponential,91,888.0,888.0,3.5077,0,0.0,1.0,1.0
10000,1.0,0.4,0.014666810181288346,3.684136148790474,0.003981071705534975,0.45841608216115287,0.9999999999999999,exponential,92,283.0,283.0,4.032,0,0.0,1.0,1.0
10000,1.0,0.4,0.014666810181288346,3.684136148790474,0.003981071705534975,0.45841608216115287,0.9999999999999999,exponential,93,576.0,576.0,4.0919,0,0.0,1.0,1.0
10000,1.0,0.4,0.014666810181288346,3.684136148790474,0.003981071705534975,0.45841608216115287,0.9999999999999999,exponential,94,482.0,482.0,3.8077,0,0.0,1.0,1.0
10000,1.0,0.4,0.014666810181288346,3.684136148790474,0.003981071705534975,0.45841608216115287,0.9999999999999999,exponential,95,328.0,328.0,4.2679,0,0.0,1.0,1.0
10000,1.0,0.4,0.014666810181288346,3.684136148790474,0.003981071705534975,0.45841608216115287,0.9999999999999999,exponential,96,272.0,272.0,3.7236998,0,0.0,1.0,1.0
10000,1.0,0.4,0.014666810181288346,3.684136148790474,0.003981071705534975,0.45841608216115287,0.9999999999999999,exponential,97,573.0,573.0,3.7770998,0,0.0,1.0,1.0
10000,1.0,0.4,0.014666810181288346,3.684136148790474,0.003981071705534975,0.45841608216115287,0.9999999999999999,exponential,98,371.0,371.0,4.4028,0,0.0,1.0,1.0
10000,1.0,0.4,0.014666810181288346,3.684136148790474,0.003981071705534975,0.45841608216115287,0.9999999999999999,exponential,99,1058.0,1058.0,3.8932998,0,0.0,1.0,1.0
10000,1.0,0.4,0.014666810181288346,3.684136148790474,0.003981071705534975,0.45841608216115287,0.9999999999999999,exponential,100,234.0,234.0,3.5275,0,0.0,1.0,1.0
10000,1.0,0.4,0.014666810181288346,3.684136148790474,0.003981071705534975,0.45841608216115287,0.9999999999999999,exponential,101,324.0,324.0,4.1250997,0,0.0,1.0,1.0
10000,1.0,0.4,0.014666810181288346,3.684136148790474,0.003981071705534975,0.45841608216115287,0.9999999999999999,exponential,102,393.0,393.0,4.115,0,0.0,1.0,1.0
10000,1.0,0.4,0.014666810181288346,3.684136148790474,0.003981071705534975,0.45841608216115287,0.9999999999999999,exponential,103,847.0,847.0,3.8848,0,0.0,1.0,1.0
10000,1.0,0.4,0.014666810181288346,3.684136148790474,0.003981071705534975,0.45841608216115287,0.9999999999999999,exponential,104,682.0,682.0,3.5217,0,0.0,1.0,1.0
10000,1.0,0.4,0.014666810181288346,3.684136148790474,0.003981071705534975,0.45841608216115287,0.9999999999999999,exponential,105,1525.0,1525.0,4.6598,0,0.0,1.0,1.0
10000,1.0,0.4,0.014666810181288346,3.684136148790474,0.003981071705534975,0.45841608216115287,0.9999999999999999,exponential,106,366.0,366.0,4.1566,0,0.0,1.0,1.0
10000,1.0,0.4,0.014666810181288346,3.684136148790474,0.003981071705534975,0.45841608216115287,0.9999999999999999,exponential,107,721.0,721.0,3.7924,0,0.0,1.0,1.0
10000,1.0,0.4,0.014666810181288346,3.684136148790474,0.003981071705534975,0.45841608216115287,0.9999999999999999,exponential,108,2215.0,2215.0,4.2626,0,0.0,1.0,1.0
10000,1.0,0.4,0.014666810181288346,3.684136148790474,0.003981071705534975,0.45841608216115287,0.9999999999999999,exponential,109,3028.0,3028.0,3.7359998,0,0.0,1.0,1.0
10000,1.0,0.4,0.014666810181288346,3.684136148790474,0.003981071705534975,0.45841608216115287,0.9999999999999999,exponential,110,760.0,760.0,4.4256997,0,0.0,1.0,1.0
10000,1.0,0.4,0.014666810181288346,3.684136148790474,0.003981071705534975,0.45841608216115287,0.9999999999999999,exponential,111,777.0,777.0,3.8156,0,0.0,1.0,1.0
10000,1.0,0.4,0.014666810181288346,3.684136148790474,0.003981071705534975,0.45841608216115287,0.9999999999999999,exponential,112,6393.0,6393.0,3.5526,0,0.0,1.0,1.0
10000,1.0,0.4,0.014666810181288346,3.684136148790474,0.003981071705534975,0.45841608216115287,0.9999999999999999,exponential,113,631.0,631.0,4.0583,0,0.0,1.0,1.0
10000,1.0,0.4,0.014666810181288346,3.684136148790474,0.003981071705534975,0.45841608216115287,0.9999999999999999,exponential,114,610.0,610.0,3.353,0,0.0,1.0,1.0
10000,1.0,0.4,0.014666810181288346,3.684136148790474,0.003981071705534975,0.45841608216115287,0.9999999999999999,exponential,115,452.0,452.0,3.7968,0,0.0,1.0,1.0
10000,1.0,0.4,0.014666810181288346,3.684136148790474,0.003981071705534975,0.45841608216115287,0.9999999999999999,exponential,116,328.0,328.0,4.0624,0,0.0,1.0,1.0
10000,1.0,0.4,0.014666810181288346,3.684136148790474,0.003981071705534975,0.45841608216115287,0.9999999999999999,exponential,117,693.0,693.0,3.9238,0,0.0,1.0,1.0
10000,1.0,0.4,0.014666810181288346,3.684136148790474,0.003981071705534975,0.45841608216115287,0.9999999999999999,exponential,118,1307.0,1307.0,3.5874,0,0.0,1.0,1.0
10000,1.0,0.4,0.014666810181288346,3.684136148790474,0.003981071705534975,0.45841608216115287,0.9999999999999999,exponential,119,550.0,550.0,4.0515,0,0.0,1.0,1.0
10000,1.0,0.4,0.014666810181288346,3.684136148790474,0.003981071705534975,0.45841608216115287,0.9999999999999999,exponential,120,2631.0,2631.0,3.5619998,0,0.0,1.0,1.0
10000,1.0,0.4,0.014666810181288346,3.684136148790474,0.003981071705534975,0.45841608216115287,0.9999999999999999,exponential,121,1227.0,1227.0,3.5386999,0,0.0,1.0,1.0
10000,1.0,0.4,0.014666810181288346,3.684136148790474,0.003981071705534975,0.45841608216115287,0.9999999999999999,exponential,122,276.0,276.0,3.7958999,0,0.0,1.0,1.0
10000,1.0,0.4,0.014666810181288346,3.684136148790474,0.003981071705534975,0.45841608216115287,0.9999999999999999,exponential,123,1574.0,1574.0,4.1096997,0,0.0,1.0,1.0
10000,1.0,0.4,0.014666810181288346,3.684136148790474,0.003981071705534975,0.45841608216115287,0.9999999999999999,exponential,124,197.0,197.0,3.8172998,0,0.0,1.0,1.0
10000,1.0,0.4,0.014666810181288346,3.684136148790474,0.003981071705534975,0.45841608216115287,0.9999999999999999,exponential,125,4631.0,4631.0,3.6908,0,0.0,1.0,1.0
10000,1.0,0.4,0.014666810181288346,3.684136148790474,0.003981071705534975,0.45841608216115287,0.9999999999999999,exponential,126,670.0,670.0,3.6694999,0,0.0,1.0,1.0
10000,1.0,0.4,0.014666810181288346,3.684136148790474,0.003981071705534975,0.45841608216115287,0.9999999999999999,exponential,127,1074.0,1074.0,3.8888,0,0.0,1.0,1.0
10000,1.0,0.4,0.014666810181288346,3.684136148790474,0.003981071705534975,0.45841608216115287,0.9999999999999999,exponential,128,2180.0,2180.0,3.9599998,0,0.0,1.0,1.0
10000,1.0,0.4,0.014666810181288346,3.684136148790474,0.003981071705534975,0.45841608216115287,0.9999999999999999,exponential,129,493.0,493.0,4.1812,0,0.0,1.0,1.0
10000,1.0,0.4,0.014666810181288346,3.684136148790474,0.003981071705534975,0.45841608216115287,0.9999999999999999,exponential,130,830.0,830.0,3.8818998,0,0.0,1.0,1.0
10000,1.0,0.4,0.014666810181288346,3.684136148790474,0.003981071705534975,0.45841608216115287,0.9999999999999999,exponential,131,1980.0,1980.0,3.3767998,0,0.0,1.0,1.0
10000,1.0,0.4,0.014666810181288346,3.684136148790474,0.003981071705534975,0.45841608216115287,0.9999999999999999,exponential,132,213.0,213.0,4.0369,0,0.0,1.0,1.0
10000,1.0,0.4,0.014666810181288346,3.684136148790474,0.003981071705534975,0.45841608216115287,0.9999999999999999,exponential,133,2444.0,2444.0,3.8871999,0,0.0,1.0,1.0
10000,1.0,0.4,0.014666810181288346,3.684136148790474,0.003981071705534975,0.45841608216115287,0.9999999999999999,exponential,134,146.0,146.0,3.6641,0,0.0,1.0,1.0
10000,1.0,0.4,0.014666810181288346,3.684136148790474,0.003981071705534975,0.45841608216115287,0.9999999999999999,exponential,135,1231.0,1231.0,3.4320998,0,0.0,1.0,1.0
10000,1.0,0.4,0.014666810181288346,3.684136148790474,0.003981071705534975,0.45841608216115287,0.9999999999999999,exponential,136,1295.0,1295.0,4.2971,0,0.0,1.0,1.0
10000,1.0,0.4,0.014666810181288346,3.684136148790474,0.003981071705534975,0.45841608216115287,0.9999999999999999,exponential,137,239.0,239.0,3.8932,0,0.0,1.0,1.0
10000,1.0,0.4,0.014666810181288346,3.684136148790474,0.003981071705534975,0.45841608216115287,0.9999999999999999,exponential,138,839.0,839.0,3.9573998,0,0.0,1.0,1.0
10000,1.0,0.4,0.014666810181288346,3.684136148790474,0.003981071705534975,0.45841608216115287,0.9999999999999999,exponential,139,718.0,718.0,4.0859,0,0.0,1.0,1.0
10000,1.0,0.4,0.014666810181288346,3.684136148790474,0.003981071705534975,0.45841608216115287,0.9999999999999999,exponential,140,503.0,503.0,3.8844998,0,0.0,1.0,1.0
10000,1.0,0.4,0.014666810181288346,3.684136148790474,0.003981071705534975,0.45841608216115287,0.9999999999999999,exponential,141,837.0,837.0,4.0285,0,0.0,1.0,1.0
10000,1.0,0.4,0.014666810181288346,3.684136148790474,0.003981071705534975,0.45841608216115287,0.9999999999999999,exponential,142,214.0,214.0,3.9668999,0,0.0,1.0,1.0
10000,1.0,0.4,0.014666810181288346,3.684136148790474,0.003981071705534975,0.45841608216115287,0.9999999999999999,exponential,143,1016.0,1016.0,3.5884,0,0.0,1.0,1.0
10000,1.0,0.4,0.014666810181288346,3.684136148790474,0.003981071705534975,0.45841608216115287,0.9999999999999999,exponential,144,222.0,222.0,3.7593,0,0.0,1.0,1.0
10000,1.0,0.4,0.014666810181288346,3.684136148790474,0.003981071705534975,0.45841608216115287,0.9999999999999999,exponential,145,211.0,211.0,4.0078998,0,0.0,1.0,1.0
10000,1.0,0.4,0.014666810181288346,3.684136148790474,0.003981071705534975,0.45841608216115287,0.9999999999999999,exponential,146,1053.0,1053.0,4.3791,0,0.0,1.0,1.0
10000,1.0,0.4,0.014666810181288346,3.684136148790474,0.003981071705534975,0.45841608216115287,0.9999999999999999,exponential,147,355.0,355.0,4.0545,0,0.0,1.0,1.0
10000,1.0,0.4,0.014666810181288346,3.684136148790474,0.003981071705534975,0.45841608216115287,0.9999999999999999,exponential,148,675.0,675.0,4.0875,0,0.0,1.0,1.0
10000,1.0,0.4,0.014666810181288346,3.684136148790474,0.003981071705534975,0.45841608216115287,0.9999999999999999,exponential,149,873.0,873.0,4.1742,0,0.0,1.0,1.0
10000,1.0,0.4,0.014666810181288346,3.684136148790474,0.003981071705534975,0.45841608216115287,0.9999999999999999,exponential,150,418.0,418.0,4.2186,0,0.0,1.0,1.0
10000,1.0,0.4,0.014666810181288346,3.684136148790474,0.003981071705534975,0.45841608216115287,0.9999999999999999,exponential,151,3603.0,3603.0,3.6573,0,0.0,1.0,1.0
10000,1.0,0.4,0.014666810181288346,3.684136148790474,0.003981071705534975,0.45841608216115287,0.9999999999999999,exponential,152,605.0,605.0,3.7800999,0,0.0,1.0,1.0
10000,1.0,0.4,0.014666810181288346,3.684136148790474,0.003981071705534975,0.45841608216115287,0.9999999999999999,exponential,153,618.0,618.0,3.6469,0,0.0,1.0,1.0
10000,1.0,0.4,0.014666810181288346,3.684136148790474,0.003981071705534975,0.45841608216115287,0.9999999999999999,exponential,154,2089.0,2089.0,4.0710998,0,0.0,1.0,1.0
10000,1.0,0.4,0.014666810181288346,3.684136148790474,0.003981071705534975,0.45841608216115287,0.9999999999999999,exponential,155,535.0,535.0,4.3141,0,0.0,1.0,1.0
10000,1.0,0.4,0.014666810181288346,3.684136148790474,0.003981071705534975,0.45841608216115287,0.9999999999999999,exponential,156,576.0,576.0,3.9287999,0,0.0,1.0,1.0
10000,1.0,0.4,0.014666810181288346,3.684136148790474,0.003981071705534975,0.45841608216115287,0.9999999999999999,exponential,157,740.0,740.0,4.0193,0,0.0,1.0,1.0
10000,1.0,0.4,0.014666810181288346,3.684136148790474,0.003981071705534975,0.45841608216115287,0.9999999999999999,exponential,158,727.0,727.0,4.5632,0,0.0,1.0,1.0
10000,1.0,0.4,0.014666810181288346,3.684136148790474,0.003981071705534975,0.45841608216115287,0.9999999999999999,exponential,159,984.0,984.0,3.8918998,0,0.0,1.0,1.0
10000,1.0,0.4,0.014666810181288346,3.684136148790474,0.003981071705534975,0.45841608216115287,0.9999999999999999,exponential,160,412.0,412.0,4.1098,0,0.0,1.0,1.0
10000,1.0,0.4,0.014666810181288346,3.684136148790474,0.003981071705534975,0.45841608216115287,0.9999999999999999,exponential,161,676.0,676.0,4.1665,0,0.0,1.0,1.0
10000,1.0,0.4,0.014666810181288346,3.684136148790474,0.003981071705534975,0.45841608216115287,0.9999999999999999,exponential,162,947.0,947.0,3.5091,0,0.0,1.0,1.0
10000,1.0,0.4,0.014666810181288346,3.684136148790474,0.003981071705534975,0.45841608216115287,0.9999999999999999,exponential,163,502.0,502.0,3.7124,0,0.0,1.0,1.0
10000,1.0,0.4,0.014666810181288346,3.684136148790474,0.003981071705534975,0.45841608216115287,0.9999999999999999,exponential,164,292.0,292.0,3.8046,0,0.0,1.0,1.0
10000,1.0,0.4,0.014666810181288346,3.684136148790474,0.003981071705534975,0.45841608216115287,0.9999999999999999,exponential,165,503.0,503.0,4.0622,0,0.0,1.0,1.0
10000,1.0,0.4,0.014666810181288346,3.684136148790474,0.003981071705534975,0.45841608216115287,0.9999999999999999,exponential,166,1973.0,1973.0,3.7368,0,0.0,1.0,1.0
10000,1.0,0.4,0.014666810181288346,3.684136148790474,0.003981071705534975,0.45841608216115287,0.9999999999999999,exponential,167,264.0,264.0,4.0378,0,0.0,1.0,1.0
10000,1.0,0.4,0.014666810181288346,3.684136148790474,0.003981071705534975,0.45841608216115287,0.9999999999999999,exponential,168,622.0,622.0,3.8476,0,0.0,1.0,1.0
10000,1.0,0.4,0.014666810181288346,3.684136148790474,0.003981071705534975,0.45841608216115287,0.9999999999999999,exponential,169,2718.0,2718.0,4.3547997,0,0.0,1.0,1.0
10000,1.0,0.4,0.014666810181288346,3.684136148790474,0.003981071705534975,0.45841608216115287,0.9999999999999999,exponential,170,458.0,458.0,4.317,0,0.0,1.0,1.0
10000,1.0,0.4,0.014666810181288346,3.684136148790474,0.003981071705534975,0.45841608216115287,0.9999999999999999,exponential,171,1571.0,1571.0,4.2724,0,0.0,1.0,1.0
10000,1.0,0.4,0.014666810181288346,3.684136148790474,0.003981071705534975,0.45841608216115287,0.9999999999999999,exponential,172,2639.0,2639.0,3.9968998,0,0.0,1.0,1.0
10000,1.0,0.4,0.014666810181288346,3.684136148790474,0.003981071705534975,0.45841608216115287,0.9999999999999999,exponential,173,1191.0,1191.0,4.3271,0,0.0,1.0,1.0
10000,1.0,0.4,0.014666810181288346,3.684136148790474,0.003981071705534975,0.45841608216115287,0.9999999999999999,exponential,174,161.0,161.0,4.1279,0,0.0,1.0,1.0
10000,1.0,0.4,0.014666810181288346,3.684136148790474,0.003981071705534975,0.45841608216115287,0.9999999999999999,exponential,175,1930.0,1930.0,3.9678998,0,0.0,1.0,1.0
10000,1.0,0.4,0.014666810181288346,3.684136148790474,0.003981071705534975,0.45841608216115287,0.9999999999999999,exponential,176,411.0,411.0,3.9566998,0,0.0,1.0,1.0
10000,1.0,0.4,0.014666810181288346,3.684136148790474,0.003981071705534975,0.45841608216115287,0.9999999999999999,exponential,177,1490.0,1490.0,3.5095,0,0.0,1.0,1.0
10000,1.0,0.4,0.014666810181288346,3.684136148790474,0.003981071705534975,0.45841608216115287,0.9999999999999999,exponential,178,2854.0,2854.0,3.8616,0,0.0,1.0,1.0
10000,1.0,0.4,0.014666810181288346,3.684136148790474,0.003981071705534975,0.45841608216115287,0.9999999999999999,exponential,179,1891.0,1891.0,4.0235,0,0.0,1.0,1.0
10000,1.0,0.4,0.014666810181288346,3.684136148790474,0.003981071705534975,0.45841608216115287,0.9999999999999999,exponential,180,639.0,639.0,3.8100998,0,0.0,1.0,1.0
10000,1.0,0.4,0.014666810181288346,3.684136148790474,0.003981071705534975,0.45841608216115287,0.9999999999999999,exponential,181,3157.0,3157.0,4.0435,0,0.0,1.0,1.0
10000,1.0,0.4,0.014666810181288346,3.684136148790474,0.003981071705534975,0.45841608216115287,0.9999999999999999,exponential,182,784.0,784.0,4.0346,0,0.0,1.0,1.0
10000,1.0,0.4,0.014666810181288346,3.684136148790474,0.003981071705534975,0.45841608216115287,0.9999999999999999,exponential,183,1362.0,1362.0,4.2395,0,0.0,1.0,1.0
10000,1.0,0.4,0.014666810181288346,3.684136148790474,0.003981071705534975,0.45841608216115287,0.9999999999999999,exponential,184,612.0,612.0,4.0696,0,0.0,1.0,1.0
10000,1.0,0.4,0.014666810181288346,3.684136148790474,0.003981071705534975,0.45841608216115287,0.9999999999999999,exponential,185,4269.0,4269.0,4.0807,0,0.0,1.0,1.0
10000,1.0,0.4,0.014666810181288346,3.684136148790474,0.003981071705534975,0.45841608216115287,0.9999999999999999,exponential,186,1266.0,1266.0,3.6541,0,0.0,1.0,1.0
10000,1.0,0.4,0.014666810181288346,3.684136148790474,0.003981071705534975,0.45841608216115287,0.9999999999999999,exponential,187,3611.0,3611.0,3.878,0,0.0,1.0,1.0
10000,1.0,0.4,0.014666810181288346,3.684136148790474,0.003981071705534975,0.45841608216115287,0.9999999999999999,exponential,188,1108.0,1108.0,3.9759998,0,0.0,1.0,1.0
10000,1.0,0.4,0.014666810181288346,3.684136148790474,0.003981071705534975,0.45841608216115287,0.9999999999999999,exponential,189,593.0,593.0,4.0455,0,0.0,1.0,1.0
10000,1.0,0.4,0.014666810181288346,3.684136148790474,0.003981071705534975,0.45841608216115287,0.9999999999999999,exponential,190,482.0,482.0,3.9533,0,0.0,1.0,1.0
10000,1.0,0.4,0.014666810181288346,3.684136148790474,0.003981071705534975,0.45841608216115287,0.9999999999999999,exponential,191,1846.0,1846.0,3.6232,0,0.0,1.0,1.0
10000,1.0,0.4,0.014666810181288346,3.684136148790474,0.003981071705534975,0.45841608216115287,0.9999999999999999,exponential,192,1071.0,1071.0,4.0025,0,0.0,1.0,1.0
10000,1.0,0.4,0.014666810181288346,3.684136148790474,0.003981071705534975,0.45841608216115287,0.9999999999999999,exponential,193,1121.0,1121.0,4.1563,0,0.0,1.0,1.0
10000,1.0,0.4,0.014666810181288346,3.684136148790474,0.003981071705534975,0.45841608216115287,0.9999999999999999,exponential,194,1429.0,1429.0,3.8416,0,0.0,1.0,1.0
10000,1.0,0.4,0.014666810181288346,3.684136148790474,0.003981071705534975,0.45841608216115287,0.9999999999999999,exponential,195,221.0,221.0,3.5221999,0,0.0,1.0,1.0
10000,1.0,0.4,0.014666810181288346,3.684136148790474,0.003981071705534975,0.45841608216115287,0.9999999999999999,exponential,196,2116.0,2116.0,3.7767,0,0.0,1.0,1.0
10000,1.0,0.4,0.014666810181288346,3.684136148790474,0.003981071705534975,0.45841608216115287,0.9999999999999999,exponential,197,1538.0,1538.0,3.7013998,0,0.0,1.0,1.0
10000,1.0,0.4,0.014666810181288346,3.684136148790474,0.003981071705534975,0.45841608216115287,0.9999999999999999,exponential,198,1274.0,1274.0,3.7268999,0,0.0,1.0,1.0
10000,1.0,0.4,0.014666810181288346,3.684136148790474,0.003981071705534975,0.45841608216115287,0.9999999999999999,exponential,199,568.0,568.0,4.0998,0,0.0,1.0,1.0
10000,1.0,0.4,0.014666810181288346,3.684136148790474,0.003981071705534975,0.45841608216115287,0.9999999999999999,exponential,200,3324.0,3324.0,4.1844997,0,0.0,1.0,1.0
10000,1.0,0.4,0.014666810181288346,3.684136148790474,0.003981071705534975,0.45841608216115287,0.9999999999999999,exponential,201,802.0,802.0,4.0494,0,0.0,1.0,1.0
10000,1.0,0.4,0.014666810181288346,3.684136148790474,0.003981071705534975,0.45841608216115287,0.9999999999999999,exponential,202,1922.0,1922.0,3.567,0,0.0,1.0,1.0
10000,1.0,0.4,0.014666810181288346,3.684136148790474,0.003981071705534975,0.45841608216115287,0.9999999999999999,exponential,203,240.0,240.0,3.8808,0,0.0,1.0,1.0
10000,1.0,0.4,0.014666810181288346,3.684136148790474,0.003981071705534975,0.45841608216115287,0.9999999999999999,exponential,204,401.0,401.0,4.651,0,0.0,1.0,1.0
10000,1.0,0.4,0.014666810181288346,3.684136148790474,0.003981071705534975,0.45841608216115287,0.9999999999999999,exponential,205,300.0,300.0,3.9371998,0,0.0,1.0,1.0
10000,1.0,0.4,0.014666810181288346,3.684136148790474,0.003981071705534975,0.45841608216115287,0.9999999999999999,exponential,206,4040.0,4040.0,3.8702,0,0.0,1.0,1.0
10000,1.0,0.4,0.014666810181288346,3.684136148790474,0.003981071705534975,0.45841608216115287,0.9999999999999999,exponential,207,1175.0,1175.0,4.1897,0,0.0,1.0,1.0
10000,1.0,0.4,0.014666810181288346,3.684136148790474,0.003981071705534975,0.45841608216115287,0.9999999999999999,exponential,208,145.0,145.0,4.008,0,0.0,1.0,1.0
10000,1.0,0.4,0.014666810181288346,3.684136148790474,0.003981071705534975,0.45841608216115287,0.9999999999999999,exponential,209,353.0,353.0,3.9041998,0,0.0,1.0,1.0
10000,1.0,0.4,0.014666810181288346,3.684136148790474,0.003981071705534975,0.45841608216115287,0.9999999999999999,exponential,210,3181.0,3181.0,3.9738998,0,0.0,1.0,1.0
10000,1.0,0.4,0.014666810181288346,3.684136148790474,0.003981071705534975,0.45841608216115287,0.9999999999999999,exponential,211,195.0,195.0,4.3434997,0,0.0,1.0,1.0
10000,1.0,0.4,0.014666810181288346,3.684136148790474,0.003981071705534975,0.45841608216115287,0.9999999999999999,exponential,212,225.0,225.0,3.6557,0,0.0,1.0,1.0
10000,1.0,0.4,0.014666810181288346,3.684136148790474,0.003981071705534975,0.45841608216115287,0.9999999999999999,exponential,213,450.0,450.0,4.3652,0,0.0,1.0,1.0
10000,1.0,0.4,0.014666810181288346,3.684136148790474,0.003981071705534975,0.45841608216115287,0.9999999999999999,exponential,214,601.0,601.0,3.6755,0,0.0,1.0,1.0
10000,1.0,0.4,0.014666810181288346,3.684136148790474,0.003981071705534975,0.45841608216115287,0.9999999999999999,exponential,215,224.0,224.0,4.0811,0,0.0,1.0,1.0
10000,1.0,0.4,0.014666810181288346,3.684136148790474,0.003981071705534975,0.45841608216115287,0.9999999999999999,exponential,216,367.0,367.0,3.55,0,0.0,1.0,1.0
10000,1.0,0.4,0.014666810181288346,3.684136148790474,0.003981071705534975,0.45841608216115287,0.9999999999999999,exponential,217,198.0,198.0,4.1986,0,0.0,1.0,1.0
10000,1.0,0.4,0.014666810181288346,3.684136148790474,0.003981071705534975,0.45841608216115287,0.9999999999999999,exponential,218,3481.0,3481.0,3.9462998,0,0.0,1.0,1.0
10000,1.0,0.4,0.014666810181288346,3.684136148790474,0.003981071705534975,0.45841608216115287,0.9999999999999999,exponential,219,552.0,552.0,3.8109,0,0.0,1.0,1.0
10000,1.0,0.4,0.014666810181288346,3.684136148790474,0.003981071705534975,0.45841608216115287,0.9999999999999999,exponential,220,3158.0,3158.0,3.4359999,0,0.0,1.0,1.0
10000,1.0,0.4,0.014666810181288346,3.684136148790474,0.003981071705534975,0.45841608216115287,0.9999999999999999,exponential,221,514.0,514.0,3.6764998,0,0.0,1.0,1.0
10000,1.0,0.4,0.014666810181288346,3.684136148790474,0.003981071705534975,0.45841608216115287,0.9999999999999999,exponential,222,703.0,703.0,4.2949,0,0.0,1.0,1.0
10000,1.0,0.4,0.014666810181288346,3.684136148790474,0.003981071705534975,0.45841608216115287,0.9999999999999999,exponential,223,178.0,178.0,3.9575,0,0.0,1.0,1.0
10000,1.0,0.4,0.014666810181288346,3.684136148790474,0.003981071705534975,0.45841608216115287,0.9999999999999999,exponential,224,344.0,344.0,3.6687999,0,0.0,1.0,1.0
10000,1.0,0.4,0.014666810181288346,3.684136148790474,0.003981071705534975,0.45841608216115287,0.9999999999999999,exponential,225,515.0,515.0,4.0625,0,0.0,1.0,1.0
10000,1.0,0.4,0.014666810181288346,3.684136148790474,0.003981071705534975,0.45841608216115287,0.9999999999999999,exponential,226,787.0,787.0,3.7247,0,0.0,1.0,1.0
10000,1.0,0.4,0.014666810181288346,3.684136148790474,0.003981071705534975,0.45841608216115287,0.9999999999999999,exponential,227,978.0,978.0,3.9150999,0,0.0,1.0,1.0
10000,1.0,0.4,0.014666810181288346,3.684136148790474,0.003981071705534975,0.45841608216115287,0.9999999999999999,exponential,228,2976.0,2976.0,3.8557,0,0.0,1.0,1.0
10000,1.0,0.4,0.014666810181288346,3.684136148790474,0.003981071705534975,0.45841608216115287,0.9999999999999999,exponential,229,257.0,257.0,3.5691,0,0.0,1.0,1.0
10000,1.0,0.4,0.014666810181288346,3.684136148790474,0.003981071705534975,0.45841608216115287,0.9999999999999999,exponential,230,2856.0,2856.0,4.2079,0,0.0,1.0,1.0
10000,1.0,0.4,0.014666810181288346,3.684136148790474,0.003981071705534975,0.45841608216115287,0.9999999999999999,exponential,231,933.0,933.0,4.6275,0,0.0,1.0,1.0
10000,1.0,0.4,0.014666810181288346,3.684136148790474,0.003981071705534975,0.45841608216115287,0.9999999999999999,exponential,232,666.0,666.0,4.0706,0,0.0,1.0,1.0
10000,1.0,0.4,0.014666810181288346,3.684136148790474,0.003981071705534975,0.45841608216115287,0.9999999999999999,exponential,233,2513.0,2513.0,4.2364,0,0.0,1.0,1.0
10000,1.0,0.4,0.014666810181288346,3.684136148790474,0.003981071705534975,0.45841608216115287,0.9999999999999999,exponential,234,427.0,427.0,3.6894999,0,0.0,1.0,1.0
10000,1.0,0.4,0.014666810181288346,3.684136148790474,0.003981071705534975,0.45841608216115287,0.9999999999999999,exponential,235,2458.0,2458.0,3.7145998,0,0.0,1.0,1.0
10000,1.0,0.4,0.014666810181288346,3.684136148790474,0.003981071705534975,0.45841608216115287,0.9999999999999999,exponential,236,88.0,88.0,4.2309,0,0.0,1.0,1.0
10000,1.0,0.4,0.014666810181288346,3.684136148790474,0.003981071705534975,0.45841608216115287,0.9999999999999999,exponential,237,564.0,564.0,4.1284,0,0.0,1.0,1.0
10000,1.0,0.4,0.014666810181288346,3.684136148790474,0.003981071705534975,0.45841608216115287,0.9999999999999999,exponential,238,746.0,746.0,3.9938998,0,0.0,1.0,1.0
10000,1.0,0.4,0.014666810181288346,3.684136148790474,0.003981071705534975,0.45841608216115287,0.9999999999999999,exponential,239,2075.0,2075.0,3.5181,0,0.0,1.0,1.0
10000,1.0,0.4,0.014666810181288346,3.684136148790474,0.003981071705534975,0.45841608216115287,0.9999999999999999,exponential,240,1067.0,1067.0,3.8729,0,0.0,1.0,1.0
10000,1.0,0.4,0.014666810181288346,3.684136148790474,0.003981071705534975,0.45841608216115287,0.9999999999999999,exponential,241,2224.0,2224.0,4.0407,0,0.0,1.0,1.0
10000,1.0,0.4,0.014666810181288346,3.684136148790474,0.003981071705534975,0.45841608216115287,0.9999999999999999,exponential,242,1938.0,1938.0,3.8523998,0,0.0,1.0,1.0
10000,1.0,0.4,0.014666810181288346,3.684136148790474,0.003981071705534975,0.45841608216115287,0.9999999999999999,exponential,243,943.0,943.0,3.7796,0,0.0,1.0,1.0
10000,1.0,0.4,0.014666810181288346,3.684136148790474,0.003981071705534975,0.45841608216115287,0.9999999999999999,exponential,244,886.0,886.0,4.0371,0,0.0,1.0,1.0
10000,1.0,0.4,0.014666810181288346,3.684136148790474,0.003981071705534975,0.45841608216115287,0.9999999999999999,exponential,245,1343.0,1343.0,3.9757998,0,0.0,1.0,1.0
10000,1.0,0.4,0.014666810181288346,3.684136148790474,0.003981071705534975,0.45841608216115287,0.9999999999999999,exponential,246,431.0,431.0,4.081,0,0.0,1.0,1.0
10000,1.0,0.4,0.014666810181288346,3.684136148790474,0.003981071705534975,0.45841608216115287,0.9999999999999999,exponential,247,340.0,340.0,3.8035998,0,0.0,1.0,1.0
10000,1.0,0.4,0.014666810181288346,3.684136148790474,0.003981071705534975,0.45841608216115287,0.9999999999999999,exponential,248,687.0,687.0,4.0913,0,0.0,1.0,1.0
10000,1.0,0.4,0.014666810181288346,3.684136148790474,0.003981071705534975,0.45841608216115287,0.9999999999999999,exponential,249,1409.0,1409.0,3.8242,0,0.0,1.0,1.0
10000,1.0,0.4,0.014666810181288346,3.684136148790474,0.003981071705534975,0.45841608216115287,0.9999999999999999,exponential,250,454.0,454.0,4.0573997,0,0.0,1.0,1.0
10000,1.0,0.4,0.014666810181288346,3.684136148790474,0.003981071705534975,0.45841608216115287,0.9999999999999999,exponential,251,494.0,494.0,3.9262998,0,0.0,1.0,1.0
10000,1.0,0.4,0.014666810181288346,3.684136148790474,0.003981071705534975,0.45841608216115287,0.9999999999999999,exponential,252,182.0,182.0,3.8562,0,0.0,1.0,1.0
10000,1.0,0.4,0.014666810181288346,3.684136148790474,0.003981071705534975,0.45841608216115287,0.9999999999999999,exponential,253,1181.0,1181.0,3.8885999,0,0.0,1.0,1.0
10000,1.0,0.4,0.014666810181288346,3.684136148790474,0.003981071705534975,0.45841608216115287,0.9999999999999999,exponential,254,936.0,936.0,4.1818,0,0.0,1.0,1.0
10000,1.0,0.4,0.014666810181288346,3.684136148790474,0.003981071705534975,0.45841608216115287,0.9999999999999999,exponential,255,1250.0,1250.0,3.9515998,0,0.0,1.0,1.0
10000,1.0,0.4,0.014666810181288346,3.684136148790474,0.003981071705534975,0.45841608216115287,0.9999999999999999,exponential,256,2411.0,2411.0,4.193,0,0.0,1.0,1.0
10000,1.0,0.4,0.014666810181288346,3.684136148790474,0.003981071705534975,0.45841608216115287,0.9999999999999999,exponential,257,437.0,437.0,3.8643,0,0.0,1.0,1.0
10000,1.0,0.4,0.014666810181288346,3.684136148790474,0.003981071705534975,0.45841608216115287,0.9999999999999999,exponential,258,1054.0,1054.0,4.1907,0,0.0,1.0,1.0
10000,1.0,0.4,0.014666810181288346,3.684136148790474,0.003981071705534975,0.45841608216115287,0.9999999999999999,exponential,259,540.0,540.0,4.1022997,0,0.0,1.0,1.0
10000,1.0,0.4,0.014666810181288346,3.684136148790474,0.003981071705534975,0.45841608216115287,0.9999999999999999,exponential,260,1213.0,1213.0,3.9931998,0,0.0,1.0,1.0
10000,1.0,0.4,0.014666810181288346,3.684136148790474,0.003981071705534975,0.45841608216115287,0.9999999999999999,exponential,261,455.0,455.0,3.8128998,0,0.0,1.0,1.0
10000,1.0,0.4,0.014666810181288346,3.684136148790474,0.003981071705534975,0.45841608216115287,0.9999999999999999,exponential,262,174.0,174.0,3.8284,0,0.0,1.0,1.0
10000,1.0,0.4,0.014666810181288346,3.684136148790474,0.003981071705534975,0.45841608216115287,0.9999999999999999,exponential,263,564.0,564.0,4.0822,0,0.0,1.0,1.0
10000,1.0,0.4,0.014666810181288346,3.684136148790474,0.003981071705534975,0.45841608216115287,0.9999999999999999,exponential,264,466.0,466.0,3.8702998,0,0.0,1.0,1.0
10000,1.0,0.4,0.014666810181288346,3.684136148790474,0.003981071705534975,0.45841608216115287,0.9999999999999999,exponential,265,622.0,622.0,3.7774,0,0.0,1.0,1.0
10000,1.0,0.4,0.014666810181288346,3.684136148790474,0.003981071705534975,0.45841608216115287,0.9999999999999999,exponential,266,144.0,144.0,4.1233997,0,0.0,1.0,1.0
10000,1.0,0.4,0.014666810181288346,3.684136148790474,0.003981071705534975,0.45841608216115287,0.9999999999999999,exponential,267,135.0,135.0,3.9032998,0,0.0,1.0,1.0
10000,1.0,0.4,0.014666810181288346,3.684136148790474,0.003981071705534975,0.45841608216115287,0.9999999999999999,exponential,268,652.0,652.0,4.1788,0,0.0,1.0,1.0
10000,1.0,0.4,0.014666810181288346,3.684136148790474,0.003981071705534975,0.45841608216115287,0.9999999999999999,exponential,269,350.0,350.0,3.745,0,0.0,1.0,1.0
10000,1.0,0.4,0.014666810181288346,3.684136148790474,0.003981071705534975,0.45841608216115287,0.9999999999999999,exponential,270,1644.0,1644.0,4.4321,0,0.0,1.0,1.0
10000,1.0,0.4,0.014666810181288346,3.684136148790474,0.003981071705534975,0.45841608216115287,0.9999999999999999,exponential,271,542.0,542.0,3.9078,0,0.0,1.0,1.0
10000,1.0,0.4,0.014666810181288346,3.684136148790474,0.003981071705534975,0.45841608216115287,0.9999999999999999,exponential,272,1262.0,1262.0,4.2922,0,0.0,1.0,1.0
10000,1.0,0.4,0.014666810181288346,3.684136148790474,0.003981071705534975,0.45841608216115287,0.9999999999999999,exponential,273,154.0,154.0,3.7775998,0,0.0,1.0,1.0
10000,1.0,0.4,0.014666810181288346,3.684136148790474,0.003981071705534975,0.45841608216115287,0.9999999999999999,exponential,274,489.0,489.0,4.2131,0,0.0,1.0,1.0
10000,1.0,0.4,0.014666810181288346,3.684136148790474,0.003981071705534975,0.45841608216115287,0.9999999999999999,exponential,275,825.0,825.0,3.8012998,0,0.0,1.0,1.0
10000,1.0,0.4,0.014666810181288346,3.684136148790474,0.003981071705534975,0.45841608216115287,0.9999999999999999,exponential,276,172.0,172.0,3.6771,0,0.0,1.0,1.0
10000,1.0,0.4,0.014666810181288346,3.684136148790474,0.003981071705534975,0.45841608216115287,0.9999999999999999,exponential,277,1217.0,1217.0,3.3549,0,0.0,1.0,1.0
10000,1.0,0.4,0.014666810181288346,3.684136148790474,0.003981071705534975,0.45841608216115287,0.9999999999999999,exponential,278,1218.0,1218.0,3.6773999,0,0.0,1.0,1.0
10000,1.0,0.4,0.014666810181288346,3.684136148790474,0.003981071705534975,0.45841608216115287,0.9999999999999999,exponential,279,406.0,406.0,3.7974,0,0.0,1.0,1.0
10000,1.0,0.4,0.014666810181288346,3.684136148790474,0.003981071705534975,0.45841608216115287,0.9999999999999999,exponential,280,1470.0,1470.0,4.075,0,0.0,1.0,1.0
10000,1.0,0.4,0.014666810181288346,3.684136148790474,0.003981071705534975,0.45841608216115287,0.9999999999999999,exponential,281,1820.0,1820.0,4.3754,0,0.0,1.0,1.0
10000,1.0,0.4,0.014666810181288346,3.684136148790474,0.003981071705534975,0.45841608216115287,0.9999999999999999,exponential,282,372.0,372.0,3.9183,0,0.0,1.0,1.0
10000,1.0,0.4,0.014666810181288346,3.684136148790474,0.003981071705534975,0.45841608216115287,0.9999999999999999,exponential,283,800.0,800.0,4.2634997,0,0.0,1.0,1.0
10000,1.0,0.4,0.014666810181288346,3.684136148790474,0.003981071705534975,0.45841608216115287,0.9999999999999999,exponential,284,794.0,794.0,3.6553998,0,0.0,1.0,1.0
10000,1.0,0.4,0.014666810181288346,3.684136148790474,0.003981071705534975,0.45841608216115287,0.9999999999999999,exponential,285,341.0,341.0,3.9164,0,0.0,1.0,1.0
10000,1.0,0.4,0.014666810181288346,3.684136148790474,0.003981071705534975,0.45841608216115287,0.9999999999999999,exponential,286,2229.0,2229.0,4.3079,0,0.0,1.0,1.0
10000,1.0,0.4,0.014666810181288346,3.684136148790474,0.003981071705534975,0.45841608216115287,0.9999999999999999,exponential,287,190.0,190.0,4.4688,0,0.0,1.0,1.0
10000,1.0,0.4,0.014666810181288346,3.684136148790474,0.003981071705534975,0.45841608216115287,0.9999999999999999,exponential,288,430.0,430.0,4.3241997,0,0.0,1.0,1.0
10000,1.0,0.4,0.014666810181288346,3.684136148790474,0.003981071705534975,0.45841608216115287,0.9999999999999999,exponential,289,2545.0,2545.0,4.6013,0,0.0,1.0,1.0
10000,1.0,0.4,0.014666810181288346,3.684136148790474,0.003981071705534975,0.45841608216115287,0.9999999999999999,exponential,290,1458.0,1458.0,3.9657998,0,0.0,1.0,1.0
10000,1.0,0.4,0.014666810181288346,3.684136148790474,0.003981071705534975,0.45841608216115287,0.9999999999999999,exponential,291,546.0,546.0,3.836,0,0.0,1.0,1.0
10000,1.0,0.4,0.014666810181288346,3.684136148790474,0.003981071705534975,0.45841608216115287,0.9999999999999999,exponential,292,401.0,401.0,3.5526,0,0.0,1.0,1.0
10000,1.0,0.4,0.014666810181288346,3.684136148790474,0.003981071705534975,0.45841608216115287,0.9999999999999999,exponential,293,257.0,257.0,3.6734998,0,0.0,1.0,1.0
10000,1.0,0.4,0.014666810181288346,3.684136148790474,0.003981071705534975,0.45841608216115287,0.9999999999999999,exponential,294,1179.0,1179.0,3.8132,0,0.0,1.0,1.0
10000,1.0,0.4,0.014666810181288346,3.684136148790474,0.003981071705534975,0.45841608216115287,0.9999999999999999,exponential,295,2456.0,2456.0,3.7349,0,0.0,1.0,1.0
10000,1.0,0.4,0.014666810181288346,3.684136148790474,0.003981071705534975,0.45841608216115287,0.9999999999999999,exponential,296,498.0,498.0,4.0741997,0,0.0,1.0,1.0
10000,1.0,0.4,0.014666810181288346,3.684136148790474,0.003981071705534975,0.45841608216115287,0.9999999999999999,exponential,297,1520.0,1520.0,3.9912,0,0.0,1.0,1.0
10000,1.0,0.4,0.014666810181288346,3.684136148790474,0.003981071705534975,0.45841608216115287,0.9999999999999999,exponential,298,2996.0,2996.0,3.6581,0,0.0,1.0,1.0
10000,1.0,0.4,0.014666810181288346,3.684136148790474,0.003981071705534975,0.45841608216115287,0.9999999999999999,exponential,299,860.0,860.0,3.8369,0,0.0,1.0,1.0
10000,1.0,0.4,0.014666810181288346,3.684136148790474,0.003981071705534975,0.45841608216115287,0.9999999999999999,exponential,300,209.0,209.0,4.2086997,0,0.0,1.0,1.0
10000,1.0,0.4,0.014666810181288346,3.684136148790474,0.003981071705534975,0.45841608216115287,0.9999999999999999,exponential,301,1357.0,1357.0,4.3215,0,0.0,1.0,1.0
10000,1.0,0.4,0.014666810181288346,3.684136148790474,0.003981071705534975,0.45841608216115287,0.9999999999999999,exponential,302,411.0,411.0,3.9980998,0,0.0,1.0,1.0
10000,1.0,0.4,0.014666810181288346,3.684136148790474,0.003981071705534975,0.45841608216115287,0.9999999999999999,exponential,303,3787.0,3787.0,4.046,0,0.0,1.0,1.0
10000,1.0,0.4,0.014666810181288346,3.684136148790474,0.003981071705534975,0.45841608216115287,0.9999999999999999,exponential,304,1621.0,1621.0,4.2316,0,0.0,1.0,1.0
10000,1.0,0.4,0.014666810181288346,3.684136148790474,0.003981071705534975,0.45841608216115287,0.9999999999999999,exponential,305,146.0,146.0,3.8451,0,0.0,1.0,1.0
10000,1.0,0.4,0.014666810181288346,3.684136148790474,0.003981071705534975,0.45841608216115287,0.9999999999999999,exponential,306,1246.0,1246.0,4.0722,0,0.0,1.0,1.0
10000,1.0,0.4,0.014666810181288346,3.684136148790474,0.003981071705534975,0.45841608216115287,0.9999999999999999,exponential,307,707.0,707.0,3.9534,0,0.0,1.0,1.0
10000,1.0,0.4,0.014666810181288346,3.684136148790474,0.003981071705534975,0.45841608216115287,0.9999999999999999,exponential,308,871.0,871.0,5.0961,0,0.0,1.0,1.0
10000,1.0,0.4,0.014666810181288346,3.684136148790474,0.003981071705534975,0.45841608216115287,0.9999999999999999,exponential,309,3604.0,3604.0,3.6155,0,0.0,1.0,1.0
10000,1.0,0.4,0.014666810181288346,3.684136148790474,0.003981071705534975,0.45841608216115287,0.9999999999999999,exponential,310,2237.0,2237.0,3.814,0,0.0,1.0,1.0
10000,1.0,0.4,0.014666810181288346,3.684136148790474,0.003981071705534975,0.45841608216115287,0.9999999999999999,exponential,311,4268.0,4268.0,3.7975998,0,0.0,1.0,1.0
10000,1.0,0.4,0.014666810181288346,3.684136148790474,0.003981071705534975,0.45841608216115287,0.9999999999999999,exponential,312,528.0,528.0,4.0565,0,0.0,1.0,1.0
10000,1.0,0.4,0.014666810181288346,3.684136148790474,0.003981071705534975,0.45841608216115287,0.9999999999999999,exponential,313,748.0,748.0,4.1868997,0,0.0,1.0,1.0
10000,1.0,0.4,0.014666810181288346,3.684136148790474,0.003981071705534975,0.45841608216115287,0.9999999999999999,exponential,314,392.0,392.0,4.1401,0,0.0,1.0,1.0
10000,1.0,0.4,0.014666810181288346,3.684136148790474,0.003981071705534975,0.45841608216115287,0.9999999999999999,exponential,315,1226.0,1226.0,3.7810998,0,0.0,1.0,1.0
10000,1.0,0.4,0.014666810181288346,3.684136148790474,0.003981071705534975,0.45841608216115287,0.9999999999999999,exponential,316,339.0,339.0,4.1337,0,0.0,1.0,1.0
10000,1.0,0.4,0.014666810181288346,3.684136148790474,0.003981071705534975,0.45841608216115287,0.9999999999999999,exponential,317,618.0,618.0,4.0645,0,0.0,1.0,1.0
10000,1.0,0.4,0.014666810181288346,3.684136148790474,0.003981071705534975,0.45841608216115287,0.9999999999999999,exponential,318,165.0,165.0,4.0417,0,0.0,1.0,1.0
10000,1.0,0.4,0.014666810181288346,3.684136148790474,0.003981071705534975,0.45841608216115287,0.9999999999999999,exponential,319,1132.0,1132.0,4.3518,0,0.0,1.0,1.0
10000,1.0,0.4,0.014666810181288346,3.684136148790474,0.003981071705534975,0.45841608216115287,0.9999999999999999,exponential,320,275.0,275.0,3.8825,0,0.0,1.0,1.0
10000,1.0,0.4,0.014666810181288346,3.684136148790474,0.003981071705534975,0.45841608216115287,0.9999999999999999,exponential,321,1912.0,1912.0,3.995,0,0.0,1.0,1.0
10000,1.0,0.4,0.014666810181288346,3.684136148790474,0.003981071705534975,0.45841608216115287,0.9999999999999999,exponential,322,351.0,351.0,4.1092,0,0.0,1.0,1.0
10000,1.0,0.4,0.014666810181288346,3.684136148790474,0.003981071705534975,0.45841608216115287,0.9999999999999999,exponential,323,1937.0,1937.0,3.8769,0,0.0,1.0,1.0
10000,1.0,0.4,0.014666810181288346,3.684136148790474,0.003981071705534975,0.45841608216115287,0.9999999999999999,exponential,324,396.0,396.0,3.847,0,0.0,1.0,1.0
10000,1.0,0.4,0.014666810181288346,3.684136148790474,0.003981071705534975,0.45841608216115287,0.9999999999999999,exponential,325,1935.0,1935.0,4.8777,0,0.0,1.0,1.0
10000,1.0,0.4,0.014666810181288346,3.684136148790474,0.003981071705534975,0.45841608216115287,0.9999999999999999,exponential,326,379.0,379.0,3.9443,0,0.0,1.0,1.0
10000,1.0,0.4,0.014666810181288346,3.684136148790474,0.003981071705534975,0.45841608216115287,0.9999999999999999,exponential,327,2405.0,2405.0,3.6287,0,0.0,1.0,1.0
10000,1.0,0.4,0.014666810181288346,3.684136148790474,0.003981071705534975,0.45841608216115287,0.9999999999999999,exponential,328,717.0,717.0,4.0703998,0,0.0,1.0,1.0
10000,1.0,0.4,0.014666810181288346,3.684136148790474,0.003981071705534975,0.45841608216115287,0.9999999999999999,exponential,329,1003.0,1003.0,4.2609997,0,0.0,1.0,1.0
10000,1.0,0.4,0.014666810181288346,3.684136148790474,0.003981071705534975,0.45841608216115287,0.9999999999999999,exponential,330,2123.0,2123.0,4.1031,0,0.0,1.0,1.0
10000,1.0,0.4,0.014666810181288346,3.684136148790474,0.003981071705534975,0.45841608216115287,0.9999999999999999,exponential,331,535.0,535.0,4.0424,0,0.0,1.0,1.0
10000,1.0,0.4,0.014666810181288346,3.684136148790474,0.003981071705534975,0.45841608216115287,0.9999999999999999,exponential,332,252.0,252.0,4.3431997,0,0.0,1.0,1.0
10000,1.0,0.4,0.014666810181288346,3.684136148790474,0.003981071705534975,0.45841608216115287,0.9999999999999999,exponential,333,345.0,345.0,4.0193,0,0.0,1.0,1.0
10000,1.0,0.4,0.014666810181288346,3.684136148790474,0.003981071705534975,0.45841608216115287,0.9999999999999999,exponential,334,386.0,386.0,3.9498,0,0.0,1.0,1.0
10000,1.0,0.4,0.014666810181288346,3.684136148790474,0.003981071705534975,0.45841608216115287,0.9999999999999999,exponential,335,826.0,826.0,3.9843998,0,0.0,1.0,1.0
10000,1.0,0.4,0.014666810181288346,3.684136148790474,0.003981071705534975,0.45841608216115287,0.9999999999999999,exponential,336,1702.0,1702.0,3.8816998,0,0.0,1.0,1.0
10000,1.0,0.4,0.014666810181288346,3.684136148790474,0.003981071705534975,0.45841608216115287,0.9999999999999999,exponential,337,968.0,968.0,4.5132,0,0.0,1.0,1.0
10000,1.0,0.4,0.014666810181288346,3.684136148790474,0.003981071705534975,0.45841608216115287,0.9999999999999999,exponential,338,464.0,464.0,4.0667,0,0.0,1.0,1.0
10000,1.0,0.4,0.014666810181288346,3.684136148790474,0.003981071705534975,0.45841608216115287,0.9999999999999999,exponential,339,325.0,325.0,3.8806,0,0.0,1.0,1.0
10000,1.0,0.4,0.014666810181288346,3.684136148790474,0.003981071705534975,0.45841608216115287,0.9999999999999999,exponential,340,667.0,667.0,3.5263,0,0.0,1.0,1.0
10000,1.0,0.4,0.014666810181288346,3.684136148790474,0.003981071705534975,0.45841608216115287,0.9999999999999999,exponential,341,826.0,826.0,4.0961,0,0.0,1.0,1.0
10000,1.0,0.4,0.014666810181288346,3.684136148790474,0.003981071705534975,0.45841608216115287,0.9999999999999999,exponential,342,1141.0,1141.0,4.4632,0,0.0,1.0,1.0
10000,1.0,0.4,0.014666810181288346,3.684136148790474,0.003981071705534975,0.45841608216115287,0.9999999999999999,exponential,343,1311.0,1311.0,3.9411,0,0.0,1.0,1.0
10000,1.0,0.4,0.014666810181288346,3.684136148790474,0.003981071705534975,0.45841608216115287,0.9999999999999999,exponential,344,466.0,466.0,3.6994,0,0.0,1.0,1.0
10000,1.0,0.4,0.014666810181288346,3.684136148790474,0.003981071705534975,0.45841608216115287,0.9999999999999999,exponential,345,2521.0,2521.0,3.7582998,0,0.0,1.0,1.0
10000,1.0,0.4,0.014666810181288346,3.684136148790474,0.003981071705534975,0.45841608216115287,0.9999999999999999,exponential,346,850.0,850.0,4.0011997,0,0.0,1.0,1.0
10000,1.0,0.4,0.014666810181288346,3.684136148790474,0.003981071705534975,0.45841608216115287,0.9999999999999999,exponential,347,866.0,866.0,4.0604997,0,0.0,1.0,1.0
10000,1.0,0.4,0.014666810181288346,3.684136148790474,0.003981071705534975,0.45841608216115287,0.9999999999999999,exponential,348,396.0,396.0,3.7263,0,0.0,1.0,1.0
10000,1.0,0.4,0.014666810181288346,3.684136148790474,0.003981071705534975,0.45841608216115287,0.9999999999999999,exponential,349,330.0,330.0,3.7533,0,0.0,1.0,1.0
10000,1.0,0.4,0.014666810181288346,3.684136148790474,0.003981071705534975,0.45841608216115287,0.9999999999999999,exponential,350,1114.0,1114.0,4.0302997,0,0.0,1.0,1.0
10000,1.0,0.4,0.014666810181288346,3.684136148790474,0.003981071705534975,0.45841608216115287,0.9999999999999999,exponential,351,1018.0,1018.0,4.3777,0,0.0,1.0,1.0
10000,1.0,0.4,0.014666810181288346,3.684136148790474,0.003981071705534975,0.45841608216115287,0.9999999999999999,exponential,352,538.0,538.0,4.7472997,0,0.0,1.0,1.0
10000,1.0,0.4,0.014666810181288346,3.684136148790474,0.003981071705534975,0.45841608216115287,0.9999999999999999,exponential,353,356.0,356.0,3.7372,0,0.0,1.0,1.0
10000,1.0,0.4,0.014666810181288346,3.684136148790474,0.003981071705534975,0.45841608216115287,0.9999999999999999,exponential,354,1290.0,1290.0,3.9550998,0,0.0,1.0,1.0
10000,1.0,0.4,0.014666810181288346,3.684136148790474,0.003981071705534975,0.45841608216115287,0.9999999999999999,exponential,355,1387.0,1387.0,3.7498999,0,0.0,1.0,1.0
10000,1.0,0.4,0.014666810181288346,3.684136148790474,0.003981071705534975,0.45841608216115287,0.9999999999999999,exponential,356,847.0,847.0,3.9187,0,0.0,1.0,1.0
10000,1.0,0.4,0.014666810181288346,3.684136148790474,0.003981071705534975,0.45841608216115287,0.9999999999999999,exponential,357,599.0,599.0,3.6873,0,0.0,1.0,1.0
10000,1.0,0.4,0.014666810181288346,3.684136148790474,0.003981071705534975,0.45841608216115287,0.9999999999999999,exponential,358,1187.0,1187.0,3.7628999,0,0.0,1.0,1.0
10000,1.0,0.4,0.014666810181288346,3.684136148790474,0.003981071705534975,0.45841608216115287,0.9999999999999999,exponential,359,1575.0,1575.0,4.4614,0,0.0,1.0,1.0
10000,1.0,0.4,0.014666810181288346,3.684136148790474,0.003981071705534975,0.45841608216115287,0.9999999999999999,exponential,360,836.0,836.0,3.4245,0,0.0,1.0,1.0
10000,1.0,0.4,0.014666810181288346,3.684136148790474,0.003981071705534975,0.45841608216115287,0.9999999999999999,exponential,361,2114.0,2114.0,4.0421,0,0.0,1.0,1.0
10000,1.0,0.4,0.014666810181288346,3.684136148790474,0.003981071705534975,0.45841608216115287,0.9999999999999999,exponential,362,638.0,638.0,3.7626,0,0.0,1.0,1.0
10000,1.0,0.4,0.014666810181288346,3.684136148790474,0.003981071705534975,0.45841608216115287,0.9999999999999999,exponential,363,2967.0,2967.0,3.8244998,0,0.0,1.0,1.0
10000,1.0,0.4,0.014666810181288346,3.684136148790474,0.003981071705534975,0.45841608216115287,0.9999999999999999,exponential,364,1094.0,1094.0,4.0504,0,0.0,1.0,1.0
10000,1.0,0.4,0.014666810181288346,3.684136148790474,0.003981071705534975,0.45841608216115287,0.9999999999999999,exponential,365,383.0,383.0,4.1451,0,0.0,1.0,1.0
10000,1.0,0.4,0.014666810181288346,3.684136148790474,0.003981071705534975,0.45841608216115287,0.9999999999999999,exponential,366,2560.0,2560.0,3.3878999,0,0.0,1.0,1.0
10000,1.0,0.4,0.014666810181288346,3.684136148790474,0.003981071705534975,0.45841608216115287,0.9999999999999999,exponential,367,1115.0,1115.0,3.6039999,0,0.0,1.0,1.0
10000,1.0,0.4,0.014666810181288346,3.684136148790474,0.003981071705534975,0.45841608216115287,0.9999999999999999,exponential,368,839.0,839.0,4.4741,0,0.0,1.0,1.0
10000,1.0,0.4,0.014666810181288346,3.684136148790474,0.003981071705534975,0.45841608216115287,0.9999999999999999,exponential,369,1641.0,1641.0,4.127,0,0.0,1.0,1.0
10000,1.0,0.4,0.014666810181288346,3.684136148790474,0.003981071705534975,0.45841608216115287,0.9999999999999999,exponential,370,1387.0,1387.0,3.4473,0,0.0,1.0,1.0
10000,1.0,0.4,0.014666810181288346,3.684136148790474,0.003981071705534975,0.45841608216115287,0.9999999999999999,exponential,371,128.0,128.0,3.5396998,0,0.0,1.0,1.0
10000,1.0,0.4,0.014666810181288346,3.684136148790474,0.003981071705534975,0.45841608216115287,0.9999999999999999,exponential,372,2237.0,2237.0,3.8588998,0,0.0,1.0,1.0
10000,1.0,0.4,0.014666810181288346,3.684136148790474,0.003981071705534975,0.45841608216115287,0.9999999999999999,exponential,373,710.0,710.0,4.6144,0,0.0,1.0,1.0
10000,1.0,0.4,0.014666810181288346,3.684136148790474,0.003981071705534975,0.45841608216115287,0.9999999999999999,exponential,374,313.0,313.0,3.9529998,0,0.0,1.0,1.0
10000,1.0,0.4,0.014666810181288346,3.684136148790474,0.003981071705534975,0.45841608216115287,0.9999999999999999,exponential,375,444.0,444.0,3.7738,0,0.0,1.0,1.0
10000,1.0,0.4,0.014666810181288346,3.684136148790474,0.003981071705534975,0.45841608216115287,0.9999999999999999,exponential,376,1639.0,1639.0,4.0976,0,0.0,1.0,1.0
10000,1.0,0.4,0.014666810181288346,3.684136148790474,0.003981071705534975,0.45841608216115287,0.9999999999999999,exponential,377,1286.0,1286.0,3.7314,0,0.0,1.0,1.0
10000,1.0,0.4,0.014666810181288346,3.684136148790474,0.003981071705534975,0.45841608216115287,0.9999999999999999,exponential,378,1066.0,1066.0,4.4117,0,0.0,1.0,1.0
10000,1.0,0.4,0.014666810181288346,3.684136148790474,0.003981071705534975,0.45841608216115287,0.9999999999999999,exponential,379,179.0,179.0,3.7036998,0,0.0,1.0,1.0
10000,1.0,0.4,0.014666810181288346,3.684136148790474,0.003981071705534975,0.45841608216115287,0.9999999999999999,exponential,380,1353.0,1353.0,3.9006,0,0.0,1.0,1.0
10000,1.0,0.4,0.014666810181288346,3.684136148790474,0.003981071705534975,0.45841608216115287,0.9999999999999999,exponential,381,342.0,342.0,3.4218,0,0.0,1.0,1.0
10000,1.0,0.4,0.014666810181288346,3.684136148790474,0.003981071705534975,0.45841608216115287,0.9999999999999999,exponential,382,885.0,885.0,3.7821,0,0.0,1.0,1.0
10000,1.0,0.4,0.014666810181288346,3.684136148790474,0.003981071705534975,0.45841608216115287,0.9999999999999999,exponential,383,252.0,252.0,4.0329,0,0.0,1.0,1.0
10000,1.0,0.4,0.014666810181288346,3.684136148790474,0.003981071705534975,0.45841608216115287,0.9999999999999999,exponential,384,422.0,422.0,4.3974,0,0.0,1.0,1.0
10000,1.0,0.4,0.014666810181288346,3.684136148790474,0.003981071705534975,0.45841608216115287,0.9999999999999999,exponential,385,507.0,507.0,3.7594,0,0.0,1.0,1.0
10000,1.0,0.4,0.014666810181288346,3.684136148790474,0.003981071705534975,0.45841608216115287,0.9999999999999999,exponential,386,1479.0,1479.0,4.1275,0,0.0,1.0,1.0
10000,1.0,0.4,0.014666810181288346,3.684136148790474,0.003981071705534975,0.45841608216115287,0.9999999999999999,exponential,387,166.0,166.0,3.9171,0,0.0,1.0,1.0
10000,1.0,0.4,0.014666810181288346,3.684136148790474,0.003981071705534975,0.45841608216115287,0.9999999999999999,exponential,388,579.0,579.0,3.9524999,0,0.0,1.0,1.0
10000,1.0,0.4,0.014666810181288346,3.684136148790474,0.003981071705534975,0.45841608216115287,0.9999999999999999,exponential,389,2471.0,2471.0,3.8797,0,0.0,1.0,1.0
10000,1.0,0.4,0.014666810181288346,3.684136148790474,0.003981071705534975,0.45841608216115287,0.9999999999999999,exponential,390,1936.0,1936.0,3.3404999,0,0.0,1.0,1.0
10000,1.0,0.4,0.014666810181288346,3.684136148790474,0.003981071705534975,0.45841608216115287,0.9999999999999999,exponential,391,1115.0,1115.0,4.44,0,0.0,1.0,1.0
10000,1.0,0.4,0.014666810181288346,3.684136148790474,0.003981071705534975,0.45841608216115287,0.9999999999999999,exponential,392,742.0,742.0,3.9366999,0,0.0,1.0,1.0
10000,1.0,0.4,0.014666810181288346,3.684136148790474,0.003981071705534975,0.45841608216115287,0.9999999999999999,exponential,393,1451.0,1451.0,3.8114998,0,0.0,1.0,1.0
10000,1.0,0.4,0.014666810181288346,3.684136148790474,0.003981071705534975,0.45841608216115287,0.9999999999999999,exponential,394,1546.0,1546.0,3.9132,0,0.0,1.0,1.0
10000,1.0,0.4,0.014666810181288346,3.684136148790474,0.003981071705534975,0.45841608216115287,0.9999999999999999,exponential,395,1265.0,1265.0,4.1566997,0,0.0,1.0,1.0
10000,1.0,0.4,0.014666810181288346,3.684136148790474,0.003981071705534975,0.45841608216115287,0.9999999999999999,exponential,396,142.0,142.0,3.8995998,0,0.0,1.0,1.0
10000,1.0,0.4,0.014666810181288346,3.684136148790474,0.003981071705534975,0.45841608216115287,0.9999999999999999,exponential,397,265.0,265.0,3.8874,0,0.0,1.0,1.0
10000,1.0,0.4,0.014666810181288346,3.684136148790474,0.003981071705534975,0.45841608216115287,0.9999999999999999,exponential,398,216.0,216.0,3.9524999,0,0.0,1.0,1.0
10000,1.0,0.4,0.014666810181288346,3.684136148790474,0.003981071705534975,0.45841608216115287,0.9999999999999999,exponential,399,741.0,741.0,4.0171,0,0.0,1.0,1.0
10000,1.0,0.4,0.014666810181288346,3.684136148790474,0.003981071705534975,0.45841608216115287,0.9999999999999999,exponential,400,1209.0,1209.0,3.5776,0,0.0,1.0,1.0
10000,1.0,0.4,0.014666810181288346,3.684136148790474,0.003981071705534975,0.45841608216115287,0.9999999999999999,exponential,401,156.0,156.0,3.5537999,0,0.0,1.0,1.0
10000,1.0,0.4,0.014666810181288346,3.684136148790474,0.003981071705534975,0.45841608216115287,0.9999999999999999,exponential,402,702.0,702.0,4.3543,0,0.0,1.0,1.0
10000,1.0,0.4,0.014666810181288346,3.684136148790474,0.003981071705534975,0.45841608216115287,0.9999999999999999,exponential,403,294.0,294.0,3.7865,0,0.0,1.0,1.0
10000,1.0,0.4,0.014666810181288346,3.684136148790474,0.003981071705534975,0.45841608216115287,0.9999999999999999,exponential,404,1410.0,1410.0,4.3775,0,0.0,1.0,1.0
10000,1.0,0.4,0.014666810181288346,3.684136148790474,0.003981071705534975,0.45841608216115287,0.9999999999999999,exponential,405,354.0,354.0,3.7925,0,0.0,1.0,1.0
10000,1.0,0.4,0.014666810181288346,3.684136148790474,0.003981071705534975,0.45841608216115287,0.9999999999999999,exponential,406,997.0,997.0,3.9552999,0,0.0,1.0,1.0
10000,1.0,0.4,0.014666810181288346,3.684136148790474,0.003981071705534975,0.45841608216115287,0.9999999999999999,exponential,407,942.0,942.0,4.2328,0,0.0,1.0,1.0
10000,1.0,0.4,0.014666810181288346,3.684136148790474,0.003981071705534975,0.45841608216115287,0.9999999999999999,exponential,408,357.0,357.0,3.7038,0,0.0,1.0,1.0
10000,1.0,0.4,0.014666810181288346,3.684136148790474,0.003981071705534975,0.45841608216115287,0.9999999999999999,exponential,409,242.0,242.0,3.5133998,0,0.0,1.0,1.0
10000,1.0,0.4,0.014666810181288346,3.684136148790474,0.003981071705534975,0.45841608216115287,0.9999999999999999,exponential,410,1215.0,1215.0,3.8862,0,0.0,1.0,1.0
10000,1.0,0.4,0.014666810181288346,3.684136148790474,0.003981071705534975,0.45841608216115287,0.9999999999999999,exponential,411,825.0,825.0,3.9422,0,0.0,1.0,1.0
10000,1.0,0.4,0.014666810181288346,3.684136148790474,0.003981071705534975,0.45841608216115287,0.9999999999999999,exponential,412,308.0,308.0,3.7568,0,0.0,1.0,1.0
10000,1.0,0.4,0.014666810181288346,3.684136148790474,0.003981071705534975,0.45841608216115287,0.9999999999999999,exponential,413,319.0,319.0,4.1707997,0,0.0,1.0,1.0
10000,1.0,0.4,0.014666810181288346,3.684136148790474,0.003981071705534975,0.45841608216115287,0.9999999999999999,exponential,414,2322.0,2322.0,4.0113997,0,0.0,1.0,1.0
10000,1.0,0.4,0.014666810181288346,3.684136148790474,0.003981071705534975,0.45841608216115287,0.9999999999999999,exponential,415,1627.0,1627.0,3.8795998,0,0.0,1.0,1.0
10000,1.0,0.4,0.014666810181288346,3.684136148790474,0.003981071705534975,0.45841608216115287,0.9999999999999999,exponential,416,673.0,673.0,3.8686,0,0.0,1.0,1.0
10000,1.0,0.4,0.014666810181288346,3.684136148790474,0.003981071705534975,0.45841608216115287,0.9999999999999999,exponential,417,302.0,302.0,4.4733,0,0.0,1.0,1.0
10000,1.0,0.4,0.014666810181288346,3.684136148790474,0.003981071705534975,0.45841608216115287,0.9999999999999999,exponential,418,507.0,507.0,4.1478,0,0.0,1.0,1.0
10000,1.0,0.4,0.014666810181288346,3.684136148790474,0.003981071705534975,0.45841608216115287,0.9999999999999999,exponential,419,851.0,851.0,3.7443,0,0.0,1.0,1.0
10000,1.0,0.4,0.014666810181288346,3.684136148790474,0.003981071705534975,0.45841608216115287,0.9999999999999999,exponential,420,1259.0,1259.0,4.1574,0,0.0,1.0,1.0
10000,1.0,0.4,0.014666810181288346,3.684136148790474,0.003981071705534975,0.45841608216115287,0.9999999999999999,exponential,421,2438.0,2438.0,3.7273998,0,0.0,1.0,1.0
10000,1.0,0.4,0.014666810181288346,3.684136148790474,0.003981071705534975,0.45841608216115287,0.9999999999999999,exponential,422,102.0,102.0,3.8091998,0,0.0,1.0,1.0
10000,1.0,0.4,0.014666810181288346,3.684136148790474,0.003981071705534975,0.45841608216115287,0.9999999999999999,exponential,423,157.0,157.0,4.2992,0,0.0,1.0,1.0
10000,1.0,0.4,0.014666810181288346,3.684136148790474,0.003981071705534975,0.45841608216115287,0.9999999999999999,exponential,424,535.0,535.0,3.9821,0,0.0,1.0,1.0
10000,1.0,0.4,0.014666810181288346,3.684136148790474,0.003981071705534975,0.45841608216115287,0.9999999999999999,exponential,425,1094.0,1094.0,4.0450997,0,0.0,1.0,1.0
10000,1.0,0.4,0.014666810181288346,3.684136148790474,0.003981071705534975,0.45841608216115287,0.9999999999999999,exponential,426,350.0,350.0,4.1310997,0,0.0,1.0,1.0
10000,1.0,0.4,0.014666810181288346,3.684136148790474,0.003981071705534975,0.45841608216115287,0.9999999999999999,exponential,427,667.0,667.0,3.9708,0,0.0,1.0,1.0
10000,1.0,0.4,0.014666810181288346,3.684136148790474,0.003981071705534975,0.45841608216115287,0.9999999999999999,exponential,428,3820.0,3820.0,3.4889,0,0.0,1.0,1.0
10000,1.0,0.4,0.014666810181288346,3.684136148790474,0.003981071705534975,0.45841608216115287,0.9999999999999999,exponential,429,2643.0,2643.0,4.0569,0,0.0,1.0,1.0
10000,1.0,0.4,0.014666810181288346,3.684136148790474,0.003981071705534975,0.45841608216115287,0.9999999999999999,exponential,430,2067.0,2067.0,3.8251998,0,0.0,1.0,1.0
10000,1.0,0.4,0.014666810181288346,3.684136148790474,0.003981071705534975,0.45841608216115287,0.9999999999999999,exponential,431,3214.0,3214.0,3.8706,0,0.0,1.0,1.0
10000,1.0,0.4,0.014666810181288346,3.684136148790474,0.003981071705534975,0.45841608216115287,0.9999999999999999,exponential,432,1185.0,1185.0,3.7426,0,0.0,1.0,1.0
10000,1.0,0.4,0.014666810181288346,3.684136148790474,0.003981071705534975,0.45841608216115287,0.9999999999999999,exponential,433,555.0,555.0,3.9801,0,0.0,1.0,1.0
10000,1.0,0.4,0.014666810181288346,3.684136148790474,0.003981071705534975,0.45841608216115287,0.9999999999999999,exponential,434,503.0,503.0,4.4751997,0,0.0,1.0,1.0
10000,1.0,0.4,0.014666810181288346,3.684136148790474,0.003981071705534975,0.45841608216115287,0.9999999999999999,exponential,435,194.0,194.0,4.1197,0,0.0,1.0,1.0
10000,1.0,0.4,0.014666810181288346,3.684136148790474,0.003981071705534975,0.45841608216115287,0.9999999999999999,exponential,436,236.0,236.0,4.1013,0,0.0,1.0,1.0
10000,1.0,0.4,0.014666810181288346,3.684136148790474,0.003981071705534975,0.45841608216115287,0.9999999999999999,exponential,437,1475.0,1475.0,4.2002997,0,0.0,1.0,1.0
10000,1.0,0.4,0.014666810181288346,3.684136148790474,0.003981071705534975,0.45841608216115287,0.9999999999999999,exponential,438,248.0,248.0,3.8602,0,0.0,1.0,1.0
10000,1.0,0.4,0.014666810181288346,3.684136148790474,0.003981071705534975,0.45841608216115287,0.9999999999999999,exponential,439,439.0,439.0,4.093,0,0.0,1.0,1.0
10000,1.0,0.4,0.014666810181288346,3.684136148790474,0.003981071705534975,0.45841608216115287,0.9999999999999999,exponential,440,379.0,379.0,4.5562,0,0.0,1.0,1.0
10000,1.0,0.4,0.014666810181288346,3.684136148790474,0.003981071705534975,0.45841608216115287,0.9999999999999999,exponential,441,378.0,378.0,4.9291997,0,0.0,1.0,1.0
10000,1.0,0.4,0.014666810181288346,3.684136148790474,0.003981071705534975,0.45841608216115287,0.9999999999999999,exponential,442,1011.0,1011.0,4.0534,0,0.0,1.0,1.0
10000,1.0,0.4,0.014666810181288346,3.684136148790474,0.003981071705534975,0.45841608216115287,0.9999999999999999,exponential,443,1127.0,1127.0,4.1207,0,0.0,1.0,1.0
10000,1.0,0.4,0.014666810181288346,3.684136148790474,0.003981071705534975,0.45841608216115287,0.9999999999999999,exponential,444,976.0,976.0,4.6658,0,0.0,1.0,1.0
10000,1.0,0.4,0.014666810181288346,3.684136148790474,0.003981071705534975,0.45841608216115287,0.9999999999999999,exponential,445,1171.0,1171.0,4.2376,0,0.0,1.0,1.0
10000,1.0,0.4,0.014666810181288346,3.684136148790474,0.003981071705534975,0.45841608216115287,0.9999999999999999,exponential,446,1819.0,1819.0,3.8244998,0,0.0,1.0,1.0
10000,1.0,0.4,0.014666810181288346,3.684136148790474,0.003981071705534975,0.45841608216115287,0.9999999999999999,exponential,447,445.0,445.0,3.8944,0,0.0,1.0,1.0
10000,1.0,0.4,0.014666810181288346,3.684136148790474,0.003981071705534975,0.45841608216115287,0.9999999999999999,exponential,448,2503.0,2503.0,3.7536,0,0.0,1.0,1.0
10000,1.0,0.4,0.014666810181288346,3.684136148790474,0.003981071705534975,0.45841608216115287,0.9999999999999999,exponential,449,2290.0,2290.0,4.3026,0,0.0,1.0,1.0
10000,1.0,0.4,0.014666810181288346,3.684136148790474,0.003981071705534975,0.45841608216115287,0.9999999999999999,exponential,450,402.0,402.0,3.8399,0,0.0,1.0,1.0
10000,1.0,0.4,0.014666810181288346,3.684136148790474,0.003981071705534975,0.45841608216115287,0.9999999999999999,exponential,451,1693.0,1693.0,4.0386,0,0.0,1.0,1.0
10000,1.0,0.4,0.014666810181288346,3.684136148790474,0.003981071705534975,0.45841608216115287,0.9999999999999999,exponential,452,1208.0,1208.0,3.3583999,0,0.0,1.0,1.0
10000,1.0,0.4,0.014666810181288346,3.684136148790474,0.003981071705534975,0.45841608216115287,0.9999999999999999,exponential,453,1139.0,1139.0,4.1766,0,0.0,1.0,1.0
10000,1.0,0.4,0.014666810181288346,3.684136148790474,0.003981071705534975,0.45841608216115287,0.9999999999999999,exponential,454,465.0,465.0,4.0829997,0,0.0,1.0,1.0
10000,1.0,0.4,0.014666810181288346,3.684136148790474,0.003981071705534975,0.45841608216115287,0.9999999999999999,exponential,455,3472.0,3472.0,3.9069998,0,0.0,1.0,1.0
10000,1.0,0.4,0.014666810181288346,3.684136148790474,0.003981071705534975,0.45841608216115287,0.9999999999999999,exponential,456,656.0,656.0,4.061,0,0.0,1.0,1.0
10000,1.0,0.4,0.014666810181288346,3.684136148790474,0.003981071705534975,0.45841608216115287,0.9999999999999999,exponential,457,546.0,546.0,3.8639,0,0.0,1.0,1.0
10000,1.0,0.4,0.014666810181288346,3.684136148790474,0.003981071705534975,0.45841608216115287,0.9999999999999999,exponential,458,205.0,205.0,3.8881,0,0.0,1.0,1.0
10000,1.0,0.4,0.014666810181288346,3.684136148790474,0.003981071705534975,0.45841608216115287,0.9999999999999999,exponential,459,678.0,678.0,4.0801997,0,0.0,1.0,1.0
10000,1.0,0.4,0.014666810181288346,3.684136148790474,0.003981071705534975,0.45841608216115287,0.9999999999999999,exponential,460,1785.0,1785.0,3.5088,0,0.0,1.0,1.0
10000,1.0,0.4,0.014666810181288346,3.684136148790474,0.003981071705534975,0.45841608216115287,0.9999999999999999,exponential,461,848.0,848.0,3.7182,0,0.0,1.0,1.0
10000,1.0,0.4,0.014666810181288346,3.684136148790474,0.003981071705534975,0.45841608216115287,0.9999999999999999,exponential,462,1394.0,1394.0,3.6831,0,0.0,1.0,1.0
10000,1.0,0.4,0.014666810181288346,3.684136148790474,0.003981071705534975,0.45841608216115287,0.9999999999999999,exponential,463,121.0,121.0,3.9478,0,0.0,1.0,1.0
10000,1.0,0.4,0.014666810181288346,3.684136148790474,0.003981071705534975,0.45841608216115287,0.9999999999999999,exponential,464,290.0,290.0,4.1201997,0,0.0,1.0,1.0
10000,1.0,0.4,0.014666810181288346,3.684136148790474,0.003981071705534975,0.45841608216115287,0.9999999999999999,exponential,465,181.0,181.0,4.2622,0,0.0,1.0,1.0
10000,1.0,0.4,0.014666810181288346,3.684136148790474,0.003981071705534975,0.45841608216115287,0.9999999999999999,exponential,466,1391.0,1391.0,4.3299,0,0.0,1.0,1.0
10000,1.0,0.4,0.014666810181288346,3.684136148790474,0.003981071705534975,0.45841608216115287,0.9999999999999999,exponential,467,397.0,397.0,4.4122,0,0.0,1.0,1.0
10000,1.0,0.4,0.014666810181288346,3.684136148790474,0.003981071705534975,0.45841608216115287,0.9999999999999999,exponential,468,261.0,261.0,3.5367,0,0.0,1.0,1.0
10000,1.0,0.4,0.014666810181288346,3.684136148790474,0.003981071705534975,0.45841608216115287,0.9999999999999999,exponential,469,908.0,908.0,3.8072999,0,0.0,1.0,1.0
10000,1.0,0.4,0.014666810181288346,3.684136148790474,0.003981071705534975,0.45841608216115287,0.9999999999999999,exponential,470,3310.0,3310.0,4.104,0,0.0,1.0,1.0
10000,1.0,0.4,0.014666810181288346,3.684136148790474,0.003981071705534975,0.45841608216115287,0.9999999999999999,exponential,471,1954.0,1954.0,3.7596998,0,0.0,1.0,1.0
10000,1.0,0.4,0.014666810181288346,3.684136148790474,0.003981071705534975,0.45841608216115287,0.9999999999999999,exponential,472,726.0,726.0,3.4371,0,0.0,1.0,1.0
10000,1.0,0.4,0.014666810181288346,3.684136148790474,0.003981071705534975,0.45841608216115287,0.9999999999999999,exponential,473,646.0,646.0,3.9957,0,0.0,1.0,1.0
10000,1.0,0.4,0.014666810181288346,3.684136148790474,0.003981071705534975,0.45841608216115287,0.9999999999999999,exponential,474,2507.0,2507.0,4.1570997,0,0.0,1.0,1.0
10000,1.0,0.4,0.014666810181288346,3.684136148790474,0.003981071705534975,0.45841608216115287,0.9999999999999999,exponential,475,685.0,685.0,3.9698,0,0.0,1.0,1.0
10000,1.0,0.4,0.014666810181288346,3.684136148790474,0.003981071705534975,0.45841608216115287,0.9999999999999999,exponential,476,814.0,814.0,3.9810998,0,0.0,1.0,1.0
10000,1.0,0.4,0.014666810181288346,3.684136148790474,0.003981071705534975,0.45841608216115287,0.9999999999999999,exponential,477,2863.0,2863.0,4.2077,0,0.0,1.0,1.0
10000,1.0,0.4,0.014666810181288346,3.684136148790474,0.003981071705534975,0.45841608216115287,0.9999999999999999,exponential,478,403.0,403.0,3.8720999,0,0.0,1.0,1.0
10000,1.0,0.4,0.014666810181288346,3.684136148790474,0.003981071705534975,0.45841608216115287,0.9999999999999999,exponential,479,5245.0,5245.0,3.9229999,0,0.0,1.0,1.0
10000,1.0,0.4,0.014666810181288346,3.684136148790474,0.003981071705534975,0.45841608216115287,0.9999999999999999,exponential,480,1940.0,1940.0,3.9213,0,0.0,1.0,1.0
10000,1.0,0.4,0.014666810181288346,3.684136148790474,0.003981071705534975,0.45841608216115287,0.9999999999999999,exponential,481,4040.0,4040.0,4.1796,0,0.0,1.0,1.0
10000,1.0,0.4,0.014666810181288346,3.684136148790474,0.003981071705534975,0.45841608216115287,0.9999999999999999,exponential,482,429.0,429.0,3.6826,0,0.0,1.0,1.0
10000,1.0,0.4,0.014666810181288346,3.684136148790474,0.003981071705534975,0.45841608216115287,0.9999999999999999,exponential,483,1452.0,1452.0,5.1535,0,0.0,1.0,1.0
10000,1.0,0.4,0.014666810181288346,3.684136148790474,0.003981071705534975,0.45841608216115287,0.9999999999999999,exponential,484,617.0,617.0,4.3073,0,0.0,1.0,1.0
10000,1.0,0.4,0.014666810181288346,3.684136148790474,0.003981071705534975,0.45841608216115287,0.9999999999999999,exponential,485,176.0,176.0,4.1036,0,0.0,1.0,1.0
10000,1.0,0.4,0.014666810181288346,3.684136148790474,0.003981071705534975,0.45841608216115287,0.9999999999999999,exponential,486,2599.0,2599.0,3.648,0,0.0,1.0,1.0
10000,1.0,0.4,0.014666810181288346,3.684136148790474,0.003981071705534975,0.45841608216115287,0.9999999999999999,exponential,487,1869.0,1869.0,3.9269,0,0.0,1.0,1.0
10000,1.0,0.4,0.014666810181288346,3.684136148790474,0.003981071705534975,0.45841608216115287,0.9999999999999999,exponential,488,1301.0,1301.0,4.3568,0,0.0,1.0,1.0
10000,1.0,0.4,0.014666810181288346,3.684136148790474,0.003981071705534975,0.45841608216115287,0.9999999999999999,exponential,489,559.0,559.0,4.0393,0,0.0,1.0,1.0
10000,1.0,0.4,0.014666810181288346,3.684136148790474,0.003981071705534975,0.45841608216115287,0.9999999999999999,exponential,490,276.0,276.0,3.6074,0,0.0,1.0,1.0
10000,1.0,0.4,0.014666810181288346,3.684136148790474,0.003981071705534975,0.45841608216115287,0.9999999999999999,exponential,491,3345.0,3345.0,3.9878998,0,0.0,1.0,1.0
10000,1.0,0.4,0.014666810181288346,3.684136148790474,0.003981071705534975,0.45841608216115287,0.9999999999999999,exponential,492,2675.0,2675.0,3.4889,0,0.0,1.0,1.0
10000,1.0,0.4,0.014666810181288346,3.684136148790474,0.003981071705534975,0.45841608216115287,0.9999999999999999,exponential,493,310.0,310.0,3.6739,0,0.0,1.0,1.0
10000,1.0,0.4,0.014666810181288346,3.684136148790474,0.003981071705534975,0.45841608216115287,0.9999999999999999,exponential,494,205.0,205.0,3.7138999,0,0.0,1.0,1.0
10000,1.0,0.4,0.014666810181288346,3.684136148790474,0.003981071705534975,0.45841608216115287,0.9999999999999999,exponential,495,684.0,684.0,4.4628997,0,0.0,1.0,1.0
10000,1.0,0.4,0.014666810181288346,3.684136148790474,0.003981071705534975,0.45841608216115287,0.9999999999999999,exponential,496,2453.0,2453.0,3.8044,0,0.0,1.0,1.0
10000,1.0,0.4,0.014666810181288346,3.684136148790474,0.003981071705534975,0.45841608216115287,0.9999999999999999,exponential,497,1017.0,1017.0,4.7517,0,0.0,1.0,1.0
10000,1.0,0.4,0.014666810181288346,3.684136148790474,0.003981071705534975,0.45841608216115287,0.9999999999999999,exponential,498,1682.0,1682.0,4.7897,0,0.0,1.0,1.0
10000,1.0,0.4,0.014666810181288346,3.684136148790474,0.003981071705534975,0.45841608216115287,0.9999999999999999,exponential,499,235.0,235.0,3.8909998,0,0.0,1.0,1.0
10000,1.0,0.4,0.014666810181288346,3.684136148790474,0.003981071705534975,0.45841608216115287,0.9999999999999999,exponential,500,427.0,427.0,3.7229,0,0.0,1.0,1.0
10000,1.0,0.4,0.014666810181288346,3.684136148790474,0.003981071705534975,0.45841608216115287,0.9999999999999999,exponential,501,650.0,650.0,3.9232,0,0.0,1.0,1.0
10000,1.0,0.4,0.014666810181288346,3.684136148790474,0.003981071705534975,0.45841608216115287,0.9999999999999999,exponential,502,2302.0,2302.0,3.7958,0,0.0,1.0,1.0
10000,1.0,0.4,0.014666810181288346,3.684136148790474,0.003981071705534975,0.45841608216115287,0.9999999999999999,exponential,503,417.0,417.0,4.1886997,0,0.0,1.0,1.0
10000,1.0,0.4,0.014666810181288346,3.684136148790474,0.003981071705534975,0.45841608216115287,0.9999999999999999,exponential,504,2990.0,2990.0,3.9652998,0,0.0,1.0,1.0
10000,1.0,0.4,0.014666810181288346,3.684136148790474,0.003981071705534975,0.45841608216115287,0.9999999999999999,exponential,505,1203.0,1203.0,3.7486,0,0.0,1.0,1.0
10000,1.0,0.4,0.014666810181288346,3.684136148790474,0.003981071705534975,0.45841608216115287,0.9999999999999999,exponential,506,2159.0,2159.0,3.738,0,0.0,1.0,1.0
10000,1.0,0.4,0.014666810181288346,3.684136148790474,0.003981071705534975,0.45841608216115287,0.9999999999999999,exponential,507,2267.0,2267.0,4.1781,0,0.0,1.0,1.0
10000,1.0,0.4,0.014666810181288346,3.684136148790474,0.003981071705534975,0.45841608216115287,0.9999999999999999,exponential,508,440.0,440.0,3.6148999,0,0.0,1.0,1.0
10000,1.0,0.4,0.014666810181288346,3.684136148790474,0.003981071705534975,0.45841608216115287,0.9999999999999999,exponential,509,1615.0,1615.0,3.7891,0,0.0,1.0,1.0
10000,1.0,0.4,0.014666810181288346,3.684136148790474,0.003981071705534975,0.45841608216115287,0.9999999999999999,exponential,510,466.0,466.0,4.0958,0,0.0,1.0,1.0
10000,1.0,0.4,0.014666810181288346,3.684136148790474,0.003981071705534975,0.45841608216115287,0.9999999999999999,exponential,511,918.0,918.0,4.2078,0,0.0,1.0,1.0
10000,1.0,0.4,0.014666810181288346,3.684136148790474,0.003981071705534975,0.45841608216115287,0.9999999999999999,exponential,512,1700.0,1700.0,3.6599,0,0.0,1.0,1.0
10000,1.0,0.4,0.014666810181288346,3.684136148790474,0.003981071705534975,0.45841608216115287,0.9999999999999999,exponential,513,1546.0,1546.0,3.6241,0,0.0,1.0,1.0
10000,1.0,0.4,0.014666810181288346,3.684136148790474,0.003981071705534975,0.45841608216115287,0.9999999999999999,exponential,514,2237.0,2237.0,4.1043997,0,0.0,1.0,1.0
10000,1.0,0.4,0.014666810181288346,3.684136148790474,0.003981071705534975,0.45841608216115287,0.9999999999999999,exponential,515,1158.0,1158.0,4.2191,0,0.0,1.0,1.0
10000,1.0,0.4,0.014666810181288346,3.684136148790474,0.003981071705534975,0.45841608216115287,0.9999999999999999,exponential,516,1876.0,1876.0,4.4274,0,0.0,1.0,1.0
10000,1.0,0.4,0.014666810181288346,3.684136148790474,0.003981071705534975,0.45841608216115287,0.9999999999999999,exponential,517,290.0,290.0,3.6653998,0,0.0,1.0,1.0
10000,1.0,0.4,0.014666810181288346,3.684136148790474,0.003981071705534975,0.45841608216115287,0.9999999999999999,exponential,518,1437.0,1437.0,3.5205,0,0.0,1.0,1.0
10000,1.0,0.4,0.014666810181288346,3.684136148790474,0.003981071705534975,0.45841608216115287,0.9999999999999999,exponential,519,1182.0,1182.0,3.3992,0,0.0,1.0,1.0
10000,1.0,0.4,0.014666810181288346,3.684136148790474,0.003981071705534975,0.45841608216115287,0.9999999999999999,exponential,520,436.0,436.0,4.4955,0,0.0,1.0,1.0
10000,1.0,0.4,0.014666810181288346,3.684136148790474,0.003981071705534975,0.45841608216115287,0.9999999999999999,exponential,521,138.0,138.0,3.7191,0,0.0,1.0,1.0
10000,1.0,0.4,0.014666810181288346,3.684136148790474,0.003981071705534975,0.45841608216115287,0.9999999999999999,exponential,522,108.0,108.0,3.8095999,0,0.0,1.0,1.0
10000,1.0,0.4,0.014666810181288346,3.684136148790474,0.003981071705534975,0.45841608216115287,0.9999999999999999,exponential,523,97.0,97.0,3.9278,0,0.0,1.0,1.0
10000,1.0,0.4,0.014666810181288346,3.684136148790474,0.003981071705534975,0.45841608216115287,0.9999999999999999,exponential,524,227.0,227.0,4.0446,0,0.0,1.0,1.0
10000,1.0,0.4,0.014666810181288346,3.684136148790474,0.003981071705534975,0.45841608216115287,0.9999999999999999,exponential,525,303.0,303.0,3.9095,0,0.0,1.0,1.0
10000,1.0,0.4,0.014666810181288346,3.684136148790474,0.003981071705534975,0.45841608216115287,0.9999999999999999,exponential,526,799.0,799.0,3.7628999,0,0.0,1.0,1.0
10000,1.0,0.4,0.014666810181288346,3.684136148790474,0.003981071705534975,0.45841608216115287,0.9999999999999999,exponential,527,1831.0,1831.0,3.6627998,0,0.0,1.0,1.0
10000,1.0,0.4,0.014666810181288346,3.684136148790474,0.003981071705534975,0.45841608216115287,0.9999999999999999,exponential,528,478.0,478.0,4.0771,0,0.0,1.0,1.0
10000,1.0,0.4,0.014666810181288346,3.684136148790474,0.003981071705534975,0.45841608216115287,0.9999999999999999,exponential,529,475.0,475.0,3.8255,0,0.0,1.0,1.0
10000,1.0,0.4,0.014666810181288346,3.684136148790474,0.003981071705534975,0.45841608216115287,0.9999999999999999,exponential,530,314.0,314.0,4.3554,0,0.0,1.0,1.0
10000,1.0,0.4,0.014666810181288346,3.684136148790474,0.003981071705534975,0.45841608216115287,0.9999999999999999,exponential,531,305.0,305.0,4.2383,0,0.0,1.0,1.0
10000,1.0,0.4,0.014666810181288346,3.684136148790474,0.003981071705534975,0.45841608216115287,0.9999999999999999,exponential,532,618.0,618.0,3.2575998,0,0.0,1.0,1.0
10000,1.0,0.4,0.014666810181288346,3.684136148790474,0.003981071705534975,0.45841608216115287,0.9999999999999999,exponential,533,1087.0,1087.0,3.5876,0,0.0,1.0,1.0
10000,1.0,0.4,0.014666810181288346,3.684136148790474,0.003981071705534975,0.45841608216115287,0.9999999999999999,exponential,534,515.0,515.0,3.7903,0,0.0,1.0,1.0
10000,1.0,0.4,0.014666810181288346,3.684136148790474,0.003981071705534975,0.45841608216115287,0.9999999999999999,exponential,535,728.0,728.0,4.1528,0,0.0,1.0,1.0
10000,1.0,0.4,0.014666810181288346,3.684136148790474,0.003981071705534975,0.45841608216115287,0.9999999999999999,exponential,536,515.0,515.0,3.9087,0,0.0,1.0,1.0
10000,1.0,0.4,0.014666810181288346,3.684136148790474,0.003981071705534975,0.45841608216115287,0.9999999999999999,exponential,537,685.0,685.0,4.2079,0,0.0,1.0,1.0
10000,1.0,0.4,0.014666810181288346,3.684136148790474,0.003981071705534975,0.45841608216115287,0.9999999999999999,exponential,538,1818.0,1818.0,4.0994997,0,0.0,1.0,1.0
10000,1.0,0.4,0.014666810181288346,3.684136148790474,0.003981071705534975,0.45841608216115287,0.9999999999999999,exponential,539,708.0,708.0,4.1134,0,0.0,1.0,1.0
10000,1.0,0.4,0.014666810181288346,3.684136148790474,0.003981071705534975,0.45841608216115287,0.9999999999999999,exponential,540,360.0,360.0,4.0408,0,0.0,1.0,1.0
10000,1.0,0.4,0.014666810181288346,3.684136148790474,0.003981071705534975,0.45841608216115287,0.9999999999999999,exponential,541,551.0,551.0,3.6548998,0,0.0,1.0,1.0
10000,1.0,0.4,0.014666810181288346,3.684136148790474,0.003981071705534975,0.45841608216115287,0.9999999999999999,exponential,542,240.0,240.0,4.382,0,0.0,1.0,1.0
10000,1.0,0.4,0.014666810181288346,3.684136148790474,0.003981071705534975,0.45841608216115287,0.9999999999999999,exponential,543,138.0,138.0,3.8176,0,0.0,1.0,1.0
10000,1.0,0.4,0.014666810181288346,3.684136148790474,0.003981071705534975,0.45841608216115287,0.9999999999999999,exponential,544,702.0,702.0,4.2583,0,0.0,1.0,1.0
10000,1.0,0.4,0.014666810181288346,3.684136148790474,0.003981071705534975,0.45841608216115287,0.9999999999999999,exponential,545,189.0,189.0,3.7069,0,0.0,1.0,1.0
10000,1.0,0.4,0.014666810181288346,3.684136148790474,0.003981071705534975,0.45841608216115287,0.9999999999999999,exponential,546,1359.0,1359.0,4.2753997,0,0.0,1.0,1.0
10000,1.0,0.4,0.014666810181288346,3.684136148790474,0.003981071705534975,0.45841608216115287,0.9999999999999999,exponential,547,480.0,480.0,4.2338,0,0.0,1.0,1.0
10000,1.0,0.4,0.014666810181288346,3.684136148790474,0.003981071705534975,0.45841608216115287,0.9999999999999999,exponential,548,164.0,164.0,3.8709,0,0.0,1.0,1.0
10000,1.0,0.4,0.014666810181288346,3.684136148790474,0.003981071705534975,0.45841608216115287,0.9999999999999999,exponential,549,1077.0,1077.0,3.8098998,0,0.0,1.0,1.0
10000,1.0,0.4,0.014666810181288346,3.684136148790474,0.003981071705534975,0.45841608216115287,0.9999999999999999,exponential,550,1702.0,1702.0,4.0882,0,0.0,1.0,1.0
10000,1.0,0.4,0.014666810181288346,3.684136148790474,0.003981071705534975,0.45841608216115287,0.9999999999999999,exponential,551,86.0,86.0,4.0724,0,0.0,1.0,1.0
10000,1.0,0.4,0.014666810181288346,3.684136148790474,0.003981071705534975,0.45841608216115287,0.9999999999999999,exponential,552,338.0,338.0,3.8771,0,0.0,1.0,1.0
10000,1.0,0.4,0.014666810181288346,3.684136148790474,0.003981071705534975,0.45841608216115287,0.9999999999999999,exponential,553,548.0,548.0,3.8125,0,0.0,1.0,1.0
10000,1.0,0.4,0.014666810181288346,3.684136148790474,0.003981071705534975,0.45841608216115287,0.9999999999999999,exponential,554,277.0,277.0,4.0088997,0,0.0,1.0,1.0
10000,1.0,0.4,0.014666810181288346,3.684136148790474,0.003981071705534975,0.45841608216115287,0.9999999999999999,exponential,555,86.0,86.0,3.9231,0,0.0,1.0,1.0
10000,1.0,0.4,0.014666810181288346,3.684136148790474,0.003981071705534975,0.45841608216115287,0.9999999999999999,exponential,556,4735.0,4735.0,4.0582,0,0.0,1.0,1.0
10000,1.0,0.4,0.014666810181288346,3.684136148790474,0.003981071705534975,0.45841608216115287,0.9999999999999999,exponential,557,148.0,148.0,4.0302,0,0.0,1.0,1.0
10000,1.0,0.4,0.014666810181288346,3.684136148790474,0.003981071705534975,0.45841608216115287,0.9999999999999999,exponential,558,1062.0,1062.0,3.7798998,0,0.0,1.0,1.0
10000,1.0,0.4,0.014666810181288346,3.684136148790474,0.003981071705534975,0.45841608216115287,0.9999999999999999,exponential,559,1456.0,1456.0,4.3387,0,0.0,1.0,1.0
10000,1.0,0.4,0.014666810181288346,3.684136148790474,0.003981071705534975,0.45841608216115287,0.9999999999999999,exponential,560,569.0,569.0,3.8263998,0,0.0,1.0,1.0
10000,1.0,0.4,0.014666810181288346,3.684136148790474,0.003981071705534975,0.45841608216115287,0.9999999999999999,exponential,561,1655.0,1655.0,3.5848,0,0.0,1.0,1.0
10000,1.0,0.4,0.014666810181288346,3.684136148790474,0.003981071705534975,0.45841608216115287,0.9999999999999999,exponential,562,3923.0,3923.0,4.5677,0,0.0,1.0,1.0
10000,1.0,0.4,0.014666810181288346,3.684136148790474,0.003981071705534975,0.45841608216115287,0.9999999999999999,exponential,563,379.0,379.0,3.8479998,0,0.0,1.0,1.0
10000,1.0,0.4,0.014666810181288346,3.684136148790474,0.003981071705534975,0.45841608216115287,0.9999999999999999,exponential,564,830.0,830.0,3.855,0,0.0,1.0,1.0
10000,1.0,0.4,0.014666810181288346,3.684136148790474,0.003981071705534975,0.45841608216115287,0.9999999999999999,exponential,565,570.0,570.0,4.1774,0,0.0,1.0,1.0
10000,1.0,0.4,0.014666810181288346,3.684136148790474,0.003981071705534975,0.45841608216115287,0.9999999999999999,exponential,566,1398.0,1398.0,3.8579,0,0.0,1.0,1.0
10000,1.0,0.4,0.014666810181288346,3.684136148790474,0.003981071705534975,0.45841608216115287,0.9999999999999999,exponential,567,583.0,583.0,3.6225,0,0.0,1.0,1.0
10000,1.0,0.4,0.014666810181288346,3.684136148790474,0.003981071705534975,0.45841608216115287,0.9999999999999999,exponential,568,4410.0,4410.0,3.5549998,0,0.0,1.0,1.0
10000,1.0,0.4,0.014666810181288346,3.684136148790474,0.003981071705534975,0.45841608216115287,0.9999999999999999,exponential,569,95.0,95.0,4.1096,0,0.0,1.0,1.0
10000,1.0,0.4,0.014666810181288346,3.684136148790474,0.003981071705534975,0.45841608216115287,0.9999999999999999,exponential,570,707.0,707.0,4.3540998,0,0.0,1.0,1.0
10000,1.0,0.4,0.014666810181288346,3.684136148790474,0.003981071705534975,0.45841608216115287,0.9999999999999999,exponential,571,253.0,253.0,4.4307,0,0.0,1.0,1.0
10000,1.0,0.4,0.014666810181288346,3.684136148790474,0.003981071705534975,0.45841608216115287,0.9999999999999999,exponential,572,490.0,490.0,3.9519,0,0.0,1.0,1.0
10000,1.0,0.4,0.014666810181288346,3.684136148790474,0.003981071705534975,0.45841608216115287,0.9999999999999999,exponential,573,112.0,112.0,3.7707999,0,0.0,1.0,1.0
10000,1.0,0.4,0.014666810181288346,3.684136148790474,0.003981071705534975,0.45841608216115287,0.9999999999999999,exponential,574,848.0,848.0,3.5872998,0,0.0,1.0,1.0
10000,1.0,0.4,0.014666810181288346,3.684136148790474,0.003981071705534975,0.45841608216115287,0.9999999999999999,exponential,575,623.0,623.0,4.582,0,0.0,1.0,1.0
10000,1.0,0.4,0.014666810181288346,3.684136148790474,0.003981071705534975,0.45841608216115287,0.9999999999999999,exponential,576,905.0,905.0,3.7844,0,0.0,1.0,1.0
10000,1.0,0.4,0.014666810181288346,3.684136148790474,0.003981071705534975,0.45841608216115287,0.9999999999999999,exponential,577,1281.0,1281.0,4.8533,0,0.0,1.0,1.0
10000,1.0,0.4,0.014666810181288346,3.684136148790474,0.003981071705534975,0.45841608216115287,0.9999999999999999,exponential,578,1058.0,1058.0,3.7893999,0,0.0,1.0,1.0
10000,1.0,0.4,0.014666810181288346,3.684136148790474,0.003981071705534975,0.45841608216115287,0.9999999999999999,exponential,579,2376.0,2376.0,4.3079,0,0.0,1.0,1.0
10000,1.0,0.4,0.014666810181288346,3.684136148790474,0.003981071705534975,0.45841608216115287,0.9999999999999999,exponential,580,401.0,401.0,3.9466,0,0.0,1.0,1.0
10000,1.0,0.4,0.014666810181288346,3.684136148790474,0.003981071705534975,0.45841608216115287,0.9999999999999999,exponential,581,466.0,466.0,3.8156998,0,0.0,1.0,1.0
10000,1.0,0.4,0.014666810181288346,3.684136148790474,0.003981071705534975,0.45841608216115287,0.9999999999999999,exponential,582,598.0,598.0,3.9087,0,0.0,1.0,1.0
10000,1.0,0.4,0.014666810181288346,3.684136148790474,0.003981071705534975,0.45841608216115287,0.9999999999999999,exponential,583,1109.0,1109.0,4.0365,0,0.0,1.0,1.0
10000,1.0,0.4,0.014666810181288346,3.684136148790474,0.003981071705534975,0.45841608216115287,0.9999999999999999,exponential,584,115.0,115.0,4.0287,0,0.0,1.0,1.0
10000,1.0,0.4,0.014666810181288346,3.684136148790474,0.003981071705534975,0.45841608216115287,0.9999999999999999,exponential,585,1011.0,1011.0,3.8151,0,0.0,1.0,1.0
10000,1.0,0.4,0.014666810181288346,3.684136148790474,0.003981071705534975,0.45841608216115287,0.9999999999999999,exponential,586,203.0,203.0,3.8593,0,0.0,1.0,1.0
10000,1.0,0.4,0.014666810181288346,3.684136148790474,0.003981071705534975,0.45841608216115287,0.9999999999999999,exponential,587,1378.0,1378.0,3.6915,0,0.0,1.0,1.0
10000,1.0,0.4,0.014666810181288346,3.684136148790474,0.003981071705534975,0.45841608216115287,0.9999999999999999,exponential,588,715.0,715.0,3.9675,0,0.0,1.0,1.0
10000,1.0,0.4,0.014666810181288346,3.684136148790474,0.003981071705534975,0.45841608216115287,0.9999999999999999,exponential,589,446.0,446.0,4.2251,0,0.0,1.0,1.0
10000,1.0,0.4,0.014666810181288346,3.684136148790474,0.003981071705534975,0.45841608216115287,0.9999999999999999,exponential,590,216.0,216.0,3.9001,0,0.0,1.0,1.0
10000,1.0,0.4,0.014666810181288346,3.684136148790474,0.003981071705534975,0.45841608216115287,0.9999999999999999,exponential,591,675.0,675.0,4.0832,0,0.0,1.0,1.0
10000,1.0,0.4,0.014666810181288346,3.684136148790474,0.003981071705534975,0.45841608216115287,0.9999999999999999,exponential,592,330.0,330.0,3.7761,0,0.0,1.0,1.0
10000,1.0,0.4,0.014666810181288346,3.684136148790474,0.003981071705534975,0.45841608216115287,0.9999999999999999,exponential,593,334.0,334.0,3.6522,0,0.0,1.0,1.0
10000,1.0,0.4,0.014666810181288346,3.684136148790474,0.003981071705534975,0.45841608216115287,0.9999999999999999,exponential,594,1101.0,1101.0,4.2701,0,0.0,1.0,1.0
10000,1.0,0.4,0.014666810181288346,3.684136148790474,0.003981071705534975,0.45841608216115287,0.9999999999999999,exponential,595,163.0,163.0,3.5588,0,0.0,1.0,1.0
10000,1.0,0.4,0.014666810181288346,3.684136148790474,0.003981071705534975,0.45841608216115287,0.9999999999999999,exponential,596,1530.0,1530.0,4.134,0,0.0,1.0,1.0
10000,1.0,0.4,0.014666810181288346,3.684136148790474,0.003981071705534975,0.45841608216115287,0.9999999999999999,exponential,597,845.0,845.0,3.8815,0,0.0,1.0,1.0
10000,1.0,0.4,0.014666810181288346,3.684136148790474,0.003981071705534975,0.45841608216115287,0.9999999999999999,exponential,598,443.0,443.0,3.9329998,0,0.0,1.0,1.0
10000,1.0,0.4,0.014666810181288346,3.684136148790474,0.003981071705534975,0.45841608216115287,0.9999999999999999,exponential,599,835.0,835.0,3.8293998,0,0.0,1.0,1.0
10000,1.0,0.4,0.014666810181288346,3.684136148790474,0.003981071705534975,0.45841608216115287,0.9999999999999999,exponential,600,738.0,738.0,3.9979,0,0.0,1.0,1.0
10000,1.0,0.4,0.014666810181288346,3.684136148790474,0.003981071705534975,0.45841608216115287,0.9999999999999999,exponential,601,1196.0,1196.0,4.2416,0,0.0,1.0,1.0
10000,1.0,0.4,0.014666810181288346,3.684136148790474,0.003981071705534975,0.45841608216115287,0.9999999999999999,exponential,602,2187.0,2187.0,3.6471999,0,0.0,1.0,1.0
10000,1.0,0.4,0.014666810181288346,3.684136148790474,0.003981071705534975,0.45841608216115287,0.9999999999999999,exponential,603,4016.0,4016.0,3.9290998,0,0.0,1.0,1.0
10000,1.0,0.4,0.014666810181288346,3.684136148790474,0.003981071705534975,0.45841608216115287,0.9999999999999999,exponential,604,1434.0,1434.0,4.424,0,0.0,1.0,1.0
10000,1.0,0.4,0.014666810181288346,3.684136148790474,0.003981071705534975,0.45841608216115287,0.9999999999999999,exponential,605,408.0,408.0,3.6848998,0,0.0,1.0,1.0
10000,1.0,0.4,0.014666810181288346,3.684136148790474,0.003981071705534975,0.45841608216115287,0.9999999999999999,exponential,606,1366.0,1366.0,3.9185998,0,0.0,1.0,1.0
10000,1.0,0.4,0.014666810181288346,3.684136148790474,0.003981071705534975,0.45841608216115287,0.9999999999999999,exponential,607,372.0,372.0,4.3828998,0,0.0,1.0,1.0
10000,1.0,0.4,0.014666810181288346,3.684136148790474,0.003981071705534975,0.45841608216115287,0.9999999999999999,exponential,608,684.0,684.0,3.8012998,0,0.0,1.0,1.0
10000,1.0,0.4,0.014666810181288346,3.684136148790474,0.003981071705534975,0.45841608216115287,0.9999999999999999,exponential,609,216.0,216.0,3.6855,0,0.0,1.0,1.0
10000,1.0,0.4,0.014666810181288346,3.684136148790474,0.003981071705534975,0.45841608216115287,0.9999999999999999,exponential,610,278.0,278.0,4.2715,0,0.0,1.0,1.0
10000,1.0,0.4,0.014666810181288346,3.684136148790474,0.003981071705534975,0.45841608216115287,0.9999999999999999,exponential,611,450.0,450.0,4.2053,0,0.0,1.0,1.0
10000,1.0,0.4,0.014666810181288346,3.684136148790474,0.003981071705534975,0.45841608216115287,0.9999999999999999,exponential,612,1063.0,1063.0,4.101,0,0.0,1.0,1.0
10000,1.0,0.4,0.014666810181288346,3.684136148790474,0.003981071705534975,0.45841608216115287,0.9999999999999999,exponential,613,767.0,767.0,4.2193,0,0.0,1.0,1.0
10000,1.0,0.4,0.014666810181288346,3.684136148790474,0.003981071705534975,0.45841608216115287,0.9999999999999999,exponential,614,1626.0,1626.0,4.979,0,0.0,1.0,1.0
10000,1.0,0.4,0.014666810181288346,3.684136148790474,0.003981071705534975,0.45841608216115287,0.9999999999999999,exponential,615,1614.0,1614.0,3.9329,0,0.0,1.0,1.0
10000,1.0,0.4,0.014666810181288346,3.684136148790474,0.003981071705534975,0.45841608216115287,0.9999999999999999,exponential,616,1805.0,1805.0,4.0962,0,0.0,1.0,1.0
10000,1.0,0.4,0.014666810181288346,3.684136148790474,0.003981071705534975,0.45841608216115287,0.9999999999999999,exponential,617,246.0,246.0,4.0276,0,0.0,1.0,1.0
10000,1.0,0.4,0.014666810181288346,3.684136148790474,0.003981071705534975,0.45841608216115287,0.9999999999999999,exponential,618,5217.0,5217.0,5.0594997,0,0.0,1.0,1.0
10000,1.0,0.4,0.014666810181288346,3.684136148790474,0.003981071705534975,0.45841608216115287,0.9999999999999999,exponential,619,420.0,420.0,3.9239998,0,0.0,1.0,1.0
10000,1.0,0.4,0.014666810181288346,3.684136148790474,0.003981071705534975,0.45841608216115287,0.9999999999999999,exponential,620,413.0,413.0,4.2321,0,0.0,1.0,1.0
10000,1.0,0.4,0.014666810181288346,3.684136148790474,0.003981071705534975,0.45841608216115287,0.9999999999999999,exponential,621,195.0,195.0,4.1341,0,0.0,1.0,1.0
10000,1.0,0.4,0.014666810181288346,3.684136148790474,0.003981071705534975,0.45841608216115287,0.9999999999999999,exponential,622,444.0,444.0,4.2386,0,0.0,1.0,1.0
10000,1.0,0.4,0.014666810181288346,3.684136148790474,0.003981071705534975,0.45841608216115287,0.9999999999999999,exponential,623,2560.0,2560.0,4.2362,0,0.0,1.0,1.0
10000,1.0,0.4,0.014666810181288346,3.684136148790474,0.003981071705534975,0.45841608216115287,0.9999999999999999,exponential,624,2100.0,2100.0,3.8181999,0,0.0,1.0,1.0
10000,1.0,0.4,0.014666810181288346,3.684136148790474,0.003981071705534975,0.45841608216115287,0.9999999999999999,exponential,625,1639.0,1639.0,4.0299997,0,0.0,1.0,1.0
10000,1.0,0.4,0.014666810181288346,3.684136148790474,0.003981071705534975,0.45841608216115287,0.9999999999999999,exponential,626,853.0,853.0,3.4924,0,0.0,1.0,1.0
10000,1.0,0.4,0.014666810181288346,3.684136148790474,0.003981071705534975,0.45841608216115287,0.9999999999999999,exponential,627,789.0,789.0,3.3421998,0,0.0,1.0,1.0
10000,1.0,0.4,0.014666810181288346,3.684136148790474,0.003981071705534975,0.45841608216115287,0.9999999999999999,exponential,628,610.0,610.0,4.0294,0,0.0,1.0,1.0
10000,1.0,0.4,0.014666810181288346,3.684136148790474,0.003981071705534975,0.45841608216115287,0.9999999999999999,exponential,629,1167.0,1167.0,4.1756,0,0.0,1.0,1.0
10000,1.0,0.4,0.014666810181288346,3.684136148790474,0.003981071705534975,0.45841608216115287,0.9999999999999999,exponential,630,486.0,486.0,4.0320997,0,0.0,1.0,1.0
10000,1.0,0.4,0.014666810181288346,3.684136148790474,0.003981071705534975,0.45841608216115287,0.9999999999999999,exponential,631,657.0,657.0,4.0076,0,0.0,1.0,1.0
10000,1.0,0.4,0.014666810181288346,3.684136148790474,0.003981071705534975,0.45841608216115287,0.9999999999999999,exponential,632,547.0,547.0,4.2925,0,0.0,1.0,1.0
10000,1.0,0.4,0.014666810181288346,3.684136148790474,0.003981071705534975,0.45841608216115287,0.9999999999999999,exponential,633,2908.0,2908.0,3.9866998,0,0.0,1.0,1.0
10000,1.0,0.4,0.014666810181288346,3.684136148790474,0.003981071705534975,0.45841608216115287,0.9999999999999999,exponential,634,729.0,729.0,3.6601999,0,0.0,1.0,1.0
10000,1.0,0.4,0.014666810181288346,3.684136148790474,0.003981071705534975,0.45841608216115287,0.9999999999999999,exponential,635,776.0,776.0,4.0632,0,0.0,1.0,1.0
10000,1.0,0.4,0.014666810181288346,3.684136148790474,0.003981071705534975,0.45841608216115287,0.9999999999999999,exponential,636,952.0,952.0,4.8711,0,0.0,1.0,1.0
10000,1.0,0.4,0.014666810181288346,3.684136148790474,0.003981071705534975,0.45841608216115287,0.9999999999999999,exponential,637,316.0,316.0,3.6717,0,0.0,1.0,1.0
10000,1.0,0.4,0.014666810181288346,3.684136148790474,0.003981071705534975,0.45841608216115287,0.9999999999999999,exponential,638,156.0,156.0,3.9399998,0,0.0,1.0,1.0
10000,1.0,0.4,0.014666810181288346,3.684136148790474,0.003981071705534975,0.45841608216115287,0.9999999999999999,exponential,639,705.0,705.0,4.395,0,0.0,1.0,1.0
10000,1.0,0.4,0.014666810181288346,3.684136148790474,0.003981071705534975,0.45841608216115287,0.9999999999999999,exponential,640,910.0,910.0,3.8161,0,0.0,1.0,1.0
10000,1.0,0.4,0.014666810181288346,3.684136148790474,0.003981071705534975,0.45841608216115287,0.9999999999999999,exponential,641,2577.0,2577.0,3.9956,0,0.0,1.0,1.0
10000,1.0,0.4,0.014666810181288346,3.684136148790474,0.003981071705534975,0.45841608216115287,0.9999999999999999,exponential,642,2921.0,2921.0,3.8139,0,0.0,1.0,1.0
10000,1.0,0.4,0.014666810181288346,3.684136148790474,0.003981071705534975,0.45841608216115287,0.9999999999999999,exponential,643,1899.0,1899.0,4.1997,0,0.0,1.0,1.0
10000,1.0,0.4,0.014666810181288346,3.684136148790474,0.003981071705534975,0.45841608216115287,0.9999999999999999,exponential,644,221.0,221.0,3.7419999,0,0.0,1.0,1.0
10000,1.0,0.4,0.014666810181288346,3.684136148790474,0.003981071705534975,0.45841608216115287,0.9999999999999999,exponential,645,3013.0,3013.0,4.019,0,0.0,1.0,1.0
10000,1.0,0.4,0.014666810181288346,3.684136148790474,0.003981071705534975,0.45841608216115287,0.9999999999999999,exponential,646,1448.0,1448.0,3.9304,0,0.0,1.0,1.0
10000,1.0,0.4,0.014666810181288346,3.684136148790474,0.003981071705534975,0.45841608216115287,0.9999999999999999,exponential,647,1214.0,1214.0,3.9884999,0,0.0,1.0,1.0
10000,1.0,0.4,0.014666810181288346,3.684136148790474,0.003981071705534975,0.45841608216115287,0.9999999999999999,exponential,648,1846.0,1846.0,4.4051,0,0.0,1.0,1.0
10000,1.0,0.4,0.014666810181288346,3.684136148790474,0.003981071705534975,0.45841608216115287,0.9999999999999999,exponential,649,1730.0,1730.0,3.9120998,0,0.0,1.0,1.0
10000,1.0,0.4,0.014666810181288346,3.684136148790474,0.003981071705534975,0.45841608216115287,0.9999999999999999,exponential,650,200.0,200.0,4.1633997,0,0.0,1.0,1.0
10000,1.0,0.4,0.014666810181288346,3.684136148790474,0.003981071705534975,0.45841608216115287,0.9999999999999999,exponential,651,432.0,432.0,3.2805,0,0.0,1.0,1.0
10000,1.0,0.4,0.014666810181288346,3.684136148790474,0.003981071705534975,0.45841608216115287,0.9999999999999999,exponential,652,199.0,199.0,4.1129,0,0.0,1.0,1.0
10000,1.0,0.4,0.014666810181288346,3.684136148790474,0.003981071705534975,0.45841608216115287,0.9999999999999999,exponential,653,471.0,471.0,3.9566998,0,0.0,1.0,1.0
10000,1.0,0.4,0.014666810181288346,3.684136148790474,0.003981071705534975,0.45841608216115287,0.9999999999999999,exponential,654,163.0,163.0,4.086,0,0.0,1.0,1.0
10000,1.0,0.4,0.014666810181288346,3.684136148790474,0.003981071705534975,0.45841608216115287,0.9999999999999999,exponential,655,1476.0,1476.0,3.8542998,0,0.0,1.0,1.0
10000,1.0,0.4,0.014666810181288346,3.684136148790474,0.003981071705534975,0.45841608216115287,0.9999999999999999,exponential,656,1405.0,1405.0,3.6107,0,0.0,1.0,1.0
10000,1.0,0.4,0.014666810181288346,3.684136148790474,0.003981071705534975,0.45841608216115287,0.9999999999999999,exponential,657,853.0,853.0,3.3646998,0,0.0,1.0,1.0
10000,1.0,0.4,0.014666810181288346,3.684136148790474,0.003981071705534975,0.45841608216115287,0.9999999999999999,exponential,658,1473.0,1473.0,4.6274,0,0.0,1.0,1.0
10000,1.0,0.4,0.014666810181288346,3.684136148790474,0.003981071705534975,0.45841608216115287,0.9999999999999999,exponential,659,1745.0,1745.0,3.7389998,0,0.0,1.0,1.0
10000,1.0,0.4,0.014666810181288346,3.684136148790474,0.003981071705534975,0.45841608216115287,0.9999999999999999,exponential,660,216.0,216.0,3.9485,0,0.0,1.0,1.0
10000,1.0,0.4,0.014666810181288346,3.684136148790474,0.003981071705534975,0.45841608216115287,0.9999999999999999,exponential,661,960.0,960.0,3.7965999,0,0.0,1.0,1.0
10000,1.0,0.4,0.014666810181288346,3.684136148790474,0.003981071705534975,0.45841608216115287,0.9999999999999999,exponential,662,3923.0,3923.0,3.7989,0,0.0,1.0,1.0
10000,1.0,0.4,0.014666810181288346,3.684136148790474,0.003981071705534975,0.45841608216115287,0.9999999999999999,exponential,663,2415.0,2415.0,4.1105,0,0.0,1.0,1.0
10000,1.0,0.4,0.014666810181288346,3.684136148790474,0.003981071705534975,0.45841608216115287,0.9999999999999999,exponential,664,1541.0,1541.0,3.3251,0,0.0,1.0,1.0
10000,1.0,0.4,0.014666810181288346,3.684136148790474,0.003981071705534975,0.45841608216115287,0.9999999999999999,exponential,665,4322.0,4322.0,4.2553,0,0.0,1.0,1.0
10000,1.0,0.4,0.014666810181288346,3.684136148790474,0.003981071705534975,0.45841608216115287,0.9999999999999999,exponential,666,2005.0,2005.0,3.7568998,0,0.0,1.0,1.0
10000,1.0,0.4,0.014666810181288346,3.684136148790474,0.003981071705534975,0.45841608216115287,0.9999999999999999,exponential,667,965.0,965.0,4.0232997,0,0.0,1.0,1.0
10000,1.0,0.4,0.014666810181288346,3.684136148790474,0.003981071705534975,0.45841608216115287,0.9999999999999999,exponential,668,248.0,248.0,4.2823997,0,0.0,1.0,1.0
10000,1.0,0.4,0.014666810181288346,3.684136148790474,0.003981071705534975,0.45841608216115287,0.9999999999999999,exponential,669,452.0,452.0,3.9798,0,0.0,1.0,1.0
10000,1.0,0.4,0.014666810181288346,3.684136148790474,0.003981071705534975,0.45841608216115287,0.9999999999999999,exponential,670,520.0,520.0,4.4758,0,0.0,1.0,1.0
10000,1.0,0.4,0.014666810181288346,3.684136148790474,0.003981071705534975,0.45841608216115287,0.9999999999999999,exponential,671,785.0,785.0,3.7598999,0,0.0,1.0,1.0
10000,1.0,0.4,0.014666810181288346,3.684136148790474,0.003981071705534975,0.45841608216115287,0.9999999999999999,exponential,672,1837.0,1837.0,4.3203998,0,0.0,1.0,1.0
10000,1.0,0.4,0.014666810181288346,3.684136148790474,0.003981071705534975,0.45841608216115287,0.9999999999999999,exponential,673,1906.0,1906.0,3.8418999,0,0.0,1.0,1.0
10000,1.0,0.4,0.014666810181288346,3.684136148790474,0.003981071705534975,0.45841608216115287,0.9999999999999999,exponential,674,860.0,860.0,4.003,0,0.0,1.0,1.0
10000,1.0,0.4,0.014666810181288346,3.684136148790474,0.003981071705534975,0.45841608216115287,0.9999999999999999,exponential,675,737.0,737.0,3.8435998,0,0.0,1.0,1.0
10000,1.0,0.4,0.014666810181288346,3.684136148790474,0.003981071705534975,0.45841608216115287,0.9999999999999999,exponential,676,2914.0,2914.0,3.9053998,0,0.0,1.0,1.0
10000,1.0,0.4,0.014666810181288346,3.684136148790474,0.003981071705534975,0.45841608216115287,0.9999999999999999,exponential,677,924.0,924.0,4.0397997,0,0.0,1.0,1.0
10000,1.0,0.4,0.014666810181288346,3.684136148790474,0.003981071705534975,0.45841608216115287,0.9999999999999999,exponential,678,735.0,735.0,4.2812,0,0.0,1.0,1.0
10000,1.0,0.4,0.014666810181288346,3.684136148790474,0.003981071705534975,0.45841608216115287,0.9999999999999999,exponential,679,1983.0,1983.0,3.297,0,0.0,1.0,1.0
10000,1.0,0.4,0.014666810181288346,3.684136148790474,0.003981071705534975,0.45841608216115287,0.9999999999999999,exponential,680,909.0,909.0,3.737,0,0.0,1.0,1.0
10000,1.0,0.4,0.014666810181288346,3.684136148790474,0.003981071705534975,0.45841608216115287,0.9999999999999999,exponential,681,1631.0,1631.0,4.0013,0,0.0,1.0,1.0
10000,1.0,0.4,0.014666810181288346,3.684136148790474,0.003981071705534975,0.45841608216115287,0.9999999999999999,exponential,682,792.0,792.0,4.2826,0,0.0,1.0,1.0
10000,1.0,0.4,0.014666810181288346,3.684136148790474,0.003981071705534975,0.45841608216115287,0.9999999999999999,exponential,683,2212.0,2212.0,3.6761,0,0.0,1.0,1.0
10000,1.0,0.4,0.014666810181288346,3.684136148790474,0.003981071705534975,0.45841608216115287,0.9999999999999999,exponential,684,258.0,258.0,4.1103,0,0.0,1.0,1.0
10000,1.0,0.4,0.014666810181288346,3.684136148790474,0.003981071705534975,0.45841608216115287,0.9999999999999999,exponential,685,197.0,197.0,3.8944,0,0.0,1.0,1.0
10000,1.0,0.4,0.014666810181288346,3.684136148790474,0.003981071705534975,0.45841608216115287,0.9999999999999999,exponential,686,960.0,960.0,4.223,0,0.0,1.0,1.0
10000,1.0,0.4,0.014666810181288346,3.684136148790474,0.003981071705534975,0.45841608216115287,0.9999999999999999,exponential,687,1716.0,1716.0,3.9013,0,0.0,1.0,1.0
10000,1.0,0.4,0.014666810181288346,3.684136148790474,0.003981071705534975,0.45841608216115287,0.9999999999999999,exponential,688,410.0,410.0,4.3912997,0,0.0,1.0,1.0
10000,1.0,0.4,0.014666810181288346,3.684136148790474,0.003981071705534975,0.45841608216115287,0.9999999999999999,exponential,689,800.0,800.0,3.5733,0,0.0,1.0,1.0
10000,1.0,0.4,0.014666810181288346,3.684136148790474,0.003981071705534975,0.45841608216115287,0.9999999999999999,exponential,690,1749.0,1749.0,3.9443998,0,0.0,1.0,1.0
10000,1.0,0.4,0.014666810181288346,3.684136148790474,0.003981071705534975,0.45841608216115287,0.9999999999999999,exponential,691,245.0,245.0,4.0083,0,0.0,1.0,1.0
10000,1.0,0.4,0.014666810181288346,3.684136148790474,0.003981071705534975,0.45841608216115287,0.9999999999999999,exponential,692,210.0,210.0,4.1674,0,0.0,1.0,1.0
10000,1.0,0.4,0.014666810181288346,3.684136148790474,0.003981071705534975,0.45841608216115287,0.9999999999999999,exponential,693,439.0,439.0,4.2309,0,0.0,1.0,1.0
10000,1.0,0.4,0.014666810181288346,3.684136148790474,0.003981071705534975,0.45841608216115287,0.9999999999999999,exponential,694,202.0,202.0,3.9703,0,0.0,1.0,1.0
10000,1.0,0.4,0.014666810181288346,3.684136148790474,0.003981071705534975,0.45841608216115287,0.9999999999999999,exponential,695,451.0,451.0,3.9559999,0,0.0,1.0,1.0
10000,1.0,0.4,0.014666810181288346,3.684136148790474,0.003981071705534975,0.45841608216115287,0.9999999999999999,exponential,696,940.0,940.0,4.2335997,0,0.0,1.0,1.0
10000,1.0,0.4,0.014666810181288346,3.684136148790474,0.003981071705534975,0.45841608216115287,0.9999999999999999,exponential,697,1427.0,1427.0,4.5256,0,0.0,1.0,1.0
10000,1.0,0.4,0.014666810181288346,3.684136148790474,0.003981071705534975,0.45841608216115287,0.9999999999999999,exponential,698,651.0,651.0,3.8246999,0,0.0,1.0,1.0
10000,1.0,0.4,0.014666810181288346,3.684136148790474,0.003981071705534975,0.45841608216115287,0.9999999999999999,exponential,699,445.0,445.0,4.0744,0,0.0,1.0,1.0
10000,1.0,0.4,0.014666810181288346,3.684136148790474,0.003981071705534975,0.45841608216115287,0.9999999999999999,exponential,700,293.0,293.0,3.8534,0,0.0,1.0,1.0
10000,1.0,0.4,0.014666810181288346,3.684136148790474,0.003981071705534975,0.45841608216115287,0.9999999999999999,exponential,701,311.0,311.0,4.0372,0,0.0,1.0,1.0
10000,1.0,0.4,0.014666810181288346,3.684136148790474,0.003981071705534975,0.45841608216115287,0.9999999999999999,exponential,702,159.0,159.0,3.7573998,0,0.0,1.0,1.0
10000,1.0,0.4,0.014666810181288346,3.684136148790474,0.003981071705534975,0.45841608216115287,0.9999999999999999,exponential,703,4897.0,4897.0,3.7782,0,0.0,1.0,1.0
10000,1.0,0.4,0.014666810181288346,3.684136148790474,0.003981071705534975,0.45841608216115287,0.9999999999999999,exponential,704,1897.0,1897.0,3.5089,0,0.0,1.0,1.0
10000,1.0,0.4,0.014666810181288346,3.684136148790474,0.003981071705534975,0.45841608216115287,0.9999999999999999,exponential,705,1469.0,1469.0,3.9308999,0,0.0,1.0,1.0
10000,1.0,0.4,0.014666810181288346,3.684136148790474,0.003981071705534975,0.45841608216115287,0.9999999999999999,exponential,706,1379.0,1379.0,3.8137,0,0.0,1.0,1.0
10000,1.0,0.4,0.014666810181288346,3.684136148790474,0.003981071705534975,0.45841608216115287,0.9999999999999999,exponential,707,3153.0,3153.0,3.9025998,0,0.0,1.0,1.0
10000,1.0,0.4,0.014666810181288346,3.684136148790474,0.003981071705534975,0.45841608216115287,0.9999999999999999,exponential,708,380.0,380.0,3.8023,0,0.0,1.0,1.0
10000,1.0,0.4,0.014666810181288346,3.684136148790474,0.003981071705534975,0.45841608216115287,0.9999999999999999,exponential,709,1178.0,1178.0,3.8962998,0,0.0,1.0,1.0
10000,1.0,0.4,0.014666810181288346,3.684136148790474,0.003981071705534975,0.45841608216115287,0.9999999999999999,exponential,710,532.0,532.0,4.4135,0,0.0,1.0,1.0
10000,1.0,0.4,0.014666810181288346,3.684136148790474,0.003981071705534975,0.45841608216115287,0.9999999999999999,exponential,711,551.0,551.0,3.9373,0,0.0,1.0,1.0
10000,1.0,0.4,0.014666810181288346,3.684136148790474,0.003981071705534975,0.45841608216115287,0.9999999999999999,exponential,712,535.0,535.0,3.6722,0,0.0,1.0,1.0
10000,1.0,0.4,0.014666810181288346,3.684136148790474,0.003981071705534975,0.45841608216115287,0.9999999999999999,exponential,713,1084.0,1084.0,4.1672,0,0.0,1.0,1.0
10000,1.0,0.4,0.014666810181288346,3.684136148790474,0.003981071705534975,0.45841608216115287,0.9999999999999999,exponential,714,1891.0,1891.0,3.9554,0,0.0,1.0,1.0
10000,1.0,0.4,0.014666810181288346,3.684136148790474,0.003981071705534975,0.45841608216115287,0.9999999999999999,exponential,715,392.0,392.0,4.4234,0,0.0,1.0,1.0
10000,1.0,0.4,0.014666810181288346,3.684136148790474,0.003981071705534975,0.45841608216115287,0.9999999999999999,exponential,716,1074.0,1074.0,3.9826999,0,0.0,1.0,1.0
10000,1.0,0.4,0.014666810181288346,3.684136148790474,0.003981071705534975,0.45841608216115287,0.9999999999999999,exponential,717,1027.0,1027.0,4.1144,0,0.0,1.0,1.0
10000,1.0,0.4,0.014666810181288346,3.684136148790474,0.003981071705534975,0.45841608216115287,0.9999999999999999,exponential,718,271.0,271.0,3.6448,0,0.0,1.0,1.0
10000,1.0,0.4,0.014666810181288346,3.684136148790474,0.003981071705534975,0.45841608216115287,0.9999999999999999,exponential,719,616.0,616.0,3.5546,0,0.0,1.0,1.0
10000,1.0,0.4,0.014666810181288346,3.684136148790474,0.003981071705534975,0.45841608216115287,0.9999999999999999,exponential,720,213.0,213.0,3.796,0,0.0,1.0,1.0
10000,1.0,0.4,0.014666810181288346,3.684136148790474,0.003981071705534975,0.45841608216115287,0.9999999999999999,exponential,721,2271.0,2271.0,3.4503999,0,0.0,1.0,1.0
10000,1.0,0.4,0.014666810181288346,3.684136148790474,0.003981071705534975,0.45841608216115287,0.9999999999999999,exponential,722,152.0,152.0,3.6920998,0,0.0,1.0,1.0
10000,1.0,0.4,0.014666810181288346,3.684136148790474,0.003981071705534975,0.45841608216115287,0.9999999999999999,exponential,723,152.0,152.0,4.0544,0,0.0,1.0,1.0
10000,1.0,0.4,0.014666810181288346,3.684136148790474,0.003981071705534975,0.45841608216115287,0.9999999999999999,exponential,724,350.0,350.0,3.6634,0,0.0,1.0,1.0
10000,1.0,0.4,0.014666810181288346,3.684136148790474,0.003981071705534975,0.45841608216115287,0.9999999999999999,exponential,725,662.0,662.0,3.9575999,0,0.0,1.0,1.0
10000,1.0,0.4,0.014666810181288346,3.684136148790474,0.003981071705534975,0.45841608216115287,0.9999999999999999,exponential,726,1018.0,1018.0,3.9278998,0,0.0,1.0,1.0
10000,1.0,0.4,0.014666810181288346,3.684136148790474,0.003981071705534975,0.45841608216115287,0.9999999999999999,exponential,727,1145.0,1145.0,3.7157,0,0.0,1.0,1.0
10000,1.0,0.4,0.014666810181288346,3.684136148790474,0.003981071705534975,0.45841608216115287,0.9999999999999999,exponential,728,251.0,251.0,3.7133,0,0.0,1.0,1.0
10000,1.0,0.4,0.014666810181288346,3.684136148790474,0.003981071705534975,0.45841608216115287,0.9999999999999999,exponential,729,488.0,488.0,3.4945,0,0.0,1.0,1.0
10000,1.0,0.4,0.014666810181288346,3.684136148790474,0.003981071705534975,0.45841608216115287,0.9999999999999999,exponential,730,1133.0,1133.0,4.0677,0,0.0,1.0,1.0
10000,1.0,0.4,0.014666810181288346,3.684136148790474,0.003981071705534975,0.45841608216115287,0.9999999999999999,exponential,731,821.0,821.0,4.1334,0,0.0,1.0,1.0
10000,1.0,0.4,0.014666810181288346,3.684136148790474,0.003981071705534975,0.45841608216115287,0.9999999999999999,exponential,732,1227.0,1227.0,3.4993,0,0.0,1.0,1.0
10000,1.0,0.4,0.014666810181288346,3.684136148790474,0.003981071705534975,0.45841608216115287,0.9999999999999999,exponential,733,258.0,258.0,3.9938998,0,0.0,1.0,1.0
10000,1.0,0.4,0.014666810181288346,3.684136148790474,0.003981071705534975,0.45841608216115287,0.9999999999999999,exponential,734,844.0,844.0,3.5491,0,0.0,1.0,1.0
10000,1.0,0.4,0.014666810181288346,3.684136148790474,0.003981071705534975,0.45841608216115287,0.9999999999999999,exponential,735,1526.0,1526.0,3.7059999,0,0.0,1.0,1.0
10000,1.0,0.4,0.014666810181288346,3.684136148790474,0.003981071705534975,0.45841608216115287,0.9999999999999999,exponential,736,94.0,94.0,3.6088,0,0.0,1.0,1.0
10000,1.0,0.4,0.014666810181288346,3.684136148790474,0.003981071705534975,0.45841608216115287,0.9999999999999999,exponential,737,1138.0,1138.0,4.1598997,0,0.0,1.0,1.0
10000,1.0,0.4,0.014666810181288346,3.684136148790474,0.003981071705534975,0.45841608216115287,0.9999999999999999,exponential,738,427.0,427.0,4.3139997,0,0.0,1.0,1.0
10000,1.0,0.4,0.014666810181288346,3.684136148790474,0.003981071705534975,0.45841608216115287,0.9999999999999999,exponential,739,697.0,697.0,4.0548,0,0.0,1.0,1.0
10000,1.0,0.4,0.014666810181288346,3.684136148790474,0.003981071705534975,0.45841608216115287,0.9999999999999999,exponential,740,4698.0,4698.0,3.7315998,0,0.0,1.0,1.0
10000,1.0,0.4,0.014666810181288346,3.684136148790474,0.003981071705534975,0.45841608216115287,0.9999999999999999,exponential,741,1798.0,1798.0,3.1768,0,0.0,1.0,1.0
10000,1.0,0.4,0.014666810181288346,3.684136148790474,0.003981071705534975,0.45841608216115287,0.9999999999999999,exponential,742,1458.0,1458.0,3.4225,0,0.0,1.0,1.0
10000,1.0,0.4,0.014666810181288346,3.684136148790474,0.003981071705534975,0.45841608216115287,0.9999999999999999,exponential,743,267.0,267.0,3.5498998,0,0.0,1.0,1.0
10000,1.0,0.4,0.014666810181288346,3.684136148790474,0.003981071705534975,0.45841608216115287,0.9999999999999999,exponential,744,644.0,644.0,3.5191,0,0.0,1.0,1.0
10000,1.0,0.4,0.014666810181288346,3.684136148790474,0.003981071705534975,0.45841608216115287,0.9999999999999999,exponential,745,1290.0,1290.0,4.4888997,0,0.0,1.0,1.0
10000,1.0,0.4,0.014666810181288346,3.684136148790474,0.003981071705534975,0.45841608216115287,0.9999999999999999,exponential,746,1263.0,1263.0,4.1126,0,0.0,1.0,1.0
10000,1.0,0.4,0.014666810181288346,3.684136148790474,0.003981071705534975,0.45841608216115287,0.9999999999999999,exponential,747,410.0,410.0,4.148,0,0.0,1.0,1.0
10000,1.0,0.4,0.014666810181288346,3.684136148790474,0.003981071705534975,0.45841608216115287,0.9999999999999999,exponential,748,1595.0,1595.0,3.6778998,0,0.0,1.0,1.0
10000,1.0,0.4,0.014666810181288346,3.684136148790474,0.003981071705534975,0.45841608216115287,0.9999999999999999,exponential,749,1098.0,1098.0,3.7163,0,0.0,1.0,1.0
10000,1.0,0.4,0.014666810181288346,3.684136148790474,0.003981071705534975,0.45841608216115287,0.9999999999999999,exponential,750,902.0,902.0,3.7259998,0,0.0,1.0,1.0
10000,1.0,0.4,0.014666810181288346,3.684136148790474,0.003981071705534975,0.45841608216115287,0.9999999999999999,exponential,751,5601.0,5601.0,4.2044997,0,0.0,1.0,1.0
10000,1.0,0.4,0.014666810181288346,3.684136148790474,0.003981071705534975,0.45841608216115287,0.9999999999999999,exponential,752,371.0,371.0,3.8950999,0,0.0,1.0,1.0
10000,1.0,0.4,0.014666810181288346,3.684136148790474,0.003981071705534975,0.45841608216115287,0.9999999999999999,exponential,753,364.0,364.0,3.9712,0,0.0,1.0,1.0
10000,1.0,0.4,0.014666810181288346,3.684136148790474,0.003981071705534975,0.45841608216115287,0.9999999999999999,exponential,754,2680.0,2680.0,3.8915,0,0.0,1.0,1.0
10000,1.0,0.4,0.014666810181288346,3.684136148790474,0.003981071705534975,0.45841608216115287,0.9999999999999999,exponential,755,777.0,777.0,4.0130997,0,0.0,1.0,1.0
10000,1.0,0.4,0.014666810181288346,3.684136148790474,0.003981071705534975,0.45841608216115287,0.9999999999999999,exponential,756,318.0,318.0,3.721,0,0.0,1.0,1.0
10000,1.0,0.4,0.014666810181288346,3.684136148790474,0.003981071705534975,0.45841608216115287,0.9999999999999999,exponential,757,335.0,335.0,3.5249999,0,0.0,1.0,1.0
10000,1.0,0.4,0.014666810181288346,3.684136148790474,0.003981071705534975,0.45841608216115287,0.9999999999999999,exponential,758,971.0,971.0,3.9973,0,0.0,1.0,1.0
10000,1.0,0.4,0.014666810181288346,3.684136148790474,0.003981071705534975,0.45841608216115287,0.9999999999999999,exponential,759,149.0,149.0,4.1012,0,0.0,1.0,1.0
10000,1.0,0.4,0.014666810181288346,3.684136148790474,0.003981071705534975,0.45841608216115287,0.9999999999999999,exponential,760,228.0,228.0,3.9613998,0,0.0,1.0,1.0
10000,1.0,0.4,0.014666810181288346,3.684136148790474,0.003981071705534975,0.45841608216115287,0.9999999999999999,exponential,761,195.0,195.0,3.9475,0,0.0,1.0,1.0
10000,1.0,0.4,0.014666810181288346,3.684136148790474,0.003981071705534975,0.45841608216115287,0.9999999999999999,exponential,762,2777.0,2777.0,3.6585,0,0.0,1.0,1.0
10000,1.0,0.4,0.014666810181288346,3.684136148790474,0.003981071705534975,0.45841608216115287,0.9999999999999999,exponential,763,406.0,406.0,4.2945,0,0.0,1.0,1.0
10000,1.0,0.4,0.014666810181288346,3.684136148790474,0.003981071705534975,0.45841608216115287,0.9999999999999999,exponential,764,618.0,618.0,4.1584,0,0.0,1.0,1.0
10000,1.0,0.4,0.014666810181288346,3.684136148790474,0.003981071705534975,0.45841608216115287,0.9999999999999999,exponential,765,258.0,258.0,3.8565998,0,0.0,1.0,1.0
10000,1.0,0.4,0.014666810181288346,3.684136148790474,0.003981071705534975,0.45841608216115287,0.9999999999999999,exponential,766,2929.0,2929.0,4.2086997,0,0.0,1.0,1.0
10000,1.0,0.4,0.014666810181288346,3.684136148790474,0.003981071705534975,0.45841608216115287,0.9999999999999999,exponential,767,252.0,252.0,3.8507,0,0.0,1.0,1.0
10000,1.0,0.4,0.014666810181288346,3.684136148790474,0.003981071705534975,0.45841608216115287,0.9999999999999999,exponential,768,335.0,335.0,3.9701,0,0.0,1.0,1.0
10000,1.0,0.4,0.014666810181288346,3.684136148790474,0.003981071705534975,0.45841608216115287,0.9999999999999999,exponential,769,557.0,557.0,3.5946999,0,0.0,1.0,1.0
10000,1.0,0.4,0.014666810181288346,3.684136148790474,0.003981071705534975,0.45841608216115287,0.9999999999999999,exponential,770,99.0,99.0,3.8504,0,0.0,1.0,1.0
10000,1.0,0.4,0.014666810181288346,3.684136148790474,0.003981071705534975,0.45841608216115287,0.9999999999999999,exponential,771,285.0,285.0,4.0682,0,0.0,1.0,1.0
10000,1.0,0.4,0.014666810181288346,3.684136148790474,0.003981071705534975,0.45841608216115287,0.9999999999999999,exponential,772,179.0,179.0,4.3342,0,0.0,1.0,1.0
10000,1.0,0.4,0.014666810181288346,3.684136148790474,0.003981071705534975,0.45841608216115287,0.9999999999999999,exponential,773,105.0,105.0,3.8458,0,0.0,1.0,1.0
10000,1.0,0.4,0.014666810181288346,3.684136148790474,0.003981071705534975,0.45841608216115287,0.9999999999999999,exponential,774,172.0,172.0,3.7589,0,0.0,1.0,1.0
10000,1.0,0.4,0.014666810181288346,3.684136148790474,0.003981071705534975,0.45841608216115287,0.9999999999999999,exponential,775,188.0,188.0,3.745,0,0.0,1.0,1.0
10000,1.0,0.4,0.014666810181288346,3.684136148790474,0.003981071705534975,0.45841608216115287,0.9999999999999999,exponential,776,317.0,317.0,3.9822,0,0.0,1.0,1.0
10000,1.0,0.4,0.014666810181288346,3.684136148790474,0.003981071705534975,0.45841608216115287,0.9999999999999999,exponential,777,599.0,599.0,4.1502,0,0.0,1.0,1.0
10000,1.0,0.4,0.014666810181288346,3.684136148790474,0.003981071705534975,0.45841608216115287,0.9999999999999999,exponential,778,1259.0,1259.0,3.6069,0,0.0,1.0,1.0
10000,1.0,0.4,0.014666810181288346,3.684136148790474,0.003981071705534975,0.45841608216115287,0.9999999999999999,exponential,779,522.0,522.0,4.1983,0,0.0,1.0,1.0
10000,1.0,0.4,0.014666810181288346,3.684136148790474,0.003981071705534975,0.45841608216115287,0.9999999999999999,exponential,780,1326.0,1326.0,4.6324,0,0.0,1.0,1.0
10000,1.0,0.4,0.014666810181288346,3.684136148790474,0.003981071705534975,0.45841608216115287,0.9999999999999999,exponential,781,896.0,896.0,4.3438997,0,0.0,1.0,1.0
10000,1.0,0.4,0.014666810181288346,3.684136148790474,0.003981071705534975,0.45841608216115287,0.9999999999999999,exponential,782,436.0,436.0,3.6508,0,0.0,1.0,1.0
10000,1.0,0.4,0.014666810181288346,3.684136148790474,0.003981071705534975,0.45841608216115287,0.9999999999999999,exponential,783,2384.0,2384.0,4.0137997,0,0.0,1.0,1.0
10000,1.0,0.4,0.014666810181288346,3.684136148790474,0.003981071705534975,0.45841608216115287,0.9999999999999999,exponential,784,2502.0,2502.0,3.9106,0,0.0,1.0,1.0
10000,1.0,0.4,0.014666810181288346,3.684136148790474,0.003981071705534975,0.45841608216115287,0.9999999999999999,exponential,785,743.0,743.0,4.219,0,0.0,1.0,1.0
10000,1.0,0.4,0.014666810181288346,3.684136148790474,0.003981071705534975,0.45841608216115287,0.9999999999999999,exponential,786,1319.0,1319.0,3.9275,0,0.0,1.0,1.0
10000,1.0,0.4,0.014666810181288346,3.684136148790474,0.003981071705534975,0.45841608216115287,0.9999999999999999,exponential,787,1283.0,1283.0,3.6459,0,0.0,1.0,1.0
10000,1.0,0.4,0.014666810181288346,3.684136148790474,0.003981071705534975,0.45841608216115287,0.9999999999999999,exponential,788,2284.0,2284.0,3.6901,0,0.0,1.0,1.0
10000,1.0,0.4,0.014666810181288346,3.684136148790474,0.003981071705534975,0.45841608216115287,0.9999999999999999,exponential,789,496.0,496.0,4.4049,0,0.0,1.0,1.0
10000,1.0,0.4,0.014666810181288346,3.684136148790474,0.003981071705534975,0.45841608216115287,0.9999999999999999,exponential,790,570.0,570.0,3.5763998,0,0.0,1.0,1.0
10000,1.0,0.4,0.014666810181288346,3.684136148790474,0.003981071705534975,0.45841608216115287,0.9999999999999999,exponential,791,525.0,525.0,4.4256,0,0.0,1.0,1.0
10000,1.0,0.4,0.014666810181288346,3.684136148790474,0.003981071705534975,0.45841608216115287,0.9999999999999999,exponential,792,655.0,655.0,3.6671999,0,0.0,1.0,1.0
10000,1.0,0.4,0.014666810181288346,3.684136148790474,0.003981071705534975,0.45841608216115287,0.9999999999999999,exponential,793,1433.0,1433.0,4.0225997,0,0.0,1.0,1.0
10000,1.0,0.4,0.014666810181288346,3.684136148790474,0.003981071705534975,0.45841608216115287,0.9999999999999999,exponential,794,817.0,817.0,4.1137,0,0.0,1.0,1.0
10000,1.0,0.4,0.014666810181288346,3.684136148790474,0.003981071705534975,0.45841608216115287,0.9999999999999999,exponential,795,770.0,770.0,3.9664998,0,0.0,1.0,1.0
10000,1.0,0.4,0.014666810181288346,3.684136148790474,0.003981071705534975,0.45841608216115287,0.9999999999999999,exponential,796,98.0,98.0,3.957,0,0.0,1.0,1.0
10000,1.0,0.4,0.014666810181288346,3.684136148790474,0.003981071705534975,0.45841608216115287,0.9999999999999999,exponential,797,153.0,153.0,3.8627,0,0.0,1.0,1.0
10000,1.0,0.4,0.014666810181288346,3.684136148790474,0.003981071705534975,0.45841608216115287,0.9999999999999999,exponential,798,201.0,201.0,4.2332997,0,0.0,1.0,1.0
10000,1.0,0.4,0.014666810181288346,3.684136148790474,0.003981071705534975,0.45841608216115287,0.9999999999999999,exponential,799,1594.0,1594.0,3.9775,0,0.0,1.0,1.0
10000,1.0,0.4,0.014666810181288346,3.684136148790474,0.003981071705534975,0.45841608216115287,0.9999999999999999,exponential,800,687.0,687.0,4.1229997,0,0.0,1.0,1.0
10000,1.0,0.4,0.014666810181288346,3.684136148790474,0.003981071705534975,0.45841608216115287,0.9999999999999999,exponential,801,408.0,408.0,3.9824,0,0.0,1.0,1.0
10000,1.0,0.4,0.014666810181288346,3.684136148790474,0.003981071705534975,0.45841608216115287,0.9999999999999999,exponential,802,226.0,226.0,3.5934,0,0.0,1.0,1.0
10000,1.0,0.4,0.014666810181288346,3.684136148790474,0.003981071705534975,0.45841608216115287,0.9999999999999999,exponential,803,377.0,377.0,3.6761,0,0.0,1.0,1.0
10000,1.0,0.4,0.014666810181288346,3.684136148790474,0.003981071705534975,0.45841608216115287,0.9999999999999999,exponential,804,3142.0,3142.0,3.9002998,0,0.0,1.0,1.0
10000,1.0,0.4,0.014666810181288346,3.684136148790474,0.003981071705534975,0.45841608216115287,0.9999999999999999,exponential,805,397.0,397.0,3.7292,0,0.0,1.0,1.0
10000,1.0,0.4,0.014666810181288346,3.684136148790474,0.003981071705534975,0.45841608216115287,0.9999999999999999,exponential,806,266.0,266.0,4.0236,0,0.0,1.0,1.0
10000,1.0,0.4,0.014666810181288346,3.684136148790474,0.003981071705534975,0.45841608216115287,0.9999999999999999,exponential,807,754.0,754.0,4.3447,0,0.0,1.0,1.0
10000,1.0,0.4,0.014666810181288346,3.684136148790474,0.003981071705534975,0.45841608216115287,0.9999999999999999,exponential,808,551.0,551.0,3.4652998,0,0.0,1.0,1.0
10000,1.0,0.4,0.014666810181288346,3.684136148790474,0.003981071705534975,0.45841608216115287,0.9999999999999999,exponential,809,1017.0,1017.0,3.4612,0,0.0,1.0,1.0
10000,1.0,0.4,0.014666810181288346,3.684136148790474,0.003981071705534975,0.45841608216115287,0.9999999999999999,exponential,810,845.0,845.0,4.0025,0,0.0,1.0,1.0
10000,1.0,0.4,0.014666810181288346,3.684136148790474,0.003981071705534975,0.45841608216115287,0.9999999999999999,exponential,811,510.0,510.0,3.8030999,0,0.0,1.0,1.0
10000,1.0,0.4,0.014666810181288346,3.684136148790474,0.003981071705534975,0.45841608216115287,0.9999999999999999,exponential,812,1095.0,1095.0,3.7131999,0,0.0,1.0,1.0
10000,1.0,0.4,0.014666810181288346,3.684136148790474,0.003981071705534975,0.45841608216115287,0.9999999999999999,exponential,813,288.0,288.0,3.9822,0,0.0,1.0,1.0
10000,1.0,0.4,0.014666810181288346,3.684136148790474,0.003981071705534975,0.45841608216115287,0.9999999999999999,exponential,814,864.0,864.0,3.7847,0,0.0,1.0,1.0
10000,1.0,0.4,0.014666810181288346,3.684136148790474,0.003981071705534975,0.45841608216115287,0.9999999999999999,exponential,815,502.0,502.0,4.1503997,0,0.0,1.0,1.0
10000,1.0,0.4,0.014666810181288346,3.684136148790474,0.003981071705534975,0.45841608216115287,0.9999999999999999,exponential,816,453.0,453.0,4.2566,0,0.0,1.0,1.0
10000,1.0,0.4,0.014666810181288346,3.684136148790474,0.003981071705534975,0.45841608216115287,0.9999999999999999,exponential,817,678.0,678.0,3.9431999,0,0.0,1.0,1.0
10000,1.0,0.4,0.014666810181288346,3.684136148790474,0.003981071705534975,0.45841608216115287,0.9999999999999999,exponential,818,108.0,108.0,3.8161,0,0.0,1.0,1.0
10000,1.0,0.4,0.014666810181288346,3.684136148790474,0.003981071705534975,0.45841608216115287,0.9999999999999999,exponential,819,369.0,369.0,3.6583998,0,0.0,1.0,1.0
10000,1.0,0.4,0.014666810181288346,3.684136148790474,0.003981071705534975,0.45841608216115287,0.9999999999999999,exponential,820,1855.0,1855.0,3.7013,0,0.0,1.0,1.0
10000,1.0,0.4,0.014666810181288346,3.684136148790474,0.003981071705534975,0.45841608216115287,0.9999999999999999,exponential,821,246.0,246.0,3.7851,0,0.0,1.0,1.0
10000,1.0,0.4,0.014666810181288346,3.684136148790474,0.003981071705534975,0.45841608216115287,0.9999999999999999,exponential,822,1058.0,1058.0,3.7075,0,0.0,1.0,1.0
10000,1.0,0.4,0.014666810181288346,3.684136148790474,0.003981071705534975,0.45841608216115287,0.9999999999999999,exponential,823,295.0,295.0,3.6908,0,0.0,1.0,1.0
10000,1.0,0.4,0.014666810181288346,3.684136148790474,0.003981071705534975,0.45841608216115287,0.9999999999999999,exponential,824,1330.0,1330.0,4.4241,0,0.0,1.0,1.0
10000,1.0,0.4,0.014666810181288346,3.684136148790474,0.003981071705534975,0.45841608216115287,0.9999999999999999,exponential,825,502.0,502.0,4.4474998,0,0.0,1.0,1.0
10000,1.0,0.4,0.014666810181288346,3.684136148790474,0.003981071705534975,0.45841608216115287,0.9999999999999999,exponential,826,924.0,924.0,4.0692,0,0.0,1.0,1.0
10000,1.0,0.4,0.014666810181288346,3.684136148790474,0.003981071705534975,0.45841608216115287,0.9999999999999999,exponential,827,1021.0,1021.0,3.4036,0,0.0,1.0,1.0
10000,1.0,0.4,0.014666810181288346,3.684136148790474,0.003981071705534975,0.45841608216115287,0.9999999999999999,exponential,828,386.0,386.0,3.8906999,0,0.0,1.0,1.0
10000,1.0,0.4,0.014666810181288346,3.684136148790474,0.003981071705534975,0.45841608216115287,0.9999999999999999,exponential,829,2165.0,2165.0,4.305,0,0.0,1.0,1.0
10000,1.0,0.4,0.014666810181288346,3.684136148790474,0.003981071705534975,0.45841608216115287,0.9999999999999999,exponential,830,785.0,785.0,3.8511,0,0.0,1.0,1.0
10000,1.0,0.4,0.014666810181288346,3.684136148790474,0.003981071705534975,0.45841608216115287,0.9999999999999999,exponential,831,1590.0,1590.0,3.7289,0,0.0,1.0,1.0
10000,1.0,0.4,0.014666810181288346,3.684136148790474,0.003981071705534975,0.45841608216115287,0.9999999999999999,exponential,832,1257.0,1257.0,3.444,0,0.0,1.0,1.0
10000,1.0,0.4,0.014666810181288346,3.684136148790474,0.003981071705534975,0.45841608216115287,0.9999999999999999,exponential,833,2044.0,2044.0,3.6773,0,0.0,1.0,1.0
10000,1.0,0.4,0.014666810181288346,3.684136148790474,0.003981071705534975,0.45841608216115287,0.9999999999999999,exponential,834,2005.0,2005.0,3.8586998,0,0.0,1.0,1.0
10000,1.0,0.4,0.014666810181288346,3.684136148790474,0.003981071705534975,0.45841608216115287,0.9999999999999999,exponential,835,568.0,568.0,4.1626,0,0.0,1.0,1.0
10000,1.0,0.4,0.014666810181288346,3.684136148790474,0.003981071705534975,0.45841608216115287,0.9999999999999999,exponential,836,4934.0,4934.0,4.5586,0,0.0,1.0,1.0
10000,1.0,0.4,0.014666810181288346,3.684136148790474,0.003981071705534975,0.45841608216115287,0.9999999999999999,exponential,837,415.0,415.0,4.2914,0,0.0,1.0,1.0
10000,1.0,0.4,0.014666810181288346,3.684136148790474,0.003981071705534975,0.45841608216115287,0.9999999999999999,exponential,838,4639.0,4639.0,3.8098998,0,0.0,1.0,1.0
10000,1.0,0.4,0.014666810181288346,3.684136148790474,0.003981071705534975,0.45841608216115287,0.9999999999999999,exponential,839,2216.0,2216.0,3.5786998,0,0.0,1.0,1.0
10000,1.0,0.4,0.014666810181288346,3.684136148790474,0.003981071705534975,0.45841608216115287,0.9999999999999999,exponential,840,974.0,974.0,4.1728,0,0.0,1.0,1.0
10000,1.0,0.4,0.014666810181288346,3.684136148790474,0.003981071705534975,0.45841608216115287,0.9999999999999999,exponential,841,150.0,150.0,4.0892997,0,0.0,1.0,1.0
10000,1.0,0.4,0.014666810181288346,3.684136148790474,0.003981071705534975,0.45841608216115287,0.9999999999999999,exponential,842,199.0,199.0,4.0632,0,0.0,1.0,1.0
10000,1.0,0.4,0.014666810181288346,3.684136148790474,0.003981071705534975,0.45841608216115287,0.9999999999999999,exponential,843,801.0,801.0,3.6847,0,0.0,1.0,1.0
10000,1.0,0.4,0.014666810181288346,3.684136148790474,0.003981071705534975,0.45841608216115287,0.9999999999999999,exponential,844,939.0,939.0,3.5159998,0,0.0,1.0,1.0
10000,1.0,0.4,0.014666810181288346,3.684136148790474,0.003981071705534975,0.45841608216115287,0.9999999999999999,exponential,845,1448.0,1448.0,4.4003,0,0.0,1.0,1.0
10000,1.0,0.4,0.014666810181288346,3.684136148790474,0.003981071705534975,0.45841608216115287,0.9999999999999999,exponential,846,2716.0,2716.0,4.1018,0,0.0,1.0,1.0
10000,1.0,0.4,0.014666810181288346,3.684136148790474,0.003981071705534975,0.45841608216115287,0.9999999999999999,exponential,847,2151.0,2151.0,3.5358999,0,0.0,1.0,1.0
10000,1.0,0.4,0.014666810181288346,3.684136148790474,0.003981071705534975,0.45841608216115287,0.9999999999999999,exponential,848,254.0,254.0,3.8144,0,0.0,1.0,1.0
10000,1.0,0.4,0.014666810181288346,3.684136148790474,0.003981071705534975,0.45841608216115287,0.9999999999999999,exponential,849,509.0,509.0,3.6567998,0,0.0,1.0,1.0
10000,1.0,0.4,0.014666810181288346,3.684136148790474,0.003981071705534975,0.45841608216115287,0.9999999999999999,exponential,850,441.0,441.0,4.2716,0,0.0,1.0,1.0
10000,1.0,0.4,0.014666810181288346,3.684136148790474,0.003981071705534975,0.45841608216115287,0.9999999999999999,exponential,851,1470.0,1470.0,3.9167998,0,0.0,1.0,1.0
10000,1.0,0.4,0.014666810181288346,3.684136148790474,0.003981071705534975,0.45841608216115287,0.9999999999999999,exponential,852,245.0,245.0,4.16,0,0.0,1.0,1.0
10000,1.0,0.4,0.014666810181288346,3.684136148790474,0.003981071705534975,0.45841608216115287,0.9999999999999999,exponential,853,515.0,515.0,4.2222,0,0.0,1.0,1.0
10000,1.0,0.4,0.014666810181288346,3.684136148790474,0.003981071705534975,0.45841608216115287,0.9999999999999999,exponential,854,1821.0,1821.0,3.9066,0,0.0,1.0,1.0
10000,1.0,0.4,0.014666810181288346,3.684136148790474,0.003981071705534975,0.45841608216115287,0.9999999999999999,exponential,855,1623.0,1623.0,3.6954,0,0.0,1.0,1.0
10000,1.0,0.4,0.014666810181288346,3.684136148790474,0.003981071705534975,0.45841608216115287,0.9999999999999999,exponential,856,1128.0,1128.0,3.8927999,0,0.0,1.0,1.0
10000,1.0,0.4,0.014666810181288346,3.684136148790474,0.003981071705534975,0.45841608216115287,0.9999999999999999,exponential,857,3823.0,3823.0,3.9729998,0,0.0,1.0,1.0
10000,1.0,0.4,0.014666810181288346,3.684136148790474,0.003981071705534975,0.45841608216115287,0.9999999999999999,exponential,858,2875.0,2875.0,4.2734,0,0.0,1.0,1.0
10000,1.0,0.4,0.014666810181288346,3.684136148790474,0.003981071705534975,0.45841608216115287,0.9999999999999999,exponential,859,421.0,421.0,4.1886,0,0.0,1.0,1.0
10000,1.0,0.4,0.014666810181288346,3.684136148790474,0.003981071705534975,0.45841608216115287,0.9999999999999999,exponential,860,528.0,528.0,3.9715,0,0.0,1.0,1.0
10000,1.0,0.4,0.014666810181288346,3.684136148790474,0.003981071705534975,0.45841608216115287,0.9999999999999999,exponential,861,1249.0,1249.0,3.5121999,0,0.0,1.0,1.0
10000,1.0,0.4,0.014666810181288346,3.684136148790474,0.003981071705534975,0.45841608216115287,0.9999999999999999,exponential,862,286.0,286.0,4.0207,0,0.0,1.0,1.0
10000,1.0,0.4,0.014666810181288346,3.684136148790474,0.003981071705534975,0.45841608216115287,0.9999999999999999,exponential,863,667.0,667.0,4.3388,0,0.0,1.0,1.0
10000,1.0,0.4,0.014666810181288346,3.684136148790474,0.003981071705534975,0.45841608216115287,0.9999999999999999,exponential,864,1154.0,1154.0,3.6104,0,0.0,1.0,1.0
10000,1.0,0.4,0.014666810181288346,3.684136148790474,0.003981071705534975,0.45841608216115287,0.9999999999999999,exponential,865,276.0,276.0,4.1818,0,0.0,1.0,1.0
10000,1.0,0.4,0.014666810181288346,3.684136148790474,0.003981071705534975,0.45841608216115287,0.9999999999999999,exponential,866,4561.0,4561.0,4.1335998,0,0.0,1.0,1.0
10000,1.0,0.4,0.014666810181288346,3.684136148790474,0.003981071705534975,0.45841608216115287,0.9999999999999999,exponential,867,262.0,262.0,3.8751,0,0.0,1.0,1.0
10000,1.0,0.4,0.014666810181288346,3.684136148790474,0.003981071705534975,0.45841608216115287,0.9999999999999999,exponential,868,458.0,458.0,3.6634,0,0.0,1.0,1.0
10000,1.0,0.4,0.014666810181288346,3.684136148790474,0.003981071705534975,0.45841608216115287,0.9999999999999999,exponential,869,658.0,658.0,4.2499,0,0.0,1.0,1.0
10000,1.0,0.4,0.014666810181288346,3.684136148790474,0.003981071705534975,0.45841608216115287,0.9999999999999999,exponential,870,2028.0,2028.0,3.8667998,0,0.0,1.0,1.0
10000,1.0,0.4,0.014666810181288346,3.684136148790474,0.003981071705534975,0.45841608216115287,0.9999999999999999,exponential,871,1394.0,1394.0,3.8395,0,0.0,1.0,1.0
10000,1.0,0.4,0.014666810181288346,3.684136148790474,0.003981071705534975,0.45841608216115287,0.9999999999999999,exponential,872,2458.0,2458.0,4.5499997,0,0.0,1.0,1.0
10000,1.0,0.4,0.014666810181288346,3.684136148790474,0.003981071705534975,0.45841608216115287,0.9999999999999999,exponential,873,1775.0,1775.0,4.0460997,0,0.0,1.0,1.0
10000,1.0,0.4,0.014666810181288346,3.684136148790474,0.003981071705534975,0.45841608216115287,0.9999999999999999,exponential,874,580.0,580.0,4.0474,0,0.0,1.0,1.0
10000,1.0,0.4,0.014666810181288346,3.684136148790474,0.003981071705534975,0.45841608216115287,0.9999999999999999,exponential,875,1905.0,1905.0,3.8948,0,0.0,1.0,1.0
10000,1.0,0.4,0.014666810181288346,3.684136148790474,0.003981071705534975,0.45841608216115287,0.9999999999999999,exponential,876,275.0,275.0,4.1326,0,0.0,1.0,1.0
10000,1.0,0.4,0.014666810181288346,3.684136148790474,0.003981071705534975,0.45841608216115287,0.9999999999999999,exponential,877,364.0,364.0,4.0856,0,0.0,1.0,1.0
10000,1.0,0.4,0.014666810181288346,3.684136148790474,0.003981071705534975,0.45841608216115287,0.9999999999999999,exponential,878,322.0,322.0,3.7896,0,0.0,1.0,1.0
10000,1.0,0.4,0.014666810181288346,3.684136148790474,0.003981071705534975,0.45841608216115287,0.9999999999999999,exponential,879,3036.0,3036.0,3.9810998,0,0.0,1.0,1.0
10000,1.0,0.4,0.014666810181288346,3.684136148790474,0.003981071705534975,0.45841608216115287,0.9999999999999999,exponential,880,3088.0,3088.0,4.1366,0,0.0,1.0,1.0
10000,1.0,0.4,0.014666810181288346,3.684136148790474,0.003981071705534975,0.45841608216115287,0.9999999999999999,exponential,881,531.0,531.0,3.8990998,0,0.0,1.0,1.0
10000,1.0,0.4,0.014666810181288346,3.684136148790474,0.003981071705534975,0.45841608216115287,0.9999999999999999,exponential,882,2074.0,2074.0,4.1082997,0,0.0,1.0,1.0
10000,1.0,0.4,0.014666810181288346,3.684136148790474,0.003981071705534975,0.45841608216115287,0.9999999999999999,exponential,883,359.0,359.0,4.0267,0,0.0,1.0,1.0
10000,1.0,0.4,0.014666810181288346,3.684136148790474,0.003981071705534975,0.45841608216115287,0.9999999999999999,exponential,884,305.0,305.0,4.1279,0,0.0,1.0,1.0
10000,1.0,0.4,0.014666810181288346,3.684136148790474,0.003981071705534975,0.45841608216115287,0.9999999999999999,exponential,885,1019.0,1019.0,3.6915,0,0.0,1.0,1.0
10000,1.0,0.4,0.014666810181288346,3.684136148790474,0.003981071705534975,0.45841608216115287,0.9999999999999999,exponential,886,1780.0,1780.0,4.1292,0,0.0,1.0,1.0
10000,1.0,0.4,0.014666810181288346,3.684136148790474,0.003981071705534975,0.45841608216115287,0.9999999999999999,exponential,887,866.0,866.0,4.4384,0,0.0,1.0,1.0
10000,1.0,0.4,0.014666810181288346,3.684136148790474,0.003981071705534975,0.45841608216115287,0.9999999999999999,exponential,888,223.0,223.0,4.2409997,0,0.0,1.0,1.0
10000,1.0,0.4,0.014666810181288346,3.684136148790474,0.003981071705534975,0.45841608216115287,0.9999999999999999,exponential,889,168.0,168.0,4.0428,0,0.0,1.0,1.0
10000,1.0,0.4,0.014666810181288346,3.684136148790474,0.003981071705534975,0.45841608216115287,0.9999999999999999,exponential,890,547.0,547.0,3.7867,0,0.0,1.0,1.0
10000,1.0,0.4,0.014666810181288346,3.684136148790474,0.003981071705534975,0.45841608216115287,0.9999999999999999,exponential,891,2244.0,2244.0,4.0187,0,0.0,1.0,1.0
10000,1.0,0.4,0.014666810181288346,3.684136148790474,0.003981071705534975,0.45841608216115287,0.9999999999999999,exponential,892,309.0,309.0,4.2056,0,0.0,1.0,1.0
10000,1.0,0.4,0.014666810181288346,3.684136148790474,0.003981071705534975,0.45841608216115287,0.9999999999999999,exponential,893,333.0,333.0,4.1994,0,0.0,1.0,1.0
10000,1.0,0.4,0.014666810181288346,3.684136148790474,0.003981071705534975,0.45841608216115287,0.9999999999999999,exponential,894,1572.0,1572.0,4.1584,0,0.0,1.0,1.0
10000,1.0,0.4,0.014666810181288346,3.684136148790474,0.003981071705534975,0.45841608216115287,0.9999999999999999,exponential,895,593.0,593.0,4.0785,0,0.0,1.0,1.0
10000,1.0,0.4,0.014666810181288346,3.684136148790474,0.003981071705534975,0.45841608216115287,0.9999999999999999,exponential,896,646.0,646.0,3.7698998,0,0.0,1.0,1.0
10000,1.0,0.4,0.014666810181288346,3.684136148790474,0.003981071705534975,0.45841608216115287,0.9999999999999999,exponential,897,2254.0,2254.0,4.4289,0,0.0,1.0,1.0
10000,1.0,0.4,0.014666810181288346,3.684136148790474,0.003981071705534975,0.45841608216115287,0.9999999999999999,exponential,898,1818.0,1818.0,3.83,0,0.0,1.0,1.0
10000,1.0,0.4,0.014666810181288346,3.684136148790474,0.003981071705534975,0.45841608216115287,0.9999999999999999,exponential,899,793.0,793.0,4.3086,0,0.0,1.0,1.0
10000,1.0,0.4,0.014666810181288346,3.684136148790474,0.003981071705534975,0.45841608216115287,0.9999999999999999,exponential,900,1165.0,1165.0,3.7501,0,0.0,1.0,1.0
10000,1.0,0.4,0.014666810181288346,3.684136148790474,0.003981071705534975,0.45841608216115287,0.9999999999999999,exponential,901,346.0,346.0,3.6754,0,0.0,1.0,1.0
10000,1.0,0.4,0.014666810181288346,3.684136148790474,0.003981071705534975,0.45841608216115287,0.9999999999999999,exponential,902,1030.0,1030.0,4.5534,0,0.0,1.0,1.0
10000,1.0,0.4,0.014666810181288346,3.684136148790474,0.003981071705534975,0.45841608216115287,0.9999999999999999,exponential,903,1293.0,1293.0,4.4353,0,0.0,1.0,1.0
10000,1.0,0.4,0.014666810181288346,3.684136148790474,0.003981071705534975,0.45841608216115287,0.9999999999999999,exponential,904,403.0,403.0,4.2534,0,0.0,1.0,1.0
10000,1.0,0.4,0.014666810181288346,3.684136148790474,0.003981071705534975,0.45841608216115287,0.9999999999999999,exponential,905,2938.0,2938.0,4.2012,0,0.0,1.0,1.0
10000,1.0,0.4,0.014666810181288346,3.684136148790474,0.003981071705534975,0.45841608216115287,0.9999999999999999,exponential,906,900.0,900.0,4.9263997,0,0.0,1.0,1.0
10000,1.0,0.4,0.014666810181288346,3.684136148790474,0.003981071705534975,0.45841608216115287,0.9999999999999999,exponential,907,1471.0,1471.0,4.2272,0,0.0,1.0,1.0
10000,1.0,0.4,0.014666810181288346,3.684136148790474,0.003981071705534975,0.45841608216115287,0.9999999999999999,exponential,908,418.0,418.0,3.9350998,0,0.0,1.0,1.0
10000,1.0,0.4,0.014666810181288346,3.684136148790474,0.003981071705534975,0.45841608216115287,0.9999999999999999,exponential,909,1057.0,1057.0,3.9856,0,0.0,1.0,1.0
10000,1.0,0.4,0.014666810181288346,3.684136148790474,0.003981071705534975,0.45841608216115287,0.9999999999999999,exponential,910,4436.0,4436.0,4.2036,0,0.0,1.0,1.0
10000,1.0,0.4,0.014666810181288346,3.684136148790474,0.003981071705534975,0.45841608216115287,0.9999999999999999,exponential,911,3127.0,3127.0,3.7061,0,0.0,1.0,1.0
10000,1.0,0.4,0.014666810181288346,3.684136148790474,0.003981071705534975,0.45841608216115287,0.9999999999999999,exponential,912,433.0,433.0,4.4388,0,0.0,1.0,1.0
10000,1.0,0.4,0.014666810181288346,3.684136148790474,0.003981071705534975,0.45841608216115287,0.9999999999999999,exponential,913,387.0,387.0,4.1967,0,0.0,1.0,1.0
10000,1.0,0.4,0.014666810181288346,3.684136148790474,0.003981071705534975,0.45841608216115287,0.9999999999999999,exponential,914,500.0,500.0,4.2493997,0,0.0,1.0,1.0
10000,1.0,0.4,0.014666810181288346,3.684136148790474,0.003981071705534975,0.45841608216115287,0.9999999999999999,exponential,915,170.0,170.0,3.6051,0,0.0,1.0,1.0
10000,1.0,0.4,0.014666810181288346,3.684136148790474,0.003981071705534975,0.45841608216115287,0.9999999999999999,exponential,916,230.0,230.0,3.9666998,0,0.0,1.0,1.0
10000,1.0,0.4,0.014666810181288346,3.684136148790474,0.003981071705534975,0.45841608216115287,0.9999999999999999,exponential,917,182.0,182.0,3.9183,0,0.0,1.0,1.0
10000,1.0,0.4,0.014666810181288346,3.684136148790474,0.003981071705534975,0.45841608216115287,0.9999999999999999,exponential,918,290.0,290.0,3.9924998,0,0.0,1.0,1.0
10000,1.0,0.4,0.014666810181288346,3.684136148790474,0.003981071705534975,0.45841608216115287,0.9999999999999999,exponential,919,631.0,631.0,3.7886,0,0.0,1.0,1.0
10000,1.0,0.4,0.014666810181288346,3.684136148790474,0.003981071705534975,0.45841608216115287,0.9999999999999999,exponential,920,2312.0,2312.0,3.7045999,0,0.0,1.0,1.0
10000,1.0,0.4,0.014666810181288346,3.684136148790474,0.003981071705534975,0.45841608216115287,0.9999999999999999,exponential,921,1080.0,1080.0,4.1541,0,0.0,1.0,1.0
10000,1.0,0.4,0.014666810181288346,3.684136148790474,0.003981071705534975,0.45841608216115287,0.9999999999999999,exponential,922,278.0,278.0,3.4550998,0,0.0,1.0,1.0
10000,1.0,0.4,0.014666810181288346,3.684136148790474,0.003981071705534975,0.45841608216115287,0.9999999999999999,exponential,923,273.0,273.0,4.3153,0,0.0,1.0,1.0
10000,1.0,0.4,0.014666810181288346,3.684136148790474,0.003981071705534975,0.45841608216115287,0.9999999999999999,exponential,924,326.0,326.0,4.0913997,0,0.0,1.0,1.0
10000,1.0,0.4,0.014666810181288346,3.684136148790474,0.003981071705534975,0.45841608216115287,0.9999999999999999,exponential,925,453.0,453.0,3.9722998,0,0.0,1.0,1.0
10000,1.0,0.4,0.014666810181288346,3.684136148790474,0.003981071705534975,0.45841608216115287,0.9999999999999999,exponential,926,385.0,385.0,3.8523998,0,0.0,1.0,1.0
10000,1.0,0.4,0.014666810181288346,3.684136148790474,0.003981071705534975,0.45841608216115287,0.9999999999999999,exponential,927,555.0,555.0,4.0841,0,0.0,1.0,1.0
10000,1.0,0.4,0.014666810181288346,3.684136148790474,0.003981071705534975,0.45841608216115287,0.9999999999999999,exponential,928,556.0,556.0,4.2239,0,0.0,1.0,1.0
10000,1.0,0.4,0.014666810181288346,3.684136148790474,0.003981071705534975,0.45841608216115287,0.9999999999999999,exponential,929,1606.0,1606.0,4.0001,0,0.0,1.0,1.0
10000,1.0,0.4,0.014666810181288346,3.684136148790474,0.003981071705534975,0.45841608216115287,0.9999999999999999,exponential,930,590.0,590.0,3.5992,0,0.0,1.0,1.0
10000,1.0,0.4,0.014666810181288346,3.684136148790474,0.003981071705534975,0.45841608216115287,0.9999999999999999,exponential,931,759.0,759.0,4.3003,0,0.0,1.0,1.0
10000,1.0,0.4,0.014666810181288346,3.684136148790474,0.003981071705534975,0.45841608216115287,0.9999999999999999,exponential,932,874.0,874.0,3.9617,0,0.0,1.0,1.0
10000,1.0,0.4,0.014666810181288346,3.684136148790474,0.003981071705534975,0.45841608216115287,0.9999999999999999,exponential,933,396.0,396.0,4.1995,0,0.0,1.0,1.0
10000,1.0,0.4,0.014666810181288346,3.684136148790474,0.003981071705534975,0.45841608216115287,0.9999999999999999,exponential,934,1143.0,1143.0,4.4307,0,0.0,1.0,1.0
10000,1.0,0.4,0.014666810181288346,3.684136148790474,0.003981071705534975,0.45841608216115287,0.9999999999999999,exponential,935,1938.0,1938.0,3.7261,0,0.0,1.0,1.0
10000,1.0,0.4,0.014666810181288346,3.684136148790474,0.003981071705534975,0.45841608216115287,0.9999999999999999,exponential,936,227.0,227.0,3.7833,0,0.0,1.0,1.0
10000,1.0,0.4,0.014666810181288346,3.684136148790474,0.003981071705534975,0.45841608216115287,0.9999999999999999,exponential,937,2933.0,2933.0,3.8776,0,0.0,1.0,1.0
10000,1.0,0.4,0.014666810181288346,3.684136148790474,0.003981071705534975,0.45841608216115287,0.9999999999999999,exponential,938,672.0,672.0,3.3279998,0,0.0,1.0,1.0
10000,1.0,0.4,0.014666810181288346,3.684136148790474,0.003981071705534975,0.45841608216115287,0.9999999999999999,exponential,939,855.0,855.0,4.6310997,0,0.0,1.0,1.0
10000,1.0,0.4,0.014666810181288346,3.684136148790474,0.003981071705534975,0.45841608216115287,0.9999999999999999,exponential,940,263.0,263.0,3.9696999,0,0.0,1.0,1.0
10000,1.0,0.4,0.014666810181288346,3.684136148790474,0.003981071705534975,0.45841608216115287,0.9999999999999999,exponential,941,583.0,583.0,4.0773,0,0.0,1.0,1.0
10000,1.0,0.4,0.014666810181288346,3.684136148790474,0.003981071705534975,0.45841608216115287,0.9999999999999999,exponential,942,495.0,495.0,3.8298,0,0.0,1.0,1.0
10000,1.0,0.4,0.014666810181288346,3.684136148790474,0.003981071705534975,0.45841608216115287,0.9999999999999999,exponential,943,916.0,916.0,4.6812997,0,0.0,1.0,1.0
10000,1.0,0.4,0.014666810181288346,3.684136148790474,0.003981071705534975,0.45841608216115287,0.9999999999999999,exponential,944,414.0,414.0,4.1774,0,0.0,1.0,1.0
10000,1.0,0.4,0.014666810181288346,3.684136148790474,0.003981071705534975,0.45841608216115287,0.9999999999999999,exponential,945,1063.0,1063.0,3.7677999,0,0.0,1.0,1.0
10000,1.0,0.4,0.014666810181288346,3.684136148790474,0.003981071705534975,0.45841608216115287,0.9999999999999999,exponential,946,1246.0,1246.0,3.5217998,0,0.0,1.0,1.0
10000,1.0,0.4,0.014666810181288346,3.684136148790474,0.003981071705534975,0.45841608216115287,0.9999999999999999,exponential,947,1517.0,1517.0,4.152,0,0.0,1.0,1.0
10000,1.0,0.4,0.014666810181288346,3.684136148790474,0.003981071705534975,0.45841608216115287,0.9999999999999999,exponential,948,309.0,309.0,4.0906997,0,0.0,1.0,1.0
10000,1.0,0.4,0.014666810181288346,3.684136148790474,0.003981071705534975,0.45841608216115287,0.9999999999999999,exponential,949,623.0,623.0,3.3439999,0,0.0,1.0,1.0
10000,1.0,0.4,0.014666810181288346,3.684136148790474,0.003981071705534975,0.45841608216115287,0.9999999999999999,exponential,950,222.0,222.0,3.7691998,0,0.0,1.0,1.0
10000,1.0,0.4,0.014666810181288346,3.684136148790474,0.003981071705534975,0.45841608216115287,0.9999999999999999,exponential,951,763.0,763.0,3.6845999,0,0.0,1.0,1.0
10000,1.0,0.4,0.014666810181288346,3.684136148790474,0.003981071705534975,0.45841608216115287,0.9999999999999999,exponential,952,829.0,829.0,3.5468998,0,0.0,1.0,1.0
10000,1.0,0.4,0.014666810181288346,3.684136148790474,0.003981071705534975,0.45841608216115287,0.9999999999999999,exponential,953,1999.0,1999.0,4.0267,0,0.0,1.0,1.0
10000,1.0,0.4,0.014666810181288346,3.684136148790474,0.003981071705534975,0.45841608216115287,0.9999999999999999,exponential,954,1317.0,1317.0,3.8132,0,0.0,1.0,1.0
10000,1.0,0.4,0.014666810181288346,3.684136148790474,0.003981071705534975,0.45841608216115287,0.9999999999999999,exponential,955,1022.0,1022.0,3.8827,0,0.0,1.0,1.0
10000,1.0,0.4,0.014666810181288346,3.684136148790474,0.003981071705534975,0.45841608216115287,0.9999999999999999,exponential,956,1824.0,1824.0,3.5672,0,0.0,1.0,1.0
10000,1.0,0.4,0.014666810181288346,3.684136148790474,0.003981071705534975,0.45841608216115287,0.9999999999999999,exponential,957,357.0,357.0,4.4649997,0,0.0,1.0,1.0
10000,1.0,0.4,0.014666810181288346,3.684136148790474,0.003981071705534975,0.45841608216115287,0.9999999999999999,exponential,958,3084.0,3084.0,3.9287,0,0.0,1.0,1.0
10000,1.0,0.4,0.014666810181288346,3.684136148790474,0.003981071705534975,0.45841608216115287,0.9999999999999999,exponential,959,288.0,288.0,3.9773998,0,0.0,1.0,1.0
10000,1.0,0.4,0.014666810181288346,3.684136148790474,0.003981071705534975,0.45841608216115287,0.9999999999999999,exponential,960,205.0,205.0,3.8953,0,0.0,1.0,1.0
10000,1.0,0.4,0.014666810181288346,3.684136148790474,0.003981071705534975,0.45841608216115287,0.9999999999999999,exponential,961,678.0,678.0,4.2481,0,0.0,1.0,1.0
10000,1.0,0.4,0.014666810181288346,3.684136148790474,0.003981071705534975,0.45841608216115287,0.9999999999999999,exponential,962,3116.0,3116.0,3.78,0,0.0,1.0,1.0
10000,1.0,0.4,0.014666810181288346,3.684136148790474,0.003981071705534975,0.45841608216115287,0.9999999999999999,exponential,963,228.0,228.0,4.1068,0,0.0,1.0,1.0
10000,1.0,0.4,0.014666810181288346,3.684136148790474,0.003981071705534975,0.45841608216115287,0.9999999999999999,exponential,964,609.0,609.0,3.8974998,0,0.0,1.0,1.0
10000,1.0,0.4,0.014666810181288346,3.684136148790474,0.003981071705534975,0.45841608216115287,0.9999999999999999,exponential,965,258.0,258.0,4.1927,0,0.0,1.0,1.0
10000,1.0,0.4,0.014666810181288346,3.684136148790474,0.003981071705534975,0.45841608216115287,0.9999999999999999,exponential,966,521.0,521.0,3.7487,0,0.0,1.0,1.0
10000,1.0,0.4,0.014666810181288346,3.684136148790474,0.003981071705534975,0.45841608216115287,0.9999999999999999,exponential,967,739.0,739.0,3.8688998,0,0.0,1.0,1.0
10000,1.0,0.4,0.014666810181288346,3.684136148790474,0.003981071705534975,0.45841608216115287,0.9999999999999999,exponential,968,1412.0,1412.0,3.7168,0,0.0,1.0,1.0
10000,1.0,0.4,0.014666810181288346,3.684136148790474,0.003981071705534975,0.45841608216115287,0.9999999999999999,exponential,969,715.0,715.0,4.1250997,0,0.0,1.0,1.0
10000,1.0,0.4,0.014666810181288346,3.684136148790474,0.003981071705534975,0.45841608216115287,0.9999999999999999,exponential,970,131.0,131.0,3.7087998,0,0.0,1.0,1.0
10000,1.0,0.4,0.014666810181288346,3.684136148790474,0.003981071705534975,0.45841608216115287,0.9999999999999999,exponential,971,3141.0,3141.0,4.0568,0,0.0,1.0,1.0
10000,1.0,0.4,0.014666810181288346,3.684136148790474,0.003981071705534975,0.45841608216115287,0.9999999999999999,exponential,972,201.0,201.0,4.0741,0,0.0,1.0,1.0
10000,1.0,0.4,0.014666810181288346,3.684136148790474,0.003981071705534975,0.45841608216115287,0.9999999999999999,exponential,973,66.0,66.0,3.6996,0,0.0,1.0,1.0
10000,1.0,0.4,0.014666810181288346,3.684136148790474,0.003981071705534975,0.45841608216115287,0.9999999999999999,exponential,974,3240.0,3240.0,4.2313,0,0.0,1.0,1.0
10000,1.0,0.4,0.014666810181288346,3.684136148790474,0.003981071705534975,0.45841608216115287,0.9999999999999999,exponential,975,859.0,859.0,3.898,0,0.0,1.0,1.0
10000,1.0,0.4,0.014666810181288346,3.684136148790474,0.003981071705534975,0.45841608216115287,0.9999999999999999,exponential,976,1137.0,1137.0,4.1029997,0,0.0,1.0,1.0
10000,1.0,0.4,0.014666810181288346,3.684136148790474,0.003981071705534975,0.45841608216115287,0.9999999999999999,exponential,977,845.0,845.0,4.1348,0,0.0,1.0,1.0
10000,1.0,0.4,0.014666810181288346,3.684136148790474,0.003981071705534975,0.45841608216115287,0.9999999999999999,exponential,978,2224.0,2224.0,3.7782,0,0.0,1.0,1.0
10000,1.0,0.4,0.014666810181288346,3.684136148790474,0.003981071705534975,0.45841608216115287,0.9999999999999999,exponential,979,1851.0,1851.0,3.2328,0,0.0,1.0,1.0
10000,1.0,0.4,0.014666810181288346,3.684136148790474,0.003981071705534975,0.45841608216115287,0.9999999999999999,exponential,980,1710.0,1710.0,3.8507,0,0.0,1.0,1.0
10000,1.0,0.4,0.014666810181288346,3.684136148790474,0.003981071705534975,0.45841608216115287,0.9999999999999999,exponential,981,398.0,398.0,3.8309999,0,0.0,1.0,1.0
10000,1.0,0.4,0.014666810181288346,3.684136148790474,0.003981071705534975,0.45841608216115287,0.9999999999999999,exponential,982,1855.0,1855.0,3.5396,0,0.0,1.0,1.0
10000,1.0,0.4,0.014666810181288346,3.684136148790474,0.003981071705534975,0.45841608216115287,0.9999999999999999,exponential,983,1360.0,1360.0,3.9736998,0,0.0,1.0,1.0
10000,1.0,0.4,0.014666810181288346,3.684136148790474,0.003981071705534975,0.45841608216115287,0.9999999999999999,exponential,984,1056.0,1056.0,3.9485998,0,0.0,1.0,1.0
10000,1.0,0.4,0.014666810181288346,3.684136148790474,0.003981071705534975,0.45841608216115287,0.9999999999999999,exponential,985,815.0,815.0,4.2699,0,0.0,1.0,1.0
10000,1.0,0.4,0.014666810181288346,3.684136148790474,0.003981071705534975,0.45841608216115287,0.9999999999999999,exponential,986,2391.0,2391.0,3.8460999,0,0.0,1.0,1.0
10000,1.0,0.4,0.014666810181288346,3.684136148790474,0.003981071705534975,0.45841608216115287,0.9999999999999999,exponential,987,201.0,201.0,3.8367,0,0.0,1.0,1.0
10000,1.0,0.4,0.014666810181288346,3.684136148790474,0.003981071705534975,0.45841608216115287,0.9999999999999999,exponential,988,134.0,134.0,3.7877,0,0.0,1.0,1.0
10000,1.0,0.4,0.014666810181288346,3.684136148790474,0.003981071705534975,0.45841608216115287,0.9999999999999999,exponential,989,988.0,988.0,3.7666998,0,0.0,1.0,1.0
10000,1.0,0.4,0.014666810181288346,3.684136148790474,0.003981071705534975,0.45841608216115287,0.9999999999999999,exponential,990,1506.0,1506.0,4.0801,0,0.0,1.0,1.0
10000,1.0,0.4,0.014666810181288346,3.684136148790474,0.003981071705534975,0.45841608216115287,0.9999999999999999,exponential,991,826.0,826.0,3.9731998,0,0.0,1.0,1.0
10000,1.0,0.4,0.014666810181288346,3.684136148790474,0.003981071705534975,0.45841608216115287,0.9999999999999999,exponential,992,1540.0,1540.0,3.9213,0,0.0,1.0,1.0
10000,1.0,0.4,0.014666810181288346,3.684136148790474,0.003981071705534975,0.45841608216115287,0.9999999999999999,exponential,993,182.0,182.0,4.2862997,0,0.0,1.0,1.0
10000,1.0,0.4,0.014666810181288346,3.684136148790474,0.003981071705534975,0.45841608216115287,0.9999999999999999,exponential,994,627.0,627.0,4.5754,0,0.0,1.0,1.0
10000,1.0,0.4,0.014666810181288346,3.684136148790474,0.003981071705534975,0.45841608216115287,0.9999999999999999,exponential,995,2662.0,2662.0,4.4354997,0,0.0,1.0,1.0
10000,1.0,0.4,0.014666810181288346,3.684136148790474,0.003981071705534975,0.45841608216115287,0.9999999999999999,exponential,996,1239.0,1239.0,3.7870998,0,0.0,1.0,1.0
10000,1.0,0.4,0.014666810181288346,3.684136148790474,0.003981071705534975,0.45841608216115287,0.9999999999999999,exponential,997,609.0,609.0,3.9559999,0,0.0,1.0,1.0
10000,1.0,0.4,0.014666810181288346,3.684136148790474,0.003981071705534975,0.45841608216115287,0.9999999999999999,exponential,998,2466.0,2466.0,3.9796,0,0.0,1.0,1.0
10000,1.0,0.4,0.014666810181288346,3.684136148790474,0.003981071705534975,0.45841608216115287,0.9999999999999999,exponential,999,97.0,97.0,3.8295999,0,0.0,1.0,1.0
