N,psi,delta,lambda,theta,alpha,effective_beta,psi_check,selection_mode,path_index,t_0,first_loss_time,kappa_1_at_t0,X0_count_at_stop,X_0_at_stop,leading_zero_count_at_t0,first_nonzero_class_at_t0
10000,1.0,0.5,0.04605170185988094,4.605170185988092,0.010000000000000004,0.3341885789091388,0.9999999999999999,exponential,0,286.0,286.0,4.6433,0,0.0,1.0,1.0
10000,1.0,0.5,0.04605170185988094,4.605170185988092,0.010000000000000004,0.3341885789091388,0.9999999999999999,exponential,1,1046.0,1046.0,5.1586,0,0.0,1.0,1.0
10000,1.0,0.5,0.04605170185988094,4.605170185988092,0.010000000000000004,0.3341885789091388,0.9999999999999999,exponential,2,97.0,97.0,4.7015,0,0.0,1.0,1.0
10000,1.0,0.5,0.04605170185988094,4.605170185988092,0.010000000000000004,0.3341885789091388,0.9999999999999999,exponential,3,156.0,156.0,4.8999,0,0.0,1.0,1.0
10000,1.0,0.5,0.04605170185988094,4.605170185988092,0.010000000000000004,0.3341885789091388,0.9999999999999999,exponential,4,232.0,232.0,4.6078,0,0.0,1.0,1.0
10000,1.0,0.5,0.04605170185988094,4.605170185988092,0.010000000000000004,0.3341885789091388,0.9999999999999999,exponential,5,609.0,609.0,4.6970997,0,0.0,1.0,1.0
10000,1.0,0.5,0.04605170185988094,4.605170185988092,0.010000000000000004,0.3341885789091388,0.9999999999999999,exponential,6,102.0,102.0,4.7725997,0,0.0,1.0,1.0
10000,1.0,0.5,0.04605170185988094,4.605170185988092,0.010000000000000004,0.3341885789091388,0.9999999999999999,exponential,7,613.0,613.0,4.5955,0,0.0,1.0,1.0
10000,1.0,0.5,0.04605170185988094,4.605170185988092,0.010000000000000004,0.3341885789091388,0.9999999999999999,exponential,8,826.0,826.0,4.4584,0,0.0,1.0,1.0
10000,1.0,0.5,0.04605170185988094,4.605170185988092,0.010000000000000004,0.3341885789091388,0.9999999999999999,exponential,9,728.0,728.0,5.2111998,0,0.0,1.0,1.0
10000,1.0,0.5,0.04605170185988094,4.605170185988092,0.010000000000000004,0.3341885789091388,0.9999999999999999,exponential,10,393.0,393.0,4.7889,0,0.0,1.0,1.0
10000,1.0,0.5,0.04605170185988094,4.605170185988092,0.010000000000000004,0.3341885789091388,0.9999999999999999,exponential,11,136.0,136.0,4.831,0,0.0,1.0,1.0
10000,1.0,0.5,0.04605170185988094,4.605170185988092,0.010000000000000004,0.3341885789091388,0.9999999999999999,exponential,12,113.0,113.0,4.6391,0,0.0,1.0,1.0
10000,1.0,0.5,0.04605170185988094,4.605170185988092,0.010000000000000004,0.3341885789091388,0.9999999999999999,exponential,13,489.0,489.0,4.9231,0,0.0,1.0,1.0
10000,1.0,0.5,0.04605170185988094,4.605170185988092,0.010000000000000004,0.3341885789091388,0.9999999999999999,exponential,14,584.0,584.0,4.7846,0,0.0,1.0,1.0
10000,1.0,0.5,0.04605170185988094,4.605170185988092,0.010000000000000004,0.3341885789091388,0.9999999999999999,exponential,15,67.0,67.0,4.7276998,0,0.0,1.0,1.0
10000,1.0,0.5,0.04605170185988094,4.605170185988092,0.010000000000000004,0.3341885789091388,0.9999999999999999,exponential,16,340.0,340.0,5.1597,0,0.0,1.0,1.0
10000,1.0,0.5,0.04605170185988094,4.605170185988092,0.010000000000000004,0.3341885789091388,0.9999999999999999,exponential,17,266.0,266.0,4.3815,0,0.0,1.0,1.0
10000,1.0,0.5,0.04605170185988094,4.605170185988092,0.010000000000000004,0.3341885789091388,0.9999999999999999,exponential,18,321.0,321.0,4.5797997,0,0.0,1.0,1.0
10000,1.0,0.5,0.04605170185988094,4.605170185988092,0.010000000000000004,0.3341885789091388,0.9999999999999999,exponential,19,83.0,83.0,4.7141,0,0.0,1.0,1.0
10000,1.0,0.5,0.04605170185988094,4.605170185988092,0.010000000000000004,0.3341885789091388,0.9999999999999999,exponential,20,109.0,109.0,5.1,0,0.0,1.0,1.0
10000,1.0,0.5,0.04605170185988094,4.605170185988092,0.010000000000000004,0.3341885789091388,0.9999999999999999,exponential,21,76.0,76.0,4.5411,0,0.0,1.0,1.0
10000,1.0,0.5,0.04605170185988094,4.605170185988092,0.010000000000000004,0.3341885789091388,0.9999999999999999,exponential,22,224.0,224.0,4.881,0,0.0,1.0,1.0
10000,1.0,0.5,0.04605170185988094,4.605170185988092,0.010000000000000004,0.3341885789091388,0.9999999999999999,exponential,23,203.0,203.0,4.6758,0,0.0,1.0,1.0
10000,1.0,0.5,0.04605170185988094,4.605170185988092,0.010000000000000004,0.3341885789091388,0.9999999999999999,exponential,24,234.0,234.0,5.2054996,0,0.0,1.0,1.0
10000,1.0,0.5,0.04605170185988094,4.605170185988092,0.010000000000000004,0.3341885789091388,0.9999999999999999,exponential,25,242.0,242.0,4.9228,0,0.0,1.0,1.0
10000,1.0,0.5,0.04605170185988094,4.605170185988092,0.010000000000000004,0.3341885789091388,0.9999999999999999,exponential,26,107.0,107.0,4.8547997,0,0.0,1.0,1.0
10000,1.0,0.5,0.04605170185988094,4.605170185988092,0.010000000000000004,0.3341885789091388,0.9999999999999999,exponential,27,188.0,188.0,4.9813,0,0.0,1.0,1.0
10000,1.0,0.5,0.04605170185988094,4.605170185988092,0.010000000000000004,0.3341885789091388,0.9999999999999999,exponential,28,370.0,370.0,5.1526,0,0.0,1.0,1.0
10000,1.0,0.5,0.04605170185988094,4.605170185988092,0.010000000000000004,0.3341885789091388,0.9999999999999999,exponential,29,388.0,388.0,4.3764,0,0.0,1.0,1.0
10000,1.0,0.5,0.04605170185988094,4.605170185988092,0.010000000000000004,0.3341885789091388,0.9999999999999999,exponential,30,132.0,132.0,4.9862,0,0.0,1.0,1.0
10000,1.0,0.5,0.04605170185988094,4.605170185988092,0.010000000000000004,0.3341885789091388,0.9999999999999999,exponential,31,218.0,218.0,4.9561996,0,0.0,1.0,1.0
10000,1.0,0.5,0.04605170185988094,4.605170185988092,0.010000000000000004,0.3341885789091388,0.9999999999999999,exponential,32,947.0,947.0,5.0386,0,0.0,1.0,1.0
10000,1.0,0.5,0.04605170185988094,4.605170185988092,0.010000000000000004,0.3341885789091388,0.9999999999999999,exponential,33,882.0,882.0,4.7008,0,0.0,1.0,1.0
10000,1.0,0.5,0.04605170185988094,4.605170185988092,0.010000000000000004,0.3341885789091388,0.9999999999999999,exponential,34,291.0,291.0,4.388,0,0.0,1.0,1.0
10000,1.0,0.5,0.04605170185988094,4.605170185988092,0.010000000000000004,0.3341885789091388,0.9999999999999999,exponential,35,39.0,39.0,4.6493998,0,0.0,1.0,1.0
10000,1.0,0.5,0.04605170185988094,4.605170185988092,0.010000000000000004,0.3341885789091388,0.9999999999999999,exponential,36,192.0,192.0,4.7076,0,0.0,1.0,1.0
10000,1.0,0.5,0.04605170185988094,4.605170185988092,0.010000000000000004,0.3341885789091388,0.9999999999999999,exponential,37,1118.0,1118.0,4.8542,0,0.0,1.0,1.0
10000,1.0,0.5,0.04605170185988094,4.605170185988092,0.010000000000000004,0.3341885789091388,0.9999999999999999,exponential,38,191.0,191.0,4.6461,0,0.0,1.0,1.0
10000,1.0,0.5,0.04605170185988094,4.605170185988092,0.010000000000000004,0.3341885789091388,0.9999999999999999,exponential,39,323.0,323.0,4.5806,0,0.0,1.0,1.0
10000,1.0,0.5,0.04605170185988094,4.605170185988092,0.010000000000000004,0.3341885789091388,0.9999999999999999,exponential,40,445.0,445.0,4.6238,0,0.0,1.0,1.0
10000,1.0,0.5,0.04605170185988094,4.605170185988092,0.010000000000000004,0.3341885789091388,0.9999999999999999,exponential,41,721.0,721.0,4.593,0,0.0,1.0,1.0
10000,1.0,0.5,0.04605170185988094,4.605170185988092,0.010000000000000004,0.3341885789091388,0.9999999999999999,exponential,42,1027.0,1027.0,4.7577,0,0.0,1.0,1.0
10000,1.0,0.5,0.04605170185988094,4.605170185988092,0.010000000000000004,0.3341885789091388,0.9999999999999999,exponential,43,128.0,128.0,4.8745,0,0.0,1.0,1.0
10000,1.0,0.5,0.04605170185988094,4.605170185988092,0.010000000000000004,0.3341885789091388,0.9999999999999999,exponential,44,713.0,713.0,4.8178997,0,0.0,1.0,1.0
10000,1.0,0.5,0.04605170185988094,4.605170185988092,0.010000000000000004,0.3341885789091388,0.9999999999999999,exponential,45,338.0,338.0,4.5731,0,0.0,1.0,1.0
10000,1.0,0.5,0.04605170185988094,4.605170185988092,0.010000000000000004,0.3341885789091388,0.9999999999999999,exponential,46,137.0,137.0,4.9414,0,0.0,1.0,1.0
10000,1.0,0.5,0.04605170185988094,4.605170185988092,0.010000000000000004,0.3341885789091388,0.9999999999999999,exponential,47,262.0,262.0,4.3735,0,0.0,1.0,1.0
10000,1.0,0.5,0.04605170185988094,4.605170185988092,0.010000000000000004,0.3341885789091388,0.9999999999999999,exponential,48,120.0,120.0,4.9974,0,0.0,1.0,1.0
10000,1.0,0.5,0.04605170185988094,4.605170185988092,0.010000000000000004,0.3341885789091388,0.9999999999999999,exponential,49,131.0,131.0,5.2135997,0,0.0,1.0,1.0
10000,1.0,0.5,0.04605170185988094,4.605170185988092,0.010000000000000004,0.3341885789091388,0.9999999999999999,exponential,50,669.0,669.0,4.5341,0,0.0,1.0,1.0
10000,1.0,0.5,0.04605170185988094,4.605170185988092,0.010000000000000004,0.3341885789091388,0.9999999999999999,exponential,51,110.0,110.0,5.0889997,0,0.0,1.0,1.0
10000,1.0,0.5,0.04605170185988094,4.605170185988092,0.010000000000000004,0.3341885789091388,0.9999999999999999,exponential,52,102.0,102.0,4.613,0,0.0,1.0,1.0
10000,1.0,0.5,0.04605170185988094,4.605170185988092,0.010000000000000004,0.3341885789091388,0.9999999999999999,exponential,53,331.0,331.0,4.835,0,0.0,1.0,1.0
10000,1.0,0.5,0.04605170185988094,4.605170185988092,0.010000000000000004,0.3341885789091388,0.9999999999999999,exponential,54,163.0,163.0,5.0367,0,0.0,1.0,1.0
10000,1.0,0.5,0.04605170185988094,4.605170185988092,0.010000000000000004,0.3341885789091388,0.9999999999999999,exponential,55,546.0,546.0,4.5815,0,0.0,1.0,1.0
10000,1.0,0.5,0.04605170185988094,4.605170185988092,0.010000000000000004,0.3341885789091388,0.9999999999999999,exponential,56,895.0,895.0,5.2595997,0,0.0,1.0,1.0
10000,1.0,0.5,0.04605170185988094,4.605170185988092,0.010000000000000004,0.3341885789091388,0.9999999999999999,exponential,57,116.0,116.0,4.6535,0,0.0,1.0,1.0
10000,1.0,0.5,0.04605170185988094,4.605170185988092,0.010000000000000004,0.3341885789091388,0.9999999999999999,exponential,58,1017.0,1017.0,4.6337,0,0.0,1.0,1.0
10000,1.0,0.5,0.04605170185988094,4.605170185988092,0.010000000000000004,0.3341885789091388,0.9999999999999999,exponential,59,593.0,593.0,4.7869,0,0.0,1.0,1.0
10000,1.0,0.5,0.04605170185988094,4.605170185988092,0.010000000000000004,0.3341885789091388,0.9999999999999999,exponential,60,463.0,463.0,4.678,0,0.0,1.0,1.0
10000,1.0,0.5,0.04605170185988094,4.605170185988092,0.010000000000000004,0.3341885789091388,0.9999999999999999,exponential,61,609.0,609.0,4.973,0,0.0,1.0,1.0
10000,1.0,0.5,0.04605170185988094,4.605170185988092,0.010000000000000004,0.3341885789091388,0.9999999999999999,exponential,62,144.0,144.0,4.3066,0,0.0,1.0,1.0
10000,1.0,0.5,0.04605170185988094,4.605170185988092,0.010000000000000004,0.3341885789091388,0.9999999999999999,exponential,63,361.0,361.0,4.8468,0,0.0,1.0,1.0
10000,1.0,0.5,0.04605170185988094,4.605170185988092,0.010000000000000004,0.3341885789091388,0.9999999999999999,exponential,64,141.0,141.0,5.0368,0,0.0,1.0,1.0
10000,1.0,0.5,0.04605170185988094,4.605170185988092,0.010000000000000004,0.3341885789091388,0.9999999999999999,exponential,65,276.0,276.0,4.5569997,0,0.0,1.0,1.0
10000,1.0,0.5,0.04605170185988094,4.605170185988092,0.010000000000000004,0.3341885789091388,0.9999999999999999,exponential,66,341.0,341.0,5.0118,0,0.0,1.0,1.0
10000,1.0,0.5,0.04605170185988094,4.605170185988092,0.010000000000000004,0.3341885789091388,0.9999999999999999,exponential,67,256.0,256.0,5.0888,0,0.0,1.0,1.0
10000,1.0,0.5,0.04605170185988094,4.605170185988092,0.010000000000000004,0.3341885789091388,0.9999999999999999,exponential,68,236.0,236.0,4.9093,0,0.0,1.0,1.0
10000,1.0,0.5,0.04605170185988094,4.605170185988092,0.010000000000000004,0.3341885789091388,0.9999999999999999,exponential,69,71.0,71.0,4.77,0,0.0,1.0,1.0
10000,1.0,0.5,0.04605170185988094,4.605170185988092,0.010000000000000004,0.3341885789091388,0.9999999999999999,exponential,70,351.0,351.0,4.9184,0,0.0,1.0,1.0
10000,1.0,0.5,0.04605170185988094,4.605170185988092,0.010000000000000004,0.3341885789091388,0.9999999999999999,exponential,71,280.0,280.0,4.9786997,0,0.0,1.0,1.0
10000,1.0,0.5,0.04605170185988094,4.605170185988092,0.010000000000000004,0.3341885789091388,0.9999999999999999,exponential,72,139.0,139.0,4.608,0,0.0,1.0,1.0
10000,1.0,0.5,0.04605170185988094,4.605170185988092,0.010000000000000004,0.3341885789091388,0.9999999999999999,exponential,73,225.0,225.0,4.4765997,0,0.0,1.0,1.0
10000,1.0,0.5,0.04605170185988094,4.605170185988092,0.010000000000000004,0.3341885789091388,0.9999999999999999,exponential,74,117.0,117.0,4.7485,0,0.0,1.0,1.0
10000,1.0,0.5,0.04605170185988094,4.605170185988092,0.010000000000000004,0.3341885789091388,0.9999999999999999,exponential,75,239.0,239.0,4.6717997,0,0.0,1.0,1.0
10000,1.0,0.5,0.04605170185988094,4.605170185988092,0.010000000000000004,0.3341885789091388,0.9999999999999999,exponential,76,267.0,267.0,4.8993,0,0.0,1.0,1.0
10000,1.0,0.5,0.04605170185988094,4.605170185988092,0.010000000000000004,0.3341885789091388,0.9999999999999999,exponential,77,136.0,136.0,4.9181,0,0.0,1.0,1.0
10000,1.0,0.5,0.04605170185988094,4.605170185988092,0.010000000000000004,0.3341885789091388,0.9999999999999999,exponential,78,301.0,301.0,4.7142,0,0.0,1.0,1.0
10000,1.0,0.5,0.04605170185988094,4.605170185988092,0.010000000000000004,0.3341885789091388,0.9999999999999999,exponential,79,224.0,224.0,4.6059,0,0.0,1.0,1.0
10000,1.0,0.5,0.04605170185988094,4.605170185988092,0.010000000000000004,0.3341885789091388,0.9999999999999999,exponential,80,916.0,916.0,4.6900997,0,0.0,1.0,1.0
10000,1.0,0.5,0.04605170185988094,4.605170185988092,0.010000000000000004,0.3341885789091388,0.9999999999999999,exponential,81,326.0,326.0,4.9474998,0,0.0,1.0,1.0
10000,1.0,0.5,0.04605170185988094,4.605170185988092,0.010000000000000004,0.3341885789091388,0.9999999999999999,exponential,82,599.0,599.0,4.7381,0,0.0,1.0,1.0
10000,1.0,0.5,0.04605170185988094,4.605170185988092,0.010000000000000004,0.3341885789091388,0.9999999999999999,exponential,83,522.0,522.0,5.2577,0,0.0,1.0,1.0
10000,1.0,0.5,0.04605170185988094,4.605170185988092,0.010000000000000004,0.3341885789091388,0.9999999999999999,exponential,84,132.0,132.0,4.6808,0,0.0,1.0,1.0
10000,1.0,0.5,0.04605170185988094,4.605170185988092,0.010000000000000004,0.3341885789091388,0.9999999999999999,exponential,85,143.0,143.0,4.8324,0,0.0,1.0,1.0
10000,1.0,0.5,0.04605170185988094,4.605170185988092,0.010000000000000004,0.3341885789091388,0.9999999999999999,exponential,86,241.0,241.0,4.7939,0,0.0,1.0,1.0
10000,1.0,0.5,0.04605170185988094,4.605170185988092,0.010000000000000004,0.3341885789091388,0.9999999999999999,exponential,87,759.0,759.0,4.6288,0,0.0,1.0,1.0
10000,1.0,0.5,0.04605170185988094,4.605170185988092,0.010000000000000004,0.3341885789091388,0.9999999999999999,exponential,88,1540.0,1540.0,4.8417997,0,0.0,1.0,1.0
10000,1.0,0.5,0.04605170185988094,4.605170185988092,0.010000000000000004,0.3341885789091388,0.9999999999999999,exponential,89,196.0,196.0,5.0882,0,0.0,1.0,1.0
10000,1.0,0.5,0.04605170185988094,4.605170185988092,0.010000000000000004,0.3341885789091388,0.9999999999999999,exponential,90,553.0,553.0,4.6108,0,0.0,1.0,1.0
10000,1.0,0.5,0.04605170185988094,4.605170185988092,0.010000000000000004,0.3341885789091388,0.9999999999999999,exponential,91,107.0,107.0,4.9423,0,0.0,1.0,1.0
10000,1.0,0.5,0.04605170185988094,4.605170185988092,0.010000000000000004,0.3341885789091388,0.9999999999999999,exponential,92,74.0,74.0,4.818,0,0.0,1.0,1.0
10000,1.0,0.5,0.04605170185988094,4.605170185988092,0.010000000000000004,0.3341885789091388,0.9999999999999999,exponential,93,640.0,640.0,4.9674997,0,0.0,1.0,1.0
10000,1.0,0.5,0.04605170185988094,4.605170185988092,0.010000000000000004,0.3341885789091388,0.9999999999999999,exponential,94,355.0,355.0,4.5136,0,0.0,1.0,1.0
10000,1.0,0.5,0.04605170185988094,4.605170185988092,0.010000000000000004,0.3341885789091388,0.9999999999999999,exponential,95,998.0,998.0,4.1552,0,0.0,1.0,1.0
10000,1.0,0.5,0.04605170185988094,4.605170185988092,0.010000000000000004,0.3341885789091388,0.9999999999999999,exponential,96,222.0,222.0,4.9196997,0,0.0,1.0,1.0
10000,1.0,0.5,0.04605170185988094,4.605170185988092,0.010000000000000004,0.3341885789091388,0.9999999999999999,exponential,97,299.0,299.0,4.3665,0,0.0,1.0,1.0
10000,1.0,0.5,0.04605170185988094,4.605170185988092,0.010000000000000004,0.3341885789091388,0.9999999999999999,exponential,98,74.0,74.0,5.0327997,0,0.0,1.0,1.0
10000,1.0,0.5,0.04605170185988094,4.605170185988092,0.010000000000000004,0.3341885789091388,0.9999999999999999,exponential,99,1653.0,1653.0,4.5646996,0,0.0,1.0,1.0
10000,1.0,0.5,0.04605170185988094,4.605170185988092,0.010000000000000004,0.3341885789091388,0.9999999999999999,exponential,100,399.0,399.0,4.4058,0,0.0,1.0,1.0
10000,1.0,0.5,0.04605170185988094,4.605170185988092,0.010000000000000004,0.3341885789091388,0.9999999999999999,exponential,101,291.0,291.0,4.4894,0,0.0,1.0,1.0
10000,1.0,0.5,0.04605170185988094,4.605170185988092,0.010000000000000004,0.3341885789091388,0.9999999999999999,exponential,102,925.0,925.0,4.7035,0,0.0,1.0,1.0
10000,1.0,0.5,0.04605170185988094,4.605170185988092,0.010000000000000004,0.3341885789091388,0.9999999999999999,exponential,103,1050.0,1050.0,5.4158,0,0.0,1.0,1.0
10000,1.0,0.5,0.04605170185988094,4.605170185988092,0.010000000000000004,0.3341885789091388,0.9999999999999999,exponential,104,517.0,517.0,4.5576997,0,0.0,1.0,1.0
10000,1.0,0.5,0.04605170185988094,4.605170185988092,0.010000000000000004,0.3341885789091388,0.9999999999999999,exponential,105,668.0,668.0,5.0913,0,0.0,1.0,1.0
10000,1.0,0.5,0.04605170185988094,4.605170185988092,0.010000000000000004,0.3341885789091388,0.9999999999999999,exponential,106,164.0,164.0,4.5155997,0,0.0,1.0,1.0
10000,1.0,0.5,0.04605170185988094,4.605170185988092,0.010000000000000004,0.3341885789091388,0.9999999999999999,exponential,107,118.0,118.0,4.4705,0,0.0,1.0,1.0
10000,1.0,0.5,0.04605170185988094,4.605170185988092,0.010000000000000004,0.3341885789091388,0.9999999999999999,exponential,108,206.0,206.0,4.7359,0,0.0,1.0,1.0
10000,1.0,0.5,0.04605170185988094,4.605170185988092,0.010000000000000004,0.3341885789091388,0.9999999999999999,exponential,109,196.0,196.0,5.279,0,0.0,1.0,1.0
10000,1.0,0.5,0.04605170185988094,4.605170185988092,0.010000000000000004,0.3341885789091388,0.9999999999999999,exponential,110,831.0,831.0,4.7627997,0,0.0,1.0,1.0
10000,1.0,0.5,0.04605170185988094,4.605170185988092,0.010000000000000004,0.3341885789091388,0.9999999999999999,exponential,111,107.0,107.0,4.6953,0,0.0,1.0,1.0
10000,1.0,0.5,0.04605170185988094,4.605170185988092,0.010000000000000004,0.3341885789091388,0.9999999999999999,exponential,112,402.0,402.0,4.5744,0,0.0,1.0,1.0
10000,1.0,0.5,0.04605170185988094,4.605170185988092,0.010000000000000004,0.3341885789091388,0.9999999999999999,exponential,113,499.0,499.0,4.3967,0,0.0,1.0,1.0
10000,1.0,0.5,0.04605170185988094,4.605170185988092,0.010000000000000004,0.3341885789091388,0.9999999999999999,exponential,114,2086.0,2086.0,5.0778,0,0.0,1.0,1.0
10000,1.0,0.5,0.04605170185988094,4.605170185988092,0.010000000000000004,0.3341885789091388,0.9999999999999999,exponential,115,1010.0,1010.0,4.9658,0,0.0,1.0,1.0
10000,1.0,0.5,0.04605170185988094,4.605170185988092,0.010000000000000004,0.3341885789091388,0.9999999999999999,exponential,116,53.0,53.0,4.7367,0,0.0,1.0,1.0
10000,1.0,0.5,0.04605170185988094,4.605170185988092,0.010000000000000004,0.3341885789091388,0.9999999999999999,exponential,117,477.0,477.0,4.7230997,0,0.0,1.0,1.0
10000,1.0,0.5,0.04605170185988094,4.605170185988092,0.010000000000000004,0.3341885789091388,0.9999999999999999,exponential,118,533.0,533.0,4.5877,0,0.0,1.0,1.0
10000,1.0,0.5,0.04605170185988094,4.605170185988092,0.010000000000000004,0.3341885789091388,0.9999999999999999,exponential,119,297.0,297.0,4.8293,0,0.0,1.0,1.0
10000,1.0,0.5,0.04605170185988094,4.605170185988092,0.010000000000000004,0.3341885789091388,0.9999999999999999,exponential,120,350.0,350.0,4.3851,0,0.0,1.0,1.0
10000,1.0,0.5,0.04605170185988094,4.605170185988092,0.010000000000000004,0.3341885789091388,0.9999999999999999,exponential,121,2061.0,2061.0,4.6405997,0,0.0,1.0,1.0
10000,1.0,0.5,0.04605170185988094,4.605170185988092,0.010000000000000004,0.3341885789091388,0.9999999999999999,exponential,122,64.0,64.0,4.6208,0,0.0,1.0,1.0
10000,1.0,0.5,0.04605170185988094,4.605170185988092,0.010000000000000004,0.3341885789091388,0.9999999999999999,exponential,123,134.0,134.0,4.5397,0,0.0,1.0,1.0
10000,1.0,0.5,0.04605170185988094,4.605170185988092,0.010000000000000004,0.3341885789091388,0.9999999999999999,exponential,124,516.0,516.0,4.8475,0,0.0,1.0,1.0
10000,1.0,0.5,0.04605170185988094,4.605170185988092,0.010000000000000004,0.3341885789091388,0.9999999999999999,exponential,125,101.0,101.0,4.6173997,0,0.0,1.0,1.0
10000,1.0,0.5,0.04605170185988094,4.605170185988092,0.010000000000000004,0.3341885789091388,0.9999999999999999,exponential,126,133.0,133.0,4.9378,0,0.0,1.0,1.0
10000,1.0,0.5,0.04605170185988094,4.605170185988092,0.010000000000000004,0.3341885789091388,0.9999999999999999,exponential,127,176.0,176.0,4.7430997,0,0.0,1.0,1.0
10000,1.0,0.5,0.04605170185988094,4.605170185988092,0.010000000000000004,0.3341885789091388,0.9999999999999999,exponential,128,623.0,623.0,5.1452,0,0.0,1.0,1.0
10000,1.0,0.5,0.04605170185988094,4.605170185988092,0.010000000000000004,0.3341885789091388,0.9999999999999999,exponential,129,183.0,183.0,4.7026997,0,0.0,1.0,1.0
10000,1.0,0.5,0.04605170185988094,4.605170185988092,0.010000000000000004,0.3341885789091388,0.9999999999999999,exponential,130,298.0,298.0,4.2618,0,0.0,1.0,1.0
10000,1.0,0.5,0.04605170185988094,4.605170185988092,0.010000000000000004,0.3341885789091388,0.9999999999999999,exponential,131,425.0,425.0,5.0172,0,0.0,1.0,1.0
10000,1.0,0.5,0.04605170185988094,4.605170185988092,0.010000000000000004,0.3341885789091388,0.9999999999999999,exponential,132,445.0,445.0,4.6078,0,0.0,1.0,1.0
10000,1.0,0.5,0.04605170185988094,4.605170185988092,0.010000000000000004,0.3341885789091388,0.9999999999999999,exponential,133,113.0,113.0,4.6801,0,0.0,1.0,1.0
10000,1.0,0.5,0.04605170185988094,4.605170185988092,0.010000000000000004,0.3341885789091388,0.9999999999999999,exponential,134,671.0,671.0,5.055,0,0.0,1.0,1.0
10000,1.0,0.5,0.04605170185988094,4.605170185988092,0.010000000000000004,0.3341885789091388,0.9999999999999999,exponential,135,705.0,705.0,4.5915,0,0.0,1.0,1.0
10000,1.0,0.5,0.04605170185988094,4.605170185988092,0.010000000000000004,0.3341885789091388,0.9999999999999999,exponential,136,505.0,505.0,4.6293,0,0.0,1.0,1.0
10000,1.0,0.5,0.04605170185988094,4.605170185988092,0.010000000000000004,0.3341885789091388,0.9999999999999999,exponential,137,54.0,54.0,4.8518,0,0.0,1.0,1.0
10000,1.0,0.5,0.04605170185988094,4.605170185988092,0.010000000000000004,0.3341885789091388,0.9999999999999999,exponential,138,497.0,497.0,4.5038,0,0.0,1.0,1.0
10000,1.0,0.5,0.04605170185988094,4.605170185988092,0.010000000000000004,0.3341885789091388,0.9999999999999999,exponential,139,71.0,71.0,4.9386,0,0.0,1.0,1.0
10000,1.0,0.5,0.04605170185988094,4.605170185988092,0.010000000000000004,0.3341885789091388,0.9999999999999999,exponential,140,676.0,676.0,4.9108,0,0.0,1.0,1.0
10000,1.0,0.5,0.04605170185988094,4.605170185988092,0.010000000000000004,0.3341885789091388,0.9999999999999999,exponential,141,568.0,568.0,4.5318,0,0.0,1.0,1.0
10000,1.0,0.5,0.04605170185988094,4.605170185988092,0.010000000000000004,0.3341885789091388,0.9999999999999999,exponential,142,652.0,652.0,4.4305997,0,0.0,1.0,1.0
10000,1.0,0.5,0.04605170185988094,4.605170185988092,0.010000000000000004,0.3341885789091388,0.9999999999999999,exponential,143,128.0,128.0,5.0748,0,0.0,1.0,1.0
10000,1.0,0.5,0.04605170185988094,4.605170185988092,0.010000000000000004,0.3341885789091388,0.9999999999999999,exponential,144,91.0,91.0,4.5755997,0,0.0,1.0,1.0
10000,1.0,0.5,0.04605170185988094,4.605170185988092,0.010000000000000004,0.3341885789091388,0.9999999999999999,exponential,145,196.0,196.0,4.8912997,0,0.0,1.0,1.0
10000,1.0,0.5,0.04605170185988094,4.605170185988092,0.010000000000000004,0.3341885789091388,0.9999999999999999,exponential,146,582.0,582.0,4.6264997,0,0.0,1.0,1.0
10000,1.0,0.5,0.04605170185988094,4.605170185988092,0.010000000000000004,0.3341885789091388,0.9999999999999999,exponential,147,248.0,248.0,4.7801,0,0.0,1.0,1.0
10000,1.0,0.5,0.04605170185988094,4.605170185988092,0.010000000000000004,0.3341885789091388,0.9999999999999999,exponential,148,238.0,238.0,4.5790997,0,0.0,1.0,1.0
10000,1.0,0.5,0.04605170185988094,4.605170185988092,0.010000000000000004,0.3341885789091388,0.9999999999999999,exponential,149,100.0,100.0,4.7181997,0,0.0,1.0,1.0
10000,1.0,0.5,0.04605170185988094,4.605170185988092,0.010000000000000004,0.3341885789091388,0.9999999999999999,exponential,150,494.0,494.0,4.7736998,0,0.0,1.0,1.0
10000,1.0,0.5,0.04605170185988094,4.605170185988092,0.010000000000000004,0.3341885789091388,0.9999999999999999,exponential,151,170.0,170.0,4.7911997,0,0.0,1.0,1.0
10000,1.0,0.5,0.04605170185988094,4.605170185988092,0.010000000000000004,0.3341885789091388,0.9999999999999999,exponential,152,126.0,126.0,4.7297,0,0.0,1.0,1.0
10000,1.0,0.5,0.04605170185988094,4.605170185988092,0.010000000000000004,0.3341885789091388,0.9999999999999999,exponential,153,94.0,94.0,4.9431,0,0.0,1.0,1.0
10000,1.0,0.5,0.04605170185988094,4.605170185988092,0.010000000000000004,0.3341885789091388,0.9999999999999999,exponential,154,527.0,527.0,4.7177997,0,0.0,1.0,1.0
10000,1.0,0.5,0.04605170185988094,4.605170185988092,0.010000000000000004,0.3341885789091388,0.9999999999999999,exponential,155,407.0,407.0,4.3613,0,0.0,1.0,1.0
10000,1.0,0.5,0.04605170185988094,4.605170185988092,0.010000000000000004,0.3341885789091388,0.9999999999999999,exponential,156,1018.0,1018.0,4.6194,0,0.0,1.0,1.0
10000,1.0,0.5,0.04605170185988094,4.605170185988092,0.010000000000000004,0.3341885789091388,0.9999999999999999,exponential,157,626.0,626.0,4.5979,0,0.0,1.0,1.0
10000,1.0,0.5,0.04605170185988094,4.605170185988092,0.010000000000000004,0.3341885789091388,0.9999999999999999,exponential,158,760.0,760.0,4.9054,0,0.0,1.0,1.0
10000,1.0,0.5,0.04605170185988094,4.605170185988092,0.010000000000000004,0.3341885789091388,0.9999999999999999,exponential,159,146.0,146.0,4.5143,0,0.0,1.0,1.0
10000,1.0,0.5,0.04605170185988094,4.605170185988092,0.010000000000000004,0.3341885789091388,0.9999999999999999,exponential,160,387.0,387.0,4.8849998,0,0.0,1.0,1.0
10000,1.0,0.5,0.04605170185988094,4.605170185988092,0.010000000000000004,0.3341885789091388,0.9999999999999999,exponential,161,317.0,317.0,4.4909997,0,0.0,1.0,1.0
10000,1.0,0.5,0.04605170185988094,4.605170185988092,0.010000000000000004,0.3341885789091388,0.9999999999999999,exponential,162,362.0,362.0,5.0102,0,0.0,1.0,1.0
10000,1.0,0.5,0.04605170185988094,4.605170185988092,0.010000000000000004,0.3341885789091388,0.9999999999999999,exponential,163,79.0,79.0,4.5527997,0,0.0,1.0,1.0
10000,1.0,0.5,0.04605170185988094,4.605170185988092,0.010000000000000004,0.3341885789091388,0.9999999999999999,exponential,164,116.0,116.0,5.2451997,0,0.0,1.0,1.0
10000,1.0,0.5,0.04605170185988094,4.605170185988092,0.010000000000000004,0.3341885789091388,0.9999999999999999,exponential,165,664.0,664.0,4.9168997,0,0.0,1.0,1.0
10000,1.0,0.5,0.04605170185988094,4.605170185988092,0.010000000000000004,0.3341885789091388,0.9999999999999999,exponential,166,95.0,95.0,4.8092,0,0.0,1.0,1.0
10000,1.0,0.5,0.04605170185988094,4.605170185988092,0.010000000000000004,0.3341885789091388,0.9999999999999999,exponential,167,124.0,124.0,4.4697,0,0.0,1.0,1.0
10000,1.0,0.5,0.04605170185988094,4.605170185988092,0.010000000000000004,0.3341885789091388,0.9999999999999999,exponential,168,353.0,353.0,4.5724,0,0.0,1.0,1.0
10000,1.0,0.5,0.04605170185988094,4.605170185988092,0.010000000000000004,0.3341885789091388,0.9999999999999999,exponential,169,496.0,496.0,4.8499,0,0.0,1.0,1.0
10000,1.0,0.5,0.04605170185988094,4.605170185988092,0.010000000000000004,0.3341885789091388,0.9999999999999999,exponential,170,207.0,207.0,5.0371,0,0.0,1.0,1.0
10000,1.0,0.5,0.04605170185988094,4.605170185988092,0.010000000000000004,0.3341885789091388,0.9999999999999999,exponential,171,212.0,212.0,5.5873,0,0.0,1.0,1.0
10000,1.0,0.5,0.04605170185988094,4.605170185988092,0.010000000000000004,0.3341885789091388,0.9999999999999999,exponential,172,1104.0,1104.0,4.9901,0,0.0,1.0,1.0
10000,1.0,0.5,0.04605170185988094,4.605170185988092,0.010000000000000004,0.3341885789091388,0.9999999999999999,exponential,173,173.0,173.0,4.8876,0,0.0,1.0,1.0
10000,1.0,0.5,0.04605170185988094,4.605170185988092,0.010000000000000004,0.3341885789091388,0.9999999999999999,exponential,174,297.0,297.0,4.7837,0,0.0,1.0,1.0
10000,1.0,0.5,0.04605170185988094,4.605170185988092,0.010000000000000004,0.3341885789091388,0.9999999999999999,exponential,175,151.0,151.0,4.6221,0,0.0,1.0,1.0
10000,1.0,0.5,0.04605170185988094,4.605170185988092,0.010000000000000004,0.3341885789091388,0.9999999999999999,exponential,176,155.0,155.0,5.1622,0,0.0,1.0,1.0
10000,1.0,0.5,0.04605170185988094,4.605170185988092,0.010000000000000004,0.3341885789091388,0.9999999999999999,exponential,177,109.0,109.0,4.5002,0,0.0,1.0,1.0
10000,1.0,0.5,0.04605170185988094,4.605170185988092,0.010000000000000004,0.3341885789091388,0.9999999999999999,exponential,178,339.0,339.0,5.2521,0,0.0,1.0,1.0
10000,1.0,0.5,0.04605170185988094,4.605170185988092,0.010000000000000004,0.3341885789091388,0.9999999999999999,exponential,179,170.0,170.0,4.8278,0,0.0,1.0,1.0
10000,1.0,0.5,0.04605170185988094,4.605170185988092,0.010000000000000004,0.3341885789091388,0.9999999999999999,exponential,180,167.0,167.0,5.1555,0,0.0,1.0,1.0
10000,1.0,0.5,0.04605170185988094,4.605170185988092,0.010000000000000004,0.3341885789091388,0.9999999999999999,exponential,181,469.0,469.0,4.6923,0,0.0,1.0,1.0
10000,1.0,0.5,0.04605170185988094,4.605170185988092,0.010000000000000004,0.3341885789091388,0.9999999999999999,exponential,182,58.0,58.0,4.77,0,0.0,1.0,1.0
10000,1.0,0.5,0.04605170185988094,4.605170185988092,0.010000000000000004,0.3341885789091388,0.9999999999999999,exponential,183,185.0,185.0,4.8608,0,0.0,1.0,1.0
10000,1.0,0.5,0.04605170185988094,4.605170185988092,0.010000000000000004,0.3341885789091388,0.9999999999999999,exponential,184,87.0,87.0,4.9131,0,0.0,1.0,1.0
10000,1.0,0.5,0.04605170185988094,4.605170185988092,0.010000000000000004,0.3341885789091388,0.9999999999999999,exponential,185,29.0,29.0,4.587,0,0.0,1.0,1.0
10000,1.0,0.5,0.04605170185988094,4.605170185988092,0.010000000000000004,0.3341885789091388,0.9999999999999999,exponential,186,336.0,336.0,4.8136997,0,0.0,1.0,1.0
10000,1.0,0.5,0.04605170185988094,4.605170185988092,0.010000000000000004,0.3341885789091388,0.9999999999999999,exponential,187,516.0,516.0,4.5857997,0,0.0,1.0,1.0
10000,1.0,0.5,0.04605170185988094,4.605170185988092,0.010000000000000004,0.3341885789091388,0.9999999999999999,exponential,188,425.0,425.0,4.7124,0,0.0,1.0,1.0
10000,1.0,0.5,0.04605170185988094,4.605170185988092,0.010000000000000004,0.3341885789091388,0.9999999999999999,exponential,189,106.0,106.0,4.6912,0,0.0,1.0,1.0
10000,1.0,0.5,0.04605170185988094,4.605170185988092,0.010000000000000004,0.3341885789091388,0.9999999999999999,exponential,190,1608.0,1608.0,4.3705,0,0.0,1.0,1.0
10000,1.0,0.5,0.04605170185988094,4.605170185988092,0.010000000000000004,0.3341885789091388,0.9999999999999999,exponential,191,152.0,152.0,4.8019,0,0.0,1.0,1.0
10000,1.0,0.5,0.04605170185988094,4.605170185988092,0.010000000000000004,0.3341885789091388,0.9999999999999999,exponential,192,95.0,95.0,4.6801,0,0.0,1.0,1.0
10000,1.0,0.5,0.04605170185988094,4.605170185988092,0.010000000000000004,0.3341885789091388,0.9999999999999999,exponential,193,64.0,64.0,5.0136,0,0.0,1.0,1.0
10000,1.0,0.5,0.04605170185988094,4.605170185988092,0.010000000000000004,0.3341885789091388,0.9999999999999999,exponential,194,170.0,170.0,4.8338,0,0.0,1.0,1.0
10000,1.0,0.5,0.04605170185988094,4.605170185988092,0.010000000000000004,0.3341885789091388,0.9999999999999999,exponential,195,63.0,63.0,4.7646,0,0.0,1.0,1.0
10000,1.0,0.5,0.04605170185988094,4.605170185988092,0.010000000000000004,0.3341885789091388,0.9999999999999999,exponential,196,425.0,425.0,4.5503,0,0.0,1.0,1.0
10000,1.0,0.5,0.04605170185988094,4.605170185988092,0.010000000000000004,0.3341885789091388,0.9999999999999999,exponential,197,703.0,703.0,5.1612,0,0.0,1.0,1.0
10000,1.0,0.5,0.04605170185988094,4.605170185988092,0.010000000000000004,0.3341885789091388,0.9999999999999999,exponential,198,229.0,229.0,5.0564,0,0.0,1.0,1.0
10000,1.0,0.5,0.04605170185988094,4.605170185988092,0.010000000000000004,0.3341885789091388,0.9999999999999999,exponential,199,823.0,823.0,5.1289997,0,0.0,1.0,1.0
10000,1.0,0.5,0.04605170185988094,4.605170185988092,0.010000000000000004,0.3341885789091388,0.9999999999999999,exponential,200,91.0,91.0,4.9867997,0,0.0,1.0,1.0
10000,1.0,0.5,0.04605170185988094,4.605170185988092,0.010000000000000004,0.3341885789091388,0.9999999999999999,exponential,201,370.0,370.0,4.8943,0,0.0,1.0,1.0
10000,1.0,0.5,0.04605170185988094,4.605170185988092,0.010000000000000004,0.3341885789091388,0.9999999999999999,exponential,202,2263.0,2263.0,5.2044,0,0.0,1.0,1.0
10000,1.0,0.5,0.04605170185988094,4.605170185988092,0.010000000000000004,0.3341885789091388,0.9999999999999999,exponential,203,1435.0,1435.0,4.5039997,0,0.0,1.0,1.0
10000,1.0,0.5,0.04605170185988094,4.605170185988092,0.010000000000000004,0.3341885789091388,0.9999999999999999,exponential,204,567.0,567.0,4.2915998,0,0.0,1.0,1.0
10000,1.0,0.5,0.04605170185988094,4.605170185988092,0.010000000000000004,0.3341885789091388,0.9999999999999999,exponential,205,70.0,70.0,4.8033,0,0.0,1.0,1.0
10000,1.0,0.5,0.04605170185988094,4.605170185988092,0.010000000000000004,0.3341885789091388,0.9999999999999999,exponential,206,354.0,354.0,4.6899,0,0.0,1.0,1.0
10000,1.0,0.5,0.04605170185988094,4.605170185988092,0.010000000000000004,0.3341885789091388,0.9999999999999999,exponential,207,94.0,94.0,4.5662,0,0.0,1.0,1.0
10000,1.0,0.5,0.04605170185988094,4.605170185988092,0.010000000000000004,0.3341885789091388,0.9999999999999999,exponential,208,237.0,237.0,5.1277,0,0.0,1.0,1.0
10000,1.0,0.5,0.04605170185988094,4.605170185988092,0.010000000000000004,0.3341885789091388,0.9999999999999999,exponential,209,1017.0,1017.0,5.193,0,0.0,1.0,1.0
10000,1.0,0.5,0.04605170185988094,4.605170185988092,0.010000000000000004,0.3341885789091388,0.9999999999999999,exponential,210,211.0,211.0,4.6948,0,0.0,1.0,1.0
10000,1.0,0.5,0.04605170185988094,4.605170185988092,0.010000000000000004,0.3341885789091388,0.9999999999999999,exponential,211,334.0,334.0,4.5257,0,0.0,1.0,1.0
10000,1.0,0.5,0.04605170185988094,4.605170185988092,0.010000000000000004,0.3341885789091388,0.9999999999999999,exponential,212,418.0,418.0,5.2047997,0,0.0,1.0,1.0
10000,1.0,0.5,0.04605170185988094,4.605170185988092,0.010000000000000004,0.3341885789091388,0.9999999999999999,exponential,213,270.0,270.0,5.1281,0,0.0,1.0,1.0
10000,1.0,0.5,0.04605170185988094,4.605170185988092,0.010000000000000004,0.3341885789091388,0.9999999999999999,exponential,214,902.0,902.0,5.0527997,0,0.0,1.0,1.0
10000,1.0,0.5,0.04605170185988094,4.605170185988092,0.010000000000000004,0.3341885789091388,0.9999999999999999,exponential,215,1209.0,1209.0,4.5127,0,0.0,1.0,1.0
10000,1.0,0.5,0.04605170185988094,4.605170185988092,0.010000000000000004,0.3341885789091388,0.9999999999999999,exponential,216,485.0,485.0,4.871,0,0.0,1.0,1.0
10000,1.0,0.5,0.04605170185988094,4.605170185988092,0.010000000000000004,0.3341885789091388,0.9999999999999999,exponential,217,337.0,337.0,4.9224,0,0.0,1.0,1.0
10000,1.0,0.5,0.04605170185988094,4.605170185988092,0.010000000000000004,0.3341885789091388,0.9999999999999999,exponential,218,1286.0,1286.0,4.7451,0,0.0,1.0,1.0
10000,1.0,0.5,0.04605170185988094,4.605170185988092,0.010000000000000004,0.3341885789091388,0.9999999999999999,exponential,219,1153.0,1153.0,5.2173,0,0.0,1.0,1.0
10000,1.0,0.5,0.04605170185988094,4.605170185988092,0.010000000000000004,0.3341885789091388,0.9999999999999999,exponential,220,134.0,134.0,4.4796,0,0.0,1.0,1.0
10000,1.0,0.5,0.04605170185988094,4.605170185988092,0.010000000000000004,0.3341885789091388,0.9999999999999999,exponential,221,209.0,209.0,5.0071,0,0.0,1.0,1.0
10000,1.0,0.5,0.04605170185988094,4.605170185988092,0.010000000000000004,0.3341885789091388,0.9999999999999999,exponential,222,395.0,395.0,4.5706997,0,0.0,1.0,1.0
10000,1.0,0.5,0.04605170185988094,4.605170185988092,0.010000000000000004,0.3341885789091388,0.9999999999999999,exponential,223,569.0,569.0,4.5438,0,0.0,1.0,1.0
10000,1.0,0.5,0.04605170185988094,4.605170185988092,0.010000000000000004,0.3341885789091388,0.9999999999999999,exponential,224,530.0,530.0,5.3682,0,0.0,1.0,1.0
10000,1.0,0.5,0.04605170185988094,4.605170185988092,0.010000000000000004,0.3341885789091388,0.9999999999999999,exponential,225,148.0,148.0,4.8989997,0,0.0,1.0,1.0
10000,1.0,0.5,0.04605170185988094,4.605170185988092,0.010000000000000004,0.3341885789091388,0.9999999999999999,exponential,226,572.0,572.0,5.0227,0,0.0,1.0,1.0
10000,1.0,0.5,0.04605170185988094,4.605170185988092,0.010000000000000004,0.3341885789091388,0.9999999999999999,exponential,227,82.0,82.0,4.9719,0,0.0,1.0,1.0
10000,1.0,0.5,0.04605170185988094,4.605170185988092,0.010000000000000004,0.3341885789091388,0.9999999999999999,exponential,228,1301.0,1301.0,4.7556,0,0.0,1.0,1.0
10000,1.0,0.5,0.04605170185988094,4.605170185988092,0.010000000000000004,0.3341885789091388,0.9999999999999999,exponential,229,234.0,234.0,4.5546,0,0.0,1.0,1.0
10000,1.0,0.5,0.04605170185988094,4.605170185988092,0.010000000000000004,0.3341885789091388,0.9999999999999999,exponential,230,198.0,198.0,4.5442,0,0.0,1.0,1.0
10000,1.0,0.5,0.04605170185988094,4.605170185988092,0.010000000000000004,0.3341885789091388,0.9999999999999999,exponential,231,107.0,107.0,4.8989,0,0.0,1.0,1.0
10000,1.0,0.5,0.04605170185988094,4.605170185988092,0.010000000000000004,0.3341885789091388,0.9999999999999999,exponential,232,417.0,417.0,4.9817,0,0.0,1.0,1.0
10000,1.0,0.5,0.04605170185988094,4.605170185988092,0.010000000000000004,0.3341885789091388,0.9999999999999999,exponential,233,517.0,517.0,4.9035997,0,0.0,1.0,1.0
10000,1.0,0.5,0.04605170185988094,4.605170185988092,0.010000000000000004,0.3341885789091388,0.9999999999999999,exponential,234,63.0,63.0,4.7861,0,0.0,1.0,1.0
10000,1.0,0.5,0.04605170185988094,4.605170185988092,0.010000000000000004,0.3341885789091388,0.9999999999999999,exponential,235,262.0,262.0,4.6342,0,0.0,1.0,1.0
10000,1.0,0.5,0.04605170185988094,4.605170185988092,0.010000000000000004,0.3341885789091388,0.9999999999999999,exponential,236,194.0,194.0,5.3589997,0,0.0,1.0,1.0
10000,1.0,0.5,0.04605170185988094,4.605170185988092,0.010000000000000004,0.3341885789091388,0.9999999999999999,exponential,237,744.0,744.0,5.0710998,0,0.0,1.0,1.0
10000,1.0,0.5,0.04605170185988094,4.605170185988092,0.010000000000000004,0.3341885789091388,0.9999999999999999,exponential,238,312.0,312.0,4.393,0,0.0,1.0,1.0
10000,1.0,0.5,0.04605170185988094,4.605170185988092,0.010000000000000004,0.3341885789091388,0.9999999999999999,exponential,239,736.0,736.0,5.1784,0,0.0,1.0,1.0
10000,1.0,0.5,0.04605170185988094,4.605170185988092,0.010000000000000004,0.3341885789091388,0.9999999999999999,exponential,240,54.0,54.0,4.6661997,0,0.0,1.0,1.0
10000,1.0,0.5,0.04605170185988094,4.605170185988092,0.010000000000000004,0.3341885789091388,0.9999999999999999,exponential,241,524.0,524.0,4.9381,0,0.0,1.0,1.0
10000,1.0,0.5,0.04605170185988094,4.605170185988092,0.010000000000000004,0.3341885789091388,0.9999999999999999,exponential,242,726.0,726.0,4.7584,0,0.0,1.0,1.0
10000,1.0,0.5,0.04605170185988094,4.605170185988092,0.010000000000000004,0.3341885789091388,0.9999999999999999,exponential,243,315.0,315.0,5.0564,0,0.0,1.0,1.0
10000,1.0,0.5,0.04605170185988094,4.605170185988092,0.010000000000000004,0.3341885789091388,0.9999999999999999,exponential,244,950.0,950.0,4.5634,0,0.0,1.0,1.0
10000,1.0,0.5,0.04605170185988094,4.605170185988092,0.010000000000000004,0.3341885789091388,0.9999999999999999,exponential,245,149.0,149.0,4.9463997,0,0.0,1.0,1.0
10000,1.0,0.5,0.04605170185988094,4.605170185988092,0.010000000000000004,0.3341885789091388,0.9999999999999999,exponential,246,629.0,629.0,4.3750997,0,0.0,1.0,1.0
10000,1.0,0.5,0.04605170185988094,4.605170185988092,0.010000000000000004,0.3341885789091388,0.9999999999999999,exponential,247,1376.0,1376.0,4.6856,0,0.0,1.0,1.0
10000,1.0,0.5,0.04605170185988094,4.605170185988092,0.010000000000000004,0.3341885789091388,0.9999999999999999,exponential,248,248.0,248.0,5.1514,0,0.0,1.0,1.0
10000,1.0,0.5,0.04605170185988094,4.605170185988092,0.010000000000000004,0.3341885789091388,0.9999999999999999,exponential,249,521.0,521.0,4.6243,0,0.0,1.0,1.0
10000,1.0,0.5,0.04605170185988094,4.605170185988092,0.010000000000000004,0.3341885789091388,0.9999999999999999,exponential,250,459.0,459.0,4.6391997,0,0.0,1.0,1.0
10000,1.0,0.5,0.04605170185988094,4.605170185988092,0.010000000000000004,0.3341885789091388,0.9999999999999999,exponential,251,238.0,238.0,5.0038,0,0.0,1.0,1.0
10000,1.0,0.5,0.04605170185988094,4.605170185988092,0.010000000000000004,0.3341885789091388,0.9999999999999999,exponential,252,188.0,188.0,4.9818997,0,0.0,1.0,1.0
10000,1.0,0.5,0.04605170185988094,4.605170185988092,0.010000000000000004,0.3341885789091388,0.9999999999999999,exponential,253,50.0,50.0,4.8417997,0,0.0,1.0,1.0
10000,1.0,0.5,0.04605170185988094,4.605170185988092,0.010000000000000004,0.3341885789091388,0.9999999999999999,exponential,254,67.0,67.0,4.9224997,0,0.0,1.0,1.0
10000,1.0,0.5,0.04605170185988094,4.605170185988092,0.010000000000000004,0.3341885789091388,0.9999999999999999,exponential,255,326.0,326.0,4.6197,0,0.0,1.0,1.0
10000,1.0,0.5,0.04605170185988094,4.605170185988092,0.010000000000000004,0.3341885789091388,0.9999999999999999,exponential,256,131.0,131.0,5.0811,0,0.0,1.0,1.0
10000,1.0,0.5,0.04605170185988094,4.605170185988092,0.010000000000000004,0.3341885789091388,0.9999999999999999,exponential,257,922.0,922.0,5.1768,0,0.0,1.0,1.0
10000,1.0,0.5,0.04605170185988094,4.605170185988092,0.010000000000000004,0.3341885789091388,0.9999999999999999,exponential,258,142.0,142.0,4.6452,0,0.0,1.0,1.0
10000,1.0,0.5,0.04605170185988094,4.605170185988092,0.010000000000000004,0.3341885789091388,0.9999999999999999,exponential,259,620.0,620.0,4.9305,0,0.0,1.0,1.0
10000,1.0,0.5,0.04605170185988094,4.605170185988092,0.010000000000000004,0.3341885789091388,0.9999999999999999,exponential,260,801.0,801.0,4.755,0,0.0,1.0,1.0
10000,1.0,0.5,0.04605170185988094,4.605170185988092,0.010000000000000004,0.3341885789091388,0.9999999999999999,exponential,261,147.0,147.0,4.4814997,0,0.0,1.0,1.0
10000,1.0,0.5,0.04605170185988094,4.605170185988092,0.010000000000000004,0.3341885789091388,0.9999999999999999,exponential,262,564.0,564.0,4.7964,0,0.0,1.0,1.0
10000,1.0,0.5,0.04605170185988094,4.605170185988092,0.010000000000000004,0.3341885789091388,0.9999999999999999,exponential,263,882.0,882.0,4.3099,0,0.0,1.0,1.0
10000,1.0,0.5,0.04605170185988094,4.605170185988092,0.010000000000000004,0.3341885789091388,0.9999999999999999,exponential,264,49.0,49.0,4.6211,0,0.0,1.0,1.0
10000,1.0,0.5,0.04605170185988094,4.605170185988092,0.010000000000000004,0.3341885789091388,0.9999999999999999,exponential,265,156.0,156.0,5.2893,0,0.0,1.0,1.0
10000,1.0,0.5,0.04605170185988094,4.605170185988092,0.010000000000000004,0.3341885789091388,0.9999999999999999,exponential,266,1477.0,1477.0,4.9136,0,0.0,1.0,1.0
10000,1.0,0.5,0.04605170185988094,4.605170185988092,0.010000000000000004,0.3341885789091388,0.9999999999999999,exponential,267,152.0,152.0,4.8518,0,0.0,1.0,1.0
10000,1.0,0.5,0.04605170185988094,4.605170185988092,0.010000000000000004,0.3341885789091388,0.9999999999999999,exponential,268,1736.0,1736.0,4.956,0,0.0,1.0,1.0
10000,1.0,0.5,0.04605170185988094,4.605170185988092,0.010000000000000004,0.3341885789091388,0.9999999999999999,exponential,269,78.0,78.0,4.9686,0,0.0,1.0,1.0
10000,1.0,0.5,0.04605170185988094,4.605170185988092,0.010000000000000004,0.3341885789091388,0.9999999999999999,exponential,270,657.0,657.0,4.7163997,0,0.0,1.0,1.0
10000,1.0,0.5,0.04605170185988094,4.605170185988092,0.010000000000000004,0.3341885789091388,0.9999999999999999,exponential,271,169.0,169.0,4.4701,0,0.0,1.0,1.0
10000,1.0,0.5,0.04605170185988094,4.605170185988092,0.010000000000000004,0.3341885789091388,0.9999999999999999,exponential,272,125.0,125.0,4.6180997,0,0.0,1.0,1.0
10000,1.0,0.5,0.04605170185988094,4.605170185988092,0.010000000000000004,0.3341885789091388,0.9999999999999999,exponential,273,70.0,70.0,4.7142,0,0.0,1.0,1.0
10000,1.0,0.5,0.04605170185988094,4.605170185988092,0.010000000000000004,0.3341885789091388,0.9999999999999999,exponential,274,250.0,250.0,4.8796997,0,0.0,1.0,1.0
10000,1.0,0.5,0.04605170185988094,4.605170185988092,0.010000000000000004,0.3341885789091388,0.9999999999999999,exponential,275,234.0,234.0,5.3715,0,0.0,1.0,1.0
10000,1.0,0.5,0.04605170185988094,4.605170185988092,0.010000000000000004,0.3341885789091388,0.9999999999999999,exponential,276,407.0,407.0,5.0353,0,0.0,1.0,1.0
10000,1.0,0.5,0.04605170185988094,4.605170185988092,0.010000000000000004,0.3341885789091388,0.9999999999999999,exponential,277,168.0,168.0,4.7846,0,0.0,1.0,1.0
10000,1.0,0.5,0.04605170185988094,4.605170185988092,0.010000000000000004,0.3341885789091388,0.9999999999999999,exponential,278,296.0,296.0,5.1783,0,0.0,1.0,1.0
10000,1.0,0.5,0.04605170185988094,4.605170185988092,0.010000000000000004,0.3341885789091388,0.9999999999999999,exponential,279,132.0,132.0,4.7749,0,0.0,1.0,1.0
10000,1.0,0.5,0.04605170185988094,4.605170185988092,0.010000000000000004,0.3341885789091388,0.9999999999999999,exponential,280,156.0,156.0,4.7395997,0,0.0,1.0,1.0
10000,1.0,0.5,0.04605170185988094,4.605170185988092,0.010000000000000004,0.3341885789091388,0.9999999999999999,exponential,281,457.0,457.0,5.0808997,0,0.0,1.0,1.0
10000,1.0,0.5,0.04605170185988094,4.605170185988092,0.010000000000000004,0.3341885789091388,0.9999999999999999,exponential,282,356.0,356.0,4.4961,0,0.0,1.0,1.0
10000,1.0,0.5,0.04605170185988094,4.605170185988092,0.010000000000000004,0.3341885789091388,0.9999999999999999,exponential,283,386.0,386.0,4.9289,0,0.0,1.0,1.0
10000,1.0,0.5,0.04605170185988094,4.605170185988092,0.010000000000000004,0.3341885789091388,0.9999999999999999,exponential,284,130.0,130.0,4.5383,0,0.0,1.0,1.0
10000,1.0,0.5,0.04605170185988094,4.605170185988092,0.010000000000000004,0.3341885789091388,0.9999999999999999,exponential,285,317.0,317.0,4.8051,0,0.0,1.0,1.0
10000,1.0,0.5,0.04605170185988094,4.605170185988092,0.010000000000000004,0.3341885789091388,0.9999999999999999,exponential,286,168.0,168.0,4.5635,0,0.0,1.0,1.0
10000,1.0,0.5,0.04605170185988094,4.605170185988092,0.010000000000000004,0.3341885789091388,0.9999999999999999,exponential,287,156.0,156.0,5.0889997,0,0.0,1.0,1.0
10000,1.0,0.5,0.04605170185988094,4.605170185988092,0.010000000000000004,0.3341885789091388,0.9999999999999999,exponential,288,462.0,462.0,5.5702,0,0.0,1.0,1.0
10000,1.0,0.5,0.04605170185988094,4.605170185988092,0.010000000000000004,0.3341885789091388,0.9999999999999999,exponential,289,120.0,120.0,4.9297,0,0.0,1.0,1.0
10000,1.0,0.5,0.04605170185988094,4.605170185988092,0.010000000000000004,0.3341885789091388,0.9999999999999999,exponential,290,1373.0,1373.0,4.8005,0,0.0,1.0,1.0
10000,1.0,0.5,0.04605170185988094,4.605170185988092,0.010000000000000004,0.3341885789091388,0.9999999999999999,exponential,291,412.0,412.0,4.6468,0,0.0,1.0,1.0
10000,1.0,0.5,0.04605170185988094,4.605170185988092,0.010000000000000004,0.3341885789091388,0.9999999999999999,exponential,292,616.0,616.0,4.2602997,0,0.0,1.0,1.0
10000,1.0,0.5,0.04605170185988094,4.605170185988092,0.010000000000000004,0.3341885789091388,0.9999999999999999,exponential,293,383.0,383.0,4.3684,0,0.0,1.0,1.0
10000,1.0,0.5,0.04605170185988094,4.605170185988092,0.010000000000000004,0.3341885789091388,0.9999999999999999,exponential,294,2665.0,2665.0,4.8789,0,0.0,1.0,1.0
10000,1.0,0.5,0.04605170185988094,4.605170185988092,0.010000000000000004,0.3341885789091388,0.9999999999999999,exponential,295,152.0,152.0,4.6513,0,0.0,1.0,1.0
10000,1.0,0.5,0.04605170185988094,4.605170185988092,0.010000000000000004,0.3341885789091388,0.9999999999999999,exponential,296,671.0,671.0,4.9251,0,0.0,1.0,1.0
10000,1.0,0.5,0.04605170185988094,4.605170185988092,0.010000000000000004,0.3341885789091388,0.9999999999999999,exponential,297,92.0,92.0,4.5787,0,0.0,1.0,1.0
10000,1.0,0.5,0.04605170185988094,4.605170185988092,0.010000000000000004,0.3341885789091388,0.9999999999999999,exponential,298,1351.0,1351.0,4.7198997,0,0.0,1.0,1.0
10000,1.0,0.5,0.04605170185988094,4.605170185988092,0.010000000000000004,0.3341885789091388,0.9999999999999999,exponential,299,508.0,508.0,4.9079,0,0.0,1.0,1.0
10000,1.0,0.5,0.04605170185988094,4.605170185988092,0.010000000000000004,0.3341885789091388,0.9999999999999999,exponential,300,157.0,157.0,4.7811,0,0.0,1.0,1.0
10000,1.0,0.5,0.04605170185988094,4.605170185988092,0.010000000000000004,0.3341885789091388,0.9999999999999999,exponential,301,152.0,152.0,4.5546,0,0.0,1.0,1.0
10000,1.0,0.5,0.04605170185988094,4.605170185988092,0.010000000000000004,0.3341885789091388,0.9999999999999999,exponential,302,191.0,191.0,4.3715,0,0.0,1.0,1.0
10000,1.0,0.5,0.04605170185988094,4.605170185988092,0.010000000000000004,0.3341885789091388,0.9999999999999999,exponential,303,1106.0,1106.0,5.0319,0,0.0,1.0,1.0
10000,1.0,0.5,0.04605170185988094,4.605170185988092,0.010000000000000004,0.3341885789091388,0.9999999999999999,exponential,304,37.0,37.0,4.7674,0,0.0,1.0,1.0
10000,1.0,0.5,0.04605170185988094,4.605170185988092,0.010000000000000004,0.3341885789091388,0.9999999999999999,exponential,305,56.0,56.0,4.6587,0,0.0,1.0,1.0
10000,1.0,0.5,0.04605170185988094,4.605170185988092,0.010000000000000004,0.3341885789091388,0.9999999999999999,exponential,306,763.0,763.0,4.5415,0,0.0,1.0,1.0
10000,1.0,0.5,0.04605170185988094,4.605170185988092,0.010000000000000004,0.3341885789091388,0.9999999999999999,exponential,307,166.0,166.0,5.0406,0,0.0,1.0,1.0
10000,1.0,0.5,0.04605170185988094,4.605170185988092,0.010000000000000004,0.3341885789091388,0.9999999999999999,exponential,308,79.0,79.0,4.9825997,0,0.0,1.0,1.0
10000,1.0,0.5,0.04605170185988094,4.605170185988092,0.010000000000000004,0.3341885789091388,0.9999999999999999,exponential,309,190.0,190.0,4.7402997,0,0.0,1.0,1.0
10000,1.0,0.5,0.04605170185988094,4.605170185988092,0.010000000000000004,0.3341885789091388,0.9999999999999999,exponential,310,215.0,215.0,4.8518,0,0.0,1.0,1.0
10000,1.0,0.5,0.04605170185988094,4.605170185988092,0.010000000000000004,0.3341885789091388,0.9999999999999999,exponential,311,466.0,466.0,4.8794,0,0.0,1.0,1.0
10000,1.0,0.5,0.04605170185988094,4.605170185988092,0.010000000000000004,0.3341885789091388,0.9999999999999999,exponential,312,482.0,482.0,5.1003,0,0.0,1.0,1.0
10000,1.0,0.5,0.04605170185988094,4.605170185988092,0.010000000000000004,0.3341885789091388,0.9999999999999999,exponential,313,185.0,185.0,4.7051997,0,0.0,1.0,1.0
10000,1.0,0.5,0.04605170185988094,4.605170185988092,0.010000000000000004,0.3341885789091388,0.9999999999999999,exponential,314,251.0,251.0,4.7848,0,0.0,1.0,1.0
10000,1.0,0.5,0.04605170185988094,4.605170185988092,0.010000000000000004,0.3341885789091388,0.9999999999999999,exponential,315,576.0,576.0,4.7049,0,0.0,1.0,1.0
10000,1.0,0.5,0.04605170185988094,4.605170185988092,0.010000000000000004,0.3341885789091388,0.9999999999999999,exponential,316,315.0,315.0,4.6092,0,0.0,1.0,1.0
10000,1.0,0.5,0.04605170185988094,4.605170185988092,0.010000000000000004,0.3341885789091388,0.9999999999999999,exponential,317,109.0,109.0,5.0766,0,0.0,1.0,1.0
10000,1.0,0.5,0.04605170185988094,4.605170185988092,0.010000000000000004,0.3341885789091388,0.9999999999999999,exponential,318,658.0,658.0,4.8255,0,0.0,1.0,1.0
10000,1.0,0.5,0.04605170185988094,4.605170185988092,0.010000000000000004,0.3341885789091388,0.9999999999999999,exponential,319,921.0,921.0,5.0046997,0,0.0,1.0,1.0
10000,1.0,0.5,0.04605170185988094,4.605170185988092,0.010000000000000004,0.3341885789091388,0.9999999999999999,exponential,320,1620.0,1620.0,5.1900997,0,0.0,1.0,1.0
10000,1.0,0.5,0.04605170185988094,4.605170185988092,0.010000000000000004,0.3341885789091388,0.9999999999999999,exponential,321,358.0,358.0,5.6259,0,0.0,1.0,1.0
10000,1.0,0.5,0.04605170185988094,4.605170185988092,0.010000000000000004,0.3341885789091388,0.9999999999999999,exponential,322,126.0,126.0,4.8073997,0,0.0,1.0,1.0
10000,1.0,0.5,0.04605170185988094,4.605170185988092,0.010000000000000004,0.3341885789091388,0.9999999999999999,exponential,323,688.0,688.0,4.5843997,0,0.0,1.0,1.0
10000,1.0,0.5,0.04605170185988094,4.605170185988092,0.010000000000000004,0.3341885789091388,0.9999999999999999,exponential,324,104.0,104.0,4.8592997,0,0.0,1.0,1.0
10000,1.0,0.5,0.04605170185988094,4.605170185988092,0.010000000000000004,0.3341885789091388,0.9999999999999999,exponential,325,184.0,184.0,4.488,0,0.0,1.0,1.0
10000,1.0,0.5,0.04605170185988094,4.605170185988092,0.010000000000000004,0.3341885789091388,0.9999999999999999,exponential,326,78.0,78.0,5.0169997,0,0.0,1.0,1.0
10000,1.0,0.5,0.04605170185988094,4.605170185988092,0.010000000000000004,0.3341885789091388,0.9999999999999999,exponential,327,742.0,742.0,4.5895,0,0.0,1.0,1.0
10000,1.0,0.5,0.04605170185988094,4.605170185988092,0.010000000000000004,0.3341885789091388,0.9999999999999999,exponential,328,100.0,100.0,5.1478,0,0.0,1.0,1.0
10000,1.0,0.5,0.04605170185988094,4.605170185988092,0.010000000000000004,0.3341885789091388,0.9999999999999999,exponential,329,215.0,215.0,4.3458,0,0.0,1.0,1.0
10000,1.0,0.5,0.04605170185988094,4.605170185988092,0.010000000000000004,0.3341885789091388,0.9999999999999999,exponential,330,268.0,268.0,4.5999,0,0.0,1.0,1.0
10000,1.0,0.5,0.04605170185988094,4.605170185988092,0.010000000000000004,0.3341885789091388,0.9999999999999999,exponential,331,1597.0,1597.0,4.5227,0,0.0,1.0,1.0
10000,1.0,0.5,0.04605170185988094,4.605170185988092,0.010000000000000004,0.3341885789091388,0.9999999999999999,exponential,332,1094.0,1094.0,4.6665,0,0.0,1.0,1.0
10000,1.0,0.5,0.04605170185988094,4.605170185988092,0.010000000000000004,0.3341885789091388,0.9999999999999999,exponential,333,1503.0,1503.0,4.4024,0,0.0,1.0,1.0
10000,1.0,0.5,0.04605170185988094,4.605170185988092,0.010000000000000004,0.3341885789091388,0.9999999999999999,exponential,334,501.0,501.0,4.752,0,0.0,1.0,1.0
10000,1.0,0.5,0.04605170185988094,4.605170185988092,0.010000000000000004,0.3341885789091388,0.9999999999999999,exponential,335,294.0,294.0,4.6631,0,0.0,1.0,1.0
10000,1.0,0.5,0.04605170185988094,4.605170185988092,0.010000000000000004,0.3341885789091388,0.9999999999999999,exponential,336,211.0,211.0,4.8903,0,0.0,1.0,1.0
10000,1.0,0.5,0.04605170185988094,4.605170185988092,0.010000000000000004,0.3341885789091388,0.9999999999999999,exponential,337,34.0,34.0,4.6452,0,0.0,1.0,1.0
10000,1.0,0.5,0.04605170185988094,4.605170185988092,0.010000000000000004,0.3341885789091388,0.9999999999999999,exponential,338,763.0,763.0,4.8044,0,0.0,1.0,1.0
10000,1.0,0.5,0.04605170185988094,4.605170185988092,0.010000000000000004,0.3341885789091388,0.9999999999999999,exponential,339,91.0,91.0,4.5368,0,0.0,1.0,1.0
10000,1.0,0.5,0.04605170185988094,4.605170185988092,0.010000000000000004,0.3341885789091388,0.9999999999999999,exponential,340,208.0,208.0,4.4212,0,0.0,1.0,1.0
10000,1.0,0.5,0.04605170185988094,4.605170185988092,0.010000000000000004,0.3341885789091388,0.9999999999999999,exponential,341,543.0,543.0,4.5234,0,0.0,1.0,1.0
10000,1.0,0.5,0.04605170185988094,4.605170185988092,0.010000000000000004,0.3341885789091388,0.9999999999999999,exponential,342,73.0,73.0,4.7959,0,0.0,1.0,1.0
10000,1.0,0.5,0.04605170185988094,4.605170185988092,0.010000000000000004,0.3341885789091388,0.9999999999999999,exponential,343,141.0,141.0,5.0376997,0,0.0,1.0,1.0
10000,1.0,0.5,0.04605170185988094,4.605170185988092,0.010000000000000004,0.3341885789091388,0.9999999999999999,exponential,344,89.0,89.0,4.7286997,0,0.0,1.0,1.0
10000,1.0,0.5,0.04605170185988094,4.605170185988092,0.010000000000000004,0.3341885789091388,0.9999999999999999,exponential,345,61.0,61.0,4.8248997,0,0.0,1.0,1.0
10000,1.0,0.5,0.04605170185988094,4.605170185988092,0.010000000000000004,0.3341885789091388,0.9999999999999999,exponential,346,235.0,235.0,4.719,0,0.0,1.0,1.0
10000,1.0,0.5,0.04605170185988094,4.605170185988092,0.010000000000000004,0.3341885789091388,0.9999999999999999,exponential,347,532.0,532.0,4.7997,0,0.0,1.0,1.0
10000,1.0,0.5,0.04605170185988094,4.605170185988092,0.010000000000000004,0.3341885789091388,0.9999999999999999,exponential,348,164.0,164.0,5.1289997,0,0.0,1.0,1.0
10000,1.0,0.5,0.04605170185988094,4.605170185988092,0.010000000000000004,0.3341885789091388,0.9999999999999999,exponential,349,62.0,62.0,4.5733,0,0.0,1.0,1.0
10000,1.0,0.5,0.04605170185988094,4.605170185988092,0.010000000000000004,0.3341885789091388,0.9999999999999999,exponential,350,112.0,112.0,4.7882,0,0.0,1.0,1.0
10000,1.0,0.5,0.04605170185988094,4.605170185988092,0.010000000000000004,0.3341885789091388,0.9999999999999999,exponential,351,758.0,758.0,4.9723,0,0.0,1.0,1.0
10000,1.0,0.5,0.04605170185988094,4.605170185988092,0.010000000000000004,0.3341885789091388,0.9999999999999999,exponential,352,614.0,614.0,4.946,0,0.0,1.0,1.0
10000,1.0,0.5,0.04605170185988094,4.605170185988092,0.010000000000000004,0.3341885789091388,0.9999999999999999,exponential,353,699.0,699.0,4.9644,0,0.0,1.0,1.0
10000,1.0,0.5,0.04605170185988094,4.605170185988092,0.010000000000000004,0.3341885789091388,0.9999999999999999,exponential,354,276.0,276.0,4.6547,0,0.0,1.0,1.0
10000,1.0,0.5,0.04605170185988094,4.605170185988092,0.010000000000000004,0.3341885789091388,0.9999999999999999,exponential,355,101.0,101.0,4.6573997,0,0.0,1.0,1.0
10000,1.0,0.5,0.04605170185988094,4.605170185988092,0.010000000000000004,0.3341885789091388,0.9999999999999999,exponential,356,171.0,171.0,4.9192,0,0.0,1.0,1.0
10000,1.0,0.5,0.04605170185988094,4.605170185988092,0.010000000000000004,0.3341885789091388,0.9999999999999999,exponential,357,272.0,272.0,4.987,0,0.0,1.0,1.0
10000,1.0,0.5,0.04605170185988094,4.605170185988092,0.010000000000000004,0.3341885789091388,0.9999999999999999,exponential,358,98.0,98.0,4.6577,0,0.0,1.0,1.0
10000,1.0,0.5,0.04605170185988094,4.605170185988092,0.010000000000000004,0.3341885789091388,0.9999999999999999,exponential,359,306.0,306.0,5.1166,0,0.0,1.0,1.0
10000,1.0,0.5,0.04605170185988094,4.605170185988092,0.010000000000000004,0.3341885789091388,0.9999999999999999,exponential,360,770.0,770.0,4.566,0,0.0,1.0,1.0
10000,1.0,0.5,0.04605170185988094,4.605170185988092,0.010000000000000004,0.3341885789091388,0.9999999999999999,exponential,361,669.0,669.0,4.8904,0,0.0,1.0,1.0
10000,1.0,0.5,0.04605170185988094,4.605170185988092,0.010000000000000004,0.3341885789091388,0.9999999999999999,exponential,362,245.0,245.0,4.7156,0,0.0,1.0,1.0
10000,1.0,0.5,0.04605170185988094,4.605170185988092,0.010000000000000004,0.3341885789091388,0.9999999999999999,exponential,363,178.0,178.0,4.8438,0,0.0,1.0,1.0
10000,1.0,0.5,0.04605170185988094,4.605170185988092,0.010000000000000004,0.3341885789091388,0.9999999999999999,exponential,364,73.0,73.0,4.5513997,0,0.0,1.0,1.0
10000,1.0,0.5,0.04605170185988094,4.605170185988092,0.010000000000000004,0.3341885789091388,0.9999999999999999,exponential,365,545.0,545.0,4.6685,0,0.0,1.0,1.0
10000,1.0,0.5,0.04605170185988094,4.605170185988092,0.010000000000000004,0.3341885789091388,0.9999999999999999,exponential,366,184.0,184.0,4.5892997,0,0.0,1.0,1.0
10000,1.0,0.5,0.04605170185988094,4.605170185988092,0.010000000000000004,0.3341885789091388,0.9999999999999999,exponential,367,597.0,597.0,4.6849,0,0.0,1.0,1.0
10000,1.0,0.5,0.04605170185988094,4.605170185988092,0.010000000000000004,0.3341885789091388,0.9999999999999999,exponential,368,632.0,632.0,4.584,0,0.0,1.0,1.0
10000,1.0,0.5,0.04605170185988094,4.605170185988092,0.010000000000000004,0.3341885789091388,0.9999999999999999,exponential,369,962.0,962.0,4.468,0,0.0,1.0,1.0
10000,1.0,0.5,0.04605170185988094,4.605170185988092,0.010000000000000004,0.3341885789091388,0.9999999999999999,exponential,370,877.0,877.0,5.0794,0,0.0,1.0,1.0
10000,1.0,0.5,0.04605170185988094,4.605170185988092,0.010000000000000004,0.3341885789091388,0.9999999999999999,exponential,371,230.0,230.0,4.8231,0,0.0,1.0,1.0
10000,1.0,0.5,0.04605170185988094,4.605170185988092,0.010000000000000004,0.3341885789091388,0.9999999999999999,exponential,372,266.0,266.0,4.4508,0,0.0,1.0,1.0
10000,1.0,0.5,0.04605170185988094,4.605170185988092,0.010000000000000004,0.3341885789091388,0.9999999999999999,exponential,373,183.0,183.0,4.7943,0,0.0,1.0,1.0
10000,1.0,0.5,0.04605170185988094,4.605170185988092,0.010000000000000004,0.3341885789091388,0.9999999999999999,exponential,374,1053.0,1053.0,4.3779,0,0.0,1.0,1.0
10000,1.0,0.5,0.04605170185988094,4.605170185988092,0.010000000000000004,0.3341885789091388,0.9999999999999999,exponential,375,628.0,628.0,5.0432997,0,0.0,1.0,1.0
10000,1.0,0.5,0.04605170185988094,4.605170185988092,0.010000000000000004,0.3341885789091388,0.9999999999999999,exponential,376,1131.0,1131.0,4.4593997,0,0.0,1.0,1.0
10000,1.0,0.5,0.04605170185988094,4.605170185988092,0.010000000000000004,0.3341885789091388,0.9999999999999999,exponential,377,175.0,175.0,4.4477997,0,0.0,1.0,1.0
10000,1.0,0.5,0.04605170185988094,4.605170185988092,0.010000000000000004,0.3341885789091388,0.9999999999999999,exponential,378,293.0,293.0,4.4786,0,0.0,1.0,1.0
10000,1.0,0.5,0.04605170185988094,4.605170185988092,0.010000000000000004,0.3341885789091388,0.9999999999999999,exponential,379,667.0,667.0,4.7155,0,0.0,1.0,1.0
10000,1.0,0.5,0.04605170185988094,4.605170185988092,0.010000000000000004,0.3341885789091388,0.9999999999999999,exponential,380,108.0,108.0,4.413,0,0.0,1.0,1.0
10000,1.0,0.5,0.04605170185988094,4.605170185988092,0.010000000000000004,0.3341885789091388,0.9999999999999999,exponential,381,164.0,164.0,4.9123,0,0.0,1.0,1.0
10000,1.0,0.5,0.04605170185988094,4.605170185988092,0.010000000000000004,0.3341885789091388,0.9999999999999999,exponential,382,116.0,116.0,4.9821,0,0.0,1.0,1.0
10000,1.0,0.5,0.04605170185988094,4.605170185988092,0.010000000000000004,0.3341885789091388,0.9999999999999999,exponential,383,120.0,120.0,4.9087,0,0.0,1.0,1.0
10000,1.0,0.5,0.04605170185988094,4.605170185988092,0.010000000000000004,0.3341885789091388,0.9999999999999999,exponential,384,623.0,623.0,4.2609,0,0.0,1.0,1.0
10000,1.0,0.5,0.04605170185988094,4.605170185988092,0.010000000000000004,0.3341885789091388,0.9999999999999999,exponential,385,219.0,219.0,4.7513,0,0.0,1.0,1.0
10000,1.0,0.5,0.04605170185988094,4.605170185988092,0.010000000000000004,0.3341885789091388,0.9999999999999999,exponential,386,991.0,991.0,4.4042,0,0.0,1.0,1.0
10000,1.0,0.5,0.04605170185988094,4.605170185988092,0.010000000000000004,0.3341885789091388,0.9999999999999999,exponential,387,54.0,54.0,4.802,0,0.0,1.0,1.0
10000,1.0,0.5,0.04605170185988094,4.605170185988092,0.010000000000000004,0.3341885789091388,0.9999999999999999,exponential,388,215.0,215.0,4.7448997,0,0.0,1.0,1.0
10000,1.0,0.5,0.04605170185988094,4.605170185988092,0.010000000000000004,0.3341885789091388,0.9999999999999999,exponential,389,123.0,123.0,4.9133997,0,0.0,1.0,1.0
10000,1.0,0.5,0.04605170185988094,4.605170185988092,0.010000000000000004,0.3341885789091388,0.9999999999999999,exponential,390,145.0,145.0,4.4037,0,0.0,1.0,1.0
10000,1.0,0.5,0.04605170185988094,4.605170185988092,0.010000000000000004,0.3341885789091388,0.9999999999999999,exponential,391,274.0,274.0,5.0607,0,0.0,1.0,1.0
10000,1.0,0.5,0.04605170185988094,4.605170185988092,0.010000000000000004,0.3341885789091388,0.9999999999999999,exponential,392,424.0,424.0,4.8374,0,0.0,1.0,1.0
10000,1.0,0.5,0.04605170185988094,4.605170185988092,0.010000000000000004,0.3341885789091388,0.9999999999999999,exponential,393,186.0,186.0,5.2117,0,0.0,1.0,1.0
10000,1.0,0.5,0.04605170185988094,4.605170185988092,0.010000000000000004,0.3341885789091388,0.9999999999999999,exponential,394,445.0,445.0,4.7809,0,0.0,1.0,1.0
10000,1.0,0.5,0.04605170185988094,4.605170185988092,0.010000000000000004,0.3341885789091388,0.9999999999999999,exponential,395,417.0,417.0,4.6256,0,0.0,1.0,1.0
10000,1.0,0.5,0.04605170185988094,4.605170185988092,0.010000000000000004,0.3341885789091388,0.9999999999999999,exponential,396,419.0,419.0,4.8671,0,0.0,1.0,1.0
10000,1.0,0.5,0.04605170185988094,4.605170185988092,0.010000000000000004,0.3341885789091388,0.9999999999999999,exponential,397,80.0,80.0,4.7861,0,0.0,1.0,1.0
10000,1.0,0.5,0.04605170185988094,4.605170185988092,0.010000000000000004,0.3341885789091388,0.9999999999999999,exponential,398,294.0,294.0,4.891,0,0.0,1.0,1.0
10000,1.0,0.5,0.04605170185988094,4.605170185988092,0.010000000000000004,0.3341885789091388,0.9999999999999999,exponential,399,478.0,478.0,5.3220997,0,0.0,1.0,1.0
10000,1.0,0.5,0.04605170185988094,4.605170185988092,0.010000000000000004,0.3341885789091388,0.9999999999999999,exponential,400,487.0,487.0,4.6082997,0,0.0,1.0,1.0
10000,1.0,0.5,0.04605170185988094,4.605170185988092,0.010000000000000004,0.3341885789091388,0.9999999999999999,exponential,401,196.0,196.0,4.6201997,0,0.0,1.0,1.0
10000,1.0,0.5,0.04605170185988094,4.605170185988092,0.010000000000000004,0.3341885789091388,0.9999999999999999,exponential,402,904.0,904.0,4.5073,0,0.0,1.0,1.0
10000,1.0,0.5,0.04605170185988094,4.605170185988092,0.010000000000000004,0.3341885789091388,0.9999999999999999,exponential,403,547.0,547.0,4.7202997,0,0.0,1.0,1.0
10000,1.0,0.5,0.04605170185988094,4.605170185988092,0.010000000000000004,0.3341885789091388,0.9999999999999999,exponential,404,593.0,593.0,4.6705,0,0.0,1.0,1.0
10000,1.0,0.5,0.04605170185988094,4.605170185988092,0.010000000000000004,0.3341885789091388,0.9999999999999999,exponential,405,1230.0,1230.0,4.3636,0,0.0,1.0,1.0
10000,1.0,0.5,0.04605170185988094,4.605170185988092,0.010000000000000004,0.3341885789091388,0.9999999999999999,exponential,406,246.0,246.0,4.6819,0,0.0,1.0,1.0
10000,1.0,0.5,0.04605170185988094,4.605170185988092,0.010000000000000004,0.3341885789091388,0.9999999999999999,exponential,407,100.0,100.0,4.7033997,0,0.0,1.0,1.0
10000,1.0,0.5,0.04605170185988094,4.605170185988092,0.010000000000000004,0.3341885789091388,0.9999999999999999,exponential,408,115.0,115.0,4.2148,0,0.0,1.0,1.0
10000,1.0,0.5,0.04605170185988094,4.605170185988092,0.010000000000000004,0.3341885789091388,0.9999999999999999,exponential,409,506.0,506.0,4.8656,0,0.0,1.0,1.0
10000,1.0,0.5,0.04605170185988094,4.605170185988092,0.010000000000000004,0.3341885789091388,0.9999999999999999,exponential,410,161.0,161.0,4.7514,0,0.0,1.0,1.0
10000,1.0,0.5,0.04605170185988094,4.605170185988092,0.010000000000000004,0.3341885789091388,0.9999999999999999,exponential,411,87.0,87.0,4.4705997,0,0.0,1.0,1.0
10000,1.0,0.5,0.04605170185988094,4.605170185988092,0.010000000000000004,0.3341885789091388,0.9999999999999999,exponential,412,559.0,559.0,5.0399,0,0.0,1.0,1.0
10000,1.0,0.5,0.04605170185988094,4.605170185988092,0.010000000000000004,0.3341885789091388,0.9999999999999999,exponential,413,627.0,627.0,4.7693,0,0.0,1.0,1.0
10000,1.0,0.5,0.04605170185988094,4.605170185988092,0.010000000000000004,0.3341885789091388,0.9999999999999999,exponential,414,243.0,243.0,5.3025,0,0.0,1.0,1.0
10000,1.0,0.5,0.04605170185988094,4.605170185988092,0.010000000000000004,0.3341885789091388,0.9999999999999999,exponential,415,303.0,303.0,5.1408,0,0.0,1.0,1.0
10000,1.0,0.5,0.04605170185988094,4.605170185988092,0.010000000000000004,0.3341885789091388,0.9999999999999999,exponential,416,262.0,262.0,5.0576,0,0.0,1.0,1.0
10000,1.0,0.5,0.04605170185988094,4.605170185988092,0.010000000000000004,0.3341885789091388,0.9999999999999999,exponential,417,623.0,623.0,4.7105,0,0.0,1.0,1.0
10000,1.0,0.5,0.04605170185988094,4.605170185988092,0.010000000000000004,0.3341885789091388,0.9999999999999999,exponential,418,139.0,139.0,4.7865,0,0.0,1.0,1.0
10000,1.0,0.5,0.04605170185988094,4.605170185988092,0.010000000000000004,0.3341885789091388,0.9999999999999999,exponential,419,356.0,356.0,5.0375,0,0.0,1.0,1.0
10000,1.0,0.5,0.04605170185988094,4.605170185988092,0.010000000000000004,0.3341885789091388,0.9999999999999999,exponential,420,216.0,216.0,5.25,0,0.0,1.0,1.0
10000,1.0,0.5,0.04605170185988094,4.605170185988092,0.010000000000000004,0.3341885789091388,0.9999999999999999,exponential,421,299.0,299.0,4.5269,0,0.0,1.0,1.0
10000,1.0,0.5,0.04605170185988094,4.605170185988092,0.010000000000000004,0.3341885789091388,0.9999999999999999,exponential,422,203.0,203.0,4.7797,0,0.0,1.0,1.0
10000,1.0,0.5,0.04605170185988094,4.605170185988092,0.010000000000000004,0.3341885789091388,0.9999999999999999,exponential,423,233.0,233.0,5.2257,0,0.0,1.0,1.0
10000,1.0,0.5,0.04605170185988094,4.605170185988092,0.010000000000000004,0.3341885789091388,0.9999999999999999,exponential,424,144.0,144.0,4.6735,0,0.0,1.0,1.0
10000,1.0,0.5,0.04605170185988094,4.605170185988092,0.010000000000000004,0.3341885789091388,0.9999999999999999,exponential,425,54.0,54.0,4.8375,0,0.0,1.0,1.0
10000,1.0,0.5,0.04605170185988094,4.605170185988092,0.010000000000000004,0.3341885789091388,0.9999999999999999,exponential,426,119.0,119.0,5.1328998,0,0.0,1.0,1.0
10000,1.0,0.5,0.04605170185988094,4.605170185988092,0.010000000000000004,0.3341885789091388,0.9999999999999999,exponential,427,64.0,64.0,4.6566997,0,0.0,1.0,1.0
10000,1.0,0.5,0.04605170185988094,4.605170185988092,0.010000000000000004,0.3341885789091388,0.9999999999999999,exponential,428,572.0,572.0,4.9893,0,0.0,1.0,1.0
10000,1.0,0.5,0.04605170185988094,4.605170185988092,0.010000000000000004,0.3341885789091388,0.9999999999999999,exponential,429,246.0,246.0,5.014,0,0.0,1.0,1.0
10000,1.0,0.5,0.04605170185988094,4.605170185988092,0.010000000000000004,0.3341885789091388,0.9999999999999999,exponential,430,231.0,231.0,4.6101,0,0.0,1.0,1.0
10000,1.0,0.5,0.04605170185988094,4.605170185988092,0.010000000000000004,0.3341885789091388,0.9999999999999999,exponential,431,277.0,277.0,4.9356,0,0.0,1.0,1.0
10000,1.0,0.5,0.04605170185988094,4.605170185988092,0.010000000000000004,0.3341885789091388,0.9999999999999999,exponential,432,625.0,625.0,4.7509,0,0.0,1.0,1.0
10000,1.0,0.5,0.04605170185988094,4.605170185988092,0.010000000000000004,0.3341885789091388,0.9999999999999999,exponential,433,324.0,324.0,4.9175,0,0.0,1.0,1.0
10000,1.0,0.5,0.04605170185988094,4.605170185988092,0.010000000000000004,0.3341885789091388,0.9999999999999999,exponential,434,240.0,240.0,5.2886,0,0.0,1.0,1.0
10000,1.0,0.5,0.04605170185988094,4.605170185988092,0.010000000000000004,0.3341885789091388,0.9999999999999999,exponential,435,53.0,53.0,4.8062,0,0.0,1.0,1.0
10000,1.0,0.5,0.04605170185988094,4.605170185988092,0.010000000000000004,0.3341885789091388,0.9999999999999999,exponential,436,162.0,162.0,5.049,0,0.0,1.0,1.0
10000,1.0,0.5,0.04605170185988094,4.605170185988092,0.010000000000000004,0.3341885789091388,0.9999999999999999,exponential,437,183.0,183.0,5.0792,0,0.0,1.0,1.0
10000,1.0,0.5,0.04605170185988094,4.605170185988092,0.010000000000000004,0.3341885789091388,0.9999999999999999,exponential,438,187.0,187.0,4.597,0,0.0,1.0,1.0
10000,1.0,0.5,0.04605170185988094,4.605170185988092,0.010000000000000004,0.3341885789091388,0.9999999999999999,exponential,439,459.0,459.0,4.6589,0,0.0,1.0,1.0
10000,1.0,0.5,0.04605170185988094,4.605170185988092,0.010000000000000004,0.3341885789091388,0.9999999999999999,exponential,440,376.0,376.0,5.1096,0,0.0,1.0,1.0
10000,1.0,0.5,0.04605170185988094,4.605170185988092,0.010000000000000004,0.3341885789091388,0.9999999999999999,exponential,441,689.0,689.0,4.8332,0,0.0,1.0,1.0
10000,1.0,0.5,0.04605170185988094,4.605170185988092,0.010000000000000004,0.3341885789091388,0.9999999999999999,exponential,442,872.0,872.0,5.0169,0,0.0,1.0,1.0
10000,1.0,0.5,0.04605170185988094,4.605170185988092,0.010000000000000004,0.3341885789091388,0.9999999999999999,exponential,443,269.0,269.0,4.5102,0,0.0,1.0,1.0
10000,1.0,0.5,0.04605170185988094,4.605170185988092,0.010000000000000004,0.3341885789091388,0.9999999999999999,exponential,444,91.0,91.0,4.6724997,0,0.0,1.0,1.0
10000,1.0,0.5,0.04605170185988094,4.605170185988092,0.010000000000000004,0.3341885789091388,0.9999999999999999,exponential,445,48.0,48.0,4.8334,0,0.0,1.0,1.0
10000,1.0,0.5,0.04605170185988094,4.605170185988092,0.010000000000000004,0.3341885789091388,0.9999999999999999,exponential,446,135.0,135.0,4.5863,0,0.0,1.0,1.0
10000,1.0,0.5,0.04605170185988094,4.605170185988092,0.010000000000000004,0.3341885789091388,0.9999999999999999,exponential,447,204.0,204.0,5.0463,0,0.0,1.0,1.0
10000,1.0,0.5,0.04605170185988094,4.605170185988092,0.010000000000000004,0.3341885789091388,0.9999999999999999,exponential,448,70.0,70.0,4.9923997,0,0.0,1.0,1.0
10000,1.0,0.5,0.04605170185988094,4.605170185988092,0.010000000000000004,0.3341885789091388,0.9999999999999999,exponential,449,106.0,106.0,4.7317,0,0.0,1.0,1.0
10000,1.0,0.5,0.04605170185988094,4.605170185988092,0.010000000000000004,0.3341885789091388,0.9999999999999999,exponential,450,116.0,116.0,5.1473,0,0.0,1.0,1.0
10000,1.0,0.5,0.04605170185988094,4.605170185988092,0.010000000000000004,0.3341885789091388,0.9999999999999999,exponential,451,114.0,114.0,4.8002996,0,0.0,1.0,1.0
10000,1.0,0.5,0.04605170185988094,4.605170185988092,0.010000000000000004,0.3341885789091388,0.9999999999999999,exponential,452,2041.0,2041.0,5.1373,0,0.0,1.0,1.0
10000,1.0,0.5,0.04605170185988094,4.605170185988092,0.010000000000000004,0.3341885789091388,0.9999999999999999,exponential,453,212.0,212.0,4.7837,0,0.0,1.0,1.0
10000,1.0,0.5,0.04605170185988094,4.605170185988092,0.010000000000000004,0.3341885789091388,0.9999999999999999,exponential,454,547.0,547.0,4.9347997,0,0.0,1.0,1.0
10000,1.0,0.5,0.04605170185988094,4.605170185988092,0.010000000000000004,0.3341885789091388,0.9999999999999999,exponential,455,465.0,465.0,4.6967,0,0.0,1.0,1.0
10000,1.0,0.5,0.04605170185988094,4.605170185988092,0.010000000000000004,0.3341885789091388,0.9999999999999999,exponential,456,553.0,553.0,4.5492,0,0.0,1.0,1.0
10000,1.0,0.5,0.04605170185988094,4.605170185988092,0.010000000000000004,0.3341885789091388,0.9999999999999999,exponential,457,277.0,277.0,5.1145997,0,0.0,1.0,1.0
10000,1.0,0.5,0.04605170185988094,4.605170185988092,0.010000000000000004,0.3341885789091388,0.9999999999999999,exponential,458,814.0,814.0,4.6137,0,0.0,1.0,1.0
10000,1.0,0.5,0.04605170185988094,4.605170185988092,0.010000000000000004,0.3341885789091388,0.9999999999999999,exponential,459,749.0,749.0,5.1776,0,0.0,1.0,1.0
10000,1.0,0.5,0.04605170185988094,4.605170185988092,0.010000000000000004,0.3341885789091388,0.9999999999999999,exponential,460,840.0,840.0,4.4575,0,0.0,1.0,1.0
10000,1.0,0.5,0.04605170185988094,4.605170185988092,0.010000000000000004,0.3341885789091388,0.9999999999999999,exponential,461,566.0,566.0,4.8199997,0,0.0,1.0,1.0
10000,1.0,0.5,0.04605170185988094,4.605170185988092,0.010000000000000004,0.3341885789091388,0.9999999999999999,exponential,462,66.0,66.0,4.4442997,0,0.0,1.0,1.0
10000,1.0,0.5,0.04605170185988094,4.605170185988092,0.010000000000000004,0.3341885789091388,0.9999999999999999,exponential,463,357.0,357.0,4.6784997,0,0.0,1.0,1.0
10000,1.0,0.5,0.04605170185988094,4.605170185988092,0.010000000000000004,0.3341885789091388,0.9999999999999999,exponential,464,719.0,719.0,4.4848,0,0.0,1.0,1.0
10000,1.0,0.5,0.04605170185988094,4.605170185988092,0.010000000000000004,0.3341885789091388,0.9999999999999999,exponential,465,101.0,101.0,4.91,0,0.0,1.0,1.0
10000,1.0,0.5,0.04605170185988094,4.605170185988092,0.010000000000000004,0.3341885789091388,0.9999999999999999,exponential,466,101.0,101.0,4.8114,0,0.0,1.0,1.0
10000,1.0,0.5,0.04605170185988094,4.605170185988092,0.010000000000000004,0.3341885789091388,0.9999999999999999,exponential,467,172.0,172.0,4.7328997,0,0.0,1.0,1.0
10000,1.0,0.5,0.04605170185988094,4.605170185988092,0.010000000000000004,0.3341885789091388,0.9999999999999999,exponential,468,534.0,534.0,4.9923,0,0.0,1.0,1.0
10000,1.0,0.5,0.04605170185988094,4.605170185988092,0.010000000000000004,0.3341885789091388,0.9999999999999999,exponential,469,145.0,145.0,5.0745,0,0.0,1.0,1.0
10000,1.0,0.5,0.04605170185988094,4.605170185988092,0.010000000000000004,0.3341885789091388,0.9999999999999999,exponential,470,89.0,89.0,4.7019997,0,0.0,1.0,1.0
10000,1.0,0.5,0.04605170185988094,4.605170185988092,0.010000000000000004,0.3341885789091388,0.9999999999999999,exponential,471,635.0,635.0,4.558,0,0.0,1.0,1.0
10000,1.0,0.5,0.04605170185988094,4.605170185988092,0.010000000000000004,0.3341885789091388,0.9999999999999999,exponential,472,122.0,122.0,4.5085,0,0.0,1.0,1.0
10000,1.0,0.5,0.04605170185988094,4.605170185988092,0.010000000000000004,0.3341885789091388,0.9999999999999999,exponential,473,961.0,961.0,4.6085,0,0.0,1.0,1.0
10000,1.0,0.5,0.04605170185988094,4.605170185988092,0.010000000000000004,0.3341885789091388,0.9999999999999999,exponential,474,362.0,362.0,5.1068997,0,0.0,1.0,1.0
10000,1.0,0.5,0.04605170185988094,4.605170185988092,0.010000000000000004,0.3341885789091388,0.9999999999999999,exponential,475,1382.0,1382.0,4.612,0,0.0,1.0,1.0
10000,1.0,0.5,0.04605170185988094,4.605170185988092,0.010000000000000004,0.3341885789091388,0.9999999999999999,exponential,476,1126.0,1126.0,5.1784997,0,0.0,1.0,1.0
10000,1.0,0.5,0.04605170185988094,4.605170185988092,0.010000000000000004,0.3341885789091388,0.9999999999999999,exponential,477,133.0,133.0,4.6164,0,0.0,1.0,1.0
10000,1.0,0.5,0.04605170185988094,4.605170185988092,0.010000000000000004,0.3341885789091388,0.9999999999999999,exponential,478,301.0,301.0,4.5646996,0,0.0,1.0,1.0
10000,1.0,0.5,0.04605170185988094,4.605170185988092,0.010000000000000004,0.3341885789091388,0.9999999999999999,exponential,479,126.0,126.0,4.4649,0,0.0,1.0,1.0
10000,1.0,0.5,0.04605170185988094,4.605170185988092,0.010000000000000004,0.3341885789091388,0.9999999999999999,exponential,480,480.0,480.0,4.6948,0,0.0,1.0,1.0
10000,1.0,0.5,0.04605170185988094,4.605170185988092,0.010000000000000004,0.3341885789091388,0.9999999999999999,exponential,481,45.0,45.0,4.7886,0,0.0,1.0,1.0
10000,1.0,0.5,0.04605170185988094,4.605170185988092,0.010000000000000004,0.3341885789091388,0.9999999999999999,exponential,482,358.0,358.0,4.8461,0,0.0,1.0,1.0
10000,1.0,0.5,0.04605170185988094,4.605170185988092,0.010000000000000004,0.3341885789091388,0.9999999999999999,exponential,483,117.0,117.0,5.0101,0,0.0,1.0,1.0
10000,1.0,0.5,0.04605170185988094,4.605170185988092,0.010000000000000004,0.3341885789091388,0.9999999999999999,exponential,484,195.0,195.0,4.8972,0,0.0,1.0,1.0
10000,1.0,0.5,0.04605170185988094,4.605170185988092,0.010000000000000004,0.3341885789091388,0.9999999999999999,exponential,485,257.0,257.0,4.777,0,0.0,1.0,1.0
10000,1.0,0.5,0.04605170185988094,4.605170185988092,0.010000000000000004,0.3341885789091388,0.9999999999999999,exponential,486,318.0,318.0,4.7181,0,0.0,1.0,1.0
10000,1.0,0.5,0.04605170185988094,4.605170185988092,0.010000000000000004,0.3341885789091388,0.9999999999999999,exponential,487,751.0,751.0,4.4691997,0,0.0,1.0,1.0
10000,1.0,0.5,0.04605170185988094,4.605170185988092,0.010000000000000004,0.3341885789091388,0.9999999999999999,exponential,488,266.0,266.0,4.3297,0,0.0,1.0,1.0
10000,1.0,0.5,0.04605170185988094,4.605170185988092,0.010000000000000004,0.3341885789091388,0.9999999999999999,exponential,489,540.0,540.0,4.6302,0,0.0,1.0,1.0
10000,1.0,0.5,0.04605170185988094,4.605170185988092,0.010000000000000004,0.3341885789091388,0.9999999999999999,exponential,490,361.0,361.0,5.4740996,0,0.0,1.0,1.0
10000,1.0,0.5,0.04605170185988094,4.605170185988092,0.010000000000000004,0.3341885789091388,0.9999999999999999,exponential,491,93.0,93.0,4.6898,0,0.0,1.0,1.0
10000,1.0,0.5,0.04605170185988094,4.605170185988092,0.010000000000000004,0.3341885789091388,0.9999999999999999,exponential,492,204.0,204.0,5.1938,0,0.0,1.0,1.0
10000,1.0,0.5,0.04605170185988094,4.605170185988092,0.010000000000000004,0.3341885789091388,0.9999999999999999,exponential,493,35.0,35.0,4.5864,0,0.0,1.0,1.0
10000,1.0,0.5,0.04605170185988094,4.605170185988092,0.010000000000000004,0.3341885789091388,0.9999999999999999,exponential,494,301.0,301.0,4.9108,0,0.0,1.0,1.0
10000,1.0,0.5,0.04605170185988094,4.605170185988092,0.010000000000000004,0.3341885789091388,0.9999999999999999,exponential,495,1392.0,1392.0,5.1454997,0,0.0,1.0,1.0
10000,1.0,0.5,0.04605170185988094,4.605170185988092,0.010000000000000004,0.3341885789091388,0.9999999999999999,exponential,496,169.0,169.0,4.5789,0,0.0,1.0,1.0
10000,1.0,0.5,0.04605170185988094,4.605170185988092,0.010000000000000004,0.3341885789091388,0.9999999999999999,exponential,497,72.0,72.0,4.6240997,0,0.0,1.0,1.0
10000,1.0,0.5,0.04605170185988094,4.605170185988092,0.010000000000000004,0.3341885789091388,0.9999999999999999,exponential,498,332.0,332.0,4.9511,0,0.0,1.0,1.0
10000,1.0,0.5,0.04605170185988094,4.605170185988092,0.010000000000000004,0.3341885789091388,0.9999999999999999,exponential,499,90.0,90.0,4.9714,0,0.0,1.0,1.0
10000,1.0,0.5,0.04605170185988094,4.605170185988092,0.010000000000000004,0.3341885789091388,0.9999999999999999,exponential,500,241.0,241.0,4.7830997,0,0.0,1.0,1.0
10000,1.0,0.5,0.04605170185988094,4.605170185988092,0.010000000000000004,0.3341885789091388,0.9999999999999999,exponential,501,439.0,439.0,4.9951997,0,0.0,1.0,1.0
10000,1.0,0.5,0.04605170185988094,4.605170185988092,0.010000000000000004,0.3341885789091388,0.9999999999999999,exponential,502,682.0,682.0,4.6796,0,0.0,1.0,1.0
10000,1.0,0.5,0.04605170185988094,4.605170185988092,0.010000000000000004,0.3341885789091388,0.9999999999999999,exponential,503,451.0,451.0,4.803,0,0.0,1.0,1.0
10000,1.0,0.5,0.04605170185988094,4.605170185988092,0.010000000000000004,0.3341885789091388,0.9999999999999999,exponential,504,347.0,347.0,4.3912,0,0.0,1.0,1.0
10000,1.0,0.5,0.04605170185988094,4.605170185988092,0.010000000000000004,0.3341885789091388,0.9999999999999999,exponential,505,136.0,136.0,5.2886,0,0.0,1.0,1.0
10000,1.0,0.5,0.04605170185988094,4.605170185988092,0.010000000000000004,0.3341885789091388,0.9999999999999999,exponential,506,523.0,523.0,4.9344,0,0.0,1.0,1.0
10000,1.0,0.5,0.04605170185988094,4.605170185988092,0.010000000000000004,0.3341885789091388,0.9999999999999999,exponential,507,84.0,84.0,5.1638,0,0.0,1.0,1.0
10000,1.0,0.5,0.04605170185988094,4.605170185988092,0.010000000000000004,0.3341885789091388,0.9999999999999999,exponential,508,274.0,274.0,4.9828997,0,0.0,1.0,1.0
10000,1.0,0.5,0.04605170185988094,4.605170185988092,0.010000000000000004,0.3341885789091388,0.9999999999999999,exponential,509,665.0,665.0,4.7832,0,0.0,1.0,1.0
10000,1.0,0.5,0.04605170185988094,4.605170185988092,0.010000000000000004,0.3341885789091388,0.9999999999999999,exponential,510,562.0,562.0,4.7639,0,0.0,1.0,1.0
10000,1.0,0.5,0.04605170185988094,4.605170185988092,0.010000000000000004,0.3341885789091388,0.9999999999999999,exponential,511,101.0,101.0,4.9172,0,0.0,1.0,1.0
10000,1.0,0.5,0.04605170185988094,4.605170185988092,0.010000000000000004,0.3341885789091388,0.9999999999999999,exponential,512,93.0,93.0,4.7394,0,0.0,1.0,1.0
10000,1.0,0.5,0.04605170185988094,4.605170185988092,0.010000000000000004,0.3341885789091388,0.9999999999999999,exponential,513,350.0,350.0,4.4753,0,0.0,1.0,1.0
10000,1.0,0.5,0.04605170185988094,4.605170185988092,0.010000000000000004,0.3341885789091388,0.9999999999999999,exponential,514,444.0,444.0,4.6754,0,0.0,1.0,1.0
10000,1.0,0.5,0.04605170185988094,4.605170185988092,0.010000000000000004,0.3341885789091388,0.9999999999999999,exponential,515,360.0,360.0,4.4238997,0,0.0,1.0,1.0
10000,1.0,0.5,0.04605170185988094,4.605170185988092,0.010000000000000004,0.3341885789091388,0.9999999999999999,exponential,516,170.0,170.0,5.1728997,0,0.0,1.0,1.0
10000,1.0,0.5,0.04605170185988094,4.605170185988092,0.010000000000000004,0.3341885789091388,0.9999999999999999,exponential,517,229.0,229.0,4.9033,0,0.0,1.0,1.0
10000,1.0,0.5,0.04605170185988094,4.605170185988092,0.010000000000000004,0.3341885789091388,0.9999999999999999,exponential,518,375.0,375.0,4.7212996,0,0.0,1.0,1.0
10000,1.0,0.5,0.04605170185988094,4.605170185988092,0.010000000000000004,0.3341885789091388,0.9999999999999999,exponential,519,434.0,434.0,4.6534,0,0.0,1.0,1.0
10000,1.0,0.5,0.04605170185988094,4.605170185988092,0.010000000000000004,0.3341885789091388,0.9999999999999999,exponential,520,146.0,146.0,4.6861,0,0.0,1.0,1.0
10000,1.0,0.5,0.04605170185988094,4.605170185988092,0.010000000000000004,0.3341885789091388,0.9999999999999999,exponential,521,807.0,807.0,4.5417,0,0.0,1.0,1.0
10000,1.0,0.5,0.04605170185988094,4.605170185988092,0.010000000000000004,0.3341885789091388,0.9999999999999999,exponential,522,66.0,66.0,4.7578998,0,0.0,1.0,1.0
10000,1.0,0.5,0.04605170185988094,4.605170185988092,0.010000000000000004,0.3341885789091388,0.9999999999999999,exponential,523,401.0,401.0,4.9082,0,0.0,1.0,1.0
10000,1.0,0.5,0.04605170185988094,4.605170185988092,0.010000000000000004,0.3341885789091388,0.9999999999999999,exponential,524,699.0,699.0,4.4241,0,0.0,1.0,1.0
10000,1.0,0.5,0.04605170185988094,4.605170185988092,0.010000000000000004,0.3341885789091388,0.9999999999999999,exponential,525,706.0,706.0,4.3283,0,0.0,1.0,1.0
10000,1.0,0.5,0.04605170185988094,4.605170185988092,0.010000000000000004,0.3341885789091388,0.9999999999999999,exponential,526,124.0,124.0,4.9582996,0,0.0,1.0,1.0
10000,1.0,0.5,0.04605170185988094,4.605170185988092,0.010000000000000004,0.3341885789091388,0.9999999999999999,exponential,527,73.0,73.0,4.7713,0,0.0,1.0,1.0
10000,1.0,0.5,0.04605170185988094,4.605170185988092,0.010000000000000004,0.3341885789091388,0.9999999999999999,exponential,528,328.0,328.0,4.8317,0,0.0,1.0,1.0
10000,1.0,0.5,0.04605170185988094,4.605170185988092,0.010000000000000004,0.3341885789091388,0.9999999999999999,exponential,529,854.0,854.0,4.6710997,0,0.0,1.0,1.0
10000,1.0,0.5,0.04605170185988094,4.605170185988092,0.010000000000000004,0.3341885789091388,0.9999999999999999,exponential,530,42.0,42.0,4.5009,0,0.0,1.0,1.0
10000,1.0,0.5,0.04605170185988094,4.605170185988092,0.010000000000000004,0.3341885789091388,0.9999999999999999,exponential,531,1624.0,1624.0,4.4146,0,0.0,1.0,1.0
10000,1.0,0.5,0.04605170185988094,4.605170185988092,0.010000000000000004,0.3341885789091388,0.9999999999999999,exponential,532,165.0,165.0,4.8136,0,0.0,1.0,1.0
10000,1.0,0.5,0.04605170185988094,4.605170185988092,0.010000000000000004,0.3341885789091388,0.9999999999999999,exponential,533,170.0,170.0,4.7353,0,0.0,1.0,1.0
10000,1.0,0.5,0.04605170185988094,4.605170185988092,0.010000000000000004,0.3341885789091388,0.9999999999999999,exponential,534,210.0,210.0,5.0092998,0,0.0,1.0,1.0
10000,1.0,0.5,0.04605170185988094,4.605170185988092,0.010000000000000004,0.3341885789091388,0.9999999999999999,exponential,535,544.0,544.0,5.0829,0,0.0,1.0,1.0
10000,1.0,0.5,0.04605170185988094,4.605170185988092,0.010000000000000004,0.3341885789091388,0.9999999999999999,exponential,536,1108.0,1108.0,4.8085,0,0.0,1.0,1.0
10000,1.0,0.5,0.04605170185988094,4.605170185988092,0.010000000000000004,0.3341885789091388,0.9999999999999999,exponential,537,374.0,374.0,4.4969,0,0.0,1.0,1.0
10000,1.0,0.5,0.04605170185988094,4.605170185988092,0.010000000000000004,0.3341885789091388,0.9999999999999999,exponential,538,1559.0,1559.0,4.9522,0,0.0,1.0,1.0
10000,1.0,0.5,0.04605170185988094,4.605170185988092,0.010000000000000004,0.3341885789091388,0.9999999999999999,exponential,539,181.0,181.0,4.9066,0,0.0,1.0,1.0
10000,1.0,0.5,0.04605170185988094,4.605170185988092,0.010000000000000004,0.3341885789091388,0.9999999999999999,exponential,540,413.0,413.0,4.8262997,0,0.0,1.0,1.0
10000,1.0,0.5,0.04605170185988094,4.605170185988092,0.010000000000000004,0.3341885789091388,0.9999999999999999,exponential,541,109.0,109.0,5.0499997,0,0.0,1.0,1.0
10000,1.0,0.5,0.04605170185988094,4.605170185988092,0.010000000000000004,0.3341885789091388,0.9999999999999999,exponential,542,232.0,232.0,5.0692997,0,0.0,1.0,1.0
10000,1.0,0.5,0.04605170185988094,4.605170185988092,0.010000000000000004,0.3341885789091388,0.9999999999999999,exponential,543,1713.0,1713.0,4.9645,0,0.0,1.0,1.0
10000,1.0,0.5,0.04605170185988094,4.605170185988092,0.010000000000000004,0.3341885789091388,0.9999999999999999,exponential,544,338.0,338.0,4.493,0,0.0,1.0,1.0
10000,1.0,0.5,0.04605170185988094,4.605170185988092,0.010000000000000004,0.3341885789091388,0.9999999999999999,exponential,545,2555.0,2555.0,4.7353,0,0.0,1.0,1.0
10000,1.0,0.5,0.04605170185988094,4.605170185988092,0.010000000000000004,0.3341885789091388,0.9999999999999999,exponential,546,351.0,351.0,4.8005,0,0.0,1.0,1.0
10000,1.0,0.5,0.04605170185988094,4.605170185988092,0.010000000000000004,0.3341885789091388,0.9999999999999999,exponential,547,981.0,981.0,4.5411,0,0.0,1.0,1.0
10000,1.0,0.5,0.04605170185988094,4.605170185988092,0.010000000000000004,0.3341885789091388,0.9999999999999999,exponential,548,254.0,254.0,4.5318,0,0.0,1.0,1.0
10000,1.0,0.5,0.04605170185988094,4.605170185988092,0.010000000000000004,0.3341885789091388,0.9999999999999999,exponential,549,207.0,207.0,4.7890997,0,0.0,1.0,1.0
10000,1.0,0.5,0.04605170185988094,4.605170185988092,0.010000000000000004,0.3341885789091388,0.9999999999999999,exponential,550,607.0,607.0,4.7978,0,0.0,1.0,1.0
10000,1.0,0.5,0.04605170185988094,4.605170185988092,0.010000000000000004,0.3341885789091388,0.9999999999999999,exponential,551,514.0,514.0,4.8146,0,0.0,1.0,1.0
10000,1.0,0.5,0.04605170185988094,4.605170185988092,0.010000000000000004,0.3341885789091388,0.9999999999999999,exponential,552,138.0,138.0,4.7244,0,0.0,1.0,1.0
10000,1.0,0.5,0.04605170185988094,4.605170185988092,0.010000000000000004,0.3341885789091388,0.9999999999999999,exponential,553,300.0,300.0,5.1092,0,0.0,1.0,1.0
10000,1.0,0.5,0.04605170185988094,4.605170185988092,0.010000000000000004,0.3341885789091388,0.9999999999999999,exponential,554,610.0,610.0,5.0839,0,0.0,1.0,1.0
10000,1.0,0.5,0.04605170185988094,4.605170185988092,0.010000000000000004,0.3341885789091388,0.9999999999999999,exponential,555,227.0,227.0,5.295,0,0.0,1.0,1.0
10000,1.0,0.5,0.04605170185988094,4.605170185988092,0.010000000000000004,0.3341885789091388,0.9999999999999999,exponential,556,396.0,396.0,4.6703,0,0.0,1.0,1.0
10000,1.0,0.5,0.04605170185988094,4.605170185988092,0.010000000000000004,0.3341885789091388,0.9999999999999999,exponential,557,1579.0,1579.0,4.9179997,0,0.0,1.0,1.0
10000,1.0,0.5,0.04605170185988094,4.605170185988092,0.010000000000000004,0.3341885789091388,0.9999999999999999,exponential,558,98.0,98.0,4.6089,0,0.0,1.0,1.0
10000,1.0,0.5,0.04605170185988094,4.605170185988092,0.010000000000000004,0.3341885789091388,0.9999999999999999,exponential,559,1614.0,1614.0,4.8834,0,0.0,1.0,1.0
10000,1.0,0.5,0.04605170185988094,4.605170185988092,0.010000000000000004,0.3341885789091388,0.9999999999999999,exponential,560,307.0,307.0,5.0983996,0,0.0,1.0,1.0
10000,1.0,0.5,0.04605170185988094,4.605170185988092,0.010000000000000004,0.3341885789091388,0.9999999999999999,exponential,561,45.0,45.0,4.6082,0,0.0,1.0,1.0
10000,1.0,0.5,0.04605170185988094,4.605170185988092,0.010000000000000004,0.3341885789091388,0.9999999999999999,exponential,562,1319.0,1319.0,4.707,0,0.0,1.0,1.0
10000,1.0,0.5,0.04605170185988094,4.605170185988092,0.010000000000000004,0.3341885789091388,0.9999999999999999,exponential,563,172.0,172.0,4.6597,0,0.0,1.0,1.0
10000,1.0,0.5,0.04605170185988094,4.605170185988092,0.010000000000000004,0.3341885789091388,0.9999999999999999,exponential,564,887.0,887.0,4.6317997,0,0.0,1.0,1.0
10000,1.0,0.5,0.04605170185988094,4.605170185988092,0.010000000000000004,0.3341885789091388,0.9999999999999999,exponential,565,413.0,413.0,4.3487997,0,0.0,1.0,1.0
10000,1.0,0.5,0.04605170185988094,4.605170185988092,0.010000000000000004,0.3341885789091388,0.9999999999999999,exponential,566,461.0,461.0,4.4982,0,0.0,1.0,1.0
10000,1.0,0.5,0.04605170185988094,4.605170185988092,0.010000000000000004,0.3341885789091388,0.9999999999999999,exponential,567,83.0,83.0,4.8766,0,0.0,1.0,1.0
10000,1.0,0.5,0.04605170185988094,4.605170185988092,0.010000000000000004,0.3341885789091388,0.9999999999999999,exponential,568,210.0,210.0,4.6698,0,0.0,1.0,1.0
10000,1.0,0.5,0.04605170185988094,4.605170185988092,0.010000000000000004,0.3341885789091388,0.9999999999999999,exponential,569,129.0,129.0,4.5699997,0,0.0,1.0,1.0
10000,1.0,0.5,0.04605170185988094,4.605170185988092,0.010000000000000004,0.3341885789091388,0.9999999999999999,exponential,570,84.0,84.0,4.8947997,0,0.0,1.0,1.0
10000,1.0,0.5,0.04605170185988094,4.605170185988092,0.010000000000000004,0.3341885789091388,0.9999999999999999,exponential,571,62.0,62.0,4.5971,0,0.0,1.0,1.0
10000,1.0,0.5,0.04605170185988094,4.605170185988092,0.010000000000000004,0.3341885789091388,0.9999999999999999,exponential,572,547.0,547.0,4.6517997,0,0.0,1.0,1.0
10000,1.0,0.5,0.04605170185988094,4.605170185988092,0.010000000000000004,0.3341885789091388,0.9999999999999999,exponential,573,1093.0,1093.0,4.7904,0,0.0,1.0,1.0
10000,1.0,0.5,0.04605170185988094,4.605170185988092,0.010000000000000004,0.3341885789091388,0.9999999999999999,exponential,574,944.0,944.0,4.8959,0,0.0,1.0,1.0
10000,1.0,0.5,0.04605170185988094,4.605170185988092,0.010000000000000004,0.3341885789091388,0.9999999999999999,exponential,575,234.0,234.0,5.0313,0,0.0,1.0,1.0
10000,1.0,0.5,0.04605170185988094,4.605170185988092,0.010000000000000004,0.3341885789091388,0.9999999999999999,exponential,576,299.0,299.0,4.6552997,0,0.0,1.0,1.0
10000,1.0,0.5,0.04605170185988094,4.605170185988092,0.010000000000000004,0.3341885789091388,0.9999999999999999,exponential,577,43.0,43.0,4.509,0,0.0,1.0,1.0
10000,1.0,0.5,0.04605170185988094,4.605170185988092,0.010000000000000004,0.3341885789091388,0.9999999999999999,exponential,578,336.0,336.0,5.0060997,0,0.0,1.0,1.0
10000,1.0,0.5,0.04605170185988094,4.605170185988092,0.010000000000000004,0.3341885789091388,0.9999999999999999,exponential,579,125.0,125.0,5.0449,0,0.0,1.0,1.0
10000,1.0,0.5,0.04605170185988094,4.605170185988092,0.010000000000000004,0.3341885789091388,0.9999999999999999,exponential,580,241.0,241.0,4.5579,0,0.0,1.0,1.0
10000,1.0,0.5,0.04605170185988094,4.605170185988092,0.010000000000000004,0.3341885789091388,0.9999999999999999,exponential,581,471.0,471.0,4.7634997,0,0.0,1.0,1.0
10000,1.0,0.5,0.04605170185988094,4.605170185988092,0.010000000000000004,0.3341885789091388,0.9999999999999999,exponential,582,426.0,426.0,4.6362,0,0.0,1.0,1.0
10000,1.0,0.5,0.04605170185988094,4.605170185988092,0.010000000000000004,0.3341885789091388,0.9999999999999999,exponential,583,82.0,82.0,4.3444,0,0.0,1.0,1.0
10000,1.0,0.5,0.04605170185988094,4.605170185988092,0.010000000000000004,0.3341885789091388,0.9999999999999999,exponential,584,92.0,92.0,4.6884,0,0.0,1.0,1.0
10000,1.0,0.5,0.04605170185988094,4.605170185988092,0.010000000000000004,0.3341885789091388,0.9999999999999999,exponential,585,239.0,239.0,4.4512997,0,0.0,1.0,1.0
10000,1.0,0.5,0.04605170185988094,4.605170185988092,0.010000000000000004,0.3341885789091388,0.9999999999999999,exponential,586,412.0,412.0,4.3308,0,0.0,1.0,1.0
10000,1.0,0.5,0.04605170185988094,4.605170185988092,0.010000000000000004,0.3341885789091388,0.9999999999999999,exponential,587,785.0,785.0,4.8563,0,0.0,1.0,1.0
10000,1.0,0.5,0.04605170185988094,4.605170185988092,0.010000000000000004,0.3341885789091388,0.9999999999999999,exponential,588,285.0,285.0,4.9983997,0,0.0,1.0,1.0
10000,1.0,0.5,0.04605170185988094,4.605170185988092,0.010000000000000004,0.3341885789091388,0.9999999999999999,exponential,589,72.0,72.0,4.9828997,0,0.0,1.0,1.0
10000,1.0,0.5,0.04605170185988094,4.605170185988092,0.010000000000000004,0.3341885789091388,0.9999999999999999,exponential,590,131.0,131.0,4.929,0,0.0,1.0,1.0
10000,1.0,0.5,0.04605170185988094,4.605170185988092,0.010000000000000004,0.3341885789091388,0.9999999999999999,exponential,591,1059.0,1059.0,4.6726,0,0.0,1.0,1.0
10000,1.0,0.5,0.04605170185988094,4.605170185988092,0.010000000000000004,0.3341885789091388,0.9999999999999999,exponential,592,139.0,139.0,4.7809997,0,0.0,1.0,1.0
10000,1.0,0.5,0.04605170185988094,4.605170185988092,0.010000000000000004,0.3341885789091388,0.9999999999999999,exponential,593,200.0,200.0,4.6082997,0,0.0,1.0,1.0
10000,1.0,0.5,0.04605170185988094,4.605170185988092,0.010000000000000004,0.3341885789091388,0.9999999999999999,exponential,594,181.0,181.0,5.1438,0,0.0,1.0,1.0
10000,1.0,0.5,0.04605170185988094,4.605170185988092,0.010000000000000004,0.3341885789091388,0.9999999999999999,exponential,595,231.0,231.0,4.5462,0,0.0,1.0,1.0
10000,1.0,0.5,0.04605170185988094,4.605170185988092,0.010000000000000004,0.3341885789091388,0.9999999999999999,exponential,596,234.0,234.0,4.8059998,0,0.0,1.0,1.0
10000,1.0,0.5,0.04605170185988094,4.605170185988092,0.010000000000000004,0.3341885789091388,0.9999999999999999,exponential,597,117.0,117.0,4.8531,0,0.0,1.0,1.0
10000,1.0,0.5,0.04605170185988094,4.605170185988092,0.010000000000000004,0.3341885789091388,0.9999999999999999,exponential,598,306.0,306.0,4.456,0,0.0,1.0,1.0
10000,1.0,0.5,0.04605170185988094,4.605170185988092,0.010000000000000004,0.3341885789091388,0.9999999999999999,exponential,599,1041.0,1041.0,5.0339,0,0.0,1.0,1.0
10000,1.0,0.5,0.04605170185988094,4.605170185988092,0.010000000000000004,0.3341885789091388,0.9999999999999999,exponential,600,134.0,134.0,4.6665,0,0.0,1.0,1.0
10000,1.0,0.5,0.04605170185988094,4.605170185988092,0.010000000000000004,0.3341885789091388,0.9999999999999999,exponential,601,85.0,85.0,5.0973,0,0.0,1.0,1.0
10000,1.0,0.5,0.04605170185988094,4.605170185988092,0.010000000000000004,0.3341885789091388,0.9999999999999999,exponential,602,433.0,433.0,4.3847,0,0.0,1.0,1.0
10000,1.0,0.5,0.04605170185988094,4.605170185988092,0.010000000000000004,0.3341885789091388,0.9999999999999999,exponential,603,351.0,351.0,4.7913,0,0.0,1.0,1.0
10000,1.0,0.5,0.04605170185988094,4.605170185988092,0.010000000000000004,0.3341885789091388,0.9999999999999999,exponential,604,247.0,247.0,4.5211,0,0.0,1.0,1.0
10000,1.0,0.5,0.04605170185988094,4.605170185988092,0.010000000000000004,0.3341885789091388,0.9999999999999999,exponential,605,799.0,799.0,5.0838,0,0.0,1.0,1.0
10000,1.0,0.5,0.04605170185988094,4.605170185988092,0.010000000000000004,0.3341885789091388,0.9999999999999999,exponential,606,777.0,777.0,4.6874,0,0.0,1.0,1.0
10000,1.0,0.5,0.04605170185988094,4.605170185988092,0.010000000000000004,0.3341885789091388,0.9999999999999999,exponential,607,689.0,689.0,4.7202,0,0.0,1.0,1.0
10000,1.0,0.5,0.04605170185988094,4.605170185988092,0.010000000000000004,0.3341885789091388,0.9999999999999999,exponential,608,153.0,153.0,4.6205997,0,0.0,1.0,1.0
10000,1.0,0.5,0.04605170185988094,4.605170185988092,0.010000000000000004,0.3341885789091388,0.9999999999999999,exponential,609,123.0,123.0,4.6967998,0,0.0,1.0,1.0
10000,1.0,0.5,0.04605170185988094,4.605170185988092,0.010000000000000004,0.3341885789091388,0.9999999999999999,exponential,610,270.0,270.0,4.842,0,0.0,1.0,1.0
10000,1.0,0.5,0.04605170185988094,4.605170185988092,0.010000000000000004,0.3341885789091388,0.9999999999999999,exponential,611,285.0,285.0,5.108,0,0.0,1.0,1.0
10000,1.0,0.5,0.04605170185988094,4.605170185988092,0.010000000000000004,0.3341885789091388,0.9999999999999999,exponential,612,88.0,88.0,5.1534,0,0.0,1.0,1.0
10000,1.0,0.5,0.04605170185988094,4.605170185988092,0.010000000000000004,0.3341885789091388,0.9999999999999999,exponential,613,287.0,287.0,5.0320997,0,0.0,1.0,1.0
10000,1.0,0.5,0.04605170185988094,4.605170185988092,0.010000000000000004,0.3341885789091388,0.9999999999999999,exponential,614,73.0,73.0,4.4526997,0,0.0,1.0,1.0
10000,1.0,0.5,0.04605170185988094,4.605170185988092,0.010000000000000004,0.3341885789091388,0.9999999999999999,exponential,615,475.0,475.0,4.5592,0,0.0,1.0,1.0
10000,1.0,0.5,0.04605170185988094,4.605170185988092,0.010000000000000004,0.3341885789091388,0.9999999999999999,exponential,616,336.0,336.0,4.9263,0,0.0,1.0,1.0
10000,1.0,0.5,0.04605170185988094,4.605170185988092,0.010000000000000004,0.3341885789091388,0.9999999999999999,exponential,617,390.0,390.0,4.7943,0,0.0,1.0,1.0
10000,1.0,0.5,0.04605170185988094,4.605170185988092,0.010000000000000004,0.3341885789091388,0.9999999999999999,exponential,618,325.0,325.0,5.198,0,0.0,1.0,1.0
10000,1.0,0.5,0.04605170185988094,4.605170185988092,0.010000000000000004,0.3341885789091388,0.9999999999999999,exponential,619,78.0,78.0,4.7736998,0,0.0,1.0,1.0
10000,1.0,0.5,0.04605170185988094,4.605170185988092,0.010000000000000004,0.3341885789091388,0.9999999999999999,exponential,620,728.0,728.0,4.911,0,0.0,1.0,1.0
10000,1.0,0.5,0.04605170185988094,4.605170185988092,0.010000000000000004,0.3341885789091388,0.9999999999999999,exponential,621,307.0,307.0,5.0557,0,0.0,1.0,1.0
10000,1.0,0.5,0.04605170185988094,4.605170185988092,0.010000000000000004,0.3341885789091388,0.9999999999999999,exponential,622,229.0,229.0,4.8807,0,0.0,1.0,1.0
10000,1.0,0.5,0.04605170185988094,4.605170185988092,0.010000000000000004,0.3341885789091388,0.9999999999999999,exponential,623,143.0,143.0,4.9825,0,0.0,1.0,1.0
10000,1.0,0.5,0.04605170185988094,4.605170185988092,0.010000000000000004,0.3341885789091388,0.9999999999999999,exponential,624,202.0,202.0,4.6184998,0,0.0,1.0,1.0
10000,1.0,0.5,0.04605170185988094,4.605170185988092,0.010000000000000004,0.3341885789091388,0.9999999999999999,exponential,625,552.0,552.0,4.8831997,0,0.0,1.0,1.0
10000,1.0,0.5,0.04605170185988094,4.605170185988092,0.010000000000000004,0.3341885789091388,0.9999999999999999,exponential,626,269.0,269.0,4.6702,0,0.0,1.0,1.0
10000,1.0,0.5,0.04605170185988094,4.605170185988092,0.010000000000000004,0.3341885789091388,0.9999999999999999,exponential,627,239.0,239.0,4.7174,0,0.0,1.0,1.0
10000,1.0,0.5,0.04605170185988094,4.605170185988092,0.010000000000000004,0.3341885789091388,0.9999999999999999,exponential,628,1338.0,1338.0,4.9701,0,0.0,1.0,1.0
10000,1.0,0.5,0.04605170185988094,4.605170185988092,0.010000000000000004,0.3341885789091388,0.9999999999999999,exponential,629,114.0,114.0,4.6447997,0,0.0,1.0,1.0
10000,1.0,0.5,0.04605170185988094,4.605170185988092,0.010000000000000004,0.3341885789091388,0.9999999999999999,exponential,630,155.0,155.0,4.9497,0,0.0,1.0,1.0
10000,1.0,0.5,0.04605170185988094,4.605170185988092,0.010000000000000004,0.3341885789091388,0.9999999999999999,exponential,631,742.0,742.0,5.1707997,0,0.0,1.0,1.0
10000,1.0,0.5,0.04605170185988094,4.605170185988092,0.010000000000000004,0.3341885789091388,0.9999999999999999,exponential,632,147.0,147.0,4.566,0,0.0,1.0,1.0
10000,1.0,0.5,0.04605170185988094,4.605170185988092,0.010000000000000004,0.3341885789091388,0.9999999999999999,exponential,633,560.0,560.0,4.9063997,0,0.0,1.0,1.0
10000,1.0,0.5,0.04605170185988094,4.605170185988092,0.010000000000000004,0.3341885789091388,0.9999999999999999,exponential,634,234.0,234.0,5.7629,0,0.0,1.0,1.0
10000,1.0,0.5,0.04605170185988094,4.605170185988092,0.010000000000000004,0.3341885789091388,0.9999999999999999,exponential,635,935.0,935.0,4.7388,0,0.0,1.0,1.0
10000,1.0,0.5,0.04605170185988094,4.605170185988092,0.010000000000000004,0.3341885789091388,0.9999999999999999,exponential,636,171.0,171.0,4.9783998,0,0.0,1.0,1.0
10000,1.0,0.5,0.04605170185988094,4.605170185988092,0.010000000000000004,0.3341885789091388,0.9999999999999999,exponential,637,147.0,147.0,4.3164997,0,0.0,1.0,1.0
10000,1.0,0.5,0.04605170185988094,4.605170185988092,0.010000000000000004,0.3341885789091388,0.9999999999999999,exponential,638,115.0,115.0,5.1780996,0,0.0,1.0,1.0
10000,1.0,0.5,0.04605170185988094,4.605170185988092,0.010000000000000004,0.3341885789091388,0.9999999999999999,exponential,639,234.0,234.0,5.2709,0,0.0,1.0,1.0
10000,1.0,0.5,0.04605170185988094,4.605170185988092,0.010000000000000004,0.3341885789091388,0.9999999999999999,exponential,640,551.0,551.0,4.3085,0,0.0,1.0,1.0
10000,1.0,0.5,0.04605170185988094,4.605170185988092,0.010000000000000004,0.3341885789091388,0.9999999999999999,exponential,641,247.0,247.0,4.9027,0,0.0,1.0,1.0
10000,1.0,0.5,0.04605170185988094,4.605170185988092,0.010000000000000004,0.3341885789091388,0.9999999999999999,exponential,642,179.0,179.0,4.9258,0,0.0,1.0,1.0
10000,1.0,0.5,0.04605170185988094,4.605170185988092,0.010000000000000004,0.3341885789091388,0.9999999999999999,exponential,643,1943.0,1943.0,4.3215,0,0.0,1.0,1.0
10000,1.0,0.5,0.04605170185988094,4.605170185988092,0.010000000000000004,0.3341885789091388,0.9999999999999999,exponential,644,190.0,190.0,5.0752,0,0.0,1.0,1.0
10000,1.0,0.5,0.04605170185988094,4.605170185988092,0.010000000000000004,0.3341885789091388,0.9999999999999999,exponential,645,470.0,470.0,5.0165,0,0.0,1.0,1.0
10000,1.0,0.5,0.04605170185988094,4.605170185988092,0.010000000000000004,0.3341885789091388,0.9999999999999999,exponential,646,597.0,597.0,4.6257,0,0.0,1.0,1.0
10000,1.0,0.5,0.04605170185988094,4.605170185988092,0.010000000000000004,0.3341885789091388,0.9999999999999999,exponential,647,822.0,822.0,4.8503,0,0.0,1.0,1.0
10000,1.0,0.5,0.04605170185988094,4.605170185988092,0.010000000000000004,0.3341885789091388,0.9999999999999999,exponential,648,949.0,949.0,4.9038,0,0.0,1.0,1.0
10000,1.0,0.5,0.04605170185988094,4.605170185988092,0.010000000000000004,0.3341885789091388,0.9999999999999999,exponential,649,151.0,151.0,5.3595,0,0.0,1.0,1.0
10000,1.0,0.5,0.04605170185988094,4.605170185988092,0.010000000000000004,0.3341885789091388,0.9999999999999999,exponential,650,281.0,281.0,5.2029,0,0.0,1.0,1.0
10000,1.0,0.5,0.04605170185988094,4.605170185988092,0.010000000000000004,0.3341885789091388,0.9999999999999999,exponential,651,69.0,69.0,4.5323,0,0.0,1.0,1.0
10000,1.0,0.5,0.04605170185988094,4.605170185988092,0.010000000000000004,0.3341885789091388,0.9999999999999999,exponential,652,536.0,536.0,4.8311996,0,0.0,1.0,1.0
10000,1.0,0.5,0.04605170185988094,4.605170185988092,0.010000000000000004,0.3341885789091388,0.9999999999999999,exponential,653,1010.0,1010.0,4.6892,0,0.0,1.0,1.0
10000,1.0,0.5,0.04605170185988094,4.605170185988092,0.010000000000000004,0.3341885789091388,0.9999999999999999,exponential,654,53.0,53.0,4.7948,0,0.0,1.0,1.0
10000,1.0,0.5,0.04605170185988094,4.605170185988092,0.010000000000000004,0.3341885789091388,0.9999999999999999,exponential,655,1575.0,1575.0,4.9596,0,0.0,1.0,1.0
10000,1.0,0.5,0.04605170185988094,4.605170185988092,0.010000000000000004,0.3341885789091388,0.9999999999999999,exponential,656,1121.0,1121.0,4.9058,0,0.0,1.0,1.0
10000,1.0,0.5,0.04605170185988094,4.605170185988092,0.010000000000000004,0.3341885789091388,0.9999999999999999,exponential,657,245.0,245.0,4.7077,0,0.0,1.0,1.0
10000,1.0,0.5,0.04605170185988094,4.605170185988092,0.010000000000000004,0.3341885789091388,0.9999999999999999,exponential,658,1642.0,1642.0,4.9547,0,0.0,1.0,1.0
10000,1.0,0.5,0.04605170185988094,4.605170185988092,0.010000000000000004,0.3341885789091388,0.9999999999999999,exponential,659,834.0,834.0,4.9765,0,0.0,1.0,1.0
10000,1.0,0.5,0.04605170185988094,4.605170185988092,0.010000000000000004,0.3341885789091388,0.9999999999999999,exponential,660,96.0,96.0,5.0401,0,0.0,1.0,1.0
10000,1.0,0.5,0.04605170185988094,4.605170185988092,0.010000000000000004,0.3341885789091388,0.9999999999999999,exponential,661,484.0,484.0,4.6698,0,0.0,1.0,1.0
10000,1.0,0.5,0.04605170185988094,4.605170185988092,0.010000000000000004,0.3341885789091388,0.9999999999999999,exponential,662,1460.0,1460.0,4.8988,0,0.0,1.0,1.0
10000,1.0,0.5,0.04605170185988094,4.605170185988092,0.010000000000000004,0.3341885789091388,0.9999999999999999,exponential,663,596.0,596.0,5.1959,0,0.0,1.0,1.0
10000,1.0,0.5,0.04605170185988094,4.605170185988092,0.010000000000000004,0.3341885789091388,0.9999999999999999,exponential,664,595.0,595.0,4.6376,0,0.0,1.0,1.0
10000,1.0,0.5,0.04605170185988094,4.605170185988092,0.010000000000000004,0.3341885789091388,0.9999999999999999,exponential,665,1051.0,1051.0,4.8669,0,0.0,1.0,1.0
10000,1.0,0.5,0.04605170185988094,4.605170185988092,0.010000000000000004,0.3341885789091388,0.9999999999999999,exponential,666,67.0,67.0,5.048,0,0.0,1.0,1.0
10000,1.0,0.5,0.04605170185988094,4.605170185988092,0.010000000000000004,0.3341885789091388,0.9999999999999999,exponential,667,322.0,322.0,5.1700997,0,0.0,1.0,1.0
10000,1.0,0.5,0.04605170185988094,4.605170185988092,0.010000000000000004,0.3341885789091388,0.9999999999999999,exponential,668,654.0,654.0,4.4205,0,0.0,1.0,1.0
10000,1.0,0.5,0.04605170185988094,4.605170185988092,0.010000000000000004,0.3341885789091388,0.9999999999999999,exponential,669,92.0,92.0,4.6969,0,0.0,1.0,1.0
10000,1.0,0.5,0.04605170185988094,4.605170185988092,0.010000000000000004,0.3341885789091388,0.9999999999999999,exponential,670,150.0,150.0,4.9133997,0,0.0,1.0,1.0
10000,1.0,0.5,0.04605170185988094,4.605170185988092,0.010000000000000004,0.3341885789091388,0.9999999999999999,exponential,671,325.0,325.0,4.646,0,0.0,1.0,1.0
10000,1.0,0.5,0.04605170185988094,4.605170185988092,0.010000000000000004,0.3341885789091388,0.9999999999999999,exponential,672,344.0,344.0,4.6821,0,0.0,1.0,1.0
10000,1.0,0.5,0.04605170185988094,4.605170185988092,0.010000000000000004,0.3341885789091388,0.9999999999999999,exponential,673,148.0,148.0,4.9221997,0,0.0,1.0,1.0
10000,1.0,0.5,0.04605170185988094,4.605170185988092,0.010000000000000004,0.3341885789091388,0.9999999999999999,exponential,674,79.0,79.0,4.838,0,0.0,1.0,1.0
10000,1.0,0.5,0.04605170185988094,4.605170185988092,0.010000000000000004,0.3341885789091388,0.9999999999999999,exponential,675,126.0,126.0,4.618,0,0.0,1.0,1.0
10000,1.0,0.5,0.04605170185988094,4.605170185988092,0.010000000000000004,0.3341885789091388,0.9999999999999999,exponential,676,82.0,82.0,4.856,0,0.0,1.0,1.0
10000,1.0,0.5,0.04605170185988094,4.605170185988092,0.010000000000000004,0.3341885789091388,0.9999999999999999,exponential,677,149.0,149.0,4.5917,0,0.0,1.0,1.0
10000,1.0,0.5,0.04605170185988094,4.605170185988092,0.010000000000000004,0.3341885789091388,0.9999999999999999,exponential,678,124.0,124.0,5.2563,0,0.0,1.0,1.0
10000,1.0,0.5,0.04605170185988094,4.605170185988092,0.010000000000000004,0.3341885789091388,0.9999999999999999,exponential,679,70.0,70.0,4.5397997,0,0.0,1.0,1.0
10000,1.0,0.5,0.04605170185988094,4.605170185988092,0.010000000000000004,0.3341885789091388,0.9999999999999999,exponential,680,1295.0,1295.0,4.843,0,0.0,1.0,1.0
10000,1.0,0.5,0.04605170185988094,4.605170185988092,0.010000000000000004,0.3341885789091388,0.9999999999999999,exponential,681,1029.0,1029.0,4.9347,0,0.0,1.0,1.0
10000,1.0,0.5,0.04605170185988094,4.605170185988092,0.010000000000000004,0.3341885789091388,0.9999999999999999,exponential,682,121.0,121.0,4.9498997,0,0.0,1.0,1.0
10000,1.0,0.5,0.04605170185988094,4.605170185988092,0.010000000000000004,0.3341885789091388,0.9999999999999999,exponential,683,464.0,464.0,5.035,0,0.0,1.0,1.0
10000,1.0,0.5,0.04605170185988094,4.605170185988092,0.010000000000000004,0.3341885789091388,0.9999999999999999,exponential,684,485.0,485.0,4.7732997,0,0.0,1.0,1.0
10000,1.0,0.5,0.04605170185988094,4.605170185988092,0.010000000000000004,0.3341885789091388,0.9999999999999999,exponential,685,312.0,312.0,4.8568,0,0.0,1.0,1.0
10000,1.0,0.5,0.04605170185988094,4.605170185988092,0.010000000000000004,0.3341885789091388,0.9999999999999999,exponential,686,229.0,229.0,5.0687,0,0.0,1.0,1.0
10000,1.0,0.5,0.04605170185988094,4.605170185988092,0.010000000000000004,0.3341885789091388,0.9999999999999999,exponential,687,2223.0,2223.0,4.3726997,0,0.0,1.0,1.0
10000,1.0,0.5,0.04605170185988094,4.605170185988092,0.010000000000000004,0.3341885789091388,0.9999999999999999,exponential,688,1220.0,1220.0,4.797,0,0.0,1.0,1.0
10000,1.0,0.5,0.04605170185988094,4.605170185988092,0.010000000000000004,0.3341885789091388,0.9999999999999999,exponential,689,436.0,436.0,4.6531997,0,0.0,1.0,1.0
10000,1.0,0.5,0.04605170185988094,4.605170185988092,0.010000000000000004,0.3341885789091388,0.9999999999999999,exponential,690,346.0,346.0,4.7788,0,0.0,1.0,1.0
10000,1.0,0.5,0.04605170185988094,4.605170185988092,0.010000000000000004,0.3341885789091388,0.9999999999999999,exponential,691,191.0,191.0,4.8290997,0,0.0,1.0,1.0
10000,1.0,0.5,0.04605170185988094,4.605170185988092,0.010000000000000004,0.3341885789091388,0.9999999999999999,exponential,692,331.0,331.0,4.8683,0,0.0,1.0,1.0
10000,1.0,0.5,0.04605170185988094,4.605170185988092,0.010000000000000004,0.3341885789091388,0.9999999999999999,exponential,693,461.0,461.0,4.6809,0,0.0,1.0,1.0
10000,1.0,0.5,0.04605170185988094,4.605170185988092,0.010000000000000004,0.3341885789091388,0.9999999999999999,exponential,694,170.0,170.0,4.7483997,0,0.0,1.0,1.0
10000,1.0,0.5,0.04605170185988094,4.605170185988092,0.010000000000000004,0.3341885789091388,0.9999999999999999,exponential,695,313.0,313.0,4.5427,0,0.0,1.0,1.0
10000,1.0,0.5,0.04605170185988094,4.605170185988092,0.010000000000000004,0.3341885789091388,0.9999999999999999,exponential,696,191.0,191.0,4.2913,0,0.0,1.0,1.0
10000,1.0,0.5,0.04605170185988094,4.605170185988092,0.010000000000000004,0.3341885789091388,0.9999999999999999,exponential,697,322.0,322.0,4.9353,0,0.0,1.0,1.0
10000,1.0,0.5,0.04605170185988094,4.605170185988092,0.010000000000000004,0.3341885789091388,0.9999999999999999,exponential,698,411.0,411.0,4.3610997,0,0.0,1.0,1.0
10000,1.0,0.5,0.04605170185988094,4.605170185988092,0.010000000000000004,0.3341885789091388,0.9999999999999999,exponential,699,1118.0,1118.0,4.1615,0,0.0,1.0,1.0
10000,1.0,0.5,0.04605170185988094,4.605170185988092,0.010000000000000004,0.3341885789091388,0.9999999999999999,exponential,700,629.0,629.0,5.2075996,0,0.0,1.0,1.0
10000,1.0,0.5,0.04605170185988094,4.605170185988092,0.010000000000000004,0.3341885789091388,0.9999999999999999,exponential,701,827.0,827.0,4.7750998,0,0.0,1.0,1.0
10000,1.0,0.5,0.04605170185988094,4.605170185988092,0.010000000000000004,0.3341885789091388,0.9999999999999999,exponential,702,321.0,321.0,4.4669,0,0.0,1.0,1.0
10000,1.0,0.5,0.04605170185988094,4.605170185988092,0.010000000000000004,0.3341885789091388,0.9999999999999999,exponential,703,136.0,136.0,4.6823997,0,0.0,1.0,1.0
10000,1.0,0.5,0.04605170185988094,4.605170185988092,0.010000000000000004,0.3341885789091388,0.9999999999999999,exponential,704,465.0,465.0,4.6849,0,0.0,1.0,1.0
10000,1.0,0.5,0.04605170185988094,4.605170185988092,0.010000000000000004,0.3341885789091388,0.9999999999999999,exponential,705,58.0,58.0,5.0766,0,0.0,1.0,1.0
10000,1.0,0.5,0.04605170185988094,4.605170185988092,0.010000000000000004,0.3341885789091388,0.9999999999999999,exponential,706,305.0,305.0,5.0808,0,0.0,1.0,1.0
10000,1.0,0.5,0.04605170185988094,4.605170185988092,0.010000000000000004,0.3341885789091388,0.9999999999999999,exponential,707,170.0,170.0,5.3445997,0,0.0,1.0,1.0
10000,1.0,0.5,0.04605170185988094,4.605170185988092,0.010000000000000004,0.3341885789091388,0.9999999999999999,exponential,708,656.0,656.0,5.1281,0,0.0,1.0,1.0
10000,1.0,0.5,0.04605170185988094,4.605170185988092,0.010000000000000004,0.3341885789091388,0.9999999999999999,exponential,709,76.0,76.0,4.6068997,0,0.0,1.0,1.0
10000,1.0,0.5,0.04605170185988094,4.605170185988092,0.010000000000000004,0.3341885789091388,0.9999999999999999,exponential,710,1109.0,1109.0,4.8352,0,0.0,1.0,1.0
10000,1.0,0.5,0.04605170185988094,4.605170185988092,0.010000000000000004,0.3341885789091388,0.9999999999999999,exponential,711,223.0,223.0,5.4195,0,0.0,1.0,1.0
10000,1.0,0.5,0.04605170185988094,4.605170185988092,0.010000000000000004,0.3341885789091388,0.9999999999999999,exponential,712,291.0,291.0,4.8406,0,0.0,1.0,1.0
10000,1.0,0.5,0.04605170185988094,4.605170185988092,0.010000000000000004,0.3341885789091388,0.9999999999999999,exponential,713,179.0,179.0,4.7263,0,0.0,1.0,1.0
10000,1.0,0.5,0.04605170185988094,4.605170185988092,0.010000000000000004,0.3341885789091388,0.9999999999999999,exponential,714,664.0,664.0,4.2981997,0,0.0,1.0,1.0
10000,1.0,0.5,0.04605170185988094,4.605170185988092,0.010000000000000004,0.3341885789091388,0.9999999999999999,exponential,715,178.0,178.0,4.7345,0,0.0,1.0,1.0
10000,1.0,0.5,0.04605170185988094,4.605170185988092,0.010000000000000004,0.3341885789091388,0.9999999999999999,exponential,716,280.0,280.0,5.1243997,0,0.0,1.0,1.0
10000,1.0,0.5,0.04605170185988094,4.605170185988092,0.010000000000000004,0.3341885789091388,0.9999999999999999,exponential,717,262.0,262.0,4.5017,0,0.0,1.0,1.0
10000,1.0,0.5,0.04605170185988094,4.605170185988092,0.010000000000000004,0.3341885789091388,0.9999999999999999,exponential,718,2091.0,2091.0,4.671,0,0.0,1.0,1.0
10000,1.0,0.5,0.04605170185988094,4.605170185988092,0.010000000000000004,0.3341885789091388,0.9999999999999999,exponential,719,169.0,169.0,5.0025,0,0.0,1.0,1.0
10000,1.0,0.5,0.04605170185988094,4.605170185988092,0.010000000000000004,0.3341885789091388,0.9999999999999999,exponential,720,401.0,401.0,5.029,0,0.0,1.0,1.0
10000,1.0,0.5,0.04605170185988094,4.605170185988092,0.010000000000000004,0.3341885789091388,0.9999999999999999,exponential,721,575.0,575.0,5.1994,0,0.0,1.0,1.0
10000,1.0,0.5,0.04605170185988094,4.605170185988092,0.010000000000000004,0.3341885789091388,0.9999999999999999,exponential,722,429.0,429.0,5.183,0,0.0,1.0,1.0
10000,1.0,0.5,0.04605170185988094,4.605170185988092,0.010000000000000004,0.3341885789091388,0.9999999999999999,exponential,723,188.0,188.0,5.0587,0,0.0,1.0,1.0
10000,1.0,0.5,0.04605170185988094,4.605170185988092,0.010000000000000004,0.3341885789091388,0.9999999999999999,exponential,724,220.0,220.0,4.981,0,0.0,1.0,1.0
10000,1.0,0.5,0.04605170185988094,4.605170185988092,0.010000000000000004,0.3341885789091388,0.9999999999999999,exponential,725,958.0,958.0,5.0418,0,0.0,1.0,1.0
10000,1.0,0.5,0.04605170185988094,4.605170185988092,0.010000000000000004,0.3341885789091388,0.9999999999999999,exponential,726,75.0,75.0,4.625,0,0.0,1.0,1.0
10000,1.0,0.5,0.04605170185988094,4.605170185988092,0.010000000000000004,0.3341885789091388,0.9999999999999999,exponential,727,294.0,294.0,4.2995,0,0.0,1.0,1.0
10000,1.0,0.5,0.04605170185988094,4.605170185988092,0.010000000000000004,0.3341885789091388,0.9999999999999999,exponential,728,98.0,98.0,4.6889,0,0.0,1.0,1.0
10000,1.0,0.5,0.04605170185988094,4.605170185988092,0.010000000000000004,0.3341885789091388,0.9999999999999999,exponential,729,255.0,255.0,4.7922,0,0.0,1.0,1.0
10000,1.0,0.5,0.04605170185988094,4.605170185988092,0.010000000000000004,0.3341885789091388,0.9999999999999999,exponential,730,575.0,575.0,4.6412,0,0.0,1.0,1.0
10000,1.0,0.5,0.04605170185988094,4.605170185988092,0.010000000000000004,0.3341885789091388,0.9999999999999999,exponential,731,617.0,617.0,4.7953997,0,0.0,1.0,1.0
10000,1.0,0.5,0.04605170185988094,4.605170185988092,0.010000000000000004,0.3341885789091388,0.9999999999999999,exponential,732,146.0,146.0,4.8991,0,0.0,1.0,1.0
10000,1.0,0.5,0.04605170185988094,4.605170185988092,0.010000000000000004,0.3341885789091388,0.9999999999999999,exponential,733,607.0,607.0,4.8564,0,0.0,1.0,1.0
10000,1.0,0.5,0.04605170185988094,4.605170185988092,0.010000000000000004,0.3341885789091388,0.9999999999999999,exponential,734,1255.0,1255.0,4.5266,0,0.0,1.0,1.0
10000,1.0,0.5,0.04605170185988094,4.605170185988092,0.010000000000000004,0.3341885789091388,0.9999999999999999,exponential,735,142.0,142.0,5.0088997,0,0.0,1.0,1.0
10000,1.0,0.5,0.04605170185988094,4.605170185988092,0.010000000000000004,0.3341885789091388,0.9999999999999999,exponential,736,257.0,257.0,4.9351,0,0.0,1.0,1.0
10000,1.0,0.5,0.04605170185988094,4.605170185988092,0.010000000000000004,0.3341885789091388,0.9999999999999999,exponential,737,395.0,395.0,5.171,0,0.0,1.0,1.0
10000,1.0,0.5,0.04605170185988094,4.605170185988092,0.010000000000000004,0.3341885789091388,0.9999999999999999,exponential,738,1021.0,1021.0,4.8395,0,0.0,1.0,1.0
10000,1.0,0.5,0.04605170185988094,4.605170185988092,0.010000000000000004,0.3341885789091388,0.9999999999999999,exponential,739,417.0,417.0,4.72,0,0.0,1.0,1.0
10000,1.0,0.5,0.04605170185988094,4.605170185988092,0.010000000000000004,0.3341885789091388,0.9999999999999999,exponential,740,423.0,423.0,4.8483996,0,0.0,1.0,1.0
10000,1.0,0.5,0.04605170185988094,4.605170185988092,0.010000000000000004,0.3341885789091388,0.9999999999999999,exponential,741,343.0,343.0,4.8099,0,0.0,1.0,1.0
10000,1.0,0.5,0.04605170185988094,4.605170185988092,0.010000000000000004,0.3341885789091388,0.9999999999999999,exponential,742,257.0,257.0,4.8422,0,0.0,1.0,1.0
10000,1.0,0.5,0.04605170185988094,4.605170185988092,0.010000000000000004,0.3341885789091388,0.9999999999999999,exponential,743,359.0,359.0,4.6165,0,0.0,1.0,1.0
10000,1.0,0.5,0.04605170185988094,4.605170185988092,0.010000000000000004,0.3341885789091388,0.9999999999999999,exponential,744,709.0,709.0,4.3677,0,0.0,1.0,1.0
10000,1.0,0.5,0.04605170185988094,4.605170185988092,0.010000000000000004,0.3341885789091388,0.9999999999999999,exponential,745,67.0,67.0,4.4333,0,0.0,1.0,1.0
10000,1.0,0.5,0.04605170185988094,4.605170185988092,0.010000000000000004,0.3341885789091388,0.9999999999999999,exponential,746,130.0,130.0,4.7872,0,0.0,1.0,1.0
10000,1.0,0.5,0.04605170185988094,4.605170185988092,0.010000000000000004,0.3341885789091388,0.9999999999999999,exponential,747,370.0,370.0,4.9241,0,0.0,1.0,1.0
10000,1.0,0.5,0.04605170185988094,4.605170185988092,0.010000000000000004,0.3341885789091388,0.9999999999999999,exponential,748,124.0,124.0,4.8529,0,0.0,1.0,1.0
10000,1.0,0.5,0.04605170185988094,4.605170185988092,0.010000000000000004,0.3341885789091388,0.9999999999999999,exponential,749,719.0,719.0,4.5157,0,0.0,1.0,1.0
10000,1.0,0.5,0.04605170185988094,4.605170185988092,0.010000000000000004,0.3341885789091388,0.9999999999999999,exponential,750,372.0,372.0,4.6414,0,0.0,1.0,1.0
10000,1.0,0.5,0.04605170185988094,4.605170185988092,0.010000000000000004,0.3341885789091388,0.9999999999999999,exponential,751,129.0,129.0,4.6674,0,0.0,1.0,1.0
10000,1.0,0.5,0.04605170185988094,4.605170185988092,0.010000000000000004,0.3341885789091388,0.9999999999999999,exponential,752,378.0,378.0,4.9491997,0,0.0,1.0,1.0
10000,1.0,0.5,0.04605170185988094,4.605170185988092,0.010000000000000004,0.3341885789091388,0.9999999999999999,exponential,753,1052.0,1052.0,5.1379,0,0.0,1.0,1.0
10000,1.0,0.5,0.04605170185988094,4.605170185988092,0.010000000000000004,0.3341885789091388,0.9999999999999999,exponential,754,485.0,485.0,5.1891,0,0.0,1.0,1.0
10000,1.0,0.5,0.04605170185988094,4.605170185988092,0.010000000000000004,0.3341885789091388,0.9999999999999999,exponential,755,158.0,158.0,4.6110997,0,0.0,1.0,1.0
10000,1.0,0.5,0.04605170185988094,4.605170185988092,0.010000000000000004,0.3341885789091388,0.9999999999999999,exponential,756,458.0,458.0,4.4558,0,0.0,1.0,1.0
10000,1.0,0.5,0.04605170185988094,4.605170185988092,0.010000000000000004,0.3341885789091388,0.9999999999999999,exponential,757,377.0,377.0,4.2890997,0,0.0,1.0,1.0
10000,1.0,0.5,0.04605170185988094,4.605170185988092,0.010000000000000004,0.3341885789091388,0.9999999999999999,exponential,758,578.0,578.0,4.6744,0,0.0,1.0,1.0
10000,1.0,0.5,0.04605170185988094,4.605170185988092,0.010000000000000004,0.3341885789091388,0.9999999999999999,exponential,759,135.0,135.0,4.7258997,0,0.0,1.0,1.0
10000,1.0,0.5,0.04605170185988094,4.605170185988092,0.010000000000000004,0.3341885789091388,0.9999999999999999,exponential,760,93.0,93.0,5.161,0,0.0,1.0,1.0
10000,1.0,0.5,0.04605170185988094,4.605170185988092,0.010000000000000004,0.3341885789091388,0.9999999999999999,exponential,761,135.0,135.0,4.7121,0,0.0,1.0,1.0
10000,1.0,0.5,0.04605170185988094,4.605170185988092,0.010000000000000004,0.3341885789091388,0.9999999999999999,exponential,762,116.0,116.0,4.3691,0,0.0,1.0,1.0
10000,1.0,0.5,0.04605170185988094,4.605170185988092,0.010000000000000004,0.3341885789091388,0.9999999999999999,exponential,763,922.0,922.0,4.4302,0,0.0,1.0,1.0
10000,1.0,0.5,0.04605170185988094,4.605170185988092,0.010000000000000004,0.3341885789091388,0.9999999999999999,exponential,764,926.0,926.0,4.6489,0,0.0,1.0,1.0
10000,1.0,0.5,0.04605170185988094,4.605170185988092,0.010000000000000004,0.3341885789091388,0.9999999999999999,exponential,765,404.0,404.0,5.0172,0,0.0,1.0,1.0
10000,1.0,0.5,0.04605170185988094,4.605170185988092,0.010000000000000004,0.3341885789091388,0.9999999999999999,exponential,766,655.0,655.0,5.4554,0,0.0,1.0,1.0
10000,1.0,0.5,0.04605170185988094,4.605170185988092,0.010000000000000004,0.3341885789091388,0.9999999999999999,exponential,767,308.0,308.0,4.7228,0,0.0,1.0,1.0
10000,1.0,0.5,0.04605170185988094,4.605170185988092,0.010000000000000004,0.3341885789091388,0.9999999999999999,exponential,768,185.0,185.0,5.3564,0,0.0,1.0,1.0
10000,1.0,0.5,0.04605170185988094,4.605170185988092,0.010000000000000004,0.3341885789091388,0.9999999999999999,exponential,769,452.0,452.0,4.8553,0,0.0,1.0,1.0
10000,1.0,0.5,0.04605170185988094,4.605170185988092,0.010000000000000004,0.3341885789091388,0.9999999999999999,exponential,770,159.0,159.0,5.2247996,0,0.0,1.0,1.0
10000,1.0,0.5,0.04605170185988094,4.605170185988092,0.010000000000000004,0.3341885789091388,0.9999999999999999,exponential,771,122.0,122.0,4.8517,0,0.0,1.0,1.0
10000,1.0,0.5,0.04605170185988094,4.605170185988092,0.010000000000000004,0.3341885789091388,0.9999999999999999,exponential,772,1555.0,1555.0,4.6313,0,0.0,1.0,1.0
10000,1.0,0.5,0.04605170185988094,4.605170185988092,0.010000000000000004,0.3341885789091388,0.9999999999999999,exponential,773,545.0,545.0,4.9386997,0,0.0,1.0,1.0
10000,1.0,0.5,0.04605170185988094,4.605170185988092,0.010000000000000004,0.3341885789091388,0.9999999999999999,exponential,774,183.0,183.0,5.0021,0,0.0,1.0,1.0
10000,1.0,0.5,0.04605170185988094,4.605170185988092,0.010000000000000004,0.3341885789091388,0.9999999999999999,exponential,775,122.0,122.0,4.7929997,0,0.0,1.0,1.0
10000,1.0,0.5,0.04605170185988094,4.605170185988092,0.010000000000000004,0.3341885789091388,0.9999999999999999,exponential,776,470.0,470.0,4.6665,0,0.0,1.0,1.0
10000,1.0,0.5,0.04605170185988094,4.605170185988092,0.010000000000000004,0.3341885789091388,0.9999999999999999,exponential,777,64.0,64.0,4.5401,0,0.0,1.0,1.0
10000,1.0,0.5,0.04605170185988094,4.605170185988092,0.010000000000000004,0.3341885789091388,0.9999999999999999,exponential,778,163.0,163.0,5.0848,0,0.0,1.0,1.0
10000,1.0,0.5,0.04605170185988094,4.605170185988092,0.010000000000000004,0.3341885789091388,0.9999999999999999,exponential,779,165.0,165.0,4.9579997,0,0.0,1.0,1.0
10000,1.0,0.5,0.04605170185988094,4.605170185988092,0.010000000000000004,0.3341885789091388,0.9999999999999999,exponential,780,282.0,282.0,4.4017,0,0.0,1.0,1.0
10000,1.0,0.5,0.04605170185988094,4.605170185988092,0.010000000000000004,0.3341885789091388,0.9999999999999999,exponential,781,82.0,82.0,5.095,0,0.0,1.0,1.0
10000,1.0,0.5,0.04605170185988094,4.605170185988092,0.010000000000000004,0.3341885789091388,0.9999999999999999,exponential,782,121.0,121.0,4.7065,0,0.0,1.0,1.0
10000,1.0,0.5,0.04605170185988094,4.605170185988092,0.010000000000000004,0.3341885789091388,0.9999999999999999,exponential,783,184.0,184.0,4.6333,0,0.0,1.0,1.0
10000,1.0,0.5,0.04605170185988094,4.605170185988092,0.010000000000000004,0.3341885789091388,0.9999999999999999,exponential,784,626.0,626.0,4.5815,0,0.0,1.0,1.0
10000,1.0,0.5,0.04605170185988094,4.605170185988092,0.010000000000000004,0.3341885789091388,0.9999999999999999,exponential,785,154.0,154.0,4.7432,0,0.0,1.0,1.0
10000,1.0,0.5,0.04605170185988094,4.605170185988092,0.010000000000000004,0.3341885789091388,0.9999999999999999,exponential,786,180.0,180.0,5.1263,0,0.0,1.0,1.0
10000,1.0,0.5,0.04605170185988094,4.605170185988092,0.010000000000000004,0.3341885789091388,0.9999999999999999,exponential,787,825.0,825.0,5.0861998,0,0.0,1.0,1.0
10000,1.0,0.5,0.04605170185988094,4.605170185988092,0.010000000000000004,0.3341885789091388,0.9999999999999999,exponential,788,676.0,676.0,4.6092997,0,0.0,1.0,1.0
10000,1.0,0.5,0.04605170185988094,4.605170185988092,0.010000000000000004,0.3341885789091388,0.9999999999999999,exponential,789,136.0,136.0,4.9419,0,0.0,1.0,1.0
10000,1.0,0.5,0.04605170185988094,4.605170185988092,0.010000000000000004,0.3341885789091388,0.9999999999999999,exponential,790,279.0,279.0,5.0464,0,0.0,1.0,1.0
10000,1.0,0.5,0.04605170185988094,4.605170185988092,0.010000000000000004,0.3341885789091388,0.9999999999999999,exponential,791,703.0,703.0,5.0723,0,0.0,1.0,1.0
10000,1.0,0.5,0.04605170185988094,4.605170185988092,0.010000000000000004,0.3341885789091388,0.9999999999999999,exponential,792,485.0,485.0,4.7881,0,0.0,1.0,1.0
10000,1.0,0.5,0.04605170185988094,4.605170185988092,0.010000000000000004,0.3341885789091388,0.9999999999999999,exponential,793,162.0,162.0,4.8229,0,0.0,1.0,1.0
10000,1.0,0.5,0.04605170185988094,4.605170185988092,0.010000000000000004,0.3341885789091388,0.9999999999999999,exponential,794,756.0,756.0,4.8931,0,0.0,1.0,1.0
10000,1.0,0.5,0.04605170185988094,4.605170185988092,0.010000000000000004,0.3341885789091388,0.9999999999999999,exponential,795,185.0,185.0,4.9241,0,0.0,1.0,1.0
10000,1.0,0.5,0.04605170185988094,4.605170185988092,0.010000000000000004,0.3341885789091388,0.9999999999999999,exponential,796,386.0,386.0,4.7026997,0,0.0,1.0,1.0
10000,1.0,0.5,0.04605170185988094,4.605170185988092,0.010000000000000004,0.3341885789091388,0.9999999999999999,exponential,797,54.0,54.0,4.7023997,0,0.0,1.0,1.0
10000,1.0,0.5,0.04605170185988094,4.605170185988092,0.010000000000000004,0.3341885789091388,0.9999999999999999,exponential,798,614.0,614.0,4.7717,0,0.0,1.0,1.0
10000,1.0,0.5,0.04605170185988094,4.605170185988092,0.010000000000000004,0.3341885789091388,0.9999999999999999,exponential,799,306.0,306.0,5.0464,0,0.0,1.0,1.0
10000,1.0,0.5,0.04605170185988094,4.605170185988092,0.010000000000000004,0.3341885789091388,0.9999999999999999,exponential,800,1066.0,1066.0,4.7573,0,0.0,1.0,1.0
10000,1.0,0.5,0.04605170185988094,4.605170185988092,0.010000000000000004,0.3341885789091388,0.9999999999999999,exponential,801,389.0,389.0,4.7211,0,0.0,1.0,1.0
10000,1.0,0.5,0.04605170185988094,4.605170185988092,0.010000000000000004,0.3341885789091388,0.9999999999999999,exponential,802,1277.0,1277.0,4.6179,0,0.0,1.0,1.0
10000,1.0,0.5,0.04605170185988094,4.605170185988092,0.010000000000000004,0.3341885789091388,0.9999999999999999,exponential,803,521.0,521.0,4.2548,0,0.0,1.0,1.0
10000,1.0,0.5,0.04605170185988094,4.605170185988092,0.010000000000000004,0.3341885789091388,0.9999999999999999,exponential,804,1203.0,1203.0,4.4509,0,0.0,1.0,1.0
10000,1.0,0.5,0.04605170185988094,4.605170185988092,0.010000000000000004,0.3341885789091388,0.9999999999999999,exponential,805,324.0,324.0,5.3152,0,0.0,1.0,1.0
10000,1.0,0.5,0.04605170185988094,4.605170185988092,0.010000000000000004,0.3341885789091388,0.9999999999999999,exponential,806,64.0,64.0,4.6323,0,0.0,1.0,1.0
10000,1.0,0.5,0.04605170185988094,4.605170185988092,0.010000000000000004,0.3341885789091388,0.9999999999999999,exponential,807,113.0,113.0,5.1438,0,0.0,1.0,1.0
10000,1.0,0.5,0.04605170185988094,4.605170185988092,0.010000000000000004,0.3341885789091388,0.9999999999999999,exponential,808,217.0,217.0,5.0139,0,0.0,1.0,1.0
10000,1.0,0.5,0.04605170185988094,4.605170185988092,0.010000000000000004,0.3341885789091388,0.9999999999999999,exponential,809,385.0,385.0,4.4672,0,0.0,1.0,1.0
10000,1.0,0.5,0.04605170185988094,4.605170185988092,0.010000000000000004,0.3341885789091388,0.9999999999999999,exponential,810,350.0,350.0,5.0111,0,0.0,1.0,1.0
10000,1.0,0.5,0.04605170185988094,4.605170185988092,0.010000000000000004,0.3341885789091388,0.9999999999999999,exponential,811,192.0,192.0,4.8343,0,0.0,1.0,1.0
10000,1.0,0.5,0.04605170185988094,4.605170185988092,0.010000000000000004,0.3341885789091388,0.9999999999999999,exponential,812,416.0,416.0,5.1796,0,0.0,1.0,1.0
10000,1.0,0.5,0.04605170185988094,4.605170185988092,0.010000000000000004,0.3341885789091388,0.9999999999999999,exponential,813,200.0,200.0,5.3931,0,0.0,1.0,1.0
10000,1.0,0.5,0.04605170185988094,4.605170185988092,0.010000000000000004,0.3341885789091388,0.9999999999999999,exponential,814,950.0,950.0,4.7074,0,0.0,1.0,1.0
10000,1.0,0.5,0.04605170185988094,4.605170185988092,0.010000000000000004,0.3341885789091388,0.9999999999999999,exponential,815,976.0,976.0,4.7799,0,0.0,1.0,1.0
10000,1.0,0.5,0.04605170185988094,4.605170185988092,0.010000000000000004,0.3341885789091388,0.9999999999999999,exponential,816,81.0,81.0,4.8977,0,0.0,1.0,1.0
10000,1.0,0.5,0.04605170185988094,4.605170185988092,0.010000000000000004,0.3341885789091388,0.9999999999999999,exponential,817,685.0,685.0,4.8122,0,0.0,1.0,1.0
10000,1.0,0.5,0.04605170185988094,4.605170185988092,0.010000000000000004,0.3341885789091388,0.9999999999999999,exponential,818,130.0,130.0,4.5903997,0,0.0,1.0,1.0
10000,1.0,0.5,0.04605170185988094,4.605170185988092,0.010000000000000004,0.3341885789091388,0.9999999999999999,exponential,819,211.0,211.0,4.4927998,0,0.0,1.0,1.0
10000,1.0,0.5,0.04605170185988094,4.605170185988092,0.010000000000000004,0.3341885789091388,0.9999999999999999,exponential,820,503.0,503.0,4.3863997,0,0.0,1.0,1.0
10000,1.0,0.5,0.04605170185988094,4.605170185988092,0.010000000000000004,0.3341885789091388,0.9999999999999999,exponential,821,406.0,406.0,4.7257,0,0.0,1.0,1.0
10000,1.0,0.5,0.04605170185988094,4.605170185988092,0.010000000000000004,0.3341885789091388,0.9999999999999999,exponential,822,550.0,550.0,4.592,0,0.0,1.0,1.0
10000,1.0,0.5,0.04605170185988094,4.605170185988092,0.010000000000000004,0.3341885789091388,0.9999999999999999,exponential,823,134.0,134.0,4.8167996,0,0.0,1.0,1.0
10000,1.0,0.5,0.04605170185988094,4.605170185988092,0.010000000000000004,0.3341885789091388,0.9999999999999999,exponential,824,44.0,44.0,4.6201,0,0.0,1.0,1.0
10000,1.0,0.5,0.04605170185988094,4.605170185988092,0.010000000000000004,0.3341885789091388,0.9999999999999999,exponential,825,233.0,233.0,4.9221997,0,0.0,1.0,1.0
10000,1.0,0.5,0.04605170185988094,4.605170185988092,0.010000000000000004,0.3341885789091388,0.9999999999999999,exponential,826,341.0,341.0,4.6359,0,0.0,1.0,1.0
10000,1.0,0.5,0.04605170185988094,4.605170185988092,0.010000000000000004,0.3341885789091388,0.9999999999999999,exponential,827,184.0,184.0,4.8842998,0,0.0,1.0,1.0
10000,1.0,0.5,0.04605170185988094,4.605170185988092,0.010000000000000004,0.3341885789091388,0.9999999999999999,exponential,828,1091.0,1091.0,4.7699,0,0.0,1.0,1.0
10000,1.0,0.5,0.04605170185988094,4.605170185988092,0.010000000000000004,0.3341885789091388,0.9999999999999999,exponential,829,621.0,621.0,4.5561,0,0.0,1.0,1.0
10000,1.0,0.5,0.04605170185988094,4.605170185988092,0.010000000000000004,0.3341885789091388,0.9999999999999999,exponential,830,373.0,373.0,4.6102,0,0.0,1.0,1.0
10000,1.0,0.5,0.04605170185988094,4.605170185988092,0.010000000000000004,0.3341885789091388,0.9999999999999999,exponential,831,317.0,317.0,5.0006,0,0.0,1.0,1.0
10000,1.0,0.5,0.04605170185988094,4.605170185988092,0.010000000000000004,0.3341885789091388,0.9999999999999999,exponential,832,154.0,154.0,4.8236,0,0.0,1.0,1.0
10000,1.0,0.5,0.04605170185988094,4.605170185988092,0.010000000000000004,0.3341885789091388,0.9999999999999999,exponential,833,1756.0,1756.0,5.0618997,0,0.0,1.0,1.0
10000,1.0,0.5,0.04605170185988094,4.605170185988092,0.010000000000000004,0.3341885789091388,0.9999999999999999,exponential,834,822.0,822.0,4.6935997,0,0.0,1.0,1.0
10000,1.0,0.5,0.04605170185988094,4.605170185988092,0.010000000000000004,0.3341885789091388,0.9999999999999999,exponential,835,600.0,600.0,4.6759,0,0.0,1.0,1.0
10000,1.0,0.5,0.04605170185988094,4.605170185988092,0.010000000000000004,0.3341885789091388,0.9999999999999999,exponential,836,78.0,78.0,4.8315,0,0.0,1.0,1.0
10000,1.0,0.5,0.04605170185988094,4.605170185988092,0.010000000000000004,0.3341885789091388,0.9999999999999999,exponential,837,176.0,176.0,4.7234,0,0.0,1.0,1.0
10000,1.0,0.5,0.04605170185988094,4.605170185988092,0.010000000000000004,0.3341885789091388,0.9999999999999999,exponential,838,333.0,333.0,4.7406,0,0.0,1.0,1.0
10000,1.0,0.5,0.04605170185988094,4.605170185988092,0.010000000000000004,0.3341885789091388,0.9999999999999999,exponential,839,205.0,205.0,4.8136997,0,0.0,1.0,1.0
10000,1.0,0.5,0.04605170185988094,4.605170185988092,0.010000000000000004,0.3341885789091388,0.9999999999999999,exponential,840,82.0,82.0,4.8815,0,0.0,1.0,1.0
10000,1.0,0.5,0.04605170185988094,4.605170185988092,0.010000000000000004,0.3341885789091388,0.9999999999999999,exponential,841,203.0,203.0,4.9386997,0,0.0,1.0,1.0
10000,1.0,0.5,0.04605170185988094,4.605170185988092,0.010000000000000004,0.3341885789091388,0.9999999999999999,exponential,842,434.0,434.0,4.5634,0,0.0,1.0,1.0
10000,1.0,0.5,0.04605170185988094,4.605170185988092,0.010000000000000004,0.3341885789091388,0.9999999999999999,exponential,843,283.0,283.0,4.4885,0,0.0,1.0,1.0
10000,1.0,0.5,0.04605170185988094,4.605170185988092,0.010000000000000004,0.3341885789091388,0.9999999999999999,exponential,844,177.0,177.0,4.6186,0,0.0,1.0,1.0
10000,1.0,0.5,0.04605170185988094,4.605170185988092,0.010000000000000004,0.3341885789091388,0.9999999999999999,exponential,845,410.0,410.0,4.5399,0,0.0,1.0,1.0
10000,1.0,0.5,0.04605170185988094,4.605170185988092,0.010000000000000004,0.3341885789091388,0.9999999999999999,exponential,846,355.0,355.0,5.2976,0,0.0,1.0,1.0
10000,1.0,0.5,0.04605170185988094,4.605170185988092,0.010000000000000004,0.3341885789091388,0.9999999999999999,exponential,847,472.0,472.0,4.7929,0,0.0,1.0,1.0
10000,1.0,0.5,0.04605170185988094,4.605170185988092,0.010000000000000004,0.3341885789091388,0.9999999999999999,exponential,848,69.0,69.0,4.8041,0,0.0,1.0,1.0
10000,1.0,0.5,0.04605170185988094,4.605170185988092,0.010000000000000004,0.3341885789091388,0.9999999999999999,exponential,849,112.0,112.0,4.5004,0,0.0,1.0,1.0
10000,1.0,0.5,0.04605170185988094,4.605170185988092,0.010000000000000004,0.3341885789091388,0.9999999999999999,exponential,850,121.0,121.0,4.6682,0,0.0,1.0,1.0
10000,1.0,0.5,0.04605170185988094,4.605170185988092,0.010000000000000004,0.3341885789091388,0.9999999999999999,exponential,851,166.0,166.0,5.7155,0,0.0,1.0,1.0
10000,1.0,0.5,0.04605170185988094,4.605170185988092,0.010000000000000004,0.3341885789091388,0.9999999999999999,exponential,852,440.0,440.0,4.6981997,0,0.0,1.0,1.0
10000,1.0,0.5,0.04605170185988094,4.605170185988092,0.010000000000000004,0.3341885789091388,0.9999999999999999,exponential,853,1411.0,1411.0,4.9848,0,0.0,1.0,1.0
10000,1.0,0.5,0.04605170185988094,4.605170185988092,0.010000000000000004,0.3341885789091388,0.9999999999999999,exponential,854,1066.0,1066.0,4.66,0,0.0,1.0,1.0
10000,1.0,0.5,0.04605170185988094,4.605170185988092,0.010000000000000004,0.3341885789091388,0.9999999999999999,exponential,855,548.0,548.0,5.5674,0,0.0,1.0,1.0
10000,1.0,0.5,0.04605170185988094,4.605170185988092,0.010000000000000004,0.3341885789091388,0.9999999999999999,exponential,856,82.0,82.0,4.45,0,0.0,1.0,1.0
10000,1.0,0.5,0.04605170185988094,4.605170185988092,0.010000000000000004,0.3341885789091388,0.9999999999999999,exponential,857,171.0,171.0,4.89,0,0.0,1.0,1.0
10000,1.0,0.5,0.04605170185988094,4.605170185988092,0.010000000000000004,0.3341885789091388,0.9999999999999999,exponential,858,376.0,376.0,4.7888,0,0.0,1.0,1.0
10000,1.0,0.5,0.04605170185988094,4.605170185988092,0.010000000000000004,0.3341885789091388,0.9999999999999999,exponential,859,453.0,453.0,4.6064997,0,0.0,1.0,1.0
10000,1.0,0.5,0.04605170185988094,4.605170185988092,0.010000000000000004,0.3341885789091388,0.9999999999999999,exponential,860,718.0,718.0,4.7804,0,0.0,1.0,1.0
10000,1.0,0.5,0.04605170185988094,4.605170185988092,0.010000000000000004,0.3341885789091388,0.9999999999999999,exponential,861,918.0,918.0,5.2261,0,0.0,1.0,1.0
10000,1.0,0.5,0.04605170185988094,4.605170185988092,0.010000000000000004,0.3341885789091388,0.9999999999999999,exponential,862,609.0,609.0,5.1596,0,0.0,1.0,1.0
10000,1.0,0.5,0.04605170185988094,4.605170185988092,0.010000000000000004,0.3341885789091388,0.9999999999999999,exponential,863,319.0,319.0,5.0759,0,0.0,1.0,1.0
10000,1.0,0.5,0.04605170185988094,4.605170185988092,0.010000000000000004,0.3341885789091388,0.9999999999999999,exponential,864,364.0,364.0,4.784,0,0.0,1.0,1.0
10000,1.0,0.5,0.04605170185988094,4.605170185988092,0.010000000000000004,0.3341885789091388,0.9999999999999999,exponential,865,115.0,115.0,4.5649,0,0.0,1.0,1.0
10000,1.0,0.5,0.04605170185988094,4.605170185988092,0.010000000000000004,0.3341885789091388,0.9999999999999999,exponential,866,57.0,57.0,4.7711,0,0.0,1.0,1.0
10000,1.0,0.5,0.04605170185988094,4.605170185988092,0.010000000000000004,0.3341885789091388,0.9999999999999999,exponential,867,384.0,384.0,5.3223,0,0.0,1.0,1.0
10000,1.0,0.5,0.04605170185988094,4.605170185988092,0.010000000000000004,0.3341885789091388,0.9999999999999999,exponential,868,429.0,429.0,5.0239997,0,0.0,1.0,1.0
10000,1.0,0.5,0.04605170185988094,4.605170185988092,0.010000000000000004,0.3341885789091388,0.9999999999999999,exponential,869,562.0,562.0,4.7620997,0,0.0,1.0,1.0
10000,1.0,0.5,0.04605170185988094,4.605170185988092,0.010000000000000004,0.3341885789091388,0.9999999999999999,exponential,870,205.0,205.0,4.9434,0,0.0,1.0,1.0
10000,1.0,0.5,0.04605170185988094,4.605170185988092,0.010000000000000004,0.3341885789091388,0.9999999999999999,exponential,871,447.0,447.0,5.1187,0,0.0,1.0,1.0
10000,1.0,0.5,0.04605170185988094,4.605170185988092,0.010000000000000004,0.3341885789091388,0.9999999999999999,exponential,872,212.0,212.0,4.7724,0,0.0,1.0,1.0
10000,1.0,0.5,0.04605170185988094,4.605170185988092,0.010000000000000004,0.3341885789091388,0.9999999999999999,exponential,873,786.0,786.0,5.2051,0,0.0,1.0,1.0
10000,1.0,0.5,0.04605170185988094,4.605170185988092,0.010000000000000004,0.3341885789091388,0.9999999999999999,exponential,874,82.0,82.0,4.7002997,0,0.0,1.0,1.0
10000,1.0,0.5,0.04605170185988094,4.605170185988092,0.010000000000000004,0.3341885789091388,0.9999999999999999,exponential,875,151.0,151.0,4.6558,0,0.0,1.0,1.0
10000,1.0,0.5,0.04605170185988094,4.605170185988092,0.010000000000000004,0.3341885789091388,0.9999999999999999,exponential,876,151.0,151.0,4.5694,0,0.0,1.0,1.0
10000,1.0,0.5,0.04605170185988094,4.605170185988092,0.010000000000000004,0.3341885789091388,0.9999999999999999,exponential,877,203.0,203.0,4.4254,0,0.0,1.0,1.0
10000,1.0,0.5,0.04605170185988094,4.605170185988092,0.010000000000000004,0.3341885789091388,0.9999999999999999,exponential,878,282.0,282.0,5.1649,0,0.0,1.0,1.0
10000,1.0,0.5,0.04605170185988094,4.605170185988092,0.010000000000000004,0.3341885789091388,0.9999999999999999,exponential,879,825.0,825.0,4.8823,0,0.0,1.0,1.0
10000,1.0,0.5,0.04605170185988094,4.605170185988092,0.010000000000000004,0.3341885789091388,0.9999999999999999,exponential,880,252.0,252.0,4.8835998,0,0.0,1.0,1.0
10000,1.0,0.5,0.04605170185988094,4.605170185988092,0.010000000000000004,0.3341885789091388,0.9999999999999999,exponential,881,632.0,632.0,4.8768,0,0.0,1.0,1.0
10000,1.0,0.5,0.04605170185988094,4.605170185988092,0.010000000000000004,0.3341885789091388,0.9999999999999999,exponential,882,116.0,116.0,4.587,0,0.0,1.0,1.0
10000,1.0,0.5,0.04605170185988094,4.605170185988092,0.010000000000000004,0.3341885789091388,0.9999999999999999,exponential,883,179.0,179.0,4.8671,0,0.0,1.0,1.0
10000,1.0,0.5,0.04605170185988094,4.605170185988092,0.010000000000000004,0.3341885789091388,0.9999999999999999,exponential,884,166.0,166.0,4.895,0,0.0,1.0,1.0
10000,1.0,0.5,0.04605170185988094,4.605170185988092,0.010000000000000004,0.3341885789091388,0.9999999999999999,exponential,885,136.0,136.0,4.4491997,0,0.0,1.0,1.0
10000,1.0,0.5,0.04605170185988094,4.605170185988092,0.010000000000000004,0.3341885789091388,0.9999999999999999,exponential,886,235.0,235.0,5.0404,0,0.0,1.0,1.0
10000,1.0,0.5,0.04605170185988094,4.605170185988092,0.010000000000000004,0.3341885789091388,0.9999999999999999,exponential,887,968.0,968.0,5.2216997,0,0.0,1.0,1.0
10000,1.0,0.5,0.04605170185988094,4.605170185988092,0.010000000000000004,0.3341885789091388,0.9999999999999999,exponential,888,452.0,452.0,4.6548,0,0.0,1.0,1.0
10000,1.0,0.5,0.04605170185988094,4.605170185988092,0.010000000000000004,0.3341885789091388,0.9999999999999999,exponential,889,879.0,879.0,4.7246,0,0.0,1.0,1.0
10000,1.0,0.5,0.04605170185988094,4.605170185988092,0.010000000000000004,0.3341885789091388,0.9999999999999999,exponential,890,201.0,201.0,4.9157,0,0.0,1.0,1.0
10000,1.0,0.5,0.04605170185988094,4.605170185988092,0.010000000000000004,0.3341885789091388,0.9999999999999999,exponential,891,822.0,822.0,4.8538,0,0.0,1.0,1.0
10000,1.0,0.5,0.04605170185988094,4.605170185988092,0.010000000000000004,0.3341885789091388,0.9999999999999999,exponential,892,238.0,238.0,4.7995996,0,0.0,1.0,1.0
10000,1.0,0.5,0.04605170185988094,4.605170185988092,0.010000000000000004,0.3341885789091388,0.9999999999999999,exponential,893,776.0,776.0,4.4135,0,0.0,1.0,1.0
10000,1.0,0.5,0.04605170185988094,4.605170185988092,0.010000000000000004,0.3341885789091388,0.9999999999999999,exponential,894,397.0,397.0,5.0081997,0,0.0,1.0,1.0
10000,1.0,0.5,0.04605170185988094,4.605170185988092,0.010000000000000004,0.3341885789091388,0.9999999999999999,exponential,895,254.0,254.0,4.4121,0,0.0,1.0,1.0
10000,1.0,0.5,0.04605170185988094,4.605170185988092,0.010000000000000004,0.3341885789091388,0.9999999999999999,exponential,896,331.0,331.0,4.9544,0,0.0,1.0,1.0
10000,1.0,0.5,0.04605170185988094,4.605170185988092,0.010000000000000004,0.3341885789091388,0.9999999999999999,exponential,897,236.0,236.0,4.5025997,0,0.0,1.0,1.0
10000,1.0,0.5,0.04605170185988094,4.605170185988092,0.010000000000000004,0.3341885789091388,0.9999999999999999,exponential,898,572.0,572.0,4.6038,0,0.0,1.0,1.0
10000,1.0,0.5,0.04605170185988094,4.605170185988092,0.010000000000000004,0.3341885789091388,0.9999999999999999,exponential,899,424.0,424.0,5.4356,0,0.0,1.0,1.0
10000,1.0,0.5,0.04605170185988094,4.605170185988092,0.010000000000000004,0.3341885789091388,0.9999999999999999,exponential,900,139.0,139.0,4.3831,0,0.0,1.0,1.0
10000,1.0,0.5,0.04605170185988094,4.605170185988092,0.010000000000000004,0.3341885789091388,0.9999999999999999,exponential,901,404.0,404.0,4.876,0,0.0,1.0,1.0
10000,1.0,0.5,0.04605170185988094,4.605170185988092,0.010000000000000004,0.3341885789091388,0.9999999999999999,exponential,902,225.0,225.0,4.9632998,0,0.0,1.0,1.0
10000,1.0,0.5,0.04605170185988094,4.605170185988092,0.010000000000000004,0.3341885789091388,0.9999999999999999,exponential,903,69.0,69.0,4.6499,0,0.0,1.0,1.0
10000,1.0,0.5,0.04605170185988094,4.605170185988092,0.010000000000000004,0.3341885789091388,0.9999999999999999,exponential,904,112.0,112.0,4.6775,0,0.0,1.0,1.0
10000,1.0,0.5,0.04605170185988094,4.605170185988092,0.010000000000000004,0.3341885789091388,0.9999999999999999,exponential,905,149.0,149.0,4.7767,0,0.0,1.0,1.0
10000,1.0,0.5,0.04605170185988094,4.605170185988092,0.010000000000000004,0.3341885789091388,0.9999999999999999,exponential,906,82.0,82.0,4.7111998,0,0.0,1.0,1.0
10000,1.0,0.5,0.04605170185988094,4.605170185988092,0.010000000000000004,0.3341885789091388,0.9999999999999999,exponential,907,409.0,409.0,4.9144998,0,0.0,1.0,1.0
10000,1.0,0.5,0.04605170185988094,4.605170185988092,0.010000000000000004,0.3341885789091388,0.9999999999999999,exponential,908,462.0,462.0,4.4562,0,0.0,1.0,1.0
10000,1.0,0.5,0.04605170185988094,4.605170185988092,0.010000000000000004,0.3341885789091388,0.9999999999999999,exponential,909,989.0,989.0,4.5863,0,0.0,1.0,1.0
10000,1.0,0.5,0.04605170185988094,4.605170185988092,0.010000000000000004,0.3341885789091388,0.9999999999999999,exponential,910,113.0,113.0,4.9597,0,0.0,1.0,1.0
10000,1.0,0.5,0.04605170185988094,4.605170185988092,0.010000000000000004,0.3341885789091388,0.9999999999999999,exponential,911,1645.0,1645.0,4.8623,0,0.0,1.0,1.0
10000,1.0,0.5,0.04605170185988094,4.605170185988092,0.010000000000000004,0.3341885789091388,0.9999999999999999,exponential,912,962.0,962.0,5.5185,0,0.0,1.0,1.0
10000,1.0,0.5,0.04605170185988094,4.605170185988092,0.010000000000000004,0.3341885789091388,0.9999999999999999,exponential,913,151.0,151.0,4.6138,0,0.0,1.0,1.0
10000,1.0,0.5,0.04605170185988094,4.605170185988092,0.010000000000000004,0.3341885789091388,0.9999999999999999,exponential,914,696.0,696.0,4.709,0,0.0,1.0,1.0
10000,1.0,0.5,0.04605170185988094,4.605170185988092,0.010000000000000004,0.3341885789091388,0.9999999999999999,exponential,915,74.0,74.0,4.7349997,0,0.0,1.0,1.0
10000,1.0,0.5,0.04605170185988094,4.605170185988092,0.010000000000000004,0.3341885789091388,0.9999999999999999,exponential,916,94.0,94.0,4.9659,0,0.0,1.0,1.0
10000,1.0,0.5,0.04605170185988094,4.605170185988092,0.010000000000000004,0.3341885789091388,0.9999999999999999,exponential,917,101.0,101.0,4.765,0,0.0,1.0,1.0
10000,1.0,0.5,0.04605170185988094,4.605170185988092,0.010000000000000004,0.3341885789091388,0.9999999999999999,exponential,918,730.0,730.0,5.0594997,0,0.0,1.0,1.0
10000,1.0,0.5,0.04605170185988094,4.605170185988092,0.010000000000000004,0.3341885789091388,0.9999999999999999,exponential,919,45.0,45.0,4.6117997,0,0.0,1.0,1.0
10000,1.0,0.5,0.04605170185988094,4.605170185988092,0.010000000000000004,0.3341885789091388,0.9999999999999999,exponential,920,82.0,82.0,4.7065,0,0.0,1.0,1.0
10000,1.0,0.5,0.04605170185988094,4.605170185988092,0.010000000000000004,0.3341885789091388,0.9999999999999999,exponential,921,90.0,90.0,4.6584,0,0.0,1.0,1.0
10000,1.0,0.5,0.04605170185988094,4.605170185988092,0.010000000000000004,0.3341885789091388,0.9999999999999999,exponential,922,565.0,565.0,5.0543,0,0.0,1.0,1.0
10000,1.0,0.5,0.04605170185988094,4.605170185988092,0.010000000000000004,0.3341885789091388,0.9999999999999999,exponential,923,235.0,235.0,4.6797,0,0.0,1.0,1.0
10000,1.0,0.5,0.04605170185988094,4.605170185988092,0.010000000000000004,0.3341885789091388,0.9999999999999999,exponential,924,565.0,565.0,5.1719,0,0.0,1.0,1.0
10000,1.0,0.5,0.04605170185988094,4.605170185988092,0.010000000000000004,0.3341885789091388,0.9999999999999999,exponential,925,426.0,426.0,5.2471,0,0.0,1.0,1.0
10000,1.0,0.5,0.04605170185988094,4.605170185988092,0.010000000000000004,0.3341885789091388,0.9999999999999999,exponential,926,437.0,437.0,4.8405,0,0.0,1.0,1.0
10000,1.0,0.5,0.04605170185988094,4.605170185988092,0.010000000000000004,0.3341885789091388,0.9999999999999999,exponential,927,338.0,338.0,5.0639,0,0.0,1.0,1.0
10000,1.0,0.5,0.04605170185988094,4.605170185988092,0.010000000000000004,0.3341885789091388,0.9999999999999999,exponential,928,591.0,591.0,5.0155,0,0.0,1.0,1.0
10000,1.0,0.5,0.04605170185988094,4.605170185988092,0.010000000000000004,0.3341885789091388,0.9999999999999999,exponential,929,623.0,623.0,4.9185,0,0.0,1.0,1.0
10000,1.0,0.5,0.04605170185988094,4.605170185988092,0.010000000000000004,0.3341885789091388,0.9999999999999999,exponential,930,568.0,568.0,5.4491997,0,0.0,1.0,1.0
10000,1.0,0.5,0.04605170185988094,4.605170185988092,0.010000000000000004,0.3341885789091388,0.9999999999999999,exponential,931,335.0,335.0,4.6559997,0,0.0,1.0,1.0
10000,1.0,0.5,0.04605170185988094,4.605170185988092,0.010000000000000004,0.3341885789091388,0.9999999999999999,exponential,932,794.0,794.0,4.7644,0,0.0,1.0,1.0
10000,1.0,0.5,0.04605170185988094,4.605170185988092,0.010000000000000004,0.3341885789091388,0.9999999999999999,exponential,933,239.0,239.0,4.9332,0,0.0,1.0,1.0
10000,1.0,0.5,0.04605170185988094,4.605170185988092,0.010000000000000004,0.3341885789091388,0.9999999999999999,exponential,934,223.0,223.0,4.9219,0,0.0,1.0,1.0
10000,1.0,0.5,0.04605170185988094,4.605170185988092,0.010000000000000004,0.3341885789091388,0.9999999999999999,exponential,935,417.0,417.0,4.4199,0,0.0,1.0,1.0
10000,1.0,0.5,0.04605170185988094,4.605170185988092,0.010000000000000004,0.3341885789091388,0.9999999999999999,exponential,936,1265.0,1265.0,4.8536997,0,0.0,1.0,1.0
10000,1.0,0.5,0.04605170185988094,4.605170185988092,0.010000000000000004,0.3341885789091388,0.9999999999999999,exponential,937,679.0,679.0,4.4969997,0,0.0,1.0,1.0
10000,1.0,0.5,0.04605170185988094,4.605170185988092,0.010000000000000004,0.3341885789091388,0.9999999999999999,exponential,938,74.0,74.0,4.6906,0,0.0,1.0,1.0
10000,1.0,0.5,0.04605170185988094,4.605170185988092,0.010000000000000004,0.3341885789091388,0.9999999999999999,exponential,939,774.0,774.0,5.1194,0,0.0,1.0,1.0
10000,1.0,0.5,0.04605170185988094,4.605170185988092,0.010000000000000004,0.3341885789091388,0.9999999999999999,exponential,940,95.0,95.0,4.9111,0,0.0,1.0,1.0
10000,1.0,0.5,0.04605170185988094,4.605170185988092,0.010000000000000004,0.3341885789091388,0.9999999999999999,exponential,941,67.0,67.0,4.6805997,0,0.0,1.0,1.0
10000,1.0,0.5,0.04605170185988094,4.605170185988092,0.010000000000000004,0.3341885789091388,0.9999999999999999,exponential,942,85.0,85.0,4.6742997,0,0.0,1.0,1.0
10000,1.0,0.5,0.04605170185988094,4.605170185988092,0.010000000000000004,0.3341885789091388,0.9999999999999999,exponential,943,377.0,377.0,5.2256,0,0.0,1.0,1.0
10000,1.0,0.5,0.04605170185988094,4.605170185988092,0.010000000000000004,0.3341885789091388,0.9999999999999999,exponential,944,232.0,232.0,4.5074997,0,0.0,1.0,1.0
10000,1.0,0.5,0.04605170185988094,4.605170185988092,0.010000000000000004,0.3341885789091388,0.9999999999999999,exponential,945,60.0,60.0,4.4728,0,0.0,1.0,1.0
10000,1.0,0.5,0.04605170185988094,4.605170185988092,0.010000000000000004,0.3341885789091388,0.9999999999999999,exponential,946,484.0,484.0,5.2613,0,0.0,1.0,1.0
10000,1.0,0.5,0.04605170185988094,4.605170185988092,0.010000000000000004,0.3341885789091388,0.9999999999999999,exponential,947,347.0,347.0,4.2532,0,0.0,1.0,1.0
10000,1.0,0.5,0.04605170185988094,4.605170185988092,0.010000000000000004,0.3341885789091388,0.9999999999999999,exponential,948,1038.0,1038.0,4.6882,0,0.0,1.0,1.0
10000,1.0,0.5,0.04605170185988094,4.605170185988092,0.010000000000000004,0.3341885789091388,0.9999999999999999,exponential,949,191.0,191.0,4.3405,0,0.0,1.0,1.0
10000,1.0,0.5,0.04605170185988094,4.605170185988092,0.010000000000000004,0.3341885789091388,0.9999999999999999,exponential,950,836.0,836.0,4.5248,0,0.0,1.0,1.0
10000,1.0,0.5,0.04605170185988094,4.605170185988092,0.010000000000000004,0.3341885789091388,0.9999999999999999,exponential,951,321.0,321.0,4.7938,0,0.0,1.0,1.0
10000,1.0,0.5,0.04605170185988094,4.605170185988092,0.010000000000000004,0.3341885789091388,0.9999999999999999,exponential,952,169.0,169.0,5.3410997,0,0.0,1.0,1.0
10000,1.0,0.5,0.04605170185988094,4.605170185988092,0.010000000000000004,0.3341885789091388,0.9999999999999999,exponential,953,355.0,355.0,4.9869,0,0.0,1.0,1.0
10000,1.0,0.5,0.04605170185988094,4.605170185988092,0.010000000000000004,0.3341885789091388,0.9999999999999999,exponential,954,903.0,903.0,4.8993,0,0.0,1.0,1.0
10000,1.0,0.5,0.04605170185988094,4.605170185988092,0.010000000000000004,0.3341885789091388,0.9999999999999999,exponential,955,124.0,124.0,4.9214997,0,0.0,1.0,1.0
10000,1.0,0.5,0.04605170185988094,4.605170185988092,0.010000000000000004,0.3341885789091388,0.9999999999999999,exponential,956,92.0,92.0,4.7323,0,0.0,1.0,1.0
10000,1.0,0.5,0.04605170185988094,4.605170185988092,0.010000000000000004,0.3341885789091388,0.9999999999999999,exponential,957,622.0,622.0,4.7809,0,0.0,1.0,1.0
10000,1.0,0.5,0.04605170185988094,4.605170185988092,0.010000000000000004,0.3341885789091388,0.9999999999999999,exponential,958,135.0,135.0,4.6619,0,0.0,1.0,1.0
10000,1.0,0.5,0.04605170185988094,4.605170185988092,0.010000000000000004,0.3341885789091388,0.9999999999999999,exponential,959,1425.0,1425.0,4.9999,0,0.0,1.0,1.0
10000,1.0,0.5,0.04605170185988094,4.605170185988092,0.010000000000000004,0.3341885789091388,0.9999999999999999,exponential,960,349.0,349.0,4.9216,0,0.0,1.0,1.0
10000,1.0,0.5,0.04605170185988094,4.605170185988092,0.010000000000000004,0.3341885789091388,0.9999999999999999,exponential,961,123.0,123.0,4.5021,0,0.0,1.0,1.0
10000,1.0,0.5,0.04605170185988094,4.605170185988092,0.010000000000000004,0.3341885789091388,0.9999999999999999,exponential,962,428.0,428.0,5.0614,0,0.0,1.0,1.0
10000,1.0,0.5,0.04605170185988094,4.605170185988092,0.010000000000000004,0.3341885789091388,0.9999999999999999,exponential,963,343.0,343.0,5.0411,0,0.0,1.0,1.0
10000,1.0,0.5,0.04605170185988094,4.605170185988092,0.010000000000000004,0.3341885789091388,0.9999999999999999,exponential,964,360.0,360.0,5.0011,0,0.0,1.0,1.0
10000,1.0,0.5,0.04605170185988094,4.605170185988092,0.010000000000000004,0.3341885789091388,0.9999999999999999,exponential,965,164.0,164.0,5.0495996,0,0.0,1.0,1.0
10000,1.0,0.5,0.04605170185988094,4.605170185988092,0.010000000000000004,0.3341885789091388,0.9999999999999999,exponential,966,206.0,206.0,5.072,0,0.0,1.0,1.0
10000,1.0,0.5,0.04605170185988094,4.605170185988092,0.010000000000000004,0.3341885789091388,0.9999999999999999,exponential,967,562.0,562.0,4.7451,0,0.0,1.0,1.0
10000,1.0,0.5,0.04605170185988094,4.605170185988092,0.010000000000000004,0.3341885789091388,0.9999999999999999,exponential,968,1186.0,1186.0,4.7690997,0,0.0,1.0,1.0
10000,1.0,0.5,0.04605170185988094,4.605170185988092,0.010000000000000004,0.3341885789091388,0.9999999999999999,exponential,969,113.0,113.0,4.6088,0,0.0,1.0,1.0
10000,1.0,0.5,0.04605170185988094,4.605170185988092,0.010000000000000004,0.3341885789091388,0.9999999999999999,exponential,970,155.0,155.0,4.5818,0,0.0,1.0,1.0
10000,1.0,0.5,0.04605170185988094,4.605170185988092,0.010000000000000004,0.3341885789091388,0.9999999999999999,exponential,971,160.0,160.0,4.9916,0,0.0,1.0,1.0
10000,1.0,0.5,0.04605170185988094,4.605170185988092,0.010000000000000004,0.3341885789091388,0.9999999999999999,exponential,972,627.0,627.0,4.3724,0,0.0,1.0,1.0
10000,1.0,0.5,0.04605170185988094,4.605170185988092,0.010000000000000004,0.3341885789091388,0.9999999999999999,exponential,973,117.0,117.0,4.5057,0,0.0,1.0,1.0
10000,1.0,0.5,0.04605170185988094,4.605170185988092,0.010000000000000004,0.3341885789091388,0.9999999999999999,exponential,974,838.0,838.0,4.9540997,0,0.0,1.0,1.0
10000,1.0,0.5,0.04605170185988094,4.605170185988092,0.010000000000000004,0.3341885789091388,0.9999999999999999,exponential,975,289.0,289.0,5.0172,0,0.0,1.0,1.0
10000,1.0,0.5,0.04605170185988094,4.605170185988092,0.010000000000000004,0.3341885789091388,0.9999999999999999,exponential,976,95.0,95.0,4.9042997,0,0.0,1.0,1.0
10000,1.0,0.5,0.04605170185988094,4.605170185988092,0.010000000000000004,0.3341885789091388,0.9999999999999999,exponential,977,829.0,829.0,4.7106,0,0.0,1.0,1.0
10000,1.0,0.5,0.04605170185988094,4.605170185988092,0.010000000000000004,0.3341885789091388,0.9999999999999999,exponential,978,348.0,348.0,4.2334,0,0.0,1.0,1.0
10000,1.0,0.5,0.04605170185988094,4.605170185988092,0.010000000000000004,0.3341885789091388,0.9999999999999999,exponential,979,356.0,356.0,5.1492,0,0.0,1.0,1.0
10000,1.0,0.5,0.04605170185988094,4.605170185988092,0.010000000000000004,0.3341885789091388,0.9999999999999999,exponential,980,865.0,865.0,5.4441,0,0.0,1.0,1.0
10000,1.0,0.5,0.04605170185988094,4.605170185988092,0.010000000000000004,0.3341885789091388,0.9999999999999999,exponential,981,424.0,424.0,4.8476996,0,0.0,1.0,1.0
10000,1.0,0.5,0.04605170185988094,4.605170185988092,0.010000000000000004,0.3341885789091388,0.9999999999999999,exponential,982,80.0,80.0,5.0236,0,0.0,1.0,1.0
10000,1.0,0.5,0.04605170185988094,4.605170185988092,0.010000000000000004,0.3341885789091388,0.9999999999999999,exponential,983,782.0,782.0,4.7749,0,0.0,1.0,1.0
10000,1.0,0.5,0.04605170185988094,4.605170185988092,0.010000000000000004,0.3341885789091388,0.9999999999999999,exponential,984,2050.0,2050.0,4.6752996,0,0.0,1.0,1.0
10000,1.0,0.5,0.04605170185988094,4.605170185988092,0.010000000000000004,0.3341885789091388,0.9999999999999999,exponential,985,652.0,652.0,5.0835,0,0.0,1.0,1.0
10000,1.0,0.5,0.04605170185988094,4.605170185988092,0.010000000000000004,0.3341885789091388,0.9999999999999999,exponential,986,178.0,178.0,4.6377,0,0.0,1.0,1.0
10000,1.0,0.5,0.04605170185988094,4.605170185988092,0.010000000000000004,0.3341885789091388,0.9999999999999999,exponential,987,119.0,119.0,4.7246,0,0.0,1.0,1.0
10000,1.0,0.5,0.04605170185988094,4.605170185988092,0.010000000000000004,0.3341885789091388,0.9999999999999999,exponential,988,215.0,215.0,5.2599,0,0.0,1.0,1.0
10000,1.0,0.5,0.04605170185988094,4.605170185988092,0.010000000000000004,0.3341885789091388,0.9999999999999999,exponential,989,78.0,78.0,4.6864,0,0.0,1.0,1.0
10000,1.0,0.5,0.04605170185988094,4.605170185988092,0.010000000000000004,0.3341885789091388,0.9999999999999999,exponential,990,518.0,518.0,4.6426,0,0.0,1.0,1.0
10000,1.0,0.5,0.04605170185988094,4.605170185988092,0.010000000000000004,0.3341885789091388,0.9999999999999999,exponential,991,421.0,421.0,4.8771996,0,0.0,1.0,1.0
10000,1.0,0.5,0.04605170185988094,4.605170185988092,0.010000000000000004,0.3341885789091388,0.9999999999999999,exponential,992,1481.0,1481.0,4.4023,0,0.0,1.0,1.0
10000,1.0,0.5,0.04605170185988094,4.605170185988092,0.010000000000000004,0.3341885789091388,0.9999999999999999,exponential,993,528.0,528.0,4.45,0,0.0,1.0,1.0
10000,1.0,0.5,0.04605170185988094,4.605170185988092,0.010000000000000004,0.3341885789091388,0.9999999999999999,exponential,994,592.0,592.0,4.6638,0,0.0,1.0,1.0
10000,1.0,0.5,0.04605170185988094,4.605170185988092,0.010000000000000004,0.3341885789091388,0.9999999999999999,exponential,995,71.0,71.0,4.7014,0,0.0,1.0,1.0
10000,1.0,0.5,0.04605170185988094,4.605170185988092,0.010000000000000004,0.3341885789091388,0.9999999999999999,exponential,996,130.0,130.0,4.6394997,0,0.0,1.0,1.0
10000,1.0,0.5,0.04605170185988094,4.605170185988092,0.010000000000000004,0.3341885789091388,0.9999999999999999,exponential,997,147.0,147.0,4.7047,0,0.0,1.0,1.0
10000,1.0,0.5,0.04605170185988094,4.605170185988092,0.010000000000000004,0.3341885789091388,0.9999999999999999,exponential,998,441.0,441.0,4.8515997,0,0.0,1.0,1.0
10000,1.0,0.5,0.04605170185988094,4.605170185988092,0.010000000000000004,0.3341885789091388,0.9999999999999999,exponential,999,149.0,149.0,4.5776997,0,0.0,1.0,1.0
