N,psi,delta,lambda,theta,alpha,effective_beta,psi_check,selection_mode,path_index,t_0,first_loss_time,kappa_1_at_t0,X0_count_at_stop,X_0_at_stop,leading_zero_count_at_t0,first_nonzero_class_at_t0
10000,0.7,0.6,0.09716838184179788,5.52620422318571,0.017583205020567063,0.25311875739366846,0.7,exponential,0,419.0,419.0,4.9298997,0,0.0,1.0,1.0
10000,0.7,0.6,0.09716838184179788,5.52620422318571,0.017583205020567063,0.25311875739366846,0.7,exponential,1,26.0,26.0,5.7690997,0,0.0,1.0,1.0
10000,0.7,0.6,0.09716838184179788,5.52620422318571,0.017583205020567063,0.25311875739366846,0.7,exponential,2,163.0,163.0,5.5653996,0,0.0,1.0,1.0
10000,0.7,0.6,0.09716838184179788,5.52620422318571,0.017583205020567063,0.25311875739366846,0.7,exponential,3,93.0,93.0,5.4593997,0,0.0,1.0,1.0
10000,0.7,0.6,0.09716838184179788,5.52620422318571,0.017583205020567063,0.25311875739366846,0.7,exponential,4,48.0,48.0,5.4363,0,0.0,1.0,1.0
10000,0.7,0.6,0.09716838184179788,5.52620422318571,0.017583205020567063,0.25311875739366846,0.7,exponential,5,71.0,71.0,5.5544,0,0.0,1.0,1.0
10000,0.7,0.6,0.09716838184179788,5.52620422318571,0.017583205020567063,0.25311875739366846,0.7,exponential,6,37.0,37.0,5.5646,0,0.0,1.0,1.0
10000,0.7,0.6,0.09716838184179788,5.52620422318571,0.017583205020567063,0.25311875739366846,0.7,exponential,7,32.0,32.0,5.6306,0,0.0,1.0,1.0
10000,0.7,0.6,0.09716838184179788,5.52620422318571,0.017583205020567063,0.25311875739366846,0.7,exponential,8,234.0,234.0,5.4075,0,0.0,1.0,1.0
10000,0.7,0.6,0.09716838184179788,5.52620422318571,0.017583205020567063,0.25311875739366846,0.7,exponential,9,61.0,61.0,5.6644998,0,0.0,1.0,1.0
10000,0.7,0.6,0.09716838184179788,5.52620422318571,0.017583205020567063,0.25311875739366846,0.7,exponential,10,55.0,55.0,5.5987997,0,0.0,1.0,1.0
10000,0.7,0.6,0.09716838184179788,5.52620422318571,0.017583205020567063,0.25311875739366846,0.7,exponential,11,899.0,899.0,5.4610996,0,0.0,1.0,1.0
10000,0.7,0.6,0.09716838184179788,5.52620422318571,0.017583205020567063,0.25311875739366846,0.7,exponential,12,331.0,331.0,5.5028996,0,0.0,1.0,1.0
10000,0.7,0.6,0.09716838184179788,5.52620422318571,0.017583205020567063,0.25311875739366846,0.7,exponential,13,188.0,188.0,5.4516,0,0.0,1.0,1.0
10000,0.7,0.6,0.09716838184179788,5.52620422318571,0.017583205020567063,0.25311875739366846,0.7,exponential,14,266.0,266.0,5.534,0,0.0,1.0,1.0
10000,0.7,0.6,0.09716838184179788,5.52620422318571,0.017583205020567063,0.25311875739366846,0.7,exponential,15,52.0,52.0,5.3887997,0,0.0,1.0,1.0
10000,0.7,0.6,0.09716838184179788,5.52620422318571,0.017583205020567063,0.25311875739366846,0.7,exponential,16,51.0,51.0,5.7457,0,0.0,1.0,1.0
10000,0.7,0.6,0.09716838184179788,5.52620422318571,0.017583205020567063,0.25311875739366846,0.7,exponential,17,92.0,92.0,5.5972,0,0.0,1.0,1.0
10000,0.7,0.6,0.09716838184179788,5.52620422318571,0.017583205020567063,0.25311875739366846,0.7,exponential,18,150.0,150.0,5.6639,0,0.0,1.0,1.0
10000,0.7,0.6,0.09716838184179788,5.52620422318571,0.017583205020567063,0.25311875739366846,0.7,exponential,19,275.0,275.0,5.7613997,0,0.0,1.0,1.0
10000,0.7,0.6,0.09716838184179788,5.52620422318571,0.017583205020567063,0.25311875739366846,0.7,exponential,20,261.0,261.0,5.6233997,0,0.0,1.0,1.0
10000,0.7,0.6,0.09716838184179788,5.52620422318571,0.017583205020567063,0.25311875739366846,0.7,exponential,21,553.0,553.0,5.2757,0,0.0,1.0,1.0
10000,0.7,0.6,0.09716838184179788,5.52620422318571,0.017583205020567063,0.25311875739366846,0.7,exponential,22,131.0,131.0,5.4125,0,0.0,1.0,1.0
10000,0.7,0.6,0.09716838184179788,5.52620422318571,0.017583205020567063,0.25311875739366846,0.7,exponential,23,107.0,107.0,5.3719997,0,0.0,1.0,1.0
10000,0.7,0.6,0.09716838184179788,5.52620422318571,0.017583205020567063,0.25311875739366846,0.7,exponential,24,62.0,62.0,5.6991997,0,0.0,1.0,1.0
10000,0.7,0.6,0.09716838184179788,5.52620422318571,0.017583205020567063,0.25311875739366846,0.7,exponential,25,24.0,24.0,5.4828997,0,0.0,1.0,1.0
10000,0.7,0.6,0.09716838184179788,5.52620422318571,0.017583205020567063,0.25311875739366846,0.7,exponential,26,178.0,178.0,5.5078998,0,0.0,1.0,1.0
10000,0.7,0.6,0.09716838184179788,5.52620422318571,0.017583205020567063,0.25311875739366846,0.7,exponential,27,92.0,92.0,5.3964,0,0.0,1.0,1.0
10000,0.7,0.6,0.09716838184179788,5.52620422318571,0.017583205020567063,0.25311875739366846,0.7,exponential,28,515.0,515.0,5.4806,0,0.0,1.0,1.0
10000,0.7,0.6,0.09716838184179788,5.52620422318571,0.017583205020567063,0.25311875739366846,0.7,exponential,29,272.0,272.0,5.5845,0,0.0,1.0,1.0
10000,0.7,0.6,0.09716838184179788,5.52620422318571,0.017583205020567063,0.25311875739366846,0.7,exponential,30,208.0,208.0,5.5824,0,0.0,1.0,1.0
10000,0.7,0.6,0.09716838184179788,5.52620422318571,0.017583205020567063,0.25311875739366846,0.7,exponential,31,195.0,195.0,5.5069,0,0.0,1.0,1.0
10000,0.7,0.6,0.09716838184179788,5.52620422318571,0.017583205020567063,0.25311875739366846,0.7,exponential,32,430.0,430.0,5.7023,0,0.0,1.0,1.0
10000,0.7,0.6,0.09716838184179788,5.52620422318571,0.017583205020567063,0.25311875739366846,0.7,exponential,33,168.0,168.0,5.5934997,0,0.0,1.0,1.0
10000,0.7,0.6,0.09716838184179788,5.52620422318571,0.017583205020567063,0.25311875739366846,0.7,exponential,34,278.0,278.0,5.7743998,0,0.0,1.0,1.0
10000,0.7,0.6,0.09716838184179788,5.52620422318571,0.017583205020567063,0.25311875739366846,0.7,exponential,35,136.0,136.0,5.8981,0,0.0,1.0,1.0
10000,0.7,0.6,0.09716838184179788,5.52620422318571,0.017583205020567063,0.25311875739366846,0.7,exponential,36,127.0,127.0,5.071,0,0.0,1.0,1.0
10000,0.7,0.6,0.09716838184179788,5.52620422318571,0.017583205020567063,0.25311875739366846,0.7,exponential,37,418.0,418.0,5.3824997,0,0.0,1.0,1.0
10000,0.7,0.6,0.09716838184179788,5.52620422318571,0.017583205020567063,0.25311875739366846,0.7,exponential,38,308.0,308.0,5.3768,0,0.0,1.0,1.0
10000,0.7,0.6,0.09716838184179788,5.52620422318571,0.017583205020567063,0.25311875739366846,0.7,exponential,39,159.0,159.0,5.6972,0,0.0,1.0,1.0
10000,0.7,0.6,0.09716838184179788,5.52620422318571,0.017583205020567063,0.25311875739366846,0.7,exponential,40,120.0,120.0,5.8036,0,0.0,1.0,1.0
10000,0.7,0.6,0.09716838184179788,5.52620422318571,0.017583205020567063,0.25311875739366846,0.7,exponential,41,73.0,73.0,5.4957,0,0.0,1.0,1.0
10000,0.7,0.6,0.09716838184179788,5.52620422318571,0.017583205020567063,0.25311875739366846,0.7,exponential,42,38.0,38.0,5.5294,0,0.0,1.0,1.0
10000,0.7,0.6,0.09716838184179788,5.52620422318571,0.017583205020567063,0.25311875739366846,0.7,exponential,43,54.0,54.0,6.009,0,0.0,1.0,1.0
10000,0.7,0.6,0.09716838184179788,5.52620422318571,0.017583205020567063,0.25311875739366846,0.7,exponential,44,182.0,182.0,5.9976997,0,0.0,1.0,1.0
10000,0.7,0.6,0.09716838184179788,5.52620422318571,0.017583205020567063,0.25311875739366846,0.7,exponential,45,254.0,254.0,5.5608,0,0.0,1.0,1.0
10000,0.7,0.6,0.09716838184179788,5.52620422318571,0.017583205020567063,0.25311875739366846,0.7,exponential,46,58.0,58.0,5.7194,0,0.0,1.0,1.0
10000,0.7,0.6,0.09716838184179788,5.52620422318571,0.017583205020567063,0.25311875739366846,0.7,exponential,47,97.0,97.0,5.1686,0,0.0,1.0,1.0
10000,0.7,0.6,0.09716838184179788,5.52620422318571,0.017583205020567063,0.25311875739366846,0.7,exponential,48,146.0,146.0,5.4287996,0,0.0,1.0,1.0
10000,0.7,0.6,0.09716838184179788,5.52620422318571,0.017583205020567063,0.25311875739366846,0.7,exponential,49,48.0,48.0,5.7158,0,0.0,1.0,1.0
10000,0.7,0.6,0.09716838184179788,5.52620422318571,0.017583205020567063,0.25311875739366846,0.7,exponential,50,746.0,746.0,5.204,0,0.0,1.0,1.0
10000,0.7,0.6,0.09716838184179788,5.52620422318571,0.017583205020567063,0.25311875739366846,0.7,exponential,51,243.0,243.0,5.1696997,0,0.0,1.0,1.0
10000,0.7,0.6,0.09716838184179788,5.52620422318571,0.017583205020567063,0.25311875739366846,0.7,exponential,52,356.0,356.0,5.1124,0,0.0,1.0,1.0
10000,0.7,0.6,0.09716838184179788,5.52620422318571,0.017583205020567063,0.25311875739366846,0.7,exponential,53,52.0,52.0,5.7091,0,0.0,1.0,1.0
10000,0.7,0.6,0.09716838184179788,5.52620422318571,0.017583205020567063,0.25311875739366846,0.7,exponential,54,65.0,65.0,5.4441,0,0.0,1.0,1.0
10000,0.7,0.6,0.09716838184179788,5.52620422318571,0.017583205020567063,0.25311875739366846,0.7,exponential,55,537.0,537.0,5.6324,0,0.0,1.0,1.0
10000,0.7,0.6,0.09716838184179788,5.52620422318571,0.017583205020567063,0.25311875739366846,0.7,exponential,56,39.0,39.0,5.7584,0,0.0,1.0,1.0
10000,0.7,0.6,0.09716838184179788,5.52620422318571,0.017583205020567063,0.25311875739366846,0.7,exponential,57,23.0,23.0,5.6856,0,0.0,1.0,1.0
10000,0.7,0.6,0.09716838184179788,5.52620422318571,0.017583205020567063,0.25311875739366846,0.7,exponential,58,216.0,216.0,6.2799,0,0.0,1.0,1.0
10000,0.7,0.6,0.09716838184179788,5.52620422318571,0.017583205020567063,0.25311875739366846,0.7,exponential,59,48.0,48.0,5.9572,0,0.0,1.0,1.0
10000,0.7,0.6,0.09716838184179788,5.52620422318571,0.017583205020567063,0.25311875739366846,0.7,exponential,60,165.0,165.0,5.5667,0,0.0,1.0,1.0
10000,0.7,0.6,0.09716838184179788,5.52620422318571,0.017583205020567063,0.25311875739366846,0.7,exponential,61,111.0,111.0,5.6433997,0,0.0,1.0,1.0
10000,0.7,0.6,0.09716838184179788,5.52620422318571,0.017583205020567063,0.25311875739366846,0.7,exponential,62,158.0,158.0,5.6638,0,0.0,1.0,1.0
10000,0.7,0.6,0.09716838184179788,5.52620422318571,0.017583205020567063,0.25311875739366846,0.7,exponential,63,71.0,71.0,5.6833,0,0.0,1.0,1.0
10000,0.7,0.6,0.09716838184179788,5.52620422318571,0.017583205020567063,0.25311875739366846,0.7,exponential,64,179.0,179.0,5.304,0,0.0,1.0,1.0
10000,0.7,0.6,0.09716838184179788,5.52620422318571,0.017583205020567063,0.25311875739366846,0.7,exponential,65,135.0,135.0,5.7479997,0,0.0,1.0,1.0
10000,0.7,0.6,0.09716838184179788,5.52620422318571,0.017583205020567063,0.25311875739366846,0.7,exponential,66,106.0,106.0,5.4867,0,0.0,1.0,1.0
10000,0.7,0.6,0.09716838184179788,5.52620422318571,0.017583205020567063,0.25311875739366846,0.7,exponential,67,338.0,338.0,5.1958,0,0.0,1.0,1.0
10000,0.7,0.6,0.09716838184179788,5.52620422318571,0.017583205020567063,0.25311875739366846,0.7,exponential,68,159.0,159.0,5.1791,0,0.0,1.0,1.0
10000,0.7,0.6,0.09716838184179788,5.52620422318571,0.017583205020567063,0.25311875739366846,0.7,exponential,69,68.0,68.0,5.6896996,0,0.0,1.0,1.0
10000,0.7,0.6,0.09716838184179788,5.52620422318571,0.017583205020567063,0.25311875739366846,0.7,exponential,70,305.0,305.0,5.1973,0,0.0,1.0,1.0
10000,0.7,0.6,0.09716838184179788,5.52620422318571,0.017583205020567063,0.25311875739366846,0.7,exponential,71,244.0,244.0,5.5464,0,0.0,1.0,1.0
10000,0.7,0.6,0.09716838184179788,5.52620422318571,0.017583205020567063,0.25311875739366846,0.7,exponential,72,164.0,164.0,5.2918997,0,0.0,1.0,1.0
10000,0.7,0.6,0.09716838184179788,5.52620422318571,0.017583205020567063,0.25311875739366846,0.7,exponential,73,363.0,363.0,6.2339,0,0.0,1.0,1.0
10000,0.7,0.6,0.09716838184179788,5.52620422318571,0.017583205020567063,0.25311875739366846,0.7,exponential,74,123.0,123.0,6.1622,0,0.0,1.0,1.0
10000,0.7,0.6,0.09716838184179788,5.52620422318571,0.017583205020567063,0.25311875739366846,0.7,exponential,75,169.0,169.0,5.1534,0,0.0,1.0,1.0
10000,0.7,0.6,0.09716838184179788,5.52620422318571,0.017583205020567063,0.25311875739366846,0.7,exponential,76,309.0,309.0,5.1116,0,0.0,1.0,1.0
10000,0.7,0.6,0.09716838184179788,5.52620422318571,0.017583205020567063,0.25311875739366846,0.7,exponential,77,148.0,148.0,5.7409997,0,0.0,1.0,1.0
10000,0.7,0.6,0.09716838184179788,5.52620422318571,0.017583205020567063,0.25311875739366846,0.7,exponential,78,77.0,77.0,5.6473,0,0.0,1.0,1.0
10000,0.7,0.6,0.09716838184179788,5.52620422318571,0.017583205020567063,0.25311875739366846,0.7,exponential,79,210.0,210.0,6.0853996,0,0.0,1.0,1.0
10000,0.7,0.6,0.09716838184179788,5.52620422318571,0.017583205020567063,0.25311875739366846,0.7,exponential,80,57.0,57.0,5.4876,0,0.0,1.0,1.0
10000,0.7,0.6,0.09716838184179788,5.52620422318571,0.017583205020567063,0.25311875739366846,0.7,exponential,81,46.0,46.0,5.6942997,0,0.0,1.0,1.0
10000,0.7,0.6,0.09716838184179788,5.52620422318571,0.017583205020567063,0.25311875739366846,0.7,exponential,82,98.0,98.0,6.2795997,0,0.0,1.0,1.0
10000,0.7,0.6,0.09716838184179788,5.52620422318571,0.017583205020567063,0.25311875739366846,0.7,exponential,83,33.0,33.0,5.5713997,0,0.0,1.0,1.0
10000,0.7,0.6,0.09716838184179788,5.52620422318571,0.017583205020567063,0.25311875739366846,0.7,exponential,84,270.0,270.0,5.435,0,0.0,1.0,1.0
10000,0.7,0.6,0.09716838184179788,5.52620422318571,0.017583205020567063,0.25311875739366846,0.7,exponential,85,43.0,43.0,5.2239,0,0.0,1.0,1.0
10000,0.7,0.6,0.09716838184179788,5.52620422318571,0.017583205020567063,0.25311875739366846,0.7,exponential,86,135.0,135.0,6.0371,0,0.0,1.0,1.0
10000,0.7,0.6,0.09716838184179788,5.52620422318571,0.017583205020567063,0.25311875739366846,0.7,exponential,87,411.0,411.0,5.9417,0,0.0,1.0,1.0
10000,0.7,0.6,0.09716838184179788,5.52620422318571,0.017583205020567063,0.25311875739366846,0.7,exponential,88,349.0,349.0,5.6903996,0,0.0,1.0,1.0
10000,0.7,0.6,0.09716838184179788,5.52620422318571,0.017583205020567063,0.25311875739366846,0.7,exponential,89,43.0,43.0,5.4498997,0,0.0,1.0,1.0
10000,0.7,0.6,0.09716838184179788,5.52620422318571,0.017583205020567063,0.25311875739366846,0.7,exponential,90,286.0,286.0,5.2742,0,0.0,1.0,1.0
10000,0.7,0.6,0.09716838184179788,5.52620422318571,0.017583205020567063,0.25311875739366846,0.7,exponential,91,305.0,305.0,5.6748,0,0.0,1.0,1.0
10000,0.7,0.6,0.09716838184179788,5.52620422318571,0.017583205020567063,0.25311875739366846,0.7,exponential,92,229.0,229.0,5.6189,0,0.0,1.0,1.0
10000,0.7,0.6,0.09716838184179788,5.52620422318571,0.017583205020567063,0.25311875739366846,0.7,exponential,93,16.0,16.0,5.5313,0,0.0,1.0,1.0
10000,0.7,0.6,0.09716838184179788,5.52620422318571,0.017583205020567063,0.25311875739366846,0.7,exponential,94,87.0,87.0,5.7764,0,0.0,1.0,1.0
10000,0.7,0.6,0.09716838184179788,5.52620422318571,0.017583205020567063,0.25311875739366846,0.7,exponential,95,148.0,148.0,5.3828998,0,0.0,1.0,1.0
10000,0.7,0.6,0.09716838184179788,5.52620422318571,0.017583205020567063,0.25311875739366846,0.7,exponential,96,52.0,52.0,5.6821,0,0.0,1.0,1.0
10000,0.7,0.6,0.09716838184179788,5.52620422318571,0.017583205020567063,0.25311875739366846,0.7,exponential,97,237.0,237.0,5.4223,0,0.0,1.0,1.0
10000,0.7,0.6,0.09716838184179788,5.52620422318571,0.017583205020567063,0.25311875739366846,0.7,exponential,98,194.0,194.0,5.763,0,0.0,1.0,1.0
10000,0.7,0.6,0.09716838184179788,5.52620422318571,0.017583205020567063,0.25311875739366846,0.7,exponential,99,105.0,105.0,5.7091,0,0.0,1.0,1.0
10000,0.7,0.6,0.09716838184179788,5.52620422318571,0.017583205020567063,0.25311875739366846,0.7,exponential,100,53.0,53.0,5.7402,0,0.0,1.0,1.0
10000,0.7,0.6,0.09716838184179788,5.52620422318571,0.017583205020567063,0.25311875739366846,0.7,exponential,101,151.0,151.0,6.4361997,0,0.0,1.0,1.0
10000,0.7,0.6,0.09716838184179788,5.52620422318571,0.017583205020567063,0.25311875739366846,0.7,exponential,102,61.0,61.0,5.408,0,0.0,1.0,1.0
10000,0.7,0.6,0.09716838184179788,5.52620422318571,0.017583205020567063,0.25311875739366846,0.7,exponential,103,70.0,70.0,5.5369997,0,0.0,1.0,1.0
10000,0.7,0.6,0.09716838184179788,5.52620422318571,0.017583205020567063,0.25311875739366846,0.7,exponential,104,40.0,40.0,5.6281,0,0.0,1.0,1.0
10000,0.7,0.6,0.09716838184179788,5.52620422318571,0.017583205020567063,0.25311875739366846,0.7,exponential,105,225.0,225.0,5.1994,0,0.0,1.0,1.0
10000,0.7,0.6,0.09716838184179788,5.52620422318571,0.017583205020567063,0.25311875739366846,0.7,exponential,106,122.0,122.0,5.8009996,0,0.0,1.0,1.0
10000,0.7,0.6,0.09716838184179788,5.52620422318571,0.017583205020567063,0.25311875739366846,0.7,exponential,107,232.0,232.0,5.2791,0,0.0,1.0,1.0
10000,0.7,0.6,0.09716838184179788,5.52620422318571,0.017583205020567063,0.25311875739366846,0.7,exponential,108,86.0,86.0,5.6419,0,0.0,1.0,1.0
10000,0.7,0.6,0.09716838184179788,5.52620422318571,0.017583205020567063,0.25311875739366846,0.7,exponential,109,22.0,22.0,5.7033997,0,0.0,1.0,1.0
10000,0.7,0.6,0.09716838184179788,5.52620422318571,0.017583205020567063,0.25311875739366846,0.7,exponential,110,15.0,15.0,5.4955997,0,0.0,1.0,1.0
10000,0.7,0.6,0.09716838184179788,5.52620422318571,0.017583205020567063,0.25311875739366846,0.7,exponential,111,119.0,119.0,5.5922,0,0.0,1.0,1.0
10000,0.7,0.6,0.09716838184179788,5.52620422318571,0.017583205020567063,0.25311875739366846,0.7,exponential,112,131.0,131.0,5.6438,0,0.0,1.0,1.0
10000,0.7,0.6,0.09716838184179788,5.52620422318571,0.017583205020567063,0.25311875739366846,0.7,exponential,113,284.0,284.0,5.5901,0,0.0,1.0,1.0
10000,0.7,0.6,0.09716838184179788,5.52620422318571,0.017583205020567063,0.25311875739366846,0.7,exponential,114,51.0,51.0,5.6073,0,0.0,1.0,1.0
10000,0.7,0.6,0.09716838184179788,5.52620422318571,0.017583205020567063,0.25311875739366846,0.7,exponential,115,131.0,131.0,5.3448,0,0.0,1.0,1.0
10000,0.7,0.6,0.09716838184179788,5.52620422318571,0.017583205020567063,0.25311875739366846,0.7,exponential,116,54.0,54.0,5.6821,0,0.0,1.0,1.0
10000,0.7,0.6,0.09716838184179788,5.52620422318571,0.017583205020567063,0.25311875739366846,0.7,exponential,117,49.0,49.0,5.6464996,0,0.0,1.0,1.0
10000,0.7,0.6,0.09716838184179788,5.52620422318571,0.017583205020567063,0.25311875739366846,0.7,exponential,118,296.0,296.0,5.7741,0,0.0,1.0,1.0
10000,0.7,0.6,0.09716838184179788,5.52620422318571,0.017583205020567063,0.25311875739366846,0.7,exponential,119,119.0,119.0,6.0743,0,0.0,1.0,1.0
10000,0.7,0.6,0.09716838184179788,5.52620422318571,0.017583205020567063,0.25311875739366846,0.7,exponential,120,243.0,243.0,5.3819,0,0.0,1.0,1.0
10000,0.7,0.6,0.09716838184179788,5.52620422318571,0.017583205020567063,0.25311875739366846,0.7,exponential,121,80.0,80.0,5.6534,0,0.0,1.0,1.0
10000,0.7,0.6,0.09716838184179788,5.52620422318571,0.017583205020567063,0.25311875739366846,0.7,exponential,122,493.0,493.0,5.6243997,0,0.0,1.0,1.0
10000,0.7,0.6,0.09716838184179788,5.52620422318571,0.017583205020567063,0.25311875739366846,0.7,exponential,123,59.0,59.0,5.4909,0,0.0,1.0,1.0
10000,0.7,0.6,0.09716838184179788,5.52620422318571,0.017583205020567063,0.25311875739366846,0.7,exponential,124,324.0,324.0,6.1175,0,0.0,1.0,1.0
10000,0.7,0.6,0.09716838184179788,5.52620422318571,0.017583205020567063,0.25311875739366846,0.7,exponential,125,15.0,15.0,5.6456,0,0.0,1.0,1.0
10000,0.7,0.6,0.09716838184179788,5.52620422318571,0.017583205020567063,0.25311875739366846,0.7,exponential,126,65.0,65.0,5.87,0,0.0,1.0,1.0
10000,0.7,0.6,0.09716838184179788,5.52620422318571,0.017583205020567063,0.25311875739366846,0.7,exponential,127,253.0,253.0,5.2929,0,0.0,1.0,1.0
10000,0.7,0.6,0.09716838184179788,5.52620422318571,0.017583205020567063,0.25311875739366846,0.7,exponential,128,155.0,155.0,5.8977,0,0.0,1.0,1.0
10000,0.7,0.6,0.09716838184179788,5.52620422318571,0.017583205020567063,0.25311875739366846,0.7,exponential,129,340.0,340.0,5.5822,0,0.0,1.0,1.0
10000,0.7,0.6,0.09716838184179788,5.52620422318571,0.017583205020567063,0.25311875739366846,0.7,exponential,130,420.0,420.0,5.4955997,0,0.0,1.0,1.0
10000,0.7,0.6,0.09716838184179788,5.52620422318571,0.017583205020567063,0.25311875739366846,0.7,exponential,131,105.0,105.0,5.4213,0,0.0,1.0,1.0
10000,0.7,0.6,0.09716838184179788,5.52620422318571,0.017583205020567063,0.25311875739366846,0.7,exponential,132,209.0,209.0,5.4087,0,0.0,1.0,1.0
10000,0.7,0.6,0.09716838184179788,5.52620422318571,0.017583205020567063,0.25311875739366846,0.7,exponential,133,47.0,47.0,5.5632,0,0.0,1.0,1.0
10000,0.7,0.6,0.09716838184179788,5.52620422318571,0.017583205020567063,0.25311875739366846,0.7,exponential,134,44.0,44.0,5.447,0,0.0,1.0,1.0
10000,0.7,0.6,0.09716838184179788,5.52620422318571,0.017583205020567063,0.25311875739366846,0.7,exponential,135,33.0,33.0,5.7778,0,0.0,1.0,1.0
10000,0.7,0.6,0.09716838184179788,5.52620422318571,0.017583205020567063,0.25311875739366846,0.7,exponential,136,61.0,61.0,5.6092,0,0.0,1.0,1.0
10000,0.7,0.6,0.09716838184179788,5.52620422318571,0.017583205020567063,0.25311875739366846,0.7,exponential,137,21.0,21.0,5.5235996,0,0.0,1.0,1.0
10000,0.7,0.6,0.09716838184179788,5.52620422318571,0.017583205020567063,0.25311875739366846,0.7,exponential,138,198.0,198.0,5.5776997,0,0.0,1.0,1.0
10000,0.7,0.6,0.09716838184179788,5.52620422318571,0.017583205020567063,0.25311875739366846,0.7,exponential,139,304.0,304.0,5.6612997,0,0.0,1.0,1.0
10000,0.7,0.6,0.09716838184179788,5.52620422318571,0.017583205020567063,0.25311875739366846,0.7,exponential,140,397.0,397.0,5.1467,0,0.0,1.0,1.0
10000,0.7,0.6,0.09716838184179788,5.52620422318571,0.017583205020567063,0.25311875739366846,0.7,exponential,141,116.0,116.0,5.6903996,0,0.0,1.0,1.0
10000,0.7,0.6,0.09716838184179788,5.52620422318571,0.017583205020567063,0.25311875739366846,0.7,exponential,142,468.0,468.0,5.1191,0,0.0,1.0,1.0
10000,0.7,0.6,0.09716838184179788,5.52620422318571,0.017583205020567063,0.25311875739366846,0.7,exponential,143,88.0,88.0,5.549,0,0.0,1.0,1.0
10000,0.7,0.6,0.09716838184179788,5.52620422318571,0.017583205020567063,0.25311875739366846,0.7,exponential,144,37.0,37.0,5.5727997,0,0.0,1.0,1.0
10000,0.7,0.6,0.09716838184179788,5.52620422318571,0.017583205020567063,0.25311875739366846,0.7,exponential,145,598.0,598.0,5.865,0,0.0,1.0,1.0
10000,0.7,0.6,0.09716838184179788,5.52620422318571,0.017583205020567063,0.25311875739366846,0.7,exponential,146,537.0,537.0,5.3251,0,0.0,1.0,1.0
10000,0.7,0.6,0.09716838184179788,5.52620422318571,0.017583205020567063,0.25311875739366846,0.7,exponential,147,36.0,36.0,5.6513,0,0.0,1.0,1.0
10000,0.7,0.6,0.09716838184179788,5.52620422318571,0.017583205020567063,0.25311875739366846,0.7,exponential,148,27.0,27.0,5.5055,0,0.0,1.0,1.0
10000,0.7,0.6,0.09716838184179788,5.52620422318571,0.017583205020567063,0.25311875739366846,0.7,exponential,149,181.0,181.0,5.3788,0,0.0,1.0,1.0
10000,0.7,0.6,0.09716838184179788,5.52620422318571,0.017583205020567063,0.25311875739366846,0.7,exponential,150,504.0,504.0,5.2886,0,0.0,1.0,1.0
10000,0.7,0.6,0.09716838184179788,5.52620422318571,0.017583205020567063,0.25311875739366846,0.7,exponential,151,352.0,352.0,5.1865997,0,0.0,1.0,1.0
10000,0.7,0.6,0.09716838184179788,5.52620422318571,0.017583205020567063,0.25311875739366846,0.7,exponential,152,280.0,280.0,5.4997,0,0.0,1.0,1.0
10000,0.7,0.6,0.09716838184179788,5.52620422318571,0.017583205020567063,0.25311875739366846,0.7,exponential,153,41.0,41.0,5.6742997,0,0.0,1.0,1.0
10000,0.7,0.6,0.09716838184179788,5.52620422318571,0.017583205020567063,0.25311875739366846,0.7,exponential,154,127.0,127.0,6.0734,0,0.0,1.0,1.0
10000,0.7,0.6,0.09716838184179788,5.52620422318571,0.017583205020567063,0.25311875739366846,0.7,exponential,155,142.0,142.0,5.3271,0,0.0,1.0,1.0
10000,0.7,0.6,0.09716838184179788,5.52620422318571,0.017583205020567063,0.25311875739366846,0.7,exponential,156,63.0,63.0,5.9210997,0,0.0,1.0,1.0
10000,0.7,0.6,0.09716838184179788,5.52620422318571,0.017583205020567063,0.25311875739366846,0.7,exponential,157,382.0,382.0,5.1531997,0,0.0,1.0,1.0
10000,0.7,0.6,0.09716838184179788,5.52620422318571,0.017583205020567063,0.25311875739366846,0.7,exponential,158,153.0,153.0,4.9586997,0,0.0,1.0,1.0
10000,0.7,0.6,0.09716838184179788,5.52620422318571,0.017583205020567063,0.25311875739366846,0.7,exponential,159,71.0,71.0,5.6436,0,0.0,1.0,1.0
10000,0.7,0.6,0.09716838184179788,5.52620422318571,0.017583205020567063,0.25311875739366846,0.7,exponential,160,41.0,41.0,5.2202997,0,0.0,1.0,1.0
10000,0.7,0.6,0.09716838184179788,5.52620422318571,0.017583205020567063,0.25311875739366846,0.7,exponential,161,339.0,339.0,5.8643,0,0.0,1.0,1.0
10000,0.7,0.6,0.09716838184179788,5.52620422318571,0.017583205020567063,0.25311875739366846,0.7,exponential,162,446.0,446.0,5.6754,0,0.0,1.0,1.0
10000,0.7,0.6,0.09716838184179788,5.52620422318571,0.017583205020567063,0.25311875739366846,0.7,exponential,163,9.0,9.0,5.6622996,0,0.0,1.0,1.0
10000,0.7,0.6,0.09716838184179788,5.52620422318571,0.017583205020567063,0.25311875739366846,0.7,exponential,164,35.0,35.0,5.7103,0,0.0,1.0,1.0
10000,0.7,0.6,0.09716838184179788,5.52620422318571,0.017583205020567063,0.25311875739366846,0.7,exponential,165,453.0,453.0,5.7132,0,0.0,1.0,1.0
10000,0.7,0.6,0.09716838184179788,5.52620422318571,0.017583205020567063,0.25311875739366846,0.7,exponential,166,66.0,66.0,5.6679997,0,0.0,1.0,1.0
10000,0.7,0.6,0.09716838184179788,5.52620422318571,0.017583205020567063,0.25311875739366846,0.7,exponential,167,66.0,66.0,5.7072997,0,0.0,1.0,1.0
10000,0.7,0.6,0.09716838184179788,5.52620422318571,0.017583205020567063,0.25311875739366846,0.7,exponential,168,85.0,85.0,6.0579,0,0.0,1.0,1.0
10000,0.7,0.6,0.09716838184179788,5.52620422318571,0.017583205020567063,0.25311875739366846,0.7,exponential,169,155.0,155.0,5.2179,0,0.0,1.0,1.0
10000,0.7,0.6,0.09716838184179788,5.52620422318571,0.017583205020567063,0.25311875739366846,0.7,exponential,170,651.0,651.0,5.6191,0,0.0,1.0,1.0
10000,0.7,0.6,0.09716838184179788,5.52620422318571,0.017583205020567063,0.25311875739366846,0.7,exponential,171,47.0,47.0,5.8297,0,0.0,1.0,1.0
10000,0.7,0.6,0.09716838184179788,5.52620422318571,0.017583205020567063,0.25311875739366846,0.7,exponential,172,138.0,138.0,5.3598,0,0.0,1.0,1.0
10000,0.7,0.6,0.09716838184179788,5.52620422318571,0.017583205020567063,0.25311875739366846,0.7,exponential,173,141.0,141.0,5.2281,0,0.0,1.0,1.0
10000,0.7,0.6,0.09716838184179788,5.52620422318571,0.017583205020567063,0.25311875739366846,0.7,exponential,174,278.0,278.0,5.8271,0,0.0,1.0,1.0
10000,0.7,0.6,0.09716838184179788,5.52620422318571,0.017583205020567063,0.25311875739366846,0.7,exponential,175,626.0,626.0,5.8143,0,0.0,1.0,1.0
10000,0.7,0.6,0.09716838184179788,5.52620422318571,0.017583205020567063,0.25311875739366846,0.7,exponential,176,234.0,234.0,6.0467,0,0.0,1.0,1.0
10000,0.7,0.6,0.09716838184179788,5.52620422318571,0.017583205020567063,0.25311875739366846,0.7,exponential,177,44.0,44.0,5.5913,0,0.0,1.0,1.0
10000,0.7,0.6,0.09716838184179788,5.52620422318571,0.017583205020567063,0.25311875739366846,0.7,exponential,178,130.0,130.0,5.7156,0,0.0,1.0,1.0
10000,0.7,0.6,0.09716838184179788,5.52620422318571,0.017583205020567063,0.25311875739366846,0.7,exponential,179,269.0,269.0,5.5002,0,0.0,1.0,1.0
10000,0.7,0.6,0.09716838184179788,5.52620422318571,0.017583205020567063,0.25311875739366846,0.7,exponential,180,246.0,246.0,5.1749997,0,0.0,1.0,1.0
10000,0.7,0.6,0.09716838184179788,5.52620422318571,0.017583205020567063,0.25311875739366846,0.7,exponential,181,86.0,86.0,5.4497,0,0.0,1.0,1.0
10000,0.7,0.6,0.09716838184179788,5.52620422318571,0.017583205020567063,0.25311875739366846,0.7,exponential,182,207.0,207.0,5.7454,0,0.0,1.0,1.0
10000,0.7,0.6,0.09716838184179788,5.52620422318571,0.017583205020567063,0.25311875739366846,0.7,exponential,183,226.0,226.0,5.5582,0,0.0,1.0,1.0
10000,0.7,0.6,0.09716838184179788,5.52620422318571,0.017583205020567063,0.25311875739366846,0.7,exponential,184,358.0,358.0,5.6405,0,0.0,1.0,1.0
10000,0.7,0.6,0.09716838184179788,5.52620422318571,0.017583205020567063,0.25311875739366846,0.7,exponential,185,203.0,203.0,5.6533,0,0.0,1.0,1.0
10000,0.7,0.6,0.09716838184179788,5.52620422318571,0.017583205020567063,0.25311875739366846,0.7,exponential,186,112.0,112.0,5.2616,0,0.0,1.0,1.0
10000,0.7,0.6,0.09716838184179788,5.52620422318571,0.017583205020567063,0.25311875739366846,0.7,exponential,187,74.0,74.0,5.3782,0,0.0,1.0,1.0
10000,0.7,0.6,0.09716838184179788,5.52620422318571,0.017583205020567063,0.25311875739366846,0.7,exponential,188,242.0,242.0,5.8556,0,0.0,1.0,1.0
10000,0.7,0.6,0.09716838184179788,5.52620422318571,0.017583205020567063,0.25311875739366846,0.7,exponential,189,772.0,772.0,5.2313,0,0.0,1.0,1.0
10000,0.7,0.6,0.09716838184179788,5.52620422318571,0.017583205020567063,0.25311875739366846,0.7,exponential,190,57.0,57.0,6.0112,0,0.0,1.0,1.0
10000,0.7,0.6,0.09716838184179788,5.52620422318571,0.017583205020567063,0.25311875739366846,0.7,exponential,191,51.0,51.0,5.765,0,0.0,1.0,1.0
10000,0.7,0.6,0.09716838184179788,5.52620422318571,0.017583205020567063,0.25311875739366846,0.7,exponential,192,308.0,308.0,5.4526997,0,0.0,1.0,1.0
10000,0.7,0.6,0.09716838184179788,5.52620422318571,0.017583205020567063,0.25311875739366846,0.7,exponential,193,410.0,410.0,5.3448997,0,0.0,1.0,1.0
10000,0.7,0.6,0.09716838184179788,5.52620422318571,0.017583205020567063,0.25311875739366846,0.7,exponential,194,172.0,172.0,5.5455,0,0.0,1.0,1.0
10000,0.7,0.6,0.09716838184179788,5.52620422318571,0.017583205020567063,0.25311875739366846,0.7,exponential,195,1067.0,1067.0,5.6008997,0,0.0,1.0,1.0
10000,0.7,0.6,0.09716838184179788,5.52620422318571,0.017583205020567063,0.25311875739366846,0.7,exponential,196,75.0,75.0,5.6032,0,0.0,1.0,1.0
10000,0.7,0.6,0.09716838184179788,5.52620422318571,0.017583205020567063,0.25311875739366846,0.7,exponential,197,299.0,299.0,5.1594,0,0.0,1.0,1.0
10000,0.7,0.6,0.09716838184179788,5.52620422318571,0.017583205020567063,0.25311875739366846,0.7,exponential,198,176.0,176.0,5.9582996,0,0.0,1.0,1.0
10000,0.7,0.6,0.09716838184179788,5.52620422318571,0.017583205020567063,0.25311875739366846,0.7,exponential,199,357.0,357.0,5.4333,0,0.0,1.0,1.0
10000,0.7,0.6,0.09716838184179788,5.52620422318571,0.017583205020567063,0.25311875739366846,0.7,exponential,200,56.0,56.0,5.2613,0,0.0,1.0,1.0
10000,0.7,0.6,0.09716838184179788,5.52620422318571,0.017583205020567063,0.25311875739366846,0.7,exponential,201,820.0,820.0,5.2777,0,0.0,1.0,1.0
10000,0.7,0.6,0.09716838184179788,5.52620422318571,0.017583205020567063,0.25311875739366846,0.7,exponential,202,141.0,141.0,5.7876997,0,0.0,1.0,1.0
10000,0.7,0.6,0.09716838184179788,5.52620422318571,0.017583205020567063,0.25311875739366846,0.7,exponential,203,105.0,105.0,5.6109,0,0.0,1.0,1.0
10000,0.7,0.6,0.09716838184179788,5.52620422318571,0.017583205020567063,0.25311875739366846,0.7,exponential,204,396.0,396.0,5.2577,0,0.0,1.0,1.0
10000,0.7,0.6,0.09716838184179788,5.52620422318571,0.017583205020567063,0.25311875739366846,0.7,exponential,205,88.0,88.0,6.2384996,0,0.0,1.0,1.0
10000,0.7,0.6,0.09716838184179788,5.52620422318571,0.017583205020567063,0.25311875739366846,0.7,exponential,206,27.0,27.0,5.3245,0,0.0,1.0,1.0
10000,0.7,0.6,0.09716838184179788,5.52620422318571,0.017583205020567063,0.25311875739366846,0.7,exponential,207,151.0,151.0,5.2892,0,0.0,1.0,1.0
10000,0.7,0.6,0.09716838184179788,5.52620422318571,0.017583205020567063,0.25311875739366846,0.7,exponential,208,132.0,132.0,5.6995,0,0.0,1.0,1.0
10000,0.7,0.6,0.09716838184179788,5.52620422318571,0.017583205020567063,0.25311875739366846,0.7,exponential,209,52.0,52.0,5.5388,0,0.0,1.0,1.0
10000,0.7,0.6,0.09716838184179788,5.52620422318571,0.017583205020567063,0.25311875739366846,0.7,exponential,210,13.0,13.0,5.5464997,0,0.0,1.0,1.0
10000,0.7,0.6,0.09716838184179788,5.52620422318571,0.017583205020567063,0.25311875739366846,0.7,exponential,211,236.0,236.0,5.5499997,0,0.0,1.0,1.0
10000,0.7,0.6,0.09716838184179788,5.52620422318571,0.017583205020567063,0.25311875739366846,0.7,exponential,212,136.0,136.0,4.9483,0,0.0,1.0,1.0
10000,0.7,0.6,0.09716838184179788,5.52620422318571,0.017583205020567063,0.25311875739366846,0.7,exponential,213,214.0,214.0,5.4596996,0,0.0,1.0,1.0
10000,0.7,0.6,0.09716838184179788,5.52620422318571,0.017583205020567063,0.25311875739366846,0.7,exponential,214,44.0,44.0,5.6948,0,0.0,1.0,1.0
10000,0.7,0.6,0.09716838184179788,5.52620422318571,0.017583205020567063,0.25311875739366846,0.7,exponential,215,87.0,87.0,5.7648,0,0.0,1.0,1.0
10000,0.7,0.6,0.09716838184179788,5.52620422318571,0.017583205020567063,0.25311875739366846,0.7,exponential,216,37.0,37.0,5.5046,0,0.0,1.0,1.0
10000,0.7,0.6,0.09716838184179788,5.52620422318571,0.017583205020567063,0.25311875739366846,0.7,exponential,217,227.0,227.0,5.1644998,0,0.0,1.0,1.0
10000,0.7,0.6,0.09716838184179788,5.52620422318571,0.017583205020567063,0.25311875739366846,0.7,exponential,218,18.0,18.0,5.4666,0,0.0,1.0,1.0
10000,0.7,0.6,0.09716838184179788,5.52620422318571,0.017583205020567063,0.25311875739366846,0.7,exponential,219,210.0,210.0,5.2504997,0,0.0,1.0,1.0
10000,0.7,0.6,0.09716838184179788,5.52620422318571,0.017583205020567063,0.25311875739366846,0.7,exponential,220,238.0,238.0,5.4163,0,0.0,1.0,1.0
10000,0.7,0.6,0.09716838184179788,5.52620422318571,0.017583205020567063,0.25311875739366846,0.7,exponential,221,239.0,239.0,5.6224,0,0.0,1.0,1.0
10000,0.7,0.6,0.09716838184179788,5.52620422318571,0.017583205020567063,0.25311875739366846,0.7,exponential,222,172.0,172.0,5.9393997,0,0.0,1.0,1.0
10000,0.7,0.6,0.09716838184179788,5.52620422318571,0.017583205020567063,0.25311875739366846,0.7,exponential,223,442.0,442.0,5.3518,0,0.0,1.0,1.0
10000,0.7,0.6,0.09716838184179788,5.52620422318571,0.017583205020567063,0.25311875739366846,0.7,exponential,224,139.0,139.0,5.8447,0,0.0,1.0,1.0
10000,0.7,0.6,0.09716838184179788,5.52620422318571,0.017583205020567063,0.25311875739366846,0.7,exponential,225,321.0,321.0,5.1773996,0,0.0,1.0,1.0
10000,0.7,0.6,0.09716838184179788,5.52620422318571,0.017583205020567063,0.25311875739366846,0.7,exponential,226,112.0,112.0,5.6478,0,0.0,1.0,1.0
10000,0.7,0.6,0.09716838184179788,5.52620422318571,0.017583205020567063,0.25311875739366846,0.7,exponential,227,121.0,121.0,5.9132,0,0.0,1.0,1.0
10000,0.7,0.6,0.09716838184179788,5.52620422318571,0.017583205020567063,0.25311875739366846,0.7,exponential,228,22.0,22.0,5.5757,0,0.0,1.0,1.0
10000,0.7,0.6,0.09716838184179788,5.52620422318571,0.017583205020567063,0.25311875739366846,0.7,exponential,229,40.0,40.0,5.8672,0,0.0,1.0,1.0
10000,0.7,0.6,0.09716838184179788,5.52620422318571,0.017583205020567063,0.25311875739366846,0.7,exponential,230,572.0,572.0,5.8950996,0,0.0,1.0,1.0
10000,0.7,0.6,0.09716838184179788,5.52620422318571,0.017583205020567063,0.25311875739366846,0.7,exponential,231,159.0,159.0,5.0929,0,0.0,1.0,1.0
10000,0.7,0.6,0.09716838184179788,5.52620422318571,0.017583205020567063,0.25311875739366846,0.7,exponential,232,87.0,87.0,6.1284,0,0.0,1.0,1.0
10000,0.7,0.6,0.09716838184179788,5.52620422318571,0.017583205020567063,0.25311875739366846,0.7,exponential,233,231.0,231.0,5.5713,0,0.0,1.0,1.0
10000,0.7,0.6,0.09716838184179788,5.52620422318571,0.017583205020567063,0.25311875739366846,0.7,exponential,234,234.0,234.0,5.499,0,0.0,1.0,1.0
10000,0.7,0.6,0.09716838184179788,5.52620422318571,0.017583205020567063,0.25311875739366846,0.7,exponential,235,21.0,21.0,5.5386996,0,0.0,1.0,1.0
10000,0.7,0.6,0.09716838184179788,5.52620422318571,0.017583205020567063,0.25311875739366846,0.7,exponential,236,412.0,412.0,6.0745,0,0.0,1.0,1.0
10000,0.7,0.6,0.09716838184179788,5.52620422318571,0.017583205020567063,0.25311875739366846,0.7,exponential,237,123.0,123.0,5.4435,0,0.0,1.0,1.0
10000,0.7,0.6,0.09716838184179788,5.52620422318571,0.017583205020567063,0.25311875739366846,0.7,exponential,238,38.0,38.0,5.5428,0,0.0,1.0,1.0
10000,0.7,0.6,0.09716838184179788,5.52620422318571,0.017583205020567063,0.25311875739366846,0.7,exponential,239,46.0,46.0,5.4319997,0,0.0,1.0,1.0
10000,0.7,0.6,0.09716838184179788,5.52620422318571,0.017583205020567063,0.25311875739366846,0.7,exponential,240,247.0,247.0,5.6786,0,0.0,1.0,1.0
10000,0.7,0.6,0.09716838184179788,5.52620422318571,0.017583205020567063,0.25311875739366846,0.7,exponential,241,57.0,57.0,5.4094,0,0.0,1.0,1.0
10000,0.7,0.6,0.09716838184179788,5.52620422318571,0.017583205020567063,0.25311875739366846,0.7,exponential,242,149.0,149.0,5.8321,0,0.0,1.0,1.0
10000,0.7,0.6,0.09716838184179788,5.52620422318571,0.017583205020567063,0.25311875739366846,0.7,exponential,243,143.0,143.0,5.4179997,0,0.0,1.0,1.0
10000,0.7,0.6,0.09716838184179788,5.52620422318571,0.017583205020567063,0.25311875739366846,0.7,exponential,244,70.0,70.0,5.6464,0,0.0,1.0,1.0
10000,0.7,0.6,0.09716838184179788,5.52620422318571,0.017583205020567063,0.25311875739366846,0.7,exponential,245,25.0,25.0,5.5379,0,0.0,1.0,1.0
10000,0.7,0.6,0.09716838184179788,5.52620422318571,0.017583205020567063,0.25311875739366846,0.7,exponential,246,702.0,702.0,5.8388,0,0.0,1.0,1.0
10000,0.7,0.6,0.09716838184179788,5.52620422318571,0.017583205020567063,0.25311875739366846,0.7,exponential,247,68.0,68.0,5.9161997,0,0.0,1.0,1.0
10000,0.7,0.6,0.09716838184179788,5.52620422318571,0.017583205020567063,0.25311875739366846,0.7,exponential,248,21.0,21.0,5.4624,0,0.0,1.0,1.0
10000,0.7,0.6,0.09716838184179788,5.52620422318571,0.017583205020567063,0.25311875739366846,0.7,exponential,249,72.0,72.0,5.3557,0,0.0,1.0,1.0
10000,0.7,0.6,0.09716838184179788,5.52620422318571,0.017583205020567063,0.25311875739366846,0.7,exponential,250,84.0,84.0,5.7116,0,0.0,1.0,1.0
10000,0.7,0.6,0.09716838184179788,5.52620422318571,0.017583205020567063,0.25311875739366846,0.7,exponential,251,434.0,434.0,5.7707,0,0.0,1.0,1.0
10000,0.7,0.6,0.09716838184179788,5.52620422318571,0.017583205020567063,0.25311875739366846,0.7,exponential,252,267.0,267.0,5.4449,0,0.0,1.0,1.0
10000,0.7,0.6,0.09716838184179788,5.52620422318571,0.017583205020567063,0.25311875739366846,0.7,exponential,253,128.0,128.0,5.2500997,0,0.0,1.0,1.0
10000,0.7,0.6,0.09716838184179788,5.52620422318571,0.017583205020567063,0.25311875739366846,0.7,exponential,254,45.0,45.0,5.8752,0,0.0,1.0,1.0
10000,0.7,0.6,0.09716838184179788,5.52620422318571,0.017583205020567063,0.25311875739366846,0.7,exponential,255,16.0,16.0,5.5108,0,0.0,1.0,1.0
10000,0.7,0.6,0.09716838184179788,5.52620422318571,0.017583205020567063,0.25311875739366846,0.7,exponential,256,170.0,170.0,5.4632,0,0.0,1.0,1.0
10000,0.7,0.6,0.09716838184179788,5.52620422318571,0.017583205020567063,0.25311875739366846,0.7,exponential,257,75.0,75.0,5.6123,0,0.0,1.0,1.0
10000,0.7,0.6,0.09716838184179788,5.52620422318571,0.017583205020567063,0.25311875739366846,0.7,exponential,258,232.0,232.0,5.6275997,0,0.0,1.0,1.0
10000,0.7,0.6,0.09716838184179788,5.52620422318571,0.017583205020567063,0.25311875739366846,0.7,exponential,259,32.0,32.0,5.713,0,0.0,1.0,1.0
10000,0.7,0.6,0.09716838184179788,5.52620422318571,0.017583205020567063,0.25311875739366846,0.7,exponential,260,68.0,68.0,5.6535997,0,0.0,1.0,1.0
10000,0.7,0.6,0.09716838184179788,5.52620422318571,0.017583205020567063,0.25311875739366846,0.7,exponential,261,83.0,83.0,5.6106997,0,0.0,1.0,1.0
10000,0.7,0.6,0.09716838184179788,5.52620422318571,0.017583205020567063,0.25311875739366846,0.7,exponential,262,810.0,810.0,5.7555,0,0.0,1.0,1.0
10000,0.7,0.6,0.09716838184179788,5.52620422318571,0.017583205020567063,0.25311875739366846,0.7,exponential,263,69.0,69.0,5.6632,0,0.0,1.0,1.0
10000,0.7,0.6,0.09716838184179788,5.52620422318571,0.017583205020567063,0.25311875739366846,0.7,exponential,264,257.0,257.0,6.0597997,0,0.0,1.0,1.0
10000,0.7,0.6,0.09716838184179788,5.52620422318571,0.017583205020567063,0.25311875739366846,0.7,exponential,265,57.0,57.0,5.2625,0,0.0,1.0,1.0
10000,0.7,0.6,0.09716838184179788,5.52620422318571,0.017583205020567063,0.25311875739366846,0.7,exponential,266,36.0,36.0,5.4207997,0,0.0,1.0,1.0
10000,0.7,0.6,0.09716838184179788,5.52620422318571,0.017583205020567063,0.25311875739366846,0.7,exponential,267,82.0,82.0,5.9014,0,0.0,1.0,1.0
10000,0.7,0.6,0.09716838184179788,5.52620422318571,0.017583205020567063,0.25311875739366846,0.7,exponential,268,375.0,375.0,5.3538,0,0.0,1.0,1.0
10000,0.7,0.6,0.09716838184179788,5.52620422318571,0.017583205020567063,0.25311875739366846,0.7,exponential,269,62.0,62.0,5.2272997,0,0.0,1.0,1.0
10000,0.7,0.6,0.09716838184179788,5.52620422318571,0.017583205020567063,0.25311875739366846,0.7,exponential,270,28.0,28.0,5.6405997,0,0.0,1.0,1.0
10000,0.7,0.6,0.09716838184179788,5.52620422318571,0.017583205020567063,0.25311875739366846,0.7,exponential,271,60.0,60.0,5.7750998,0,0.0,1.0,1.0
10000,0.7,0.6,0.09716838184179788,5.52620422318571,0.017583205020567063,0.25311875739366846,0.7,exponential,272,90.0,90.0,5.7901998,0,0.0,1.0,1.0
10000,0.7,0.6,0.09716838184179788,5.52620422318571,0.017583205020567063,0.25311875739366846,0.7,exponential,273,40.0,40.0,5.6811,0,0.0,1.0,1.0
10000,0.7,0.6,0.09716838184179788,5.52620422318571,0.017583205020567063,0.25311875739366846,0.7,exponential,274,88.0,88.0,5.4535,0,0.0,1.0,1.0
10000,0.7,0.6,0.09716838184179788,5.52620422318571,0.017583205020567063,0.25311875739366846,0.7,exponential,275,193.0,193.0,5.7026997,0,0.0,1.0,1.0
10000,0.7,0.6,0.09716838184179788,5.52620422318571,0.017583205020567063,0.25311875739366846,0.7,exponential,276,434.0,434.0,5.3819,0,0.0,1.0,1.0
10000,0.7,0.6,0.09716838184179788,5.52620422318571,0.017583205020567063,0.25311875739366846,0.7,exponential,277,120.0,120.0,5.5353,0,0.0,1.0,1.0
10000,0.7,0.6,0.09716838184179788,5.52620422318571,0.017583205020567063,0.25311875739366846,0.7,exponential,278,157.0,157.0,5.3691,0,0.0,1.0,1.0
10000,0.7,0.6,0.09716838184179788,5.52620422318571,0.017583205020567063,0.25311875739366846,0.7,exponential,279,242.0,242.0,5.674,0,0.0,1.0,1.0
10000,0.7,0.6,0.09716838184179788,5.52620422318571,0.017583205020567063,0.25311875739366846,0.7,exponential,280,378.0,378.0,5.4941998,0,0.0,1.0,1.0
10000,0.7,0.6,0.09716838184179788,5.52620422318571,0.017583205020567063,0.25311875739366846,0.7,exponential,281,47.0,47.0,5.4035,0,0.0,1.0,1.0
10000,0.7,0.6,0.09716838184179788,5.52620422318571,0.017583205020567063,0.25311875739366846,0.7,exponential,282,19.0,19.0,5.7009,0,0.0,1.0,1.0
10000,0.7,0.6,0.09716838184179788,5.52620422318571,0.017583205020567063,0.25311875739366846,0.7,exponential,283,146.0,146.0,5.9048,0,0.0,1.0,1.0
10000,0.7,0.6,0.09716838184179788,5.52620422318571,0.017583205020567063,0.25311875739366846,0.7,exponential,284,23.0,23.0,5.5392,0,0.0,1.0,1.0
10000,0.7,0.6,0.09716838184179788,5.52620422318571,0.017583205020567063,0.25311875739366846,0.7,exponential,285,123.0,123.0,6.053,0,0.0,1.0,1.0
10000,0.7,0.6,0.09716838184179788,5.52620422318571,0.017583205020567063,0.25311875739366846,0.7,exponential,286,29.0,29.0,5.5481997,0,0.0,1.0,1.0
10000,0.7,0.6,0.09716838184179788,5.52620422318571,0.017583205020567063,0.25311875739366846,0.7,exponential,287,787.0,787.0,5.0383997,0,0.0,1.0,1.0
10000,0.7,0.6,0.09716838184179788,5.52620422318571,0.017583205020567063,0.25311875739366846,0.7,exponential,288,150.0,150.0,5.3037,0,0.0,1.0,1.0
10000,0.7,0.6,0.09716838184179788,5.52620422318571,0.017583205020567063,0.25311875739366846,0.7,exponential,289,558.0,558.0,5.3823,0,0.0,1.0,1.0
10000,0.7,0.6,0.09716838184179788,5.52620422318571,0.017583205020567063,0.25311875739366846,0.7,exponential,290,470.0,470.0,5.3872,0,0.0,1.0,1.0
10000,0.7,0.6,0.09716838184179788,5.52620422318571,0.017583205020567063,0.25311875739366846,0.7,exponential,291,69.0,69.0,5.7339997,0,0.0,1.0,1.0
10000,0.7,0.6,0.09716838184179788,5.52620422318571,0.017583205020567063,0.25311875739366846,0.7,exponential,292,528.0,528.0,6.1867,0,0.0,1.0,1.0
10000,0.7,0.6,0.09716838184179788,5.52620422318571,0.017583205020567063,0.25311875739366846,0.7,exponential,293,71.0,71.0,5.8575,0,0.0,1.0,1.0
10000,0.7,0.6,0.09716838184179788,5.52620422318571,0.017583205020567063,0.25311875739366846,0.7,exponential,294,337.0,337.0,5.3971,0,0.0,1.0,1.0
10000,0.7,0.6,0.09716838184179788,5.52620422318571,0.017583205020567063,0.25311875739366846,0.7,exponential,295,202.0,202.0,5.3526,0,0.0,1.0,1.0
10000,0.7,0.6,0.09716838184179788,5.52620422318571,0.017583205020567063,0.25311875739366846,0.7,exponential,296,157.0,157.0,5.5948,0,0.0,1.0,1.0
10000,0.7,0.6,0.09716838184179788,5.52620422318571,0.017583205020567063,0.25311875739366846,0.7,exponential,297,144.0,144.0,5.8094,0,0.0,1.0,1.0
10000,0.7,0.6,0.09716838184179788,5.52620422318571,0.017583205020567063,0.25311875739366846,0.7,exponential,298,257.0,257.0,5.0716,0,0.0,1.0,1.0
10000,0.7,0.6,0.09716838184179788,5.52620422318571,0.017583205020567063,0.25311875739366846,0.7,exponential,299,113.0,113.0,5.6429,0,0.0,1.0,1.0
10000,0.7,0.6,0.09716838184179788,5.52620422318571,0.017583205020567063,0.25311875739366846,0.7,exponential,300,74.0,74.0,5.1947,0,0.0,1.0,1.0
10000,0.7,0.6,0.09716838184179788,5.52620422318571,0.017583205020567063,0.25311875739366846,0.7,exponential,301,34.0,34.0,5.4993,0,0.0,1.0,1.0
10000,0.7,0.6,0.09716838184179788,5.52620422318571,0.017583205020567063,0.25311875739366846,0.7,exponential,302,250.0,250.0,5.8094,0,0.0,1.0,1.0
10000,0.7,0.6,0.09716838184179788,5.52620422318571,0.017583205020567063,0.25311875739366846,0.7,exponential,303,65.0,65.0,5.8691998,0,0.0,1.0,1.0
10000,0.7,0.6,0.09716838184179788,5.52620422318571,0.017583205020567063,0.25311875739366846,0.7,exponential,304,109.0,109.0,5.4389997,0,0.0,1.0,1.0
10000,0.7,0.6,0.09716838184179788,5.52620422318571,0.017583205020567063,0.25311875739366846,0.7,exponential,305,463.0,463.0,5.4428,0,0.0,1.0,1.0
10000,0.7,0.6,0.09716838184179788,5.52620422318571,0.017583205020567063,0.25311875739366846,0.7,exponential,306,85.0,85.0,5.5906997,0,0.0,1.0,1.0
10000,0.7,0.6,0.09716838184179788,5.52620422318571,0.017583205020567063,0.25311875739366846,0.7,exponential,307,275.0,275.0,5.0169997,0,0.0,1.0,1.0
10000,0.7,0.6,0.09716838184179788,5.52620422318571,0.017583205020567063,0.25311875739366846,0.7,exponential,308,74.0,74.0,5.5322,0,0.0,1.0,1.0
10000,0.7,0.6,0.09716838184179788,5.52620422318571,0.017583205020567063,0.25311875739366846,0.7,exponential,309,310.0,310.0,5.9142,0,0.0,1.0,1.0
10000,0.7,0.6,0.09716838184179788,5.52620422318571,0.017583205020567063,0.25311875739366846,0.7,exponential,310,224.0,224.0,5.6267,0,0.0,1.0,1.0
10000,0.7,0.6,0.09716838184179788,5.52620422318571,0.017583205020567063,0.25311875739366846,0.7,exponential,311,19.0,19.0,5.627,0,0.0,1.0,1.0
10000,0.7,0.6,0.09716838184179788,5.52620422318571,0.017583205020567063,0.25311875739366846,0.7,exponential,312,79.0,79.0,5.5483,0,0.0,1.0,1.0
10000,0.7,0.6,0.09716838184179788,5.52620422318571,0.017583205020567063,0.25311875739366846,0.7,exponential,313,64.0,64.0,5.3847,0,0.0,1.0,1.0
10000,0.7,0.6,0.09716838184179788,5.52620422318571,0.017583205020567063,0.25311875739366846,0.7,exponential,314,210.0,210.0,5.68,0,0.0,1.0,1.0
10000,0.7,0.6,0.09716838184179788,5.52620422318571,0.017583205020567063,0.25311875739366846,0.7,exponential,315,122.0,122.0,5.4347997,0,0.0,1.0,1.0
10000,0.7,0.6,0.09716838184179788,5.52620422318571,0.017583205020567063,0.25311875739366846,0.7,exponential,316,25.0,25.0,5.5789,0,0.0,1.0,1.0
10000,0.7,0.6,0.09716838184179788,5.52620422318571,0.017583205020567063,0.25311875739366846,0.7,exponential,317,50.0,50.0,5.4083,0,0.0,1.0,1.0
10000,0.7,0.6,0.09716838184179788,5.52620422318571,0.017583205020567063,0.25311875739366846,0.7,exponential,318,46.0,46.0,5.5032997,0,0.0,1.0,1.0
10000,0.7,0.6,0.09716838184179788,5.52620422318571,0.017583205020567063,0.25311875739366846,0.7,exponential,319,503.0,503.0,5.3032,0,0.0,1.0,1.0
10000,0.7,0.6,0.09716838184179788,5.52620422318571,0.017583205020567063,0.25311875739366846,0.7,exponential,320,112.0,112.0,5.4372,0,0.0,1.0,1.0
10000,0.7,0.6,0.09716838184179788,5.52620422318571,0.017583205020567063,0.25311875739366846,0.7,exponential,321,130.0,130.0,5.5578,0,0.0,1.0,1.0
10000,0.7,0.6,0.09716838184179788,5.52620422318571,0.017583205020567063,0.25311875739366846,0.7,exponential,322,58.0,58.0,5.3020997,0,0.0,1.0,1.0
10000,0.7,0.6,0.09716838184179788,5.52620422318571,0.017583205020567063,0.25311875739366846,0.7,exponential,323,22.0,22.0,5.5085998,0,0.0,1.0,1.0
10000,0.7,0.6,0.09716838184179788,5.52620422318571,0.017583205020567063,0.25311875739366846,0.7,exponential,324,130.0,130.0,6.1783,0,0.0,1.0,1.0
10000,0.7,0.6,0.09716838184179788,5.52620422318571,0.017583205020567063,0.25311875739366846,0.7,exponential,325,22.0,22.0,5.711,0,0.0,1.0,1.0
10000,0.7,0.6,0.09716838184179788,5.52620422318571,0.017583205020567063,0.25311875739366846,0.7,exponential,326,374.0,374.0,5.3149,0,0.0,1.0,1.0
10000,0.7,0.6,0.09716838184179788,5.52620422318571,0.017583205020567063,0.25311875739366846,0.7,exponential,327,146.0,146.0,5.3532,0,0.0,1.0,1.0
10000,0.7,0.6,0.09716838184179788,5.52620422318571,0.017583205020567063,0.25311875739366846,0.7,exponential,328,364.0,364.0,5.0216,0,0.0,1.0,1.0
10000,0.7,0.6,0.09716838184179788,5.52620422318571,0.017583205020567063,0.25311875739366846,0.7,exponential,329,153.0,153.0,5.2868,0,0.0,1.0,1.0
10000,0.7,0.6,0.09716838184179788,5.52620422318571,0.017583205020567063,0.25311875739366846,0.7,exponential,330,24.0,24.0,5.7734,0,0.0,1.0,1.0
10000,0.7,0.6,0.09716838184179788,5.52620422318571,0.017583205020567063,0.25311875739366846,0.7,exponential,331,243.0,243.0,5.1973,0,0.0,1.0,1.0
10000,0.7,0.6,0.09716838184179788,5.52620422318571,0.017583205020567063,0.25311875739366846,0.7,exponential,332,88.0,88.0,5.1928,0,0.0,1.0,1.0
10000,0.7,0.6,0.09716838184179788,5.52620422318571,0.017583205020567063,0.25311875739366846,0.7,exponential,333,26.0,26.0,5.6643996,0,0.0,1.0,1.0
10000,0.7,0.6,0.09716838184179788,5.52620422318571,0.017583205020567063,0.25311875739366846,0.7,exponential,334,772.0,772.0,5.2251,0,0.0,1.0,1.0
10000,0.7,0.6,0.09716838184179788,5.52620422318571,0.017583205020567063,0.25311875739366846,0.7,exponential,335,34.0,34.0,5.7997,0,0.0,1.0,1.0
10000,0.7,0.6,0.09716838184179788,5.52620422318571,0.017583205020567063,0.25311875739366846,0.7,exponential,336,327.0,327.0,5.1459,0,0.0,1.0,1.0
10000,0.7,0.6,0.09716838184179788,5.52620422318571,0.017583205020567063,0.25311875739366846,0.7,exponential,337,151.0,151.0,5.5130997,0,0.0,1.0,1.0
10000,0.7,0.6,0.09716838184179788,5.52620422318571,0.017583205020567063,0.25311875739366846,0.7,exponential,338,43.0,43.0,5.6899,0,0.0,1.0,1.0
10000,0.7,0.6,0.09716838184179788,5.52620422318571,0.017583205020567063,0.25311875739366846,0.7,exponential,339,150.0,150.0,5.7500997,0,0.0,1.0,1.0
10000,0.7,0.6,0.09716838184179788,5.52620422318571,0.017583205020567063,0.25311875739366846,0.7,exponential,340,245.0,245.0,5.5744,0,0.0,1.0,1.0
10000,0.7,0.6,0.09716838184179788,5.52620422318571,0.017583205020567063,0.25311875739366846,0.7,exponential,341,88.0,88.0,5.7258997,0,0.0,1.0,1.0
10000,0.7,0.6,0.09716838184179788,5.52620422318571,0.017583205020567063,0.25311875739366846,0.7,exponential,342,51.0,51.0,5.4539,0,0.0,1.0,1.0
10000,0.7,0.6,0.09716838184179788,5.52620422318571,0.017583205020567063,0.25311875739366846,0.7,exponential,343,51.0,51.0,5.6794,0,0.0,1.0,1.0
10000,0.7,0.6,0.09716838184179788,5.52620422318571,0.017583205020567063,0.25311875739366846,0.7,exponential,344,359.0,359.0,5.9916997,0,0.0,1.0,1.0
10000,0.7,0.6,0.09716838184179788,5.52620422318571,0.017583205020567063,0.25311875739366846,0.7,exponential,345,343.0,343.0,5.0014,0,0.0,1.0,1.0
10000,0.7,0.6,0.09716838184179788,5.52620422318571,0.017583205020567063,0.25311875739366846,0.7,exponential,346,158.0,158.0,5.4091997,0,0.0,1.0,1.0
10000,0.7,0.6,0.09716838184179788,5.52620422318571,0.017583205020567063,0.25311875739366846,0.7,exponential,347,440.0,440.0,5.2799997,0,0.0,1.0,1.0
10000,0.7,0.6,0.09716838184179788,5.52620422318571,0.017583205020567063,0.25311875739366846,0.7,exponential,348,121.0,121.0,5.8382998,0,0.0,1.0,1.0
10000,0.7,0.6,0.09716838184179788,5.52620422318571,0.017583205020567063,0.25311875739366846,0.7,exponential,349,28.0,28.0,5.4708,0,0.0,1.0,1.0
10000,0.7,0.6,0.09716838184179788,5.52620422318571,0.017583205020567063,0.25311875739366846,0.7,exponential,350,80.0,80.0,5.7155,0,0.0,1.0,1.0
10000,0.7,0.6,0.09716838184179788,5.52620422318571,0.017583205020567063,0.25311875739366846,0.7,exponential,351,343.0,343.0,5.7331,0,0.0,1.0,1.0
10000,0.7,0.6,0.09716838184179788,5.52620422318571,0.017583205020567063,0.25311875739366846,0.7,exponential,352,83.0,83.0,5.87,0,0.0,1.0,1.0
10000,0.7,0.6,0.09716838184179788,5.52620422318571,0.017583205020567063,0.25311875739366846,0.7,exponential,353,99.0,99.0,5.9065,0,0.0,1.0,1.0
10000,0.7,0.6,0.09716838184179788,5.52620422318571,0.017583205020567063,0.25311875739366846,0.7,exponential,354,38.0,38.0,5.5846,0,0.0,1.0,1.0
10000,0.7,0.6,0.09716838184179788,5.52620422318571,0.017583205020567063,0.25311875739366846,0.7,exponential,355,57.0,57.0,5.4851,0,0.0,1.0,1.0
10000,0.7,0.6,0.09716838184179788,5.52620422318571,0.017583205020567063,0.25311875739366846,0.7,exponential,356,70.0,70.0,6.1556,0,0.0,1.0,1.0
10000,0.7,0.6,0.09716838184179788,5.52620422318571,0.017583205020567063,0.25311875739366846,0.7,exponential,357,197.0,197.0,6.0111,0,0.0,1.0,1.0
10000,0.7,0.6,0.09716838184179788,5.52620422318571,0.017583205020567063,0.25311875739366846,0.7,exponential,358,64.0,64.0,5.8174,0,0.0,1.0,1.0
10000,0.7,0.6,0.09716838184179788,5.52620422318571,0.017583205020567063,0.25311875739366846,0.7,exponential,359,91.0,91.0,5.8234,0,0.0,1.0,1.0
10000,0.7,0.6,0.09716838184179788,5.52620422318571,0.017583205020567063,0.25311875739366846,0.7,exponential,360,428.0,428.0,5.8276997,0,0.0,1.0,1.0
10000,0.7,0.6,0.09716838184179788,5.52620422318571,0.017583205020567063,0.25311875739366846,0.7,exponential,361,80.0,80.0,5.3394,0,0.0,1.0,1.0
10000,0.7,0.6,0.09716838184179788,5.52620422318571,0.017583205020567063,0.25311875739366846,0.7,exponential,362,536.0,536.0,5.6491,0,0.0,1.0,1.0
10000,0.7,0.6,0.09716838184179788,5.52620422318571,0.017583205020567063,0.25311875739366846,0.7,exponential,363,134.0,134.0,5.1752,0,0.0,1.0,1.0
10000,0.7,0.6,0.09716838184179788,5.52620422318571,0.017583205020567063,0.25311875739366846,0.7,exponential,364,259.0,259.0,6.0406,0,0.0,1.0,1.0
10000,0.7,0.6,0.09716838184179788,5.52620422318571,0.017583205020567063,0.25311875739366846,0.7,exponential,365,172.0,172.0,6.0388,0,0.0,1.0,1.0
10000,0.7,0.6,0.09716838184179788,5.52620422318571,0.017583205020567063,0.25311875739366846,0.7,exponential,366,43.0,43.0,5.6751,0,0.0,1.0,1.0
10000,0.7,0.6,0.09716838184179788,5.52620422318571,0.017583205020567063,0.25311875739366846,0.7,exponential,367,92.0,92.0,5.6085997,0,0.0,1.0,1.0
10000,0.7,0.6,0.09716838184179788,5.52620422318571,0.017583205020567063,0.25311875739366846,0.7,exponential,368,245.0,245.0,5.4358997,0,0.0,1.0,1.0
10000,0.7,0.6,0.09716838184179788,5.52620422318571,0.017583205020567063,0.25311875739366846,0.7,exponential,369,338.0,338.0,5.3234997,0,0.0,1.0,1.0
10000,0.7,0.6,0.09716838184179788,5.52620422318571,0.017583205020567063,0.25311875739366846,0.7,exponential,370,107.0,107.0,5.3248997,0,0.0,1.0,1.0
10000,0.7,0.6,0.09716838184179788,5.52620422318571,0.017583205020567063,0.25311875739366846,0.7,exponential,371,636.0,636.0,5.4635997,0,0.0,1.0,1.0
10000,0.7,0.6,0.09716838184179788,5.52620422318571,0.017583205020567063,0.25311875739366846,0.7,exponential,372,54.0,54.0,5.263,0,0.0,1.0,1.0
10000,0.7,0.6,0.09716838184179788,5.52620422318571,0.017583205020567063,0.25311875739366846,0.7,exponential,373,42.0,42.0,5.337,0,0.0,1.0,1.0
10000,0.7,0.6,0.09716838184179788,5.52620422318571,0.017583205020567063,0.25311875739366846,0.7,exponential,374,437.0,437.0,5.5319,0,0.0,1.0,1.0
10000,0.7,0.6,0.09716838184179788,5.52620422318571,0.017583205020567063,0.25311875739366846,0.7,exponential,375,471.0,471.0,5.7082,0,0.0,1.0,1.0
10000,0.7,0.6,0.09716838184179788,5.52620422318571,0.017583205020567063,0.25311875739366846,0.7,exponential,376,490.0,490.0,5.1393,0,0.0,1.0,1.0
10000,0.7,0.6,0.09716838184179788,5.52620422318571,0.017583205020567063,0.25311875739366846,0.7,exponential,377,28.0,28.0,5.8712997,0,0.0,1.0,1.0
10000,0.7,0.6,0.09716838184179788,5.52620422318571,0.017583205020567063,0.25311875739366846,0.7,exponential,378,40.0,40.0,5.521,0,0.0,1.0,1.0
10000,0.7,0.6,0.09716838184179788,5.52620422318571,0.017583205020567063,0.25311875739366846,0.7,exponential,379,654.0,654.0,6.3525,0,0.0,1.0,1.0
10000,0.7,0.6,0.09716838184179788,5.52620422318571,0.017583205020567063,0.25311875739366846,0.7,exponential,380,95.0,95.0,5.5544996,0,0.0,1.0,1.0
10000,0.7,0.6,0.09716838184179788,5.52620422318571,0.017583205020567063,0.25311875739366846,0.7,exponential,381,78.0,78.0,5.6653,0,0.0,1.0,1.0
10000,0.7,0.6,0.09716838184179788,5.52620422318571,0.017583205020567063,0.25311875739366846,0.7,exponential,382,21.0,21.0,5.5495,0,0.0,1.0,1.0
10000,0.7,0.6,0.09716838184179788,5.52620422318571,0.017583205020567063,0.25311875739366846,0.7,exponential,383,204.0,204.0,5.988,0,0.0,1.0,1.0
10000,0.7,0.6,0.09716838184179788,5.52620422318571,0.017583205020567063,0.25311875739366846,0.7,exponential,384,388.0,388.0,5.7351,0,0.0,1.0,1.0
10000,0.7,0.6,0.09716838184179788,5.52620422318571,0.017583205020567063,0.25311875739366846,0.7,exponential,385,205.0,205.0,5.3139,0,0.0,1.0,1.0
10000,0.7,0.6,0.09716838184179788,5.52620422318571,0.017583205020567063,0.25311875739366846,0.7,exponential,386,162.0,162.0,5.7848997,0,0.0,1.0,1.0
10000,0.7,0.6,0.09716838184179788,5.52620422318571,0.017583205020567063,0.25311875739366846,0.7,exponential,387,67.0,67.0,5.6099,0,0.0,1.0,1.0
10000,0.7,0.6,0.09716838184179788,5.52620422318571,0.017583205020567063,0.25311875739366846,0.7,exponential,388,318.0,318.0,5.1872997,0,0.0,1.0,1.0
10000,0.7,0.6,0.09716838184179788,5.52620422318571,0.017583205020567063,0.25311875739366846,0.7,exponential,389,236.0,236.0,5.3919997,0,0.0,1.0,1.0
10000,0.7,0.6,0.09716838184179788,5.52620422318571,0.017583205020567063,0.25311875739366846,0.7,exponential,390,254.0,254.0,5.6745,0,0.0,1.0,1.0
10000,0.7,0.6,0.09716838184179788,5.52620422318571,0.017583205020567063,0.25311875739366846,0.7,exponential,391,138.0,138.0,5.4676,0,0.0,1.0,1.0
10000,0.7,0.6,0.09716838184179788,5.52620422318571,0.017583205020567063,0.25311875739366846,0.7,exponential,392,147.0,147.0,5.6243997,0,0.0,1.0,1.0
10000,0.7,0.6,0.09716838184179788,5.52620422318571,0.017583205020567063,0.25311875739366846,0.7,exponential,393,18.0,18.0,5.5917,0,0.0,1.0,1.0
10000,0.7,0.6,0.09716838184179788,5.52620422318571,0.017583205020567063,0.25311875739366846,0.7,exponential,394,11.0,11.0,5.5902,0,0.0,1.0,1.0
10000,0.7,0.6,0.09716838184179788,5.52620422318571,0.017583205020567063,0.25311875739366846,0.7,exponential,395,148.0,148.0,5.2669997,0,0.0,1.0,1.0
10000,0.7,0.6,0.09716838184179788,5.52620422318571,0.017583205020567063,0.25311875739366846,0.7,exponential,396,76.0,76.0,6.0453997,0,0.0,1.0,1.0
10000,0.7,0.6,0.09716838184179788,5.52620422318571,0.017583205020567063,0.25311875739366846,0.7,exponential,397,51.0,51.0,5.4059,0,0.0,1.0,1.0
10000,0.7,0.6,0.09716838184179788,5.52620422318571,0.017583205020567063,0.25311875739366846,0.7,exponential,398,59.0,59.0,5.4158998,0,0.0,1.0,1.0
10000,0.7,0.6,0.09716838184179788,5.52620422318571,0.017583205020567063,0.25311875739366846,0.7,exponential,399,92.0,92.0,5.1872,0,0.0,1.0,1.0
10000,0.7,0.6,0.09716838184179788,5.52620422318571,0.017583205020567063,0.25311875739366846,0.7,exponential,400,82.0,82.0,6.1742,0,0.0,1.0,1.0
10000,0.7,0.6,0.09716838184179788,5.52620422318571,0.017583205020567063,0.25311875739366846,0.7,exponential,401,158.0,158.0,5.4291,0,0.0,1.0,1.0
10000,0.7,0.6,0.09716838184179788,5.52620422318571,0.017583205020567063,0.25311875739366846,0.7,exponential,402,23.0,23.0,5.5271997,0,0.0,1.0,1.0
10000,0.7,0.6,0.09716838184179788,5.52620422318571,0.017583205020567063,0.25311875739366846,0.7,exponential,403,90.0,90.0,6.1032996,0,0.0,1.0,1.0
10000,0.7,0.6,0.09716838184179788,5.52620422318571,0.017583205020567063,0.25311875739366846,0.7,exponential,404,182.0,182.0,5.7925997,0,0.0,1.0,1.0
10000,0.7,0.6,0.09716838184179788,5.52620422318571,0.017583205020567063,0.25311875739366846,0.7,exponential,405,57.0,57.0,5.4662,0,0.0,1.0,1.0
10000,0.7,0.6,0.09716838184179788,5.52620422318571,0.017583205020567063,0.25311875739366846,0.7,exponential,406,23.0,23.0,5.4261,0,0.0,1.0,1.0
10000,0.7,0.6,0.09716838184179788,5.52620422318571,0.017583205020567063,0.25311875739366846,0.7,exponential,407,129.0,129.0,5.3712,0,0.0,1.0,1.0
10000,0.7,0.6,0.09716838184179788,5.52620422318571,0.017583205020567063,0.25311875739366846,0.7,exponential,408,264.0,264.0,5.3936996,0,0.0,1.0,1.0
10000,0.7,0.6,0.09716838184179788,5.52620422318571,0.017583205020567063,0.25311875739366846,0.7,exponential,409,90.0,90.0,6.0856,0,0.0,1.0,1.0
10000,0.7,0.6,0.09716838184179788,5.52620422318571,0.017583205020567063,0.25311875739366846,0.7,exponential,410,40.0,40.0,5.5509996,0,0.0,1.0,1.0
10000,0.7,0.6,0.09716838184179788,5.52620422318571,0.017583205020567063,0.25311875739366846,0.7,exponential,411,215.0,215.0,5.8524,0,0.0,1.0,1.0
10000,0.7,0.6,0.09716838184179788,5.52620422318571,0.017583205020567063,0.25311875739366846,0.7,exponential,412,278.0,278.0,4.9147997,0,0.0,1.0,1.0
10000,0.7,0.6,0.09716838184179788,5.52620422318571,0.017583205020567063,0.25311875739366846,0.7,exponential,413,231.0,231.0,5.527,0,0.0,1.0,1.0
10000,0.7,0.6,0.09716838184179788,5.52620422318571,0.017583205020567063,0.25311875739366846,0.7,exponential,414,173.0,173.0,5.7,0,0.0,1.0,1.0
10000,0.7,0.6,0.09716838184179788,5.52620422318571,0.017583205020567063,0.25311875739366846,0.7,exponential,415,387.0,387.0,5.4372,0,0.0,1.0,1.0
10000,0.7,0.6,0.09716838184179788,5.52620422318571,0.017583205020567063,0.25311875739366846,0.7,exponential,416,98.0,98.0,5.1415997,0,0.0,1.0,1.0
10000,0.7,0.6,0.09716838184179788,5.52620422318571,0.017583205020567063,0.25311875739366846,0.7,exponential,417,34.0,34.0,5.7184,0,0.0,1.0,1.0
10000,0.7,0.6,0.09716838184179788,5.52620422318571,0.017583205020567063,0.25311875739366846,0.7,exponential,418,28.0,28.0,5.3577,0,0.0,1.0,1.0
10000,0.7,0.6,0.09716838184179788,5.52620422318571,0.017583205020567063,0.25311875739366846,0.7,exponential,419,69.0,69.0,5.9663,0,0.0,1.0,1.0
10000,0.7,0.6,0.09716838184179788,5.52620422318571,0.017583205020567063,0.25311875739366846,0.7,exponential,420,218.0,218.0,5.7742,0,0.0,1.0,1.0
10000,0.7,0.6,0.09716838184179788,5.52620422318571,0.017583205020567063,0.25311875739366846,0.7,exponential,421,130.0,130.0,5.9448,0,0.0,1.0,1.0
10000,0.7,0.6,0.09716838184179788,5.52620422318571,0.017583205020567063,0.25311875739366846,0.7,exponential,422,45.0,45.0,5.4712996,0,0.0,1.0,1.0
10000,0.7,0.6,0.09716838184179788,5.52620422318571,0.017583205020567063,0.25311875739366846,0.7,exponential,423,55.0,55.0,5.6808996,0,0.0,1.0,1.0
10000,0.7,0.6,0.09716838184179788,5.52620422318571,0.017583205020567063,0.25311875739366846,0.7,exponential,424,99.0,99.0,5.8687997,0,0.0,1.0,1.0
10000,0.7,0.6,0.09716838184179788,5.52620422318571,0.017583205020567063,0.25311875739366846,0.7,exponential,425,30.0,30.0,5.4976,0,0.0,1.0,1.0
10000,0.7,0.6,0.09716838184179788,5.52620422318571,0.017583205020567063,0.25311875739366846,0.7,exponential,426,102.0,102.0,5.4045,0,0.0,1.0,1.0
10000,0.7,0.6,0.09716838184179788,5.52620422318571,0.017583205020567063,0.25311875739366846,0.7,exponential,427,124.0,124.0,5.7008,0,0.0,1.0,1.0
10000,0.7,0.6,0.09716838184179788,5.52620422318571,0.017583205020567063,0.25311875739366846,0.7,exponential,428,41.0,41.0,5.7521,0,0.0,1.0,1.0
10000,0.7,0.6,0.09716838184179788,5.52620422318571,0.017583205020567063,0.25311875739366846,0.7,exponential,429,464.0,464.0,5.4505997,0,0.0,1.0,1.0
10000,0.7,0.6,0.09716838184179788,5.52620422318571,0.017583205020567063,0.25311875739366846,0.7,exponential,430,87.0,87.0,5.7858,0,0.0,1.0,1.0
10000,0.7,0.6,0.09716838184179788,5.52620422318571,0.017583205020567063,0.25311875739366846,0.7,exponential,431,77.0,77.0,5.7149,0,0.0,1.0,1.0
10000,0.7,0.6,0.09716838184179788,5.52620422318571,0.017583205020567063,0.25311875739366846,0.7,exponential,432,115.0,115.0,5.4132,0,0.0,1.0,1.0
10000,0.7,0.6,0.09716838184179788,5.52620422318571,0.017583205020567063,0.25311875739366846,0.7,exponential,433,170.0,170.0,5.3759,0,0.0,1.0,1.0
10000,0.7,0.6,0.09716838184179788,5.52620422318571,0.017583205020567063,0.25311875739366846,0.7,exponential,434,736.0,736.0,5.4667,0,0.0,1.0,1.0
10000,0.7,0.6,0.09716838184179788,5.52620422318571,0.017583205020567063,0.25311875739366846,0.7,exponential,435,44.0,44.0,5.3286,0,0.0,1.0,1.0
10000,0.7,0.6,0.09716838184179788,5.52620422318571,0.017583205020567063,0.25311875739366846,0.7,exponential,436,679.0,679.0,5.9725,0,0.0,1.0,1.0
10000,0.7,0.6,0.09716838184179788,5.52620422318571,0.017583205020567063,0.25311875739366846,0.7,exponential,437,95.0,95.0,5.7896,0,0.0,1.0,1.0
10000,0.7,0.6,0.09716838184179788,5.52620422318571,0.017583205020567063,0.25311875739366846,0.7,exponential,438,38.0,38.0,5.6275,0,0.0,1.0,1.0
10000,0.7,0.6,0.09716838184179788,5.52620422318571,0.017583205020567063,0.25311875739366846,0.7,exponential,439,44.0,44.0,5.8244,0,0.0,1.0,1.0
10000,0.7,0.6,0.09716838184179788,5.52620422318571,0.017583205020567063,0.25311875739366846,0.7,exponential,440,53.0,53.0,5.6909,0,0.0,1.0,1.0
10000,0.7,0.6,0.09716838184179788,5.52620422318571,0.017583205020567063,0.25311875739366846,0.7,exponential,441,28.0,28.0,5.5887,0,0.0,1.0,1.0
10000,0.7,0.6,0.09716838184179788,5.52620422318571,0.017583205020567063,0.25311875739366846,0.7,exponential,442,81.0,81.0,5.7261996,0,0.0,1.0,1.0
10000,0.7,0.6,0.09716838184179788,5.52620422318571,0.017583205020567063,0.25311875739366846,0.7,exponential,443,648.0,648.0,5.5302997,0,0.0,1.0,1.0
10000,0.7,0.6,0.09716838184179788,5.52620422318571,0.017583205020567063,0.25311875739366846,0.7,exponential,444,48.0,48.0,5.4672,0,0.0,1.0,1.0
10000,0.7,0.6,0.09716838184179788,5.52620422318571,0.017583205020567063,0.25311875739366846,0.7,exponential,445,64.0,64.0,5.4189997,0,0.0,1.0,1.0
10000,0.7,0.6,0.09716838184179788,5.52620422318571,0.017583205020567063,0.25311875739366846,0.7,exponential,446,268.0,268.0,5.8343997,0,0.0,1.0,1.0
10000,0.7,0.6,0.09716838184179788,5.52620422318571,0.017583205020567063,0.25311875739366846,0.7,exponential,447,83.0,83.0,6.0095,0,0.0,1.0,1.0
10000,0.7,0.6,0.09716838184179788,5.52620422318571,0.017583205020567063,0.25311875739366846,0.7,exponential,448,513.0,513.0,5.2265,0,0.0,1.0,1.0
10000,0.7,0.6,0.09716838184179788,5.52620422318571,0.017583205020567063,0.25311875739366846,0.7,exponential,449,225.0,225.0,5.7876,0,0.0,1.0,1.0
10000,0.7,0.6,0.09716838184179788,5.52620422318571,0.017583205020567063,0.25311875739366846,0.7,exponential,450,75.0,75.0,5.3469,0,0.0,1.0,1.0
10000,0.7,0.6,0.09716838184179788,5.52620422318571,0.017583205020567063,0.25311875739366846,0.7,exponential,451,182.0,182.0,6.0148,0,0.0,1.0,1.0
10000,0.7,0.6,0.09716838184179788,5.52620422318571,0.017583205020567063,0.25311875739366846,0.7,exponential,452,72.0,72.0,5.6204,0,0.0,1.0,1.0
10000,0.7,0.6,0.09716838184179788,5.52620422318571,0.017583205020567063,0.25311875739366846,0.7,exponential,453,265.0,265.0,5.6485,0,0.0,1.0,1.0
10000,0.7,0.6,0.09716838184179788,5.52620422318571,0.017583205020567063,0.25311875739366846,0.7,exponential,454,176.0,176.0,4.9332,0,0.0,1.0,1.0
10000,0.7,0.6,0.09716838184179788,5.52620422318571,0.017583205020567063,0.25311875739366846,0.7,exponential,455,294.0,294.0,5.1724,0,0.0,1.0,1.0
10000,0.7,0.6,0.09716838184179788,5.52620422318571,0.017583205020567063,0.25311875739366846,0.7,exponential,456,29.0,29.0,5.5078998,0,0.0,1.0,1.0
10000,0.7,0.6,0.09716838184179788,5.52620422318571,0.017583205020567063,0.25311875739366846,0.7,exponential,457,184.0,184.0,5.5964,0,0.0,1.0,1.0
10000,0.7,0.6,0.09716838184179788,5.52620422318571,0.017583205020567063,0.25311875739366846,0.7,exponential,458,75.0,75.0,5.3693,0,0.0,1.0,1.0
10000,0.7,0.6,0.09716838184179788,5.52620422318571,0.017583205020567063,0.25311875739366846,0.7,exponential,459,214.0,214.0,5.9582,0,0.0,1.0,1.0
10000,0.7,0.6,0.09716838184179788,5.52620422318571,0.017583205020567063,0.25311875739366846,0.7,exponential,460,86.0,86.0,5.6342998,0,0.0,1.0,1.0
10000,0.7,0.6,0.09716838184179788,5.52620422318571,0.017583205020567063,0.25311875739366846,0.7,exponential,461,244.0,244.0,5.2007,0,0.0,1.0,1.0
10000,0.7,0.6,0.09716838184179788,5.52620422318571,0.017583205020567063,0.25311875739366846,0.7,exponential,462,415.0,415.0,5.9825997,0,0.0,1.0,1.0
10000,0.7,0.6,0.09716838184179788,5.52620422318571,0.017583205020567063,0.25311875739366846,0.7,exponential,463,36.0,36.0,5.5139,0,0.0,1.0,1.0
10000,0.7,0.6,0.09716838184179788,5.52620422318571,0.017583205020567063,0.25311875739366846,0.7,exponential,464,432.0,432.0,5.8032,0,0.0,1.0,1.0
10000,0.7,0.6,0.09716838184179788,5.52620422318571,0.017583205020567063,0.25311875739366846,0.7,exponential,465,44.0,44.0,5.7014,0,0.0,1.0,1.0
10000,0.7,0.6,0.09716838184179788,5.52620422318571,0.017583205020567063,0.25311875739366846,0.7,exponential,466,24.0,24.0,5.5439,0,0.0,1.0,1.0
10000,0.7,0.6,0.09716838184179788,5.52620422318571,0.017583205020567063,0.25311875739366846,0.7,exponential,467,105.0,105.0,5.454,0,0.0,1.0,1.0
10000,0.7,0.6,0.09716838184179788,5.52620422318571,0.017583205020567063,0.25311875739366846,0.7,exponential,468,164.0,164.0,5.3768,0,0.0,1.0,1.0
10000,0.7,0.6,0.09716838184179788,5.52620422318571,0.017583205020567063,0.25311875739366846,0.7,exponential,469,37.0,37.0,5.479,0,0.0,1.0,1.0
10000,0.7,0.6,0.09716838184179788,5.52620422318571,0.017583205020567063,0.25311875739366846,0.7,exponential,470,259.0,259.0,5.2042,0,0.0,1.0,1.0
10000,0.7,0.6,0.09716838184179788,5.52620422318571,0.017583205020567063,0.25311875739366846,0.7,exponential,471,35.0,35.0,5.6328998,0,0.0,1.0,1.0
10000,0.7,0.6,0.09716838184179788,5.52620422318571,0.017583205020567063,0.25311875739366846,0.7,exponential,472,71.0,71.0,5.3519998,0,0.0,1.0,1.0
10000,0.7,0.6,0.09716838184179788,5.52620422318571,0.017583205020567063,0.25311875739366846,0.7,exponential,473,307.0,307.0,5.8764,0,0.0,1.0,1.0
10000,0.7,0.6,0.09716838184179788,5.52620422318571,0.017583205020567063,0.25311875739366846,0.7,exponential,474,93.0,93.0,5.3466,0,0.0,1.0,1.0
10000,0.7,0.6,0.09716838184179788,5.52620422318571,0.017583205020567063,0.25311875739366846,0.7,exponential,475,81.0,81.0,5.4561996,0,0.0,1.0,1.0
10000,0.7,0.6,0.09716838184179788,5.52620422318571,0.017583205020567063,0.25311875739366846,0.7,exponential,476,178.0,178.0,5.3975997,0,0.0,1.0,1.0
10000,0.7,0.6,0.09716838184179788,5.52620422318571,0.017583205020567063,0.25311875739366846,0.7,exponential,477,65.0,65.0,5.4926,0,0.0,1.0,1.0
10000,0.7,0.6,0.09716838184179788,5.52620422318571,0.017583205020567063,0.25311875739366846,0.7,exponential,478,29.0,29.0,5.6068,0,0.0,1.0,1.0
10000,0.7,0.6,0.09716838184179788,5.52620422318571,0.017583205020567063,0.25311875739366846,0.7,exponential,479,53.0,53.0,5.7198997,0,0.0,1.0,1.0
10000,0.7,0.6,0.09716838184179788,5.52620422318571,0.017583205020567063,0.25311875739366846,0.7,exponential,480,117.0,117.0,5.8043,0,0.0,1.0,1.0
10000,0.7,0.6,0.09716838184179788,5.52620422318571,0.017583205020567063,0.25311875739366846,0.7,exponential,481,77.0,77.0,5.6868,0,0.0,1.0,1.0
10000,0.7,0.6,0.09716838184179788,5.52620422318571,0.017583205020567063,0.25311875739366846,0.7,exponential,482,68.0,68.0,5.7469997,0,0.0,1.0,1.0
10000,0.7,0.6,0.09716838184179788,5.52620422318571,0.017583205020567063,0.25311875739366846,0.7,exponential,483,53.0,53.0,5.6373997,0,0.0,1.0,1.0
10000,0.7,0.6,0.09716838184179788,5.52620422318571,0.017583205020567063,0.25311875739366846,0.7,exponential,484,240.0,240.0,5.1858997,0,0.0,1.0,1.0
10000,0.7,0.6,0.09716838184179788,5.52620422318571,0.017583205020567063,0.25311875739366846,0.7,exponential,485,105.0,105.0,5.5559,0,0.0,1.0,1.0
10000,0.7,0.6,0.09716838184179788,5.52620422318571,0.017583205020567063,0.25311875739366846,0.7,exponential,486,138.0,138.0,5.5049996,0,0.0,1.0,1.0
10000,0.7,0.6,0.09716838184179788,5.52620422318571,0.017583205020567063,0.25311875739366846,0.7,exponential,487,66.0,66.0,6.0072,0,0.0,1.0,1.0
10000,0.7,0.6,0.09716838184179788,5.52620422318571,0.017583205020567063,0.25311875739366846,0.7,exponential,488,258.0,258.0,5.6238,0,0.0,1.0,1.0
10000,0.7,0.6,0.09716838184179788,5.52620422318571,0.017583205020567063,0.25311875739366846,0.7,exponential,489,23.0,23.0,5.5088,0,0.0,1.0,1.0
10000,0.7,0.6,0.09716838184179788,5.52620422318571,0.017583205020567063,0.25311875739366846,0.7,exponential,490,541.0,541.0,5.7049,0,0.0,1.0,1.0
10000,0.7,0.6,0.09716838184179788,5.52620422318571,0.017583205020567063,0.25311875739366846,0.7,exponential,491,171.0,171.0,5.9066997,0,0.0,1.0,1.0
10000,0.7,0.6,0.09716838184179788,5.52620422318571,0.017583205020567063,0.25311875739366846,0.7,exponential,492,188.0,188.0,5.6601,0,0.0,1.0,1.0
10000,0.7,0.6,0.09716838184179788,5.52620422318571,0.017583205020567063,0.25311875739366846,0.7,exponential,493,336.0,336.0,5.4442,0,0.0,1.0,1.0
10000,0.7,0.6,0.09716838184179788,5.52620422318571,0.017583205020567063,0.25311875739366846,0.7,exponential,494,167.0,167.0,5.4962,0,0.0,1.0,1.0
10000,0.7,0.6,0.09716838184179788,5.52620422318571,0.017583205020567063,0.25311875739366846,0.7,exponential,495,57.0,57.0,6.1089997,0,0.0,1.0,1.0
10000,0.7,0.6,0.09716838184179788,5.52620422318571,0.017583205020567063,0.25311875739366846,0.7,exponential,496,106.0,106.0,5.1394,0,0.0,1.0,1.0
10000,0.7,0.6,0.09716838184179788,5.52620422318571,0.017583205020567063,0.25311875739366846,0.7,exponential,497,87.0,87.0,5.2605,0,0.0,1.0,1.0
10000,0.7,0.6,0.09716838184179788,5.52620422318571,0.017583205020567063,0.25311875739366846,0.7,exponential,498,156.0,156.0,4.9969997,0,0.0,1.0,1.0
10000,0.7,0.6,0.09716838184179788,5.52620422318571,0.017583205020567063,0.25311875739366846,0.7,exponential,499,51.0,51.0,5.6175,0,0.0,1.0,1.0
10000,0.7,0.6,0.09716838184179788,5.52620422318571,0.017583205020567063,0.25311875739366846,0.7,exponential,500,54.0,54.0,5.7296,0,0.0,1.0,1.0
10000,0.7,0.6,0.09716838184179788,5.52620422318571,0.017583205020567063,0.25311875739366846,0.7,exponential,501,475.0,475.0,5.8582997,0,0.0,1.0,1.0
10000,0.7,0.6,0.09716838184179788,5.52620422318571,0.017583205020567063,0.25311875739366846,0.7,exponential,502,25.0,25.0,5.646,0,0.0,1.0,1.0
10000,0.7,0.6,0.09716838184179788,5.52620422318571,0.017583205020567063,0.25311875739366846,0.7,exponential,503,252.0,252.0,5.8006,0,0.0,1.0,1.0
10000,0.7,0.6,0.09716838184179788,5.52620422318571,0.017583205020567063,0.25311875739366846,0.7,exponential,504,213.0,213.0,5.4627,0,0.0,1.0,1.0
10000,0.7,0.6,0.09716838184179788,5.52620422318571,0.017583205020567063,0.25311875739366846,0.7,exponential,505,58.0,58.0,5.5441,0,0.0,1.0,1.0
10000,0.7,0.6,0.09716838184179788,5.52620422318571,0.017583205020567063,0.25311875739366846,0.7,exponential,506,34.0,34.0,5.4735,0,0.0,1.0,1.0
10000,0.7,0.6,0.09716838184179788,5.52620422318571,0.017583205020567063,0.25311875739366846,0.7,exponential,507,67.0,67.0,5.8025,0,0.0,1.0,1.0
10000,0.7,0.6,0.09716838184179788,5.52620422318571,0.017583205020567063,0.25311875739366846,0.7,exponential,508,425.0,425.0,5.2359,0,0.0,1.0,1.0
10000,0.7,0.6,0.09716838184179788,5.52620422318571,0.017583205020567063,0.25311875739366846,0.7,exponential,509,91.0,91.0,5.6551,0,0.0,1.0,1.0
10000,0.7,0.6,0.09716838184179788,5.52620422318571,0.017583205020567063,0.25311875739366846,0.7,exponential,510,793.0,793.0,5.5896997,0,0.0,1.0,1.0
10000,0.7,0.6,0.09716838184179788,5.52620422318571,0.017583205020567063,0.25311875739366846,0.7,exponential,511,26.0,26.0,5.5130997,0,0.0,1.0,1.0
10000,0.7,0.6,0.09716838184179788,5.52620422318571,0.017583205020567063,0.25311875739366846,0.7,exponential,512,50.0,50.0,5.7458997,0,0.0,1.0,1.0
10000,0.7,0.6,0.09716838184179788,5.52620422318571,0.017583205020567063,0.25311875739366846,0.7,exponential,513,119.0,119.0,5.2337,0,0.0,1.0,1.0
10000,0.7,0.6,0.09716838184179788,5.52620422318571,0.017583205020567063,0.25311875739366846,0.7,exponential,514,230.0,230.0,5.5011997,0,0.0,1.0,1.0
10000,0.7,0.6,0.09716838184179788,5.52620422318571,0.017583205020567063,0.25311875739366846,0.7,exponential,515,33.0,33.0,5.4859,0,0.0,1.0,1.0
10000,0.7,0.6,0.09716838184179788,5.52620422318571,0.017583205020567063,0.25311875739366846,0.7,exponential,516,214.0,214.0,5.5641,0,0.0,1.0,1.0
10000,0.7,0.6,0.09716838184179788,5.52620422318571,0.017583205020567063,0.25311875739366846,0.7,exponential,517,81.0,81.0,5.2844996,0,0.0,1.0,1.0
10000,0.7,0.6,0.09716838184179788,5.52620422318571,0.017583205020567063,0.25311875739366846,0.7,exponential,518,646.0,646.0,5.324,0,0.0,1.0,1.0
10000,0.7,0.6,0.09716838184179788,5.52620422318571,0.017583205020567063,0.25311875739366846,0.7,exponential,519,88.0,88.0,6.3536997,0,0.0,1.0,1.0
10000,0.7,0.6,0.09716838184179788,5.52620422318571,0.017583205020567063,0.25311875739366846,0.7,exponential,520,87.0,87.0,5.6026998,0,0.0,1.0,1.0
10000,0.7,0.6,0.09716838184179788,5.52620422318571,0.017583205020567063,0.25311875739366846,0.7,exponential,521,149.0,149.0,6.0309997,0,0.0,1.0,1.0
10000,0.7,0.6,0.09716838184179788,5.52620422318571,0.017583205020567063,0.25311875739366846,0.7,exponential,522,427.0,427.0,5.8926,0,0.0,1.0,1.0
10000,0.7,0.6,0.09716838184179788,5.52620422318571,0.017583205020567063,0.25311875739366846,0.7,exponential,523,123.0,123.0,5.7381,0,0.0,1.0,1.0
10000,0.7,0.6,0.09716838184179788,5.52620422318571,0.017583205020567063,0.25311875739366846,0.7,exponential,524,424.0,424.0,5.7999,0,0.0,1.0,1.0
10000,0.7,0.6,0.09716838184179788,5.52620422318571,0.017583205020567063,0.25311875739366846,0.7,exponential,525,196.0,196.0,5.666,0,0.0,1.0,1.0
10000,0.7,0.6,0.09716838184179788,5.52620422318571,0.017583205020567063,0.25311875739366846,0.7,exponential,526,101.0,101.0,6.3181,0,0.0,1.0,1.0
10000,0.7,0.6,0.09716838184179788,5.52620422318571,0.017583205020567063,0.25311875739366846,0.7,exponential,527,70.0,70.0,6.0302,0,0.0,1.0,1.0
10000,0.7,0.6,0.09716838184179788,5.52620422318571,0.017583205020567063,0.25311875739366846,0.7,exponential,528,99.0,99.0,5.5485997,0,0.0,1.0,1.0
10000,0.7,0.6,0.09716838184179788,5.52620422318571,0.017583205020567063,0.25311875739366846,0.7,exponential,529,41.0,41.0,5.8896,0,0.0,1.0,1.0
10000,0.7,0.6,0.09716838184179788,5.52620422318571,0.017583205020567063,0.25311875739366846,0.7,exponential,530,203.0,203.0,5.5038,0,0.0,1.0,1.0
10000,0.7,0.6,0.09716838184179788,5.52620422318571,0.017583205020567063,0.25311875739366846,0.7,exponential,531,14.0,14.0,5.4389,0,0.0,1.0,1.0
10000,0.7,0.6,0.09716838184179788,5.52620422318571,0.017583205020567063,0.25311875739366846,0.7,exponential,532,1017.0,1017.0,5.2653,0,0.0,1.0,1.0
10000,0.7,0.6,0.09716838184179788,5.52620422318571,0.017583205020567063,0.25311875739366846,0.7,exponential,533,25.0,25.0,5.6674,0,0.0,1.0,1.0
10000,0.7,0.6,0.09716838184179788,5.52620422318571,0.017583205020567063,0.25311875739366846,0.7,exponential,534,99.0,99.0,5.8542,0,0.0,1.0,1.0
10000,0.7,0.6,0.09716838184179788,5.52620422318571,0.017583205020567063,0.25311875739366846,0.7,exponential,535,99.0,99.0,5.8553,0,0.0,1.0,1.0
10000,0.7,0.6,0.09716838184179788,5.52620422318571,0.017583205020567063,0.25311875739366846,0.7,exponential,536,132.0,132.0,5.6123,0,0.0,1.0,1.0
10000,0.7,0.6,0.09716838184179788,5.52620422318571,0.017583205020567063,0.25311875739366846,0.7,exponential,537,931.0,931.0,5.9378,0,0.0,1.0,1.0
10000,0.7,0.6,0.09716838184179788,5.52620422318571,0.017583205020567063,0.25311875739366846,0.7,exponential,538,36.0,36.0,5.5822997,0,0.0,1.0,1.0
10000,0.7,0.6,0.09716838184179788,5.52620422318571,0.017583205020567063,0.25311875739366846,0.7,exponential,539,183.0,183.0,5.5077,0,0.0,1.0,1.0
10000,0.7,0.6,0.09716838184179788,5.52620422318571,0.017583205020567063,0.25311875739366846,0.7,exponential,540,70.0,70.0,5.8202,0,0.0,1.0,1.0
10000,0.7,0.6,0.09716838184179788,5.52620422318571,0.017583205020567063,0.25311875739366846,0.7,exponential,541,112.0,112.0,5.3855,0,0.0,1.0,1.0
10000,0.7,0.6,0.09716838184179788,5.52620422318571,0.017583205020567063,0.25311875739366846,0.7,exponential,542,73.0,73.0,5.4694,0,0.0,1.0,1.0
10000,0.7,0.6,0.09716838184179788,5.52620422318571,0.017583205020567063,0.25311875739366846,0.7,exponential,543,45.0,45.0,5.6155996,0,0.0,1.0,1.0
10000,0.7,0.6,0.09716838184179788,5.52620422318571,0.017583205020567063,0.25311875739366846,0.7,exponential,544,14.0,14.0,5.5936,0,0.0,1.0,1.0
10000,0.7,0.6,0.09716838184179788,5.52620422318571,0.017583205020567063,0.25311875739366846,0.7,exponential,545,38.0,38.0,5.4644,0,0.0,1.0,1.0
10000,0.7,0.6,0.09716838184179788,5.52620422318571,0.017583205020567063,0.25311875739366846,0.7,exponential,546,118.0,118.0,5.2288,0,0.0,1.0,1.0
10000,0.7,0.6,0.09716838184179788,5.52620422318571,0.017583205020567063,0.25311875739366846,0.7,exponential,547,71.0,71.0,5.2932,0,0.0,1.0,1.0
10000,0.7,0.6,0.09716838184179788,5.52620422318571,0.017583205020567063,0.25311875739366846,0.7,exponential,548,177.0,177.0,5.0343,0,0.0,1.0,1.0
10000,0.7,0.6,0.09716838184179788,5.52620422318571,0.017583205020567063,0.25311875739366846,0.7,exponential,549,89.0,89.0,6.0712,0,0.0,1.0,1.0
10000,0.7,0.6,0.09716838184179788,5.52620422318571,0.017583205020567063,0.25311875739366846,0.7,exponential,550,40.0,40.0,5.7316,0,0.0,1.0,1.0
10000,0.7,0.6,0.09716838184179788,5.52620422318571,0.017583205020567063,0.25311875739366846,0.7,exponential,551,196.0,196.0,5.5256,0,0.0,1.0,1.0
10000,0.7,0.6,0.09716838184179788,5.52620422318571,0.017583205020567063,0.25311875739366846,0.7,exponential,552,394.0,394.0,5.7457,0,0.0,1.0,1.0
10000,0.7,0.6,0.09716838184179788,5.52620422318571,0.017583205020567063,0.25311875739366846,0.7,exponential,553,104.0,104.0,5.5216,0,0.0,1.0,1.0
10000,0.7,0.6,0.09716838184179788,5.52620422318571,0.017583205020567063,0.25311875739366846,0.7,exponential,554,173.0,173.0,5.4725,0,0.0,1.0,1.0
10000,0.7,0.6,0.09716838184179788,5.52620422318571,0.017583205020567063,0.25311875739366846,0.7,exponential,555,108.0,108.0,5.4621997,0,0.0,1.0,1.0
10000,0.7,0.6,0.09716838184179788,5.52620422318571,0.017583205020567063,0.25311875739366846,0.7,exponential,556,19.0,19.0,5.6082,0,0.0,1.0,1.0
10000,0.7,0.6,0.09716838184179788,5.52620422318571,0.017583205020567063,0.25311875739366846,0.7,exponential,557,41.0,41.0,5.4948,0,0.0,1.0,1.0
10000,0.7,0.6,0.09716838184179788,5.52620422318571,0.017583205020567063,0.25311875739366846,0.7,exponential,558,51.0,51.0,5.7373,0,0.0,1.0,1.0
10000,0.7,0.6,0.09716838184179788,5.52620422318571,0.017583205020567063,0.25311875739366846,0.7,exponential,559,33.0,33.0,5.3995,0,0.0,1.0,1.0
10000,0.7,0.6,0.09716838184179788,5.52620422318571,0.017583205020567063,0.25311875739366846,0.7,exponential,560,102.0,102.0,5.7405,0,0.0,1.0,1.0
10000,0.7,0.6,0.09716838184179788,5.52620422318571,0.017583205020567063,0.25311875739366846,0.7,exponential,561,462.0,462.0,6.3125997,0,0.0,1.0,1.0
10000,0.7,0.6,0.09716838184179788,5.52620422318571,0.017583205020567063,0.25311875739366846,0.7,exponential,562,148.0,148.0,5.8508997,0,0.0,1.0,1.0
10000,0.7,0.6,0.09716838184179788,5.52620422318571,0.017583205020567063,0.25311875739366846,0.7,exponential,563,352.0,352.0,5.3725,0,0.0,1.0,1.0
10000,0.7,0.6,0.09716838184179788,5.52620422318571,0.017583205020567063,0.25311875739366846,0.7,exponential,564,109.0,109.0,5.1496997,0,0.0,1.0,1.0
10000,0.7,0.6,0.09716838184179788,5.52620422318571,0.017583205020567063,0.25311875739366846,0.7,exponential,565,56.0,56.0,5.5871,0,0.0,1.0,1.0
10000,0.7,0.6,0.09716838184179788,5.52620422318571,0.017583205020567063,0.25311875739366846,0.7,exponential,566,98.0,98.0,5.7936997,0,0.0,1.0,1.0
10000,0.7,0.6,0.09716838184179788,5.52620422318571,0.017583205020567063,0.25311875739366846,0.7,exponential,567,174.0,174.0,5.46,0,0.0,1.0,1.0
10000,0.7,0.6,0.09716838184179788,5.52620422318571,0.017583205020567063,0.25311875739366846,0.7,exponential,568,103.0,103.0,5.2966,0,0.0,1.0,1.0
10000,0.7,0.6,0.09716838184179788,5.52620422318571,0.017583205020567063,0.25311875739366846,0.7,exponential,569,133.0,133.0,5.2981997,0,0.0,1.0,1.0
10000,0.7,0.6,0.09716838184179788,5.52620422318571,0.017583205020567063,0.25311875739366846,0.7,exponential,570,805.0,805.0,5.9108,0,0.0,1.0,1.0
10000,0.7,0.6,0.09716838184179788,5.52620422318571,0.017583205020567063,0.25311875739366846,0.7,exponential,571,538.0,538.0,5.6872,0,0.0,1.0,1.0
10000,0.7,0.6,0.09716838184179788,5.52620422318571,0.017583205020567063,0.25311875739366846,0.7,exponential,572,92.0,92.0,5.6528,0,0.0,1.0,1.0
10000,0.7,0.6,0.09716838184179788,5.52620422318571,0.017583205020567063,0.25311875739366846,0.7,exponential,573,189.0,189.0,5.2566,0,0.0,1.0,1.0
10000,0.7,0.6,0.09716838184179788,5.52620422318571,0.017583205020567063,0.25311875739366846,0.7,exponential,574,80.0,80.0,5.6155,0,0.0,1.0,1.0
10000,0.7,0.6,0.09716838184179788,5.52620422318571,0.017583205020567063,0.25311875739366846,0.7,exponential,575,400.0,400.0,5.2135997,0,0.0,1.0,1.0
10000,0.7,0.6,0.09716838184179788,5.52620422318571,0.017583205020567063,0.25311875739366846,0.7,exponential,576,552.0,552.0,5.1447997,0,0.0,1.0,1.0
10000,0.7,0.6,0.09716838184179788,5.52620422318571,0.017583205020567063,0.25311875739366846,0.7,exponential,577,229.0,229.0,5.0334997,0,0.0,1.0,1.0
10000,0.7,0.6,0.09716838184179788,5.52620422318571,0.017583205020567063,0.25311875739366846,0.7,exponential,578,209.0,209.0,6.0601997,0,0.0,1.0,1.0
10000,0.7,0.6,0.09716838184179788,5.52620422318571,0.017583205020567063,0.25311875739366846,0.7,exponential,579,256.0,256.0,5.5099,0,0.0,1.0,1.0
10000,0.7,0.6,0.09716838184179788,5.52620422318571,0.017583205020567063,0.25311875739366846,0.7,exponential,580,142.0,142.0,5.8173,0,0.0,1.0,1.0
10000,0.7,0.6,0.09716838184179788,5.52620422318571,0.017583205020567063,0.25311875739366846,0.7,exponential,581,155.0,155.0,5.422,0,0.0,1.0,1.0
10000,0.7,0.6,0.09716838184179788,5.52620422318571,0.017583205020567063,0.25311875739366846,0.7,exponential,582,134.0,134.0,5.687,0,0.0,1.0,1.0
10000,0.7,0.6,0.09716838184179788,5.52620422318571,0.017583205020567063,0.25311875739366846,0.7,exponential,583,497.0,497.0,5.3357,0,0.0,1.0,1.0
10000,0.7,0.6,0.09716838184179788,5.52620422318571,0.017583205020567063,0.25311875739366846,0.7,exponential,584,285.0,285.0,5.0761,0,0.0,1.0,1.0
10000,0.7,0.6,0.09716838184179788,5.52620422318571,0.017583205020567063,0.25311875739366846,0.7,exponential,585,143.0,143.0,5.3375998,0,0.0,1.0,1.0
10000,0.7,0.6,0.09716838184179788,5.52620422318571,0.017583205020567063,0.25311875739366846,0.7,exponential,586,241.0,241.0,5.7881,0,0.0,1.0,1.0
10000,0.7,0.6,0.09716838184179788,5.52620422318571,0.017583205020567063,0.25311875739366846,0.7,exponential,587,50.0,50.0,5.5202,0,0.0,1.0,1.0
10000,0.7,0.6,0.09716838184179788,5.52620422318571,0.017583205020567063,0.25311875739366846,0.7,exponential,588,91.0,91.0,5.2558,0,0.0,1.0,1.0
10000,0.7,0.6,0.09716838184179788,5.52620422318571,0.017583205020567063,0.25311875739366846,0.7,exponential,589,140.0,140.0,5.2095,0,0.0,1.0,1.0
10000,0.7,0.6,0.09716838184179788,5.52620422318571,0.017583205020567063,0.25311875739366846,0.7,exponential,590,30.0,30.0,5.6384997,0,0.0,1.0,1.0
10000,0.7,0.6,0.09716838184179788,5.52620422318571,0.017583205020567063,0.25311875739366846,0.7,exponential,591,95.0,95.0,5.4768996,0,0.0,1.0,1.0
10000,0.7,0.6,0.09716838184179788,5.52620422318571,0.017583205020567063,0.25311875739366846,0.7,exponential,592,424.0,424.0,6.0099998,0,0.0,1.0,1.0
10000,0.7,0.6,0.09716838184179788,5.52620422318571,0.017583205020567063,0.25311875739366846,0.7,exponential,593,140.0,140.0,5.8626,0,0.0,1.0,1.0
10000,0.7,0.6,0.09716838184179788,5.52620422318571,0.017583205020567063,0.25311875739366846,0.7,exponential,594,252.0,252.0,5.9185,0,0.0,1.0,1.0
10000,0.7,0.6,0.09716838184179788,5.52620422318571,0.017583205020567063,0.25311875739366846,0.7,exponential,595,58.0,58.0,5.2197,0,0.0,1.0,1.0
10000,0.7,0.6,0.09716838184179788,5.52620422318571,0.017583205020567063,0.25311875739366846,0.7,exponential,596,46.0,46.0,5.6849,0,0.0,1.0,1.0
10000,0.7,0.6,0.09716838184179788,5.52620422318571,0.017583205020567063,0.25311875739366846,0.7,exponential,597,294.0,294.0,5.5183,0,0.0,1.0,1.0
10000,0.7,0.6,0.09716838184179788,5.52620422318571,0.017583205020567063,0.25311875739366846,0.7,exponential,598,337.0,337.0,5.5153,0,0.0,1.0,1.0
10000,0.7,0.6,0.09716838184179788,5.52620422318571,0.017583205020567063,0.25311875739366846,0.7,exponential,599,99.0,99.0,5.3311996,0,0.0,1.0,1.0
10000,0.7,0.6,0.09716838184179788,5.52620422318571,0.017583205020567063,0.25311875739366846,0.7,exponential,600,76.0,76.0,5.3385,0,0.0,1.0,1.0
10000,0.7,0.6,0.09716838184179788,5.52620422318571,0.017583205020567063,0.25311875739366846,0.7,exponential,601,64.0,64.0,5.6562,0,0.0,1.0,1.0
10000,0.7,0.6,0.09716838184179788,5.52620422318571,0.017583205020567063,0.25311875739366846,0.7,exponential,602,42.0,42.0,5.6577,0,0.0,1.0,1.0
10000,0.7,0.6,0.09716838184179788,5.52620422318571,0.017583205020567063,0.25311875739366846,0.7,exponential,603,894.0,894.0,5.0944,0,0.0,1.0,1.0
10000,0.7,0.6,0.09716838184179788,5.52620422318571,0.017583205020567063,0.25311875739366846,0.7,exponential,604,182.0,182.0,5.7548,0,0.0,1.0,1.0
10000,0.7,0.6,0.09716838184179788,5.52620422318571,0.017583205020567063,0.25311875739366846,0.7,exponential,605,409.0,409.0,5.1724997,0,0.0,1.0,1.0
10000,0.7,0.6,0.09716838184179788,5.52620422318571,0.017583205020567063,0.25311875739366846,0.7,exponential,606,647.0,647.0,5.5176,0,0.0,1.0,1.0
10000,0.7,0.6,0.09716838184179788,5.52620422318571,0.017583205020567063,0.25311875739366846,0.7,exponential,607,369.0,369.0,5.3585997,0,0.0,1.0,1.0
10000,0.7,0.6,0.09716838184179788,5.52620422318571,0.017583205020567063,0.25311875739366846,0.7,exponential,608,143.0,143.0,5.5401,0,0.0,1.0,1.0
10000,0.7,0.6,0.09716838184179788,5.52620422318571,0.017583205020567063,0.25311875739366846,0.7,exponential,609,25.0,25.0,5.6784997,0,0.0,1.0,1.0
10000,0.7,0.6,0.09716838184179788,5.52620422318571,0.017583205020567063,0.25311875739366846,0.7,exponential,610,165.0,165.0,5.1955,0,0.0,1.0,1.0
10000,0.7,0.6,0.09716838184179788,5.52620422318571,0.017583205020567063,0.25311875739366846,0.7,exponential,611,52.0,52.0,5.842,0,0.0,1.0,1.0
10000,0.7,0.6,0.09716838184179788,5.52620422318571,0.017583205020567063,0.25311875739366846,0.7,exponential,612,32.0,32.0,5.7544,0,0.0,1.0,1.0
10000,0.7,0.6,0.09716838184179788,5.52620422318571,0.017583205020567063,0.25311875739366846,0.7,exponential,613,49.0,49.0,5.6127996,0,0.0,1.0,1.0
10000,0.7,0.6,0.09716838184179788,5.52620422318571,0.017583205020567063,0.25311875739366846,0.7,exponential,614,76.0,76.0,5.9094996,0,0.0,1.0,1.0
10000,0.7,0.6,0.09716838184179788,5.52620422318571,0.017583205020567063,0.25311875739366846,0.7,exponential,615,36.0,36.0,5.6542997,0,0.0,1.0,1.0
10000,0.7,0.6,0.09716838184179788,5.52620422318571,0.017583205020567063,0.25311875739366846,0.7,exponential,616,439.0,439.0,5.6706,0,0.0,1.0,1.0
10000,0.7,0.6,0.09716838184179788,5.52620422318571,0.017583205020567063,0.25311875739366846,0.7,exponential,617,132.0,132.0,5.5137,0,0.0,1.0,1.0
10000,0.7,0.6,0.09716838184179788,5.52620422318571,0.017583205020567063,0.25311875739366846,0.7,exponential,618,28.0,28.0,5.3514,0,0.0,1.0,1.0
10000,0.7,0.6,0.09716838184179788,5.52620422318571,0.017583205020567063,0.25311875739366846,0.7,exponential,619,76.0,76.0,5.9270997,0,0.0,1.0,1.0
10000,0.7,0.6,0.09716838184179788,5.52620422318571,0.017583205020567063,0.25311875739366846,0.7,exponential,620,57.0,57.0,5.4112,0,0.0,1.0,1.0
10000,0.7,0.6,0.09716838184179788,5.52620422318571,0.017583205020567063,0.25311875739366846,0.7,exponential,621,71.0,71.0,5.8525996,0,0.0,1.0,1.0
10000,0.7,0.6,0.09716838184179788,5.52620422318571,0.017583205020567063,0.25311875739366846,0.7,exponential,622,131.0,131.0,5.0529,0,0.0,1.0,1.0
10000,0.7,0.6,0.09716838184179788,5.52620422318571,0.017583205020567063,0.25311875739366846,0.7,exponential,623,272.0,272.0,5.5617,0,0.0,1.0,1.0
10000,0.7,0.6,0.09716838184179788,5.52620422318571,0.017583205020567063,0.25311875739366846,0.7,exponential,624,198.0,198.0,5.3018,0,0.0,1.0,1.0
10000,0.7,0.6,0.09716838184179788,5.52620422318571,0.017583205020567063,0.25311875739366846,0.7,exponential,625,45.0,45.0,5.5375,0,0.0,1.0,1.0
10000,0.7,0.6,0.09716838184179788,5.52620422318571,0.017583205020567063,0.25311875739366846,0.7,exponential,626,184.0,184.0,5.7538,0,0.0,1.0,1.0
10000,0.7,0.6,0.09716838184179788,5.52620422318571,0.017583205020567063,0.25311875739366846,0.7,exponential,627,506.0,506.0,5.6391,0,0.0,1.0,1.0
10000,0.7,0.6,0.09716838184179788,5.52620422318571,0.017583205020567063,0.25311875739366846,0.7,exponential,628,152.0,152.0,5.8353996,0,0.0,1.0,1.0
10000,0.7,0.6,0.09716838184179788,5.52620422318571,0.017583205020567063,0.25311875739366846,0.7,exponential,629,23.0,23.0,5.3917,0,0.0,1.0,1.0
10000,0.7,0.6,0.09716838184179788,5.52620422318571,0.017583205020567063,0.25311875739366846,0.7,exponential,630,34.0,34.0,5.6014,0,0.0,1.0,1.0
10000,0.7,0.6,0.09716838184179788,5.52620422318571,0.017583205020567063,0.25311875739366846,0.7,exponential,631,229.0,229.0,5.7165,0,0.0,1.0,1.0
10000,0.7,0.6,0.09716838184179788,5.52620422318571,0.017583205020567063,0.25311875739366846,0.7,exponential,632,23.0,23.0,5.5583997,0,0.0,1.0,1.0
10000,0.7,0.6,0.09716838184179788,5.52620422318571,0.017583205020567063,0.25311875739366846,0.7,exponential,633,119.0,119.0,5.9442,0,0.0,1.0,1.0
10000,0.7,0.6,0.09716838184179788,5.52620422318571,0.017583205020567063,0.25311875739366846,0.7,exponential,634,52.0,52.0,5.9582996,0,0.0,1.0,1.0
10000,0.7,0.6,0.09716838184179788,5.52620422318571,0.017583205020567063,0.25311875739366846,0.7,exponential,635,329.0,329.0,5.9729,0,0.0,1.0,1.0
10000,0.7,0.6,0.09716838184179788,5.52620422318571,0.017583205020567063,0.25311875739366846,0.7,exponential,636,47.0,47.0,5.7318,0,0.0,1.0,1.0
10000,0.7,0.6,0.09716838184179788,5.52620422318571,0.017583205020567063,0.25311875739366846,0.7,exponential,637,26.0,26.0,5.4909997,0,0.0,1.0,1.0
10000,0.7,0.6,0.09716838184179788,5.52620422318571,0.017583205020567063,0.25311875739366846,0.7,exponential,638,430.0,430.0,5.6119,0,0.0,1.0,1.0
10000,0.7,0.6,0.09716838184179788,5.52620422318571,0.017583205020567063,0.25311875739366846,0.7,exponential,639,54.0,54.0,5.6636,0,0.0,1.0,1.0
10000,0.7,0.6,0.09716838184179788,5.52620422318571,0.017583205020567063,0.25311875739366846,0.7,exponential,640,223.0,223.0,5.7005,0,0.0,1.0,1.0
10000,0.7,0.6,0.09716838184179788,5.52620422318571,0.017583205020567063,0.25311875739366846,0.7,exponential,641,70.0,70.0,5.9431,0,0.0,1.0,1.0
10000,0.7,0.6,0.09716838184179788,5.52620422318571,0.017583205020567063,0.25311875739366846,0.7,exponential,642,194.0,194.0,5.1946,0,0.0,1.0,1.0
10000,0.7,0.6,0.09716838184179788,5.52620422318571,0.017583205020567063,0.25311875739366846,0.7,exponential,643,231.0,231.0,5.5625997,0,0.0,1.0,1.0
10000,0.7,0.6,0.09716838184179788,5.52620422318571,0.017583205020567063,0.25311875739366846,0.7,exponential,644,573.0,573.0,5.8552,0,0.0,1.0,1.0
10000,0.7,0.6,0.09716838184179788,5.52620422318571,0.017583205020567063,0.25311875739366846,0.7,exponential,645,75.0,75.0,5.9277997,0,0.0,1.0,1.0
10000,0.7,0.6,0.09716838184179788,5.52620422318571,0.017583205020567063,0.25311875739366846,0.7,exponential,646,215.0,215.0,5.8810997,0,0.0,1.0,1.0
10000,0.7,0.6,0.09716838184179788,5.52620422318571,0.017583205020567063,0.25311875739366846,0.7,exponential,647,226.0,226.0,5.3624,0,0.0,1.0,1.0
10000,0.7,0.6,0.09716838184179788,5.52620422318571,0.017583205020567063,0.25311875739366846,0.7,exponential,648,49.0,49.0,5.9151998,0,0.0,1.0,1.0
10000,0.7,0.6,0.09716838184179788,5.52620422318571,0.017583205020567063,0.25311875739366846,0.7,exponential,649,108.0,108.0,5.2441,0,0.0,1.0,1.0
10000,0.7,0.6,0.09716838184179788,5.52620422318571,0.017583205020567063,0.25311875739366846,0.7,exponential,650,174.0,174.0,5.667,0,0.0,1.0,1.0
10000,0.7,0.6,0.09716838184179788,5.52620422318571,0.017583205020567063,0.25311875739366846,0.7,exponential,651,100.0,100.0,5.7988997,0,0.0,1.0,1.0
10000,0.7,0.6,0.09716838184179788,5.52620422318571,0.017583205020567063,0.25311875739366846,0.7,exponential,652,218.0,218.0,5.9714,0,0.0,1.0,1.0
10000,0.7,0.6,0.09716838184179788,5.52620422318571,0.017583205020567063,0.25311875739366846,0.7,exponential,653,117.0,117.0,5.6292,0,0.0,1.0,1.0
10000,0.7,0.6,0.09716838184179788,5.52620422318571,0.017583205020567063,0.25311875739366846,0.7,exponential,654,277.0,277.0,5.3623,0,0.0,1.0,1.0
10000,0.7,0.6,0.09716838184179788,5.52620422318571,0.017583205020567063,0.25311875739366846,0.7,exponential,655,440.0,440.0,5.4062,0,0.0,1.0,1.0
10000,0.7,0.6,0.09716838184179788,5.52620422318571,0.017583205020567063,0.25311875739366846,0.7,exponential,656,32.0,32.0,5.456,0,0.0,1.0,1.0
10000,0.7,0.6,0.09716838184179788,5.52620422318571,0.017583205020567063,0.25311875739366846,0.7,exponential,657,20.0,20.0,5.5808997,0,0.0,1.0,1.0
10000,0.7,0.6,0.09716838184179788,5.52620422318571,0.017583205020567063,0.25311875739366846,0.7,exponential,658,86.0,86.0,5.569,0,0.0,1.0,1.0
10000,0.7,0.6,0.09716838184179788,5.52620422318571,0.017583205020567063,0.25311875739366846,0.7,exponential,659,22.0,22.0,5.6576,0,0.0,1.0,1.0
10000,0.7,0.6,0.09716838184179788,5.52620422318571,0.017583205020567063,0.25311875739366846,0.7,exponential,660,59.0,59.0,5.9479,0,0.0,1.0,1.0
10000,0.7,0.6,0.09716838184179788,5.52620422318571,0.017583205020567063,0.25311875739366846,0.7,exponential,661,34.0,34.0,5.7149997,0,0.0,1.0,1.0
10000,0.7,0.6,0.09716838184179788,5.52620422318571,0.017583205020567063,0.25311875739366846,0.7,exponential,662,113.0,113.0,5.614,0,0.0,1.0,1.0
10000,0.7,0.6,0.09716838184179788,5.52620422318571,0.017583205020567063,0.25311875739366846,0.7,exponential,663,212.0,212.0,5.8912,0,0.0,1.0,1.0
10000,0.7,0.6,0.09716838184179788,5.52620422318571,0.017583205020567063,0.25311875739366846,0.7,exponential,664,93.0,93.0,5.9191,0,0.0,1.0,1.0
10000,0.7,0.6,0.09716838184179788,5.52620422318571,0.017583205020567063,0.25311875739366846,0.7,exponential,665,524.0,524.0,5.6439,0,0.0,1.0,1.0
10000,0.7,0.6,0.09716838184179788,5.52620422318571,0.017583205020567063,0.25311875739366846,0.7,exponential,666,57.0,57.0,5.5235,0,0.0,1.0,1.0
10000,0.7,0.6,0.09716838184179788,5.52620422318571,0.017583205020567063,0.25311875739366846,0.7,exponential,667,65.0,65.0,5.6842,0,0.0,1.0,1.0
10000,0.7,0.6,0.09716838184179788,5.52620422318571,0.017583205020567063,0.25311875739366846,0.7,exponential,668,332.0,332.0,5.7084,0,0.0,1.0,1.0
10000,0.7,0.6,0.09716838184179788,5.52620422318571,0.017583205020567063,0.25311875739366846,0.7,exponential,669,199.0,199.0,5.2716,0,0.0,1.0,1.0
10000,0.7,0.6,0.09716838184179788,5.52620422318571,0.017583205020567063,0.25311875739366846,0.7,exponential,670,306.0,306.0,5.5885,0,0.0,1.0,1.0
10000,0.7,0.6,0.09716838184179788,5.52620422318571,0.017583205020567063,0.25311875739366846,0.7,exponential,671,60.0,60.0,5.5684,0,0.0,1.0,1.0
10000,0.7,0.6,0.09716838184179788,5.52620422318571,0.017583205020567063,0.25311875739366846,0.7,exponential,672,213.0,213.0,5.5059,0,0.0,1.0,1.0
10000,0.7,0.6,0.09716838184179788,5.52620422318571,0.017583205020567063,0.25311875739366846,0.7,exponential,673,38.0,38.0,5.3905,0,0.0,1.0,1.0
10000,0.7,0.6,0.09716838184179788,5.52620422318571,0.017583205020567063,0.25311875739366846,0.7,exponential,674,242.0,242.0,5.04,0,0.0,1.0,1.0
10000,0.7,0.6,0.09716838184179788,5.52620422318571,0.017583205020567063,0.25311875739366846,0.7,exponential,675,295.0,295.0,5.1682,0,0.0,1.0,1.0
10000,0.7,0.6,0.09716838184179788,5.52620422318571,0.017583205020567063,0.25311875739366846,0.7,exponential,676,170.0,170.0,5.2339,0,0.0,1.0,1.0
10000,0.7,0.6,0.09716838184179788,5.52620422318571,0.017583205020567063,0.25311875739366846,0.7,exponential,677,372.0,372.0,5.467,0,0.0,1.0,1.0
10000,0.7,0.6,0.09716838184179788,5.52620422318571,0.017583205020567063,0.25311875739366846,0.7,exponential,678,16.0,16.0,5.6225,0,0.0,1.0,1.0
10000,0.7,0.6,0.09716838184179788,5.52620422318571,0.017583205020567063,0.25311875739366846,0.7,exponential,679,172.0,172.0,5.4639997,0,0.0,1.0,1.0
10000,0.7,0.6,0.09716838184179788,5.52620422318571,0.017583205020567063,0.25311875739366846,0.7,exponential,680,49.0,49.0,5.6015997,0,0.0,1.0,1.0
10000,0.7,0.6,0.09716838184179788,5.52620422318571,0.017583205020567063,0.25311875739366846,0.7,exponential,681,230.0,230.0,5.6847,0,0.0,1.0,1.0
10000,0.7,0.6,0.09716838184179788,5.52620422318571,0.017583205020567063,0.25311875739366846,0.7,exponential,682,109.0,109.0,5.8413,0,0.0,1.0,1.0
10000,0.7,0.6,0.09716838184179788,5.52620422318571,0.017583205020567063,0.25311875739366846,0.7,exponential,683,38.0,38.0,5.5923,0,0.0,1.0,1.0
10000,0.7,0.6,0.09716838184179788,5.52620422318571,0.017583205020567063,0.25311875739366846,0.7,exponential,684,257.0,257.0,5.6575,0,0.0,1.0,1.0
10000,0.7,0.6,0.09716838184179788,5.52620422318571,0.017583205020567063,0.25311875739366846,0.7,exponential,685,172.0,172.0,6.3831997,0,0.0,1.0,1.0
10000,0.7,0.6,0.09716838184179788,5.52620422318571,0.017583205020567063,0.25311875739366846,0.7,exponential,686,366.0,366.0,5.677,0,0.0,1.0,1.0
10000,0.7,0.6,0.09716838184179788,5.52620422318571,0.017583205020567063,0.25311875739366846,0.7,exponential,687,61.0,61.0,5.2908998,0,0.0,1.0,1.0
10000,0.7,0.6,0.09716838184179788,5.52620422318571,0.017583205020567063,0.25311875739366846,0.7,exponential,688,220.0,220.0,5.6303997,0,0.0,1.0,1.0
10000,0.7,0.6,0.09716838184179788,5.52620422318571,0.017583205020567063,0.25311875739366846,0.7,exponential,689,28.0,28.0,5.6172,0,0.0,1.0,1.0
10000,0.7,0.6,0.09716838184179788,5.52620422318571,0.017583205020567063,0.25311875739366846,0.7,exponential,690,204.0,204.0,4.9518,0,0.0,1.0,1.0
10000,0.7,0.6,0.09716838184179788,5.52620422318571,0.017583205020567063,0.25311875739366846,0.7,exponential,691,236.0,236.0,5.7574,0,0.0,1.0,1.0
10000,0.7,0.6,0.09716838184179788,5.52620422318571,0.017583205020567063,0.25311875739366846,0.7,exponential,692,271.0,271.0,5.5628,0,0.0,1.0,1.0
10000,0.7,0.6,0.09716838184179788,5.52620422318571,0.017583205020567063,0.25311875739366846,0.7,exponential,693,536.0,536.0,5.3961,0,0.0,1.0,1.0
10000,0.7,0.6,0.09716838184179788,5.52620422318571,0.017583205020567063,0.25311875739366846,0.7,exponential,694,155.0,155.0,5.4635,0,0.0,1.0,1.0
10000,0.7,0.6,0.09716838184179788,5.52620422318571,0.017583205020567063,0.25311875739366846,0.7,exponential,695,318.0,318.0,5.4151998,0,0.0,1.0,1.0
10000,0.7,0.6,0.09716838184179788,5.52620422318571,0.017583205020567063,0.25311875739366846,0.7,exponential,696,250.0,250.0,5.331,0,0.0,1.0,1.0
10000,0.7,0.6,0.09716838184179788,5.52620422318571,0.017583205020567063,0.25311875739366846,0.7,exponential,697,31.0,31.0,5.6717997,0,0.0,1.0,1.0
10000,0.7,0.6,0.09716838184179788,5.52620422318571,0.017583205020567063,0.25311875739366846,0.7,exponential,698,153.0,153.0,5.1042,0,0.0,1.0,1.0
10000,0.7,0.6,0.09716838184179788,5.52620422318571,0.017583205020567063,0.25311875739366846,0.7,exponential,699,80.0,80.0,5.4946,0,0.0,1.0,1.0
10000,0.7,0.6,0.09716838184179788,5.52620422318571,0.017583205020567063,0.25311875739366846,0.7,exponential,700,322.0,322.0,5.2488,0,0.0,1.0,1.0
10000,0.7,0.6,0.09716838184179788,5.52620422318571,0.017583205020567063,0.25311875739366846,0.7,exponential,701,46.0,46.0,5.6646,0,0.0,1.0,1.0
10000,0.7,0.6,0.09716838184179788,5.52620422318571,0.017583205020567063,0.25311875739366846,0.7,exponential,702,473.0,473.0,6.2247996,0,0.0,1.0,1.0
10000,0.7,0.6,0.09716838184179788,5.52620422318571,0.017583205020567063,0.25311875739366846,0.7,exponential,703,421.0,421.0,5.6119,0,0.0,1.0,1.0
10000,0.7,0.6,0.09716838184179788,5.52620422318571,0.017583205020567063,0.25311875739366846,0.7,exponential,704,33.0,33.0,5.5934,0,0.0,1.0,1.0
10000,0.7,0.6,0.09716838184179788,5.52620422318571,0.017583205020567063,0.25311875739366846,0.7,exponential,705,29.0,29.0,5.5729,0,0.0,1.0,1.0
10000,0.7,0.6,0.09716838184179788,5.52620422318571,0.017583205020567063,0.25311875739366846,0.7,exponential,706,1041.0,1041.0,5.5808,0,0.0,1.0,1.0
10000,0.7,0.6,0.09716838184179788,5.52620422318571,0.017583205020567063,0.25311875739366846,0.7,exponential,707,257.0,257.0,5.2377996,0,0.0,1.0,1.0
10000,0.7,0.6,0.09716838184179788,5.52620422318571,0.017583205020567063,0.25311875739366846,0.7,exponential,708,231.0,231.0,5.3771,0,0.0,1.0,1.0
10000,0.7,0.6,0.09716838184179788,5.52620422318571,0.017583205020567063,0.25311875739366846,0.7,exponential,709,211.0,211.0,5.2998,0,0.0,1.0,1.0
10000,0.7,0.6,0.09716838184179788,5.52620422318571,0.017583205020567063,0.25311875739366846,0.7,exponential,710,53.0,53.0,5.7874,0,0.0,1.0,1.0
10000,0.7,0.6,0.09716838184179788,5.52620422318571,0.017583205020567063,0.25311875739366846,0.7,exponential,711,245.0,245.0,5.7348,0,0.0,1.0,1.0
10000,0.7,0.6,0.09716838184179788,5.52620422318571,0.017583205020567063,0.25311875739366846,0.7,exponential,712,107.0,107.0,5.6640997,0,0.0,1.0,1.0
10000,0.7,0.6,0.09716838184179788,5.52620422318571,0.017583205020567063,0.25311875739366846,0.7,exponential,713,75.0,75.0,5.6551,0,0.0,1.0,1.0
10000,0.7,0.6,0.09716838184179788,5.52620422318571,0.017583205020567063,0.25311875739366846,0.7,exponential,714,329.0,329.0,4.9107,0,0.0,1.0,1.0
10000,0.7,0.6,0.09716838184179788,5.52620422318571,0.017583205020567063,0.25311875739366846,0.7,exponential,715,141.0,141.0,5.7379,0,0.0,1.0,1.0
10000,0.7,0.6,0.09716838184179788,5.52620422318571,0.017583205020567063,0.25311875739366846,0.7,exponential,716,32.0,32.0,5.3571,0,0.0,1.0,1.0
10000,0.7,0.6,0.09716838184179788,5.52620422318571,0.017583205020567063,0.25311875739366846,0.7,exponential,717,73.0,73.0,5.2776,0,0.0,1.0,1.0
10000,0.7,0.6,0.09716838184179788,5.52620422318571,0.017583205020567063,0.25311875739366846,0.7,exponential,718,48.0,48.0,5.6092997,0,0.0,1.0,1.0
10000,0.7,0.6,0.09716838184179788,5.52620422318571,0.017583205020567063,0.25311875739366846,0.7,exponential,719,501.0,501.0,5.7074,0,0.0,1.0,1.0
10000,0.7,0.6,0.09716838184179788,5.52620422318571,0.017583205020567063,0.25311875739366846,0.7,exponential,720,308.0,308.0,5.5797,0,0.0,1.0,1.0
10000,0.7,0.6,0.09716838184179788,5.52620422318571,0.017583205020567063,0.25311875739366846,0.7,exponential,721,124.0,124.0,5.217,0,0.0,1.0,1.0
10000,0.7,0.6,0.09716838184179788,5.52620422318571,0.017583205020567063,0.25311875739366846,0.7,exponential,722,298.0,298.0,5.0656,0,0.0,1.0,1.0
10000,0.7,0.6,0.09716838184179788,5.52620422318571,0.017583205020567063,0.25311875739366846,0.7,exponential,723,91.0,91.0,5.257,0,0.0,1.0,1.0
10000,0.7,0.6,0.09716838184179788,5.52620422318571,0.017583205020567063,0.25311875739366846,0.7,exponential,724,355.0,355.0,5.3155,0,0.0,1.0,1.0
10000,0.7,0.6,0.09716838184179788,5.52620422318571,0.017583205020567063,0.25311875739366846,0.7,exponential,725,325.0,325.0,5.4488,0,0.0,1.0,1.0
10000,0.7,0.6,0.09716838184179788,5.52620422318571,0.017583205020567063,0.25311875739366846,0.7,exponential,726,70.0,70.0,5.3696,0,0.0,1.0,1.0
10000,0.7,0.6,0.09716838184179788,5.52620422318571,0.017583205020567063,0.25311875739366846,0.7,exponential,727,59.0,59.0,5.4112,0,0.0,1.0,1.0
10000,0.7,0.6,0.09716838184179788,5.52620422318571,0.017583205020567063,0.25311875739366846,0.7,exponential,728,41.0,41.0,5.58,0,0.0,1.0,1.0
10000,0.7,0.6,0.09716838184179788,5.52620422318571,0.017583205020567063,0.25311875739366846,0.7,exponential,729,143.0,143.0,5.8673,0,0.0,1.0,1.0
10000,0.7,0.6,0.09716838184179788,5.52620422318571,0.017583205020567063,0.25311875739366846,0.7,exponential,730,176.0,176.0,5.1872,0,0.0,1.0,1.0
10000,0.7,0.6,0.09716838184179788,5.52620422318571,0.017583205020567063,0.25311875739366846,0.7,exponential,731,330.0,330.0,6.0260997,0,0.0,1.0,1.0
10000,0.7,0.6,0.09716838184179788,5.52620422318571,0.017583205020567063,0.25311875739366846,0.7,exponential,732,131.0,131.0,6.0074997,0,0.0,1.0,1.0
10000,0.7,0.6,0.09716838184179788,5.52620422318571,0.017583205020567063,0.25311875739366846,0.7,exponential,733,160.0,160.0,5.4419,0,0.0,1.0,1.0
10000,0.7,0.6,0.09716838184179788,5.52620422318571,0.017583205020567063,0.25311875739366846,0.7,exponential,734,22.0,22.0,5.6622996,0,0.0,1.0,1.0
10000,0.7,0.6,0.09716838184179788,5.52620422318571,0.017583205020567063,0.25311875739366846,0.7,exponential,735,50.0,50.0,5.607,0,0.0,1.0,1.0
10000,0.7,0.6,0.09716838184179788,5.52620422318571,0.017583205020567063,0.25311875739366846,0.7,exponential,736,165.0,165.0,5.7743998,0,0.0,1.0,1.0
10000,0.7,0.6,0.09716838184179788,5.52620422318571,0.017583205020567063,0.25311875739366846,0.7,exponential,737,226.0,226.0,5.9231997,0,0.0,1.0,1.0
10000,0.7,0.6,0.09716838184179788,5.52620422318571,0.017583205020567063,0.25311875739366846,0.7,exponential,738,76.0,76.0,5.8782,0,0.0,1.0,1.0
10000,0.7,0.6,0.09716838184179788,5.52620422318571,0.017583205020567063,0.25311875739366846,0.7,exponential,739,23.0,23.0,5.5355,0,0.0,1.0,1.0
10000,0.7,0.6,0.09716838184179788,5.52620422318571,0.017583205020567063,0.25311875739366846,0.7,exponential,740,409.0,409.0,5.2523,0,0.0,1.0,1.0
10000,0.7,0.6,0.09716838184179788,5.52620422318571,0.017583205020567063,0.25311875739366846,0.7,exponential,741,373.0,373.0,5.6087,0,0.0,1.0,1.0
10000,0.7,0.6,0.09716838184179788,5.52620422318571,0.017583205020567063,0.25311875739366846,0.7,exponential,742,38.0,38.0,5.3622,0,0.0,1.0,1.0
10000,0.7,0.6,0.09716838184179788,5.52620422318571,0.017583205020567063,0.25311875739366846,0.7,exponential,743,64.0,64.0,5.6812997,0,0.0,1.0,1.0
10000,0.7,0.6,0.09716838184179788,5.52620422318571,0.017583205020567063,0.25311875739366846,0.7,exponential,744,113.0,113.0,5.5401998,0,0.0,1.0,1.0
10000,0.7,0.6,0.09716838184179788,5.52620422318571,0.017583205020567063,0.25311875739366846,0.7,exponential,745,151.0,151.0,5.3368998,0,0.0,1.0,1.0
10000,0.7,0.6,0.09716838184179788,5.52620422318571,0.017583205020567063,0.25311875739366846,0.7,exponential,746,825.0,825.0,5.0516996,0,0.0,1.0,1.0
10000,0.7,0.6,0.09716838184179788,5.52620422318571,0.017583205020567063,0.25311875739366846,0.7,exponential,747,35.0,35.0,5.5063,0,0.0,1.0,1.0
10000,0.7,0.6,0.09716838184179788,5.52620422318571,0.017583205020567063,0.25311875739366846,0.7,exponential,748,163.0,163.0,5.5850997,0,0.0,1.0,1.0
10000,0.7,0.6,0.09716838184179788,5.52620422318571,0.017583205020567063,0.25311875739366846,0.7,exponential,749,37.0,37.0,5.5624,0,0.0,1.0,1.0
10000,0.7,0.6,0.09716838184179788,5.52620422318571,0.017583205020567063,0.25311875739366846,0.7,exponential,750,24.0,24.0,5.6103,0,0.0,1.0,1.0
10000,0.7,0.6,0.09716838184179788,5.52620422318571,0.017583205020567063,0.25311875739366846,0.7,exponential,751,244.0,244.0,5.7181,0,0.0,1.0,1.0
10000,0.7,0.6,0.09716838184179788,5.52620422318571,0.017583205020567063,0.25311875739366846,0.7,exponential,752,67.0,67.0,5.6137,0,0.0,1.0,1.0
10000,0.7,0.6,0.09716838184179788,5.52620422318571,0.017583205020567063,0.25311875739366846,0.7,exponential,753,146.0,146.0,5.8307,0,0.0,1.0,1.0
10000,0.7,0.6,0.09716838184179788,5.52620422318571,0.017583205020567063,0.25311875739366846,0.7,exponential,754,70.0,70.0,5.341,0,0.0,1.0,1.0
10000,0.7,0.6,0.09716838184179788,5.52620422318571,0.017583205020567063,0.25311875739366846,0.7,exponential,755,59.0,59.0,5.6403,0,0.0,1.0,1.0
10000,0.7,0.6,0.09716838184179788,5.52620422318571,0.017583205020567063,0.25311875739366846,0.7,exponential,756,83.0,83.0,5.7994,0,0.0,1.0,1.0
10000,0.7,0.6,0.09716838184179788,5.52620422318571,0.017583205020567063,0.25311875739366846,0.7,exponential,757,116.0,116.0,5.5801,0,0.0,1.0,1.0
10000,0.7,0.6,0.09716838184179788,5.52620422318571,0.017583205020567063,0.25311875739366846,0.7,exponential,758,282.0,282.0,5.3297,0,0.0,1.0,1.0
10000,0.7,0.6,0.09716838184179788,5.52620422318571,0.017583205020567063,0.25311875739366846,0.7,exponential,759,59.0,59.0,5.6117997,0,0.0,1.0,1.0
10000,0.7,0.6,0.09716838184179788,5.52620422318571,0.017583205020567063,0.25311875739366846,0.7,exponential,760,113.0,113.0,5.5792,0,0.0,1.0,1.0
10000,0.7,0.6,0.09716838184179788,5.52620422318571,0.017583205020567063,0.25311875739366846,0.7,exponential,761,119.0,119.0,5.4547997,0,0.0,1.0,1.0
10000,0.7,0.6,0.09716838184179788,5.52620422318571,0.017583205020567063,0.25311875739366846,0.7,exponential,762,240.0,240.0,5.5113,0,0.0,1.0,1.0
10000,0.7,0.6,0.09716838184179788,5.52620422318571,0.017583205020567063,0.25311875739366846,0.7,exponential,763,314.0,314.0,5.5413,0,0.0,1.0,1.0
10000,0.7,0.6,0.09716838184179788,5.52620422318571,0.017583205020567063,0.25311875739366846,0.7,exponential,764,89.0,89.0,5.2787,0,0.0,1.0,1.0
10000,0.7,0.6,0.09716838184179788,5.52620422318571,0.017583205020567063,0.25311875739366846,0.7,exponential,765,176.0,176.0,5.5743,0,0.0,1.0,1.0
10000,0.7,0.6,0.09716838184179788,5.52620422318571,0.017583205020567063,0.25311875739366846,0.7,exponential,766,229.0,229.0,5.3668,0,0.0,1.0,1.0
10000,0.7,0.6,0.09716838184179788,5.52620422318571,0.017583205020567063,0.25311875739366846,0.7,exponential,767,251.0,251.0,5.4333997,0,0.0,1.0,1.0
10000,0.7,0.6,0.09716838184179788,5.52620422318571,0.017583205020567063,0.25311875739366846,0.7,exponential,768,94.0,94.0,5.6835,0,0.0,1.0,1.0
10000,0.7,0.6,0.09716838184179788,5.52620422318571,0.017583205020567063,0.25311875739366846,0.7,exponential,769,28.0,28.0,5.4908,0,0.0,1.0,1.0
10000,0.7,0.6,0.09716838184179788,5.52620422318571,0.017583205020567063,0.25311875739366846,0.7,exponential,770,162.0,162.0,5.5367,0,0.0,1.0,1.0
10000,0.7,0.6,0.09716838184179788,5.52620422318571,0.017583205020567063,0.25311875739366846,0.7,exponential,771,429.0,429.0,5.2654,0,0.0,1.0,1.0
10000,0.7,0.6,0.09716838184179788,5.52620422318571,0.017583205020567063,0.25311875739366846,0.7,exponential,772,96.0,96.0,5.8566,0,0.0,1.0,1.0
10000,0.7,0.6,0.09716838184179788,5.52620422318571,0.017583205020567063,0.25311875739366846,0.7,exponential,773,369.0,369.0,4.9086,0,0.0,1.0,1.0
10000,0.7,0.6,0.09716838184179788,5.52620422318571,0.017583205020567063,0.25311875739366846,0.7,exponential,774,241.0,241.0,6.1636,0,0.0,1.0,1.0
10000,0.7,0.6,0.09716838184179788,5.52620422318571,0.017583205020567063,0.25311875739366846,0.7,exponential,775,75.0,75.0,5.7297,0,0.0,1.0,1.0
10000,0.7,0.6,0.09716838184179788,5.52620422318571,0.017583205020567063,0.25311875739366846,0.7,exponential,776,159.0,159.0,5.3508997,0,0.0,1.0,1.0
10000,0.7,0.6,0.09716838184179788,5.52620422318571,0.017583205020567063,0.25311875739366846,0.7,exponential,777,130.0,130.0,5.5401,0,0.0,1.0,1.0
10000,0.7,0.6,0.09716838184179788,5.52620422318571,0.017583205020567063,0.25311875739366846,0.7,exponential,778,34.0,34.0,5.8324,0,0.0,1.0,1.0
10000,0.7,0.6,0.09716838184179788,5.52620422318571,0.017583205020567063,0.25311875739366846,0.7,exponential,779,20.0,20.0,5.4209,0,0.0,1.0,1.0
10000,0.7,0.6,0.09716838184179788,5.52620422318571,0.017583205020567063,0.25311875739366846,0.7,exponential,780,40.0,40.0,5.5734997,0,0.0,1.0,1.0
10000,0.7,0.6,0.09716838184179788,5.52620422318571,0.017583205020567063,0.25311875739366846,0.7,exponential,781,162.0,162.0,5.4101996,0,0.0,1.0,1.0
10000,0.7,0.6,0.09716838184179788,5.52620422318571,0.017583205020567063,0.25311875739366846,0.7,exponential,782,29.0,29.0,5.5839996,0,0.0,1.0,1.0
10000,0.7,0.6,0.09716838184179788,5.52620422318571,0.017583205020567063,0.25311875739366846,0.7,exponential,783,516.0,516.0,5.9926996,0,0.0,1.0,1.0
10000,0.7,0.6,0.09716838184179788,5.52620422318571,0.017583205020567063,0.25311875739366846,0.7,exponential,784,200.0,200.0,5.3177,0,0.0,1.0,1.0
10000,0.7,0.6,0.09716838184179788,5.52620422318571,0.017583205020567063,0.25311875739366846,0.7,exponential,785,309.0,309.0,5.3791,0,0.0,1.0,1.0
10000,0.7,0.6,0.09716838184179788,5.52620422318571,0.017583205020567063,0.25311875739366846,0.7,exponential,786,45.0,45.0,5.9024,0,0.0,1.0,1.0
10000,0.7,0.6,0.09716838184179788,5.52620422318571,0.017583205020567063,0.25311875739366846,0.7,exponential,787,22.0,22.0,5.6173997,0,0.0,1.0,1.0
10000,0.7,0.6,0.09716838184179788,5.52620422318571,0.017583205020567063,0.25311875739366846,0.7,exponential,788,168.0,168.0,5.5762997,0,0.0,1.0,1.0
10000,0.7,0.6,0.09716838184179788,5.52620422318571,0.017583205020567063,0.25311875739366846,0.7,exponential,789,329.0,329.0,5.5404997,0,0.0,1.0,1.0
10000,0.7,0.6,0.09716838184179788,5.52620422318571,0.017583205020567063,0.25311875739366846,0.7,exponential,790,264.0,264.0,5.9186997,0,0.0,1.0,1.0
10000,0.7,0.6,0.09716838184179788,5.52620422318571,0.017583205020567063,0.25311875739366846,0.7,exponential,791,129.0,129.0,5.3609,0,0.0,1.0,1.0
10000,0.7,0.6,0.09716838184179788,5.52620422318571,0.017583205020567063,0.25311875739366846,0.7,exponential,792,190.0,190.0,5.5499,0,0.0,1.0,1.0
10000,0.7,0.6,0.09716838184179788,5.52620422318571,0.017583205020567063,0.25311875739366846,0.7,exponential,793,348.0,348.0,5.4021997,0,0.0,1.0,1.0
10000,0.7,0.6,0.09716838184179788,5.52620422318571,0.017583205020567063,0.25311875739366846,0.7,exponential,794,58.0,58.0,5.4986,0,0.0,1.0,1.0
10000,0.7,0.6,0.09716838184179788,5.52620422318571,0.017583205020567063,0.25311875739366846,0.7,exponential,795,112.0,112.0,5.8775997,0,0.0,1.0,1.0
10000,0.7,0.6,0.09716838184179788,5.52620422318571,0.017583205020567063,0.25311875739366846,0.7,exponential,796,55.0,55.0,5.7602,0,0.0,1.0,1.0
10000,0.7,0.6,0.09716838184179788,5.52620422318571,0.017583205020567063,0.25311875739366846,0.7,exponential,797,53.0,53.0,5.7604,0,0.0,1.0,1.0
10000,0.7,0.6,0.09716838184179788,5.52620422318571,0.017583205020567063,0.25311875739366846,0.7,exponential,798,139.0,139.0,5.4768996,0,0.0,1.0,1.0
10000,0.7,0.6,0.09716838184179788,5.52620422318571,0.017583205020567063,0.25311875739366846,0.7,exponential,799,187.0,187.0,5.824,0,0.0,1.0,1.0
10000,0.7,0.6,0.09716838184179788,5.52620422318571,0.017583205020567063,0.25311875739366846,0.7,exponential,800,423.0,423.0,5.0414,0,0.0,1.0,1.0
10000,0.7,0.6,0.09716838184179788,5.52620422318571,0.017583205020567063,0.25311875739366846,0.7,exponential,801,148.0,148.0,5.3812,0,0.0,1.0,1.0
10000,0.7,0.6,0.09716838184179788,5.52620422318571,0.017583205020567063,0.25311875739366846,0.7,exponential,802,585.0,585.0,5.2172,0,0.0,1.0,1.0
10000,0.7,0.6,0.09716838184179788,5.52620422318571,0.017583205020567063,0.25311875739366846,0.7,exponential,803,369.0,369.0,5.49,0,0.0,1.0,1.0
10000,0.7,0.6,0.09716838184179788,5.52620422318571,0.017583205020567063,0.25311875739366846,0.7,exponential,804,95.0,95.0,5.2809997,0,0.0,1.0,1.0
10000,0.7,0.6,0.09716838184179788,5.52620422318571,0.017583205020567063,0.25311875739366846,0.7,exponential,805,112.0,112.0,5.3816,0,0.0,1.0,1.0
10000,0.7,0.6,0.09716838184179788,5.52620422318571,0.017583205020567063,0.25311875739366846,0.7,exponential,806,44.0,44.0,5.4469,0,0.0,1.0,1.0
10000,0.7,0.6,0.09716838184179788,5.52620422318571,0.017583205020567063,0.25311875739366846,0.7,exponential,807,169.0,169.0,5.7124,0,0.0,1.0,1.0
10000,0.7,0.6,0.09716838184179788,5.52620422318571,0.017583205020567063,0.25311875739366846,0.7,exponential,808,156.0,156.0,5.6639,0,0.0,1.0,1.0
10000,0.7,0.6,0.09716838184179788,5.52620422318571,0.017583205020567063,0.25311875739366846,0.7,exponential,809,57.0,57.0,5.4937997,0,0.0,1.0,1.0
10000,0.7,0.6,0.09716838184179788,5.52620422318571,0.017583205020567063,0.25311875739366846,0.7,exponential,810,250.0,250.0,5.8311996,0,0.0,1.0,1.0
10000,0.7,0.6,0.09716838184179788,5.52620422318571,0.017583205020567063,0.25311875739366846,0.7,exponential,811,462.0,462.0,5.3971996,0,0.0,1.0,1.0
10000,0.7,0.6,0.09716838184179788,5.52620422318571,0.017583205020567063,0.25311875739366846,0.7,exponential,812,26.0,26.0,5.8236,0,0.0,1.0,1.0
10000,0.7,0.6,0.09716838184179788,5.52620422318571,0.017583205020567063,0.25311875739366846,0.7,exponential,813,46.0,46.0,5.711,0,0.0,1.0,1.0
10000,0.7,0.6,0.09716838184179788,5.52620422318571,0.017583205020567063,0.25311875739366846,0.7,exponential,814,64.0,64.0,5.2865,0,0.0,1.0,1.0
10000,0.7,0.6,0.09716838184179788,5.52620422318571,0.017583205020567063,0.25311875739366846,0.7,exponential,815,44.0,44.0,5.4151998,0,0.0,1.0,1.0
10000,0.7,0.6,0.09716838184179788,5.52620422318571,0.017583205020567063,0.25311875739366846,0.7,exponential,816,242.0,242.0,5.7311997,0,0.0,1.0,1.0
10000,0.7,0.6,0.09716838184179788,5.52620422318571,0.017583205020567063,0.25311875739366846,0.7,exponential,817,100.0,100.0,5.7366,0,0.0,1.0,1.0
10000,0.7,0.6,0.09716838184179788,5.52620422318571,0.017583205020567063,0.25311875739366846,0.7,exponential,818,254.0,254.0,5.7507,0,0.0,1.0,1.0
10000,0.7,0.6,0.09716838184179788,5.52620422318571,0.017583205020567063,0.25311875739366846,0.7,exponential,819,891.0,891.0,5.641,0,0.0,1.0,1.0
10000,0.7,0.6,0.09716838184179788,5.52620422318571,0.017583205020567063,0.25311875739366846,0.7,exponential,820,313.0,313.0,5.2598,0,0.0,1.0,1.0
10000,0.7,0.6,0.09716838184179788,5.52620422318571,0.017583205020567063,0.25311875739366846,0.7,exponential,821,11.0,11.0,5.6377,0,0.0,1.0,1.0
10000,0.7,0.6,0.09716838184179788,5.52620422318571,0.017583205020567063,0.25311875739366846,0.7,exponential,822,68.0,68.0,5.7118998,0,0.0,1.0,1.0
10000,0.7,0.6,0.09716838184179788,5.52620422318571,0.017583205020567063,0.25311875739366846,0.7,exponential,823,208.0,208.0,5.2355,0,0.0,1.0,1.0
10000,0.7,0.6,0.09716838184179788,5.52620422318571,0.017583205020567063,0.25311875739366846,0.7,exponential,824,49.0,49.0,5.4280996,0,0.0,1.0,1.0
10000,0.7,0.6,0.09716838184179788,5.52620422318571,0.017583205020567063,0.25311875739366846,0.7,exponential,825,270.0,270.0,5.5027,0,0.0,1.0,1.0
10000,0.7,0.6,0.09716838184179788,5.52620422318571,0.017583205020567063,0.25311875739366846,0.7,exponential,826,287.0,287.0,5.6965,0,0.0,1.0,1.0
10000,0.7,0.6,0.09716838184179788,5.52620422318571,0.017583205020567063,0.25311875739366846,0.7,exponential,827,851.0,851.0,5.4147997,0,0.0,1.0,1.0
10000,0.7,0.6,0.09716838184179788,5.52620422318571,0.017583205020567063,0.25311875739366846,0.7,exponential,828,47.0,47.0,5.5044,0,0.0,1.0,1.0
10000,0.7,0.6,0.09716838184179788,5.52620422318571,0.017583205020567063,0.25311875739366846,0.7,exponential,829,245.0,245.0,5.6865,0,0.0,1.0,1.0
10000,0.7,0.6,0.09716838184179788,5.52620422318571,0.017583205020567063,0.25311875739366846,0.7,exponential,830,94.0,94.0,5.4062,0,0.0,1.0,1.0
10000,0.7,0.6,0.09716838184179788,5.52620422318571,0.017583205020567063,0.25311875739366846,0.7,exponential,831,169.0,169.0,5.4529,0,0.0,1.0,1.0
10000,0.7,0.6,0.09716838184179788,5.52620422318571,0.017583205020567063,0.25311875739366846,0.7,exponential,832,68.0,68.0,5.3719997,0,0.0,1.0,1.0
10000,0.7,0.6,0.09716838184179788,5.52620422318571,0.017583205020567063,0.25311875739366846,0.7,exponential,833,69.0,69.0,5.5169,0,0.0,1.0,1.0
10000,0.7,0.6,0.09716838184179788,5.52620422318571,0.017583205020567063,0.25311875739366846,0.7,exponential,834,243.0,243.0,5.5674996,0,0.0,1.0,1.0
10000,0.7,0.6,0.09716838184179788,5.52620422318571,0.017583205020567063,0.25311875739366846,0.7,exponential,835,75.0,75.0,5.67,0,0.0,1.0,1.0
10000,0.7,0.6,0.09716838184179788,5.52620422318571,0.017583205020567063,0.25311875739366846,0.7,exponential,836,281.0,281.0,6.2313,0,0.0,1.0,1.0
10000,0.7,0.6,0.09716838184179788,5.52620422318571,0.017583205020567063,0.25311875739366846,0.7,exponential,837,431.0,431.0,5.5462,0,0.0,1.0,1.0
10000,0.7,0.6,0.09716838184179788,5.52620422318571,0.017583205020567063,0.25311875739366846,0.7,exponential,838,84.0,84.0,5.2276,0,0.0,1.0,1.0
10000,0.7,0.6,0.09716838184179788,5.52620422318571,0.017583205020567063,0.25311875739366846,0.7,exponential,839,29.0,29.0,5.5681,0,0.0,1.0,1.0
10000,0.7,0.6,0.09716838184179788,5.52620422318571,0.017583205020567063,0.25311875739366846,0.7,exponential,840,76.0,76.0,5.7549996,0,0.0,1.0,1.0
10000,0.7,0.6,0.09716838184179788,5.52620422318571,0.017583205020567063,0.25311875739366846,0.7,exponential,841,19.0,19.0,5.5832,0,0.0,1.0,1.0
10000,0.7,0.6,0.09716838184179788,5.52620422318571,0.017583205020567063,0.25311875739366846,0.7,exponential,842,73.0,73.0,5.823,0,0.0,1.0,1.0
10000,0.7,0.6,0.09716838184179788,5.52620422318571,0.017583205020567063,0.25311875739366846,0.7,exponential,843,444.0,444.0,5.6570997,0,0.0,1.0,1.0
10000,0.7,0.6,0.09716838184179788,5.52620422318571,0.017583205020567063,0.25311875739366846,0.7,exponential,844,48.0,48.0,5.6682,0,0.0,1.0,1.0
10000,0.7,0.6,0.09716838184179788,5.52620422318571,0.017583205020567063,0.25311875739366846,0.7,exponential,845,145.0,145.0,5.6309,0,0.0,1.0,1.0
10000,0.7,0.6,0.09716838184179788,5.52620422318571,0.017583205020567063,0.25311875739366846,0.7,exponential,846,84.0,84.0,5.2823997,0,0.0,1.0,1.0
10000,0.7,0.6,0.09716838184179788,5.52620422318571,0.017583205020567063,0.25311875739366846,0.7,exponential,847,172.0,172.0,5.5919,0,0.0,1.0,1.0
10000,0.7,0.6,0.09716838184179788,5.52620422318571,0.017583205020567063,0.25311875739366846,0.7,exponential,848,295.0,295.0,5.5937,0,0.0,1.0,1.0
10000,0.7,0.6,0.09716838184179788,5.52620422318571,0.017583205020567063,0.25311875739366846,0.7,exponential,849,149.0,149.0,6.0347,0,0.0,1.0,1.0
10000,0.7,0.6,0.09716838184179788,5.52620422318571,0.017583205020567063,0.25311875739366846,0.7,exponential,850,382.0,382.0,5.2096,0,0.0,1.0,1.0
10000,0.7,0.6,0.09716838184179788,5.52620422318571,0.017583205020567063,0.25311875739366846,0.7,exponential,851,291.0,291.0,5.1232,0,0.0,1.0,1.0
10000,0.7,0.6,0.09716838184179788,5.52620422318571,0.017583205020567063,0.25311875739366846,0.7,exponential,852,232.0,232.0,5.2215,0,0.0,1.0,1.0
10000,0.7,0.6,0.09716838184179788,5.52620422318571,0.017583205020567063,0.25311875739366846,0.7,exponential,853,351.0,351.0,5.165,0,0.0,1.0,1.0
10000,0.7,0.6,0.09716838184179788,5.52620422318571,0.017583205020567063,0.25311875739366846,0.7,exponential,854,133.0,133.0,5.8261,0,0.0,1.0,1.0
10000,0.7,0.6,0.09716838184179788,5.52620422318571,0.017583205020567063,0.25311875739366846,0.7,exponential,855,50.0,50.0,5.1734,0,0.0,1.0,1.0
10000,0.7,0.6,0.09716838184179788,5.52620422318571,0.017583205020567063,0.25311875739366846,0.7,exponential,856,68.0,68.0,5.5873,0,0.0,1.0,1.0
10000,0.7,0.6,0.09716838184179788,5.52620422318571,0.017583205020567063,0.25311875739366846,0.7,exponential,857,58.0,58.0,5.2309,0,0.0,1.0,1.0
10000,0.7,0.6,0.09716838184179788,5.52620422318571,0.017583205020567063,0.25311875739366846,0.7,exponential,858,583.0,583.0,5.512,0,0.0,1.0,1.0
10000,0.7,0.6,0.09716838184179788,5.52620422318571,0.017583205020567063,0.25311875739366846,0.7,exponential,859,33.0,33.0,5.6127996,0,0.0,1.0,1.0
10000,0.7,0.6,0.09716838184179788,5.52620422318571,0.017583205020567063,0.25311875739366846,0.7,exponential,860,43.0,43.0,5.6421,0,0.0,1.0,1.0
10000,0.7,0.6,0.09716838184179788,5.52620422318571,0.017583205020567063,0.25311875739366846,0.7,exponential,861,75.0,75.0,5.5587997,0,0.0,1.0,1.0
10000,0.7,0.6,0.09716838184179788,5.52620422318571,0.017583205020567063,0.25311875739366846,0.7,exponential,862,80.0,80.0,5.6474,0,0.0,1.0,1.0
10000,0.7,0.6,0.09716838184179788,5.52620422318571,0.017583205020567063,0.25311875739366846,0.7,exponential,863,73.0,73.0,5.9886,0,0.0,1.0,1.0
10000,0.7,0.6,0.09716838184179788,5.52620422318571,0.017583205020567063,0.25311875739366846,0.7,exponential,864,538.0,538.0,5.2051997,0,0.0,1.0,1.0
10000,0.7,0.6,0.09716838184179788,5.52620422318571,0.017583205020567063,0.25311875739366846,0.7,exponential,865,135.0,135.0,5.4523,0,0.0,1.0,1.0
10000,0.7,0.6,0.09716838184179788,5.52620422318571,0.017583205020567063,0.25311875739366846,0.7,exponential,866,177.0,177.0,5.8148,0,0.0,1.0,1.0
10000,0.7,0.6,0.09716838184179788,5.52620422318571,0.017583205020567063,0.25311875739366846,0.7,exponential,867,22.0,22.0,5.5253997,0,0.0,1.0,1.0
10000,0.7,0.6,0.09716838184179788,5.52620422318571,0.017583205020567063,0.25311875739366846,0.7,exponential,868,245.0,245.0,5.5754,0,0.0,1.0,1.0
10000,0.7,0.6,0.09716838184179788,5.52620422318571,0.017583205020567063,0.25311875739366846,0.7,exponential,869,19.0,19.0,5.6464996,0,0.0,1.0,1.0
10000,0.7,0.6,0.09716838184179788,5.52620422318571,0.017583205020567063,0.25311875739366846,0.7,exponential,870,176.0,176.0,5.4754,0,0.0,1.0,1.0
10000,0.7,0.6,0.09716838184179788,5.52620422318571,0.017583205020567063,0.25311875739366846,0.7,exponential,871,21.0,21.0,5.5969,0,0.0,1.0,1.0
10000,0.7,0.6,0.09716838184179788,5.52620422318571,0.017583205020567063,0.25311875739366846,0.7,exponential,872,281.0,281.0,5.8436,0,0.0,1.0,1.0
10000,0.7,0.6,0.09716838184179788,5.52620422318571,0.017583205020567063,0.25311875739366846,0.7,exponential,873,109.0,109.0,5.4867997,0,0.0,1.0,1.0
10000,0.7,0.6,0.09716838184179788,5.52620422318571,0.017583205020567063,0.25311875739366846,0.7,exponential,874,54.0,54.0,5.4972997,0,0.0,1.0,1.0
10000,0.7,0.6,0.09716838184179788,5.52620422318571,0.017583205020567063,0.25311875739366846,0.7,exponential,875,37.0,37.0,5.6172,0,0.0,1.0,1.0
10000,0.7,0.6,0.09716838184179788,5.52620422318571,0.017583205020567063,0.25311875739366846,0.7,exponential,876,504.0,504.0,5.8462,0,0.0,1.0,1.0
10000,0.7,0.6,0.09716838184179788,5.52620422318571,0.017583205020567063,0.25311875739366846,0.7,exponential,877,35.0,35.0,5.515,0,0.0,1.0,1.0
10000,0.7,0.6,0.09716838184179788,5.52620422318571,0.017583205020567063,0.25311875739366846,0.7,exponential,878,31.0,31.0,5.4778,0,0.0,1.0,1.0
10000,0.7,0.6,0.09716838184179788,5.52620422318571,0.017583205020567063,0.25311875739366846,0.7,exponential,879,394.0,394.0,5.9749,0,0.0,1.0,1.0
10000,0.7,0.6,0.09716838184179788,5.52620422318571,0.017583205020567063,0.25311875739366846,0.7,exponential,880,515.0,515.0,5.0871997,0,0.0,1.0,1.0
10000,0.7,0.6,0.09716838184179788,5.52620422318571,0.017583205020567063,0.25311875739366846,0.7,exponential,881,106.0,106.0,6.0112996,0,0.0,1.0,1.0
10000,0.7,0.6,0.09716838184179788,5.52620422318571,0.017583205020567063,0.25311875739366846,0.7,exponential,882,81.0,81.0,5.6254997,0,0.0,1.0,1.0
10000,0.7,0.6,0.09716838184179788,5.52620422318571,0.017583205020567063,0.25311875739366846,0.7,exponential,883,51.0,51.0,5.5827,0,0.0,1.0,1.0
10000,0.7,0.6,0.09716838184179788,5.52620422318571,0.017583205020567063,0.25311875739366846,0.7,exponential,884,37.0,37.0,5.2794,0,0.0,1.0,1.0
10000,0.7,0.6,0.09716838184179788,5.52620422318571,0.017583205020567063,0.25311875739366846,0.7,exponential,885,54.0,54.0,5.4526,0,0.0,1.0,1.0
10000,0.7,0.6,0.09716838184179788,5.52620422318571,0.017583205020567063,0.25311875739366846,0.7,exponential,886,1190.0,1190.0,5.2398996,0,0.0,1.0,1.0
10000,0.7,0.6,0.09716838184179788,5.52620422318571,0.017583205020567063,0.25311875739366846,0.7,exponential,887,152.0,152.0,5.4294,0,0.0,1.0,1.0
10000,0.7,0.6,0.09716838184179788,5.52620422318571,0.017583205020567063,0.25311875739366846,0.7,exponential,888,300.0,300.0,5.7086,0,0.0,1.0,1.0
10000,0.7,0.6,0.09716838184179788,5.52620422318571,0.017583205020567063,0.25311875739366846,0.7,exponential,889,254.0,254.0,5.5267997,0,0.0,1.0,1.0
10000,0.7,0.6,0.09716838184179788,5.52620422318571,0.017583205020567063,0.25311875739366846,0.7,exponential,890,121.0,121.0,5.705,0,0.0,1.0,1.0
10000,0.7,0.6,0.09716838184179788,5.52620422318571,0.017583205020567063,0.25311875739366846,0.7,exponential,891,28.0,28.0,5.4723997,0,0.0,1.0,1.0
10000,0.7,0.6,0.09716838184179788,5.52620422318571,0.017583205020567063,0.25311875739366846,0.7,exponential,892,58.0,58.0,5.6345997,0,0.0,1.0,1.0
10000,0.7,0.6,0.09716838184179788,5.52620422318571,0.017583205020567063,0.25311875739366846,0.7,exponential,893,32.0,32.0,5.5425997,0,0.0,1.0,1.0
10000,0.7,0.6,0.09716838184179788,5.52620422318571,0.017583205020567063,0.25311875739366846,0.7,exponential,894,361.0,361.0,5.5688996,0,0.0,1.0,1.0
10000,0.7,0.6,0.09716838184179788,5.52620422318571,0.017583205020567063,0.25311875739366846,0.7,exponential,895,92.0,92.0,5.4912996,0,0.0,1.0,1.0
10000,0.7,0.6,0.09716838184179788,5.52620422318571,0.017583205020567063,0.25311875739366846,0.7,exponential,896,143.0,143.0,5.7567,0,0.0,1.0,1.0
10000,0.7,0.6,0.09716838184179788,5.52620422318571,0.017583205020567063,0.25311875739366846,0.7,exponential,897,384.0,384.0,5.229,0,0.0,1.0,1.0
10000,0.7,0.6,0.09716838184179788,5.52620422318571,0.017583205020567063,0.25311875739366846,0.7,exponential,898,158.0,158.0,5.1502,0,0.0,1.0,1.0
10000,0.7,0.6,0.09716838184179788,5.52620422318571,0.017583205020567063,0.25311875739366846,0.7,exponential,899,156.0,156.0,4.9851,0,0.0,1.0,1.0
10000,0.7,0.6,0.09716838184179788,5.52620422318571,0.017583205020567063,0.25311875739366846,0.7,exponential,900,165.0,165.0,5.7197,0,0.0,1.0,1.0
10000,0.7,0.6,0.09716838184179788,5.52620422318571,0.017583205020567063,0.25311875739366846,0.7,exponential,901,81.0,81.0,5.5803,0,0.0,1.0,1.0
10000,0.7,0.6,0.09716838184179788,5.52620422318571,0.017583205020567063,0.25311875739366846,0.7,exponential,902,603.0,603.0,5.5285,0,0.0,1.0,1.0
10000,0.7,0.6,0.09716838184179788,5.52620422318571,0.017583205020567063,0.25311875739366846,0.7,exponential,903,23.0,23.0,5.5441,0,0.0,1.0,1.0
10000,0.7,0.6,0.09716838184179788,5.52620422318571,0.017583205020567063,0.25311875739366846,0.7,exponential,904,193.0,193.0,5.6741,0,0.0,1.0,1.0
10000,0.7,0.6,0.09716838184179788,5.52620422318571,0.017583205020567063,0.25311875739366846,0.7,exponential,905,142.0,142.0,5.2721996,0,0.0,1.0,1.0
10000,0.7,0.6,0.09716838184179788,5.52620422318571,0.017583205020567063,0.25311875739366846,0.7,exponential,906,273.0,273.0,5.6717997,0,0.0,1.0,1.0
10000,0.7,0.6,0.09716838184179788,5.52620422318571,0.017583205020567063,0.25311875739366846,0.7,exponential,907,116.0,116.0,5.5754,0,0.0,1.0,1.0
10000,0.7,0.6,0.09716838184179788,5.52620422318571,0.017583205020567063,0.25311875739366846,0.7,exponential,908,402.0,402.0,5.2999,0,0.0,1.0,1.0
10000,0.7,0.6,0.09716838184179788,5.52620422318571,0.017583205020567063,0.25311875739366846,0.7,exponential,909,106.0,106.0,5.1619,0,0.0,1.0,1.0
10000,0.7,0.6,0.09716838184179788,5.52620422318571,0.017583205020567063,0.25311875739366846,0.7,exponential,910,320.0,320.0,5.4269,0,0.0,1.0,1.0
10000,0.7,0.6,0.09716838184179788,5.52620422318571,0.017583205020567063,0.25311875739366846,0.7,exponential,911,69.0,69.0,5.8259997,0,0.0,1.0,1.0
10000,0.7,0.6,0.09716838184179788,5.52620422318571,0.017583205020567063,0.25311875739366846,0.7,exponential,912,139.0,139.0,5.1047997,0,0.0,1.0,1.0
10000,0.7,0.6,0.09716838184179788,5.52620422318571,0.017583205020567063,0.25311875739366846,0.7,exponential,913,78.0,78.0,5.5065,0,0.0,1.0,1.0
10000,0.7,0.6,0.09716838184179788,5.52620422318571,0.017583205020567063,0.25311875739366846,0.7,exponential,914,149.0,149.0,5.6071997,0,0.0,1.0,1.0
10000,0.7,0.6,0.09716838184179788,5.52620422318571,0.017583205020567063,0.25311875739366846,0.7,exponential,915,36.0,36.0,5.7725997,0,0.0,1.0,1.0
10000,0.7,0.6,0.09716838184179788,5.52620422318571,0.017583205020567063,0.25311875739366846,0.7,exponential,916,41.0,41.0,5.7093997,0,0.0,1.0,1.0
10000,0.7,0.6,0.09716838184179788,5.52620422318571,0.017583205020567063,0.25311875739366846,0.7,exponential,917,260.0,260.0,5.6112,0,0.0,1.0,1.0
10000,0.7,0.6,0.09716838184179788,5.52620422318571,0.017583205020567063,0.25311875739366846,0.7,exponential,918,114.0,114.0,5.6566997,0,0.0,1.0,1.0
10000,0.7,0.6,0.09716838184179788,5.52620422318571,0.017583205020567063,0.25311875739366846,0.7,exponential,919,267.0,267.0,5.8402,0,0.0,1.0,1.0
10000,0.7,0.6,0.09716838184179788,5.52620422318571,0.017583205020567063,0.25311875739366846,0.7,exponential,920,48.0,48.0,5.5109997,0,0.0,1.0,1.0
10000,0.7,0.6,0.09716838184179788,5.52620422318571,0.017583205020567063,0.25311875739366846,0.7,exponential,921,158.0,158.0,5.7792997,0,0.0,1.0,1.0
10000,0.7,0.6,0.09716838184179788,5.52620422318571,0.017583205020567063,0.25311875739366846,0.7,exponential,922,276.0,276.0,5.8747997,0,0.0,1.0,1.0
10000,0.7,0.6,0.09716838184179788,5.52620422318571,0.017583205020567063,0.25311875739366846,0.7,exponential,923,213.0,213.0,5.1594,0,0.0,1.0,1.0
10000,0.7,0.6,0.09716838184179788,5.52620422318571,0.017583205020567063,0.25311875739366846,0.7,exponential,924,257.0,257.0,5.4207,0,0.0,1.0,1.0
10000,0.7,0.6,0.09716838184179788,5.52620422318571,0.017583205020567063,0.25311875739366846,0.7,exponential,925,179.0,179.0,5.6647,0,0.0,1.0,1.0
10000,0.7,0.6,0.09716838184179788,5.52620422318571,0.017583205020567063,0.25311875739366846,0.7,exponential,926,83.0,83.0,5.2805,0,0.0,1.0,1.0
10000,0.7,0.6,0.09716838184179788,5.52620422318571,0.017583205020567063,0.25311875739366846,0.7,exponential,927,78.0,78.0,5.8419,0,0.0,1.0,1.0
10000,0.7,0.6,0.09716838184179788,5.52620422318571,0.017583205020567063,0.25311875739366846,0.7,exponential,928,22.0,22.0,5.5943,0,0.0,1.0,1.0
10000,0.7,0.6,0.09716838184179788,5.52620422318571,0.017583205020567063,0.25311875739366846,0.7,exponential,929,69.0,69.0,5.1946,0,0.0,1.0,1.0
10000,0.7,0.6,0.09716838184179788,5.52620422318571,0.017583205020567063,0.25311875739366846,0.7,exponential,930,59.0,59.0,5.7516,0,0.0,1.0,1.0
10000,0.7,0.6,0.09716838184179788,5.52620422318571,0.017583205020567063,0.25311875739366846,0.7,exponential,931,31.0,31.0,5.7342,0,0.0,1.0,1.0
10000,0.7,0.6,0.09716838184179788,5.52620422318571,0.017583205020567063,0.25311875739366846,0.7,exponential,932,24.0,24.0,5.4389997,0,0.0,1.0,1.0
10000,0.7,0.6,0.09716838184179788,5.52620422318571,0.017583205020567063,0.25311875739366846,0.7,exponential,933,80.0,80.0,5.6981,0,0.0,1.0,1.0
10000,0.7,0.6,0.09716838184179788,5.52620422318571,0.017583205020567063,0.25311875739366846,0.7,exponential,934,77.0,77.0,6.1171,0,0.0,1.0,1.0
10000,0.7,0.6,0.09716838184179788,5.52620422318571,0.017583205020567063,0.25311875739366846,0.7,exponential,935,147.0,147.0,5.5192,0,0.0,1.0,1.0
10000,0.7,0.6,0.09716838184179788,5.52620422318571,0.017583205020567063,0.25311875739366846,0.7,exponential,936,74.0,74.0,5.6014,0,0.0,1.0,1.0
10000,0.7,0.6,0.09716838184179788,5.52620422318571,0.017583205020567063,0.25311875739366846,0.7,exponential,937,95.0,95.0,5.3929996,0,0.0,1.0,1.0
10000,0.7,0.6,0.09716838184179788,5.52620422318571,0.017583205020567063,0.25311875739366846,0.7,exponential,938,32.0,32.0,5.732,0,0.0,1.0,1.0
10000,0.7,0.6,0.09716838184179788,5.52620422318571,0.017583205020567063,0.25311875739366846,0.7,exponential,939,225.0,225.0,6.2573,0,0.0,1.0,1.0
10000,0.7,0.6,0.09716838184179788,5.52620422318571,0.017583205020567063,0.25311875739366846,0.7,exponential,940,53.0,53.0,5.4473,0,0.0,1.0,1.0
10000,0.7,0.6,0.09716838184179788,5.52620422318571,0.017583205020567063,0.25311875739366846,0.7,exponential,941,112.0,112.0,5.7809997,0,0.0,1.0,1.0
10000,0.7,0.6,0.09716838184179788,5.52620422318571,0.017583205020567063,0.25311875739366846,0.7,exponential,942,302.0,302.0,5.8023,0,0.0,1.0,1.0
10000,0.7,0.6,0.09716838184179788,5.52620422318571,0.017583205020567063,0.25311875739366846,0.7,exponential,943,15.0,15.0,5.4872,0,0.0,1.0,1.0
10000,0.7,0.6,0.09716838184179788,5.52620422318571,0.017583205020567063,0.25311875739366846,0.7,exponential,944,67.0,67.0,5.8261,0,0.0,1.0,1.0
10000,0.7,0.6,0.09716838184179788,5.52620422318571,0.017583205020567063,0.25311875739366846,0.7,exponential,945,425.0,425.0,5.6647997,0,0.0,1.0,1.0
10000,0.7,0.6,0.09716838184179788,5.52620422318571,0.017583205020567063,0.25311875739366846,0.7,exponential,946,132.0,132.0,5.6221,0,0.0,1.0,1.0
10000,0.7,0.6,0.09716838184179788,5.52620422318571,0.017583205020567063,0.25311875739366846,0.7,exponential,947,35.0,35.0,5.6226997,0,0.0,1.0,1.0
10000,0.7,0.6,0.09716838184179788,5.52620422318571,0.017583205020567063,0.25311875739366846,0.7,exponential,948,96.0,96.0,5.4631,0,0.0,1.0,1.0
10000,0.7,0.6,0.09716838184179788,5.52620422318571,0.017583205020567063,0.25311875739366846,0.7,exponential,949,173.0,173.0,5.0906997,0,0.0,1.0,1.0
10000,0.7,0.6,0.09716838184179788,5.52620422318571,0.017583205020567063,0.25311875739366846,0.7,exponential,950,20.0,20.0,5.4033,0,0.0,1.0,1.0
10000,0.7,0.6,0.09716838184179788,5.52620422318571,0.017583205020567063,0.25311875739366846,0.7,exponential,951,81.0,81.0,5.6784997,0,0.0,1.0,1.0
10000,0.7,0.6,0.09716838184179788,5.52620422318571,0.017583205020567063,0.25311875739366846,0.7,exponential,952,291.0,291.0,5.6232,0,0.0,1.0,1.0
10000,0.7,0.6,0.09716838184179788,5.52620422318571,0.017583205020567063,0.25311875739366846,0.7,exponential,953,352.0,352.0,5.3338,0,0.0,1.0,1.0
10000,0.7,0.6,0.09716838184179788,5.52620422318571,0.017583205020567063,0.25311875739366846,0.7,exponential,954,336.0,336.0,5.9507,0,0.0,1.0,1.0
10000,0.7,0.6,0.09716838184179788,5.52620422318571,0.017583205020567063,0.25311875739366846,0.7,exponential,955,446.0,446.0,5.47,0,0.0,1.0,1.0
10000,0.7,0.6,0.09716838184179788,5.52620422318571,0.017583205020567063,0.25311875739366846,0.7,exponential,956,108.0,108.0,5.6,0,0.0,1.0,1.0
10000,0.7,0.6,0.09716838184179788,5.52620422318571,0.017583205020567063,0.25311875739366846,0.7,exponential,957,70.0,70.0,5.6696997,0,0.0,1.0,1.0
10000,0.7,0.6,0.09716838184179788,5.52620422318571,0.017583205020567063,0.25311875739366846,0.7,exponential,958,35.0,35.0,5.4479,0,0.0,1.0,1.0
10000,0.7,0.6,0.09716838184179788,5.52620422318571,0.017583205020567063,0.25311875739366846,0.7,exponential,959,33.0,33.0,5.3817,0,0.0,1.0,1.0
10000,0.7,0.6,0.09716838184179788,5.52620422318571,0.017583205020567063,0.25311875739366846,0.7,exponential,960,122.0,122.0,5.9219,0,0.0,1.0,1.0
10000,0.7,0.6,0.09716838184179788,5.52620422318571,0.017583205020567063,0.25311875739366846,0.7,exponential,961,168.0,168.0,5.6684,0,0.0,1.0,1.0
10000,0.7,0.6,0.09716838184179788,5.52620422318571,0.017583205020567063,0.25311875739366846,0.7,exponential,962,190.0,190.0,5.5081,0,0.0,1.0,1.0
10000,0.7,0.6,0.09716838184179788,5.52620422318571,0.017583205020567063,0.25311875739366846,0.7,exponential,963,300.0,300.0,5.2174997,0,0.0,1.0,1.0
10000,0.7,0.6,0.09716838184179788,5.52620422318571,0.017583205020567063,0.25311875739366846,0.7,exponential,964,37.0,37.0,5.7451997,0,0.0,1.0,1.0
10000,0.7,0.6,0.09716838184179788,5.52620422318571,0.017583205020567063,0.25311875739366846,0.7,exponential,965,156.0,156.0,5.4108,0,0.0,1.0,1.0
10000,0.7,0.6,0.09716838184179788,5.52620422318571,0.017583205020567063,0.25311875739366846,0.7,exponential,966,266.0,266.0,5.0504,0,0.0,1.0,1.0
10000,0.7,0.6,0.09716838184179788,5.52620422318571,0.017583205020567063,0.25311875739366846,0.7,exponential,967,94.0,94.0,5.5594,0,0.0,1.0,1.0
10000,0.7,0.6,0.09716838184179788,5.52620422318571,0.017583205020567063,0.25311875739366846,0.7,exponential,968,874.0,874.0,5.8431,0,0.0,1.0,1.0
10000,0.7,0.6,0.09716838184179788,5.52620422318571,0.017583205020567063,0.25311875739366846,0.7,exponential,969,581.0,581.0,5.7728996,0,0.0,1.0,1.0
10000,0.7,0.6,0.09716838184179788,5.52620422318571,0.017583205020567063,0.25311875739366846,0.7,exponential,970,142.0,142.0,5.6414,0,0.0,1.0,1.0
10000,0.7,0.6,0.09716838184179788,5.52620422318571,0.017583205020567063,0.25311875739366846,0.7,exponential,971,339.0,339.0,5.7739,0,0.0,1.0,1.0
10000,0.7,0.6,0.09716838184179788,5.52620422318571,0.017583205020567063,0.25311875739366846,0.7,exponential,972,595.0,595.0,5.3669996,0,0.0,1.0,1.0
10000,0.7,0.6,0.09716838184179788,5.52620422318571,0.017583205020567063,0.25311875739366846,0.7,exponential,973,198.0,198.0,5.5938997,0,0.0,1.0,1.0
10000,0.7,0.6,0.09716838184179788,5.52620422318571,0.017583205020567063,0.25311875739366846,0.7,exponential,974,108.0,108.0,5.626,0,0.0,1.0,1.0
10000,0.7,0.6,0.09716838184179788,5.52620422318571,0.017583205020567063,0.25311875739366846,0.7,exponential,975,100.0,100.0,5.8156,0,0.0,1.0,1.0
10000,0.7,0.6,0.09716838184179788,5.52620422318571,0.017583205020567063,0.25311875739366846,0.7,exponential,976,22.0,22.0,5.7599998,0,0.0,1.0,1.0
10000,0.7,0.6,0.09716838184179788,5.52620422318571,0.017583205020567063,0.25311875739366846,0.7,exponential,977,146.0,146.0,5.3373,0,0.0,1.0,1.0
10000,0.7,0.6,0.09716838184179788,5.52620422318571,0.017583205020567063,0.25311875739366846,0.7,exponential,978,322.0,322.0,5.4087,0,0.0,1.0,1.0
10000,0.7,0.6,0.09716838184179788,5.52620422318571,0.017583205020567063,0.25311875739366846,0.7,exponential,979,49.0,49.0,5.4999,0,0.0,1.0,1.0
10000,0.7,0.6,0.09716838184179788,5.52620422318571,0.017583205020567063,0.25311875739366846,0.7,exponential,980,188.0,188.0,5.6323,0,0.0,1.0,1.0
10000,0.7,0.6,0.09716838184179788,5.52620422318571,0.017583205020567063,0.25311875739366846,0.7,exponential,981,80.0,80.0,5.4525,0,0.0,1.0,1.0
10000,0.7,0.6,0.09716838184179788,5.52620422318571,0.017583205020567063,0.25311875739366846,0.7,exponential,982,73.0,73.0,5.8297,0,0.0,1.0,1.0
10000,0.7,0.6,0.09716838184179788,5.52620422318571,0.017583205020567063,0.25311875739366846,0.7,exponential,983,179.0,179.0,5.7592998,0,0.0,1.0,1.0
10000,0.7,0.6,0.09716838184179788,5.52620422318571,0.017583205020567063,0.25311875739366846,0.7,exponential,984,33.0,33.0,5.5999,0,0.0,1.0,1.0
10000,0.7,0.6,0.09716838184179788,5.52620422318571,0.017583205020567063,0.25311875739366846,0.7,exponential,985,77.0,77.0,5.4807,0,0.0,1.0,1.0
10000,0.7,0.6,0.09716838184179788,5.52620422318571,0.017583205020567063,0.25311875739366846,0.7,exponential,986,112.0,112.0,5.6507998,0,0.0,1.0,1.0
10000,0.7,0.6,0.09716838184179788,5.52620422318571,0.017583205020567063,0.25311875739366846,0.7,exponential,987,197.0,197.0,5.6447,0,0.0,1.0,1.0
10000,0.7,0.6,0.09716838184179788,5.52620422318571,0.017583205020567063,0.25311875739366846,0.7,exponential,988,46.0,46.0,5.2964997,0,0.0,1.0,1.0
10000,0.7,0.6,0.09716838184179788,5.52620422318571,0.017583205020567063,0.25311875739366846,0.7,exponential,989,266.0,266.0,6.0045,0,0.0,1.0,1.0
10000,0.7,0.6,0.09716838184179788,5.52620422318571,0.017583205020567063,0.25311875739366846,0.7,exponential,990,420.0,420.0,5.3585,0,0.0,1.0,1.0
10000,0.7,0.6,0.09716838184179788,5.52620422318571,0.017583205020567063,0.25311875739366846,0.7,exponential,991,109.0,109.0,5.3352,0,0.0,1.0,1.0
10000,0.7,0.6,0.09716838184179788,5.52620422318571,0.017583205020567063,0.25311875739366846,0.7,exponential,992,35.0,35.0,5.5141997,0,0.0,1.0,1.0
10000,0.7,0.6,0.09716838184179788,5.52620422318571,0.017583205020567063,0.25311875739366846,0.7,exponential,993,150.0,150.0,5.831,0,0.0,1.0,1.0
10000,0.7,0.6,0.09716838184179788,5.52620422318571,0.017583205020567063,0.25311875739366846,0.7,exponential,994,253.0,253.0,5.5555,0,0.0,1.0,1.0
10000,0.7,0.6,0.09716838184179788,5.52620422318571,0.017583205020567063,0.25311875739366846,0.7,exponential,995,297.0,297.0,5.7353,0,0.0,1.0,1.0
10000,0.7,0.6,0.09716838184179788,5.52620422318571,0.017583205020567063,0.25311875739366846,0.7,exponential,996,436.0,436.0,5.3181,0,0.0,1.0,1.0
10000,0.7,0.6,0.09716838184179788,5.52620422318571,0.017583205020567063,0.25311875739366846,0.7,exponential,997,21.0,21.0,5.4528,0,0.0,1.0,1.0
10000,0.7,0.6,0.09716838184179788,5.52620422318571,0.017583205020567063,0.25311875739366846,0.7,exponential,998,254.0,254.0,5.8361998,0,0.0,1.0,1.0
10000,0.7,0.6,0.09716838184179788,5.52620422318571,0.017583205020567063,0.25311875739366846,0.7,exponential,999,278.0,278.0,5.6716,0,0.0,1.0,1.0
