N,psi,delta,lambda,theta,alpha,effective_beta,psi_check,selection_mode,path_index,t_0,first_loss_time,kappa_1_at_t0,X0_count_at_stop,X_0_at_stop,leading_zero_count_at_t0,first_nonzero_class_at_t0
10000,2.0,0.1,0.00046270658019903764,0.9210340371976184,0.0005023772863019161,0.8336735810771482,2.0,exponential,0,11751.0,11751.0,1.8611,0,0.0,1.0,1.0
10000,2.0,0.1,0.00046270658019903764,0.9210340371976184,0.0005023772863019161,0.8336735810771482,2.0,exponential,1,20630.0,20630.0,1.9885,0,0.0,1.0,1.0
10000,2.0,0.1,0.00046270658019903764,0.9210340371976184,0.0005023772863019161,0.8336735810771482,2.0,exponential,2,15953.0,15953.0,1.2272999,0,0.0,1.0,1.0
10000,2.0,0.1,0.00046270658019903764,0.9210340371976184,0.0005023772863019161,0.8336735810771482,2.0,exponential,3,4225.0,4225.0,1.8568,0,0.0,1.0,1.0
10000,2.0,0.1,0.00046270658019903764,0.9210340371976184,0.0005023772863019161,0.8336735810771482,2.0,exponential,4,78465.0,78465.0,1.9800999,0,0.0,1.0,1.0
10000,2.0,0.1,0.00046270658019903764,0.9210340371976184,0.0005023772863019161,0.8336735810771482,2.0,exponential,5,36233.0,36233.0,1.7634,0,0.0,1.0,1.0
10000,2.0,0.1,0.00046270658019903764,0.9210340371976184,0.0005023772863019161,0.8336735810771482,2.0,exponential,6,119574.0,119574.0,1.6814,0,0.0,1.0,1.0
10000,2.0,0.1,0.00046270658019903764,0.9210340371976184,0.0005023772863019161,0.8336735810771482,2.0,exponential,7,9215.0,9215.0,1.495,0,0.0,1.0,1.0
10000,2.0,0.1,0.00046270658019903764,0.9210340371976184,0.0005023772863019161,0.8336735810771482,2.0,exponential,8,36815.0,36815.0,1.6962999,0,0.0,1.0,1.0
10000,2.0,0.1,0.00046270658019903764,0.9210340371976184,0.0005023772863019161,0.8336735810771482,2.0,exponential,9,115996.0,115996.0,1.8139,0,0.0,1.0,1.0
10000,2.0,0.1,0.00046270658019903764,0.9210340371976184,0.0005023772863019161,0.8336735810771482,2.0,exponential,10,35667.0,35667.0,1.5536,0,0.0,1.0,1.0
10000,2.0,0.1,0.00046270658019903764,0.9210340371976184,0.0005023772863019161,0.8336735810771482,2.0,exponential,11,26903.0,26903.0,2.0537999,0,0.0,1.0,1.0
10000,2.0,0.1,0.00046270658019903764,0.9210340371976184,0.0005023772863019161,0.8336735810771482,2.0,exponential,12,26189.0,26189.0,1.8727,0,0.0,1.0,1.0
10000,2.0,0.1,0.00046270658019903764,0.9210340371976184,0.0005023772863019161,0.8336735810771482,2.0,exponential,13,15294.0,15294.0,1.8836,0,0.0,1.0,1.0
10000,2.0,0.1,0.00046270658019903764,0.9210340371976184,0.0005023772863019161,0.8336735810771482,2.0,exponential,14,4117.0,4117.0,1.7175,0,0.0,1.0,1.0
10000,2.0,0.1,0.00046270658019903764,0.9210340371976184,0.0005023772863019161,0.8336735810771482,2.0,exponential,15,32199.0,32199.0,2.7141,0,0.0,1.0,1.0
10000,2.0,0.1,0.00046270658019903764,0.9210340371976184,0.0005023772863019161,0.8336735810771482,2.0,exponential,16,35671.0,35671.0,1.6200999,0,0.0,1.0,1.0
10000,2.0,0.1,0.00046270658019903764,0.9210340371976184,0.0005023772863019161,0.8336735810771482,2.0,exponential,17,21877.0,21877.0,2.2611,0,0.0,1.0,1.0
10000,2.0,0.1,0.00046270658019903764,0.9210340371976184,0.0005023772863019161,0.8336735810771482,2.0,exponential,18,162982.0,162982.0,1.8874999,0,0.0,1.0,1.0
10000,2.0,0.1,0.00046270658019903764,0.9210340371976184,0.0005023772863019161,0.8336735810771482,2.0,exponential,19,2072.0,2072.0,1.6158999,0,0.0,1.0,1.0
10000,2.0,0.1,0.00046270658019903764,0.9210340371976184,0.0005023772863019161,0.8336735810771482,2.0,exponential,20,8670.0,8670.0,2.0791,0,0.0,1.0,1.0
10000,2.0,0.1,0.00046270658019903764,0.9210340371976184,0.0005023772863019161,0.8336735810771482,2.0,exponential,21,28242.0,28242.0,2.8748,0,0.0,1.0,1.0
10000,2.0,0.1,0.00046270658019903764,0.9210340371976184,0.0005023772863019161,0.8336735810771482,2.0,exponential,22,11869.0,11869.0,1.6686,0,0.0,1.0,1.0
10000,2.0,0.1,0.00046270658019903764,0.9210340371976184,0.0005023772863019161,0.8336735810771482,2.0,exponential,23,36134.0,36134.0,2.1316,0,0.0,1.0,1.0
10000,2.0,0.1,0.00046270658019903764,0.9210340371976184,0.0005023772863019161,0.8336735810771482,2.0,exponential,24,16719.0,16719.0,1.9879999,0,0.0,1.0,1.0
10000,2.0,0.1,0.00046270658019903764,0.9210340371976184,0.0005023772863019161,0.8336735810771482,2.0,exponential,25,51377.0,51377.0,1.6839,0,0.0,1.0,1.0
10000,2.0,0.1,0.00046270658019903764,0.9210340371976184,0.0005023772863019161,0.8336735810771482,2.0,exponential,26,4138.0,4138.0,1.6926999,0,0.0,1.0,1.0
10000,2.0,0.1,0.00046270658019903764,0.9210340371976184,0.0005023772863019161,0.8336735810771482,2.0,exponential,27,3031.0,3031.0,1.6747999,0,0.0,1.0,1.0
10000,2.0,0.1,0.00046270658019903764,0.9210340371976184,0.0005023772863019161,0.8336735810771482,2.0,exponential,28,26808.0,26808.0,2.0286,0,0.0,1.0,1.0
10000,2.0,0.1,0.00046270658019903764,0.9210340371976184,0.0005023772863019161,0.8336735810771482,2.0,exponential,29,11662.0,11662.0,1.5667,0,0.0,1.0,1.0
10000,2.0,0.1,0.00046270658019903764,0.9210340371976184,0.0005023772863019161,0.8336735810771482,2.0,exponential,30,31120.0,31120.0,1.8174,0,0.0,1.0,1.0
10000,2.0,0.1,0.00046270658019903764,0.9210340371976184,0.0005023772863019161,0.8336735810771482,2.0,exponential,31,47768.0,47768.0,1.3593,0,0.0,1.0,1.0
10000,2.0,0.1,0.00046270658019903764,0.9210340371976184,0.0005023772863019161,0.8336735810771482,2.0,exponential,32,2829.0,2829.0,1.5821999,0,0.0,1.0,1.0
10000,2.0,0.1,0.00046270658019903764,0.9210340371976184,0.0005023772863019161,0.8336735810771482,2.0,exponential,33,29572.0,29572.0,1.7220999,0,0.0,1.0,1.0
10000,2.0,0.1,0.00046270658019903764,0.9210340371976184,0.0005023772863019161,0.8336735810771482,2.0,exponential,34,8746.0,8746.0,2.133,0,0.0,1.0,1.0
10000,2.0,0.1,0.00046270658019903764,0.9210340371976184,0.0005023772863019161,0.8336735810771482,2.0,exponential,35,20005.0,20005.0,2.2289999,0,0.0,1.0,1.0
10000,2.0,0.1,0.00046270658019903764,0.9210340371976184,0.0005023772863019161,0.8336735810771482,2.0,exponential,36,26037.0,26037.0,1.8289,0,0.0,1.0,1.0
10000,2.0,0.1,0.00046270658019903764,0.9210340371976184,0.0005023772863019161,0.8336735810771482,2.0,exponential,37,27948.0,27948.0,2.3838,0,0.0,1.0,1.0
10000,2.0,0.1,0.00046270658019903764,0.9210340371976184,0.0005023772863019161,0.8336735810771482,2.0,exponential,38,22111.0,22111.0,1.6969,0,0.0,1.0,1.0
10000,2.0,0.1,0.00046270658019903764,0.9210340371976184,0.0005023772863019161,0.8336735810771482,2.0,exponential,39,11820.0,11820.0,1.4376,0,0.0,1.0,1.0
10000,2.0,0.1,0.00046270658019903764,0.9210340371976184,0.0005023772863019161,0.8336735810771482,2.0,exponential,40,46839.0,46839.0,1.5796,0,0.0,1.0,1.0
10000,2.0,0.1,0.00046270658019903764,0.9210340371976184,0.0005023772863019161,0.8336735810771482,2.0,exponential,41,7475.0,7475.0,1.8554,0,0.0,1.0,1.0
10000,2.0,0.1,0.00046270658019903764,0.9210340371976184,0.0005023772863019161,0.8336735810771482,2.0,exponential,42,5173.0,5173.0,2.1745,0,0.0,1.0,1.0
10000,2.0,0.1,0.00046270658019903764,0.9210340371976184,0.0005023772863019161,0.8336735810771482,2.0,exponential,43,95562.0,95562.0,1.9079,0,0.0,1.0,1.0
10000,2.0,0.1,0.00046270658019903764,0.9210340371976184,0.0005023772863019161,0.8336735810771482,2.0,exponential,44,19760.0,19760.0,1.7271,0,0.0,1.0,1.0
10000,2.0,0.1,0.00046270658019903764,0.9210340371976184,0.0005023772863019161,0.8336735810771482,2.0,exponential,45,43792.0,43792.0,1.5927,0,0.0,1.0,1.0
10000,2.0,0.1,0.00046270658019903764,0.9210340371976184,0.0005023772863019161,0.8336735810771482,2.0,exponential,46,62015.0,62015.0,1.3532,0,0.0,1.0,1.0
10000,2.0,0.1,0.00046270658019903764,0.9210340371976184,0.0005023772863019161,0.8336735810771482,2.0,exponential,47,9735.0,9735.0,1.6589999,0,0.0,1.0,1.0
10000,2.0,0.1,0.00046270658019903764,0.9210340371976184,0.0005023772863019161,0.8336735810771482,2.0,exponential,48,100240.0,100240.0,1.8018999,0,0.0,1.0,1.0
10000,2.0,0.1,0.00046270658019903764,0.9210340371976184,0.0005023772863019161,0.8336735810771482,2.0,exponential,49,6821.0,6821.0,1.7443,0,0.0,1.0,1.0
10000,2.0,0.1,0.00046270658019903764,0.9210340371976184,0.0005023772863019161,0.8336735810771482,2.0,exponential,50,23873.0,23873.0,1.4459,0,0.0,1.0,1.0
10000,2.0,0.1,0.00046270658019903764,0.9210340371976184,0.0005023772863019161,0.8336735810771482,2.0,exponential,51,142039.0,142039.0,1.3865,0,0.0,1.0,1.0
10000,2.0,0.1,0.00046270658019903764,0.9210340371976184,0.0005023772863019161,0.8336735810771482,2.0,exponential,52,11490.0,11490.0,1.4681,0,0.0,1.0,1.0
10000,2.0,0.1,0.00046270658019903764,0.9210340371976184,0.0005023772863019161,0.8336735810771482,2.0,exponential,53,8881.0,8881.0,1.2821,0,0.0,1.0,1.0
10000,2.0,0.1,0.00046270658019903764,0.9210340371976184,0.0005023772863019161,0.8336735810771482,2.0,exponential,54,10456.0,10456.0,1.6902,0,0.0,1.0,1.0
10000,2.0,0.1,0.00046270658019903764,0.9210340371976184,0.0005023772863019161,0.8336735810771482,2.0,exponential,55,36079.0,36079.0,1.7132,0,0.0,1.0,1.0
10000,2.0,0.1,0.00046270658019903764,0.9210340371976184,0.0005023772863019161,0.8336735810771482,2.0,exponential,56,77351.0,77351.0,1.6838,0,0.0,1.0,1.0
10000,2.0,0.1,0.00046270658019903764,0.9210340371976184,0.0005023772863019161,0.8336735810771482,2.0,exponential,57,12282.0,12282.0,2.105,0,0.0,1.0,1.0
10000,2.0,0.1,0.00046270658019903764,0.9210340371976184,0.0005023772863019161,0.8336735810771482,2.0,exponential,58,26146.0,26146.0,1.3398,0,0.0,1.0,1.0
10000,2.0,0.1,0.00046270658019903764,0.9210340371976184,0.0005023772863019161,0.8336735810771482,2.0,exponential,59,67846.0,67846.0,1.4871,0,0.0,1.0,1.0
10000,2.0,0.1,0.00046270658019903764,0.9210340371976184,0.0005023772863019161,0.8336735810771482,2.0,exponential,60,34500.0,34500.0,1.701,0,0.0,1.0,1.0
10000,2.0,0.1,0.00046270658019903764,0.9210340371976184,0.0005023772863019161,0.8336735810771482,2.0,exponential,61,29705.0,29705.0,1.5938,0,0.0,1.0,1.0
10000,2.0,0.1,0.00046270658019903764,0.9210340371976184,0.0005023772863019161,0.8336735810771482,2.0,exponential,62,84679.0,84679.0,1.6894,0,0.0,1.0,1.0
10000,2.0,0.1,0.00046270658019903764,0.9210340371976184,0.0005023772863019161,0.8336735810771482,2.0,exponential,63,9806.0,9806.0,1.4467,0,0.0,1.0,1.0
10000,2.0,0.1,0.00046270658019903764,0.9210340371976184,0.0005023772863019161,0.8336735810771482,2.0,exponential,64,23923.0,23923.0,1.1309999,0,0.0,1.0,1.0
10000,2.0,0.1,0.00046270658019903764,0.9210340371976184,0.0005023772863019161,0.8336735810771482,2.0,exponential,65,30817.0,30817.0,1.9382,0,0.0,1.0,1.0
10000,2.0,0.1,0.00046270658019903764,0.9210340371976184,0.0005023772863019161,0.8336735810771482,2.0,exponential,66,41680.0,41680.0,1.6858,0,0.0,1.0,1.0
10000,2.0,0.1,0.00046270658019903764,0.9210340371976184,0.0005023772863019161,0.8336735810771482,2.0,exponential,67,39677.0,39677.0,1.8709999,0,0.0,1.0,1.0
10000,2.0,0.1,0.00046270658019903764,0.9210340371976184,0.0005023772863019161,0.8336735810771482,2.0,exponential,68,60395.0,60395.0,2.0407999,0,0.0,1.0,1.0
10000,2.0,0.1,0.00046270658019903764,0.9210340371976184,0.0005023772863019161,0.8336735810771482,2.0,exponential,69,78901.0,78901.0,1.9022,0,0.0,1.0,1.0
10000,2.0,0.1,0.00046270658019903764,0.9210340371976184,0.0005023772863019161,0.8336735810771482,2.0,exponential,70,9065.0,9065.0,1.7368,0,0.0,1.0,1.0
10000,2.0,0.1,0.00046270658019903764,0.9210340371976184,0.0005023772863019161,0.8336735810771482,2.0,exponential,71,86327.0,86327.0,1.5667,0,0.0,1.0,1.0
10000,2.0,0.1,0.00046270658019903764,0.9210340371976184,0.0005023772863019161,0.8336735810771482,2.0,exponential,72,48606.0,48606.0,1.5679,0,0.0,1.0,1.0
10000,2.0,0.1,0.00046270658019903764,0.9210340371976184,0.0005023772863019161,0.8336735810771482,2.0,exponential,73,24329.0,24329.0,1.8009,0,0.0,1.0,1.0
10000,2.0,0.1,0.00046270658019903764,0.9210340371976184,0.0005023772863019161,0.8336735810771482,2.0,exponential,74,54877.0,54877.0,1.612,0,0.0,1.0,1.0
10000,2.0,0.1,0.00046270658019903764,0.9210340371976184,0.0005023772863019161,0.8336735810771482,2.0,exponential,75,2857.0,2857.0,2.1045,0,0.0,1.0,1.0
10000,2.0,0.1,0.00046270658019903764,0.9210340371976184,0.0005023772863019161,0.8336735810771482,2.0,exponential,76,40835.0,40835.0,1.9376999,0,0.0,1.0,1.0
10000,2.0,0.1,0.00046270658019903764,0.9210340371976184,0.0005023772863019161,0.8336735810771482,2.0,exponential,77,3646.0,3646.0,1.4169999,0,0.0,1.0,1.0
10000,2.0,0.1,0.00046270658019903764,0.9210340371976184,0.0005023772863019161,0.8336735810771482,2.0,exponential,78,16714.0,16714.0,1.2705,0,0.0,1.0,1.0
10000,2.0,0.1,0.00046270658019903764,0.9210340371976184,0.0005023772863019161,0.8336735810771482,2.0,exponential,79,80517.0,80517.0,1.8161,0,0.0,1.0,1.0
10000,2.0,0.1,0.00046270658019903764,0.9210340371976184,0.0005023772863019161,0.8336735810771482,2.0,exponential,80,72144.0,72144.0,2.2217,0,0.0,1.0,1.0
10000,2.0,0.1,0.00046270658019903764,0.9210340371976184,0.0005023772863019161,0.8336735810771482,2.0,exponential,81,44851.0,44851.0,1.3673999,0,0.0,1.0,1.0
10000,2.0,0.1,0.00046270658019903764,0.9210340371976184,0.0005023772863019161,0.8336735810771482,2.0,exponential,82,126731.0,126731.0,1.8062999,0,0.0,1.0,1.0
10000,2.0,0.1,0.00046270658019903764,0.9210340371976184,0.0005023772863019161,0.8336735810771482,2.0,exponential,83,38788.0,38788.0,1.6615,0,0.0,1.0,1.0
10000,2.0,0.1,0.00046270658019903764,0.9210340371976184,0.0005023772863019161,0.8336735810771482,2.0,exponential,84,14960.0,14960.0,1.6802,0,0.0,1.0,1.0
10000,2.0,0.1,0.00046270658019903764,0.9210340371976184,0.0005023772863019161,0.8336735810771482,2.0,exponential,85,20281.0,20281.0,1.6676999,0,0.0,1.0,1.0
10000,2.0,0.1,0.00046270658019903764,0.9210340371976184,0.0005023772863019161,0.8336735810771482,2.0,exponential,86,53119.0,53119.0,1.6198,0,0.0,1.0,1.0
10000,2.0,0.1,0.00046270658019903764,0.9210340371976184,0.0005023772863019161,0.8336735810771482,2.0,exponential,87,37756.0,37756.0,1.6256,0,0.0,1.0,1.0
10000,2.0,0.1,0.00046270658019903764,0.9210340371976184,0.0005023772863019161,0.8336735810771482,2.0,exponential,88,57167.0,57167.0,2.2677999,0,0.0,1.0,1.0
10000,2.0,0.1,0.00046270658019903764,0.9210340371976184,0.0005023772863019161,0.8336735810771482,2.0,exponential,89,12212.0,12212.0,2.2668998,0,0.0,1.0,1.0
10000,2.0,0.1,0.00046270658019903764,0.9210340371976184,0.0005023772863019161,0.8336735810771482,2.0,exponential,90,48557.0,48557.0,1.9144,0,0.0,1.0,1.0
10000,2.0,0.1,0.00046270658019903764,0.9210340371976184,0.0005023772863019161,0.8336735810771482,2.0,exponential,91,6255.0,6255.0,2.075,0,0.0,1.0,1.0
10000,2.0,0.1,0.00046270658019903764,0.9210340371976184,0.0005023772863019161,0.8336735810771482,2.0,exponential,92,13711.0,13711.0,1.6274999,0,0.0,1.0,1.0
10000,2.0,0.1,0.00046270658019903764,0.9210340371976184,0.0005023772863019161,0.8336735810771482,2.0,exponential,93,30462.0,30462.0,1.4513999,0,0.0,1.0,1.0
10000,2.0,0.1,0.00046270658019903764,0.9210340371976184,0.0005023772863019161,0.8336735810771482,2.0,exponential,94,10292.0,10292.0,1.9013,0,0.0,1.0,1.0
10000,2.0,0.1,0.00046270658019903764,0.9210340371976184,0.0005023772863019161,0.8336735810771482,2.0,exponential,95,10301.0,10301.0,1.5105,0,0.0,1.0,1.0
10000,2.0,0.1,0.00046270658019903764,0.9210340371976184,0.0005023772863019161,0.8336735810771482,2.0,exponential,96,12473.0,12473.0,1.8916999,0,0.0,1.0,1.0
10000,2.0,0.1,0.00046270658019903764,0.9210340371976184,0.0005023772863019161,0.8336735810771482,2.0,exponential,97,7811.0,7811.0,1.5428,0,0.0,1.0,1.0
10000,2.0,0.1,0.00046270658019903764,0.9210340371976184,0.0005023772863019161,0.8336735810771482,2.0,exponential,98,40499.0,40499.0,1.7745999,0,0.0,1.0,1.0
10000,2.0,0.1,0.00046270658019903764,0.9210340371976184,0.0005023772863019161,0.8336735810771482,2.0,exponential,99,37692.0,37692.0,1.6257,0,0.0,1.0,1.0
10000,2.0,0.1,0.00046270658019903764,0.9210340371976184,0.0005023772863019161,0.8336735810771482,2.0,exponential,100,7101.0,7101.0,2.1404998,0,0.0,1.0,1.0
10000,2.0,0.1,0.00046270658019903764,0.9210340371976184,0.0005023772863019161,0.8336735810771482,2.0,exponential,101,47106.0,47106.0,1.7816999,0,0.0,1.0,1.0
10000,2.0,0.1,0.00046270658019903764,0.9210340371976184,0.0005023772863019161,0.8336735810771482,2.0,exponential,102,76669.0,76669.0,1.9117999,0,0.0,1.0,1.0
10000,2.0,0.1,0.00046270658019903764,0.9210340371976184,0.0005023772863019161,0.8336735810771482,2.0,exponential,103,62062.0,62062.0,1.3704,0,0.0,1.0,1.0
10000,2.0,0.1,0.00046270658019903764,0.9210340371976184,0.0005023772863019161,0.8336735810771482,2.0,exponential,104,3235.0,3235.0,1.8636999,0,0.0,1.0,1.0
10000,2.0,0.1,0.00046270658019903764,0.9210340371976184,0.0005023772863019161,0.8336735810771482,2.0,exponential,105,11472.0,11472.0,1.7642,0,0.0,1.0,1.0
10000,2.0,0.1,0.00046270658019903764,0.9210340371976184,0.0005023772863019161,0.8336735810771482,2.0,exponential,106,26298.0,26298.0,1.8024,0,0.0,1.0,1.0
10000,2.0,0.1,0.00046270658019903764,0.9210340371976184,0.0005023772863019161,0.8336735810771482,2.0,exponential,107,70554.0,70554.0,1.7892,0,0.0,1.0,1.0
10000,2.0,0.1,0.00046270658019903764,0.9210340371976184,0.0005023772863019161,0.8336735810771482,2.0,exponential,108,12477.0,12477.0,1.9727,0,0.0,1.0,1.0
10000,2.0,0.1,0.00046270658019903764,0.9210340371976184,0.0005023772863019161,0.8336735810771482,2.0,exponential,109,16846.0,16846.0,1.7622,0,0.0,1.0,1.0
10000,2.0,0.1,0.00046270658019903764,0.9210340371976184,0.0005023772863019161,0.8336735810771482,2.0,exponential,110,104930.0,104930.0,1.5518,0,0.0,1.0,1.0
10000,2.0,0.1,0.00046270658019903764,0.9210340371976184,0.0005023772863019161,0.8336735810771482,2.0,exponential,111,13335.0,13335.0,2.3265,0,0.0,1.0,1.0
10000,2.0,0.1,0.00046270658019903764,0.9210340371976184,0.0005023772863019161,0.8336735810771482,2.0,exponential,112,23212.0,23212.0,1.8211,0,0.0,1.0,1.0
10000,2.0,0.1,0.00046270658019903764,0.9210340371976184,0.0005023772863019161,0.8336735810771482,2.0,exponential,113,8674.0,8674.0,1.7464,0,0.0,1.0,1.0
10000,2.0,0.1,0.00046270658019903764,0.9210340371976184,0.0005023772863019161,0.8336735810771482,2.0,exponential,114,20896.0,20896.0,1.8211,0,0.0,1.0,1.0
10000,2.0,0.1,0.00046270658019903764,0.9210340371976184,0.0005023772863019161,0.8336735810771482,2.0,exponential,115,27767.0,27767.0,1.3893,0,0.0,1.0,1.0
10000,2.0,0.1,0.00046270658019903764,0.9210340371976184,0.0005023772863019161,0.8336735810771482,2.0,exponential,116,71317.0,71317.0,1.4014,0,0.0,1.0,1.0
10000,2.0,0.1,0.00046270658019903764,0.9210340371976184,0.0005023772863019161,0.8336735810771482,2.0,exponential,117,15557.0,15557.0,1.6807,0,0.0,1.0,1.0
10000,2.0,0.1,0.00046270658019903764,0.9210340371976184,0.0005023772863019161,0.8336735810771482,2.0,exponential,118,22736.0,22736.0,1.8005999,0,0.0,1.0,1.0
10000,2.0,0.1,0.00046270658019903764,0.9210340371976184,0.0005023772863019161,0.8336735810771482,2.0,exponential,119,37851.0,37851.0,1.8047999,0,0.0,1.0,1.0
10000,2.0,0.1,0.00046270658019903764,0.9210340371976184,0.0005023772863019161,0.8336735810771482,2.0,exponential,120,25630.0,25630.0,1.9532,0,0.0,1.0,1.0
10000,2.0,0.1,0.00046270658019903764,0.9210340371976184,0.0005023772863019161,0.8336735810771482,2.0,exponential,121,12148.0,12148.0,1.3575,0,0.0,1.0,1.0
10000,2.0,0.1,0.00046270658019903764,0.9210340371976184,0.0005023772863019161,0.8336735810771482,2.0,exponential,122,88496.0,88496.0,1.5004,0,0.0,1.0,1.0
10000,2.0,0.1,0.00046270658019903764,0.9210340371976184,0.0005023772863019161,0.8336735810771482,2.0,exponential,123,70046.0,70046.0,1.5532,0,0.0,1.0,1.0
10000,2.0,0.1,0.00046270658019903764,0.9210340371976184,0.0005023772863019161,0.8336735810771482,2.0,exponential,124,17475.0,17475.0,1.6948999,0,0.0,1.0,1.0
10000,2.0,0.1,0.00046270658019903764,0.9210340371976184,0.0005023772863019161,0.8336735810771482,2.0,exponential,125,40868.0,40868.0,1.3341,0,0.0,1.0,1.0
10000,2.0,0.1,0.00046270658019903764,0.9210340371976184,0.0005023772863019161,0.8336735810771482,2.0,exponential,126,102390.0,102390.0,1.5482999,0,0.0,1.0,1.0
10000,2.0,0.1,0.00046270658019903764,0.9210340371976184,0.0005023772863019161,0.8336735810771482,2.0,exponential,127,22174.0,22174.0,1.6373999,0,0.0,1.0,1.0
10000,2.0,0.1,0.00046270658019903764,0.9210340371976184,0.0005023772863019161,0.8336735810771482,2.0,exponential,128,32680.0,32680.0,1.8716999,0,0.0,1.0,1.0
10000,2.0,0.1,0.00046270658019903764,0.9210340371976184,0.0005023772863019161,0.8336735810771482,2.0,exponential,129,172623.0,172623.0,1.9325,0,0.0,1.0,1.0
10000,2.0,0.1,0.00046270658019903764,0.9210340371976184,0.0005023772863019161,0.8336735810771482,2.0,exponential,130,33315.0,33315.0,1.4301,0,0.0,1.0,1.0
10000,2.0,0.1,0.00046270658019903764,0.9210340371976184,0.0005023772863019161,0.8336735810771482,2.0,exponential,131,64973.0,64973.0,1.8068999,0,0.0,1.0,1.0
10000,2.0,0.1,0.00046270658019903764,0.9210340371976184,0.0005023772863019161,0.8336735810771482,2.0,exponential,132,5551.0,5551.0,1.7551,0,0.0,1.0,1.0
10000,2.0,0.1,0.00046270658019903764,0.9210340371976184,0.0005023772863019161,0.8336735810771482,2.0,exponential,133,95476.0,95476.0,2.0516999,0,0.0,1.0,1.0
10000,2.0,0.1,0.00046270658019903764,0.9210340371976184,0.0005023772863019161,0.8336735810771482,2.0,exponential,134,106068.0,106068.0,1.587,0,0.0,1.0,1.0
10000,2.0,0.1,0.00046270658019903764,0.9210340371976184,0.0005023772863019161,0.8336735810771482,2.0,exponential,135,15219.0,15219.0,1.5998,0,0.0,1.0,1.0
10000,2.0,0.1,0.00046270658019903764,0.9210340371976184,0.0005023772863019161,0.8336735810771482,2.0,exponential,136,57499.0,57499.0,2.2235,0,0.0,1.0,1.0
10000,2.0,0.1,0.00046270658019903764,0.9210340371976184,0.0005023772863019161,0.8336735810771482,2.0,exponential,137,36606.0,36606.0,1.2874,0,0.0,1.0,1.0
10000,2.0,0.1,0.00046270658019903764,0.9210340371976184,0.0005023772863019161,0.8336735810771482,2.0,exponential,138,7408.0,7408.0,1.8817999,0,0.0,1.0,1.0
10000,2.0,0.1,0.00046270658019903764,0.9210340371976184,0.0005023772863019161,0.8336735810771482,2.0,exponential,139,4758.0,4758.0,1.5735999,0,0.0,1.0,1.0
10000,2.0,0.1,0.00046270658019903764,0.9210340371976184,0.0005023772863019161,0.8336735810771482,2.0,exponential,140,11838.0,11838.0,1.8889999,0,0.0,1.0,1.0
10000,2.0,0.1,0.00046270658019903764,0.9210340371976184,0.0005023772863019161,0.8336735810771482,2.0,exponential,141,20691.0,20691.0,1.5882,0,0.0,1.0,1.0
10000,2.0,0.1,0.00046270658019903764,0.9210340371976184,0.0005023772863019161,0.8336735810771482,2.0,exponential,142,22361.0,22361.0,1.7019,0,0.0,1.0,1.0
10000,2.0,0.1,0.00046270658019903764,0.9210340371976184,0.0005023772863019161,0.8336735810771482,2.0,exponential,143,4172.0,4172.0,1.481,0,0.0,1.0,1.0
10000,2.0,0.1,0.00046270658019903764,0.9210340371976184,0.0005023772863019161,0.8336735810771482,2.0,exponential,144,26339.0,26339.0,1.5697,0,0.0,1.0,1.0
10000,2.0,0.1,0.00046270658019903764,0.9210340371976184,0.0005023772863019161,0.8336735810771482,2.0,exponential,145,29927.0,29927.0,1.8235999,0,0.0,1.0,1.0
10000,2.0,0.1,0.00046270658019903764,0.9210340371976184,0.0005023772863019161,0.8336735810771482,2.0,exponential,146,7932.0,7932.0,1.7562,0,0.0,1.0,1.0
10000,2.0,0.1,0.00046270658019903764,0.9210340371976184,0.0005023772863019161,0.8336735810771482,2.0,exponential,147,18520.0,18520.0,1.5165,0,0.0,1.0,1.0
10000,2.0,0.1,0.00046270658019903764,0.9210340371976184,0.0005023772863019161,0.8336735810771482,2.0,exponential,148,90533.0,90533.0,1.8031,0,0.0,1.0,1.0
10000,2.0,0.1,0.00046270658019903764,0.9210340371976184,0.0005023772863019161,0.8336735810771482,2.0,exponential,149,21006.0,21006.0,2.3641,0,0.0,1.0,1.0
10000,2.0,0.1,0.00046270658019903764,0.9210340371976184,0.0005023772863019161,0.8336735810771482,2.0,exponential,150,79719.0,79719.0,1.7256,0,0.0,1.0,1.0
10000,2.0,0.1,0.00046270658019903764,0.9210340371976184,0.0005023772863019161,0.8336735810771482,2.0,exponential,151,51323.0,51323.0,1.7592,0,0.0,1.0,1.0
10000,2.0,0.1,0.00046270658019903764,0.9210340371976184,0.0005023772863019161,0.8336735810771482,2.0,exponential,152,33142.0,33142.0,1.6235,0,0.0,1.0,1.0
10000,2.0,0.1,0.00046270658019903764,0.9210340371976184,0.0005023772863019161,0.8336735810771482,2.0,exponential,153,137395.0,137395.0,1.6087999,0,0.0,1.0,1.0
10000,2.0,0.1,0.00046270658019903764,0.9210340371976184,0.0005023772863019161,0.8336735810771482,2.0,exponential,154,28777.0,28777.0,2.1399999,0,0.0,1.0,1.0
10000,2.0,0.1,0.00046270658019903764,0.9210340371976184,0.0005023772863019161,0.8336735810771482,2.0,exponential,155,62964.0,62964.0,2.0212,0,0.0,1.0,1.0
10000,2.0,0.1,0.00046270658019903764,0.9210340371976184,0.0005023772863019161,0.8336735810771482,2.0,exponential,156,7261.0,7261.0,1.5905,0,0.0,1.0,1.0
10000,2.0,0.1,0.00046270658019903764,0.9210340371976184,0.0005023772863019161,0.8336735810771482,2.0,exponential,157,125947.0,125947.0,2.096,0,0.0,1.0,1.0
10000,2.0,0.1,0.00046270658019903764,0.9210340371976184,0.0005023772863019161,0.8336735810771482,2.0,exponential,158,73264.0,73264.0,1.7882999,0,0.0,1.0,1.0
10000,2.0,0.1,0.00046270658019903764,0.9210340371976184,0.0005023772863019161,0.8336735810771482,2.0,exponential,159,47076.0,47076.0,1.8311,0,0.0,1.0,1.0
10000,2.0,0.1,0.00046270658019903764,0.9210340371976184,0.0005023772863019161,0.8336735810771482,2.0,exponential,160,8670.0,8670.0,1.6092,0,0.0,1.0,1.0
10000,2.0,0.1,0.00046270658019903764,0.9210340371976184,0.0005023772863019161,0.8336735810771482,2.0,exponential,161,12390.0,12390.0,1.7718999,0,0.0,1.0,1.0
10000,2.0,0.1,0.00046270658019903764,0.9210340371976184,0.0005023772863019161,0.8336735810771482,2.0,exponential,162,60304.0,60304.0,1.7988,0,0.0,1.0,1.0
10000,2.0,0.1,0.00046270658019903764,0.9210340371976184,0.0005023772863019161,0.8336735810771482,2.0,exponential,163,29525.0,29525.0,1.7608,0,0.0,1.0,1.0
10000,2.0,0.1,0.00046270658019903764,0.9210340371976184,0.0005023772863019161,0.8336735810771482,2.0,exponential,164,46698.0,46698.0,1.6207,0,0.0,1.0,1.0
10000,2.0,0.1,0.00046270658019903764,0.9210340371976184,0.0005023772863019161,0.8336735810771482,2.0,exponential,165,41856.0,41856.0,2.0911,0,0.0,1.0,1.0
10000,2.0,0.1,0.00046270658019903764,0.9210340371976184,0.0005023772863019161,0.8336735810771482,2.0,exponential,166,209892.0,209892.0,1.8929,0,0.0,1.0,1.0
10000,2.0,0.1,0.00046270658019903764,0.9210340371976184,0.0005023772863019161,0.8336735810771482,2.0,exponential,167,84723.0,84723.0,1.78,0,0.0,1.0,1.0
10000,2.0,0.1,0.00046270658019903764,0.9210340371976184,0.0005023772863019161,0.8336735810771482,2.0,exponential,168,10871.0,10871.0,1.6883,0,0.0,1.0,1.0
10000,2.0,0.1,0.00046270658019903764,0.9210340371976184,0.0005023772863019161,0.8336735810771482,2.0,exponential,169,98529.0,98529.0,1.966,0,0.0,1.0,1.0
10000,2.0,0.1,0.00046270658019903764,0.9210340371976184,0.0005023772863019161,0.8336735810771482,2.0,exponential,170,12670.0,12670.0,1.3002,0,0.0,1.0,1.0
10000,2.0,0.1,0.00046270658019903764,0.9210340371976184,0.0005023772863019161,0.8336735810771482,2.0,exponential,171,19537.0,19537.0,1.7709,0,0.0,1.0,1.0
10000,2.0,0.1,0.00046270658019903764,0.9210340371976184,0.0005023772863019161,0.8336735810771482,2.0,exponential,172,96719.0,96719.0,1.8133,0,0.0,1.0,1.0
10000,2.0,0.1,0.00046270658019903764,0.9210340371976184,0.0005023772863019161,0.8336735810771482,2.0,exponential,173,15311.0,15311.0,1.6269,0,0.0,1.0,1.0
10000,2.0,0.1,0.00046270658019903764,0.9210340371976184,0.0005023772863019161,0.8336735810771482,2.0,exponential,174,25788.0,25788.0,1.2533,0,0.0,1.0,1.0
10000,2.0,0.1,0.00046270658019903764,0.9210340371976184,0.0005023772863019161,0.8336735810771482,2.0,exponential,175,57458.0,57458.0,1.8324,0,0.0,1.0,1.0
10000,2.0,0.1,0.00046270658019903764,0.9210340371976184,0.0005023772863019161,0.8336735810771482,2.0,exponential,176,30864.0,30864.0,1.7684,0,0.0,1.0,1.0
10000,2.0,0.1,0.00046270658019903764,0.9210340371976184,0.0005023772863019161,0.8336735810771482,2.0,exponential,177,16512.0,16512.0,1.7347,0,0.0,1.0,1.0
10000,2.0,0.1,0.00046270658019903764,0.9210340371976184,0.0005023772863019161,0.8336735810771482,2.0,exponential,178,14124.0,14124.0,1.6776999,0,0.0,1.0,1.0
10000,2.0,0.1,0.00046270658019903764,0.9210340371976184,0.0005023772863019161,0.8336735810771482,2.0,exponential,179,102888.0,102888.0,1.6994,0,0.0,1.0,1.0
10000,2.0,0.1,0.00046270658019903764,0.9210340371976184,0.0005023772863019161,0.8336735810771482,2.0,exponential,180,56166.0,56166.0,1.5144999,0,0.0,1.0,1.0
10000,2.0,0.1,0.00046270658019903764,0.9210340371976184,0.0005023772863019161,0.8336735810771482,2.0,exponential,181,13332.0,13332.0,1.8256999,0,0.0,1.0,1.0
10000,2.0,0.1,0.00046270658019903764,0.9210340371976184,0.0005023772863019161,0.8336735810771482,2.0,exponential,182,7446.0,7446.0,2.1871,0,0.0,1.0,1.0
10000,2.0,0.1,0.00046270658019903764,0.9210340371976184,0.0005023772863019161,0.8336735810771482,2.0,exponential,183,41746.0,41746.0,1.4817,0,0.0,1.0,1.0
10000,2.0,0.1,0.00046270658019903764,0.9210340371976184,0.0005023772863019161,0.8336735810771482,2.0,exponential,184,19046.0,19046.0,1.6427,0,0.0,1.0,1.0
10000,2.0,0.1,0.00046270658019903764,0.9210340371976184,0.0005023772863019161,0.8336735810771482,2.0,exponential,185,16967.0,16967.0,2.0851998,0,0.0,1.0,1.0
10000,2.0,0.1,0.00046270658019903764,0.9210340371976184,0.0005023772863019161,0.8336735810771482,2.0,exponential,186,4255.0,4255.0,1.54,0,0.0,1.0,1.0
10000,2.0,0.1,0.00046270658019903764,0.9210340371976184,0.0005023772863019161,0.8336735810771482,2.0,exponential,187,10061.0,10061.0,1.6552999,0,0.0,1.0,1.0
10000,2.0,0.1,0.00046270658019903764,0.9210340371976184,0.0005023772863019161,0.8336735810771482,2.0,exponential,188,4640.0,4640.0,1.6586,0,0.0,1.0,1.0
10000,2.0,0.1,0.00046270658019903764,0.9210340371976184,0.0005023772863019161,0.8336735810771482,2.0,exponential,189,7918.0,7918.0,2.1464999,0,0.0,1.0,1.0
10000,2.0,0.1,0.00046270658019903764,0.9210340371976184,0.0005023772863019161,0.8336735810771482,2.0,exponential,190,39584.0,39584.0,2.2969,0,0.0,1.0,1.0
10000,2.0,0.1,0.00046270658019903764,0.9210340371976184,0.0005023772863019161,0.8336735810771482,2.0,exponential,191,43213.0,43213.0,1.791,0,0.0,1.0,1.0
10000,2.0,0.1,0.00046270658019903764,0.9210340371976184,0.0005023772863019161,0.8336735810771482,2.0,exponential,192,40479.0,40479.0,1.5511999,0,0.0,1.0,1.0
10000,2.0,0.1,0.00046270658019903764,0.9210340371976184,0.0005023772863019161,0.8336735810771482,2.0,exponential,193,6861.0,6861.0,1.6502999,0,0.0,1.0,1.0
10000,2.0,0.1,0.00046270658019903764,0.9210340371976184,0.0005023772863019161,0.8336735810771482,2.0,exponential,194,38999.0,38999.0,1.8319,0,0.0,1.0,1.0
10000,2.0,0.1,0.00046270658019903764,0.9210340371976184,0.0005023772863019161,0.8336735810771482,2.0,exponential,195,46627.0,46627.0,1.3672999,0,0.0,1.0,1.0
10000,2.0,0.1,0.00046270658019903764,0.9210340371976184,0.0005023772863019161,0.8336735810771482,2.0,exponential,196,15537.0,15537.0,1.7298,0,0.0,1.0,1.0
10000,2.0,0.1,0.00046270658019903764,0.9210340371976184,0.0005023772863019161,0.8336735810771482,2.0,exponential,197,46906.0,46906.0,1.3733,0,0.0,1.0,1.0
10000,2.0,0.1,0.00046270658019903764,0.9210340371976184,0.0005023772863019161,0.8336735810771482,2.0,exponential,198,17196.0,17196.0,1.6231999,0,0.0,1.0,1.0
10000,2.0,0.1,0.00046270658019903764,0.9210340371976184,0.0005023772863019161,0.8336735810771482,2.0,exponential,199,42854.0,42854.0,1.897,0,0.0,1.0,1.0
10000,2.0,0.1,0.00046270658019903764,0.9210340371976184,0.0005023772863019161,0.8336735810771482,2.0,exponential,200,51320.0,51320.0,1.6100999,0,0.0,1.0,1.0
10000,2.0,0.1,0.00046270658019903764,0.9210340371976184,0.0005023772863019161,0.8336735810771482,2.0,exponential,201,11683.0,11683.0,1.4316,0,0.0,1.0,1.0
10000,2.0,0.1,0.00046270658019903764,0.9210340371976184,0.0005023772863019161,0.8336735810771482,2.0,exponential,202,30168.0,30168.0,2.4989998,0,0.0,1.0,1.0
10000,2.0,0.1,0.00046270658019903764,0.9210340371976184,0.0005023772863019161,0.8336735810771482,2.0,exponential,203,13825.0,13825.0,1.6638999,0,0.0,1.0,1.0
10000,2.0,0.1,0.00046270658019903764,0.9210340371976184,0.0005023772863019161,0.8336735810771482,2.0,exponential,204,50048.0,50048.0,1.9548999,0,0.0,1.0,1.0
10000,2.0,0.1,0.00046270658019903764,0.9210340371976184,0.0005023772863019161,0.8336735810771482,2.0,exponential,205,15520.0,15520.0,1.9307,0,0.0,1.0,1.0
10000,2.0,0.1,0.00046270658019903764,0.9210340371976184,0.0005023772863019161,0.8336735810771482,2.0,exponential,206,12990.0,12990.0,2.0577,0,0.0,1.0,1.0
10000,2.0,0.1,0.00046270658019903764,0.9210340371976184,0.0005023772863019161,0.8336735810771482,2.0,exponential,207,21370.0,21370.0,1.4728999,0,0.0,1.0,1.0
10000,2.0,0.1,0.00046270658019903764,0.9210340371976184,0.0005023772863019161,0.8336735810771482,2.0,exponential,208,13708.0,13708.0,1.4121,0,0.0,1.0,1.0
10000,2.0,0.1,0.00046270658019903764,0.9210340371976184,0.0005023772863019161,0.8336735810771482,2.0,exponential,209,9382.0,9382.0,1.2766,0,0.0,1.0,1.0
10000,2.0,0.1,0.00046270658019903764,0.9210340371976184,0.0005023772863019161,0.8336735810771482,2.0,exponential,210,5509.0,5509.0,1.8524,0,0.0,1.0,1.0
10000,2.0,0.1,0.00046270658019903764,0.9210340371976184,0.0005023772863019161,0.8336735810771482,2.0,exponential,211,43272.0,43272.0,1.4851999,0,0.0,1.0,1.0
10000,2.0,0.1,0.00046270658019903764,0.9210340371976184,0.0005023772863019161,0.8336735810771482,2.0,exponential,212,12623.0,12623.0,2.0042,0,0.0,1.0,1.0
10000,2.0,0.1,0.00046270658019903764,0.9210340371976184,0.0005023772863019161,0.8336735810771482,2.0,exponential,213,43649.0,43649.0,1.5315,0,0.0,1.0,1.0
10000,2.0,0.1,0.00046270658019903764,0.9210340371976184,0.0005023772863019161,0.8336735810771482,2.0,exponential,214,15965.0,15965.0,1.6035999,0,0.0,1.0,1.0
10000,2.0,0.1,0.00046270658019903764,0.9210340371976184,0.0005023772863019161,0.8336735810771482,2.0,exponential,215,34998.0,34998.0,1.5272,0,0.0,1.0,1.0
10000,2.0,0.1,0.00046270658019903764,0.9210340371976184,0.0005023772863019161,0.8336735810771482,2.0,exponential,216,33892.0,33892.0,1.5792999,0,0.0,1.0,1.0
10000,2.0,0.1,0.00046270658019903764,0.9210340371976184,0.0005023772863019161,0.8336735810771482,2.0,exponential,217,23965.0,23965.0,1.5640999,0,0.0,1.0,1.0
10000,2.0,0.1,0.00046270658019903764,0.9210340371976184,0.0005023772863019161,0.8336735810771482,2.0,exponential,218,190012.0,190012.0,2.8216999,0,0.0,1.0,1.0
10000,2.0,0.1,0.00046270658019903764,0.9210340371976184,0.0005023772863019161,0.8336735810771482,2.0,exponential,219,13579.0,13579.0,1.8396,0,0.0,1.0,1.0
10000,2.0,0.1,0.00046270658019903764,0.9210340371976184,0.0005023772863019161,0.8336735810771482,2.0,exponential,220,48983.0,48983.0,1.3613,0,0.0,1.0,1.0
10000,2.0,0.1,0.00046270658019903764,0.9210340371976184,0.0005023772863019161,0.8336735810771482,2.0,exponential,221,32165.0,32165.0,1.8734,0,0.0,1.0,1.0
10000,2.0,0.1,0.00046270658019903764,0.9210340371976184,0.0005023772863019161,0.8336735810771482,2.0,exponential,222,18012.0,18012.0,1.4398999,0,0.0,1.0,1.0
10000,2.0,0.1,0.00046270658019903764,0.9210340371976184,0.0005023772863019161,0.8336735810771482,2.0,exponential,223,39486.0,39486.0,1.6452,0,0.0,1.0,1.0
10000,2.0,0.1,0.00046270658019903764,0.9210340371976184,0.0005023772863019161,0.8336735810771482,2.0,exponential,224,73996.0,73996.0,2.3801,0,0.0,1.0,1.0
10000,2.0,0.1,0.00046270658019903764,0.9210340371976184,0.0005023772863019161,0.8336735810771482,2.0,exponential,225,37000.0,37000.0,1.4044,0,0.0,1.0,1.0
10000,2.0,0.1,0.00046270658019903764,0.9210340371976184,0.0005023772863019161,0.8336735810771482,2.0,exponential,226,22103.0,22103.0,1.5847,0,0.0,1.0,1.0
10000,2.0,0.1,0.00046270658019903764,0.9210340371976184,0.0005023772863019161,0.8336735810771482,2.0,exponential,227,46476.0,46476.0,1.6876999,0,0.0,1.0,1.0
10000,2.0,0.1,0.00046270658019903764,0.9210340371976184,0.0005023772863019161,0.8336735810771482,2.0,exponential,228,65191.0,65191.0,1.8136,0,0.0,1.0,1.0
10000,2.0,0.1,0.00046270658019903764,0.9210340371976184,0.0005023772863019161,0.8336735810771482,2.0,exponential,229,30789.0,30789.0,1.3234999,0,0.0,1.0,1.0
10000,2.0,0.1,0.00046270658019903764,0.9210340371976184,0.0005023772863019161,0.8336735810771482,2.0,exponential,230,79035.0,79035.0,1.8994,0,0.0,1.0,1.0
10000,2.0,0.1,0.00046270658019903764,0.9210340371976184,0.0005023772863019161,0.8336735810771482,2.0,exponential,231,49413.0,49413.0,1.5188,0,0.0,1.0,1.0
10000,2.0,0.1,0.00046270658019903764,0.9210340371976184,0.0005023772863019161,0.8336735810771482,2.0,exponential,232,4606.0,4606.0,1.5659,0,0.0,1.0,1.0
10000,2.0,0.1,0.00046270658019903764,0.9210340371976184,0.0005023772863019161,0.8336735810771482,2.0,exponential,233,57966.0,57966.0,1.4405999,0,0.0,1.0,1.0
10000,2.0,0.1,0.00046270658019903764,0.9210340371976184,0.0005023772863019161,0.8336735810771482,2.0,exponential,234,34566.0,34566.0,1.6466,0,0.0,1.0,1.0
10000,2.0,0.1,0.00046270658019903764,0.9210340371976184,0.0005023772863019161,0.8336735810771482,2.0,exponential,235,6546.0,6546.0,1.6708,0,0.0,1.0,1.0
10000,2.0,0.1,0.00046270658019903764,0.9210340371976184,0.0005023772863019161,0.8336735810771482,2.0,exponential,236,40864.0,40864.0,2.0809999,0,0.0,1.0,1.0
10000,2.0,0.1,0.00046270658019903764,0.9210340371976184,0.0005023772863019161,0.8336735810771482,2.0,exponential,237,6106.0,6106.0,1.8014,0,0.0,1.0,1.0
10000,2.0,0.1,0.00046270658019903764,0.9210340371976184,0.0005023772863019161,0.8336735810771482,2.0,exponential,238,138117.0,138117.0,1.8592999,0,0.0,1.0,1.0
10000,2.0,0.1,0.00046270658019903764,0.9210340371976184,0.0005023772863019161,0.8336735810771482,2.0,exponential,239,24329.0,24329.0,1.7414,0,0.0,1.0,1.0
10000,2.0,0.1,0.00046270658019903764,0.9210340371976184,0.0005023772863019161,0.8336735810771482,2.0,exponential,240,13774.0,13774.0,1.4882,0,0.0,1.0,1.0
10000,2.0,0.1,0.00046270658019903764,0.9210340371976184,0.0005023772863019161,0.8336735810771482,2.0,exponential,241,41656.0,41656.0,2.0181,0,0.0,1.0,1.0
10000,2.0,0.1,0.00046270658019903764,0.9210340371976184,0.0005023772863019161,0.8336735810771482,2.0,exponential,242,2977.0,2977.0,1.4302,0,0.0,1.0,1.0
10000,2.0,0.1,0.00046270658019903764,0.9210340371976184,0.0005023772863019161,0.8336735810771482,2.0,exponential,243,89974.0,89974.0,1.4693999,0,0.0,1.0,1.0
10000,2.0,0.1,0.00046270658019903764,0.9210340371976184,0.0005023772863019161,0.8336735810771482,2.0,exponential,244,14820.0,14820.0,1.7413,0,0.0,1.0,1.0
10000,2.0,0.1,0.00046270658019903764,0.9210340371976184,0.0005023772863019161,0.8336735810771482,2.0,exponential,245,74086.0,74086.0,1.4898,0,0.0,1.0,1.0
10000,2.0,0.1,0.00046270658019903764,0.9210340371976184,0.0005023772863019161,0.8336735810771482,2.0,exponential,246,39336.0,39336.0,1.3843,0,0.0,1.0,1.0
10000,2.0,0.1,0.00046270658019903764,0.9210340371976184,0.0005023772863019161,0.8336735810771482,2.0,exponential,247,23778.0,23778.0,1.5782,0,0.0,1.0,1.0
10000,2.0,0.1,0.00046270658019903764,0.9210340371976184,0.0005023772863019161,0.8336735810771482,2.0,exponential,248,39313.0,39313.0,1.8018,0,0.0,1.0,1.0
10000,2.0,0.1,0.00046270658019903764,0.9210340371976184,0.0005023772863019161,0.8336735810771482,2.0,exponential,249,66171.0,66171.0,2.0087,0,0.0,1.0,1.0
10000,2.0,0.1,0.00046270658019903764,0.9210340371976184,0.0005023772863019161,0.8336735810771482,2.0,exponential,250,12373.0,12373.0,1.9440999,0,0.0,1.0,1.0
10000,2.0,0.1,0.00046270658019903764,0.9210340371976184,0.0005023772863019161,0.8336735810771482,2.0,exponential,251,90197.0,90197.0,2.1334999,0,0.0,1.0,1.0
10000,2.0,0.1,0.00046270658019903764,0.9210340371976184,0.0005023772863019161,0.8336735810771482,2.0,exponential,252,121916.0,121916.0,1.7547,0,0.0,1.0,1.0
10000,2.0,0.1,0.00046270658019903764,0.9210340371976184,0.0005023772863019161,0.8336735810771482,2.0,exponential,253,46013.0,46013.0,1.4405,0,0.0,1.0,1.0
10000,2.0,0.1,0.00046270658019903764,0.9210340371976184,0.0005023772863019161,0.8336735810771482,2.0,exponential,254,12472.0,12472.0,1.7469,0,0.0,1.0,1.0
10000,2.0,0.1,0.00046270658019903764,0.9210340371976184,0.0005023772863019161,0.8336735810771482,2.0,exponential,255,41865.0,41865.0,1.7297,0,0.0,1.0,1.0
10000,2.0,0.1,0.00046270658019903764,0.9210340371976184,0.0005023772863019161,0.8336735810771482,2.0,exponential,256,40635.0,40635.0,1.3862,0,0.0,1.0,1.0
10000,2.0,0.1,0.00046270658019903764,0.9210340371976184,0.0005023772863019161,0.8336735810771482,2.0,exponential,257,44676.0,44676.0,2.1835,0,0.0,1.0,1.0
10000,2.0,0.1,0.00046270658019903764,0.9210340371976184,0.0005023772863019161,0.8336735810771482,2.0,exponential,258,22396.0,22396.0,2.4285998,0,0.0,1.0,1.0
10000,2.0,0.1,0.00046270658019903764,0.9210340371976184,0.0005023772863019161,0.8336735810771482,2.0,exponential,259,55776.0,55776.0,1.7041999,0,0.0,1.0,1.0
10000,2.0,0.1,0.00046270658019903764,0.9210340371976184,0.0005023772863019161,0.8336735810771482,2.0,exponential,260,19396.0,19396.0,1.7314,0,0.0,1.0,1.0
10000,2.0,0.1,0.00046270658019903764,0.9210340371976184,0.0005023772863019161,0.8336735810771482,2.0,exponential,261,15068.0,15068.0,2.6543999,0,0.0,1.0,1.0
10000,2.0,0.1,0.00046270658019903764,0.9210340371976184,0.0005023772863019161,0.8336735810771482,2.0,exponential,262,33930.0,33930.0,1.9614999,0,0.0,1.0,1.0
10000,2.0,0.1,0.00046270658019903764,0.9210340371976184,0.0005023772863019161,0.8336735810771482,2.0,exponential,263,19643.0,19643.0,1.8539,0,0.0,1.0,1.0
10000,2.0,0.1,0.00046270658019903764,0.9210340371976184,0.0005023772863019161,0.8336735810771482,2.0,exponential,264,51245.0,51245.0,2.0598,0,0.0,1.0,1.0
10000,2.0,0.1,0.00046270658019903764,0.9210340371976184,0.0005023772863019161,0.8336735810771482,2.0,exponential,265,15604.0,15604.0,1.6391,0,0.0,1.0,1.0
10000,2.0,0.1,0.00046270658019903764,0.9210340371976184,0.0005023772863019161,0.8336735810771482,2.0,exponential,266,20999.0,20999.0,1.9426999,0,0.0,1.0,1.0
10000,2.0,0.1,0.00046270658019903764,0.9210340371976184,0.0005023772863019161,0.8336735810771482,2.0,exponential,267,4084.0,4084.0,1.7479,0,0.0,1.0,1.0
10000,2.0,0.1,0.00046270658019903764,0.9210340371976184,0.0005023772863019161,0.8336735810771482,2.0,exponential,268,13188.0,13188.0,1.7064999,0,0.0,1.0,1.0
10000,2.0,0.1,0.00046270658019903764,0.9210340371976184,0.0005023772863019161,0.8336735810771482,2.0,exponential,269,17526.0,17526.0,2.1183,0,0.0,1.0,1.0
10000,2.0,0.1,0.00046270658019903764,0.9210340371976184,0.0005023772863019161,0.8336735810771482,2.0,exponential,270,15732.0,15732.0,1.7892,0,0.0,1.0,1.0
10000,2.0,0.1,0.00046270658019903764,0.9210340371976184,0.0005023772863019161,0.8336735810771482,2.0,exponential,271,4828.0,4828.0,1.4506999,0,0.0,1.0,1.0
10000,2.0,0.1,0.00046270658019903764,0.9210340371976184,0.0005023772863019161,0.8336735810771482,2.0,exponential,272,32046.0,32046.0,2.2439,0,0.0,1.0,1.0
10000,2.0,0.1,0.00046270658019903764,0.9210340371976184,0.0005023772863019161,0.8336735810771482,2.0,exponential,273,8302.0,8302.0,1.6213,0,0.0,1.0,1.0
10000,2.0,0.1,0.00046270658019903764,0.9210340371976184,0.0005023772863019161,0.8336735810771482,2.0,exponential,274,102898.0,102898.0,1.4503,0,0.0,1.0,1.0
10000,2.0,0.1,0.00046270658019903764,0.9210340371976184,0.0005023772863019161,0.8336735810771482,2.0,exponential,275,60274.0,60274.0,1.7128999,0,0.0,1.0,1.0
10000,2.0,0.1,0.00046270658019903764,0.9210340371976184,0.0005023772863019161,0.8336735810771482,2.0,exponential,276,22042.0,22042.0,1.6689999,0,0.0,1.0,1.0
10000,2.0,0.1,0.00046270658019903764,0.9210340371976184,0.0005023772863019161,0.8336735810771482,2.0,exponential,277,95033.0,95033.0,1.8026999,0,0.0,1.0,1.0
10000,2.0,0.1,0.00046270658019903764,0.9210340371976184,0.0005023772863019161,0.8336735810771482,2.0,exponential,278,86711.0,86711.0,2.25,0,0.0,1.0,1.0
10000,2.0,0.1,0.00046270658019903764,0.9210340371976184,0.0005023772863019161,0.8336735810771482,2.0,exponential,279,9908.0,9908.0,1.4955,0,0.0,1.0,1.0
10000,2.0,0.1,0.00046270658019903764,0.9210340371976184,0.0005023772863019161,0.8336735810771482,2.0,exponential,280,20329.0,20329.0,1.392,0,0.0,1.0,1.0
10000,2.0,0.1,0.00046270658019903764,0.9210340371976184,0.0005023772863019161,0.8336735810771482,2.0,exponential,281,28954.0,28954.0,1.4017999,0,0.0,1.0,1.0
10000,2.0,0.1,0.00046270658019903764,0.9210340371976184,0.0005023772863019161,0.8336735810771482,2.0,exponential,282,27001.0,27001.0,2.2869,0,0.0,1.0,1.0
10000,2.0,0.1,0.00046270658019903764,0.9210340371976184,0.0005023772863019161,0.8336735810771482,2.0,exponential,283,13773.0,13773.0,1.6165999,0,0.0,1.0,1.0
10000,2.0,0.1,0.00046270658019903764,0.9210340371976184,0.0005023772863019161,0.8336735810771482,2.0,exponential,284,21360.0,21360.0,2.1698,0,0.0,1.0,1.0
10000,2.0,0.1,0.00046270658019903764,0.9210340371976184,0.0005023772863019161,0.8336735810771482,2.0,exponential,285,43757.0,43757.0,1.7227999,0,0.0,1.0,1.0
10000,2.0,0.1,0.00046270658019903764,0.9210340371976184,0.0005023772863019161,0.8336735810771482,2.0,exponential,286,16807.0,16807.0,1.9179,0,0.0,1.0,1.0
10000,2.0,0.1,0.00046270658019903764,0.9210340371976184,0.0005023772863019161,0.8336735810771482,2.0,exponential,287,14233.0,14233.0,1.4983,0,0.0,1.0,1.0
10000,2.0,0.1,0.00046270658019903764,0.9210340371976184,0.0005023772863019161,0.8336735810771482,2.0,exponential,288,6617.0,6617.0,1.6643,0,0.0,1.0,1.0
10000,2.0,0.1,0.00046270658019903764,0.9210340371976184,0.0005023772863019161,0.8336735810771482,2.0,exponential,289,82288.0,82288.0,1.938,0,0.0,1.0,1.0
10000,2.0,0.1,0.00046270658019903764,0.9210340371976184,0.0005023772863019161,0.8336735810771482,2.0,exponential,290,71074.0,71074.0,1.5502,0,0.0,1.0,1.0
10000,2.0,0.1,0.00046270658019903764,0.9210340371976184,0.0005023772863019161,0.8336735810771482,2.0,exponential,291,15176.0,15176.0,1.4841,0,0.0,1.0,1.0
10000,2.0,0.1,0.00046270658019903764,0.9210340371976184,0.0005023772863019161,0.8336735810771482,2.0,exponential,292,14318.0,14318.0,1.3012999,0,0.0,1.0,1.0
10000,2.0,0.1,0.00046270658019903764,0.9210340371976184,0.0005023772863019161,0.8336735810771482,2.0,exponential,293,37967.0,37967.0,1.5591999,0,0.0,1.0,1.0
10000,2.0,0.1,0.00046270658019903764,0.9210340371976184,0.0005023772863019161,0.8336735810771482,2.0,exponential,294,2168.0,2168.0,1.632,0,0.0,1.0,1.0
10000,2.0,0.1,0.00046270658019903764,0.9210340371976184,0.0005023772863019161,0.8336735810771482,2.0,exponential,295,58867.0,58867.0,1.7256,0,0.0,1.0,1.0
10000,2.0,0.1,0.00046270658019903764,0.9210340371976184,0.0005023772863019161,0.8336735810771482,2.0,exponential,296,66486.0,66486.0,1.5598999,0,0.0,1.0,1.0
10000,2.0,0.1,0.00046270658019903764,0.9210340371976184,0.0005023772863019161,0.8336735810771482,2.0,exponential,297,54578.0,54578.0,1.7986,0,0.0,1.0,1.0
10000,2.0,0.1,0.00046270658019903764,0.9210340371976184,0.0005023772863019161,0.8336735810771482,2.0,exponential,298,8508.0,8508.0,1.8663,0,0.0,1.0,1.0
10000,2.0,0.1,0.00046270658019903764,0.9210340371976184,0.0005023772863019161,0.8336735810771482,2.0,exponential,299,96329.0,96329.0,1.923,0,0.0,1.0,1.0
10000,2.0,0.1,0.00046270658019903764,0.9210340371976184,0.0005023772863019161,0.8336735810771482,2.0,exponential,300,18690.0,18690.0,1.5159,0,0.0,1.0,1.0
10000,2.0,0.1,0.00046270658019903764,0.9210340371976184,0.0005023772863019161,0.8336735810771482,2.0,exponential,301,2531.0,2531.0,1.645,0,0.0,1.0,1.0
10000,2.0,0.1,0.00046270658019903764,0.9210340371976184,0.0005023772863019161,0.8336735810771482,2.0,exponential,302,21713.0,21713.0,1.5335,0,0.0,1.0,1.0
10000,2.0,0.1,0.00046270658019903764,0.9210340371976184,0.0005023772863019161,0.8336735810771482,2.0,exponential,303,9060.0,9060.0,2.304,0,0.0,1.0,1.0
10000,2.0,0.1,0.00046270658019903764,0.9210340371976184,0.0005023772863019161,0.8336735810771482,2.0,exponential,304,16832.0,16832.0,2.1741,0,0.0,1.0,1.0
10000,2.0,0.1,0.00046270658019903764,0.9210340371976184,0.0005023772863019161,0.8336735810771482,2.0,exponential,305,8009.0,8009.0,2.1569,0,0.0,1.0,1.0
10000,2.0,0.1,0.00046270658019903764,0.9210340371976184,0.0005023772863019161,0.8336735810771482,2.0,exponential,306,8004.0,8004.0,1.6063,0,0.0,1.0,1.0
10000,2.0,0.1,0.00046270658019903764,0.9210340371976184,0.0005023772863019161,0.8336735810771482,2.0,exponential,307,24159.0,24159.0,1.6105,0,0.0,1.0,1.0
10000,2.0,0.1,0.00046270658019903764,0.9210340371976184,0.0005023772863019161,0.8336735810771482,2.0,exponential,308,62324.0,62324.0,1.7362,0,0.0,1.0,1.0
10000,2.0,0.1,0.00046270658019903764,0.9210340371976184,0.0005023772863019161,0.8336735810771482,2.0,exponential,309,42248.0,42248.0,1.6236,0,0.0,1.0,1.0
10000,2.0,0.1,0.00046270658019903764,0.9210340371976184,0.0005023772863019161,0.8336735810771482,2.0,exponential,310,77623.0,77623.0,1.9681,0,0.0,1.0,1.0
10000,2.0,0.1,0.00046270658019903764,0.9210340371976184,0.0005023772863019161,0.8336735810771482,2.0,exponential,311,41794.0,41794.0,1.7009,0,0.0,1.0,1.0
10000,2.0,0.1,0.00046270658019903764,0.9210340371976184,0.0005023772863019161,0.8336735810771482,2.0,exponential,312,40038.0,40038.0,1.486,0,0.0,1.0,1.0
10000,2.0,0.1,0.00046270658019903764,0.9210340371976184,0.0005023772863019161,0.8336735810771482,2.0,exponential,313,59319.0,59319.0,1.3908,0,0.0,1.0,1.0
10000,2.0,0.1,0.00046270658019903764,0.9210340371976184,0.0005023772863019161,0.8336735810771482,2.0,exponential,314,14976.0,14976.0,1.6978999,0,0.0,1.0,1.0
10000,2.0,0.1,0.00046270658019903764,0.9210340371976184,0.0005023772863019161,0.8336735810771482,2.0,exponential,315,75224.0,75224.0,1.8499,0,0.0,1.0,1.0
10000,2.0,0.1,0.00046270658019903764,0.9210340371976184,0.0005023772863019161,0.8336735810771482,2.0,exponential,316,81186.0,81186.0,1.7636,0,0.0,1.0,1.0
10000,2.0,0.1,0.00046270658019903764,0.9210340371976184,0.0005023772863019161,0.8336735810771482,2.0,exponential,317,33911.0,33911.0,1.6826999,0,0.0,1.0,1.0
10000,2.0,0.1,0.00046270658019903764,0.9210340371976184,0.0005023772863019161,0.8336735810771482,2.0,exponential,318,30549.0,30549.0,1.6283,0,0.0,1.0,1.0
10000,2.0,0.1,0.00046270658019903764,0.9210340371976184,0.0005023772863019161,0.8336735810771482,2.0,exponential,319,176400.0,176400.0,1.7056999,0,0.0,1.0,1.0
10000,2.0,0.1,0.00046270658019903764,0.9210340371976184,0.0005023772863019161,0.8336735810771482,2.0,exponential,320,90653.0,90653.0,1.7189,0,0.0,1.0,1.0
10000,2.0,0.1,0.00046270658019903764,0.9210340371976184,0.0005023772863019161,0.8336735810771482,2.0,exponential,321,70762.0,70762.0,1.5999999,0,0.0,1.0,1.0
10000,2.0,0.1,0.00046270658019903764,0.9210340371976184,0.0005023772863019161,0.8336735810771482,2.0,exponential,322,2062.0,2062.0,1.4861,0,0.0,1.0,1.0
10000,2.0,0.1,0.00046270658019903764,0.9210340371976184,0.0005023772863019161,0.8336735810771482,2.0,exponential,323,78178.0,78178.0,1.9523,0,0.0,1.0,1.0
10000,2.0,0.1,0.00046270658019903764,0.9210340371976184,0.0005023772863019161,0.8336735810771482,2.0,exponential,324,5558.0,5558.0,1.7725999,0,0.0,1.0,1.0
10000,2.0,0.1,0.00046270658019903764,0.9210340371976184,0.0005023772863019161,0.8336735810771482,2.0,exponential,325,6696.0,6696.0,2.2862,0,0.0,1.0,1.0
10000,2.0,0.1,0.00046270658019903764,0.9210340371976184,0.0005023772863019161,0.8336735810771482,2.0,exponential,326,55953.0,55953.0,1.7853999,0,0.0,1.0,1.0
10000,2.0,0.1,0.00046270658019903764,0.9210340371976184,0.0005023772863019161,0.8336735810771482,2.0,exponential,327,12299.0,12299.0,1.3965,0,0.0,1.0,1.0
10000,2.0,0.1,0.00046270658019903764,0.9210340371976184,0.0005023772863019161,0.8336735810771482,2.0,exponential,328,5437.0,5437.0,1.7513,0,0.0,1.0,1.0
10000,2.0,0.1,0.00046270658019903764,0.9210340371976184,0.0005023772863019161,0.8336735810771482,2.0,exponential,329,6662.0,6662.0,2.2826,0,0.0,1.0,1.0
10000,2.0,0.1,0.00046270658019903764,0.9210340371976184,0.0005023772863019161,0.8336735810771482,2.0,exponential,330,46913.0,46913.0,2.0414,0,0.0,1.0,1.0
10000,2.0,0.1,0.00046270658019903764,0.9210340371976184,0.0005023772863019161,0.8336735810771482,2.0,exponential,331,13916.0,13916.0,1.4438,0,0.0,1.0,1.0
10000,2.0,0.1,0.00046270658019903764,0.9210340371976184,0.0005023772863019161,0.8336735810771482,2.0,exponential,332,8030.0,8030.0,1.6905999,0,0.0,1.0,1.0
10000,2.0,0.1,0.00046270658019903764,0.9210340371976184,0.0005023772863019161,0.8336735810771482,2.0,exponential,333,2175.0,2175.0,1.5856999,0,0.0,1.0,1.0
10000,2.0,0.1,0.00046270658019903764,0.9210340371976184,0.0005023772863019161,0.8336735810771482,2.0,exponential,334,11724.0,11724.0,1.9540999,0,0.0,1.0,1.0
10000,2.0,0.1,0.00046270658019903764,0.9210340371976184,0.0005023772863019161,0.8336735810771482,2.0,exponential,335,22497.0,22497.0,1.3375,0,0.0,1.0,1.0
10000,2.0,0.1,0.00046270658019903764,0.9210340371976184,0.0005023772863019161,0.8336735810771482,2.0,exponential,336,67814.0,67814.0,1.6917,0,0.0,1.0,1.0
10000,2.0,0.1,0.00046270658019903764,0.9210340371976184,0.0005023772863019161,0.8336735810771482,2.0,exponential,337,13218.0,13218.0,1.7551,0,0.0,1.0,1.0
10000,2.0,0.1,0.00046270658019903764,0.9210340371976184,0.0005023772863019161,0.8336735810771482,2.0,exponential,338,20605.0,20605.0,2.4055998,0,0.0,1.0,1.0
10000,2.0,0.1,0.00046270658019903764,0.9210340371976184,0.0005023772863019161,0.8336735810771482,2.0,exponential,339,18004.0,18004.0,2.0239,0,0.0,1.0,1.0
10000,2.0,0.1,0.00046270658019903764,0.9210340371976184,0.0005023772863019161,0.8336735810771482,2.0,exponential,340,113668.0,113668.0,2.0664,0,0.0,1.0,1.0
10000,2.0,0.1,0.00046270658019903764,0.9210340371976184,0.0005023772863019161,0.8336735810771482,2.0,exponential,341,49931.0,49931.0,1.8879,0,0.0,1.0,1.0
10000,2.0,0.1,0.00046270658019903764,0.9210340371976184,0.0005023772863019161,0.8336735810771482,2.0,exponential,342,3123.0,3123.0,2.3014,0,0.0,1.0,1.0
10000,2.0,0.1,0.00046270658019903764,0.9210340371976184,0.0005023772863019161,0.8336735810771482,2.0,exponential,343,34559.0,34559.0,2.0865,0,0.0,1.0,1.0
10000,2.0,0.1,0.00046270658019903764,0.9210340371976184,0.0005023772863019161,0.8336735810771482,2.0,exponential,344,6204.0,6204.0,1.8980999,0,0.0,1.0,1.0
10000,2.0,0.1,0.00046270658019903764,0.9210340371976184,0.0005023772863019161,0.8336735810771482,2.0,exponential,345,62767.0,62767.0,1.6048,0,0.0,1.0,1.0
10000,2.0,0.1,0.00046270658019903764,0.9210340371976184,0.0005023772863019161,0.8336735810771482,2.0,exponential,346,4378.0,4378.0,2.27,0,0.0,1.0,1.0
10000,2.0,0.1,0.00046270658019903764,0.9210340371976184,0.0005023772863019161,0.8336735810771482,2.0,exponential,347,6444.0,6444.0,1.8661,0,0.0,1.0,1.0
10000,2.0,0.1,0.00046270658019903764,0.9210340371976184,0.0005023772863019161,0.8336735810771482,2.0,exponential,348,105711.0,105711.0,1.8023,0,0.0,1.0,1.0
10000,2.0,0.1,0.00046270658019903764,0.9210340371976184,0.0005023772863019161,0.8336735810771482,2.0,exponential,349,15636.0,15636.0,1.4322,0,0.0,1.0,1.0
10000,2.0,0.1,0.00046270658019903764,0.9210340371976184,0.0005023772863019161,0.8336735810771482,2.0,exponential,350,18426.0,18426.0,1.8239,0,0.0,1.0,1.0
10000,2.0,0.1,0.00046270658019903764,0.9210340371976184,0.0005023772863019161,0.8336735810771482,2.0,exponential,351,6615.0,6615.0,1.7694999,0,0.0,1.0,1.0
10000,2.0,0.1,0.00046270658019903764,0.9210340371976184,0.0005023772863019161,0.8336735810771482,2.0,exponential,352,24613.0,24613.0,1.7603999,0,0.0,1.0,1.0
10000,2.0,0.1,0.00046270658019903764,0.9210340371976184,0.0005023772863019161,0.8336735810771482,2.0,exponential,353,30959.0,30959.0,1.5252999,0,0.0,1.0,1.0
10000,2.0,0.1,0.00046270658019903764,0.9210340371976184,0.0005023772863019161,0.8336735810771482,2.0,exponential,354,17239.0,17239.0,1.4208,0,0.0,1.0,1.0
10000,2.0,0.1,0.00046270658019903764,0.9210340371976184,0.0005023772863019161,0.8336735810771482,2.0,exponential,355,40301.0,40301.0,2.2305,0,0.0,1.0,1.0
10000,2.0,0.1,0.00046270658019903764,0.9210340371976184,0.0005023772863019161,0.8336735810771482,2.0,exponential,356,33283.0,33283.0,1.9444,0,0.0,1.0,1.0
10000,2.0,0.1,0.00046270658019903764,0.9210340371976184,0.0005023772863019161,0.8336735810771482,2.0,exponential,357,27005.0,27005.0,1.3277,0,0.0,1.0,1.0
10000,2.0,0.1,0.00046270658019903764,0.9210340371976184,0.0005023772863019161,0.8336735810771482,2.0,exponential,358,9826.0,9826.0,2.326,0,0.0,1.0,1.0
10000,2.0,0.1,0.00046270658019903764,0.9210340371976184,0.0005023772863019161,0.8336735810771482,2.0,exponential,359,37846.0,37846.0,1.3719,0,0.0,1.0,1.0
10000,2.0,0.1,0.00046270658019903764,0.9210340371976184,0.0005023772863019161,0.8336735810771482,2.0,exponential,360,54408.0,54408.0,3.0349,0,0.0,1.0,1.0
10000,2.0,0.1,0.00046270658019903764,0.9210340371976184,0.0005023772863019161,0.8336735810771482,2.0,exponential,361,86685.0,86685.0,1.582,0,0.0,1.0,1.0
10000,2.0,0.1,0.00046270658019903764,0.9210340371976184,0.0005023772863019161,0.8336735810771482,2.0,exponential,362,22638.0,22638.0,1.3205,0,0.0,1.0,1.0
10000,2.0,0.1,0.00046270658019903764,0.9210340371976184,0.0005023772863019161,0.8336735810771482,2.0,exponential,363,18276.0,18276.0,1.7105999,0,0.0,1.0,1.0
10000,2.0,0.1,0.00046270658019903764,0.9210340371976184,0.0005023772863019161,0.8336735810771482,2.0,exponential,364,2417.0,2417.0,2.2202,0,0.0,1.0,1.0
10000,2.0,0.1,0.00046270658019903764,0.9210340371976184,0.0005023772863019161,0.8336735810771482,2.0,exponential,365,25938.0,25938.0,2.0718,0,0.0,1.0,1.0
10000,2.0,0.1,0.00046270658019903764,0.9210340371976184,0.0005023772863019161,0.8336735810771482,2.0,exponential,366,10906.0,10906.0,1.469,0,0.0,1.0,1.0
10000,2.0,0.1,0.00046270658019903764,0.9210340371976184,0.0005023772863019161,0.8336735810771482,2.0,exponential,367,55601.0,55601.0,1.8596,0,0.0,1.0,1.0
10000,2.0,0.1,0.00046270658019903764,0.9210340371976184,0.0005023772863019161,0.8336735810771482,2.0,exponential,368,14781.0,14781.0,1.7807,0,0.0,1.0,1.0
10000,2.0,0.1,0.00046270658019903764,0.9210340371976184,0.0005023772863019161,0.8336735810771482,2.0,exponential,369,11130.0,11130.0,1.8856,0,0.0,1.0,1.0
10000,2.0,0.1,0.00046270658019903764,0.9210340371976184,0.0005023772863019161,0.8336735810771482,2.0,exponential,370,25102.0,25102.0,1.4971,0,0.0,1.0,1.0
10000,2.0,0.1,0.00046270658019903764,0.9210340371976184,0.0005023772863019161,0.8336735810771482,2.0,exponential,371,1695.0,1695.0,1.7256999,0,0.0,1.0,1.0
10000,2.0,0.1,0.00046270658019903764,0.9210340371976184,0.0005023772863019161,0.8336735810771482,2.0,exponential,372,182150.0,182150.0,1.2433,0,0.0,1.0,1.0
10000,2.0,0.1,0.00046270658019903764,0.9210340371976184,0.0005023772863019161,0.8336735810771482,2.0,exponential,373,27346.0,27346.0,1.7356,0,0.0,1.0,1.0
10000,2.0,0.1,0.00046270658019903764,0.9210340371976184,0.0005023772863019161,0.8336735810771482,2.0,exponential,374,32222.0,32222.0,1.9338,0,0.0,1.0,1.0
10000,2.0,0.1,0.00046270658019903764,0.9210340371976184,0.0005023772863019161,0.8336735810771482,2.0,exponential,375,20755.0,20755.0,1.824,0,0.0,1.0,1.0
10000,2.0,0.1,0.00046270658019903764,0.9210340371976184,0.0005023772863019161,0.8336735810771482,2.0,exponential,376,23708.0,23708.0,1.3352,0,0.0,1.0,1.0
10000,2.0,0.1,0.00046270658019903764,0.9210340371976184,0.0005023772863019161,0.8336735810771482,2.0,exponential,377,20175.0,20175.0,1.7008,0,0.0,1.0,1.0
10000,2.0,0.1,0.00046270658019903764,0.9210340371976184,0.0005023772863019161,0.8336735810771482,2.0,exponential,378,8550.0,8550.0,1.6876,0,0.0,1.0,1.0
10000,2.0,0.1,0.00046270658019903764,0.9210340371976184,0.0005023772863019161,0.8336735810771482,2.0,exponential,379,9361.0,9361.0,1.8403,0,0.0,1.0,1.0
10000,2.0,0.1,0.00046270658019903764,0.9210340371976184,0.0005023772863019161,0.8336735810771482,2.0,exponential,380,29304.0,29304.0,1.5631,0,0.0,1.0,1.0
10000,2.0,0.1,0.00046270658019903764,0.9210340371976184,0.0005023772863019161,0.8336735810771482,2.0,exponential,381,52415.0,52415.0,1.5428,0,0.0,1.0,1.0
10000,2.0,0.1,0.00046270658019903764,0.9210340371976184,0.0005023772863019161,0.8336735810771482,2.0,exponential,382,65760.0,65760.0,1.4919,0,0.0,1.0,1.0
10000,2.0,0.1,0.00046270658019903764,0.9210340371976184,0.0005023772863019161,0.8336735810771482,2.0,exponential,383,18688.0,18688.0,2.0334,0,0.0,1.0,1.0
10000,2.0,0.1,0.00046270658019903764,0.9210340371976184,0.0005023772863019161,0.8336735810771482,2.0,exponential,384,14741.0,14741.0,1.441,0,0.0,1.0,1.0
10000,2.0,0.1,0.00046270658019903764,0.9210340371976184,0.0005023772863019161,0.8336735810771482,2.0,exponential,385,9046.0,9046.0,2.5600998,0,0.0,1.0,1.0
10000,2.0,0.1,0.00046270658019903764,0.9210340371976184,0.0005023772863019161,0.8336735810771482,2.0,exponential,386,16181.0,16181.0,1.9901999,0,0.0,1.0,1.0
10000,2.0,0.1,0.00046270658019903764,0.9210340371976184,0.0005023772863019161,0.8336735810771482,2.0,exponential,387,124267.0,124267.0,1.6335,0,0.0,1.0,1.0
10000,2.0,0.1,0.00046270658019903764,0.9210340371976184,0.0005023772863019161,0.8336735810771482,2.0,exponential,388,18177.0,18177.0,1.8256999,0,0.0,1.0,1.0
10000,2.0,0.1,0.00046270658019903764,0.9210340371976184,0.0005023772863019161,0.8336735810771482,2.0,exponential,389,20791.0,20791.0,1.9367,0,0.0,1.0,1.0
10000,2.0,0.1,0.00046270658019903764,0.9210340371976184,0.0005023772863019161,0.8336735810771482,2.0,exponential,390,26973.0,26973.0,1.8284999,0,0.0,1.0,1.0
10000,2.0,0.1,0.00046270658019903764,0.9210340371976184,0.0005023772863019161,0.8336735810771482,2.0,exponential,391,24062.0,24062.0,1.183,0,0.0,1.0,1.0
10000,2.0,0.1,0.00046270658019903764,0.9210340371976184,0.0005023772863019161,0.8336735810771482,2.0,exponential,392,33830.0,33830.0,2.1207,0,0.0,1.0,1.0
10000,2.0,0.1,0.00046270658019903764,0.9210340371976184,0.0005023772863019161,0.8336735810771482,2.0,exponential,393,12456.0,12456.0,2.2567,0,0.0,1.0,1.0
10000,2.0,0.1,0.00046270658019903764,0.9210340371976184,0.0005023772863019161,0.8336735810771482,2.0,exponential,394,10650.0,10650.0,2.1836998,0,0.0,1.0,1.0
10000,2.0,0.1,0.00046270658019903764,0.9210340371976184,0.0005023772863019161,0.8336735810771482,2.0,exponential,395,57113.0,57113.0,1.4584999,0,0.0,1.0,1.0
10000,2.0,0.1,0.00046270658019903764,0.9210340371976184,0.0005023772863019161,0.8336735810771482,2.0,exponential,396,19084.0,19084.0,1.7258999,0,0.0,1.0,1.0
10000,2.0,0.1,0.00046270658019903764,0.9210340371976184,0.0005023772863019161,0.8336735810771482,2.0,exponential,397,2264.0,2264.0,1.5207,0,0.0,1.0,1.0
10000,2.0,0.1,0.00046270658019903764,0.9210340371976184,0.0005023772863019161,0.8336735810771482,2.0,exponential,398,35309.0,35309.0,1.5731,0,0.0,1.0,1.0
10000,2.0,0.1,0.00046270658019903764,0.9210340371976184,0.0005023772863019161,0.8336735810771482,2.0,exponential,399,6020.0,6020.0,1.5288,0,0.0,1.0,1.0
10000,2.0,0.1,0.00046270658019903764,0.9210340371976184,0.0005023772863019161,0.8336735810771482,2.0,exponential,400,7026.0,7026.0,1.635,0,0.0,1.0,1.0
10000,2.0,0.1,0.00046270658019903764,0.9210340371976184,0.0005023772863019161,0.8336735810771482,2.0,exponential,401,8750.0,8750.0,2.4559999,0,0.0,1.0,1.0
10000,2.0,0.1,0.00046270658019903764,0.9210340371976184,0.0005023772863019161,0.8336735810771482,2.0,exponential,402,81849.0,81849.0,1.5287,0,0.0,1.0,1.0
10000,2.0,0.1,0.00046270658019903764,0.9210340371976184,0.0005023772863019161,0.8336735810771482,2.0,exponential,403,8316.0,8316.0,1.8348999,0,0.0,1.0,1.0
10000,2.0,0.1,0.00046270658019903764,0.9210340371976184,0.0005023772863019161,0.8336735810771482,2.0,exponential,404,15921.0,15921.0,1.999,0,0.0,1.0,1.0
10000,2.0,0.1,0.00046270658019903764,0.9210340371976184,0.0005023772863019161,0.8336735810771482,2.0,exponential,405,28606.0,28606.0,1.6662999,0,0.0,1.0,1.0
10000,2.0,0.1,0.00046270658019903764,0.9210340371976184,0.0005023772863019161,0.8336735810771482,2.0,exponential,406,12974.0,12974.0,1.5823,0,0.0,1.0,1.0
10000,2.0,0.1,0.00046270658019903764,0.9210340371976184,0.0005023772863019161,0.8336735810771482,2.0,exponential,407,66154.0,66154.0,1.8259,0,0.0,1.0,1.0
10000,2.0,0.1,0.00046270658019903764,0.9210340371976184,0.0005023772863019161,0.8336735810771482,2.0,exponential,408,25828.0,25828.0,1.7644999,0,0.0,1.0,1.0
10000,2.0,0.1,0.00046270658019903764,0.9210340371976184,0.0005023772863019161,0.8336735810771482,2.0,exponential,409,8052.0,8052.0,1.6436,0,0.0,1.0,1.0
10000,2.0,0.1,0.00046270658019903764,0.9210340371976184,0.0005023772863019161,0.8336735810771482,2.0,exponential,410,56144.0,56144.0,2.0519,0,0.0,1.0,1.0
10000,2.0,0.1,0.00046270658019903764,0.9210340371976184,0.0005023772863019161,0.8336735810771482,2.0,exponential,411,37990.0,37990.0,1.4922,0,0.0,1.0,1.0
10000,2.0,0.1,0.00046270658019903764,0.9210340371976184,0.0005023772863019161,0.8336735810771482,2.0,exponential,412,40698.0,40698.0,1.6708,0,0.0,1.0,1.0
10000,2.0,0.1,0.00046270658019903764,0.9210340371976184,0.0005023772863019161,0.8336735810771482,2.0,exponential,413,5305.0,5305.0,1.7548,0,0.0,1.0,1.0
10000,2.0,0.1,0.00046270658019903764,0.9210340371976184,0.0005023772863019161,0.8336735810771482,2.0,exponential,414,16019.0,16019.0,1.8399999,0,0.0,1.0,1.0
10000,2.0,0.1,0.00046270658019903764,0.9210340371976184,0.0005023772863019161,0.8336735810771482,2.0,exponential,415,7221.0,7221.0,1.5699999,0,0.0,1.0,1.0
10000,2.0,0.1,0.00046270658019903764,0.9210340371976184,0.0005023772863019161,0.8336735810771482,2.0,exponential,416,11508.0,11508.0,1.8496,0,0.0,1.0,1.0
10000,2.0,0.1,0.00046270658019903764,0.9210340371976184,0.0005023772863019161,0.8336735810771482,2.0,exponential,417,37598.0,37598.0,1.8779999,0,0.0,1.0,1.0
10000,2.0,0.1,0.00046270658019903764,0.9210340371976184,0.0005023772863019161,0.8336735810771482,2.0,exponential,418,5784.0,5784.0,1.759,0,0.0,1.0,1.0
10000,2.0,0.1,0.00046270658019903764,0.9210340371976184,0.0005023772863019161,0.8336735810771482,2.0,exponential,419,59809.0,59809.0,1.3468,0,0.0,1.0,1.0
10000,2.0,0.1,0.00046270658019903764,0.9210340371976184,0.0005023772863019161,0.8336735810771482,2.0,exponential,420,109347.0,109347.0,1.7619,0,0.0,1.0,1.0
10000,2.0,0.1,0.00046270658019903764,0.9210340371976184,0.0005023772863019161,0.8336735810771482,2.0,exponential,421,67986.0,67986.0,1.7143999,0,0.0,1.0,1.0
10000,2.0,0.1,0.00046270658019903764,0.9210340371976184,0.0005023772863019161,0.8336735810771482,2.0,exponential,422,25812.0,25812.0,1.3295,0,0.0,1.0,1.0
10000,2.0,0.1,0.00046270658019903764,0.9210340371976184,0.0005023772863019161,0.8336735810771482,2.0,exponential,423,19163.0,19163.0,1.8197,0,0.0,1.0,1.0
10000,2.0,0.1,0.00046270658019903764,0.9210340371976184,0.0005023772863019161,0.8336735810771482,2.0,exponential,424,2910.0,2910.0,1.8018999,0,0.0,1.0,1.0
10000,2.0,0.1,0.00046270658019903764,0.9210340371976184,0.0005023772863019161,0.8336735810771482,2.0,exponential,425,4030.0,4030.0,2.3708,0,0.0,1.0,1.0
10000,2.0,0.1,0.00046270658019903764,0.9210340371976184,0.0005023772863019161,0.8336735810771482,2.0,exponential,426,8762.0,8762.0,1.6522,0,0.0,1.0,1.0
10000,2.0,0.1,0.00046270658019903764,0.9210340371976184,0.0005023772863019161,0.8336735810771482,2.0,exponential,427,2426.0,2426.0,2.0928,0,0.0,1.0,1.0
10000,2.0,0.1,0.00046270658019903764,0.9210340371976184,0.0005023772863019161,0.8336735810771482,2.0,exponential,428,36025.0,36025.0,1.5052999,0,0.0,1.0,1.0
10000,2.0,0.1,0.00046270658019903764,0.9210340371976184,0.0005023772863019161,0.8336735810771482,2.0,exponential,429,35343.0,35343.0,1.7622,0,0.0,1.0,1.0
10000,2.0,0.1,0.00046270658019903764,0.9210340371976184,0.0005023772863019161,0.8336735810771482,2.0,exponential,430,2688.0,2688.0,1.7017,0,0.0,1.0,1.0
10000,2.0,0.1,0.00046270658019903764,0.9210340371976184,0.0005023772863019161,0.8336735810771482,2.0,exponential,431,6614.0,6614.0,2.5764,0,0.0,1.0,1.0
10000,2.0,0.1,0.00046270658019903764,0.9210340371976184,0.0005023772863019161,0.8336735810771482,2.0,exponential,432,3409.0,3409.0,1.9691999,0,0.0,1.0,1.0
10000,2.0,0.1,0.00046270658019903764,0.9210340371976184,0.0005023772863019161,0.8336735810771482,2.0,exponential,433,9855.0,9855.0,2.3545,0,0.0,1.0,1.0
10000,2.0,0.1,0.00046270658019903764,0.9210340371976184,0.0005023772863019161,0.8336735810771482,2.0,exponential,434,90120.0,90120.0,2.1585999,0,0.0,1.0,1.0
10000,2.0,0.1,0.00046270658019903764,0.9210340371976184,0.0005023772863019161,0.8336735810771482,2.0,exponential,435,8764.0,8764.0,2.0867,0,0.0,1.0,1.0
10000,2.0,0.1,0.00046270658019903764,0.9210340371976184,0.0005023772863019161,0.8336735810771482,2.0,exponential,436,4139.0,4139.0,1.3471999,0,0.0,1.0,1.0
10000,2.0,0.1,0.00046270658019903764,0.9210340371976184,0.0005023772863019161,0.8336735810771482,2.0,exponential,437,52508.0,52508.0,1.8433,0,0.0,1.0,1.0
10000,2.0,0.1,0.00046270658019903764,0.9210340371976184,0.0005023772863019161,0.8336735810771482,2.0,exponential,438,24222.0,24222.0,1.6177,0,0.0,1.0,1.0
10000,2.0,0.1,0.00046270658019903764,0.9210340371976184,0.0005023772863019161,0.8336735810771482,2.0,exponential,439,25122.0,25122.0,1.7398,0,0.0,1.0,1.0
10000,2.0,0.1,0.00046270658019903764,0.9210340371976184,0.0005023772863019161,0.8336735810771482,2.0,exponential,440,213655.0,213655.0,2.0328999,0,0.0,1.0,1.0
10000,2.0,0.1,0.00046270658019903764,0.9210340371976184,0.0005023772863019161,0.8336735810771482,2.0,exponential,441,7070.0,7070.0,2.097,0,0.0,1.0,1.0
10000,2.0,0.1,0.00046270658019903764,0.9210340371976184,0.0005023772863019161,0.8336735810771482,2.0,exponential,442,63393.0,63393.0,1.9045,0,0.0,1.0,1.0
10000,2.0,0.1,0.00046270658019903764,0.9210340371976184,0.0005023772863019161,0.8336735810771482,2.0,exponential,443,6308.0,6308.0,1.6334,0,0.0,1.0,1.0
10000,2.0,0.1,0.00046270658019903764,0.9210340371976184,0.0005023772863019161,0.8336735810771482,2.0,exponential,444,50728.0,50728.0,1.4353,0,0.0,1.0,1.0
10000,2.0,0.1,0.00046270658019903764,0.9210340371976184,0.0005023772863019161,0.8336735810771482,2.0,exponential,445,21689.0,21689.0,1.8070999,0,0.0,1.0,1.0
10000,2.0,0.1,0.00046270658019903764,0.9210340371976184,0.0005023772863019161,0.8336735810771482,2.0,exponential,446,40948.0,40948.0,1.9275,0,0.0,1.0,1.0
10000,2.0,0.1,0.00046270658019903764,0.9210340371976184,0.0005023772863019161,0.8336735810771482,2.0,exponential,447,24096.0,24096.0,1.8826,0,0.0,1.0,1.0
10000,2.0,0.1,0.00046270658019903764,0.9210340371976184,0.0005023772863019161,0.8336735810771482,2.0,exponential,448,35577.0,35577.0,1.4837999,0,0.0,1.0,1.0
10000,2.0,0.1,0.00046270658019903764,0.9210340371976184,0.0005023772863019161,0.8336735810771482,2.0,exponential,449,33914.0,33914.0,1.9375,0,0.0,1.0,1.0
10000,2.0,0.1,0.00046270658019903764,0.9210340371976184,0.0005023772863019161,0.8336735810771482,2.0,exponential,450,10659.0,10659.0,1.7098,0,0.0,1.0,1.0
10000,2.0,0.1,0.00046270658019903764,0.9210340371976184,0.0005023772863019161,0.8336735810771482,2.0,exponential,451,32641.0,32641.0,2.2609,0,0.0,1.0,1.0
10000,2.0,0.1,0.00046270658019903764,0.9210340371976184,0.0005023772863019161,0.8336735810771482,2.0,exponential,452,6367.0,6367.0,1.6638,0,0.0,1.0,1.0
10000,2.0,0.1,0.00046270658019903764,0.9210340371976184,0.0005023772863019161,0.8336735810771482,2.0,exponential,453,4299.0,4299.0,1.3999,0,0.0,1.0,1.0
10000,2.0,0.1,0.00046270658019903764,0.9210340371976184,0.0005023772863019161,0.8336735810771482,2.0,exponential,454,14567.0,14567.0,2.0115,0,0.0,1.0,1.0
10000,2.0,0.1,0.00046270658019903764,0.9210340371976184,0.0005023772863019161,0.8336735810771482,2.0,exponential,455,49881.0,49881.0,2.0925,0,0.0,1.0,1.0
10000,2.0,0.1,0.00046270658019903764,0.9210340371976184,0.0005023772863019161,0.8336735810771482,2.0,exponential,456,72322.0,72322.0,2.0727,0,0.0,1.0,1.0
10000,2.0,0.1,0.00046270658019903764,0.9210340371976184,0.0005023772863019161,0.8336735810771482,2.0,exponential,457,7379.0,7379.0,2.2647,0,0.0,1.0,1.0
10000,2.0,0.1,0.00046270658019903764,0.9210340371976184,0.0005023772863019161,0.8336735810771482,2.0,exponential,458,14775.0,14775.0,1.5087999,0,0.0,1.0,1.0
10000,2.0,0.1,0.00046270658019903764,0.9210340371976184,0.0005023772863019161,0.8336735810771482,2.0,exponential,459,34864.0,34864.0,1.5662,0,0.0,1.0,1.0
10000,2.0,0.1,0.00046270658019903764,0.9210340371976184,0.0005023772863019161,0.8336735810771482,2.0,exponential,460,15895.0,15895.0,2.0799,0,0.0,1.0,1.0
10000,2.0,0.1,0.00046270658019903764,0.9210340371976184,0.0005023772863019161,0.8336735810771482,2.0,exponential,461,10289.0,10289.0,2.2289,0,0.0,1.0,1.0
10000,2.0,0.1,0.00046270658019903764,0.9210340371976184,0.0005023772863019161,0.8336735810771482,2.0,exponential,462,12365.0,12365.0,1.9849,0,0.0,1.0,1.0
10000,2.0,0.1,0.00046270658019903764,0.9210340371976184,0.0005023772863019161,0.8336735810771482,2.0,exponential,463,20250.0,20250.0,1.9085,0,0.0,1.0,1.0
10000,2.0,0.1,0.00046270658019903764,0.9210340371976184,0.0005023772863019161,0.8336735810771482,2.0,exponential,464,52337.0,52337.0,1.8485999,0,0.0,1.0,1.0
10000,2.0,0.1,0.00046270658019903764,0.9210340371976184,0.0005023772863019161,0.8336735810771482,2.0,exponential,465,43401.0,43401.0,2.0554,0,0.0,1.0,1.0
10000,2.0,0.1,0.00046270658019903764,0.9210340371976184,0.0005023772863019161,0.8336735810771482,2.0,exponential,466,129949.0,129949.0,1.5629,0,0.0,1.0,1.0
10000,2.0,0.1,0.00046270658019903764,0.9210340371976184,0.0005023772863019161,0.8336735810771482,2.0,exponential,467,63107.0,63107.0,1.4896,0,0.0,1.0,1.0
10000,2.0,0.1,0.00046270658019903764,0.9210340371976184,0.0005023772863019161,0.8336735810771482,2.0,exponential,468,21069.0,21069.0,1.3314999,0,0.0,1.0,1.0
10000,2.0,0.1,0.00046270658019903764,0.9210340371976184,0.0005023772863019161,0.8336735810771482,2.0,exponential,469,11629.0,11629.0,1.8269,0,0.0,1.0,1.0
10000,2.0,0.1,0.00046270658019903764,0.9210340371976184,0.0005023772863019161,0.8336735810771482,2.0,exponential,470,79905.0,79905.0,1.5439999,0,0.0,1.0,1.0
10000,2.0,0.1,0.00046270658019903764,0.9210340371976184,0.0005023772863019161,0.8336735810771482,2.0,exponential,471,13069.0,13069.0,1.5799999,0,0.0,1.0,1.0
10000,2.0,0.1,0.00046270658019903764,0.9210340371976184,0.0005023772863019161,0.8336735810771482,2.0,exponential,472,26522.0,26522.0,1.6365,0,0.0,1.0,1.0
10000,2.0,0.1,0.00046270658019903764,0.9210340371976184,0.0005023772863019161,0.8336735810771482,2.0,exponential,473,79152.0,79152.0,1.7976999,0,0.0,1.0,1.0
10000,2.0,0.1,0.00046270658019903764,0.9210340371976184,0.0005023772863019161,0.8336735810771482,2.0,exponential,474,17112.0,17112.0,2.3381999,0,0.0,1.0,1.0
10000,2.0,0.1,0.00046270658019903764,0.9210340371976184,0.0005023772863019161,0.8336735810771482,2.0,exponential,475,8603.0,8603.0,1.7448,0,0.0,1.0,1.0
10000,2.0,0.1,0.00046270658019903764,0.9210340371976184,0.0005023772863019161,0.8336735810771482,2.0,exponential,476,67573.0,67573.0,1.5518999,0,0.0,1.0,1.0
10000,2.0,0.1,0.00046270658019903764,0.9210340371976184,0.0005023772863019161,0.8336735810771482,2.0,exponential,477,10431.0,10431.0,1.8671,0,0.0,1.0,1.0
10000,2.0,0.1,0.00046270658019903764,0.9210340371976184,0.0005023772863019161,0.8336735810771482,2.0,exponential,478,5762.0,5762.0,1.3067,0,0.0,1.0,1.0
10000,2.0,0.1,0.00046270658019903764,0.9210340371976184,0.0005023772863019161,0.8336735810771482,2.0,exponential,479,32291.0,32291.0,1.959,0,0.0,1.0,1.0
10000,2.0,0.1,0.00046270658019903764,0.9210340371976184,0.0005023772863019161,0.8336735810771482,2.0,exponential,480,28357.0,28357.0,2.065,0,0.0,1.0,1.0
10000,2.0,0.1,0.00046270658019903764,0.9210340371976184,0.0005023772863019161,0.8336735810771482,2.0,exponential,481,93666.0,93666.0,1.6970999,0,0.0,1.0,1.0
10000,2.0,0.1,0.00046270658019903764,0.9210340371976184,0.0005023772863019161,0.8336735810771482,2.0,exponential,482,17070.0,17070.0,1.8077999,0,0.0,1.0,1.0
10000,2.0,0.1,0.00046270658019903764,0.9210340371976184,0.0005023772863019161,0.8336735810771482,2.0,exponential,483,32077.0,32077.0,2.0477,0,0.0,1.0,1.0
10000,2.0,0.1,0.00046270658019903764,0.9210340371976184,0.0005023772863019161,0.8336735810771482,2.0,exponential,484,4850.0,4850.0,1.2897999,0,0.0,1.0,1.0
10000,2.0,0.1,0.00046270658019903764,0.9210340371976184,0.0005023772863019161,0.8336735810771482,2.0,exponential,485,26468.0,26468.0,2.1689,0,0.0,1.0,1.0
10000,2.0,0.1,0.00046270658019903764,0.9210340371976184,0.0005023772863019161,0.8336735810771482,2.0,exponential,486,69198.0,69198.0,2.0325,0,0.0,1.0,1.0
10000,2.0,0.1,0.00046270658019903764,0.9210340371976184,0.0005023772863019161,0.8336735810771482,2.0,exponential,487,13086.0,13086.0,1.5166,0,0.0,1.0,1.0
10000,2.0,0.1,0.00046270658019903764,0.9210340371976184,0.0005023772863019161,0.8336735810771482,2.0,exponential,488,16325.0,16325.0,1.2659,0,0.0,1.0,1.0
10000,2.0,0.1,0.00046270658019903764,0.9210340371976184,0.0005023772863019161,0.8336735810771482,2.0,exponential,489,22540.0,22540.0,1.9470999,0,0.0,1.0,1.0
10000,2.0,0.1,0.00046270658019903764,0.9210340371976184,0.0005023772863019161,0.8336735810771482,2.0,exponential,490,57312.0,57312.0,2.0077,0,0.0,1.0,1.0
10000,2.0,0.1,0.00046270658019903764,0.9210340371976184,0.0005023772863019161,0.8336735810771482,2.0,exponential,491,161794.0,161794.0,1.908,0,0.0,1.0,1.0
10000,2.0,0.1,0.00046270658019903764,0.9210340371976184,0.0005023772863019161,0.8336735810771482,2.0,exponential,492,63218.0,63218.0,1.5414,0,0.0,1.0,1.0
10000,2.0,0.1,0.00046270658019903764,0.9210340371976184,0.0005023772863019161,0.8336735810771482,2.0,exponential,493,26392.0,26392.0,1.5935999,0,0.0,1.0,1.0
10000,2.0,0.1,0.00046270658019903764,0.9210340371976184,0.0005023772863019161,0.8336735810771482,2.0,exponential,494,15487.0,15487.0,2.0616999,0,0.0,1.0,1.0
10000,2.0,0.1,0.00046270658019903764,0.9210340371976184,0.0005023772863019161,0.8336735810771482,2.0,exponential,495,21314.0,21314.0,1.4847,0,0.0,1.0,1.0
10000,2.0,0.1,0.00046270658019903764,0.9210340371976184,0.0005023772863019161,0.8336735810771482,2.0,exponential,496,8009.0,8009.0,1.7608999,0,0.0,1.0,1.0
10000,2.0,0.1,0.00046270658019903764,0.9210340371976184,0.0005023772863019161,0.8336735810771482,2.0,exponential,497,101885.0,101885.0,1.7973,0,0.0,1.0,1.0
10000,2.0,0.1,0.00046270658019903764,0.9210340371976184,0.0005023772863019161,0.8336735810771482,2.0,exponential,498,79332.0,79332.0,1.8881999,0,0.0,1.0,1.0
10000,2.0,0.1,0.00046270658019903764,0.9210340371976184,0.0005023772863019161,0.8336735810771482,2.0,exponential,499,7974.0,7974.0,1.5473,0,0.0,1.0,1.0
10000,2.0,0.1,0.00046270658019903764,0.9210340371976184,0.0005023772863019161,0.8336735810771482,2.0,exponential,500,8205.0,8205.0,2.3325999,0,0.0,1.0,1.0
10000,2.0,0.1,0.00046270658019903764,0.9210340371976184,0.0005023772863019161,0.8336735810771482,2.0,exponential,501,21501.0,21501.0,1.5756999,0,0.0,1.0,1.0
10000,2.0,0.1,0.00046270658019903764,0.9210340371976184,0.0005023772863019161,0.8336735810771482,2.0,exponential,502,40341.0,40341.0,1.7617999,0,0.0,1.0,1.0
10000,2.0,0.1,0.00046270658019903764,0.9210340371976184,0.0005023772863019161,0.8336735810771482,2.0,exponential,503,55777.0,55777.0,1.6829,0,0.0,1.0,1.0
10000,2.0,0.1,0.00046270658019903764,0.9210340371976184,0.0005023772863019161,0.8336735810771482,2.0,exponential,504,6841.0,6841.0,1.7612,0,0.0,1.0,1.0
10000,2.0,0.1,0.00046270658019903764,0.9210340371976184,0.0005023772863019161,0.8336735810771482,2.0,exponential,505,6022.0,6022.0,1.3991,0,0.0,1.0,1.0
10000,2.0,0.1,0.00046270658019903764,0.9210340371976184,0.0005023772863019161,0.8336735810771482,2.0,exponential,506,9967.0,9967.0,1.4399999,0,0.0,1.0,1.0
10000,2.0,0.1,0.00046270658019903764,0.9210340371976184,0.0005023772863019161,0.8336735810771482,2.0,exponential,507,106316.0,106316.0,1.5263,0,0.0,1.0,1.0
10000,2.0,0.1,0.00046270658019903764,0.9210340371976184,0.0005023772863019161,0.8336735810771482,2.0,exponential,508,3277.0,3277.0,1.4053999,0,0.0,1.0,1.0
10000,2.0,0.1,0.00046270658019903764,0.9210340371976184,0.0005023772863019161,0.8336735810771482,2.0,exponential,509,9344.0,9344.0,1.7853999,0,0.0,1.0,1.0
10000,2.0,0.1,0.00046270658019903764,0.9210340371976184,0.0005023772863019161,0.8336735810771482,2.0,exponential,510,14531.0,14531.0,1.5108,0,0.0,1.0,1.0
10000,2.0,0.1,0.00046270658019903764,0.9210340371976184,0.0005023772863019161,0.8336735810771482,2.0,exponential,511,8027.0,8027.0,1.5173,0,0.0,1.0,1.0
10000,2.0,0.1,0.00046270658019903764,0.9210340371976184,0.0005023772863019161,0.8336735810771482,2.0,exponential,512,25148.0,25148.0,2.3144,0,0.0,1.0,1.0
10000,2.0,0.1,0.00046270658019903764,0.9210340371976184,0.0005023772863019161,0.8336735810771482,2.0,exponential,513,20334.0,20334.0,1.8728,0,0.0,1.0,1.0
10000,2.0,0.1,0.00046270658019903764,0.9210340371976184,0.0005023772863019161,0.8336735810771482,2.0,exponential,514,25291.0,25291.0,1.8151,0,0.0,1.0,1.0
10000,2.0,0.1,0.00046270658019903764,0.9210340371976184,0.0005023772863019161,0.8336735810771482,2.0,exponential,515,35848.0,35848.0,1.6586,0,0.0,1.0,1.0
10000,2.0,0.1,0.00046270658019903764,0.9210340371976184,0.0005023772863019161,0.8336735810771482,2.0,exponential,516,15467.0,15467.0,1.472,0,0.0,1.0,1.0
10000,2.0,0.1,0.00046270658019903764,0.9210340371976184,0.0005023772863019161,0.8336735810771482,2.0,exponential,517,24642.0,24642.0,1.5989,0,0.0,1.0,1.0
10000,2.0,0.1,0.00046270658019903764,0.9210340371976184,0.0005023772863019161,0.8336735810771482,2.0,exponential,518,43326.0,43326.0,1.8067,0,0.0,1.0,1.0
10000,2.0,0.1,0.00046270658019903764,0.9210340371976184,0.0005023772863019161,0.8336735810771482,2.0,exponential,519,36560.0,36560.0,2.2542999,0,0.0,1.0,1.0
10000,2.0,0.1,0.00046270658019903764,0.9210340371976184,0.0005023772863019161,0.8336735810771482,2.0,exponential,520,13645.0,13645.0,1.5846,0,0.0,1.0,1.0
10000,2.0,0.1,0.00046270658019903764,0.9210340371976184,0.0005023772863019161,0.8336735810771482,2.0,exponential,521,77295.0,77295.0,1.8808,0,0.0,1.0,1.0
10000,2.0,0.1,0.00046270658019903764,0.9210340371976184,0.0005023772863019161,0.8336735810771482,2.0,exponential,522,8461.0,8461.0,1.538,0,0.0,1.0,1.0
10000,2.0,0.1,0.00046270658019903764,0.9210340371976184,0.0005023772863019161,0.8336735810771482,2.0,exponential,523,33354.0,33354.0,1.5395,0,0.0,1.0,1.0
10000,2.0,0.1,0.00046270658019903764,0.9210340371976184,0.0005023772863019161,0.8336735810771482,2.0,exponential,524,55756.0,55756.0,1.2749,0,0.0,1.0,1.0
10000,2.0,0.1,0.00046270658019903764,0.9210340371976184,0.0005023772863019161,0.8336735810771482,2.0,exponential,525,52600.0,52600.0,1.6327,0,0.0,1.0,1.0
10000,2.0,0.1,0.00046270658019903764,0.9210340371976184,0.0005023772863019161,0.8336735810771482,2.0,exponential,526,62120.0,62120.0,1.9951999,0,0.0,1.0,1.0
10000,2.0,0.1,0.00046270658019903764,0.9210340371976184,0.0005023772863019161,0.8336735810771482,2.0,exponential,527,71048.0,71048.0,1.7572999,0,0.0,1.0,1.0
10000,2.0,0.1,0.00046270658019903764,0.9210340371976184,0.0005023772863019161,0.8336735810771482,2.0,exponential,528,56621.0,56621.0,1.4252,0,0.0,1.0,1.0
10000,2.0,0.1,0.00046270658019903764,0.9210340371976184,0.0005023772863019161,0.8336735810771482,2.0,exponential,529,3543.0,3543.0,1.6415,0,0.0,1.0,1.0
10000,2.0,0.1,0.00046270658019903764,0.9210340371976184,0.0005023772863019161,0.8336735810771482,2.0,exponential,530,27476.0,27476.0,1.5260999,0,0.0,1.0,1.0
10000,2.0,0.1,0.00046270658019903764,0.9210340371976184,0.0005023772863019161,0.8336735810771482,2.0,exponential,531,12822.0,12822.0,1.7117,0,0.0,1.0,1.0
10000,2.0,0.1,0.00046270658019903764,0.9210340371976184,0.0005023772863019161,0.8336735810771482,2.0,exponential,532,4064.0,4064.0,1.9051,0,0.0,1.0,1.0
10000,2.0,0.1,0.00046270658019903764,0.9210340371976184,0.0005023772863019161,0.8336735810771482,2.0,exponential,533,98591.0,98591.0,1.6739,0,0.0,1.0,1.0
10000,2.0,0.1,0.00046270658019903764,0.9210340371976184,0.0005023772863019161,0.8336735810771482,2.0,exponential,534,75334.0,75334.0,1.4117,0,0.0,1.0,1.0
10000,2.0,0.1,0.00046270658019903764,0.9210340371976184,0.0005023772863019161,0.8336735810771482,2.0,exponential,535,3627.0,3627.0,1.4441,0,0.0,1.0,1.0
10000,2.0,0.1,0.00046270658019903764,0.9210340371976184,0.0005023772863019161,0.8336735810771482,2.0,exponential,536,3951.0,3951.0,1.8333,0,0.0,1.0,1.0
10000,2.0,0.1,0.00046270658019903764,0.9210340371976184,0.0005023772863019161,0.8336735810771482,2.0,exponential,537,6545.0,6545.0,2.2035,0,0.0,1.0,1.0
10000,2.0,0.1,0.00046270658019903764,0.9210340371976184,0.0005023772863019161,0.8336735810771482,2.0,exponential,538,3852.0,3852.0,1.6996,0,0.0,1.0,1.0
10000,2.0,0.1,0.00046270658019903764,0.9210340371976184,0.0005023772863019161,0.8336735810771482,2.0,exponential,539,11236.0,11236.0,1.5054,0,0.0,1.0,1.0
10000,2.0,0.1,0.00046270658019903764,0.9210340371976184,0.0005023772863019161,0.8336735810771482,2.0,exponential,540,25037.0,25037.0,1.5712,0,0.0,1.0,1.0
10000,2.0,0.1,0.00046270658019903764,0.9210340371976184,0.0005023772863019161,0.8336735810771482,2.0,exponential,541,7539.0,7539.0,2.338,0,0.0,1.0,1.0
10000,2.0,0.1,0.00046270658019903764,0.9210340371976184,0.0005023772863019161,0.8336735810771482,2.0,exponential,542,4630.0,4630.0,1.4259,0,0.0,1.0,1.0
10000,2.0,0.1,0.00046270658019903764,0.9210340371976184,0.0005023772863019161,0.8336735810771482,2.0,exponential,543,23380.0,23380.0,1.3831999,0,0.0,1.0,1.0
10000,2.0,0.1,0.00046270658019903764,0.9210340371976184,0.0005023772863019161,0.8336735810771482,2.0,exponential,544,31982.0,31982.0,1.8533,0,0.0,1.0,1.0
10000,2.0,0.1,0.00046270658019903764,0.9210340371976184,0.0005023772863019161,0.8336735810771482,2.0,exponential,545,11477.0,11477.0,1.8542,0,0.0,1.0,1.0
10000,2.0,0.1,0.00046270658019903764,0.9210340371976184,0.0005023772863019161,0.8336735810771482,2.0,exponential,546,4556.0,4556.0,1.8622999,0,0.0,1.0,1.0
10000,2.0,0.1,0.00046270658019903764,0.9210340371976184,0.0005023772863019161,0.8336735810771482,2.0,exponential,547,55677.0,55677.0,1.242,0,0.0,1.0,1.0
10000,2.0,0.1,0.00046270658019903764,0.9210340371976184,0.0005023772863019161,0.8336735810771482,2.0,exponential,548,113984.0,113984.0,1.8843,0,0.0,1.0,1.0
10000,2.0,0.1,0.00046270658019903764,0.9210340371976184,0.0005023772863019161,0.8336735810771482,2.0,exponential,549,28047.0,28047.0,1.3392999,0,0.0,1.0,1.0
10000,2.0,0.1,0.00046270658019903764,0.9210340371976184,0.0005023772863019161,0.8336735810771482,2.0,exponential,550,33632.0,33632.0,1.6855999,0,0.0,1.0,1.0
10000,2.0,0.1,0.00046270658019903764,0.9210340371976184,0.0005023772863019161,0.8336735810771482,2.0,exponential,551,5899.0,5899.0,1.6590999,0,0.0,1.0,1.0
10000,2.0,0.1,0.00046270658019903764,0.9210340371976184,0.0005023772863019161,0.8336735810771482,2.0,exponential,552,49180.0,49180.0,1.5670999,0,0.0,1.0,1.0
10000,2.0,0.1,0.00046270658019903764,0.9210340371976184,0.0005023772863019161,0.8336735810771482,2.0,exponential,553,3538.0,3538.0,1.9296999,0,0.0,1.0,1.0
10000,2.0,0.1,0.00046270658019903764,0.9210340371976184,0.0005023772863019161,0.8336735810771482,2.0,exponential,554,26807.0,26807.0,2.4155998,0,0.0,1.0,1.0
10000,2.0,0.1,0.00046270658019903764,0.9210340371976184,0.0005023772863019161,0.8336735810771482,2.0,exponential,555,35533.0,35533.0,1.6436,0,0.0,1.0,1.0
10000,2.0,0.1,0.00046270658019903764,0.9210340371976184,0.0005023772863019161,0.8336735810771482,2.0,exponential,556,132290.0,132290.0,1.5051,0,0.0,1.0,1.0
10000,2.0,0.1,0.00046270658019903764,0.9210340371976184,0.0005023772863019161,0.8336735810771482,2.0,exponential,557,18871.0,18871.0,1.7969999,0,0.0,1.0,1.0
10000,2.0,0.1,0.00046270658019903764,0.9210340371976184,0.0005023772863019161,0.8336735810771482,2.0,exponential,558,48754.0,48754.0,2.0358999,0,0.0,1.0,1.0
10000,2.0,0.1,0.00046270658019903764,0.9210340371976184,0.0005023772863019161,0.8336735810771482,2.0,exponential,559,7626.0,7626.0,1.7524999,0,0.0,1.0,1.0
10000,2.0,0.1,0.00046270658019903764,0.9210340371976184,0.0005023772863019161,0.8336735810771482,2.0,exponential,560,9541.0,9541.0,1.4847,0,0.0,1.0,1.0
10000,2.0,0.1,0.00046270658019903764,0.9210340371976184,0.0005023772863019161,0.8336735810771482,2.0,exponential,561,21510.0,21510.0,1.6287,0,0.0,1.0,1.0
10000,2.0,0.1,0.00046270658019903764,0.9210340371976184,0.0005023772863019161,0.8336735810771482,2.0,exponential,562,41034.0,41034.0,1.8484,0,0.0,1.0,1.0
10000,2.0,0.1,0.00046270658019903764,0.9210340371976184,0.0005023772863019161,0.8336735810771482,2.0,exponential,563,7436.0,7436.0,1.6372,0,0.0,1.0,1.0
10000,2.0,0.1,0.00046270658019903764,0.9210340371976184,0.0005023772863019161,0.8336735810771482,2.0,exponential,564,12801.0,12801.0,1.5323,0,0.0,1.0,1.0
10000,2.0,0.1,0.00046270658019903764,0.9210340371976184,0.0005023772863019161,0.8336735810771482,2.0,exponential,565,4194.0,4194.0,1.3565999,0,0.0,1.0,1.0
10000,2.0,0.1,0.00046270658019903764,0.9210340371976184,0.0005023772863019161,0.8336735810771482,2.0,exponential,566,33325.0,33325.0,1.8219999,0,0.0,1.0,1.0
10000,2.0,0.1,0.00046270658019903764,0.9210340371976184,0.0005023772863019161,0.8336735810771482,2.0,exponential,567,40323.0,40323.0,1.4504,0,0.0,1.0,1.0
10000,2.0,0.1,0.00046270658019903764,0.9210340371976184,0.0005023772863019161,0.8336735810771482,2.0,exponential,568,42826.0,42826.0,1.5712999,0,0.0,1.0,1.0
10000,2.0,0.1,0.00046270658019903764,0.9210340371976184,0.0005023772863019161,0.8336735810771482,2.0,exponential,569,93274.0,93274.0,1.7439,0,0.0,1.0,1.0
10000,2.0,0.1,0.00046270658019903764,0.9210340371976184,0.0005023772863019161,0.8336735810771482,2.0,exponential,570,50960.0,50960.0,2.0788,0,0.0,1.0,1.0
10000,2.0,0.1,0.00046270658019903764,0.9210340371976184,0.0005023772863019161,0.8336735810771482,2.0,exponential,571,3156.0,3156.0,1.8958,0,0.0,1.0,1.0
10000,2.0,0.1,0.00046270658019903764,0.9210340371976184,0.0005023772863019161,0.8336735810771482,2.0,exponential,572,4518.0,4518.0,1.7200999,0,0.0,1.0,1.0
10000,2.0,0.1,0.00046270658019903764,0.9210340371976184,0.0005023772863019161,0.8336735810771482,2.0,exponential,573,20341.0,20341.0,1.6966,0,0.0,1.0,1.0
10000,2.0,0.1,0.00046270658019903764,0.9210340371976184,0.0005023772863019161,0.8336735810771482,2.0,exponential,574,74980.0,74980.0,2.0328,0,0.0,1.0,1.0
10000,2.0,0.1,0.00046270658019903764,0.9210340371976184,0.0005023772863019161,0.8336735810771482,2.0,exponential,575,76254.0,76254.0,1.3201,0,0.0,1.0,1.0
10000,2.0,0.1,0.00046270658019903764,0.9210340371976184,0.0005023772863019161,0.8336735810771482,2.0,exponential,576,46779.0,46779.0,1.6164999,0,0.0,1.0,1.0
10000,2.0,0.1,0.00046270658019903764,0.9210340371976184,0.0005023772863019161,0.8336735810771482,2.0,exponential,577,34534.0,34534.0,1.6803,0,0.0,1.0,1.0
10000,2.0,0.1,0.00046270658019903764,0.9210340371976184,0.0005023772863019161,0.8336735810771482,2.0,exponential,578,66933.0,66933.0,1.778,0,0.0,1.0,1.0
10000,2.0,0.1,0.00046270658019903764,0.9210340371976184,0.0005023772863019161,0.8336735810771482,2.0,exponential,579,22168.0,22168.0,1.3337,0,0.0,1.0,1.0
10000,2.0,0.1,0.00046270658019903764,0.9210340371976184,0.0005023772863019161,0.8336735810771482,2.0,exponential,580,2702.0,2702.0,1.4828999,0,0.0,1.0,1.0
10000,2.0,0.1,0.00046270658019903764,0.9210340371976184,0.0005023772863019161,0.8336735810771482,2.0,exponential,581,15194.0,15194.0,2.0217,0,0.0,1.0,1.0
10000,2.0,0.1,0.00046270658019903764,0.9210340371976184,0.0005023772863019161,0.8336735810771482,2.0,exponential,582,55699.0,55699.0,1.8698,0,0.0,1.0,1.0
10000,2.0,0.1,0.00046270658019903764,0.9210340371976184,0.0005023772863019161,0.8336735810771482,2.0,exponential,583,33156.0,33156.0,1.7221999,0,0.0,1.0,1.0
10000,2.0,0.1,0.00046270658019903764,0.9210340371976184,0.0005023772863019161,0.8336735810771482,2.0,exponential,584,82656.0,82656.0,1.7939999,0,0.0,1.0,1.0
10000,2.0,0.1,0.00046270658019903764,0.9210340371976184,0.0005023772863019161,0.8336735810771482,2.0,exponential,585,18442.0,18442.0,1.5741999,0,0.0,1.0,1.0
10000,2.0,0.1,0.00046270658019903764,0.9210340371976184,0.0005023772863019161,0.8336735810771482,2.0,exponential,586,9267.0,9267.0,1.6732,0,0.0,1.0,1.0
10000,2.0,0.1,0.00046270658019903764,0.9210340371976184,0.0005023772863019161,0.8336735810771482,2.0,exponential,587,27264.0,27264.0,1.4618,0,0.0,1.0,1.0
10000,2.0,0.1,0.00046270658019903764,0.9210340371976184,0.0005023772863019161,0.8336735810771482,2.0,exponential,588,27619.0,27619.0,2.033,0,0.0,1.0,1.0
10000,2.0,0.1,0.00046270658019903764,0.9210340371976184,0.0005023772863019161,0.8336735810771482,2.0,exponential,589,36870.0,36870.0,2.0298,0,0.0,1.0,1.0
10000,2.0,0.1,0.00046270658019903764,0.9210340371976184,0.0005023772863019161,0.8336735810771482,2.0,exponential,590,7863.0,7863.0,1.9174999,0,0.0,1.0,1.0
10000,2.0,0.1,0.00046270658019903764,0.9210340371976184,0.0005023772863019161,0.8336735810771482,2.0,exponential,591,10004.0,10004.0,2.197,0,0.0,1.0,1.0
10000,2.0,0.1,0.00046270658019903764,0.9210340371976184,0.0005023772863019161,0.8336735810771482,2.0,exponential,592,179355.0,179355.0,1.4597,0,0.0,1.0,1.0
10000,2.0,0.1,0.00046270658019903764,0.9210340371976184,0.0005023772863019161,0.8336735810771482,2.0,exponential,593,30915.0,30915.0,1.5324,0,0.0,1.0,1.0
10000,2.0,0.1,0.00046270658019903764,0.9210340371976184,0.0005023772863019161,0.8336735810771482,2.0,exponential,594,100233.0,100233.0,1.6061,0,0.0,1.0,1.0
10000,2.0,0.1,0.00046270658019903764,0.9210340371976184,0.0005023772863019161,0.8336735810771482,2.0,exponential,595,16807.0,16807.0,2.0061,0,0.0,1.0,1.0
10000,2.0,0.1,0.00046270658019903764,0.9210340371976184,0.0005023772863019161,0.8336735810771482,2.0,exponential,596,33918.0,33918.0,1.7572999,0,0.0,1.0,1.0
10000,2.0,0.1,0.00046270658019903764,0.9210340371976184,0.0005023772863019161,0.8336735810771482,2.0,exponential,597,33067.0,33067.0,1.7143999,0,0.0,1.0,1.0
10000,2.0,0.1,0.00046270658019903764,0.9210340371976184,0.0005023772863019161,0.8336735810771482,2.0,exponential,598,67283.0,67283.0,1.7542,0,0.0,1.0,1.0
10000,2.0,0.1,0.00046270658019903764,0.9210340371976184,0.0005023772863019161,0.8336735810771482,2.0,exponential,599,8405.0,8405.0,1.6437,0,0.0,1.0,1.0
10000,2.0,0.1,0.00046270658019903764,0.9210340371976184,0.0005023772863019161,0.8336735810771482,2.0,exponential,600,24535.0,24535.0,1.3519,0,0.0,1.0,1.0
10000,2.0,0.1,0.00046270658019903764,0.9210340371976184,0.0005023772863019161,0.8336735810771482,2.0,exponential,601,6771.0,6771.0,1.7055,0,0.0,1.0,1.0
10000,2.0,0.1,0.00046270658019903764,0.9210340371976184,0.0005023772863019161,0.8336735810771482,2.0,exponential,602,11645.0,11645.0,1.6200999,0,0.0,1.0,1.0
10000,2.0,0.1,0.00046270658019903764,0.9210340371976184,0.0005023772863019161,0.8336735810771482,2.0,exponential,603,5462.0,5462.0,1.5949,0,0.0,1.0,1.0
10000,2.0,0.1,0.00046270658019903764,0.9210340371976184,0.0005023772863019161,0.8336735810771482,2.0,exponential,604,15776.0,15776.0,1.5606999,0,0.0,1.0,1.0
10000,2.0,0.1,0.00046270658019903764,0.9210340371976184,0.0005023772863019161,0.8336735810771482,2.0,exponential,605,9456.0,9456.0,2.7633,0,0.0,1.0,1.0
10000,2.0,0.1,0.00046270658019903764,0.9210340371976184,0.0005023772863019161,0.8336735810771482,2.0,exponential,606,84113.0,84113.0,1.43,0,0.0,1.0,1.0
10000,2.0,0.1,0.00046270658019903764,0.9210340371976184,0.0005023772863019161,0.8336735810771482,2.0,exponential,607,79325.0,79325.0,1.8219,0,0.0,1.0,1.0
10000,2.0,0.1,0.00046270658019903764,0.9210340371976184,0.0005023772863019161,0.8336735810771482,2.0,exponential,608,6944.0,6944.0,1.6330999,0,0.0,1.0,1.0
10000,2.0,0.1,0.00046270658019903764,0.9210340371976184,0.0005023772863019161,0.8336735810771482,2.0,exponential,609,12314.0,12314.0,1.9549999,0,0.0,1.0,1.0
10000,2.0,0.1,0.00046270658019903764,0.9210340371976184,0.0005023772863019161,0.8336735810771482,2.0,exponential,610,95961.0,95961.0,1.5142,0,0.0,1.0,1.0
10000,2.0,0.1,0.00046270658019903764,0.9210340371976184,0.0005023772863019161,0.8336735810771482,2.0,exponential,611,44178.0,44178.0,1.5217999,0,0.0,1.0,1.0
10000,2.0,0.1,0.00046270658019903764,0.9210340371976184,0.0005023772863019161,0.8336735810771482,2.0,exponential,612,115770.0,115770.0,1.9346999,0,0.0,1.0,1.0
10000,2.0,0.1,0.00046270658019903764,0.9210340371976184,0.0005023772863019161,0.8336735810771482,2.0,exponential,613,5567.0,5567.0,2.0103,0,0.0,1.0,1.0
10000,2.0,0.1,0.00046270658019903764,0.9210340371976184,0.0005023772863019161,0.8336735810771482,2.0,exponential,614,18270.0,18270.0,1.6671,0,0.0,1.0,1.0
10000,2.0,0.1,0.00046270658019903764,0.9210340371976184,0.0005023772863019161,0.8336735810771482,2.0,exponential,615,32346.0,32346.0,1.734,0,0.0,1.0,1.0
10000,2.0,0.1,0.00046270658019903764,0.9210340371976184,0.0005023772863019161,0.8336735810771482,2.0,exponential,616,19757.0,19757.0,1.5756999,0,0.0,1.0,1.0
10000,2.0,0.1,0.00046270658019903764,0.9210340371976184,0.0005023772863019161,0.8336735810771482,2.0,exponential,617,29272.0,29272.0,1.7709,0,0.0,1.0,1.0
10000,2.0,0.1,0.00046270658019903764,0.9210340371976184,0.0005023772863019161,0.8336735810771482,2.0,exponential,618,89187.0,89187.0,1.7267,0,0.0,1.0,1.0
10000,2.0,0.1,0.00046270658019903764,0.9210340371976184,0.0005023772863019161,0.8336735810771482,2.0,exponential,619,2947.0,2947.0,1.7168,0,0.0,1.0,1.0
10000,2.0,0.1,0.00046270658019903764,0.9210340371976184,0.0005023772863019161,0.8336735810771482,2.0,exponential,620,29329.0,29329.0,1.6158999,0,0.0,1.0,1.0
10000,2.0,0.1,0.00046270658019903764,0.9210340371976184,0.0005023772863019161,0.8336735810771482,2.0,exponential,621,9751.0,9751.0,1.9041,0,0.0,1.0,1.0
10000,2.0,0.1,0.00046270658019903764,0.9210340371976184,0.0005023772863019161,0.8336735810771482,2.0,exponential,622,69281.0,69281.0,1.7909,0,0.0,1.0,1.0
10000,2.0,0.1,0.00046270658019903764,0.9210340371976184,0.0005023772863019161,0.8336735810771482,2.0,exponential,623,7682.0,7682.0,1.6323999,0,0.0,1.0,1.0
10000,2.0,0.1,0.00046270658019903764,0.9210340371976184,0.0005023772863019161,0.8336735810771482,2.0,exponential,624,2462.0,2462.0,1.6467999,0,0.0,1.0,1.0
10000,2.0,0.1,0.00046270658019903764,0.9210340371976184,0.0005023772863019161,0.8336735810771482,2.0,exponential,625,23146.0,23146.0,1.8851,0,0.0,1.0,1.0
10000,2.0,0.1,0.00046270658019903764,0.9210340371976184,0.0005023772863019161,0.8336735810771482,2.0,exponential,626,29724.0,29724.0,1.7098,0,0.0,1.0,1.0
10000,2.0,0.1,0.00046270658019903764,0.9210340371976184,0.0005023772863019161,0.8336735810771482,2.0,exponential,627,33475.0,33475.0,1.5918,0,0.0,1.0,1.0
10000,2.0,0.1,0.00046270658019903764,0.9210340371976184,0.0005023772863019161,0.8336735810771482,2.0,exponential,628,26826.0,26826.0,1.4323,0,0.0,1.0,1.0
10000,2.0,0.1,0.00046270658019903764,0.9210340371976184,0.0005023772863019161,0.8336735810771482,2.0,exponential,629,9510.0,9510.0,2.0855,0,0.0,1.0,1.0
10000,2.0,0.1,0.00046270658019903764,0.9210340371976184,0.0005023772863019161,0.8336735810771482,2.0,exponential,630,82267.0,82267.0,1.5572,0,0.0,1.0,1.0
10000,2.0,0.1,0.00046270658019903764,0.9210340371976184,0.0005023772863019161,0.8336735810771482,2.0,exponential,631,13535.0,13535.0,1.5174999,0,0.0,1.0,1.0
10000,2.0,0.1,0.00046270658019903764,0.9210340371976184,0.0005023772863019161,0.8336735810771482,2.0,exponential,632,30253.0,30253.0,2.0428998,0,0.0,1.0,1.0
10000,2.0,0.1,0.00046270658019903764,0.9210340371976184,0.0005023772863019161,0.8336735810771482,2.0,exponential,633,13852.0,13852.0,2.1724,0,0.0,1.0,1.0
10000,2.0,0.1,0.00046270658019903764,0.9210340371976184,0.0005023772863019161,0.8336735810771482,2.0,exponential,634,151254.0,151254.0,1.5493,0,0.0,1.0,1.0
10000,2.0,0.1,0.00046270658019903764,0.9210340371976184,0.0005023772863019161,0.8336735810771482,2.0,exponential,635,6369.0,6369.0,1.5421,0,0.0,1.0,1.0
10000,2.0,0.1,0.00046270658019903764,0.9210340371976184,0.0005023772863019161,0.8336735810771482,2.0,exponential,636,9690.0,9690.0,1.7641,0,0.0,1.0,1.0
10000,2.0,0.1,0.00046270658019903764,0.9210340371976184,0.0005023772863019161,0.8336735810771482,2.0,exponential,637,27414.0,27414.0,2.0200999,0,0.0,1.0,1.0
10000,2.0,0.1,0.00046270658019903764,0.9210340371976184,0.0005023772863019161,0.8336735810771482,2.0,exponential,638,8264.0,8264.0,1.6837,0,0.0,1.0,1.0
10000,2.0,0.1,0.00046270658019903764,0.9210340371976184,0.0005023772863019161,0.8336735810771482,2.0,exponential,639,44552.0,44552.0,1.367,0,0.0,1.0,1.0
10000,2.0,0.1,0.00046270658019903764,0.9210340371976184,0.0005023772863019161,0.8336735810771482,2.0,exponential,640,15657.0,15657.0,1.9222,0,0.0,1.0,1.0
10000,2.0,0.1,0.00046270658019903764,0.9210340371976184,0.0005023772863019161,0.8336735810771482,2.0,exponential,641,43598.0,43598.0,1.3632,0,0.0,1.0,1.0
10000,2.0,0.1,0.00046270658019903764,0.9210340371976184,0.0005023772863019161,0.8336735810771482,2.0,exponential,642,89513.0,89513.0,1.36,0,0.0,1.0,1.0
10000,2.0,0.1,0.00046270658019903764,0.9210340371976184,0.0005023772863019161,0.8336735810771482,2.0,exponential,643,7470.0,7470.0,2.4466999,0,0.0,1.0,1.0
10000,2.0,0.1,0.00046270658019903764,0.9210340371976184,0.0005023772863019161,0.8336735810771482,2.0,exponential,644,14879.0,14879.0,2.5463998,0,0.0,1.0,1.0
10000,2.0,0.1,0.00046270658019903764,0.9210340371976184,0.0005023772863019161,0.8336735810771482,2.0,exponential,645,23937.0,23937.0,1.7205,0,0.0,1.0,1.0
10000,2.0,0.1,0.00046270658019903764,0.9210340371976184,0.0005023772863019161,0.8336735810771482,2.0,exponential,646,27262.0,27262.0,2.1683,0,0.0,1.0,1.0
10000,2.0,0.1,0.00046270658019903764,0.9210340371976184,0.0005023772863019161,0.8336735810771482,2.0,exponential,647,2473.0,2473.0,1.7797999,0,0.0,1.0,1.0
10000,2.0,0.1,0.00046270658019903764,0.9210340371976184,0.0005023772863019161,0.8336735810771482,2.0,exponential,648,14716.0,14716.0,2.2173,0,0.0,1.0,1.0
10000,2.0,0.1,0.00046270658019903764,0.9210340371976184,0.0005023772863019161,0.8336735810771482,2.0,exponential,649,29788.0,29788.0,2.327,0,0.0,1.0,1.0
10000,2.0,0.1,0.00046270658019903764,0.9210340371976184,0.0005023772863019161,0.8336735810771482,2.0,exponential,650,4958.0,4958.0,2.1292999,0,0.0,1.0,1.0
10000,2.0,0.1,0.00046270658019903764,0.9210340371976184,0.0005023772863019161,0.8336735810771482,2.0,exponential,651,10450.0,10450.0,1.6362,0,0.0,1.0,1.0
10000,2.0,0.1,0.00046270658019903764,0.9210340371976184,0.0005023772863019161,0.8336735810771482,2.0,exponential,652,11755.0,11755.0,1.9718,0,0.0,1.0,1.0
10000,2.0,0.1,0.00046270658019903764,0.9210340371976184,0.0005023772863019161,0.8336735810771482,2.0,exponential,653,110562.0,110562.0,1.7513,0,0.0,1.0,1.0
10000,2.0,0.1,0.00046270658019903764,0.9210340371976184,0.0005023772863019161,0.8336735810771482,2.0,exponential,654,16572.0,16572.0,1.5001,0,0.0,1.0,1.0
10000,2.0,0.1,0.00046270658019903764,0.9210340371976184,0.0005023772863019161,0.8336735810771482,2.0,exponential,655,27096.0,27096.0,1.6348,0,0.0,1.0,1.0
10000,2.0,0.1,0.00046270658019903764,0.9210340371976184,0.0005023772863019161,0.8336735810771482,2.0,exponential,656,36157.0,36157.0,1.614,0,0.0,1.0,1.0
10000,2.0,0.1,0.00046270658019903764,0.9210340371976184,0.0005023772863019161,0.8336735810771482,2.0,exponential,657,26907.0,26907.0,2.7236,0,0.0,1.0,1.0
10000,2.0,0.1,0.00046270658019903764,0.9210340371976184,0.0005023772863019161,0.8336735810771482,2.0,exponential,658,5841.0,5841.0,2.1331,0,0.0,1.0,1.0
10000,2.0,0.1,0.00046270658019903764,0.9210340371976184,0.0005023772863019161,0.8336735810771482,2.0,exponential,659,17815.0,17815.0,2.171,0,0.0,1.0,1.0
10000,2.0,0.1,0.00046270658019903764,0.9210340371976184,0.0005023772863019161,0.8336735810771482,2.0,exponential,660,50864.0,50864.0,1.4046999,0,0.0,1.0,1.0
10000,2.0,0.1,0.00046270658019903764,0.9210340371976184,0.0005023772863019161,0.8336735810771482,2.0,exponential,661,123377.0,123377.0,1.6428,0,0.0,1.0,1.0
10000,2.0,0.1,0.00046270658019903764,0.9210340371976184,0.0005023772863019161,0.8336735810771482,2.0,exponential,662,11924.0,11924.0,1.846,0,0.0,1.0,1.0
10000,2.0,0.1,0.00046270658019903764,0.9210340371976184,0.0005023772863019161,0.8336735810771482,2.0,exponential,663,98142.0,98142.0,1.9607999,0,0.0,1.0,1.0
10000,2.0,0.1,0.00046270658019903764,0.9210340371976184,0.0005023772863019161,0.8336735810771482,2.0,exponential,664,49821.0,49821.0,1.9697,0,0.0,1.0,1.0
10000,2.0,0.1,0.00046270658019903764,0.9210340371976184,0.0005023772863019161,0.8336735810771482,2.0,exponential,665,68328.0,68328.0,2.4261,0,0.0,1.0,1.0
10000,2.0,0.1,0.00046270658019903764,0.9210340371976184,0.0005023772863019161,0.8336735810771482,2.0,exponential,666,84552.0,84552.0,1.5649999,0,0.0,1.0,1.0
10000,2.0,0.1,0.00046270658019903764,0.9210340371976184,0.0005023772863019161,0.8336735810771482,2.0,exponential,667,58045.0,58045.0,1.9634999,0,0.0,1.0,1.0
10000,2.0,0.1,0.00046270658019903764,0.9210340371976184,0.0005023772863019161,0.8336735810771482,2.0,exponential,668,160477.0,160477.0,2.2224998,0,0.0,1.0,1.0
10000,2.0,0.1,0.00046270658019903764,0.9210340371976184,0.0005023772863019161,0.8336735810771482,2.0,exponential,669,36250.0,36250.0,1.7053,0,0.0,1.0,1.0
10000,2.0,0.1,0.00046270658019903764,0.9210340371976184,0.0005023772863019161,0.8336735810771482,2.0,exponential,670,66780.0,66780.0,2.0722,0,0.0,1.0,1.0
10000,2.0,0.1,0.00046270658019903764,0.9210340371976184,0.0005023772863019161,0.8336735810771482,2.0,exponential,671,112557.0,112557.0,1.7277,0,0.0,1.0,1.0
10000,2.0,0.1,0.00046270658019903764,0.9210340371976184,0.0005023772863019161,0.8336735810771482,2.0,exponential,672,19298.0,19298.0,1.9619999,0,0.0,1.0,1.0
10000,2.0,0.1,0.00046270658019903764,0.9210340371976184,0.0005023772863019161,0.8336735810771482,2.0,exponential,673,23163.0,23163.0,1.6606,0,0.0,1.0,1.0
10000,2.0,0.1,0.00046270658019903764,0.9210340371976184,0.0005023772863019161,0.8336735810771482,2.0,exponential,674,33917.0,33917.0,1.4599999,0,0.0,1.0,1.0
10000,2.0,0.1,0.00046270658019903764,0.9210340371976184,0.0005023772863019161,0.8336735810771482,2.0,exponential,675,10994.0,10994.0,2.0458999,0,0.0,1.0,1.0
10000,2.0,0.1,0.00046270658019903764,0.9210340371976184,0.0005023772863019161,0.8336735810771482,2.0,exponential,676,30548.0,30548.0,1.548,0,0.0,1.0,1.0
10000,2.0,0.1,0.00046270658019903764,0.9210340371976184,0.0005023772863019161,0.8336735810771482,2.0,exponential,677,27844.0,27844.0,1.5776,0,0.0,1.0,1.0
10000,2.0,0.1,0.00046270658019903764,0.9210340371976184,0.0005023772863019161,0.8336735810771482,2.0,exponential,678,89290.0,89290.0,1.446,0,0.0,1.0,1.0
10000,2.0,0.1,0.00046270658019903764,0.9210340371976184,0.0005023772863019161,0.8336735810771482,2.0,exponential,679,32776.0,32776.0,1.5981,0,0.0,1.0,1.0
10000,2.0,0.1,0.00046270658019903764,0.9210340371976184,0.0005023772863019161,0.8336735810771482,2.0,exponential,680,66474.0,66474.0,2.0874,0,0.0,1.0,1.0
10000,2.0,0.1,0.00046270658019903764,0.9210340371976184,0.0005023772863019161,0.8336735810771482,2.0,exponential,681,27984.0,27984.0,2.3246999,0,0.0,1.0,1.0
10000,2.0,0.1,0.00046270658019903764,0.9210340371976184,0.0005023772863019161,0.8336735810771482,2.0,exponential,682,6045.0,6045.0,1.7701,0,0.0,1.0,1.0
10000,2.0,0.1,0.00046270658019903764,0.9210340371976184,0.0005023772863019161,0.8336735810771482,2.0,exponential,683,13823.0,13823.0,1.6406,0,0.0,1.0,1.0
10000,2.0,0.1,0.00046270658019903764,0.9210340371976184,0.0005023772863019161,0.8336735810771482,2.0,exponential,684,18311.0,18311.0,1.6349,0,0.0,1.0,1.0
10000,2.0,0.1,0.00046270658019903764,0.9210340371976184,0.0005023772863019161,0.8336735810771482,2.0,exponential,685,47065.0,47065.0,1.5259,0,0.0,1.0,1.0
10000,2.0,0.1,0.00046270658019903764,0.9210340371976184,0.0005023772863019161,0.8336735810771482,2.0,exponential,686,34216.0,34216.0,1.7599,0,0.0,1.0,1.0
10000,2.0,0.1,0.00046270658019903764,0.9210340371976184,0.0005023772863019161,0.8336735810771482,2.0,exponential,687,65151.0,65151.0,1.5877999,0,0.0,1.0,1.0
10000,2.0,0.1,0.00046270658019903764,0.9210340371976184,0.0005023772863019161,0.8336735810771482,2.0,exponential,688,105269.0,105269.0,1.5572,0,0.0,1.0,1.0
10000,2.0,0.1,0.00046270658019903764,0.9210340371976184,0.0005023772863019161,0.8336735810771482,2.0,exponential,689,54764.0,54764.0,1.8522999,0,0.0,1.0,1.0
10000,2.0,0.1,0.00046270658019903764,0.9210340371976184,0.0005023772863019161,0.8336735810771482,2.0,exponential,690,61010.0,61010.0,1.499,0,0.0,1.0,1.0
10000,2.0,0.1,0.00046270658019903764,0.9210340371976184,0.0005023772863019161,0.8336735810771482,2.0,exponential,691,37362.0,37362.0,1.7313,0,0.0,1.0,1.0
10000,2.0,0.1,0.00046270658019903764,0.9210340371976184,0.0005023772863019161,0.8336735810771482,2.0,exponential,692,12855.0,12855.0,1.4593999,0,0.0,1.0,1.0
10000,2.0,0.1,0.00046270658019903764,0.9210340371976184,0.0005023772863019161,0.8336735810771482,2.0,exponential,693,133803.0,133803.0,1.7037,0,0.0,1.0,1.0
10000,2.0,0.1,0.00046270658019903764,0.9210340371976184,0.0005023772863019161,0.8336735810771482,2.0,exponential,694,30379.0,30379.0,1.5041,0,0.0,1.0,1.0
10000,2.0,0.1,0.00046270658019903764,0.9210340371976184,0.0005023772863019161,0.8336735810771482,2.0,exponential,695,9388.0,9388.0,2.0305998,0,0.0,1.0,1.0
10000,2.0,0.1,0.00046270658019903764,0.9210340371976184,0.0005023772863019161,0.8336735810771482,2.0,exponential,696,23503.0,23503.0,1.6098,0,0.0,1.0,1.0
10000,2.0,0.1,0.00046270658019903764,0.9210340371976184,0.0005023772863019161,0.8336735810771482,2.0,exponential,697,37588.0,37588.0,1.8931999,0,0.0,1.0,1.0
10000,2.0,0.1,0.00046270658019903764,0.9210340371976184,0.0005023772863019161,0.8336735810771482,2.0,exponential,698,24076.0,24076.0,1.2978,0,0.0,1.0,1.0
10000,2.0,0.1,0.00046270658019903764,0.9210340371976184,0.0005023772863019161,0.8336735810771482,2.0,exponential,699,15485.0,15485.0,2.0073,0,0.0,1.0,1.0
10000,2.0,0.1,0.00046270658019903764,0.9210340371976184,0.0005023772863019161,0.8336735810771482,2.0,exponential,700,17634.0,17634.0,1.5654999,0,0.0,1.0,1.0
10000,2.0,0.1,0.00046270658019903764,0.9210340371976184,0.0005023772863019161,0.8336735810771482,2.0,exponential,701,20913.0,20913.0,1.4952999,0,0.0,1.0,1.0
10000,2.0,0.1,0.00046270658019903764,0.9210340371976184,0.0005023772863019161,0.8336735810771482,2.0,exponential,702,93457.0,93457.0,1.4425,0,0.0,1.0,1.0
10000,2.0,0.1,0.00046270658019903764,0.9210340371976184,0.0005023772863019161,0.8336735810771482,2.0,exponential,703,119010.0,119010.0,1.8616999,0,0.0,1.0,1.0
10000,2.0,0.1,0.00046270658019903764,0.9210340371976184,0.0005023772863019161,0.8336735810771482,2.0,exponential,704,58527.0,58527.0,1.6782999,0,0.0,1.0,1.0
10000,2.0,0.1,0.00046270658019903764,0.9210340371976184,0.0005023772863019161,0.8336735810771482,2.0,exponential,705,81538.0,81538.0,1.3995,0,0.0,1.0,1.0
10000,2.0,0.1,0.00046270658019903764,0.9210340371976184,0.0005023772863019161,0.8336735810771482,2.0,exponential,706,42409.0,42409.0,1.4546,0,0.0,1.0,1.0
10000,2.0,0.1,0.00046270658019903764,0.9210340371976184,0.0005023772863019161,0.8336735810771482,2.0,exponential,707,8365.0,8365.0,1.4984,0,0.0,1.0,1.0
10000,2.0,0.1,0.00046270658019903764,0.9210340371976184,0.0005023772863019161,0.8336735810771482,2.0,exponential,708,35162.0,35162.0,1.6075,0,0.0,1.0,1.0
10000,2.0,0.1,0.00046270658019903764,0.9210340371976184,0.0005023772863019161,0.8336735810771482,2.0,exponential,709,66222.0,66222.0,1.8939999,0,0.0,1.0,1.0
10000,2.0,0.1,0.00046270658019903764,0.9210340371976184,0.0005023772863019161,0.8336735810771482,2.0,exponential,710,5785.0,5785.0,1.4842,0,0.0,1.0,1.0
10000,2.0,0.1,0.00046270658019903764,0.9210340371976184,0.0005023772863019161,0.8336735810771482,2.0,exponential,711,19728.0,19728.0,1.6532999,0,0.0,1.0,1.0
10000,2.0,0.1,0.00046270658019903764,0.9210340371976184,0.0005023772863019161,0.8336735810771482,2.0,exponential,712,17906.0,17906.0,1.3043,0,0.0,1.0,1.0
10000,2.0,0.1,0.00046270658019903764,0.9210340371976184,0.0005023772863019161,0.8336735810771482,2.0,exponential,713,28524.0,28524.0,1.4794999,0,0.0,1.0,1.0
10000,2.0,0.1,0.00046270658019903764,0.9210340371976184,0.0005023772863019161,0.8336735810771482,2.0,exponential,714,13142.0,13142.0,1.8190999,0,0.0,1.0,1.0
10000,2.0,0.1,0.00046270658019903764,0.9210340371976184,0.0005023772863019161,0.8336735810771482,2.0,exponential,715,12942.0,12942.0,1.5646,0,0.0,1.0,1.0
10000,2.0,0.1,0.00046270658019903764,0.9210340371976184,0.0005023772863019161,0.8336735810771482,2.0,exponential,716,16099.0,16099.0,1.7536,0,0.0,1.0,1.0
10000,2.0,0.1,0.00046270658019903764,0.9210340371976184,0.0005023772863019161,0.8336735810771482,2.0,exponential,717,45364.0,45364.0,2.1857998,0,0.0,1.0,1.0
10000,2.0,0.1,0.00046270658019903764,0.9210340371976184,0.0005023772863019161,0.8336735810771482,2.0,exponential,718,21811.0,21811.0,2.1035,0,0.0,1.0,1.0
10000,2.0,0.1,0.00046270658019903764,0.9210340371976184,0.0005023772863019161,0.8336735810771482,2.0,exponential,719,37810.0,37810.0,2.4243,0,0.0,1.0,1.0
10000,2.0,0.1,0.00046270658019903764,0.9210340371976184,0.0005023772863019161,0.8336735810771482,2.0,exponential,720,35166.0,35166.0,2.4041998,0,0.0,1.0,1.0
10000,2.0,0.1,0.00046270658019903764,0.9210340371976184,0.0005023772863019161,0.8336735810771482,2.0,exponential,721,50798.0,50798.0,1.5963,0,0.0,1.0,1.0
10000,2.0,0.1,0.00046270658019903764,0.9210340371976184,0.0005023772863019161,0.8336735810771482,2.0,exponential,722,13205.0,13205.0,1.5611999,0,0.0,1.0,1.0
10000,2.0,0.1,0.00046270658019903764,0.9210340371976184,0.0005023772863019161,0.8336735810771482,2.0,exponential,723,79358.0,79358.0,1.6324999,0,0.0,1.0,1.0
10000,2.0,0.1,0.00046270658019903764,0.9210340371976184,0.0005023772863019161,0.8336735810771482,2.0,exponential,724,123212.0,123212.0,2.1190999,0,0.0,1.0,1.0
10000,2.0,0.1,0.00046270658019903764,0.9210340371976184,0.0005023772863019161,0.8336735810771482,2.0,exponential,725,13561.0,13561.0,1.5665,0,0.0,1.0,1.0
10000,2.0,0.1,0.00046270658019903764,0.9210340371976184,0.0005023772863019161,0.8336735810771482,2.0,exponential,726,6756.0,6756.0,1.801,0,0.0,1.0,1.0
10000,2.0,0.1,0.00046270658019903764,0.9210340371976184,0.0005023772863019161,0.8336735810771482,2.0,exponential,727,54403.0,54403.0,1.948,0,0.0,1.0,1.0
10000,2.0,0.1,0.00046270658019903764,0.9210340371976184,0.0005023772863019161,0.8336735810771482,2.0,exponential,728,9670.0,9670.0,1.4664999,0,0.0,1.0,1.0
10000,2.0,0.1,0.00046270658019903764,0.9210340371976184,0.0005023772863019161,0.8336735810771482,2.0,exponential,729,58415.0,58415.0,1.7791,0,0.0,1.0,1.0
10000,2.0,0.1,0.00046270658019903764,0.9210340371976184,0.0005023772863019161,0.8336735810771482,2.0,exponential,730,11747.0,11747.0,1.6204,0,0.0,1.0,1.0
10000,2.0,0.1,0.00046270658019903764,0.9210340371976184,0.0005023772863019161,0.8336735810771482,2.0,exponential,731,23785.0,23785.0,2.0298998,0,0.0,1.0,1.0
10000,2.0,0.1,0.00046270658019903764,0.9210340371976184,0.0005023772863019161,0.8336735810771482,2.0,exponential,732,18211.0,18211.0,1.5165,0,0.0,1.0,1.0
10000,2.0,0.1,0.00046270658019903764,0.9210340371976184,0.0005023772863019161,0.8336735810771482,2.0,exponential,733,2718.0,2718.0,1.7543,0,0.0,1.0,1.0
10000,2.0,0.1,0.00046270658019903764,0.9210340371976184,0.0005023772863019161,0.8336735810771482,2.0,exponential,734,16425.0,16425.0,1.8136,0,0.0,1.0,1.0
10000,2.0,0.1,0.00046270658019903764,0.9210340371976184,0.0005023772863019161,0.8336735810771482,2.0,exponential,735,2655.0,2655.0,1.5251,0,0.0,1.0,1.0
10000,2.0,0.1,0.00046270658019903764,0.9210340371976184,0.0005023772863019161,0.8336735810771482,2.0,exponential,736,46040.0,46040.0,1.7429,0,0.0,1.0,1.0
10000,2.0,0.1,0.00046270658019903764,0.9210340371976184,0.0005023772863019161,0.8336735810771482,2.0,exponential,737,32590.0,32590.0,2.0154,0,0.0,1.0,1.0
10000,2.0,0.1,0.00046270658019903764,0.9210340371976184,0.0005023772863019161,0.8336735810771482,2.0,exponential,738,16346.0,16346.0,1.4734,0,0.0,1.0,1.0
10000,2.0,0.1,0.00046270658019903764,0.9210340371976184,0.0005023772863019161,0.8336735810771482,2.0,exponential,739,39533.0,39533.0,1.6064,0,0.0,1.0,1.0
10000,2.0,0.1,0.00046270658019903764,0.9210340371976184,0.0005023772863019161,0.8336735810771482,2.0,exponential,740,65436.0,65436.0,1.5870999,0,0.0,1.0,1.0
10000,2.0,0.1,0.00046270658019903764,0.9210340371976184,0.0005023772863019161,0.8336735810771482,2.0,exponential,741,204093.0,204093.0,2.2038999,0,0.0,1.0,1.0
10000,2.0,0.1,0.00046270658019903764,0.9210340371976184,0.0005023772863019161,0.8336735810771482,2.0,exponential,742,29983.0,29983.0,2.4392,0,0.0,1.0,1.0
10000,2.0,0.1,0.00046270658019903764,0.9210340371976184,0.0005023772863019161,0.8336735810771482,2.0,exponential,743,19213.0,19213.0,1.5907999,0,0.0,1.0,1.0
10000,2.0,0.1,0.00046270658019903764,0.9210340371976184,0.0005023772863019161,0.8336735810771482,2.0,exponential,744,20474.0,20474.0,1.5278,0,0.0,1.0,1.0
10000,2.0,0.1,0.00046270658019903764,0.9210340371976184,0.0005023772863019161,0.8336735810771482,2.0,exponential,745,62990.0,62990.0,1.3612,0,0.0,1.0,1.0
10000,2.0,0.1,0.00046270658019903764,0.9210340371976184,0.0005023772863019161,0.8336735810771482,2.0,exponential,746,42332.0,42332.0,1.54,0,0.0,1.0,1.0
10000,2.0,0.1,0.00046270658019903764,0.9210340371976184,0.0005023772863019161,0.8336735810771482,2.0,exponential,747,44112.0,44112.0,1.6803,0,0.0,1.0,1.0
10000,2.0,0.1,0.00046270658019903764,0.9210340371976184,0.0005023772863019161,0.8336735810771482,2.0,exponential,748,4261.0,4261.0,1.7095,0,0.0,1.0,1.0
10000,2.0,0.1,0.00046270658019903764,0.9210340371976184,0.0005023772863019161,0.8336735810771482,2.0,exponential,749,22386.0,22386.0,1.4006,0,0.0,1.0,1.0
10000,2.0,0.1,0.00046270658019903764,0.9210340371976184,0.0005023772863019161,0.8336735810771482,2.0,exponential,750,30228.0,30228.0,1.8817999,0,0.0,1.0,1.0
10000,2.0,0.1,0.00046270658019903764,0.9210340371976184,0.0005023772863019161,0.8336735810771482,2.0,exponential,751,141816.0,141816.0,2.3432,0,0.0,1.0,1.0
10000,2.0,0.1,0.00046270658019903764,0.9210340371976184,0.0005023772863019161,0.8336735810771482,2.0,exponential,752,12706.0,12706.0,2.1132998,0,0.0,1.0,1.0
10000,2.0,0.1,0.00046270658019903764,0.9210340371976184,0.0005023772863019161,0.8336735810771482,2.0,exponential,753,20600.0,20600.0,1.3901,0,0.0,1.0,1.0
10000,2.0,0.1,0.00046270658019903764,0.9210340371976184,0.0005023772863019161,0.8336735810771482,2.0,exponential,754,60502.0,60502.0,1.4257,0,0.0,1.0,1.0
10000,2.0,0.1,0.00046270658019903764,0.9210340371976184,0.0005023772863019161,0.8336735810771482,2.0,exponential,755,96471.0,96471.0,2.0121999,0,0.0,1.0,1.0
10000,2.0,0.1,0.00046270658019903764,0.9210340371976184,0.0005023772863019161,0.8336735810771482,2.0,exponential,756,11624.0,11624.0,1.6367999,0,0.0,1.0,1.0
10000,2.0,0.1,0.00046270658019903764,0.9210340371976184,0.0005023772863019161,0.8336735810771482,2.0,exponential,757,126523.0,126523.0,2.4083998,0,0.0,1.0,1.0
10000,2.0,0.1,0.00046270658019903764,0.9210340371976184,0.0005023772863019161,0.8336735810771482,2.0,exponential,758,41030.0,41030.0,1.5877,0,0.0,1.0,1.0
10000,2.0,0.1,0.00046270658019903764,0.9210340371976184,0.0005023772863019161,0.8336735810771482,2.0,exponential,759,14062.0,14062.0,2.0354,0,0.0,1.0,1.0
10000,2.0,0.1,0.00046270658019903764,0.9210340371976184,0.0005023772863019161,0.8336735810771482,2.0,exponential,760,37131.0,37131.0,1.3809999,0,0.0,1.0,1.0
10000,2.0,0.1,0.00046270658019903764,0.9210340371976184,0.0005023772863019161,0.8336735810771482,2.0,exponential,761,8868.0,8868.0,2.3092,0,0.0,1.0,1.0
10000,2.0,0.1,0.00046270658019903764,0.9210340371976184,0.0005023772863019161,0.8336735810771482,2.0,exponential,762,18039.0,18039.0,1.6180999,0,0.0,1.0,1.0
10000,2.0,0.1,0.00046270658019903764,0.9210340371976184,0.0005023772863019161,0.8336735810771482,2.0,exponential,763,85764.0,85764.0,1.7197,0,0.0,1.0,1.0
10000,2.0,0.1,0.00046270658019903764,0.9210340371976184,0.0005023772863019161,0.8336735810771482,2.0,exponential,764,32942.0,32942.0,1.7723,0,0.0,1.0,1.0
10000,2.0,0.1,0.00046270658019903764,0.9210340371976184,0.0005023772863019161,0.8336735810771482,2.0,exponential,765,14074.0,14074.0,1.6034,0,0.0,1.0,1.0
10000,2.0,0.1,0.00046270658019903764,0.9210340371976184,0.0005023772863019161,0.8336735810771482,2.0,exponential,766,10380.0,10380.0,1.8785,0,0.0,1.0,1.0
10000,2.0,0.1,0.00046270658019903764,0.9210340371976184,0.0005023772863019161,0.8336735810771482,2.0,exponential,767,8599.0,8599.0,1.3457999,0,0.0,1.0,1.0
10000,2.0,0.1,0.00046270658019903764,0.9210340371976184,0.0005023772863019161,0.8336735810771482,2.0,exponential,768,38067.0,38067.0,1.3024,0,0.0,1.0,1.0
10000,2.0,0.1,0.00046270658019903764,0.9210340371976184,0.0005023772863019161,0.8336735810771482,2.0,exponential,769,85909.0,85909.0,1.7274,0,0.0,1.0,1.0
10000,2.0,0.1,0.00046270658019903764,0.9210340371976184,0.0005023772863019161,0.8336735810771482,2.0,exponential,770,31651.0,31651.0,1.9147999,0,0.0,1.0,1.0
10000,2.0,0.1,0.00046270658019903764,0.9210340371976184,0.0005023772863019161,0.8336735810771482,2.0,exponential,771,45766.0,45766.0,1.8734,0,0.0,1.0,1.0
10000,2.0,0.1,0.00046270658019903764,0.9210340371976184,0.0005023772863019161,0.8336735810771482,2.0,exponential,772,27645.0,27645.0,1.5388,0,0.0,1.0,1.0
10000,2.0,0.1,0.00046270658019903764,0.9210340371976184,0.0005023772863019161,0.8336735810771482,2.0,exponential,773,11255.0,11255.0,1.7376,0,0.0,1.0,1.0
10000,2.0,0.1,0.00046270658019903764,0.9210340371976184,0.0005023772863019161,0.8336735810771482,2.0,exponential,774,23142.0,23142.0,1.5310999,0,0.0,1.0,1.0
10000,2.0,0.1,0.00046270658019903764,0.9210340371976184,0.0005023772863019161,0.8336735810771482,2.0,exponential,775,9019.0,9019.0,1.3479999,0,0.0,1.0,1.0
10000,2.0,0.1,0.00046270658019903764,0.9210340371976184,0.0005023772863019161,0.8336735810771482,2.0,exponential,776,109246.0,109246.0,1.5307,0,0.0,1.0,1.0
10000,2.0,0.1,0.00046270658019903764,0.9210340371976184,0.0005023772863019161,0.8336735810771482,2.0,exponential,777,19506.0,19506.0,2.2856,0,0.0,1.0,1.0
10000,2.0,0.1,0.00046270658019903764,0.9210340371976184,0.0005023772863019161,0.8336735810771482,2.0,exponential,778,20673.0,20673.0,1.8492,0,0.0,1.0,1.0
10000,2.0,0.1,0.00046270658019903764,0.9210340371976184,0.0005023772863019161,0.8336735810771482,2.0,exponential,779,25563.0,25563.0,1.6209999,0,0.0,1.0,1.0
10000,2.0,0.1,0.00046270658019903764,0.9210340371976184,0.0005023772863019161,0.8336735810771482,2.0,exponential,780,9612.0,9612.0,1.701,0,0.0,1.0,1.0
10000,2.0,0.1,0.00046270658019903764,0.9210340371976184,0.0005023772863019161,0.8336735810771482,2.0,exponential,781,74336.0,74336.0,2.3611,0,0.0,1.0,1.0
10000,2.0,0.1,0.00046270658019903764,0.9210340371976184,0.0005023772863019161,0.8336735810771482,2.0,exponential,782,37770.0,37770.0,1.8808,0,0.0,1.0,1.0
10000,2.0,0.1,0.00046270658019903764,0.9210340371976184,0.0005023772863019161,0.8336735810771482,2.0,exponential,783,15691.0,15691.0,2.0018,0,0.0,1.0,1.0
10000,2.0,0.1,0.00046270658019903764,0.9210340371976184,0.0005023772863019161,0.8336735810771482,2.0,exponential,784,11850.0,11850.0,1.6702,0,0.0,1.0,1.0
10000,2.0,0.1,0.00046270658019903764,0.9210340371976184,0.0005023772863019161,0.8336735810771482,2.0,exponential,785,38763.0,38763.0,1.4678999,0,0.0,1.0,1.0
10000,2.0,0.1,0.00046270658019903764,0.9210340371976184,0.0005023772863019161,0.8336735810771482,2.0,exponential,786,28347.0,28347.0,2.4738998,0,0.0,1.0,1.0
10000,2.0,0.1,0.00046270658019903764,0.9210340371976184,0.0005023772863019161,0.8336735810771482,2.0,exponential,787,40042.0,40042.0,1.7019,0,0.0,1.0,1.0
10000,2.0,0.1,0.00046270658019903764,0.9210340371976184,0.0005023772863019161,0.8336735810771482,2.0,exponential,788,30489.0,30489.0,1.7050999,0,0.0,1.0,1.0
10000,2.0,0.1,0.00046270658019903764,0.9210340371976184,0.0005023772863019161,0.8336735810771482,2.0,exponential,789,94773.0,94773.0,1.8003,0,0.0,1.0,1.0
10000,2.0,0.1,0.00046270658019903764,0.9210340371976184,0.0005023772863019161,0.8336735810771482,2.0,exponential,790,15008.0,15008.0,1.6674,0,0.0,1.0,1.0
10000,2.0,0.1,0.00046270658019903764,0.9210340371976184,0.0005023772863019161,0.8336735810771482,2.0,exponential,791,93127.0,93127.0,1.7497,0,0.0,1.0,1.0
10000,2.0,0.1,0.00046270658019903764,0.9210340371976184,0.0005023772863019161,0.8336735810771482,2.0,exponential,792,10428.0,10428.0,1.696,0,0.0,1.0,1.0
10000,2.0,0.1,0.00046270658019903764,0.9210340371976184,0.0005023772863019161,0.8336735810771482,2.0,exponential,793,26585.0,26585.0,1.972,0,0.0,1.0,1.0
10000,2.0,0.1,0.00046270658019903764,0.9210340371976184,0.0005023772863019161,0.8336735810771482,2.0,exponential,794,55850.0,55850.0,1.9212999,0,0.0,1.0,1.0
10000,2.0,0.1,0.00046270658019903764,0.9210340371976184,0.0005023772863019161,0.8336735810771482,2.0,exponential,795,41385.0,41385.0,2.0323,0,0.0,1.0,1.0
10000,2.0,0.1,0.00046270658019903764,0.9210340371976184,0.0005023772863019161,0.8336735810771482,2.0,exponential,796,44691.0,44691.0,1.5886999,0,0.0,1.0,1.0
10000,2.0,0.1,0.00046270658019903764,0.9210340371976184,0.0005023772863019161,0.8336735810771482,2.0,exponential,797,89815.0,89815.0,1.8225,0,0.0,1.0,1.0
10000,2.0,0.1,0.00046270658019903764,0.9210340371976184,0.0005023772863019161,0.8336735810771482,2.0,exponential,798,36683.0,36683.0,1.7626,0,0.0,1.0,1.0
10000,2.0,0.1,0.00046270658019903764,0.9210340371976184,0.0005023772863019161,0.8336735810771482,2.0,exponential,799,3532.0,3532.0,1.7937,0,0.0,1.0,1.0
10000,2.0,0.1,0.00046270658019903764,0.9210340371976184,0.0005023772863019161,0.8336735810771482,2.0,exponential,800,45493.0,45493.0,2.0863,0,0.0,1.0,1.0
10000,2.0,0.1,0.00046270658019903764,0.9210340371976184,0.0005023772863019161,0.8336735810771482,2.0,exponential,801,17927.0,17927.0,1.6146,0,0.0,1.0,1.0
10000,2.0,0.1,0.00046270658019903764,0.9210340371976184,0.0005023772863019161,0.8336735810771482,2.0,exponential,802,14157.0,14157.0,1.6917,0,0.0,1.0,1.0
10000,2.0,0.1,0.00046270658019903764,0.9210340371976184,0.0005023772863019161,0.8336735810771482,2.0,exponential,803,51862.0,51862.0,2.0516999,0,0.0,1.0,1.0
10000,2.0,0.1,0.00046270658019903764,0.9210340371976184,0.0005023772863019161,0.8336735810771482,2.0,exponential,804,21732.0,21732.0,1.7039,0,0.0,1.0,1.0
10000,2.0,0.1,0.00046270658019903764,0.9210340371976184,0.0005023772863019161,0.8336735810771482,2.0,exponential,805,42054.0,42054.0,1.9875,0,0.0,1.0,1.0
10000,2.0,0.1,0.00046270658019903764,0.9210340371976184,0.0005023772863019161,0.8336735810771482,2.0,exponential,806,5704.0,5704.0,1.3392999,0,0.0,1.0,1.0
10000,2.0,0.1,0.00046270658019903764,0.9210340371976184,0.0005023772863019161,0.8336735810771482,2.0,exponential,807,83061.0,83061.0,2.4294999,0,0.0,1.0,1.0
10000,2.0,0.1,0.00046270658019903764,0.9210340371976184,0.0005023772863019161,0.8336735810771482,2.0,exponential,808,48480.0,48480.0,1.5870999,0,0.0,1.0,1.0
10000,2.0,0.1,0.00046270658019903764,0.9210340371976184,0.0005023772863019161,0.8336735810771482,2.0,exponential,809,6989.0,6989.0,1.6017,0,0.0,1.0,1.0
10000,2.0,0.1,0.00046270658019903764,0.9210340371976184,0.0005023772863019161,0.8336735810771482,2.0,exponential,810,5293.0,5293.0,1.7573999,0,0.0,1.0,1.0
10000,2.0,0.1,0.00046270658019903764,0.9210340371976184,0.0005023772863019161,0.8336735810771482,2.0,exponential,811,34481.0,34481.0,1.5381999,0,0.0,1.0,1.0
10000,2.0,0.1,0.00046270658019903764,0.9210340371976184,0.0005023772863019161,0.8336735810771482,2.0,exponential,812,53269.0,53269.0,2.2886,0,0.0,1.0,1.0
10000,2.0,0.1,0.00046270658019903764,0.9210340371976184,0.0005023772863019161,0.8336735810771482,2.0,exponential,813,34631.0,34631.0,1.4498,0,0.0,1.0,1.0
10000,2.0,0.1,0.00046270658019903764,0.9210340371976184,0.0005023772863019161,0.8336735810771482,2.0,exponential,814,184568.0,184568.0,2.1046999,0,0.0,1.0,1.0
10000,2.0,0.1,0.00046270658019903764,0.9210340371976184,0.0005023772863019161,0.8336735810771482,2.0,exponential,815,19057.0,19057.0,2.1907,0,0.0,1.0,1.0
10000,2.0,0.1,0.00046270658019903764,0.9210340371976184,0.0005023772863019161,0.8336735810771482,2.0,exponential,816,7376.0,7376.0,1.3528,0,0.0,1.0,1.0
10000,2.0,0.1,0.00046270658019903764,0.9210340371976184,0.0005023772863019161,0.8336735810771482,2.0,exponential,817,25421.0,25421.0,1.5121,0,0.0,1.0,1.0
10000,2.0,0.1,0.00046270658019903764,0.9210340371976184,0.0005023772863019161,0.8336735810771482,2.0,exponential,818,34700.0,34700.0,2.1208,0,0.0,1.0,1.0
10000,2.0,0.1,0.00046270658019903764,0.9210340371976184,0.0005023772863019161,0.8336735810771482,2.0,exponential,819,3134.0,3134.0,2.1516,0,0.0,1.0,1.0
10000,2.0,0.1,0.00046270658019903764,0.9210340371976184,0.0005023772863019161,0.8336735810771482,2.0,exponential,820,33845.0,33845.0,1.7433,0,0.0,1.0,1.0
10000,2.0,0.1,0.00046270658019903764,0.9210340371976184,0.0005023772863019161,0.8336735810771482,2.0,exponential,821,13735.0,13735.0,2.1279,0,0.0,1.0,1.0
10000,2.0,0.1,0.00046270658019903764,0.9210340371976184,0.0005023772863019161,0.8336735810771482,2.0,exponential,822,19025.0,19025.0,1.4126999,0,0.0,1.0,1.0
10000,2.0,0.1,0.00046270658019903764,0.9210340371976184,0.0005023772863019161,0.8336735810771482,2.0,exponential,823,11041.0,11041.0,1.6211,0,0.0,1.0,1.0
10000,2.0,0.1,0.00046270658019903764,0.9210340371976184,0.0005023772863019161,0.8336735810771482,2.0,exponential,824,31217.0,31217.0,1.4317,0,0.0,1.0,1.0
10000,2.0,0.1,0.00046270658019903764,0.9210340371976184,0.0005023772863019161,0.8336735810771482,2.0,exponential,825,5667.0,5667.0,2.0098,0,0.0,1.0,1.0
10000,2.0,0.1,0.00046270658019903764,0.9210340371976184,0.0005023772863019161,0.8336735810771482,2.0,exponential,826,41691.0,41691.0,1.555,0,0.0,1.0,1.0
10000,2.0,0.1,0.00046270658019903764,0.9210340371976184,0.0005023772863019161,0.8336735810771482,2.0,exponential,827,17227.0,17227.0,1.4192,0,0.0,1.0,1.0
10000,2.0,0.1,0.00046270658019903764,0.9210340371976184,0.0005023772863019161,0.8336735810771482,2.0,exponential,828,44632.0,44632.0,1.4029,0,0.0,1.0,1.0
10000,2.0,0.1,0.00046270658019903764,0.9210340371976184,0.0005023772863019161,0.8336735810771482,2.0,exponential,829,6712.0,6712.0,1.7715,0,0.0,1.0,1.0
10000,2.0,0.1,0.00046270658019903764,0.9210340371976184,0.0005023772863019161,0.8336735810771482,2.0,exponential,830,15845.0,15845.0,1.4115,0,0.0,1.0,1.0
10000,2.0,0.1,0.00046270658019903764,0.9210340371976184,0.0005023772863019161,0.8336735810771482,2.0,exponential,831,150975.0,150975.0,1.5555999,0,0.0,1.0,1.0
10000,2.0,0.1,0.00046270658019903764,0.9210340371976184,0.0005023772863019161,0.8336735810771482,2.0,exponential,832,11268.0,11268.0,1.3158,0,0.0,1.0,1.0
10000,2.0,0.1,0.00046270658019903764,0.9210340371976184,0.0005023772863019161,0.8336735810771482,2.0,exponential,833,13556.0,13556.0,1.9316,0,0.0,1.0,1.0
10000,2.0,0.1,0.00046270658019903764,0.9210340371976184,0.0005023772863019161,0.8336735810771482,2.0,exponential,834,7549.0,7549.0,1.8687999,0,0.0,1.0,1.0
10000,2.0,0.1,0.00046270658019903764,0.9210340371976184,0.0005023772863019161,0.8336735810771482,2.0,exponential,835,22697.0,22697.0,1.4965,0,0.0,1.0,1.0
10000,2.0,0.1,0.00046270658019903764,0.9210340371976184,0.0005023772863019161,0.8336735810771482,2.0,exponential,836,15279.0,15279.0,1.3320999,0,0.0,1.0,1.0
10000,2.0,0.1,0.00046270658019903764,0.9210340371976184,0.0005023772863019161,0.8336735810771482,2.0,exponential,837,16308.0,16308.0,1.5148,0,0.0,1.0,1.0
10000,2.0,0.1,0.00046270658019903764,0.9210340371976184,0.0005023772863019161,0.8336735810771482,2.0,exponential,838,31598.0,31598.0,1.7494999,0,0.0,1.0,1.0
10000,2.0,0.1,0.00046270658019903764,0.9210340371976184,0.0005023772863019161,0.8336735810771482,2.0,exponential,839,7448.0,7448.0,1.597,0,0.0,1.0,1.0
10000,2.0,0.1,0.00046270658019903764,0.9210340371976184,0.0005023772863019161,0.8336735810771482,2.0,exponential,840,66031.0,66031.0,1.4168,0,0.0,1.0,1.0
10000,2.0,0.1,0.00046270658019903764,0.9210340371976184,0.0005023772863019161,0.8336735810771482,2.0,exponential,841,107271.0,107271.0,1.3867999,0,0.0,1.0,1.0
10000,2.0,0.1,0.00046270658019903764,0.9210340371976184,0.0005023772863019161,0.8336735810771482,2.0,exponential,842,5246.0,5246.0,2.0542998,0,0.0,1.0,1.0
10000,2.0,0.1,0.00046270658019903764,0.9210340371976184,0.0005023772863019161,0.8336735810771482,2.0,exponential,843,12227.0,12227.0,1.4698,0,0.0,1.0,1.0
10000,2.0,0.1,0.00046270658019903764,0.9210340371976184,0.0005023772863019161,0.8336735810771482,2.0,exponential,844,38504.0,38504.0,1.2958,0,0.0,1.0,1.0
10000,2.0,0.1,0.00046270658019903764,0.9210340371976184,0.0005023772863019161,0.8336735810771482,2.0,exponential,845,20374.0,20374.0,2.1691,0,0.0,1.0,1.0
10000,2.0,0.1,0.00046270658019903764,0.9210340371976184,0.0005023772863019161,0.8336735810771482,2.0,exponential,846,103304.0,103304.0,2.0204,0,0.0,1.0,1.0
10000,2.0,0.1,0.00046270658019903764,0.9210340371976184,0.0005023772863019161,0.8336735810771482,2.0,exponential,847,24236.0,24236.0,2.0787,0,0.0,1.0,1.0
10000,2.0,0.1,0.00046270658019903764,0.9210340371976184,0.0005023772863019161,0.8336735810771482,2.0,exponential,848,30711.0,30711.0,1.622,0,0.0,1.0,1.0
10000,2.0,0.1,0.00046270658019903764,0.9210340371976184,0.0005023772863019161,0.8336735810771482,2.0,exponential,849,9946.0,9946.0,1.3291,0,0.0,1.0,1.0
10000,2.0,0.1,0.00046270658019903764,0.9210340371976184,0.0005023772863019161,0.8336735810771482,2.0,exponential,850,25202.0,25202.0,1.7996999,0,0.0,1.0,1.0
10000,2.0,0.1,0.00046270658019903764,0.9210340371976184,0.0005023772863019161,0.8336735810771482,2.0,exponential,851,10557.0,10557.0,1.4187,0,0.0,1.0,1.0
10000,2.0,0.1,0.00046270658019903764,0.9210340371976184,0.0005023772863019161,0.8336735810771482,2.0,exponential,852,41374.0,41374.0,1.8946999,0,0.0,1.0,1.0
10000,2.0,0.1,0.00046270658019903764,0.9210340371976184,0.0005023772863019161,0.8336735810771482,2.0,exponential,853,28589.0,28589.0,1.5374999,0,0.0,1.0,1.0
10000,2.0,0.1,0.00046270658019903764,0.9210340371976184,0.0005023772863019161,0.8336735810771482,2.0,exponential,854,33982.0,33982.0,1.7044,0,0.0,1.0,1.0
10000,2.0,0.1,0.00046270658019903764,0.9210340371976184,0.0005023772863019161,0.8336735810771482,2.0,exponential,855,71408.0,71408.0,2.0386,0,0.0,1.0,1.0
10000,2.0,0.1,0.00046270658019903764,0.9210340371976184,0.0005023772863019161,0.8336735810771482,2.0,exponential,856,6665.0,6665.0,2.0335999,0,0.0,1.0,1.0
10000,2.0,0.1,0.00046270658019903764,0.9210340371976184,0.0005023772863019161,0.8336735810771482,2.0,exponential,857,14353.0,14353.0,1.8007,0,0.0,1.0,1.0
10000,2.0,0.1,0.00046270658019903764,0.9210340371976184,0.0005023772863019161,0.8336735810771482,2.0,exponential,858,88927.0,88927.0,1.7866,0,0.0,1.0,1.0
10000,2.0,0.1,0.00046270658019903764,0.9210340371976184,0.0005023772863019161,0.8336735810771482,2.0,exponential,859,37266.0,37266.0,1.8004999,0,0.0,1.0,1.0
10000,2.0,0.1,0.00046270658019903764,0.9210340371976184,0.0005023772863019161,0.8336735810771482,2.0,exponential,860,26046.0,26046.0,1.352,0,0.0,1.0,1.0
10000,2.0,0.1,0.00046270658019903764,0.9210340371976184,0.0005023772863019161,0.8336735810771482,2.0,exponential,861,14355.0,14355.0,1.7504,0,0.0,1.0,1.0
10000,2.0,0.1,0.00046270658019903764,0.9210340371976184,0.0005023772863019161,0.8336735810771482,2.0,exponential,862,60251.0,60251.0,1.4218,0,0.0,1.0,1.0
10000,2.0,0.1,0.00046270658019903764,0.9210340371976184,0.0005023772863019161,0.8336735810771482,2.0,exponential,863,10879.0,10879.0,1.4661,0,0.0,1.0,1.0
10000,2.0,0.1,0.00046270658019903764,0.9210340371976184,0.0005023772863019161,0.8336735810771482,2.0,exponential,864,59243.0,59243.0,1.6658,0,0.0,1.0,1.0
10000,2.0,0.1,0.00046270658019903764,0.9210340371976184,0.0005023772863019161,0.8336735810771482,2.0,exponential,865,3311.0,3311.0,1.5859,0,0.0,1.0,1.0
10000,2.0,0.1,0.00046270658019903764,0.9210340371976184,0.0005023772863019161,0.8336735810771482,2.0,exponential,866,3110.0,3110.0,1.6552999,0,0.0,1.0,1.0
10000,2.0,0.1,0.00046270658019903764,0.9210340371976184,0.0005023772863019161,0.8336735810771482,2.0,exponential,867,21515.0,21515.0,2.2317,0,0.0,1.0,1.0
10000,2.0,0.1,0.00046270658019903764,0.9210340371976184,0.0005023772863019161,0.8336735810771482,2.0,exponential,868,25629.0,25629.0,2.277,0,0.0,1.0,1.0
10000,2.0,0.1,0.00046270658019903764,0.9210340371976184,0.0005023772863019161,0.8336735810771482,2.0,exponential,869,21273.0,21273.0,1.6417999,0,0.0,1.0,1.0
10000,2.0,0.1,0.00046270658019903764,0.9210340371976184,0.0005023772863019161,0.8336735810771482,2.0,exponential,870,17902.0,17902.0,1.8239,0,0.0,1.0,1.0
10000,2.0,0.1,0.00046270658019903764,0.9210340371976184,0.0005023772863019161,0.8336735810771482,2.0,exponential,871,17895.0,17895.0,1.7045,0,0.0,1.0,1.0
10000,2.0,0.1,0.00046270658019903764,0.9210340371976184,0.0005023772863019161,0.8336735810771482,2.0,exponential,872,25099.0,25099.0,1.5327,0,0.0,1.0,1.0
10000,2.0,0.1,0.00046270658019903764,0.9210340371976184,0.0005023772863019161,0.8336735810771482,2.0,exponential,873,25642.0,25642.0,1.5927,0,0.0,1.0,1.0
10000,2.0,0.1,0.00046270658019903764,0.9210340371976184,0.0005023772863019161,0.8336735810771482,2.0,exponential,874,25450.0,25450.0,1.7774999,0,0.0,1.0,1.0
10000,2.0,0.1,0.00046270658019903764,0.9210340371976184,0.0005023772863019161,0.8336735810771482,2.0,exponential,875,6285.0,6285.0,1.6678,0,0.0,1.0,1.0
10000,2.0,0.1,0.00046270658019903764,0.9210340371976184,0.0005023772863019161,0.8336735810771482,2.0,exponential,876,1795.0,1795.0,1.4798,0,0.0,1.0,1.0
10000,2.0,0.1,0.00046270658019903764,0.9210340371976184,0.0005023772863019161,0.8336735810771482,2.0,exponential,877,41343.0,41343.0,1.938,0,0.0,1.0,1.0
10000,2.0,0.1,0.00046270658019903764,0.9210340371976184,0.0005023772863019161,0.8336735810771482,2.0,exponential,878,105796.0,105796.0,1.3884,0,0.0,1.0,1.0
10000,2.0,0.1,0.00046270658019903764,0.9210340371976184,0.0005023772863019161,0.8336735810771482,2.0,exponential,879,5994.0,5994.0,1.6920999,0,0.0,1.0,1.0
10000,2.0,0.1,0.00046270658019903764,0.9210340371976184,0.0005023772863019161,0.8336735810771482,2.0,exponential,880,44109.0,44109.0,1.6193999,0,0.0,1.0,1.0
10000,2.0,0.1,0.00046270658019903764,0.9210340371976184,0.0005023772863019161,0.8336735810771482,2.0,exponential,881,5321.0,5321.0,2.3594,0,0.0,1.0,1.0
10000,2.0,0.1,0.00046270658019903764,0.9210340371976184,0.0005023772863019161,0.8336735810771482,2.0,exponential,882,13903.0,13903.0,1.7066,0,0.0,1.0,1.0
10000,2.0,0.1,0.00046270658019903764,0.9210340371976184,0.0005023772863019161,0.8336735810771482,2.0,exponential,883,24132.0,24132.0,1.8754,0,0.0,1.0,1.0
10000,2.0,0.1,0.00046270658019903764,0.9210340371976184,0.0005023772863019161,0.8336735810771482,2.0,exponential,884,20206.0,20206.0,1.8331,0,0.0,1.0,1.0
10000,2.0,0.1,0.00046270658019903764,0.9210340371976184,0.0005023772863019161,0.8336735810771482,2.0,exponential,885,75575.0,75575.0,1.4325,0,0.0,1.0,1.0
10000,2.0,0.1,0.00046270658019903764,0.9210340371976184,0.0005023772863019161,0.8336735810771482,2.0,exponential,886,11837.0,11837.0,1.7019999,0,0.0,1.0,1.0
10000,2.0,0.1,0.00046270658019903764,0.9210340371976184,0.0005023772863019161,0.8336735810771482,2.0,exponential,887,61141.0,61141.0,2.1044,0,0.0,1.0,1.0
10000,2.0,0.1,0.00046270658019903764,0.9210340371976184,0.0005023772863019161,0.8336735810771482,2.0,exponential,888,19863.0,19863.0,2.1039999,0,0.0,1.0,1.0
10000,2.0,0.1,0.00046270658019903764,0.9210340371976184,0.0005023772863019161,0.8336735810771482,2.0,exponential,889,15109.0,15109.0,1.8067,0,0.0,1.0,1.0
10000,2.0,0.1,0.00046270658019903764,0.9210340371976184,0.0005023772863019161,0.8336735810771482,2.0,exponential,890,32445.0,32445.0,1.4157,0,0.0,1.0,1.0
10000,2.0,0.1,0.00046270658019903764,0.9210340371976184,0.0005023772863019161,0.8336735810771482,2.0,exponential,891,14672.0,14672.0,1.3278999,0,0.0,1.0,1.0
10000,2.0,0.1,0.00046270658019903764,0.9210340371976184,0.0005023772863019161,0.8336735810771482,2.0,exponential,892,45356.0,45356.0,1.413,0,0.0,1.0,1.0
10000,2.0,0.1,0.00046270658019903764,0.9210340371976184,0.0005023772863019161,0.8336735810771482,2.0,exponential,893,13305.0,13305.0,2.0377998,0,0.0,1.0,1.0
10000,2.0,0.1,0.00046270658019903764,0.9210340371976184,0.0005023772863019161,0.8336735810771482,2.0,exponential,894,7606.0,7606.0,2.6394,0,0.0,1.0,1.0
10000,2.0,0.1,0.00046270658019903764,0.9210340371976184,0.0005023772863019161,0.8336735810771482,2.0,exponential,895,13544.0,13544.0,1.778,0,0.0,1.0,1.0
10000,2.0,0.1,0.00046270658019903764,0.9210340371976184,0.0005023772863019161,0.8336735810771482,2.0,exponential,896,79860.0,79860.0,2.2605,0,0.0,1.0,1.0
10000,2.0,0.1,0.00046270658019903764,0.9210340371976184,0.0005023772863019161,0.8336735810771482,2.0,exponential,897,32657.0,32657.0,1.7756,0,0.0,1.0,1.0
10000,2.0,0.1,0.00046270658019903764,0.9210340371976184,0.0005023772863019161,0.8336735810771482,2.0,exponential,898,28018.0,28018.0,1.7454,0,0.0,1.0,1.0
10000,2.0,0.1,0.00046270658019903764,0.9210340371976184,0.0005023772863019161,0.8336735810771482,2.0,exponential,899,17425.0,17425.0,1.6556,0,0.0,1.0,1.0
10000,2.0,0.1,0.00046270658019903764,0.9210340371976184,0.0005023772863019161,0.8336735810771482,2.0,exponential,900,9447.0,9447.0,1.5955,0,0.0,1.0,1.0
10000,2.0,0.1,0.00046270658019903764,0.9210340371976184,0.0005023772863019161,0.8336735810771482,2.0,exponential,901,8428.0,8428.0,2.0753999,0,0.0,1.0,1.0
10000,2.0,0.1,0.00046270658019903764,0.9210340371976184,0.0005023772863019161,0.8336735810771482,2.0,exponential,902,46590.0,46590.0,1.4943999,0,0.0,1.0,1.0
10000,2.0,0.1,0.00046270658019903764,0.9210340371976184,0.0005023772863019161,0.8336735810771482,2.0,exponential,903,10291.0,10291.0,1.5609,0,0.0,1.0,1.0
10000,2.0,0.1,0.00046270658019903764,0.9210340371976184,0.0005023772863019161,0.8336735810771482,2.0,exponential,904,7856.0,7856.0,1.4167,0,0.0,1.0,1.0
10000,2.0,0.1,0.00046270658019903764,0.9210340371976184,0.0005023772863019161,0.8336735810771482,2.0,exponential,905,31484.0,31484.0,1.6990999,0,0.0,1.0,1.0
10000,2.0,0.1,0.00046270658019903764,0.9210340371976184,0.0005023772863019161,0.8336735810771482,2.0,exponential,906,82242.0,82242.0,2.4162,0,0.0,1.0,1.0
10000,2.0,0.1,0.00046270658019903764,0.9210340371976184,0.0005023772863019161,0.8336735810771482,2.0,exponential,907,31656.0,31656.0,2.0321999,0,0.0,1.0,1.0
10000,2.0,0.1,0.00046270658019903764,0.9210340371976184,0.0005023772863019161,0.8336735810771482,2.0,exponential,908,80782.0,80782.0,1.5608,0,0.0,1.0,1.0
10000,2.0,0.1,0.00046270658019903764,0.9210340371976184,0.0005023772863019161,0.8336735810771482,2.0,exponential,909,26742.0,26742.0,2.4139,0,0.0,1.0,1.0
10000,2.0,0.1,0.00046270658019903764,0.9210340371976184,0.0005023772863019161,0.8336735810771482,2.0,exponential,910,77443.0,77443.0,1.6005,0,0.0,1.0,1.0
10000,2.0,0.1,0.00046270658019903764,0.9210340371976184,0.0005023772863019161,0.8336735810771482,2.0,exponential,911,34954.0,34954.0,2.3157,0,0.0,1.0,1.0
10000,2.0,0.1,0.00046270658019903764,0.9210340371976184,0.0005023772863019161,0.8336735810771482,2.0,exponential,912,56127.0,56127.0,2.0532,0,0.0,1.0,1.0
10000,2.0,0.1,0.00046270658019903764,0.9210340371976184,0.0005023772863019161,0.8336735810771482,2.0,exponential,913,49325.0,49325.0,1.5938,0,0.0,1.0,1.0
10000,2.0,0.1,0.00046270658019903764,0.9210340371976184,0.0005023772863019161,0.8336735810771482,2.0,exponential,914,76732.0,76732.0,1.2623,0,0.0,1.0,1.0
10000,2.0,0.1,0.00046270658019903764,0.9210340371976184,0.0005023772863019161,0.8336735810771482,2.0,exponential,915,40408.0,40408.0,1.579,0,0.0,1.0,1.0
10000,2.0,0.1,0.00046270658019903764,0.9210340371976184,0.0005023772863019161,0.8336735810771482,2.0,exponential,916,14054.0,14054.0,1.6229999,0,0.0,1.0,1.0
10000,2.0,0.1,0.00046270658019903764,0.9210340371976184,0.0005023772863019161,0.8336735810771482,2.0,exponential,917,13965.0,13965.0,1.5287,0,0.0,1.0,1.0
10000,2.0,0.1,0.00046270658019903764,0.9210340371976184,0.0005023772863019161,0.8336735810771482,2.0,exponential,918,30213.0,30213.0,1.5562999,0,0.0,1.0,1.0
10000,2.0,0.1,0.00046270658019903764,0.9210340371976184,0.0005023772863019161,0.8336735810771482,2.0,exponential,919,11375.0,11375.0,1.1937,0,0.0,1.0,1.0
10000,2.0,0.1,0.00046270658019903764,0.9210340371976184,0.0005023772863019161,0.8336735810771482,2.0,exponential,920,40001.0,40001.0,1.5767,0,0.0,1.0,1.0
10000,2.0,0.1,0.00046270658019903764,0.9210340371976184,0.0005023772863019161,0.8336735810771482,2.0,exponential,921,17373.0,17373.0,1.9713999,0,0.0,1.0,1.0
10000,2.0,0.1,0.00046270658019903764,0.9210340371976184,0.0005023772863019161,0.8336735810771482,2.0,exponential,922,118356.0,118356.0,1.9555,0,0.0,1.0,1.0
10000,2.0,0.1,0.00046270658019903764,0.9210340371976184,0.0005023772863019161,0.8336735810771482,2.0,exponential,923,16392.0,16392.0,1.7994,0,0.0,1.0,1.0
10000,2.0,0.1,0.00046270658019903764,0.9210340371976184,0.0005023772863019161,0.8336735810771482,2.0,exponential,924,91232.0,91232.0,1.9355999,0,0.0,1.0,1.0
10000,2.0,0.1,0.00046270658019903764,0.9210340371976184,0.0005023772863019161,0.8336735810771482,2.0,exponential,925,34455.0,34455.0,1.6204,0,0.0,1.0,1.0
10000,2.0,0.1,0.00046270658019903764,0.9210340371976184,0.0005023772863019161,0.8336735810771482,2.0,exponential,926,37975.0,37975.0,1.6416999,0,0.0,1.0,1.0
10000,2.0,0.1,0.00046270658019903764,0.9210340371976184,0.0005023772863019161,0.8336735810771482,2.0,exponential,927,49413.0,49413.0,1.8047999,0,0.0,1.0,1.0
10000,2.0,0.1,0.00046270658019903764,0.9210340371976184,0.0005023772863019161,0.8336735810771482,2.0,exponential,928,48663.0,48663.0,1.4468,0,0.0,1.0,1.0
10000,2.0,0.1,0.00046270658019903764,0.9210340371976184,0.0005023772863019161,0.8336735810771482,2.0,exponential,929,21288.0,21288.0,1.2947999,0,0.0,1.0,1.0
10000,2.0,0.1,0.00046270658019903764,0.9210340371976184,0.0005023772863019161,0.8336735810771482,2.0,exponential,930,76953.0,76953.0,1.4035,0,0.0,1.0,1.0
10000,2.0,0.1,0.00046270658019903764,0.9210340371976184,0.0005023772863019161,0.8336735810771482,2.0,exponential,931,5153.0,5153.0,1.5324,0,0.0,1.0,1.0
10000,2.0,0.1,0.00046270658019903764,0.9210340371976184,0.0005023772863019161,0.8336735810771482,2.0,exponential,932,46638.0,46638.0,1.4791,0,0.0,1.0,1.0
10000,2.0,0.1,0.00046270658019903764,0.9210340371976184,0.0005023772863019161,0.8336735810771482,2.0,exponential,933,5918.0,5918.0,1.6499,0,0.0,1.0,1.0
10000,2.0,0.1,0.00046270658019903764,0.9210340371976184,0.0005023772863019161,0.8336735810771482,2.0,exponential,934,30992.0,30992.0,2.4819999,0,0.0,1.0,1.0
10000,2.0,0.1,0.00046270658019903764,0.9210340371976184,0.0005023772863019161,0.8336735810771482,2.0,exponential,935,38661.0,38661.0,1.4959999,0,0.0,1.0,1.0
10000,2.0,0.1,0.00046270658019903764,0.9210340371976184,0.0005023772863019161,0.8336735810771482,2.0,exponential,936,51262.0,51262.0,1.6402999,0,0.0,1.0,1.0
10000,2.0,0.1,0.00046270658019903764,0.9210340371976184,0.0005023772863019161,0.8336735810771482,2.0,exponential,937,45189.0,45189.0,1.9251,0,0.0,1.0,1.0
10000,2.0,0.1,0.00046270658019903764,0.9210340371976184,0.0005023772863019161,0.8336735810771482,2.0,exponential,938,5315.0,5315.0,1.9332,0,0.0,1.0,1.0
10000,2.0,0.1,0.00046270658019903764,0.9210340371976184,0.0005023772863019161,0.8336735810771482,2.0,exponential,939,31668.0,31668.0,1.8291,0,0.0,1.0,1.0
10000,2.0,0.1,0.00046270658019903764,0.9210340371976184,0.0005023772863019161,0.8336735810771482,2.0,exponential,940,9961.0,9961.0,1.6055,0,0.0,1.0,1.0
10000,2.0,0.1,0.00046270658019903764,0.9210340371976184,0.0005023772863019161,0.8336735810771482,2.0,exponential,941,43791.0,43791.0,1.8311,0,0.0,1.0,1.0
10000,2.0,0.1,0.00046270658019903764,0.9210340371976184,0.0005023772863019161,0.8336735810771482,2.0,exponential,942,10971.0,10971.0,1.9152,0,0.0,1.0,1.0
10000,2.0,0.1,0.00046270658019903764,0.9210340371976184,0.0005023772863019161,0.8336735810771482,2.0,exponential,943,2816.0,2816.0,1.6995,0,0.0,1.0,1.0
10000,2.0,0.1,0.00046270658019903764,0.9210340371976184,0.0005023772863019161,0.8336735810771482,2.0,exponential,944,5276.0,5276.0,1.4781,0,0.0,1.0,1.0
10000,2.0,0.1,0.00046270658019903764,0.9210340371976184,0.0005023772863019161,0.8336735810771482,2.0,exponential,945,42730.0,42730.0,1.6875,0,0.0,1.0,1.0
10000,2.0,0.1,0.00046270658019903764,0.9210340371976184,0.0005023772863019161,0.8336735810771482,2.0,exponential,946,42315.0,42315.0,1.6198,0,0.0,1.0,1.0
10000,2.0,0.1,0.00046270658019903764,0.9210340371976184,0.0005023772863019161,0.8336735810771482,2.0,exponential,947,148250.0,148250.0,1.5242,0,0.0,1.0,1.0
10000,2.0,0.1,0.00046270658019903764,0.9210340371976184,0.0005023772863019161,0.8336735810771482,2.0,exponential,948,6342.0,6342.0,1.4964,0,0.0,1.0,1.0
10000,2.0,0.1,0.00046270658019903764,0.9210340371976184,0.0005023772863019161,0.8336735810771482,2.0,exponential,949,105852.0,105852.0,1.834,0,0.0,1.0,1.0
10000,2.0,0.1,0.00046270658019903764,0.9210340371976184,0.0005023772863019161,0.8336735810771482,2.0,exponential,950,22983.0,22983.0,1.5008999,0,0.0,1.0,1.0
10000,2.0,0.1,0.00046270658019903764,0.9210340371976184,0.0005023772863019161,0.8336735810771482,2.0,exponential,951,3549.0,3549.0,2.0636,0,0.0,1.0,1.0
10000,2.0,0.1,0.00046270658019903764,0.9210340371976184,0.0005023772863019161,0.8336735810771482,2.0,exponential,952,64422.0,64422.0,1.7637,0,0.0,1.0,1.0
10000,2.0,0.1,0.00046270658019903764,0.9210340371976184,0.0005023772863019161,0.8336735810771482,2.0,exponential,953,29111.0,29111.0,1.7761999,0,0.0,1.0,1.0
10000,2.0,0.1,0.00046270658019903764,0.9210340371976184,0.0005023772863019161,0.8336735810771482,2.0,exponential,954,2900.0,2900.0,1.5065,0,0.0,1.0,1.0
10000,2.0,0.1,0.00046270658019903764,0.9210340371976184,0.0005023772863019161,0.8336735810771482,2.0,exponential,955,38156.0,38156.0,1.9009999,0,0.0,1.0,1.0
10000,2.0,0.1,0.00046270658019903764,0.9210340371976184,0.0005023772863019161,0.8336735810771482,2.0,exponential,956,38284.0,38284.0,2.3056998,0,0.0,1.0,1.0
10000,2.0,0.1,0.00046270658019903764,0.9210340371976184,0.0005023772863019161,0.8336735810771482,2.0,exponential,957,27797.0,27797.0,2.1088998,0,0.0,1.0,1.0
10000,2.0,0.1,0.00046270658019903764,0.9210340371976184,0.0005023772863019161,0.8336735810771482,2.0,exponential,958,13307.0,13307.0,1.4361,0,0.0,1.0,1.0
10000,2.0,0.1,0.00046270658019903764,0.9210340371976184,0.0005023772863019161,0.8336735810771482,2.0,exponential,959,12246.0,12246.0,1.645,0,0.0,1.0,1.0
10000,2.0,0.1,0.00046270658019903764,0.9210340371976184,0.0005023772863019161,0.8336735810771482,2.0,exponential,960,42059.0,42059.0,1.4854,0,0.0,1.0,1.0
10000,2.0,0.1,0.00046270658019903764,0.9210340371976184,0.0005023772863019161,0.8336735810771482,2.0,exponential,961,92156.0,92156.0,1.4595,0,0.0,1.0,1.0
10000,2.0,0.1,0.00046270658019903764,0.9210340371976184,0.0005023772863019161,0.8336735810771482,2.0,exponential,962,50009.0,50009.0,1.4108,0,0.0,1.0,1.0
10000,2.0,0.1,0.00046270658019903764,0.9210340371976184,0.0005023772863019161,0.8336735810771482,2.0,exponential,963,44181.0,44181.0,2.0204,0,0.0,1.0,1.0
10000,2.0,0.1,0.00046270658019903764,0.9210340371976184,0.0005023772863019161,0.8336735810771482,2.0,exponential,964,24876.0,24876.0,1.301,0,0.0,1.0,1.0
10000,2.0,0.1,0.00046270658019903764,0.9210340371976184,0.0005023772863019161,0.8336735810771482,2.0,exponential,965,25686.0,25686.0,1.7916,0,0.0,1.0,1.0
10000,2.0,0.1,0.00046270658019903764,0.9210340371976184,0.0005023772863019161,0.8336735810771482,2.0,exponential,966,5745.0,5745.0,1.6444,0,0.0,1.0,1.0
10000,2.0,0.1,0.00046270658019903764,0.9210340371976184,0.0005023772863019161,0.8336735810771482,2.0,exponential,967,22855.0,22855.0,1.3772,0,0.0,1.0,1.0
10000,2.0,0.1,0.00046270658019903764,0.9210340371976184,0.0005023772863019161,0.8336735810771482,2.0,exponential,968,64156.0,64156.0,1.8097999,0,0.0,1.0,1.0
10000,2.0,0.1,0.00046270658019903764,0.9210340371976184,0.0005023772863019161,0.8336735810771482,2.0,exponential,969,15704.0,15704.0,2.1753,0,0.0,1.0,1.0
10000,2.0,0.1,0.00046270658019903764,0.9210340371976184,0.0005023772863019161,0.8336735810771482,2.0,exponential,970,29243.0,29243.0,1.8346,0,0.0,1.0,1.0
10000,2.0,0.1,0.00046270658019903764,0.9210340371976184,0.0005023772863019161,0.8336735810771482,2.0,exponential,971,59552.0,59552.0,1.5471,0,0.0,1.0,1.0
10000,2.0,0.1,0.00046270658019903764,0.9210340371976184,0.0005023772863019161,0.8336735810771482,2.0,exponential,972,60465.0,60465.0,2.0154,0,0.0,1.0,1.0
10000,2.0,0.1,0.00046270658019903764,0.9210340371976184,0.0005023772863019161,0.8336735810771482,2.0,exponential,973,23440.0,23440.0,1.7068,0,0.0,1.0,1.0
10000,2.0,0.1,0.00046270658019903764,0.9210340371976184,0.0005023772863019161,0.8336735810771482,2.0,exponential,974,2065.0,2065.0,1.7508,0,0.0,1.0,1.0
10000,2.0,0.1,0.00046270658019903764,0.9210340371976184,0.0005023772863019161,0.8336735810771482,2.0,exponential,975,10489.0,10489.0,1.6516999,0,0.0,1.0,1.0
10000,2.0,0.1,0.00046270658019903764,0.9210340371976184,0.0005023772863019161,0.8336735810771482,2.0,exponential,976,69921.0,69921.0,1.5379,0,0.0,1.0,1.0
10000,2.0,0.1,0.00046270658019903764,0.9210340371976184,0.0005023772863019161,0.8336735810771482,2.0,exponential,977,8746.0,8746.0,1.5259,0,0.0,1.0,1.0
10000,2.0,0.1,0.00046270658019903764,0.9210340371976184,0.0005023772863019161,0.8336735810771482,2.0,exponential,978,56912.0,56912.0,2.26,0,0.0,1.0,1.0
10000,2.0,0.1,0.00046270658019903764,0.9210340371976184,0.0005023772863019161,0.8336735810771482,2.0,exponential,979,15704.0,15704.0,1.6868999,0,0.0,1.0,1.0
10000,2.0,0.1,0.00046270658019903764,0.9210340371976184,0.0005023772863019161,0.8336735810771482,2.0,exponential,980,47998.0,47998.0,1.6577,0,0.0,1.0,1.0
10000,2.0,0.1,0.00046270658019903764,0.9210340371976184,0.0005023772863019161,0.8336735810771482,2.0,exponential,981,49972.0,49972.0,2.8920999,0,0.0,1.0,1.0
10000,2.0,0.1,0.00046270658019903764,0.9210340371976184,0.0005023772863019161,0.8336735810771482,2.0,exponential,982,40147.0,40147.0,1.5682,0,0.0,1.0,1.0
10000,2.0,0.1,0.00046270658019903764,0.9210340371976184,0.0005023772863019161,0.8336735810771482,2.0,exponential,983,22406.0,22406.0,2.2702,0,0.0,1.0,1.0
10000,2.0,0.1,0.00046270658019903764,0.9210340371976184,0.0005023772863019161,0.8336735810771482,2.0,exponential,984,7031.0,7031.0,1.7391,0,0.0,1.0,1.0
10000,2.0,0.1,0.00046270658019903764,0.9210340371976184,0.0005023772863019161,0.8336735810771482,2.0,exponential,985,30819.0,30819.0,1.7907,0,0.0,1.0,1.0
10000,2.0,0.1,0.00046270658019903764,0.9210340371976184,0.0005023772863019161,0.8336735810771482,2.0,exponential,986,58102.0,58102.0,2.2735,0,0.0,1.0,1.0
10000,2.0,0.1,0.00046270658019903764,0.9210340371976184,0.0005023772863019161,0.8336735810771482,2.0,exponential,987,9738.0,9738.0,1.5491999,0,0.0,1.0,1.0
10000,2.0,0.1,0.00046270658019903764,0.9210340371976184,0.0005023772863019161,0.8336735810771482,2.0,exponential,988,6539.0,6539.0,1.7491,0,0.0,1.0,1.0
10000,2.0,0.1,0.00046270658019903764,0.9210340371976184,0.0005023772863019161,0.8336735810771482,2.0,exponential,989,115069.0,115069.0,1.7953999,0,0.0,1.0,1.0
10000,2.0,0.1,0.00046270658019903764,0.9210340371976184,0.0005023772863019161,0.8336735810771482,2.0,exponential,990,36863.0,36863.0,1.5382999,0,0.0,1.0,1.0
10000,2.0,0.1,0.00046270658019903764,0.9210340371976184,0.0005023772863019161,0.8336735810771482,2.0,exponential,991,56242.0,56242.0,1.7321,0,0.0,1.0,1.0
10000,2.0,0.1,0.00046270658019903764,0.9210340371976184,0.0005023772863019161,0.8336735810771482,2.0,exponential,992,24325.0,24325.0,1.5317999,0,0.0,1.0,1.0
10000,2.0,0.1,0.00046270658019903764,0.9210340371976184,0.0005023772863019161,0.8336735810771482,2.0,exponential,993,24602.0,24602.0,1.7479,0,0.0,1.0,1.0
10000,2.0,0.1,0.00046270658019903764,0.9210340371976184,0.0005023772863019161,0.8336735810771482,2.0,exponential,994,8098.0,8098.0,2.4733999,0,0.0,1.0,1.0
10000,2.0,0.1,0.00046270658019903764,0.9210340371976184,0.0005023772863019161,0.8336735810771482,2.0,exponential,995,50421.0,50421.0,2.1438,0,0.0,1.0,1.0
10000,2.0,0.1,0.00046270658019903764,0.9210340371976184,0.0005023772863019161,0.8336735810771482,2.0,exponential,996,14690.0,14690.0,1.6919999,0,0.0,1.0,1.0
10000,2.0,0.1,0.00046270658019903764,0.9210340371976184,0.0005023772863019161,0.8336735810771482,2.0,exponential,997,28158.0,28158.0,1.8814,0,0.0,1.0,1.0
10000,2.0,0.1,0.00046270658019903764,0.9210340371976184,0.0005023772863019161,0.8336735810771482,2.0,exponential,998,62527.0,62527.0,1.5715,0,0.0,1.0,1.0
10000,2.0,0.1,0.00046270658019903764,0.9210340371976184,0.0005023772863019161,0.8336735810771482,2.0,exponential,999,27338.0,27338.0,2.1713,0,0.0,1.0,1.0
