N,psi,delta,lambda,theta,alpha,effective_beta,psi_check,selection_mode,path_index,hit_x0_zero,t_0,first_loss_time,stop_time,simulated_until,simulated_until_rule,kappa_1_at_t0,kappa_1_at_stop,X0_count_at_stop,X_0_at_stop,leading_zero_count_at_t0,first_nonzero_class_at_t0,num_classes,T_MAX
10000,1.0,0.4,0.014666810181288346,3.684136148790474,0.003981071705534975,0.45841608216115287,0.9999999999999999,exponential,0,True,240.0,240.0,240,240,"min(t_0, 1000000)",3.9843998,3.9843998,0,0.0,1.0,1.0,10000,1000000
10000,1.0,0.4,0.014666810181288346,3.684136148790474,0.003981071705534975,0.45841608216115287,0.9999999999999999,exponential,1,True,404.0,404.0,404,404,"min(t_0, 1000000)",3.5837998,3.5837998,0,0.0,1.0,1.0,10000,1000000
10000,1.0,0.4,0.014666810181288346,3.684136148790474,0.003981071705534975,0.45841608216115287,0.9999999999999999,exponential,2,True,190.0,190.0,190,190,"min(t_0, 1000000)",3.9991,3.9991,0,0.0,1.0,1.0,10000,1000000
10000,1.0,0.4,0.014666810181288346,3.684136148790474,0.003981071705534975,0.45841608216115287,0.9999999999999999,exponential,3,True,934.0,934.0,934,934,"min(t_0, 1000000)",3.5005999,3.5005999,0,0.0,1.0,1.0,10000,1000000
10000,1.0,0.4,0.014666810181288346,3.684136148790474,0.003981071705534975,0.45841608216115287,0.9999999999999999,exponential,4,True,201.0,201.0,201,201,"min(t_0, 1000000)",3.8437998,3.8437998,0,0.0,1.0,1.0,10000,1000000
10000,1.0,0.4,0.014666810181288346,3.684136148790474,0.003981071705534975,0.45841608216115287,0.9999999999999999,exponential,5,True,152.0,152.0,152,152,"min(t_0, 1000000)",4.1614,4.1614,0,0.0,1.0,1.0,10000,1000000
10000,1.0,0.4,0.014666810181288346,3.684136148790474,0.003981071705534975,0.45841608216115287,0.9999999999999999,exponential,6,True,758.0,758.0,758,758,"min(t_0, 1000000)",3.6495,3.6495,0,0.0,1.0,1.0,10000,1000000
10000,1.0,0.4,0.014666810181288346,3.684136148790474,0.003981071705534975,0.45841608216115287,0.9999999999999999,exponential,7,True,508.0,508.0,508,508,"min(t_0, 1000000)",3.3460999,3.3460999,0,0.0,1.0,1.0,10000,1000000
10000,1.0,0.4,0.014666810181288346,3.684136148790474,0.003981071705534975,0.45841608216115287,0.9999999999999999,exponential,8,True,237.0,237.0,237,237,"min(t_0, 1000000)",4.0596,4.0596,0,0.0,1.0,1.0,10000,1000000
10000,1.0,0.4,0.014666810181288346,3.684136148790474,0.003981071705534975,0.45841608216115287,0.9999999999999999,exponential,9,True,1880.0,1880.0,1880,1880,"min(t_0, 1000000)",3.8456,3.8456,0,0.0,1.0,1.0,10000,1000000
10000,1.0,0.4,0.014666810181288346,3.684136148790474,0.003981071705534975,0.45841608216115287,0.9999999999999999,exponential,10,True,148.0,148.0,148,148,"min(t_0, 1000000)",4.0165,4.0165,0,0.0,1.0,1.0,10000,1000000
10000,1.0,0.4,0.014666810181288346,3.684136148790474,0.003981071705534975,0.45841608216115287,0.9999999999999999,exponential,11,True,1605.0,1605.0,1605,1605,"min(t_0, 1000000)",3.5512,3.5512,0,0.0,1.0,1.0,10000,1000000
10000,1.0,0.4,0.014666810181288346,3.684136148790474,0.003981071705534975,0.45841608216115287,0.9999999999999999,exponential,12,True,165.0,165.0,165,165,"min(t_0, 1000000)",3.9896998,3.9896998,0,0.0,1.0,1.0,10000,1000000
10000,1.0,0.4,0.014666810181288346,3.684136148790474,0.003981071705534975,0.45841608216115287,0.9999999999999999,exponential,13,True,862.0,862.0,862,862,"min(t_0, 1000000)",3.6208,3.6208,0,0.0,1.0,1.0,10000,1000000
10000,1.0,0.4,0.014666810181288346,3.684136148790474,0.003981071705534975,0.45841608216115287,0.9999999999999999,exponential,14,True,1801.0,1801.0,1801,1801,"min(t_0, 1000000)",3.9724998,3.9724998,0,0.0,1.0,1.0,10000,1000000
10000,1.0,0.4,0.014666810181288346,3.684136148790474,0.003981071705534975,0.45841608216115287,0.9999999999999999,exponential,15,True,532.0,532.0,532,532,"min(t_0, 1000000)",4.7144,4.7144,0,0.0,1.0,1.0,10000,1000000
10000,1.0,0.4,0.014666810181288346,3.684136148790474,0.003981071705534975,0.45841608216115287,0.9999999999999999,exponential,16,True,1714.0,1714.0,1714,1714,"min(t_0, 1000000)",4.1969,4.1969,0,0.0,1.0,1.0,10000,1000000
10000,1.0,0.4,0.014666810181288346,3.684136148790474,0.003981071705534975,0.45841608216115287,0.9999999999999999,exponential,17,True,484.0,484.0,484,484,"min(t_0, 1000000)",4.3866997,4.3866997,0,0.0,1.0,1.0,10000,1000000
10000,1.0,0.4,0.014666810181288346,3.684136148790474,0.003981071705534975,0.45841608216115287,0.9999999999999999,exponential,18,True,1132.0,1132.0,1132,1132,"min(t_0, 1000000)",3.8713,3.8713,0,0.0,1.0,1.0,10000,1000000
10000,1.0,0.4,0.014666810181288346,3.684136148790474,0.003981071705534975,0.45841608216115287,0.9999999999999999,exponential,19,True,935.0,935.0,935,935,"min(t_0, 1000000)",4.093,4.093,0,0.0,1.0,1.0,10000,1000000
10000,1.0,0.4,0.014666810181288346,3.684136148790474,0.003981071705534975,0.45841608216115287,0.9999999999999999,exponential,20,True,1164.0,1164.0,1164,1164,"min(t_0, 1000000)",3.5867999,3.5867999,0,0.0,1.0,1.0,10000,1000000
10000,1.0,0.4,0.014666810181288346,3.684136148790474,0.003981071705534975,0.45841608216115287,0.9999999999999999,exponential,21,True,2372.0,2372.0,2372,2372,"min(t_0, 1000000)",4.0829,4.0829,0,0.0,1.0,1.0,10000,1000000
10000,1.0,0.4,0.014666810181288346,3.684136148790474,0.003981071705534975,0.45841608216115287,0.9999999999999999,exponential,22,True,499.0,499.0,499,499,"min(t_0, 1000000)",3.8941,3.8941,0,0.0,1.0,1.0,10000,1000000
10000,1.0,0.4,0.014666810181288346,3.684136148790474,0.003981071705534975,0.45841608216115287,0.9999999999999999,exponential,23,True,463.0,463.0,463,463,"min(t_0, 1000000)",3.7977,3.7977,0,0.0,1.0,1.0,10000,1000000
10000,1.0,0.4,0.014666810181288346,3.684136148790474,0.003981071705534975,0.45841608216115287,0.9999999999999999,exponential,24,True,290.0,290.0,290,290,"min(t_0, 1000000)",3.7168,3.7168,0,0.0,1.0,1.0,10000,1000000
10000,1.0,0.4,0.014666810181288346,3.684136148790474,0.003981071705534975,0.45841608216115287,0.9999999999999999,exponential,25,True,436.0,436.0,436,436,"min(t_0, 1000000)",4.3382,4.3382,0,0.0,1.0,1.0,10000,1000000
10000,1.0,0.4,0.014666810181288346,3.684136148790474,0.003981071705534975,0.45841608216115287,0.9999999999999999,exponential,26,True,1685.0,1685.0,1685,1685,"min(t_0, 1000000)",3.9213998,3.9213998,0,0.0,1.0,1.0,10000,1000000
10000,1.0,0.4,0.014666810181288346,3.684136148790474,0.003981071705534975,0.45841608216115287,0.9999999999999999,exponential,27,True,243.0,243.0,243,243,"min(t_0, 1000000)",4.3181,4.3181,0,0.0,1.0,1.0,10000,1000000
10000,1.0,0.4,0.014666810181288346,3.684136148790474,0.003981071705534975,0.45841608216115287,0.9999999999999999,exponential,28,True,671.0,671.0,671,671,"min(t_0, 1000000)",3.5453,3.5453,0,0.0,1.0,1.0,10000,1000000
10000,1.0,0.4,0.014666810181288346,3.684136148790474,0.003981071705534975,0.45841608216115287,0.9999999999999999,exponential,29,True,2278.0,2278.0,2278,2278,"min(t_0, 1000000)",4.1944,4.1944,0,0.0,1.0,1.0,10000,1000000
10000,1.0,0.4,0.014666810181288346,3.684136148790474,0.003981071705534975,0.45841608216115287,0.9999999999999999,exponential,30,True,284.0,284.0,284,284,"min(t_0, 1000000)",3.9629,3.9629,0,0.0,1.0,1.0,10000,1000000
10000,1.0,0.4,0.014666810181288346,3.684136148790474,0.003981071705534975,0.45841608216115287,0.9999999999999999,exponential,31,True,518.0,518.0,518,518,"min(t_0, 1000000)",4.4305,4.4305,0,0.0,1.0,1.0,10000,1000000
10000,1.0,0.4,0.014666810181288346,3.684136148790474,0.003981071705534975,0.45841608216115287,0.9999999999999999,exponential,32,True,1272.0,1272.0,1272,1272,"min(t_0, 1000000)",4.3743997,4.3743997,0,0.0,1.0,1.0,10000,1000000
10000,1.0,0.4,0.014666810181288346,3.684136148790474,0.003981071705534975,0.45841608216115287,0.9999999999999999,exponential,33,True,1395.0,1395.0,1395,1395,"min(t_0, 1000000)",3.7405,3.7405,0,0.0,1.0,1.0,10000,1000000
10000,1.0,0.4,0.014666810181288346,3.684136148790474,0.003981071705534975,0.45841608216115287,0.9999999999999999,exponential,34,True,261.0,261.0,261,261,"min(t_0, 1000000)",4.0347,4.0347,0,0.0,1.0,1.0,10000,1000000
10000,1.0,0.4,0.014666810181288346,3.684136148790474,0.003981071705534975,0.45841608216115287,0.9999999999999999,exponential,35,True,86.0,86.0,86,86,"min(t_0, 1000000)",3.862,3.862,0,0.0,1.0,1.0,10000,1000000
10000,1.0,0.4,0.014666810181288346,3.684136148790474,0.003981071705534975,0.45841608216115287,0.9999999999999999,exponential,36,True,594.0,594.0,594,594,"min(t_0, 1000000)",4.1912,4.1912,0,0.0,1.0,1.0,10000,1000000
10000,1.0,0.4,0.014666810181288346,3.684136148790474,0.003981071705534975,0.45841608216115287,0.9999999999999999,exponential,37,True,1078.0,1078.0,1078,1078,"min(t_0, 1000000)",3.9404,3.9404,0,0.0,1.0,1.0,10000,1000000
10000,1.0,0.4,0.014666810181288346,3.684136148790474,0.003981071705534975,0.45841608216115287,0.9999999999999999,exponential,38,True,81.0,81.0,81,81,"min(t_0, 1000000)",3.7117,3.7117,0,0.0,1.0,1.0,10000,1000000
10000,1.0,0.4,0.014666810181288346,3.684136148790474,0.003981071705534975,0.45841608216115287,0.9999999999999999,exponential,39,True,614.0,614.0,614,614,"min(t_0, 1000000)",3.8133998,3.8133998,0,0.0,1.0,1.0,10000,1000000
10000,1.0,0.4,0.014666810181288346,3.684136148790474,0.003981071705534975,0.45841608216115287,0.9999999999999999,exponential,40,True,264.0,264.0,264,264,"min(t_0, 1000000)",3.7989,3.7989,0,0.0,1.0,1.0,10000,1000000
10000,1.0,0.4,0.014666810181288346,3.684136148790474,0.003981071705534975,0.45841608216115287,0.9999999999999999,exponential,41,True,234.0,234.0,234,234,"min(t_0, 1000000)",4.0773,4.0773,0,0.0,1.0,1.0,10000,1000000
10000,1.0,0.4,0.014666810181288346,3.684136148790474,0.003981071705534975,0.45841608216115287,0.9999999999999999,exponential,42,True,1007.0,1007.0,1007,1007,"min(t_0, 1000000)",3.5821,3.5821,0,0.0,1.0,1.0,10000,1000000
10000,1.0,0.4,0.014666810181288346,3.684136148790474,0.003981071705534975,0.45841608216115287,0.9999999999999999,exponential,43,True,507.0,507.0,507,507,"min(t_0, 1000000)",3.9317,3.9317,0,0.0,1.0,1.0,10000,1000000
10000,1.0,0.4,0.014666810181288346,3.684136148790474,0.003981071705534975,0.45841608216115287,0.9999999999999999,exponential,44,True,601.0,601.0,601,601,"min(t_0, 1000000)",3.7484999,3.7484999,0,0.0,1.0,1.0,10000,1000000
10000,1.0,0.4,0.014666810181288346,3.684136148790474,0.003981071705534975,0.45841608216115287,0.9999999999999999,exponential,45,True,1117.0,1117.0,1117,1117,"min(t_0, 1000000)",4.6664,4.6664,0,0.0,1.0,1.0,10000,1000000
10000,1.0,0.4,0.014666810181288346,3.684136148790474,0.003981071705534975,0.45841608216115287,0.9999999999999999,exponential,46,True,2649.0,2649.0,2649,2649,"min(t_0, 1000000)",4.2511997,4.2511997,0,0.0,1.0,1.0,10000,1000000
10000,1.0,0.4,0.014666810181288346,3.684136148790474,0.003981071705534975,0.45841608216115287,0.9999999999999999,exponential,47,True,259.0,259.0,259,259,"min(t_0, 1000000)",3.8332999,3.8332999,0,0.0,1.0,1.0,10000,1000000
10000,1.0,0.4,0.014666810181288346,3.684136148790474,0.003981071705534975,0.45841608216115287,0.9999999999999999,exponential,48,True,1256.0,1256.0,1256,1256,"min(t_0, 1000000)",3.9777,3.9777,0,0.0,1.0,1.0,10000,1000000
10000,1.0,0.4,0.014666810181288346,3.684136148790474,0.003981071705534975,0.45841608216115287,0.9999999999999999,exponential,49,True,294.0,294.0,294,294,"min(t_0, 1000000)",3.75,3.75,0,0.0,1.0,1.0,10000,1000000
10000,1.0,0.4,0.014666810181288346,3.684136148790474,0.003981071705534975,0.45841608216115287,0.9999999999999999,exponential,50,True,548.0,548.0,548,548,"min(t_0, 1000000)",4.3911,4.3911,0,0.0,1.0,1.0,10000,1000000
10000,1.0,0.4,0.014666810181288346,3.684136148790474,0.003981071705534975,0.45841608216115287,0.9999999999999999,exponential,51,True,458.0,458.0,458,458,"min(t_0, 1000000)",3.6971,3.6971,0,0.0,1.0,1.0,10000,1000000
10000,1.0,0.4,0.014666810181288346,3.684136148790474,0.003981071705534975,0.45841608216115287,0.9999999999999999,exponential,52,True,291.0,291.0,291,291,"min(t_0, 1000000)",4.118,4.118,0,0.0,1.0,1.0,10000,1000000
10000,1.0,0.4,0.014666810181288346,3.684136148790474,0.003981071705534975,0.45841608216115287,0.9999999999999999,exponential,53,True,4445.0,4445.0,4445,4445,"min(t_0, 1000000)",3.7194,3.7194,0,0.0,1.0,1.0,10000,1000000
10000,1.0,0.4,0.014666810181288346,3.684136148790474,0.003981071705534975,0.45841608216115287,0.9999999999999999,exponential,54,True,583.0,583.0,583,583,"min(t_0, 1000000)",3.6801,3.6801,0,0.0,1.0,1.0,10000,1000000
10000,1.0,0.4,0.014666810181288346,3.684136148790474,0.003981071705534975,0.45841608216115287,0.9999999999999999,exponential,55,True,566.0,566.0,566,566,"min(t_0, 1000000)",3.944,3.944,0,0.0,1.0,1.0,10000,1000000
10000,1.0,0.4,0.014666810181288346,3.684136148790474,0.003981071705534975,0.45841608216115287,0.9999999999999999,exponential,56,True,495.0,495.0,495,495,"min(t_0, 1000000)",3.7882,3.7882,0,0.0,1.0,1.0,10000,1000000
10000,1.0,0.4,0.014666810181288346,3.684136148790474,0.003981071705534975,0.45841608216115287,0.9999999999999999,exponential,57,True,379.0,379.0,379,379,"min(t_0, 1000000)",3.724,3.724,0,0.0,1.0,1.0,10000,1000000
10000,1.0,0.4,0.014666810181288346,3.684136148790474,0.003981071705534975,0.45841608216115287,0.9999999999999999,exponential,58,True,1687.0,1687.0,1687,1687,"min(t_0, 1000000)",3.8121998,3.8121998,0,0.0,1.0,1.0,10000,1000000
10000,1.0,0.4,0.014666810181288346,3.684136148790474,0.003981071705534975,0.45841608216115287,0.9999999999999999,exponential,59,True,993.0,993.0,993,993,"min(t_0, 1000000)",3.8476,3.8476,0,0.0,1.0,1.0,10000,1000000
10000,1.0,0.4,0.014666810181288346,3.684136148790474,0.003981071705534975,0.45841608216115287,0.9999999999999999,exponential,60,True,663.0,663.0,663,663,"min(t_0, 1000000)",4.0934,4.0934,0,0.0,1.0,1.0,10000,1000000
10000,1.0,0.4,0.014666810181288346,3.684136148790474,0.003981071705534975,0.45841608216115287,0.9999999999999999,exponential,61,True,474.0,474.0,474,474,"min(t_0, 1000000)",3.942,3.942,0,0.0,1.0,1.0,10000,1000000
10000,1.0,0.4,0.014666810181288346,3.684136148790474,0.003981071705534975,0.45841608216115287,0.9999999999999999,exponential,62,True,454.0,454.0,454,454,"min(t_0, 1000000)",3.9304,3.9304,0,0.0,1.0,1.0,10000,1000000
10000,1.0,0.4,0.014666810181288346,3.684136148790474,0.003981071705534975,0.45841608216115287,0.9999999999999999,exponential,63,True,1259.0,1259.0,1259,1259,"min(t_0, 1000000)",5.0818,5.0818,0,0.0,1.0,1.0,10000,1000000
10000,1.0,0.4,0.014666810181288346,3.684136148790474,0.003981071705534975,0.45841608216115287,0.9999999999999999,exponential,64,True,157.0,157.0,157,157,"min(t_0, 1000000)",3.6388,3.6388,0,0.0,1.0,1.0,10000,1000000
10000,1.0,0.4,0.014666810181288346,3.684136148790474,0.003981071705534975,0.45841608216115287,0.9999999999999999,exponential,65,True,234.0,234.0,234,234,"min(t_0, 1000000)",3.7296,3.7296,0,0.0,1.0,1.0,10000,1000000
10000,1.0,0.4,0.014666810181288346,3.684136148790474,0.003981071705534975,0.45841608216115287,0.9999999999999999,exponential,66,True,606.0,606.0,606,606,"min(t_0, 1000000)",4.1552997,4.1552997,0,0.0,1.0,1.0,10000,1000000
10000,1.0,0.4,0.014666810181288346,3.684136148790474,0.003981071705534975,0.45841608216115287,0.9999999999999999,exponential,67,True,640.0,640.0,640,640,"min(t_0, 1000000)",4.382,4.382,0,0.0,1.0,1.0,10000,1000000
10000,1.0,0.4,0.014666810181288346,3.684136148790474,0.003981071705534975,0.45841608216115287,0.9999999999999999,exponential,68,True,135.0,135.0,135,135,"min(t_0, 1000000)",4.1110997,4.1110997,0,0.0,1.0,1.0,10000,1000000
10000,1.0,0.4,0.014666810181288346,3.684136148790474,0.003981071705534975,0.45841608216115287,0.9999999999999999,exponential,69,True,472.0,472.0,472,472,"min(t_0, 1000000)",4.2543,4.2543,0,0.0,1.0,1.0,10000,1000000
10000,1.0,0.4,0.014666810181288346,3.684136148790474,0.003981071705534975,0.45841608216115287,0.9999999999999999,exponential,70,True,135.0,135.0,135,135,"min(t_0, 1000000)",3.7129,3.7129,0,0.0,1.0,1.0,10000,1000000
10000,1.0,0.4,0.014666810181288346,3.684136148790474,0.003981071705534975,0.45841608216115287,0.9999999999999999,exponential,71,True,1618.0,1618.0,1618,1618,"min(t_0, 1000000)",3.5993998,3.5993998,0,0.0,1.0,1.0,10000,1000000
10000,1.0,0.4,0.014666810181288346,3.684136148790474,0.003981071705534975,0.45841608216115287,0.9999999999999999,exponential,72,True,780.0,780.0,780,780,"min(t_0, 1000000)",3.9199,3.9199,0,0.0,1.0,1.0,10000,1000000
10000,1.0,0.4,0.014666810181288346,3.684136148790474,0.003981071705534975,0.45841608216115287,0.9999999999999999,exponential,73,True,4318.0,4318.0,4318,4318,"min(t_0, 1000000)",4.5952997,4.5952997,0,0.0,1.0,1.0,10000,1000000
10000,1.0,0.4,0.014666810181288346,3.684136148790474,0.003981071705534975,0.45841608216115287,0.9999999999999999,exponential,74,True,499.0,499.0,499,499,"min(t_0, 1000000)",3.5835,3.5835,0,0.0,1.0,1.0,10000,1000000
10000,1.0,0.4,0.014666810181288346,3.684136148790474,0.003981071705534975,0.45841608216115287,0.9999999999999999,exponential,75,True,808.0,808.0,808,808,"min(t_0, 1000000)",3.8741,3.8741,0,0.0,1.0,1.0,10000,1000000
10000,1.0,0.4,0.014666810181288346,3.684136148790474,0.003981071705534975,0.45841608216115287,0.9999999999999999,exponential,76,True,342.0,342.0,342,342,"min(t_0, 1000000)",4.0417,4.0417,0,0.0,1.0,1.0,10000,1000000
10000,1.0,0.4,0.014666810181288346,3.684136148790474,0.003981071705534975,0.45841608216115287,0.9999999999999999,exponential,77,True,1863.0,1863.0,1863,1863,"min(t_0, 1000000)",3.4887,3.4887,0,0.0,1.0,1.0,10000,1000000
10000,1.0,0.4,0.014666810181288346,3.684136148790474,0.003981071705534975,0.45841608216115287,0.9999999999999999,exponential,78,True,3455.0,3455.0,3455,3455,"min(t_0, 1000000)",4.1152,4.1152,0,0.0,1.0,1.0,10000,1000000
10000,1.0,0.4,0.014666810181288346,3.684136148790474,0.003981071705534975,0.45841608216115287,0.9999999999999999,exponential,79,True,1139.0,1139.0,1139,1139,"min(t_0, 1000000)",3.9950998,3.9950998,0,0.0,1.0,1.0,10000,1000000
10000,1.0,0.4,0.014666810181288346,3.684136148790474,0.003981071705534975,0.45841608216115287,0.9999999999999999,exponential,80,True,318.0,318.0,318,318,"min(t_0, 1000000)",4.061,4.061,0,0.0,1.0,1.0,10000,1000000
10000,1.0,0.4,0.014666810181288346,3.684136148790474,0.003981071705534975,0.45841608216115287,0.9999999999999999,exponential,81,True,1084.0,1084.0,1084,1084,"min(t_0, 1000000)",4.5155,4.5155,0,0.0,1.0,1.0,10000,1000000
10000,1.0,0.4,0.014666810181288346,3.684136148790474,0.003981071705534975,0.45841608216115287,0.9999999999999999,exponential,82,True,2030.0,2030.0,2030,2030,"min(t_0, 1000000)",3.6035,3.6035,0,0.0,1.0,1.0,10000,1000000
10000,1.0,0.4,0.014666810181288346,3.684136148790474,0.003981071705534975,0.45841608216115287,0.9999999999999999,exponential,83,True,565.0,565.0,565,565,"min(t_0, 1000000)",3.7131,3.7131,0,0.0,1.0,1.0,10000,1000000
10000,1.0,0.4,0.014666810181288346,3.684136148790474,0.003981071705534975,0.45841608216115287,0.9999999999999999,exponential,84,True,1784.0,1784.0,1784,1784,"min(t_0, 1000000)",4.4498997,4.4498997,0,0.0,1.0,1.0,10000,1000000
10000,1.0,0.4,0.014666810181288346,3.684136148790474,0.003981071705534975,0.45841608216115287,0.9999999999999999,exponential,85,True,153.0,153.0,153,153,"min(t_0, 1000000)",4.134,4.134,0,0.0,1.0,1.0,10000,1000000
10000,1.0,0.4,0.014666810181288346,3.684136148790474,0.003981071705534975,0.45841608216115287,0.9999999999999999,exponential,86,True,1148.0,1148.0,1148,1148,"min(t_0, 1000000)",3.4166,3.4166,0,0.0,1.0,1.0,10000,1000000
10000,1.0,0.4,0.014666810181288346,3.684136148790474,0.003981071705534975,0.45841608216115287,0.9999999999999999,exponential,87,True,621.0,621.0,621,621,"min(t_0, 1000000)",4.0664997,4.0664997,0,0.0,1.0,1.0,10000,1000000
10000,1.0,0.4,0.014666810181288346,3.684136148790474,0.003981071705534975,0.45841608216115287,0.9999999999999999,exponential,88,True,506.0,506.0,506,506,"min(t_0, 1000000)",3.9889,3.9889,0,0.0,1.0,1.0,10000,1000000
10000,1.0,0.4,0.014666810181288346,3.684136148790474,0.003981071705534975,0.45841608216115287,0.9999999999999999,exponential,89,True,1737.0,1737.0,1737,1737,"min(t_0, 1000000)",4.0578,4.0578,0,0.0,1.0,1.0,10000,1000000
10000,1.0,0.4,0.014666810181288346,3.684136148790474,0.003981071705534975,0.45841608216115287,0.9999999999999999,exponential,90,True,146.0,146.0,146,146,"min(t_0, 1000000)",4.1022,4.1022,0,0.0,1.0,1.0,10000,1000000
10000,1.0,0.4,0.014666810181288346,3.684136148790474,0.003981071705534975,0.45841608216115287,0.9999999999999999,exponential,91,True,888.0,888.0,888,888,"min(t_0, 1000000)",3.5077,3.5077,0,0.0,1.0,1.0,10000,1000000
10000,1.0,0.4,0.014666810181288346,3.684136148790474,0.003981071705534975,0.45841608216115287,0.9999999999999999,exponential,92,True,283.0,283.0,283,283,"min(t_0, 1000000)",4.032,4.032,0,0.0,1.0,1.0,10000,1000000
10000,1.0,0.4,0.014666810181288346,3.684136148790474,0.003981071705534975,0.45841608216115287,0.9999999999999999,exponential,93,True,576.0,576.0,576,576,"min(t_0, 1000000)",4.0919,4.0919,0,0.0,1.0,1.0,10000,1000000
10000,1.0,0.4,0.014666810181288346,3.684136148790474,0.003981071705534975,0.45841608216115287,0.9999999999999999,exponential,94,True,482.0,482.0,482,482,"min(t_0, 1000000)",3.8077,3.8077,0,0.0,1.0,1.0,10000,1000000
10000,1.0,0.4,0.014666810181288346,3.684136148790474,0.003981071705534975,0.45841608216115287,0.9999999999999999,exponential,95,True,328.0,328.0,328,328,"min(t_0, 1000000)",4.2679,4.2679,0,0.0,1.0,1.0,10000,1000000
10000,1.0,0.4,0.014666810181288346,3.684136148790474,0.003981071705534975,0.45841608216115287,0.9999999999999999,exponential,96,True,272.0,272.0,272,272,"min(t_0, 1000000)",3.7236998,3.7236998,0,0.0,1.0,1.0,10000,1000000
10000,1.0,0.4,0.014666810181288346,3.684136148790474,0.003981071705534975,0.45841608216115287,0.9999999999999999,exponential,97,True,573.0,573.0,573,573,"min(t_0, 1000000)",3.7770998,3.7770998,0,0.0,1.0,1.0,10000,1000000
10000,1.0,0.4,0.014666810181288346,3.684136148790474,0.003981071705534975,0.45841608216115287,0.9999999999999999,exponential,98,True,371.0,371.0,371,371,"min(t_0, 1000000)",4.4028,4.4028,0,0.0,1.0,1.0,10000,1000000
10000,1.0,0.4,0.014666810181288346,3.684136148790474,0.003981071705534975,0.45841608216115287,0.9999999999999999,exponential,99,True,1058.0,1058.0,1058,1058,"min(t_0, 1000000)",3.8932998,3.8932998,0,0.0,1.0,1.0,10000,1000000
10000,1.0,0.4,0.014666810181288346,3.684136148790474,0.003981071705534975,0.45841608216115287,0.9999999999999999,exponential,100,True,234.0,234.0,234,234,"min(t_0, 1000000)",3.5275,3.5275,0,0.0,1.0,1.0,10000,1000000
10000,1.0,0.4,0.014666810181288346,3.684136148790474,0.003981071705534975,0.45841608216115287,0.9999999999999999,exponential,101,True,324.0,324.0,324,324,"min(t_0, 1000000)",4.1250997,4.1250997,0,0.0,1.0,1.0,10000,1000000
10000,1.0,0.4,0.014666810181288346,3.684136148790474,0.003981071705534975,0.45841608216115287,0.9999999999999999,exponential,102,True,393.0,393.0,393,393,"min(t_0, 1000000)",4.115,4.115,0,0.0,1.0,1.0,10000,1000000
10000,1.0,0.4,0.014666810181288346,3.684136148790474,0.003981071705534975,0.45841608216115287,0.9999999999999999,exponential,103,True,847.0,847.0,847,847,"min(t_0, 1000000)",3.8848,3.8848,0,0.0,1.0,1.0,10000,1000000
10000,1.0,0.4,0.014666810181288346,3.684136148790474,0.003981071705534975,0.45841608216115287,0.9999999999999999,exponential,104,True,682.0,682.0,682,682,"min(t_0, 1000000)",3.5217,3.5217,0,0.0,1.0,1.0,10000,1000000
10000,1.0,0.4,0.014666810181288346,3.684136148790474,0.003981071705534975,0.45841608216115287,0.9999999999999999,exponential,105,True,1525.0,1525.0,1525,1525,"min(t_0, 1000000)",4.6598,4.6598,0,0.0,1.0,1.0,10000,1000000
10000,1.0,0.4,0.014666810181288346,3.684136148790474,0.003981071705534975,0.45841608216115287,0.9999999999999999,exponential,106,True,366.0,366.0,366,366,"min(t_0, 1000000)",4.1566,4.1566,0,0.0,1.0,1.0,10000,1000000
10000,1.0,0.4,0.014666810181288346,3.684136148790474,0.003981071705534975,0.45841608216115287,0.9999999999999999,exponential,107,True,721.0,721.0,721,721,"min(t_0, 1000000)",3.7924,3.7924,0,0.0,1.0,1.0,10000,1000000
10000,1.0,0.4,0.014666810181288346,3.684136148790474,0.003981071705534975,0.45841608216115287,0.9999999999999999,exponential,108,True,2215.0,2215.0,2215,2215,"min(t_0, 1000000)",4.2626,4.2626,0,0.0,1.0,1.0,10000,1000000
10000,1.0,0.4,0.014666810181288346,3.684136148790474,0.003981071705534975,0.45841608216115287,0.9999999999999999,exponential,109,True,3028.0,3028.0,3028,3028,"min(t_0, 1000000)",3.7359998,3.7359998,0,0.0,1.0,1.0,10000,1000000
10000,1.0,0.4,0.014666810181288346,3.684136148790474,0.003981071705534975,0.45841608216115287,0.9999999999999999,exponential,110,True,760.0,760.0,760,760,"min(t_0, 1000000)",4.4256997,4.4256997,0,0.0,1.0,1.0,10000,1000000
10000,1.0,0.4,0.014666810181288346,3.684136148790474,0.003981071705534975,0.45841608216115287,0.9999999999999999,exponential,111,True,777.0,777.0,777,777,"min(t_0, 1000000)",3.8156,3.8156,0,0.0,1.0,1.0,10000,1000000
10000,1.0,0.4,0.014666810181288346,3.684136148790474,0.003981071705534975,0.45841608216115287,0.9999999999999999,exponential,112,True,6393.0,6393.0,6393,6393,"min(t_0, 1000000)",3.5526,3.5526,0,0.0,1.0,1.0,10000,1000000
10000,1.0,0.4,0.014666810181288346,3.684136148790474,0.003981071705534975,0.45841608216115287,0.9999999999999999,exponential,113,True,631.0,631.0,631,631,"min(t_0, 1000000)",4.0583,4.0583,0,0.0,1.0,1.0,10000,1000000
10000,1.0,0.4,0.014666810181288346,3.684136148790474,0.003981071705534975,0.45841608216115287,0.9999999999999999,exponential,114,True,610.0,610.0,610,610,"min(t_0, 1000000)",3.353,3.353,0,0.0,1.0,1.0,10000,1000000
10000,1.0,0.4,0.014666810181288346,3.684136148790474,0.003981071705534975,0.45841608216115287,0.9999999999999999,exponential,115,True,452.0,452.0,452,452,"min(t_0, 1000000)",3.7968,3.7968,0,0.0,1.0,1.0,10000,1000000
10000,1.0,0.4,0.014666810181288346,3.684136148790474,0.003981071705534975,0.45841608216115287,0.9999999999999999,exponential,116,True,328.0,328.0,328,328,"min(t_0, 1000000)",4.0624,4.0624,0,0.0,1.0,1.0,10000,1000000
10000,1.0,0.4,0.014666810181288346,3.684136148790474,0.003981071705534975,0.45841608216115287,0.9999999999999999,exponential,117,True,693.0,693.0,693,693,"min(t_0, 1000000)",3.9238,3.9238,0,0.0,1.0,1.0,10000,1000000
10000,1.0,0.4,0.014666810181288346,3.684136148790474,0.003981071705534975,0.45841608216115287,0.9999999999999999,exponential,118,True,1307.0,1307.0,1307,1307,"min(t_0, 1000000)",3.5874,3.5874,0,0.0,1.0,1.0,10000,1000000
10000,1.0,0.4,0.014666810181288346,3.684136148790474,0.003981071705534975,0.45841608216115287,0.9999999999999999,exponential,119,True,550.0,550.0,550,550,"min(t_0, 1000000)",4.0515,4.0515,0,0.0,1.0,1.0,10000,1000000
10000,1.0,0.4,0.014666810181288346,3.684136148790474,0.003981071705534975,0.45841608216115287,0.9999999999999999,exponential,120,True,2631.0,2631.0,2631,2631,"min(t_0, 1000000)",3.5619998,3.5619998,0,0.0,1.0,1.0,10000,1000000
10000,1.0,0.4,0.014666810181288346,3.684136148790474,0.003981071705534975,0.45841608216115287,0.9999999999999999,exponential,121,True,1227.0,1227.0,1227,1227,"min(t_0, 1000000)",3.5386999,3.5386999,0,0.0,1.0,1.0,10000,1000000
10000,1.0,0.4,0.014666810181288346,3.684136148790474,0.003981071705534975,0.45841608216115287,0.9999999999999999,exponential,122,True,276.0,276.0,276,276,"min(t_0, 1000000)",3.7958999,3.7958999,0,0.0,1.0,1.0,10000,1000000
10000,1.0,0.4,0.014666810181288346,3.684136148790474,0.003981071705534975,0.45841608216115287,0.9999999999999999,exponential,123,True,1574.0,1574.0,1574,1574,"min(t_0, 1000000)",4.1096997,4.1096997,0,0.0,1.0,1.0,10000,1000000
10000,1.0,0.4,0.014666810181288346,3.684136148790474,0.003981071705534975,0.45841608216115287,0.9999999999999999,exponential,124,True,197.0,197.0,197,197,"min(t_0, 1000000)",3.8172998,3.8172998,0,0.0,1.0,1.0,10000,1000000
10000,1.0,0.4,0.014666810181288346,3.684136148790474,0.003981071705534975,0.45841608216115287,0.9999999999999999,exponential,125,True,4631.0,4631.0,4631,4631,"min(t_0, 1000000)",3.6908,3.6908,0,0.0,1.0,1.0,10000,1000000
10000,1.0,0.4,0.014666810181288346,3.684136148790474,0.003981071705534975,0.45841608216115287,0.9999999999999999,exponential,126,True,670.0,670.0,670,670,"min(t_0, 1000000)",3.6694999,3.6694999,0,0.0,1.0,1.0,10000,1000000
10000,1.0,0.4,0.014666810181288346,3.684136148790474,0.003981071705534975,0.45841608216115287,0.9999999999999999,exponential,127,True,1074.0,1074.0,1074,1074,"min(t_0, 1000000)",3.8888,3.8888,0,0.0,1.0,1.0,10000,1000000
10000,1.0,0.4,0.014666810181288346,3.684136148790474,0.003981071705534975,0.45841608216115287,0.9999999999999999,exponential,128,True,2180.0,2180.0,2180,2180,"min(t_0, 1000000)",3.9599998,3.9599998,0,0.0,1.0,1.0,10000,1000000
10000,1.0,0.4,0.014666810181288346,3.684136148790474,0.003981071705534975,0.45841608216115287,0.9999999999999999,exponential,129,True,493.0,493.0,493,493,"min(t_0, 1000000)",4.1812,4.1812,0,0.0,1.0,1.0,10000,1000000
10000,1.0,0.4,0.014666810181288346,3.684136148790474,0.003981071705534975,0.45841608216115287,0.9999999999999999,exponential,130,True,830.0,830.0,830,830,"min(t_0, 1000000)",3.8818998,3.8818998,0,0.0,1.0,1.0,10000,1000000
10000,1.0,0.4,0.014666810181288346,3.684136148790474,0.003981071705534975,0.45841608216115287,0.9999999999999999,exponential,131,True,1980.0,1980.0,1980,1980,"min(t_0, 1000000)",3.3767998,3.3767998,0,0.0,1.0,1.0,10000,1000000
10000,1.0,0.4,0.014666810181288346,3.684136148790474,0.003981071705534975,0.45841608216115287,0.9999999999999999,exponential,132,True,213.0,213.0,213,213,"min(t_0, 1000000)",4.0369,4.0369,0,0.0,1.0,1.0,10000,1000000
10000,1.0,0.4,0.014666810181288346,3.684136148790474,0.003981071705534975,0.45841608216115287,0.9999999999999999,exponential,133,True,2444.0,2444.0,2444,2444,"min(t_0, 1000000)",3.8871999,3.8871999,0,0.0,1.0,1.0,10000,1000000
10000,1.0,0.4,0.014666810181288346,3.684136148790474,0.003981071705534975,0.45841608216115287,0.9999999999999999,exponential,134,True,146.0,146.0,146,146,"min(t_0, 1000000)",3.6641,3.6641,0,0.0,1.0,1.0,10000,1000000
10000,1.0,0.4,0.014666810181288346,3.684136148790474,0.003981071705534975,0.45841608216115287,0.9999999999999999,exponential,135,True,1231.0,1231.0,1231,1231,"min(t_0, 1000000)",3.4320998,3.4320998,0,0.0,1.0,1.0,10000,1000000
10000,1.0,0.4,0.014666810181288346,3.684136148790474,0.003981071705534975,0.45841608216115287,0.9999999999999999,exponential,136,True,1295.0,1295.0,1295,1295,"min(t_0, 1000000)",4.2971,4.2971,0,0.0,1.0,1.0,10000,1000000
10000,1.0,0.4,0.014666810181288346,3.684136148790474,0.003981071705534975,0.45841608216115287,0.9999999999999999,exponential,137,True,239.0,239.0,239,239,"min(t_0, 1000000)",3.8932,3.8932,0,0.0,1.0,1.0,10000,1000000
10000,1.0,0.4,0.014666810181288346,3.684136148790474,0.003981071705534975,0.45841608216115287,0.9999999999999999,exponential,138,True,839.0,839.0,839,839,"min(t_0, 1000000)",3.9573998,3.9573998,0,0.0,1.0,1.0,10000,1000000
10000,1.0,0.4,0.014666810181288346,3.684136148790474,0.003981071705534975,0.45841608216115287,0.9999999999999999,exponential,139,True,718.0,718.0,718,718,"min(t_0, 1000000)",4.0859,4.0859,0,0.0,1.0,1.0,10000,1000000
10000,1.0,0.4,0.014666810181288346,3.684136148790474,0.003981071705534975,0.45841608216115287,0.9999999999999999,exponential,140,True,503.0,503.0,503,503,"min(t_0, 1000000)",3.8844998,3.8844998,0,0.0,1.0,1.0,10000,1000000
10000,1.0,0.4,0.014666810181288346,3.684136148790474,0.003981071705534975,0.45841608216115287,0.9999999999999999,exponential,141,True,837.0,837.0,837,837,"min(t_0, 1000000)",4.0285,4.0285,0,0.0,1.0,1.0,10000,1000000
10000,1.0,0.4,0.014666810181288346,3.684136148790474,0.003981071705534975,0.45841608216115287,0.9999999999999999,exponential,142,True,214.0,214.0,214,214,"min(t_0, 1000000)",3.9668999,3.9668999,0,0.0,1.0,1.0,10000,1000000
10000,1.0,0.4,0.014666810181288346,3.684136148790474,0.003981071705534975,0.45841608216115287,0.9999999999999999,exponential,143,True,1016.0,1016.0,1016,1016,"min(t_0, 1000000)",3.5884,3.5884,0,0.0,1.0,1.0,10000,1000000
10000,1.0,0.4,0.014666810181288346,3.684136148790474,0.003981071705534975,0.45841608216115287,0.9999999999999999,exponential,144,True,222.0,222.0,222,222,"min(t_0, 1000000)",3.7593,3.7593,0,0.0,1.0,1.0,10000,1000000
10000,1.0,0.4,0.014666810181288346,3.684136148790474,0.003981071705534975,0.45841608216115287,0.9999999999999999,exponential,145,True,211.0,211.0,211,211,"min(t_0, 1000000)",4.0078998,4.0078998,0,0.0,1.0,1.0,10000,1000000
10000,1.0,0.4,0.014666810181288346,3.684136148790474,0.003981071705534975,0.45841608216115287,0.9999999999999999,exponential,146,True,1053.0,1053.0,1053,1053,"min(t_0, 1000000)",4.3791,4.3791,0,0.0,1.0,1.0,10000,1000000
10000,1.0,0.4,0.014666810181288346,3.684136148790474,0.003981071705534975,0.45841608216115287,0.9999999999999999,exponential,147,True,355.0,355.0,355,355,"min(t_0, 1000000)",4.0545,4.0545,0,0.0,1.0,1.0,10000,1000000
10000,1.0,0.4,0.014666810181288346,3.684136148790474,0.003981071705534975,0.45841608216115287,0.9999999999999999,exponential,148,True,675.0,675.0,675,675,"min(t_0, 1000000)",4.0875,4.0875,0,0.0,1.0,1.0,10000,1000000
10000,1.0,0.4,0.014666810181288346,3.684136148790474,0.003981071705534975,0.45841608216115287,0.9999999999999999,exponential,149,True,873.0,873.0,873,873,"min(t_0, 1000000)",4.1742,4.1742,0,0.0,1.0,1.0,10000,1000000
10000,1.0,0.4,0.014666810181288346,3.684136148790474,0.003981071705534975,0.45841608216115287,0.9999999999999999,exponential,150,True,418.0,418.0,418,418,"min(t_0, 1000000)",4.2186,4.2186,0,0.0,1.0,1.0,10000,1000000
10000,1.0,0.4,0.014666810181288346,3.684136148790474,0.003981071705534975,0.45841608216115287,0.9999999999999999,exponential,151,True,3603.0,3603.0,3603,3603,"min(t_0, 1000000)",3.6573,3.6573,0,0.0,1.0,1.0,10000,1000000
10000,1.0,0.4,0.014666810181288346,3.684136148790474,0.003981071705534975,0.45841608216115287,0.9999999999999999,exponential,152,True,605.0,605.0,605,605,"min(t_0, 1000000)",3.7800999,3.7800999,0,0.0,1.0,1.0,10000,1000000
10000,1.0,0.4,0.014666810181288346,3.684136148790474,0.003981071705534975,0.45841608216115287,0.9999999999999999,exponential,153,True,618.0,618.0,618,618,"min(t_0, 1000000)",3.6469,3.6469,0,0.0,1.0,1.0,10000,1000000
10000,1.0,0.4,0.014666810181288346,3.684136148790474,0.003981071705534975,0.45841608216115287,0.9999999999999999,exponential,154,True,2089.0,2089.0,2089,2089,"min(t_0, 1000000)",4.0710998,4.0710998,0,0.0,1.0,1.0,10000,1000000
10000,1.0,0.4,0.014666810181288346,3.684136148790474,0.003981071705534975,0.45841608216115287,0.9999999999999999,exponential,155,True,535.0,535.0,535,535,"min(t_0, 1000000)",4.3141,4.3141,0,0.0,1.0,1.0,10000,1000000
10000,1.0,0.4,0.014666810181288346,3.684136148790474,0.003981071705534975,0.45841608216115287,0.9999999999999999,exponential,156,True,576.0,576.0,576,576,"min(t_0, 1000000)",3.9287999,3.9287999,0,0.0,1.0,1.0,10000,1000000
10000,1.0,0.4,0.014666810181288346,3.684136148790474,0.003981071705534975,0.45841608216115287,0.9999999999999999,exponential,157,True,740.0,740.0,740,740,"min(t_0, 1000000)",4.0193,4.0193,0,0.0,1.0,1.0,10000,1000000
10000,1.0,0.4,0.014666810181288346,3.684136148790474,0.003981071705534975,0.45841608216115287,0.9999999999999999,exponential,158,True,727.0,727.0,727,727,"min(t_0, 1000000)",4.5632,4.5632,0,0.0,1.0,1.0,10000,1000000
10000,1.0,0.4,0.014666810181288346,3.684136148790474,0.003981071705534975,0.45841608216115287,0.9999999999999999,exponential,159,True,984.0,984.0,984,984,"min(t_0, 1000000)",3.8918998,3.8918998,0,0.0,1.0,1.0,10000,1000000
10000,1.0,0.4,0.014666810181288346,3.684136148790474,0.003981071705534975,0.45841608216115287,0.9999999999999999,exponential,160,True,412.0,412.0,412,412,"min(t_0, 1000000)",4.1098,4.1098,0,0.0,1.0,1.0,10000,1000000
10000,1.0,0.4,0.014666810181288346,3.684136148790474,0.003981071705534975,0.45841608216115287,0.9999999999999999,exponential,161,True,676.0,676.0,676,676,"min(t_0, 1000000)",4.1665,4.1665,0,0.0,1.0,1.0,10000,1000000
10000,1.0,0.4,0.014666810181288346,3.684136148790474,0.003981071705534975,0.45841608216115287,0.9999999999999999,exponential,162,True,947.0,947.0,947,947,"min(t_0, 1000000)",3.5091,3.5091,0,0.0,1.0,1.0,10000,1000000
10000,1.0,0.4,0.014666810181288346,3.684136148790474,0.003981071705534975,0.45841608216115287,0.9999999999999999,exponential,163,True,502.0,502.0,502,502,"min(t_0, 1000000)",3.7124,3.7124,0,0.0,1.0,1.0,10000,1000000
10000,1.0,0.4,0.014666810181288346,3.684136148790474,0.003981071705534975,0.45841608216115287,0.9999999999999999,exponential,164,True,292.0,292.0,292,292,"min(t_0, 1000000)",3.8046,3.8046,0,0.0,1.0,1.0,10000,1000000
10000,1.0,0.4,0.014666810181288346,3.684136148790474,0.003981071705534975,0.45841608216115287,0.9999999999999999,exponential,165,True,503.0,503.0,503,503,"min(t_0, 1000000)",4.0622,4.0622,0,0.0,1.0,1.0,10000,1000000
10000,1.0,0.4,0.014666810181288346,3.684136148790474,0.003981071705534975,0.45841608216115287,0.9999999999999999,exponential,166,True,1973.0,1973.0,1973,1973,"min(t_0, 1000000)",3.7368,3.7368,0,0.0,1.0,1.0,10000,1000000
10000,1.0,0.4,0.014666810181288346,3.684136148790474,0.003981071705534975,0.45841608216115287,0.9999999999999999,exponential,167,True,264.0,264.0,264,264,"min(t_0, 1000000)",4.0378,4.0378,0,0.0,1.0,1.0,10000,1000000
10000,1.0,0.4,0.014666810181288346,3.684136148790474,0.003981071705534975,0.45841608216115287,0.9999999999999999,exponential,168,True,622.0,622.0,622,622,"min(t_0, 1000000)",3.8476,3.8476,0,0.0,1.0,1.0,10000,1000000
10000,1.0,0.4,0.014666810181288346,3.684136148790474,0.003981071705534975,0.45841608216115287,0.9999999999999999,exponential,169,True,2718.0,2718.0,2718,2718,"min(t_0, 1000000)",4.3547997,4.3547997,0,0.0,1.0,1.0,10000,1000000
10000,1.0,0.4,0.014666810181288346,3.684136148790474,0.003981071705534975,0.45841608216115287,0.9999999999999999,exponential,170,True,458.0,458.0,458,458,"min(t_0, 1000000)",4.317,4.317,0,0.0,1.0,1.0,10000,1000000
10000,1.0,0.4,0.014666810181288346,3.684136148790474,0.003981071705534975,0.45841608216115287,0.9999999999999999,exponential,171,True,1571.0,1571.0,1571,1571,"min(t_0, 1000000)",4.2724,4.2724,0,0.0,1.0,1.0,10000,1000000
10000,1.0,0.4,0.014666810181288346,3.684136148790474,0.003981071705534975,0.45841608216115287,0.9999999999999999,exponential,172,True,2639.0,2639.0,2639,2639,"min(t_0, 1000000)",3.9968998,3.9968998,0,0.0,1.0,1.0,10000,1000000
10000,1.0,0.4,0.014666810181288346,3.684136148790474,0.003981071705534975,0.45841608216115287,0.9999999999999999,exponential,173,True,1191.0,1191.0,1191,1191,"min(t_0, 1000000)",4.3271,4.3271,0,0.0,1.0,1.0,10000,1000000
10000,1.0,0.4,0.014666810181288346,3.684136148790474,0.003981071705534975,0.45841608216115287,0.9999999999999999,exponential,174,True,161.0,161.0,161,161,"min(t_0, 1000000)",4.1279,4.1279,0,0.0,1.0,1.0,10000,1000000
10000,1.0,0.4,0.014666810181288346,3.684136148790474,0.003981071705534975,0.45841608216115287,0.9999999999999999,exponential,175,True,1930.0,1930.0,1930,1930,"min(t_0, 1000000)",3.9678998,3.9678998,0,0.0,1.0,1.0,10000,1000000
10000,1.0,0.4,0.014666810181288346,3.684136148790474,0.003981071705534975,0.45841608216115287,0.9999999999999999,exponential,176,True,411.0,411.0,411,411,"min(t_0, 1000000)",3.9566998,3.9566998,0,0.0,1.0,1.0,10000,1000000
10000,1.0,0.4,0.014666810181288346,3.684136148790474,0.003981071705534975,0.45841608216115287,0.9999999999999999,exponential,177,True,1490.0,1490.0,1490,1490,"min(t_0, 1000000)",3.5095,3.5095,0,0.0,1.0,1.0,10000,1000000
10000,1.0,0.4,0.014666810181288346,3.684136148790474,0.003981071705534975,0.45841608216115287,0.9999999999999999,exponential,178,True,2854.0,2854.0,2854,2854,"min(t_0, 1000000)",3.8616,3.8616,0,0.0,1.0,1.0,10000,1000000
10000,1.0,0.4,0.014666810181288346,3.684136148790474,0.003981071705534975,0.45841608216115287,0.9999999999999999,exponential,179,True,1891.0,1891.0,1891,1891,"min(t_0, 1000000)",4.0235,4.0235,0,0.0,1.0,1.0,10000,1000000
10000,1.0,0.4,0.014666810181288346,3.684136148790474,0.003981071705534975,0.45841608216115287,0.9999999999999999,exponential,180,True,639.0,639.0,639,639,"min(t_0, 1000000)",3.8100998,3.8100998,0,0.0,1.0,1.0,10000,1000000
10000,1.0,0.4,0.014666810181288346,3.684136148790474,0.003981071705534975,0.45841608216115287,0.9999999999999999,exponential,181,True,3157.0,3157.0,3157,3157,"min(t_0, 1000000)",4.0435,4.0435,0,0.0,1.0,1.0,10000,1000000
10000,1.0,0.4,0.014666810181288346,3.684136148790474,0.003981071705534975,0.45841608216115287,0.9999999999999999,exponential,182,True,784.0,784.0,784,784,"min(t_0, 1000000)",4.0346,4.0346,0,0.0,1.0,1.0,10000,1000000
10000,1.0,0.4,0.014666810181288346,3.684136148790474,0.003981071705534975,0.45841608216115287,0.9999999999999999,exponential,183,True,1362.0,1362.0,1362,1362,"min(t_0, 1000000)",4.2395,4.2395,0,0.0,1.0,1.0,10000,1000000
10000,1.0,0.4,0.014666810181288346,3.684136148790474,0.003981071705534975,0.45841608216115287,0.9999999999999999,exponential,184,True,612.0,612.0,612,612,"min(t_0, 1000000)",4.0696,4.0696,0,0.0,1.0,1.0,10000,1000000
10000,1.0,0.4,0.014666810181288346,3.684136148790474,0.003981071705534975,0.45841608216115287,0.9999999999999999,exponential,185,True,4269.0,4269.0,4269,4269,"min(t_0, 1000000)",4.0807,4.0807,0,0.0,1.0,1.0,10000,1000000
10000,1.0,0.4,0.014666810181288346,3.684136148790474,0.003981071705534975,0.45841608216115287,0.9999999999999999,exponential,186,True,1266.0,1266.0,1266,1266,"min(t_0, 1000000)",3.6541,3.6541,0,0.0,1.0,1.0,10000,1000000
10000,1.0,0.4,0.014666810181288346,3.684136148790474,0.003981071705534975,0.45841608216115287,0.9999999999999999,exponential,187,True,3611.0,3611.0,3611,3611,"min(t_0, 1000000)",3.878,3.878,0,0.0,1.0,1.0,10000,1000000
10000,1.0,0.4,0.014666810181288346,3.684136148790474,0.003981071705534975,0.45841608216115287,0.9999999999999999,exponential,188,True,1108.0,1108.0,1108,1108,"min(t_0, 1000000)",3.9759998,3.9759998,0,0.0,1.0,1.0,10000,1000000
10000,1.0,0.4,0.014666810181288346,3.684136148790474,0.003981071705534975,0.45841608216115287,0.9999999999999999,exponential,189,True,593.0,593.0,593,593,"min(t_0, 1000000)",4.0455,4.0455,0,0.0,1.0,1.0,10000,1000000
10000,1.0,0.4,0.014666810181288346,3.684136148790474,0.003981071705534975,0.45841608216115287,0.9999999999999999,exponential,190,True,482.0,482.0,482,482,"min(t_0, 1000000)",3.9533,3.9533,0,0.0,1.0,1.0,10000,1000000
10000,1.0,0.4,0.014666810181288346,3.684136148790474,0.003981071705534975,0.45841608216115287,0.9999999999999999,exponential,191,True,1846.0,1846.0,1846,1846,"min(t_0, 1000000)",3.6232,3.6232,0,0.0,1.0,1.0,10000,1000000
10000,1.0,0.4,0.014666810181288346,3.684136148790474,0.003981071705534975,0.45841608216115287,0.9999999999999999,exponential,192,True,1071.0,1071.0,1071,1071,"min(t_0, 1000000)",4.0025,4.0025,0,0.0,1.0,1.0,10000,1000000
10000,1.0,0.4,0.014666810181288346,3.684136148790474,0.003981071705534975,0.45841608216115287,0.9999999999999999,exponential,193,True,1121.0,1121.0,1121,1121,"min(t_0, 1000000)",4.1563,4.1563,0,0.0,1.0,1.0,10000,1000000
10000,1.0,0.4,0.014666810181288346,3.684136148790474,0.003981071705534975,0.45841608216115287,0.9999999999999999,exponential,194,True,1429.0,1429.0,1429,1429,"min(t_0, 1000000)",3.8416,3.8416,0,0.0,1.0,1.0,10000,1000000
10000,1.0,0.4,0.014666810181288346,3.684136148790474,0.003981071705534975,0.45841608216115287,0.9999999999999999,exponential,195,True,221.0,221.0,221,221,"min(t_0, 1000000)",3.5221999,3.5221999,0,0.0,1.0,1.0,10000,1000000
10000,1.0,0.4,0.014666810181288346,3.684136148790474,0.003981071705534975,0.45841608216115287,0.9999999999999999,exponential,196,True,2116.0,2116.0,2116,2116,"min(t_0, 1000000)",3.7767,3.7767,0,0.0,1.0,1.0,10000,1000000
10000,1.0,0.4,0.014666810181288346,3.684136148790474,0.003981071705534975,0.45841608216115287,0.9999999999999999,exponential,197,True,1538.0,1538.0,1538,1538,"min(t_0, 1000000)",3.7013998,3.7013998,0,0.0,1.0,1.0,10000,1000000
10000,1.0,0.4,0.014666810181288346,3.684136148790474,0.003981071705534975,0.45841608216115287,0.9999999999999999,exponential,198,True,1274.0,1274.0,1274,1274,"min(t_0, 1000000)",3.7268999,3.7268999,0,0.0,1.0,1.0,10000,1000000
10000,1.0,0.4,0.014666810181288346,3.684136148790474,0.003981071705534975,0.45841608216115287,0.9999999999999999,exponential,199,True,568.0,568.0,568,568,"min(t_0, 1000000)",4.0998,4.0998,0,0.0,1.0,1.0,10000,1000000
10000,1.0,0.4,0.014666810181288346,3.684136148790474,0.003981071705534975,0.45841608216115287,0.9999999999999999,exponential,200,True,3324.0,3324.0,3324,3324,"min(t_0, 1000000)",4.1844997,4.1844997,0,0.0,1.0,1.0,10000,1000000
10000,1.0,0.4,0.014666810181288346,3.684136148790474,0.003981071705534975,0.45841608216115287,0.9999999999999999,exponential,201,True,802.0,802.0,802,802,"min(t_0, 1000000)",4.0494,4.0494,0,0.0,1.0,1.0,10000,1000000
10000,1.0,0.4,0.014666810181288346,3.684136148790474,0.003981071705534975,0.45841608216115287,0.9999999999999999,exponential,202,True,1922.0,1922.0,1922,1922,"min(t_0, 1000000)",3.567,3.567,0,0.0,1.0,1.0,10000,1000000
10000,1.0,0.4,0.014666810181288346,3.684136148790474,0.003981071705534975,0.45841608216115287,0.9999999999999999,exponential,203,True,240.0,240.0,240,240,"min(t_0, 1000000)",3.8808,3.8808,0,0.0,1.0,1.0,10000,1000000
10000,1.0,0.4,0.014666810181288346,3.684136148790474,0.003981071705534975,0.45841608216115287,0.9999999999999999,exponential,204,True,401.0,401.0,401,401,"min(t_0, 1000000)",4.651,4.651,0,0.0,1.0,1.0,10000,1000000
10000,1.0,0.4,0.014666810181288346,3.684136148790474,0.003981071705534975,0.45841608216115287,0.9999999999999999,exponential,205,True,300.0,300.0,300,300,"min(t_0, 1000000)",3.9371998,3.9371998,0,0.0,1.0,1.0,10000,1000000
10000,1.0,0.4,0.014666810181288346,3.684136148790474,0.003981071705534975,0.45841608216115287,0.9999999999999999,exponential,206,True,4040.0,4040.0,4040,4040,"min(t_0, 1000000)",3.8702,3.8702,0,0.0,1.0,1.0,10000,1000000
10000,1.0,0.4,0.014666810181288346,3.684136148790474,0.003981071705534975,0.45841608216115287,0.9999999999999999,exponential,207,True,1175.0,1175.0,1175,1175,"min(t_0, 1000000)",4.1897,4.1897,0,0.0,1.0,1.0,10000,1000000
10000,1.0,0.4,0.014666810181288346,3.684136148790474,0.003981071705534975,0.45841608216115287,0.9999999999999999,exponential,208,True,145.0,145.0,145,145,"min(t_0, 1000000)",4.008,4.008,0,0.0,1.0,1.0,10000,1000000
10000,1.0,0.4,0.014666810181288346,3.684136148790474,0.003981071705534975,0.45841608216115287,0.9999999999999999,exponential,209,True,353.0,353.0,353,353,"min(t_0, 1000000)",3.9041998,3.9041998,0,0.0,1.0,1.0,10000,1000000
10000,1.0,0.4,0.014666810181288346,3.684136148790474,0.003981071705534975,0.45841608216115287,0.9999999999999999,exponential,210,True,3181.0,3181.0,3181,3181,"min(t_0, 1000000)",3.9738998,3.9738998,0,0.0,1.0,1.0,10000,1000000
10000,1.0,0.4,0.014666810181288346,3.684136148790474,0.003981071705534975,0.45841608216115287,0.9999999999999999,exponential,211,True,195.0,195.0,195,195,"min(t_0, 1000000)",4.3434997,4.3434997,0,0.0,1.0,1.0,10000,1000000
10000,1.0,0.4,0.014666810181288346,3.684136148790474,0.003981071705534975,0.45841608216115287,0.9999999999999999,exponential,212,True,225.0,225.0,225,225,"min(t_0, 1000000)",3.6557,3.6557,0,0.0,1.0,1.0,10000,1000000
10000,1.0,0.4,0.014666810181288346,3.684136148790474,0.003981071705534975,0.45841608216115287,0.9999999999999999,exponential,213,True,450.0,450.0,450,450,"min(t_0, 1000000)",4.3652,4.3652,0,0.0,1.0,1.0,10000,1000000
10000,1.0,0.4,0.014666810181288346,3.684136148790474,0.003981071705534975,0.45841608216115287,0.9999999999999999,exponential,214,True,601.0,601.0,601,601,"min(t_0, 1000000)",3.6755,3.6755,0,0.0,1.0,1.0,10000,1000000
10000,1.0,0.4,0.014666810181288346,3.684136148790474,0.003981071705534975,0.45841608216115287,0.9999999999999999,exponential,215,True,224.0,224.0,224,224,"min(t_0, 1000000)",4.0811,4.0811,0,0.0,1.0,1.0,10000,1000000
10000,1.0,0.4,0.014666810181288346,3.684136148790474,0.003981071705534975,0.45841608216115287,0.9999999999999999,exponential,216,True,367.0,367.0,367,367,"min(t_0, 1000000)",3.55,3.55,0,0.0,1.0,1.0,10000,1000000
10000,1.0,0.4,0.014666810181288346,3.684136148790474,0.003981071705534975,0.45841608216115287,0.9999999999999999,exponential,217,True,198.0,198.0,198,198,"min(t_0, 1000000)",4.1986,4.1986,0,0.0,1.0,1.0,10000,1000000
10000,1.0,0.4,0.014666810181288346,3.684136148790474,0.003981071705534975,0.45841608216115287,0.9999999999999999,exponential,218,True,3481.0,3481.0,3481,3481,"min(t_0, 1000000)",3.9462998,3.9462998,0,0.0,1.0,1.0,10000,1000000
10000,1.0,0.4,0.014666810181288346,3.684136148790474,0.003981071705534975,0.45841608216115287,0.9999999999999999,exponential,219,True,552.0,552.0,552,552,"min(t_0, 1000000)",3.8109,3.8109,0,0.0,1.0,1.0,10000,1000000
10000,1.0,0.4,0.014666810181288346,3.684136148790474,0.003981071705534975,0.45841608216115287,0.9999999999999999,exponential,220,True,3158.0,3158.0,3158,3158,"min(t_0, 1000000)",3.4359999,3.4359999,0,0.0,1.0,1.0,10000,1000000
10000,1.0,0.4,0.014666810181288346,3.684136148790474,0.003981071705534975,0.45841608216115287,0.9999999999999999,exponential,221,True,514.0,514.0,514,514,"min(t_0, 1000000)",3.6764998,3.6764998,0,0.0,1.0,1.0,10000,1000000
10000,1.0,0.4,0.014666810181288346,3.684136148790474,0.003981071705534975,0.45841608216115287,0.9999999999999999,exponential,222,True,703.0,703.0,703,703,"min(t_0, 1000000)",4.2949,4.2949,0,0.0,1.0,1.0,10000,1000000
10000,1.0,0.4,0.014666810181288346,3.684136148790474,0.003981071705534975,0.45841608216115287,0.9999999999999999,exponential,223,True,178.0,178.0,178,178,"min(t_0, 1000000)",3.9575,3.9575,0,0.0,1.0,1.0,10000,1000000
10000,1.0,0.4,0.014666810181288346,3.684136148790474,0.003981071705534975,0.45841608216115287,0.9999999999999999,exponential,224,True,344.0,344.0,344,344,"min(t_0, 1000000)",3.6687999,3.6687999,0,0.0,1.0,1.0,10000,1000000
10000,1.0,0.4,0.014666810181288346,3.684136148790474,0.003981071705534975,0.45841608216115287,0.9999999999999999,exponential,225,True,515.0,515.0,515,515,"min(t_0, 1000000)",4.0625,4.0625,0,0.0,1.0,1.0,10000,1000000
10000,1.0,0.4,0.014666810181288346,3.684136148790474,0.003981071705534975,0.45841608216115287,0.9999999999999999,exponential,226,True,787.0,787.0,787,787,"min(t_0, 1000000)",3.7247,3.7247,0,0.0,1.0,1.0,10000,1000000
10000,1.0,0.4,0.014666810181288346,3.684136148790474,0.003981071705534975,0.45841608216115287,0.9999999999999999,exponential,227,True,978.0,978.0,978,978,"min(t_0, 1000000)",3.9150999,3.9150999,0,0.0,1.0,1.0,10000,1000000
10000,1.0,0.4,0.014666810181288346,3.684136148790474,0.003981071705534975,0.45841608216115287,0.9999999999999999,exponential,228,True,2976.0,2976.0,2976,2976,"min(t_0, 1000000)",3.8557,3.8557,0,0.0,1.0,1.0,10000,1000000
10000,1.0,0.4,0.014666810181288346,3.684136148790474,0.003981071705534975,0.45841608216115287,0.9999999999999999,exponential,229,True,257.0,257.0,257,257,"min(t_0, 1000000)",3.5691,3.5691,0,0.0,1.0,1.0,10000,1000000
10000,1.0,0.4,0.014666810181288346,3.684136148790474,0.003981071705534975,0.45841608216115287,0.9999999999999999,exponential,230,True,2856.0,2856.0,2856,2856,"min(t_0, 1000000)",4.2079,4.2079,0,0.0,1.0,1.0,10000,1000000
10000,1.0,0.4,0.014666810181288346,3.684136148790474,0.003981071705534975,0.45841608216115287,0.9999999999999999,exponential,231,True,933.0,933.0,933,933,"min(t_0, 1000000)",4.6275,4.6275,0,0.0,1.0,1.0,10000,1000000
10000,1.0,0.4,0.014666810181288346,3.684136148790474,0.003981071705534975,0.45841608216115287,0.9999999999999999,exponential,232,True,666.0,666.0,666,666,"min(t_0, 1000000)",4.0706,4.0706,0,0.0,1.0,1.0,10000,1000000
10000,1.0,0.4,0.014666810181288346,3.684136148790474,0.003981071705534975,0.45841608216115287,0.9999999999999999,exponential,233,True,2513.0,2513.0,2513,2513,"min(t_0, 1000000)",4.2364,4.2364,0,0.0,1.0,1.0,10000,1000000
10000,1.0,0.4,0.014666810181288346,3.684136148790474,0.003981071705534975,0.45841608216115287,0.9999999999999999,exponential,234,True,427.0,427.0,427,427,"min(t_0, 1000000)",3.6894999,3.6894999,0,0.0,1.0,1.0,10000,1000000
10000,1.0,0.4,0.014666810181288346,3.684136148790474,0.003981071705534975,0.45841608216115287,0.9999999999999999,exponential,235,True,2458.0,2458.0,2458,2458,"min(t_0, 1000000)",3.7145998,3.7145998,0,0.0,1.0,1.0,10000,1000000
10000,1.0,0.4,0.014666810181288346,3.684136148790474,0.003981071705534975,0.45841608216115287,0.9999999999999999,exponential,236,True,88.0,88.0,88,88,"min(t_0, 1000000)",4.2309,4.2309,0,0.0,1.0,1.0,10000,1000000
10000,1.0,0.4,0.014666810181288346,3.684136148790474,0.003981071705534975,0.45841608216115287,0.9999999999999999,exponential,237,True,564.0,564.0,564,564,"min(t_0, 1000000)",4.1284,4.1284,0,0.0,1.0,1.0,10000,1000000
10000,1.0,0.4,0.014666810181288346,3.684136148790474,0.003981071705534975,0.45841608216115287,0.9999999999999999,exponential,238,True,746.0,746.0,746,746,"min(t_0, 1000000)",3.9938998,3.9938998,0,0.0,1.0,1.0,10000,1000000
10000,1.0,0.4,0.014666810181288346,3.684136148790474,0.003981071705534975,0.45841608216115287,0.9999999999999999,exponential,239,True,2075.0,2075.0,2075,2075,"min(t_0, 1000000)",3.5181,3.5181,0,0.0,1.0,1.0,10000,1000000
10000,1.0,0.4,0.014666810181288346,3.684136148790474,0.003981071705534975,0.45841608216115287,0.9999999999999999,exponential,240,True,1067.0,1067.0,1067,1067,"min(t_0, 1000000)",3.8729,3.8729,0,0.0,1.0,1.0,10000,1000000
10000,1.0,0.4,0.014666810181288346,3.684136148790474,0.003981071705534975,0.45841608216115287,0.9999999999999999,exponential,241,True,2224.0,2224.0,2224,2224,"min(t_0, 1000000)",4.0407,4.0407,0,0.0,1.0,1.0,10000,1000000
10000,1.0,0.4,0.014666810181288346,3.684136148790474,0.003981071705534975,0.45841608216115287,0.9999999999999999,exponential,242,True,1938.0,1938.0,1938,1938,"min(t_0, 1000000)",3.8523998,3.8523998,0,0.0,1.0,1.0,10000,1000000
10000,1.0,0.4,0.014666810181288346,3.684136148790474,0.003981071705534975,0.45841608216115287,0.9999999999999999,exponential,243,True,943.0,943.0,943,943,"min(t_0, 1000000)",3.7796,3.7796,0,0.0,1.0,1.0,10000,1000000
10000,1.0,0.4,0.014666810181288346,3.684136148790474,0.003981071705534975,0.45841608216115287,0.9999999999999999,exponential,244,True,886.0,886.0,886,886,"min(t_0, 1000000)",4.0371,4.0371,0,0.0,1.0,1.0,10000,1000000
10000,1.0,0.4,0.014666810181288346,3.684136148790474,0.003981071705534975,0.45841608216115287,0.9999999999999999,exponential,245,True,1343.0,1343.0,1343,1343,"min(t_0, 1000000)",3.9757998,3.9757998,0,0.0,1.0,1.0,10000,1000000
10000,1.0,0.4,0.014666810181288346,3.684136148790474,0.003981071705534975,0.45841608216115287,0.9999999999999999,exponential,246,True,431.0,431.0,431,431,"min(t_0, 1000000)",4.081,4.081,0,0.0,1.0,1.0,10000,1000000
10000,1.0,0.4,0.014666810181288346,3.684136148790474,0.003981071705534975,0.45841608216115287,0.9999999999999999,exponential,247,True,340.0,340.0,340,340,"min(t_0, 1000000)",3.8035998,3.8035998,0,0.0,1.0,1.0,10000,1000000
10000,1.0,0.4,0.014666810181288346,3.684136148790474,0.003981071705534975,0.45841608216115287,0.9999999999999999,exponential,248,True,687.0,687.0,687,687,"min(t_0, 1000000)",4.0913,4.0913,0,0.0,1.0,1.0,10000,1000000
10000,1.0,0.4,0.014666810181288346,3.684136148790474,0.003981071705534975,0.45841608216115287,0.9999999999999999,exponential,249,True,1409.0,1409.0,1409,1409,"min(t_0, 1000000)",3.8242,3.8242,0,0.0,1.0,1.0,10000,1000000
10000,1.0,0.4,0.014666810181288346,3.684136148790474,0.003981071705534975,0.45841608216115287,0.9999999999999999,exponential,250,True,454.0,454.0,454,454,"min(t_0, 1000000)",4.0573997,4.0573997,0,0.0,1.0,1.0,10000,1000000
10000,1.0,0.4,0.014666810181288346,3.684136148790474,0.003981071705534975,0.45841608216115287,0.9999999999999999,exponential,251,True,494.0,494.0,494,494,"min(t_0, 1000000)",3.9262998,3.9262998,0,0.0,1.0,1.0,10000,1000000
10000,1.0,0.4,0.014666810181288346,3.684136148790474,0.003981071705534975,0.45841608216115287,0.9999999999999999,exponential,252,True,182.0,182.0,182,182,"min(t_0, 1000000)",3.8562,3.8562,0,0.0,1.0,1.0,10000,1000000
10000,1.0,0.4,0.014666810181288346,3.684136148790474,0.003981071705534975,0.45841608216115287,0.9999999999999999,exponential,253,True,1181.0,1181.0,1181,1181,"min(t_0, 1000000)",3.8885999,3.8885999,0,0.0,1.0,1.0,10000,1000000
10000,1.0,0.4,0.014666810181288346,3.684136148790474,0.003981071705534975,0.45841608216115287,0.9999999999999999,exponential,254,True,936.0,936.0,936,936,"min(t_0, 1000000)",4.1818,4.1818,0,0.0,1.0,1.0,10000,1000000
10000,1.0,0.4,0.014666810181288346,3.684136148790474,0.003981071705534975,0.45841608216115287,0.9999999999999999,exponential,255,True,1250.0,1250.0,1250,1250,"min(t_0, 1000000)",3.9515998,3.9515998,0,0.0,1.0,1.0,10000,1000000
10000,1.0,0.4,0.014666810181288346,3.684136148790474,0.003981071705534975,0.45841608216115287,0.9999999999999999,exponential,256,True,2411.0,2411.0,2411,2411,"min(t_0, 1000000)",4.193,4.193,0,0.0,1.0,1.0,10000,1000000
10000,1.0,0.4,0.014666810181288346,3.684136148790474,0.003981071705534975,0.45841608216115287,0.9999999999999999,exponential,257,True,437.0,437.0,437,437,"min(t_0, 1000000)",3.8643,3.8643,0,0.0,1.0,1.0,10000,1000000
10000,1.0,0.4,0.014666810181288346,3.684136148790474,0.003981071705534975,0.45841608216115287,0.9999999999999999,exponential,258,True,1054.0,1054.0,1054,1054,"min(t_0, 1000000)",4.1907,4.1907,0,0.0,1.0,1.0,10000,1000000
10000,1.0,0.4,0.014666810181288346,3.684136148790474,0.003981071705534975,0.45841608216115287,0.9999999999999999,exponential,259,True,540.0,540.0,540,540,"min(t_0, 1000000)",4.1022997,4.1022997,0,0.0,1.0,1.0,10000,1000000
10000,1.0,0.4,0.014666810181288346,3.684136148790474,0.003981071705534975,0.45841608216115287,0.9999999999999999,exponential,260,True,1213.0,1213.0,1213,1213,"min(t_0, 1000000)",3.9931998,3.9931998,0,0.0,1.0,1.0,10000,1000000
10000,1.0,0.4,0.014666810181288346,3.684136148790474,0.003981071705534975,0.45841608216115287,0.9999999999999999,exponential,261,True,455.0,455.0,455,455,"min(t_0, 1000000)",3.8128998,3.8128998,0,0.0,1.0,1.0,10000,1000000
10000,1.0,0.4,0.014666810181288346,3.684136148790474,0.003981071705534975,0.45841608216115287,0.9999999999999999,exponential,262,True,174.0,174.0,174,174,"min(t_0, 1000000)",3.8284,3.8284,0,0.0,1.0,1.0,10000,1000000
10000,1.0,0.4,0.014666810181288346,3.684136148790474,0.003981071705534975,0.45841608216115287,0.9999999999999999,exponential,263,True,564.0,564.0,564,564,"min(t_0, 1000000)",4.0822,4.0822,0,0.0,1.0,1.0,10000,1000000
10000,1.0,0.4,0.014666810181288346,3.684136148790474,0.003981071705534975,0.45841608216115287,0.9999999999999999,exponential,264,True,466.0,466.0,466,466,"min(t_0, 1000000)",3.8702998,3.8702998,0,0.0,1.0,1.0,10000,1000000
10000,1.0,0.4,0.014666810181288346,3.684136148790474,0.003981071705534975,0.45841608216115287,0.9999999999999999,exponential,265,True,622.0,622.0,622,622,"min(t_0, 1000000)",3.7774,3.7774,0,0.0,1.0,1.0,10000,1000000
10000,1.0,0.4,0.014666810181288346,3.684136148790474,0.003981071705534975,0.45841608216115287,0.9999999999999999,exponential,266,True,144.0,144.0,144,144,"min(t_0, 1000000)",4.1233997,4.1233997,0,0.0,1.0,1.0,10000,1000000
10000,1.0,0.4,0.014666810181288346,3.684136148790474,0.003981071705534975,0.45841608216115287,0.9999999999999999,exponential,267,True,135.0,135.0,135,135,"min(t_0, 1000000)",3.9032998,3.9032998,0,0.0,1.0,1.0,10000,1000000
10000,1.0,0.4,0.014666810181288346,3.684136148790474,0.003981071705534975,0.45841608216115287,0.9999999999999999,exponential,268,True,652.0,652.0,652,652,"min(t_0, 1000000)",4.1788,4.1788,0,0.0,1.0,1.0,10000,1000000
10000,1.0,0.4,0.014666810181288346,3.684136148790474,0.003981071705534975,0.45841608216115287,0.9999999999999999,exponential,269,True,350.0,350.0,350,350,"min(t_0, 1000000)",3.745,3.745,0,0.0,1.0,1.0,10000,1000000
10000,1.0,0.4,0.014666810181288346,3.684136148790474,0.003981071705534975,0.45841608216115287,0.9999999999999999,exponential,270,True,1644.0,1644.0,1644,1644,"min(t_0, 1000000)",4.4321,4.4321,0,0.0,1.0,1.0,10000,1000000
10000,1.0,0.4,0.014666810181288346,3.684136148790474,0.003981071705534975,0.45841608216115287,0.9999999999999999,exponential,271,True,542.0,542.0,542,542,"min(t_0, 1000000)",3.9078,3.9078,0,0.0,1.0,1.0,10000,1000000
10000,1.0,0.4,0.014666810181288346,3.684136148790474,0.003981071705534975,0.45841608216115287,0.9999999999999999,exponential,272,True,1262.0,1262.0,1262,1262,"min(t_0, 1000000)",4.2922,4.2922,0,0.0,1.0,1.0,10000,1000000
10000,1.0,0.4,0.014666810181288346,3.684136148790474,0.003981071705534975,0.45841608216115287,0.9999999999999999,exponential,273,True,154.0,154.0,154,154,"min(t_0, 1000000)",3.7775998,3.7775998,0,0.0,1.0,1.0,10000,1000000
10000,1.0,0.4,0.014666810181288346,3.684136148790474,0.003981071705534975,0.45841608216115287,0.9999999999999999,exponential,274,True,489.0,489.0,489,489,"min(t_0, 1000000)",4.2131,4.2131,0,0.0,1.0,1.0,10000,1000000
10000,1.0,0.4,0.014666810181288346,3.684136148790474,0.003981071705534975,0.45841608216115287,0.9999999999999999,exponential,275,True,825.0,825.0,825,825,"min(t_0, 1000000)",3.8012998,3.8012998,0,0.0,1.0,1.0,10000,1000000
10000,1.0,0.4,0.014666810181288346,3.684136148790474,0.003981071705534975,0.45841608216115287,0.9999999999999999,exponential,276,True,172.0,172.0,172,172,"min(t_0, 1000000)",3.6771,3.6771,0,0.0,1.0,1.0,10000,1000000
10000,1.0,0.4,0.014666810181288346,3.684136148790474,0.003981071705534975,0.45841608216115287,0.9999999999999999,exponential,277,True,1217.0,1217.0,1217,1217,"min(t_0, 1000000)",3.3549,3.3549,0,0.0,1.0,1.0,10000,1000000
10000,1.0,0.4,0.014666810181288346,3.684136148790474,0.003981071705534975,0.45841608216115287,0.9999999999999999,exponential,278,True,1218.0,1218.0,1218,1218,"min(t_0, 1000000)",3.6773999,3.6773999,0,0.0,1.0,1.0,10000,1000000
10000,1.0,0.4,0.014666810181288346,3.684136148790474,0.003981071705534975,0.45841608216115287,0.9999999999999999,exponential,279,True,406.0,406.0,406,406,"min(t_0, 1000000)",3.7974,3.7974,0,0.0,1.0,1.0,10000,1000000
10000,1.0,0.4,0.014666810181288346,3.684136148790474,0.003981071705534975,0.45841608216115287,0.9999999999999999,exponential,280,True,1470.0,1470.0,1470,1470,"min(t_0, 1000000)",4.075,4.075,0,0.0,1.0,1.0,10000,1000000
10000,1.0,0.4,0.014666810181288346,3.684136148790474,0.003981071705534975,0.45841608216115287,0.9999999999999999,exponential,281,True,1820.0,1820.0,1820,1820,"min(t_0, 1000000)",4.3754,4.3754,0,0.0,1.0,1.0,10000,1000000
10000,1.0,0.4,0.014666810181288346,3.684136148790474,0.003981071705534975,0.45841608216115287,0.9999999999999999,exponential,282,True,372.0,372.0,372,372,"min(t_0, 1000000)",3.9183,3.9183,0,0.0,1.0,1.0,10000,1000000
10000,1.0,0.4,0.014666810181288346,3.684136148790474,0.003981071705534975,0.45841608216115287,0.9999999999999999,exponential,283,True,800.0,800.0,800,800,"min(t_0, 1000000)",4.2634997,4.2634997,0,0.0,1.0,1.0,10000,1000000
10000,1.0,0.4,0.014666810181288346,3.684136148790474,0.003981071705534975,0.45841608216115287,0.9999999999999999,exponential,284,True,794.0,794.0,794,794,"min(t_0, 1000000)",3.6553998,3.6553998,0,0.0,1.0,1.0,10000,1000000
10000,1.0,0.4,0.014666810181288346,3.684136148790474,0.003981071705534975,0.45841608216115287,0.9999999999999999,exponential,285,True,341.0,341.0,341,341,"min(t_0, 1000000)",3.9164,3.9164,0,0.0,1.0,1.0,10000,1000000
10000,1.0,0.4,0.014666810181288346,3.684136148790474,0.003981071705534975,0.45841608216115287,0.9999999999999999,exponential,286,True,2229.0,2229.0,2229,2229,"min(t_0, 1000000)",4.3079,4.3079,0,0.0,1.0,1.0,10000,1000000
10000,1.0,0.4,0.014666810181288346,3.684136148790474,0.003981071705534975,0.45841608216115287,0.9999999999999999,exponential,287,True,190.0,190.0,190,190,"min(t_0, 1000000)",4.4688,4.4688,0,0.0,1.0,1.0,10000,1000000
10000,1.0,0.4,0.014666810181288346,3.684136148790474,0.003981071705534975,0.45841608216115287,0.9999999999999999,exponential,288,True,430.0,430.0,430,430,"min(t_0, 1000000)",4.3241997,4.3241997,0,0.0,1.0,1.0,10000,1000000
10000,1.0,0.4,0.014666810181288346,3.684136148790474,0.003981071705534975,0.45841608216115287,0.9999999999999999,exponential,289,True,2545.0,2545.0,2545,2545,"min(t_0, 1000000)",4.6013,4.6013,0,0.0,1.0,1.0,10000,1000000
10000,1.0,0.4,0.014666810181288346,3.684136148790474,0.003981071705534975,0.45841608216115287,0.9999999999999999,exponential,290,True,1458.0,1458.0,1458,1458,"min(t_0, 1000000)",3.9657998,3.9657998,0,0.0,1.0,1.0,10000,1000000
10000,1.0,0.4,0.014666810181288346,3.684136148790474,0.003981071705534975,0.45841608216115287,0.9999999999999999,exponential,291,True,546.0,546.0,546,546,"min(t_0, 1000000)",3.836,3.836,0,0.0,1.0,1.0,10000,1000000
10000,1.0,0.4,0.014666810181288346,3.684136148790474,0.003981071705534975,0.45841608216115287,0.9999999999999999,exponential,292,True,401.0,401.0,401,401,"min(t_0, 1000000)",3.5526,3.5526,0,0.0,1.0,1.0,10000,1000000
10000,1.0,0.4,0.014666810181288346,3.684136148790474,0.003981071705534975,0.45841608216115287,0.9999999999999999,exponential,293,True,257.0,257.0,257,257,"min(t_0, 1000000)",3.6734998,3.6734998,0,0.0,1.0,1.0,10000,1000000
10000,1.0,0.4,0.014666810181288346,3.684136148790474,0.003981071705534975,0.45841608216115287,0.9999999999999999,exponential,294,True,1179.0,1179.0,1179,1179,"min(t_0, 1000000)",3.8132,3.8132,0,0.0,1.0,1.0,10000,1000000
10000,1.0,0.4,0.014666810181288346,3.684136148790474,0.003981071705534975,0.45841608216115287,0.9999999999999999,exponential,295,True,2456.0,2456.0,2456,2456,"min(t_0, 1000000)",3.7349,3.7349,0,0.0,1.0,1.0,10000,1000000
10000,1.0,0.4,0.014666810181288346,3.684136148790474,0.003981071705534975,0.45841608216115287,0.9999999999999999,exponential,296,True,498.0,498.0,498,498,"min(t_0, 1000000)",4.0741997,4.0741997,0,0.0,1.0,1.0,10000,1000000
10000,1.0,0.4,0.014666810181288346,3.684136148790474,0.003981071705534975,0.45841608216115287,0.9999999999999999,exponential,297,True,1520.0,1520.0,1520,1520,"min(t_0, 1000000)",3.9912,3.9912,0,0.0,1.0,1.0,10000,1000000
10000,1.0,0.4,0.014666810181288346,3.684136148790474,0.003981071705534975,0.45841608216115287,0.9999999999999999,exponential,298,True,2996.0,2996.0,2996,2996,"min(t_0, 1000000)",3.6581,3.6581,0,0.0,1.0,1.0,10000,1000000
10000,1.0,0.4,0.014666810181288346,3.684136148790474,0.003981071705534975,0.45841608216115287,0.9999999999999999,exponential,299,True,860.0,860.0,860,860,"min(t_0, 1000000)",3.8369,3.8369,0,0.0,1.0,1.0,10000,1000000
10000,1.0,0.4,0.014666810181288346,3.684136148790474,0.003981071705534975,0.45841608216115287,0.9999999999999999,exponential,300,True,209.0,209.0,209,209,"min(t_0, 1000000)",4.2086997,4.2086997,0,0.0,1.0,1.0,10000,1000000
10000,1.0,0.4,0.014666810181288346,3.684136148790474,0.003981071705534975,0.45841608216115287,0.9999999999999999,exponential,301,True,1357.0,1357.0,1357,1357,"min(t_0, 1000000)",4.3215,4.3215,0,0.0,1.0,1.0,10000,1000000
10000,1.0,0.4,0.014666810181288346,3.684136148790474,0.003981071705534975,0.45841608216115287,0.9999999999999999,exponential,302,True,411.0,411.0,411,411,"min(t_0, 1000000)",3.9980998,3.9980998,0,0.0,1.0,1.0,10000,1000000
10000,1.0,0.4,0.014666810181288346,3.684136148790474,0.003981071705534975,0.45841608216115287,0.9999999999999999,exponential,303,True,3787.0,3787.0,3787,3787,"min(t_0, 1000000)",4.046,4.046,0,0.0,1.0,1.0,10000,1000000
10000,1.0,0.4,0.014666810181288346,3.684136148790474,0.003981071705534975,0.45841608216115287,0.9999999999999999,exponential,304,True,1621.0,1621.0,1621,1621,"min(t_0, 1000000)",4.2316,4.2316,0,0.0,1.0,1.0,10000,1000000
10000,1.0,0.4,0.014666810181288346,3.684136148790474,0.003981071705534975,0.45841608216115287,0.9999999999999999,exponential,305,True,146.0,146.0,146,146,"min(t_0, 1000000)",3.8451,3.8451,0,0.0,1.0,1.0,10000,1000000
10000,1.0,0.4,0.014666810181288346,3.684136148790474,0.003981071705534975,0.45841608216115287,0.9999999999999999,exponential,306,True,1246.0,1246.0,1246,1246,"min(t_0, 1000000)",4.0722,4.0722,0,0.0,1.0,1.0,10000,1000000
10000,1.0,0.4,0.014666810181288346,3.684136148790474,0.003981071705534975,0.45841608216115287,0.9999999999999999,exponential,307,True,707.0,707.0,707,707,"min(t_0, 1000000)",3.9534,3.9534,0,0.0,1.0,1.0,10000,1000000
10000,1.0,0.4,0.014666810181288346,3.684136148790474,0.003981071705534975,0.45841608216115287,0.9999999999999999,exponential,308,True,871.0,871.0,871,871,"min(t_0, 1000000)",5.0961,5.0961,0,0.0,1.0,1.0,10000,1000000
10000,1.0,0.4,0.014666810181288346,3.684136148790474,0.003981071705534975,0.45841608216115287,0.9999999999999999,exponential,309,True,3604.0,3604.0,3604,3604,"min(t_0, 1000000)",3.6155,3.6155,0,0.0,1.0,1.0,10000,1000000
10000,1.0,0.4,0.014666810181288346,3.684136148790474,0.003981071705534975,0.45841608216115287,0.9999999999999999,exponential,310,True,2237.0,2237.0,2237,2237,"min(t_0, 1000000)",3.814,3.814,0,0.0,1.0,1.0,10000,1000000
10000,1.0,0.4,0.014666810181288346,3.684136148790474,0.003981071705534975,0.45841608216115287,0.9999999999999999,exponential,311,True,4268.0,4268.0,4268,4268,"min(t_0, 1000000)",3.7975998,3.7975998,0,0.0,1.0,1.0,10000,1000000
10000,1.0,0.4,0.014666810181288346,3.684136148790474,0.003981071705534975,0.45841608216115287,0.9999999999999999,exponential,312,True,528.0,528.0,528,528,"min(t_0, 1000000)",4.0565,4.0565,0,0.0,1.0,1.0,10000,1000000
10000,1.0,0.4,0.014666810181288346,3.684136148790474,0.003981071705534975,0.45841608216115287,0.9999999999999999,exponential,313,True,748.0,748.0,748,748,"min(t_0, 1000000)",4.1868997,4.1868997,0,0.0,1.0,1.0,10000,1000000
10000,1.0,0.4,0.014666810181288346,3.684136148790474,0.003981071705534975,0.45841608216115287,0.9999999999999999,exponential,314,True,392.0,392.0,392,392,"min(t_0, 1000000)",4.1401,4.1401,0,0.0,1.0,1.0,10000,1000000
10000,1.0,0.4,0.014666810181288346,3.684136148790474,0.003981071705534975,0.45841608216115287,0.9999999999999999,exponential,315,True,1226.0,1226.0,1226,1226,"min(t_0, 1000000)",3.7810998,3.7810998,0,0.0,1.0,1.0,10000,1000000
10000,1.0,0.4,0.014666810181288346,3.684136148790474,0.003981071705534975,0.45841608216115287,0.9999999999999999,exponential,316,True,339.0,339.0,339,339,"min(t_0, 1000000)",4.1337,4.1337,0,0.0,1.0,1.0,10000,1000000
10000,1.0,0.4,0.014666810181288346,3.684136148790474,0.003981071705534975,0.45841608216115287,0.9999999999999999,exponential,317,True,618.0,618.0,618,618,"min(t_0, 1000000)",4.0645,4.0645,0,0.0,1.0,1.0,10000,1000000
10000,1.0,0.4,0.014666810181288346,3.684136148790474,0.003981071705534975,0.45841608216115287,0.9999999999999999,exponential,318,True,165.0,165.0,165,165,"min(t_0, 1000000)",4.0417,4.0417,0,0.0,1.0,1.0,10000,1000000
10000,1.0,0.4,0.014666810181288346,3.684136148790474,0.003981071705534975,0.45841608216115287,0.9999999999999999,exponential,319,True,1132.0,1132.0,1132,1132,"min(t_0, 1000000)",4.3518,4.3518,0,0.0,1.0,1.0,10000,1000000
10000,1.0,0.4,0.014666810181288346,3.684136148790474,0.003981071705534975,0.45841608216115287,0.9999999999999999,exponential,320,True,275.0,275.0,275,275,"min(t_0, 1000000)",3.8825,3.8825,0,0.0,1.0,1.0,10000,1000000
10000,1.0,0.4,0.014666810181288346,3.684136148790474,0.003981071705534975,0.45841608216115287,0.9999999999999999,exponential,321,True,1912.0,1912.0,1912,1912,"min(t_0, 1000000)",3.995,3.995,0,0.0,1.0,1.0,10000,1000000
10000,1.0,0.4,0.014666810181288346,3.684136148790474,0.003981071705534975,0.45841608216115287,0.9999999999999999,exponential,322,True,351.0,351.0,351,351,"min(t_0, 1000000)",4.1092,4.1092,0,0.0,1.0,1.0,10000,1000000
10000,1.0,0.4,0.014666810181288346,3.684136148790474,0.003981071705534975,0.45841608216115287,0.9999999999999999,exponential,323,True,1937.0,1937.0,1937,1937,"min(t_0, 1000000)",3.8769,3.8769,0,0.0,1.0,1.0,10000,1000000
10000,1.0,0.4,0.014666810181288346,3.684136148790474,0.003981071705534975,0.45841608216115287,0.9999999999999999,exponential,324,True,396.0,396.0,396,396,"min(t_0, 1000000)",3.847,3.847,0,0.0,1.0,1.0,10000,1000000
10000,1.0,0.4,0.014666810181288346,3.684136148790474,0.003981071705534975,0.45841608216115287,0.9999999999999999,exponential,325,True,1935.0,1935.0,1935,1935,"min(t_0, 1000000)",4.8777,4.8777,0,0.0,1.0,1.0,10000,1000000
10000,1.0,0.4,0.014666810181288346,3.684136148790474,0.003981071705534975,0.45841608216115287,0.9999999999999999,exponential,326,True,379.0,379.0,379,379,"min(t_0, 1000000)",3.9443,3.9443,0,0.0,1.0,1.0,10000,1000000
10000,1.0,0.4,0.014666810181288346,3.684136148790474,0.003981071705534975,0.45841608216115287,0.9999999999999999,exponential,327,True,2405.0,2405.0,2405,2405,"min(t_0, 1000000)",3.6287,3.6287,0,0.0,1.0,1.0,10000,1000000
10000,1.0,0.4,0.014666810181288346,3.684136148790474,0.003981071705534975,0.45841608216115287,0.9999999999999999,exponential,328,True,717.0,717.0,717,717,"min(t_0, 1000000)",4.0703998,4.0703998,0,0.0,1.0,1.0,10000,1000000
10000,1.0,0.4,0.014666810181288346,3.684136148790474,0.003981071705534975,0.45841608216115287,0.9999999999999999,exponential,329,True,1003.0,1003.0,1003,1003,"min(t_0, 1000000)",4.2609997,4.2609997,0,0.0,1.0,1.0,10000,1000000
10000,1.0,0.4,0.014666810181288346,3.684136148790474,0.003981071705534975,0.45841608216115287,0.9999999999999999,exponential,330,True,2123.0,2123.0,2123,2123,"min(t_0, 1000000)",4.1031,4.1031,0,0.0,1.0,1.0,10000,1000000
10000,1.0,0.4,0.014666810181288346,3.684136148790474,0.003981071705534975,0.45841608216115287,0.9999999999999999,exponential,331,True,535.0,535.0,535,535,"min(t_0, 1000000)",4.0424,4.0424,0,0.0,1.0,1.0,10000,1000000
10000,1.0,0.4,0.014666810181288346,3.684136148790474,0.003981071705534975,0.45841608216115287,0.9999999999999999,exponential,332,True,252.0,252.0,252,252,"min(t_0, 1000000)",4.3431997,4.3431997,0,0.0,1.0,1.0,10000,1000000
10000,1.0,0.4,0.014666810181288346,3.684136148790474,0.003981071705534975,0.45841608216115287,0.9999999999999999,exponential,333,True,345.0,345.0,345,345,"min(t_0, 1000000)",4.0193,4.0193,0,0.0,1.0,1.0,10000,1000000
10000,1.0,0.4,0.014666810181288346,3.684136148790474,0.003981071705534975,0.45841608216115287,0.9999999999999999,exponential,334,True,386.0,386.0,386,386,"min(t_0, 1000000)",3.9498,3.9498,0,0.0,1.0,1.0,10000,1000000
10000,1.0,0.4,0.014666810181288346,3.684136148790474,0.003981071705534975,0.45841608216115287,0.9999999999999999,exponential,335,True,826.0,826.0,826,826,"min(t_0, 1000000)",3.9843998,3.9843998,0,0.0,1.0,1.0,10000,1000000
10000,1.0,0.4,0.014666810181288346,3.684136148790474,0.003981071705534975,0.45841608216115287,0.9999999999999999,exponential,336,True,1702.0,1702.0,1702,1702,"min(t_0, 1000000)",3.8816998,3.8816998,0,0.0,1.0,1.0,10000,1000000
10000,1.0,0.4,0.014666810181288346,3.684136148790474,0.003981071705534975,0.45841608216115287,0.9999999999999999,exponential,337,True,968.0,968.0,968,968,"min(t_0, 1000000)",4.5132,4.5132,0,0.0,1.0,1.0,10000,1000000
10000,1.0,0.4,0.014666810181288346,3.684136148790474,0.003981071705534975,0.45841608216115287,0.9999999999999999,exponential,338,True,464.0,464.0,464,464,"min(t_0, 1000000)",4.0667,4.0667,0,0.0,1.0,1.0,10000,1000000
10000,1.0,0.4,0.014666810181288346,3.684136148790474,0.003981071705534975,0.45841608216115287,0.9999999999999999,exponential,339,True,325.0,325.0,325,325,"min(t_0, 1000000)",3.8806,3.8806,0,0.0,1.0,1.0,10000,1000000
10000,1.0,0.4,0.014666810181288346,3.684136148790474,0.003981071705534975,0.45841608216115287,0.9999999999999999,exponential,340,True,667.0,667.0,667,667,"min(t_0, 1000000)",3.5263,3.5263,0,0.0,1.0,1.0,10000,1000000
10000,1.0,0.4,0.014666810181288346,3.684136148790474,0.003981071705534975,0.45841608216115287,0.9999999999999999,exponential,341,True,826.0,826.0,826,826,"min(t_0, 1000000)",4.0961,4.0961,0,0.0,1.0,1.0,10000,1000000
10000,1.0,0.4,0.014666810181288346,3.684136148790474,0.003981071705534975,0.45841608216115287,0.9999999999999999,exponential,342,True,1141.0,1141.0,1141,1141,"min(t_0, 1000000)",4.4632,4.4632,0,0.0,1.0,1.0,10000,1000000
10000,1.0,0.4,0.014666810181288346,3.684136148790474,0.003981071705534975,0.45841608216115287,0.9999999999999999,exponential,343,True,1311.0,1311.0,1311,1311,"min(t_0, 1000000)",3.9411,3.9411,0,0.0,1.0,1.0,10000,1000000
10000,1.0,0.4,0.014666810181288346,3.684136148790474,0.003981071705534975,0.45841608216115287,0.9999999999999999,exponential,344,True,466.0,466.0,466,466,"min(t_0, 1000000)",3.6994,3.6994,0,0.0,1.0,1.0,10000,1000000
10000,1.0,0.4,0.014666810181288346,3.684136148790474,0.003981071705534975,0.45841608216115287,0.9999999999999999,exponential,345,True,2521.0,2521.0,2521,2521,"min(t_0, 1000000)",3.7582998,3.7582998,0,0.0,1.0,1.0,10000,1000000
10000,1.0,0.4,0.014666810181288346,3.684136148790474,0.003981071705534975,0.45841608216115287,0.9999999999999999,exponential,346,True,850.0,850.0,850,850,"min(t_0, 1000000)",4.0011997,4.0011997,0,0.0,1.0,1.0,10000,1000000
10000,1.0,0.4,0.014666810181288346,3.684136148790474,0.003981071705534975,0.45841608216115287,0.9999999999999999,exponential,347,True,866.0,866.0,866,866,"min(t_0, 1000000)",4.0604997,4.0604997,0,0.0,1.0,1.0,10000,1000000
10000,1.0,0.4,0.014666810181288346,3.684136148790474,0.003981071705534975,0.45841608216115287,0.9999999999999999,exponential,348,True,396.0,396.0,396,396,"min(t_0, 1000000)",3.7263,3.7263,0,0.0,1.0,1.0,10000,1000000
10000,1.0,0.4,0.014666810181288346,3.684136148790474,0.003981071705534975,0.45841608216115287,0.9999999999999999,exponential,349,True,330.0,330.0,330,330,"min(t_0, 1000000)",3.7533,3.7533,0,0.0,1.0,1.0,10000,1000000
10000,1.0,0.4,0.014666810181288346,3.684136148790474,0.003981071705534975,0.45841608216115287,0.9999999999999999,exponential,350,True,1114.0,1114.0,1114,1114,"min(t_0, 1000000)",4.0302997,4.0302997,0,0.0,1.0,1.0,10000,1000000
10000,1.0,0.4,0.014666810181288346,3.684136148790474,0.003981071705534975,0.45841608216115287,0.9999999999999999,exponential,351,True,1018.0,1018.0,1018,1018,"min(t_0, 1000000)",4.3777,4.3777,0,0.0,1.0,1.0,10000,1000000
10000,1.0,0.4,0.014666810181288346,3.684136148790474,0.003981071705534975,0.45841608216115287,0.9999999999999999,exponential,352,True,538.0,538.0,538,538,"min(t_0, 1000000)",4.7472997,4.7472997,0,0.0,1.0,1.0,10000,1000000
10000,1.0,0.4,0.014666810181288346,3.684136148790474,0.003981071705534975,0.45841608216115287,0.9999999999999999,exponential,353,True,356.0,356.0,356,356,"min(t_0, 1000000)",3.7372,3.7372,0,0.0,1.0,1.0,10000,1000000
10000,1.0,0.4,0.014666810181288346,3.684136148790474,0.003981071705534975,0.45841608216115287,0.9999999999999999,exponential,354,True,1290.0,1290.0,1290,1290,"min(t_0, 1000000)",3.9550998,3.9550998,0,0.0,1.0,1.0,10000,1000000
10000,1.0,0.4,0.014666810181288346,3.684136148790474,0.003981071705534975,0.45841608216115287,0.9999999999999999,exponential,355,True,1387.0,1387.0,1387,1387,"min(t_0, 1000000)",3.7498999,3.7498999,0,0.0,1.0,1.0,10000,1000000
10000,1.0,0.4,0.014666810181288346,3.684136148790474,0.003981071705534975,0.45841608216115287,0.9999999999999999,exponential,356,True,847.0,847.0,847,847,"min(t_0, 1000000)",3.9187,3.9187,0,0.0,1.0,1.0,10000,1000000
10000,1.0,0.4,0.014666810181288346,3.684136148790474,0.003981071705534975,0.45841608216115287,0.9999999999999999,exponential,357,True,599.0,599.0,599,599,"min(t_0, 1000000)",3.6873,3.6873,0,0.0,1.0,1.0,10000,1000000
10000,1.0,0.4,0.014666810181288346,3.684136148790474,0.003981071705534975,0.45841608216115287,0.9999999999999999,exponential,358,True,1187.0,1187.0,1187,1187,"min(t_0, 1000000)",3.7628999,3.7628999,0,0.0,1.0,1.0,10000,1000000
10000,1.0,0.4,0.014666810181288346,3.684136148790474,0.003981071705534975,0.45841608216115287,0.9999999999999999,exponential,359,True,1575.0,1575.0,1575,1575,"min(t_0, 1000000)",4.4614,4.4614,0,0.0,1.0,1.0,10000,1000000
10000,1.0,0.4,0.014666810181288346,3.684136148790474,0.003981071705534975,0.45841608216115287,0.9999999999999999,exponential,360,True,836.0,836.0,836,836,"min(t_0, 1000000)",3.4245,3.4245,0,0.0,1.0,1.0,10000,1000000
10000,1.0,0.4,0.014666810181288346,3.684136148790474,0.003981071705534975,0.45841608216115287,0.9999999999999999,exponential,361,True,2114.0,2114.0,2114,2114,"min(t_0, 1000000)",4.0421,4.0421,0,0.0,1.0,1.0,10000,1000000
10000,1.0,0.4,0.014666810181288346,3.684136148790474,0.003981071705534975,0.45841608216115287,0.9999999999999999,exponential,362,True,638.0,638.0,638,638,"min(t_0, 1000000)",3.7626,3.7626,0,0.0,1.0,1.0,10000,1000000
10000,1.0,0.4,0.014666810181288346,3.684136148790474,0.003981071705534975,0.45841608216115287,0.9999999999999999,exponential,363,True,2967.0,2967.0,2967,2967,"min(t_0, 1000000)",3.8244998,3.8244998,0,0.0,1.0,1.0,10000,1000000
10000,1.0,0.4,0.014666810181288346,3.684136148790474,0.003981071705534975,0.45841608216115287,0.9999999999999999,exponential,364,True,1094.0,1094.0,1094,1094,"min(t_0, 1000000)",4.0504,4.0504,0,0.0,1.0,1.0,10000,1000000
10000,1.0,0.4,0.014666810181288346,3.684136148790474,0.003981071705534975,0.45841608216115287,0.9999999999999999,exponential,365,True,383.0,383.0,383,383,"min(t_0, 1000000)",4.1451,4.1451,0,0.0,1.0,1.0,10000,1000000
10000,1.0,0.4,0.014666810181288346,3.684136148790474,0.003981071705534975,0.45841608216115287,0.9999999999999999,exponential,366,True,2560.0,2560.0,2560,2560,"min(t_0, 1000000)",3.3878999,3.3878999,0,0.0,1.0,1.0,10000,1000000
10000,1.0,0.4,0.014666810181288346,3.684136148790474,0.003981071705534975,0.45841608216115287,0.9999999999999999,exponential,367,True,1115.0,1115.0,1115,1115,"min(t_0, 1000000)",3.6039999,3.6039999,0,0.0,1.0,1.0,10000,1000000
10000,1.0,0.4,0.014666810181288346,3.684136148790474,0.003981071705534975,0.45841608216115287,0.9999999999999999,exponential,368,True,839.0,839.0,839,839,"min(t_0, 1000000)",4.4741,4.4741,0,0.0,1.0,1.0,10000,1000000
10000,1.0,0.4,0.014666810181288346,3.684136148790474,0.003981071705534975,0.45841608216115287,0.9999999999999999,exponential,369,True,1641.0,1641.0,1641,1641,"min(t_0, 1000000)",4.127,4.127,0,0.0,1.0,1.0,10000,1000000
10000,1.0,0.4,0.014666810181288346,3.684136148790474,0.003981071705534975,0.45841608216115287,0.9999999999999999,exponential,370,True,1387.0,1387.0,1387,1387,"min(t_0, 1000000)",3.4473,3.4473,0,0.0,1.0,1.0,10000,1000000
10000,1.0,0.4,0.014666810181288346,3.684136148790474,0.003981071705534975,0.45841608216115287,0.9999999999999999,exponential,371,True,128.0,128.0,128,128,"min(t_0, 1000000)",3.5396998,3.5396998,0,0.0,1.0,1.0,10000,1000000
10000,1.0,0.4,0.014666810181288346,3.684136148790474,0.003981071705534975,0.45841608216115287,0.9999999999999999,exponential,372,True,2237.0,2237.0,2237,2237,"min(t_0, 1000000)",3.8588998,3.8588998,0,0.0,1.0,1.0,10000,1000000
10000,1.0,0.4,0.014666810181288346,3.684136148790474,0.003981071705534975,0.45841608216115287,0.9999999999999999,exponential,373,True,710.0,710.0,710,710,"min(t_0, 1000000)",4.6144,4.6144,0,0.0,1.0,1.0,10000,1000000
10000,1.0,0.4,0.014666810181288346,3.684136148790474,0.003981071705534975,0.45841608216115287,0.9999999999999999,exponential,374,True,313.0,313.0,313,313,"min(t_0, 1000000)",3.9529998,3.9529998,0,0.0,1.0,1.0,10000,1000000
10000,1.0,0.4,0.014666810181288346,3.684136148790474,0.003981071705534975,0.45841608216115287,0.9999999999999999,exponential,375,True,444.0,444.0,444,444,"min(t_0, 1000000)",3.7738,3.7738,0,0.0,1.0,1.0,10000,1000000
10000,1.0,0.4,0.014666810181288346,3.684136148790474,0.003981071705534975,0.45841608216115287,0.9999999999999999,exponential,376,True,1639.0,1639.0,1639,1639,"min(t_0, 1000000)",4.0976,4.0976,0,0.0,1.0,1.0,10000,1000000
10000,1.0,0.4,0.014666810181288346,3.684136148790474,0.003981071705534975,0.45841608216115287,0.9999999999999999,exponential,377,True,1286.0,1286.0,1286,1286,"min(t_0, 1000000)",3.7314,3.7314,0,0.0,1.0,1.0,10000,1000000
10000,1.0,0.4,0.014666810181288346,3.684136148790474,0.003981071705534975,0.45841608216115287,0.9999999999999999,exponential,378,True,1066.0,1066.0,1066,1066,"min(t_0, 1000000)",4.4117,4.4117,0,0.0,1.0,1.0,10000,1000000
10000,1.0,0.4,0.014666810181288346,3.684136148790474,0.003981071705534975,0.45841608216115287,0.9999999999999999,exponential,379,True,179.0,179.0,179,179,"min(t_0, 1000000)",3.7036998,3.7036998,0,0.0,1.0,1.0,10000,1000000
10000,1.0,0.4,0.014666810181288346,3.684136148790474,0.003981071705534975,0.45841608216115287,0.9999999999999999,exponential,380,True,1353.0,1353.0,1353,1353,"min(t_0, 1000000)",3.9006,3.9006,0,0.0,1.0,1.0,10000,1000000
10000,1.0,0.4,0.014666810181288346,3.684136148790474,0.003981071705534975,0.45841608216115287,0.9999999999999999,exponential,381,True,342.0,342.0,342,342,"min(t_0, 1000000)",3.4218,3.4218,0,0.0,1.0,1.0,10000,1000000
10000,1.0,0.4,0.014666810181288346,3.684136148790474,0.003981071705534975,0.45841608216115287,0.9999999999999999,exponential,382,True,885.0,885.0,885,885,"min(t_0, 1000000)",3.7821,3.7821,0,0.0,1.0,1.0,10000,1000000
10000,1.0,0.4,0.014666810181288346,3.684136148790474,0.003981071705534975,0.45841608216115287,0.9999999999999999,exponential,383,True,252.0,252.0,252,252,"min(t_0, 1000000)",4.0329,4.0329,0,0.0,1.0,1.0,10000,1000000
10000,1.0,0.4,0.014666810181288346,3.684136148790474,0.003981071705534975,0.45841608216115287,0.9999999999999999,exponential,384,True,422.0,422.0,422,422,"min(t_0, 1000000)",4.3974,4.3974,0,0.0,1.0,1.0,10000,1000000
10000,1.0,0.4,0.014666810181288346,3.684136148790474,0.003981071705534975,0.45841608216115287,0.9999999999999999,exponential,385,True,507.0,507.0,507,507,"min(t_0, 1000000)",3.7594,3.7594,0,0.0,1.0,1.0,10000,1000000
10000,1.0,0.4,0.014666810181288346,3.684136148790474,0.003981071705534975,0.45841608216115287,0.9999999999999999,exponential,386,True,1479.0,1479.0,1479,1479,"min(t_0, 1000000)",4.1275,4.1275,0,0.0,1.0,1.0,10000,1000000
10000,1.0,0.4,0.014666810181288346,3.684136148790474,0.003981071705534975,0.45841608216115287,0.9999999999999999,exponential,387,True,166.0,166.0,166,166,"min(t_0, 1000000)",3.9171,3.9171,0,0.0,1.0,1.0,10000,1000000
10000,1.0,0.4,0.014666810181288346,3.684136148790474,0.003981071705534975,0.45841608216115287,0.9999999999999999,exponential,388,True,579.0,579.0,579,579,"min(t_0, 1000000)",3.9524999,3.9524999,0,0.0,1.0,1.0,10000,1000000
10000,1.0,0.4,0.014666810181288346,3.684136148790474,0.003981071705534975,0.45841608216115287,0.9999999999999999,exponential,389,True,2471.0,2471.0,2471,2471,"min(t_0, 1000000)",3.8797,3.8797,0,0.0,1.0,1.0,10000,1000000
10000,1.0,0.4,0.014666810181288346,3.684136148790474,0.003981071705534975,0.45841608216115287,0.9999999999999999,exponential,390,True,1936.0,1936.0,1936,1936,"min(t_0, 1000000)",3.3404999,3.3404999,0,0.0,1.0,1.0,10000,1000000
10000,1.0,0.4,0.014666810181288346,3.684136148790474,0.003981071705534975,0.45841608216115287,0.9999999999999999,exponential,391,True,1115.0,1115.0,1115,1115,"min(t_0, 1000000)",4.44,4.44,0,0.0,1.0,1.0,10000,1000000
10000,1.0,0.4,0.014666810181288346,3.684136148790474,0.003981071705534975,0.45841608216115287,0.9999999999999999,exponential,392,True,742.0,742.0,742,742,"min(t_0, 1000000)",3.9366999,3.9366999,0,0.0,1.0,1.0,10000,1000000
10000,1.0,0.4,0.014666810181288346,3.684136148790474,0.003981071705534975,0.45841608216115287,0.9999999999999999,exponential,393,True,1451.0,1451.0,1451,1451,"min(t_0, 1000000)",3.8114998,3.8114998,0,0.0,1.0,1.0,10000,1000000
10000,1.0,0.4,0.014666810181288346,3.684136148790474,0.003981071705534975,0.45841608216115287,0.9999999999999999,exponential,394,True,1546.0,1546.0,1546,1546,"min(t_0, 1000000)",3.9132,3.9132,0,0.0,1.0,1.0,10000,1000000
10000,1.0,0.4,0.014666810181288346,3.684136148790474,0.003981071705534975,0.45841608216115287,0.9999999999999999,exponential,395,True,1265.0,1265.0,1265,1265,"min(t_0, 1000000)",4.1566997,4.1566997,0,0.0,1.0,1.0,10000,1000000
10000,1.0,0.4,0.014666810181288346,3.684136148790474,0.003981071705534975,0.45841608216115287,0.9999999999999999,exponential,396,True,142.0,142.0,142,142,"min(t_0, 1000000)",3.8995998,3.8995998,0,0.0,1.0,1.0,10000,1000000
10000,1.0,0.4,0.014666810181288346,3.684136148790474,0.003981071705534975,0.45841608216115287,0.9999999999999999,exponential,397,True,265.0,265.0,265,265,"min(t_0, 1000000)",3.8874,3.8874,0,0.0,1.0,1.0,10000,1000000
10000,1.0,0.4,0.014666810181288346,3.684136148790474,0.003981071705534975,0.45841608216115287,0.9999999999999999,exponential,398,True,216.0,216.0,216,216,"min(t_0, 1000000)",3.9524999,3.9524999,0,0.0,1.0,1.0,10000,1000000
10000,1.0,0.4,0.014666810181288346,3.684136148790474,0.003981071705534975,0.45841608216115287,0.9999999999999999,exponential,399,True,741.0,741.0,741,741,"min(t_0, 1000000)",4.0171,4.0171,0,0.0,1.0,1.0,10000,1000000
10000,1.0,0.4,0.014666810181288346,3.684136148790474,0.003981071705534975,0.45841608216115287,0.9999999999999999,exponential,400,True,1209.0,1209.0,1209,1209,"min(t_0, 1000000)",3.5776,3.5776,0,0.0,1.0,1.0,10000,1000000
10000,1.0,0.4,0.014666810181288346,3.684136148790474,0.003981071705534975,0.45841608216115287,0.9999999999999999,exponential,401,True,156.0,156.0,156,156,"min(t_0, 1000000)",3.5537999,3.5537999,0,0.0,1.0,1.0,10000,1000000
10000,1.0,0.4,0.014666810181288346,3.684136148790474,0.003981071705534975,0.45841608216115287,0.9999999999999999,exponential,402,True,702.0,702.0,702,702,"min(t_0, 1000000)",4.3543,4.3543,0,0.0,1.0,1.0,10000,1000000
10000,1.0,0.4,0.014666810181288346,3.684136148790474,0.003981071705534975,0.45841608216115287,0.9999999999999999,exponential,403,True,294.0,294.0,294,294,"min(t_0, 1000000)",3.7865,3.7865,0,0.0,1.0,1.0,10000,1000000
10000,1.0,0.4,0.014666810181288346,3.684136148790474,0.003981071705534975,0.45841608216115287,0.9999999999999999,exponential,404,True,1410.0,1410.0,1410,1410,"min(t_0, 1000000)",4.3775,4.3775,0,0.0,1.0,1.0,10000,1000000
10000,1.0,0.4,0.014666810181288346,3.684136148790474,0.003981071705534975,0.45841608216115287,0.9999999999999999,exponential,405,True,354.0,354.0,354,354,"min(t_0, 1000000)",3.7925,3.7925,0,0.0,1.0,1.0,10000,1000000
10000,1.0,0.4,0.014666810181288346,3.684136148790474,0.003981071705534975,0.45841608216115287,0.9999999999999999,exponential,406,True,997.0,997.0,997,997,"min(t_0, 1000000)",3.9552999,3.9552999,0,0.0,1.0,1.0,10000,1000000
10000,1.0,0.4,0.014666810181288346,3.684136148790474,0.003981071705534975,0.45841608216115287,0.9999999999999999,exponential,407,True,942.0,942.0,942,942,"min(t_0, 1000000)",4.2328,4.2328,0,0.0,1.0,1.0,10000,1000000
10000,1.0,0.4,0.014666810181288346,3.684136148790474,0.003981071705534975,0.45841608216115287,0.9999999999999999,exponential,408,True,357.0,357.0,357,357,"min(t_0, 1000000)",3.7038,3.7038,0,0.0,1.0,1.0,10000,1000000
10000,1.0,0.4,0.014666810181288346,3.684136148790474,0.003981071705534975,0.45841608216115287,0.9999999999999999,exponential,409,True,242.0,242.0,242,242,"min(t_0, 1000000)",3.5133998,3.5133998,0,0.0,1.0,1.0,10000,1000000
10000,1.0,0.4,0.014666810181288346,3.684136148790474,0.003981071705534975,0.45841608216115287,0.9999999999999999,exponential,410,True,1215.0,1215.0,1215,1215,"min(t_0, 1000000)",3.8862,3.8862,0,0.0,1.0,1.0,10000,1000000
10000,1.0,0.4,0.014666810181288346,3.684136148790474,0.003981071705534975,0.45841608216115287,0.9999999999999999,exponential,411,True,825.0,825.0,825,825,"min(t_0, 1000000)",3.9422,3.9422,0,0.0,1.0,1.0,10000,1000000
10000,1.0,0.4,0.014666810181288346,3.684136148790474,0.003981071705534975,0.45841608216115287,0.9999999999999999,exponential,412,True,308.0,308.0,308,308,"min(t_0, 1000000)",3.7568,3.7568,0,0.0,1.0,1.0,10000,1000000
10000,1.0,0.4,0.014666810181288346,3.684136148790474,0.003981071705534975,0.45841608216115287,0.9999999999999999,exponential,413,True,319.0,319.0,319,319,"min(t_0, 1000000)",4.1707997,4.1707997,0,0.0,1.0,1.0,10000,1000000
10000,1.0,0.4,0.014666810181288346,3.684136148790474,0.003981071705534975,0.45841608216115287,0.9999999999999999,exponential,414,True,2322.0,2322.0,2322,2322,"min(t_0, 1000000)",4.0113997,4.0113997,0,0.0,1.0,1.0,10000,1000000
10000,1.0,0.4,0.014666810181288346,3.684136148790474,0.003981071705534975,0.45841608216115287,0.9999999999999999,exponential,415,True,1627.0,1627.0,1627,1627,"min(t_0, 1000000)",3.8795998,3.8795998,0,0.0,1.0,1.0,10000,1000000
10000,1.0,0.4,0.014666810181288346,3.684136148790474,0.003981071705534975,0.45841608216115287,0.9999999999999999,exponential,416,True,673.0,673.0,673,673,"min(t_0, 1000000)",3.8686,3.8686,0,0.0,1.0,1.0,10000,1000000
10000,1.0,0.4,0.014666810181288346,3.684136148790474,0.003981071705534975,0.45841608216115287,0.9999999999999999,exponential,417,True,302.0,302.0,302,302,"min(t_0, 1000000)",4.4733,4.4733,0,0.0,1.0,1.0,10000,1000000
10000,1.0,0.4,0.014666810181288346,3.684136148790474,0.003981071705534975,0.45841608216115287,0.9999999999999999,exponential,418,True,507.0,507.0,507,507,"min(t_0, 1000000)",4.1478,4.1478,0,0.0,1.0,1.0,10000,1000000
10000,1.0,0.4,0.014666810181288346,3.684136148790474,0.003981071705534975,0.45841608216115287,0.9999999999999999,exponential,419,True,851.0,851.0,851,851,"min(t_0, 1000000)",3.7443,3.7443,0,0.0,1.0,1.0,10000,1000000
10000,1.0,0.4,0.014666810181288346,3.684136148790474,0.003981071705534975,0.45841608216115287,0.9999999999999999,exponential,420,True,1259.0,1259.0,1259,1259,"min(t_0, 1000000)",4.1574,4.1574,0,0.0,1.0,1.0,10000,1000000
10000,1.0,0.4,0.014666810181288346,3.684136148790474,0.003981071705534975,0.45841608216115287,0.9999999999999999,exponential,421,True,2438.0,2438.0,2438,2438,"min(t_0, 1000000)",3.7273998,3.7273998,0,0.0,1.0,1.0,10000,1000000
10000,1.0,0.4,0.014666810181288346,3.684136148790474,0.003981071705534975,0.45841608216115287,0.9999999999999999,exponential,422,True,102.0,102.0,102,102,"min(t_0, 1000000)",3.8091998,3.8091998,0,0.0,1.0,1.0,10000,1000000
10000,1.0,0.4,0.014666810181288346,3.684136148790474,0.003981071705534975,0.45841608216115287,0.9999999999999999,exponential,423,True,157.0,157.0,157,157,"min(t_0, 1000000)",4.2992,4.2992,0,0.0,1.0,1.0,10000,1000000
10000,1.0,0.4,0.014666810181288346,3.684136148790474,0.003981071705534975,0.45841608216115287,0.9999999999999999,exponential,424,True,535.0,535.0,535,535,"min(t_0, 1000000)",3.9821,3.9821,0,0.0,1.0,1.0,10000,1000000
10000,1.0,0.4,0.014666810181288346,3.684136148790474,0.003981071705534975,0.45841608216115287,0.9999999999999999,exponential,425,True,1094.0,1094.0,1094,1094,"min(t_0, 1000000)",4.0450997,4.0450997,0,0.0,1.0,1.0,10000,1000000
10000,1.0,0.4,0.014666810181288346,3.684136148790474,0.003981071705534975,0.45841608216115287,0.9999999999999999,exponential,426,True,350.0,350.0,350,350,"min(t_0, 1000000)",4.1310997,4.1310997,0,0.0,1.0,1.0,10000,1000000
10000,1.0,0.4,0.014666810181288346,3.684136148790474,0.003981071705534975,0.45841608216115287,0.9999999999999999,exponential,427,True,667.0,667.0,667,667,"min(t_0, 1000000)",3.9708,3.9708,0,0.0,1.0,1.0,10000,1000000
10000,1.0,0.4,0.014666810181288346,3.684136148790474,0.003981071705534975,0.45841608216115287,0.9999999999999999,exponential,428,True,3820.0,3820.0,3820,3820,"min(t_0, 1000000)",3.4889,3.4889,0,0.0,1.0,1.0,10000,1000000
10000,1.0,0.4,0.014666810181288346,3.684136148790474,0.003981071705534975,0.45841608216115287,0.9999999999999999,exponential,429,True,2643.0,2643.0,2643,2643,"min(t_0, 1000000)",4.0569,4.0569,0,0.0,1.0,1.0,10000,1000000
10000,1.0,0.4,0.014666810181288346,3.684136148790474,0.003981071705534975,0.45841608216115287,0.9999999999999999,exponential,430,True,2067.0,2067.0,2067,2067,"min(t_0, 1000000)",3.8251998,3.8251998,0,0.0,1.0,1.0,10000,1000000
10000,1.0,0.4,0.014666810181288346,3.684136148790474,0.003981071705534975,0.45841608216115287,0.9999999999999999,exponential,431,True,3214.0,3214.0,3214,3214,"min(t_0, 1000000)",3.8706,3.8706,0,0.0,1.0,1.0,10000,1000000
10000,1.0,0.4,0.014666810181288346,3.684136148790474,0.003981071705534975,0.45841608216115287,0.9999999999999999,exponential,432,True,1185.0,1185.0,1185,1185,"min(t_0, 1000000)",3.7426,3.7426,0,0.0,1.0,1.0,10000,1000000
10000,1.0,0.4,0.014666810181288346,3.684136148790474,0.003981071705534975,0.45841608216115287,0.9999999999999999,exponential,433,True,555.0,555.0,555,555,"min(t_0, 1000000)",3.9801,3.9801,0,0.0,1.0,1.0,10000,1000000
10000,1.0,0.4,0.014666810181288346,3.684136148790474,0.003981071705534975,0.45841608216115287,0.9999999999999999,exponential,434,True,503.0,503.0,503,503,"min(t_0, 1000000)",4.4751997,4.4751997,0,0.0,1.0,1.0,10000,1000000
10000,1.0,0.4,0.014666810181288346,3.684136148790474,0.003981071705534975,0.45841608216115287,0.9999999999999999,exponential,435,True,194.0,194.0,194,194,"min(t_0, 1000000)",4.1197,4.1197,0,0.0,1.0,1.0,10000,1000000
10000,1.0,0.4,0.014666810181288346,3.684136148790474,0.003981071705534975,0.45841608216115287,0.9999999999999999,exponential,436,True,236.0,236.0,236,236,"min(t_0, 1000000)",4.1013,4.1013,0,0.0,1.0,1.0,10000,1000000
10000,1.0,0.4,0.014666810181288346,3.684136148790474,0.003981071705534975,0.45841608216115287,0.9999999999999999,exponential,437,True,1475.0,1475.0,1475,1475,"min(t_0, 1000000)",4.2002997,4.2002997,0,0.0,1.0,1.0,10000,1000000
10000,1.0,0.4,0.014666810181288346,3.684136148790474,0.003981071705534975,0.45841608216115287,0.9999999999999999,exponential,438,True,248.0,248.0,248,248,"min(t_0, 1000000)",3.8602,3.8602,0,0.0,1.0,1.0,10000,1000000
10000,1.0,0.4,0.014666810181288346,3.684136148790474,0.003981071705534975,0.45841608216115287,0.9999999999999999,exponential,439,True,439.0,439.0,439,439,"min(t_0, 1000000)",4.093,4.093,0,0.0,1.0,1.0,10000,1000000
10000,1.0,0.4,0.014666810181288346,3.684136148790474,0.003981071705534975,0.45841608216115287,0.9999999999999999,exponential,440,True,379.0,379.0,379,379,"min(t_0, 1000000)",4.5562,4.5562,0,0.0,1.0,1.0,10000,1000000
10000,1.0,0.4,0.014666810181288346,3.684136148790474,0.003981071705534975,0.45841608216115287,0.9999999999999999,exponential,441,True,378.0,378.0,378,378,"min(t_0, 1000000)",4.9291997,4.9291997,0,0.0,1.0,1.0,10000,1000000
10000,1.0,0.4,0.014666810181288346,3.684136148790474,0.003981071705534975,0.45841608216115287,0.9999999999999999,exponential,442,True,1011.0,1011.0,1011,1011,"min(t_0, 1000000)",4.0534,4.0534,0,0.0,1.0,1.0,10000,1000000
10000,1.0,0.4,0.014666810181288346,3.684136148790474,0.003981071705534975,0.45841608216115287,0.9999999999999999,exponential,443,True,1127.0,1127.0,1127,1127,"min(t_0, 1000000)",4.1207,4.1207,0,0.0,1.0,1.0,10000,1000000
10000,1.0,0.4,0.014666810181288346,3.684136148790474,0.003981071705534975,0.45841608216115287,0.9999999999999999,exponential,444,True,976.0,976.0,976,976,"min(t_0, 1000000)",4.6658,4.6658,0,0.0,1.0,1.0,10000,1000000
10000,1.0,0.4,0.014666810181288346,3.684136148790474,0.003981071705534975,0.45841608216115287,0.9999999999999999,exponential,445,True,1171.0,1171.0,1171,1171,"min(t_0, 1000000)",4.2376,4.2376,0,0.0,1.0,1.0,10000,1000000
10000,1.0,0.4,0.014666810181288346,3.684136148790474,0.003981071705534975,0.45841608216115287,0.9999999999999999,exponential,446,True,1819.0,1819.0,1819,1819,"min(t_0, 1000000)",3.8244998,3.8244998,0,0.0,1.0,1.0,10000,1000000
10000,1.0,0.4,0.014666810181288346,3.684136148790474,0.003981071705534975,0.45841608216115287,0.9999999999999999,exponential,447,True,445.0,445.0,445,445,"min(t_0, 1000000)",3.8944,3.8944,0,0.0,1.0,1.0,10000,1000000
10000,1.0,0.4,0.014666810181288346,3.684136148790474,0.003981071705534975,0.45841608216115287,0.9999999999999999,exponential,448,True,2503.0,2503.0,2503,2503,"min(t_0, 1000000)",3.7536,3.7536,0,0.0,1.0,1.0,10000,1000000
10000,1.0,0.4,0.014666810181288346,3.684136148790474,0.003981071705534975,0.45841608216115287,0.9999999999999999,exponential,449,True,2290.0,2290.0,2290,2290,"min(t_0, 1000000)",4.3026,4.3026,0,0.0,1.0,1.0,10000,1000000
10000,1.0,0.4,0.014666810181288346,3.684136148790474,0.003981071705534975,0.45841608216115287,0.9999999999999999,exponential,450,True,402.0,402.0,402,402,"min(t_0, 1000000)",3.8399,3.8399,0,0.0,1.0,1.0,10000,1000000
10000,1.0,0.4,0.014666810181288346,3.684136148790474,0.003981071705534975,0.45841608216115287,0.9999999999999999,exponential,451,True,1693.0,1693.0,1693,1693,"min(t_0, 1000000)",4.0386,4.0386,0,0.0,1.0,1.0,10000,1000000
10000,1.0,0.4,0.014666810181288346,3.684136148790474,0.003981071705534975,0.45841608216115287,0.9999999999999999,exponential,452,True,1208.0,1208.0,1208,1208,"min(t_0, 1000000)",3.3583999,3.3583999,0,0.0,1.0,1.0,10000,1000000
10000,1.0,0.4,0.014666810181288346,3.684136148790474,0.003981071705534975,0.45841608216115287,0.9999999999999999,exponential,453,True,1139.0,1139.0,1139,1139,"min(t_0, 1000000)",4.1766,4.1766,0,0.0,1.0,1.0,10000,1000000
10000,1.0,0.4,0.014666810181288346,3.684136148790474,0.003981071705534975,0.45841608216115287,0.9999999999999999,exponential,454,True,465.0,465.0,465,465,"min(t_0, 1000000)",4.0829997,4.0829997,0,0.0,1.0,1.0,10000,1000000
10000,1.0,0.4,0.014666810181288346,3.684136148790474,0.003981071705534975,0.45841608216115287,0.9999999999999999,exponential,455,True,3472.0,3472.0,3472,3472,"min(t_0, 1000000)",3.9069998,3.9069998,0,0.0,1.0,1.0,10000,1000000
10000,1.0,0.4,0.014666810181288346,3.684136148790474,0.003981071705534975,0.45841608216115287,0.9999999999999999,exponential,456,True,656.0,656.0,656,656,"min(t_0, 1000000)",4.061,4.061,0,0.0,1.0,1.0,10000,1000000
10000,1.0,0.4,0.014666810181288346,3.684136148790474,0.003981071705534975,0.45841608216115287,0.9999999999999999,exponential,457,True,546.0,546.0,546,546,"min(t_0, 1000000)",3.8639,3.8639,0,0.0,1.0,1.0,10000,1000000
10000,1.0,0.4,0.014666810181288346,3.684136148790474,0.003981071705534975,0.45841608216115287,0.9999999999999999,exponential,458,True,205.0,205.0,205,205,"min(t_0, 1000000)",3.8881,3.8881,0,0.0,1.0,1.0,10000,1000000
10000,1.0,0.4,0.014666810181288346,3.684136148790474,0.003981071705534975,0.45841608216115287,0.9999999999999999,exponential,459,True,678.0,678.0,678,678,"min(t_0, 1000000)",4.0801997,4.0801997,0,0.0,1.0,1.0,10000,1000000
10000,1.0,0.4,0.014666810181288346,3.684136148790474,0.003981071705534975,0.45841608216115287,0.9999999999999999,exponential,460,True,1785.0,1785.0,1785,1785,"min(t_0, 1000000)",3.5088,3.5088,0,0.0,1.0,1.0,10000,1000000
10000,1.0,0.4,0.014666810181288346,3.684136148790474,0.003981071705534975,0.45841608216115287,0.9999999999999999,exponential,461,True,848.0,848.0,848,848,"min(t_0, 1000000)",3.7182,3.7182,0,0.0,1.0,1.0,10000,1000000
10000,1.0,0.4,0.014666810181288346,3.684136148790474,0.003981071705534975,0.45841608216115287,0.9999999999999999,exponential,462,True,1394.0,1394.0,1394,1394,"min(t_0, 1000000)",3.6831,3.6831,0,0.0,1.0,1.0,10000,1000000
10000,1.0,0.4,0.014666810181288346,3.684136148790474,0.003981071705534975,0.45841608216115287,0.9999999999999999,exponential,463,True,121.0,121.0,121,121,"min(t_0, 1000000)",3.9478,3.9478,0,0.0,1.0,1.0,10000,1000000
10000,1.0,0.4,0.014666810181288346,3.684136148790474,0.003981071705534975,0.45841608216115287,0.9999999999999999,exponential,464,True,290.0,290.0,290,290,"min(t_0, 1000000)",4.1201997,4.1201997,0,0.0,1.0,1.0,10000,1000000
10000,1.0,0.4,0.014666810181288346,3.684136148790474,0.003981071705534975,0.45841608216115287,0.9999999999999999,exponential,465,True,181.0,181.0,181,181,"min(t_0, 1000000)",4.2622,4.2622,0,0.0,1.0,1.0,10000,1000000
10000,1.0,0.4,0.014666810181288346,3.684136148790474,0.003981071705534975,0.45841608216115287,0.9999999999999999,exponential,466,True,1391.0,1391.0,1391,1391,"min(t_0, 1000000)",4.3299,4.3299,0,0.0,1.0,1.0,10000,1000000
10000,1.0,0.4,0.014666810181288346,3.684136148790474,0.003981071705534975,0.45841608216115287,0.9999999999999999,exponential,467,True,397.0,397.0,397,397,"min(t_0, 1000000)",4.4122,4.4122,0,0.0,1.0,1.0,10000,1000000
10000,1.0,0.4,0.014666810181288346,3.684136148790474,0.003981071705534975,0.45841608216115287,0.9999999999999999,exponential,468,True,261.0,261.0,261,261,"min(t_0, 1000000)",3.5367,3.5367,0,0.0,1.0,1.0,10000,1000000
10000,1.0,0.4,0.014666810181288346,3.684136148790474,0.003981071705534975,0.45841608216115287,0.9999999999999999,exponential,469,True,908.0,908.0,908,908,"min(t_0, 1000000)",3.8072999,3.8072999,0,0.0,1.0,1.0,10000,1000000
10000,1.0,0.4,0.014666810181288346,3.684136148790474,0.003981071705534975,0.45841608216115287,0.9999999999999999,exponential,470,True,3310.0,3310.0,3310,3310,"min(t_0, 1000000)",4.104,4.104,0,0.0,1.0,1.0,10000,1000000
10000,1.0,0.4,0.014666810181288346,3.684136148790474,0.003981071705534975,0.45841608216115287,0.9999999999999999,exponential,471,True,1954.0,1954.0,1954,1954,"min(t_0, 1000000)",3.7596998,3.7596998,0,0.0,1.0,1.0,10000,1000000
10000,1.0,0.4,0.014666810181288346,3.684136148790474,0.003981071705534975,0.45841608216115287,0.9999999999999999,exponential,472,True,726.0,726.0,726,726,"min(t_0, 1000000)",3.4371,3.4371,0,0.0,1.0,1.0,10000,1000000
10000,1.0,0.4,0.014666810181288346,3.684136148790474,0.003981071705534975,0.45841608216115287,0.9999999999999999,exponential,473,True,646.0,646.0,646,646,"min(t_0, 1000000)",3.9957,3.9957,0,0.0,1.0,1.0,10000,1000000
10000,1.0,0.4,0.014666810181288346,3.684136148790474,0.003981071705534975,0.45841608216115287,0.9999999999999999,exponential,474,True,2507.0,2507.0,2507,2507,"min(t_0, 1000000)",4.1570997,4.1570997,0,0.0,1.0,1.0,10000,1000000
10000,1.0,0.4,0.014666810181288346,3.684136148790474,0.003981071705534975,0.45841608216115287,0.9999999999999999,exponential,475,True,685.0,685.0,685,685,"min(t_0, 1000000)",3.9698,3.9698,0,0.0,1.0,1.0,10000,1000000
10000,1.0,0.4,0.014666810181288346,3.684136148790474,0.003981071705534975,0.45841608216115287,0.9999999999999999,exponential,476,True,814.0,814.0,814,814,"min(t_0, 1000000)",3.9810998,3.9810998,0,0.0,1.0,1.0,10000,1000000
10000,1.0,0.4,0.014666810181288346,3.684136148790474,0.003981071705534975,0.45841608216115287,0.9999999999999999,exponential,477,True,2863.0,2863.0,2863,2863,"min(t_0, 1000000)",4.2077,4.2077,0,0.0,1.0,1.0,10000,1000000
10000,1.0,0.4,0.014666810181288346,3.684136148790474,0.003981071705534975,0.45841608216115287,0.9999999999999999,exponential,478,True,403.0,403.0,403,403,"min(t_0, 1000000)",3.8720999,3.8720999,0,0.0,1.0,1.0,10000,1000000
10000,1.0,0.4,0.014666810181288346,3.684136148790474,0.003981071705534975,0.45841608216115287,0.9999999999999999,exponential,479,True,5245.0,5245.0,5245,5245,"min(t_0, 1000000)",3.9229999,3.9229999,0,0.0,1.0,1.0,10000,1000000
10000,1.0,0.4,0.014666810181288346,3.684136148790474,0.003981071705534975,0.45841608216115287,0.9999999999999999,exponential,480,True,1940.0,1940.0,1940,1940,"min(t_0, 1000000)",3.9213,3.9213,0,0.0,1.0,1.0,10000,1000000
10000,1.0,0.4,0.014666810181288346,3.684136148790474,0.003981071705534975,0.45841608216115287,0.9999999999999999,exponential,481,True,4040.0,4040.0,4040,4040,"min(t_0, 1000000)",4.1796,4.1796,0,0.0,1.0,1.0,10000,1000000
10000,1.0,0.4,0.014666810181288346,3.684136148790474,0.003981071705534975,0.45841608216115287,0.9999999999999999,exponential,482,True,429.0,429.0,429,429,"min(t_0, 1000000)",3.6826,3.6826,0,0.0,1.0,1.0,10000,1000000
10000,1.0,0.4,0.014666810181288346,3.684136148790474,0.003981071705534975,0.45841608216115287,0.9999999999999999,exponential,483,True,1452.0,1452.0,1452,1452,"min(t_0, 1000000)",5.1535,5.1535,0,0.0,1.0,1.0,10000,1000000
10000,1.0,0.4,0.014666810181288346,3.684136148790474,0.003981071705534975,0.45841608216115287,0.9999999999999999,exponential,484,True,617.0,617.0,617,617,"min(t_0, 1000000)",4.3073,4.3073,0,0.0,1.0,1.0,10000,1000000
10000,1.0,0.4,0.014666810181288346,3.684136148790474,0.003981071705534975,0.45841608216115287,0.9999999999999999,exponential,485,True,176.0,176.0,176,176,"min(t_0, 1000000)",4.1036,4.1036,0,0.0,1.0,1.0,10000,1000000
10000,1.0,0.4,0.014666810181288346,3.684136148790474,0.003981071705534975,0.45841608216115287,0.9999999999999999,exponential,486,True,2599.0,2599.0,2599,2599,"min(t_0, 1000000)",3.648,3.648,0,0.0,1.0,1.0,10000,1000000
10000,1.0,0.4,0.014666810181288346,3.684136148790474,0.003981071705534975,0.45841608216115287,0.9999999999999999,exponential,487,True,1869.0,1869.0,1869,1869,"min(t_0, 1000000)",3.9269,3.9269,0,0.0,1.0,1.0,10000,1000000
10000,1.0,0.4,0.014666810181288346,3.684136148790474,0.003981071705534975,0.45841608216115287,0.9999999999999999,exponential,488,True,1301.0,1301.0,1301,1301,"min(t_0, 1000000)",4.3568,4.3568,0,0.0,1.0,1.0,10000,1000000
10000,1.0,0.4,0.014666810181288346,3.684136148790474,0.003981071705534975,0.45841608216115287,0.9999999999999999,exponential,489,True,559.0,559.0,559,559,"min(t_0, 1000000)",4.0393,4.0393,0,0.0,1.0,1.0,10000,1000000
10000,1.0,0.4,0.014666810181288346,3.684136148790474,0.003981071705534975,0.45841608216115287,0.9999999999999999,exponential,490,True,276.0,276.0,276,276,"min(t_0, 1000000)",3.6074,3.6074,0,0.0,1.0,1.0,10000,1000000
10000,1.0,0.4,0.014666810181288346,3.684136148790474,0.003981071705534975,0.45841608216115287,0.9999999999999999,exponential,491,True,3345.0,3345.0,3345,3345,"min(t_0, 1000000)",3.9878998,3.9878998,0,0.0,1.0,1.0,10000,1000000
10000,1.0,0.4,0.014666810181288346,3.684136148790474,0.003981071705534975,0.45841608216115287,0.9999999999999999,exponential,492,True,2675.0,2675.0,2675,2675,"min(t_0, 1000000)",3.4889,3.4889,0,0.0,1.0,1.0,10000,1000000
10000,1.0,0.4,0.014666810181288346,3.684136148790474,0.003981071705534975,0.45841608216115287,0.9999999999999999,exponential,493,True,310.0,310.0,310,310,"min(t_0, 1000000)",3.6739,3.6739,0,0.0,1.0,1.0,10000,1000000
10000,1.0,0.4,0.014666810181288346,3.684136148790474,0.003981071705534975,0.45841608216115287,0.9999999999999999,exponential,494,True,205.0,205.0,205,205,"min(t_0, 1000000)",3.7138999,3.7138999,0,0.0,1.0,1.0,10000,1000000
10000,1.0,0.4,0.014666810181288346,3.684136148790474,0.003981071705534975,0.45841608216115287,0.9999999999999999,exponential,495,True,684.0,684.0,684,684,"min(t_0, 1000000)",4.4628997,4.4628997,0,0.0,1.0,1.0,10000,1000000
10000,1.0,0.4,0.014666810181288346,3.684136148790474,0.003981071705534975,0.45841608216115287,0.9999999999999999,exponential,496,True,2453.0,2453.0,2453,2453,"min(t_0, 1000000)",3.8044,3.8044,0,0.0,1.0,1.0,10000,1000000
10000,1.0,0.4,0.014666810181288346,3.684136148790474,0.003981071705534975,0.45841608216115287,0.9999999999999999,exponential,497,True,1017.0,1017.0,1017,1017,"min(t_0, 1000000)",4.7517,4.7517,0,0.0,1.0,1.0,10000,1000000
10000,1.0,0.4,0.014666810181288346,3.684136148790474,0.003981071705534975,0.45841608216115287,0.9999999999999999,exponential,498,True,1682.0,1682.0,1682,1682,"min(t_0, 1000000)",4.7897,4.7897,0,0.0,1.0,1.0,10000,1000000
10000,1.0,0.4,0.014666810181288346,3.684136148790474,0.003981071705534975,0.45841608216115287,0.9999999999999999,exponential,499,True,235.0,235.0,235,235,"min(t_0, 1000000)",3.8909998,3.8909998,0,0.0,1.0,1.0,10000,1000000
10000,1.0,0.4,0.014666810181288346,3.684136148790474,0.003981071705534975,0.45841608216115287,0.9999999999999999,exponential,500,True,427.0,427.0,427,427,"min(t_0, 1000000)",3.7229,3.7229,0,0.0,1.0,1.0,10000,1000000
10000,1.0,0.4,0.014666810181288346,3.684136148790474,0.003981071705534975,0.45841608216115287,0.9999999999999999,exponential,501,True,650.0,650.0,650,650,"min(t_0, 1000000)",3.9232,3.9232,0,0.0,1.0,1.0,10000,1000000
10000,1.0,0.4,0.014666810181288346,3.684136148790474,0.003981071705534975,0.45841608216115287,0.9999999999999999,exponential,502,True,2302.0,2302.0,2302,2302,"min(t_0, 1000000)",3.7958,3.7958,0,0.0,1.0,1.0,10000,1000000
10000,1.0,0.4,0.014666810181288346,3.684136148790474,0.003981071705534975,0.45841608216115287,0.9999999999999999,exponential,503,True,417.0,417.0,417,417,"min(t_0, 1000000)",4.1886997,4.1886997,0,0.0,1.0,1.0,10000,1000000
10000,1.0,0.4,0.014666810181288346,3.684136148790474,0.003981071705534975,0.45841608216115287,0.9999999999999999,exponential,504,True,2990.0,2990.0,2990,2990,"min(t_0, 1000000)",3.9652998,3.9652998,0,0.0,1.0,1.0,10000,1000000
10000,1.0,0.4,0.014666810181288346,3.684136148790474,0.003981071705534975,0.45841608216115287,0.9999999999999999,exponential,505,True,1203.0,1203.0,1203,1203,"min(t_0, 1000000)",3.7486,3.7486,0,0.0,1.0,1.0,10000,1000000
10000,1.0,0.4,0.014666810181288346,3.684136148790474,0.003981071705534975,0.45841608216115287,0.9999999999999999,exponential,506,True,2159.0,2159.0,2159,2159,"min(t_0, 1000000)",3.738,3.738,0,0.0,1.0,1.0,10000,1000000
10000,1.0,0.4,0.014666810181288346,3.684136148790474,0.003981071705534975,0.45841608216115287,0.9999999999999999,exponential,507,True,2267.0,2267.0,2267,2267,"min(t_0, 1000000)",4.1781,4.1781,0,0.0,1.0,1.0,10000,1000000
10000,1.0,0.4,0.014666810181288346,3.684136148790474,0.003981071705534975,0.45841608216115287,0.9999999999999999,exponential,508,True,440.0,440.0,440,440,"min(t_0, 1000000)",3.6148999,3.6148999,0,0.0,1.0,1.0,10000,1000000
10000,1.0,0.4,0.014666810181288346,3.684136148790474,0.003981071705534975,0.45841608216115287,0.9999999999999999,exponential,509,True,1615.0,1615.0,1615,1615,"min(t_0, 1000000)",3.7891,3.7891,0,0.0,1.0,1.0,10000,1000000
10000,1.0,0.4,0.014666810181288346,3.684136148790474,0.003981071705534975,0.45841608216115287,0.9999999999999999,exponential,510,True,466.0,466.0,466,466,"min(t_0, 1000000)",4.0958,4.0958,0,0.0,1.0,1.0,10000,1000000
10000,1.0,0.4,0.014666810181288346,3.684136148790474,0.003981071705534975,0.45841608216115287,0.9999999999999999,exponential,511,True,918.0,918.0,918,918,"min(t_0, 1000000)",4.2078,4.2078,0,0.0,1.0,1.0,10000,1000000
10000,1.0,0.4,0.014666810181288346,3.684136148790474,0.003981071705534975,0.45841608216115287,0.9999999999999999,exponential,512,True,1700.0,1700.0,1700,1700,"min(t_0, 1000000)",3.6599,3.6599,0,0.0,1.0,1.0,10000,1000000
10000,1.0,0.4,0.014666810181288346,3.684136148790474,0.003981071705534975,0.45841608216115287,0.9999999999999999,exponential,513,True,1546.0,1546.0,1546,1546,"min(t_0, 1000000)",3.6241,3.6241,0,0.0,1.0,1.0,10000,1000000
10000,1.0,0.4,0.014666810181288346,3.684136148790474,0.003981071705534975,0.45841608216115287,0.9999999999999999,exponential,514,True,2237.0,2237.0,2237,2237,"min(t_0, 1000000)",4.1043997,4.1043997,0,0.0,1.0,1.0,10000,1000000
10000,1.0,0.4,0.014666810181288346,3.684136148790474,0.003981071705534975,0.45841608216115287,0.9999999999999999,exponential,515,True,1158.0,1158.0,1158,1158,"min(t_0, 1000000)",4.2191,4.2191,0,0.0,1.0,1.0,10000,1000000
10000,1.0,0.4,0.014666810181288346,3.684136148790474,0.003981071705534975,0.45841608216115287,0.9999999999999999,exponential,516,True,1876.0,1876.0,1876,1876,"min(t_0, 1000000)",4.4274,4.4274,0,0.0,1.0,1.0,10000,1000000
10000,1.0,0.4,0.014666810181288346,3.684136148790474,0.003981071705534975,0.45841608216115287,0.9999999999999999,exponential,517,True,290.0,290.0,290,290,"min(t_0, 1000000)",3.6653998,3.6653998,0,0.0,1.0,1.0,10000,1000000
10000,1.0,0.4,0.014666810181288346,3.684136148790474,0.003981071705534975,0.45841608216115287,0.9999999999999999,exponential,518,True,1437.0,1437.0,1437,1437,"min(t_0, 1000000)",3.5205,3.5205,0,0.0,1.0,1.0,10000,1000000
10000,1.0,0.4,0.014666810181288346,3.684136148790474,0.003981071705534975,0.45841608216115287,0.9999999999999999,exponential,519,True,1182.0,1182.0,1182,1182,"min(t_0, 1000000)",3.3992,3.3992,0,0.0,1.0,1.0,10000,1000000
10000,1.0,0.4,0.014666810181288346,3.684136148790474,0.003981071705534975,0.45841608216115287,0.9999999999999999,exponential,520,True,436.0,436.0,436,436,"min(t_0, 1000000)",4.4955,4.4955,0,0.0,1.0,1.0,10000,1000000
10000,1.0,0.4,0.014666810181288346,3.684136148790474,0.003981071705534975,0.45841608216115287,0.9999999999999999,exponential,521,True,138.0,138.0,138,138,"min(t_0, 1000000)",3.7191,3.7191,0,0.0,1.0,1.0,10000,1000000
10000,1.0,0.4,0.014666810181288346,3.684136148790474,0.003981071705534975,0.45841608216115287,0.9999999999999999,exponential,522,True,108.0,108.0,108,108,"min(t_0, 1000000)",3.8095999,3.8095999,0,0.0,1.0,1.0,10000,1000000
10000,1.0,0.4,0.014666810181288346,3.684136148790474,0.003981071705534975,0.45841608216115287,0.9999999999999999,exponential,523,True,97.0,97.0,97,97,"min(t_0, 1000000)",3.9278,3.9278,0,0.0,1.0,1.0,10000,1000000
10000,1.0,0.4,0.014666810181288346,3.684136148790474,0.003981071705534975,0.45841608216115287,0.9999999999999999,exponential,524,True,227.0,227.0,227,227,"min(t_0, 1000000)",4.0446,4.0446,0,0.0,1.0,1.0,10000,1000000
10000,1.0,0.4,0.014666810181288346,3.684136148790474,0.003981071705534975,0.45841608216115287,0.9999999999999999,exponential,525,True,303.0,303.0,303,303,"min(t_0, 1000000)",3.9095,3.9095,0,0.0,1.0,1.0,10000,1000000
10000,1.0,0.4,0.014666810181288346,3.684136148790474,0.003981071705534975,0.45841608216115287,0.9999999999999999,exponential,526,True,799.0,799.0,799,799,"min(t_0, 1000000)",3.7628999,3.7628999,0,0.0,1.0,1.0,10000,1000000
10000,1.0,0.4,0.014666810181288346,3.684136148790474,0.003981071705534975,0.45841608216115287,0.9999999999999999,exponential,527,True,1831.0,1831.0,1831,1831,"min(t_0, 1000000)",3.6627998,3.6627998,0,0.0,1.0,1.0,10000,1000000
10000,1.0,0.4,0.014666810181288346,3.684136148790474,0.003981071705534975,0.45841608216115287,0.9999999999999999,exponential,528,True,478.0,478.0,478,478,"min(t_0, 1000000)",4.0771,4.0771,0,0.0,1.0,1.0,10000,1000000
10000,1.0,0.4,0.014666810181288346,3.684136148790474,0.003981071705534975,0.45841608216115287,0.9999999999999999,exponential,529,True,475.0,475.0,475,475,"min(t_0, 1000000)",3.8255,3.8255,0,0.0,1.0,1.0,10000,1000000
10000,1.0,0.4,0.014666810181288346,3.684136148790474,0.003981071705534975,0.45841608216115287,0.9999999999999999,exponential,530,True,314.0,314.0,314,314,"min(t_0, 1000000)",4.3554,4.3554,0,0.0,1.0,1.0,10000,1000000
10000,1.0,0.4,0.014666810181288346,3.684136148790474,0.003981071705534975,0.45841608216115287,0.9999999999999999,exponential,531,True,305.0,305.0,305,305,"min(t_0, 1000000)",4.2383,4.2383,0,0.0,1.0,1.0,10000,1000000
10000,1.0,0.4,0.014666810181288346,3.684136148790474,0.003981071705534975,0.45841608216115287,0.9999999999999999,exponential,532,True,618.0,618.0,618,618,"min(t_0, 1000000)",3.2575998,3.2575998,0,0.0,1.0,1.0,10000,1000000
10000,1.0,0.4,0.014666810181288346,3.684136148790474,0.003981071705534975,0.45841608216115287,0.9999999999999999,exponential,533,True,1087.0,1087.0,1087,1087,"min(t_0, 1000000)",3.5876,3.5876,0,0.0,1.0,1.0,10000,1000000
10000,1.0,0.4,0.014666810181288346,3.684136148790474,0.003981071705534975,0.45841608216115287,0.9999999999999999,exponential,534,True,515.0,515.0,515,515,"min(t_0, 1000000)",3.7903,3.7903,0,0.0,1.0,1.0,10000,1000000
10000,1.0,0.4,0.014666810181288346,3.684136148790474,0.003981071705534975,0.45841608216115287,0.9999999999999999,exponential,535,True,728.0,728.0,728,728,"min(t_0, 1000000)",4.1528,4.1528,0,0.0,1.0,1.0,10000,1000000
10000,1.0,0.4,0.014666810181288346,3.684136148790474,0.003981071705534975,0.45841608216115287,0.9999999999999999,exponential,536,True,515.0,515.0,515,515,"min(t_0, 1000000)",3.9087,3.9087,0,0.0,1.0,1.0,10000,1000000
10000,1.0,0.4,0.014666810181288346,3.684136148790474,0.003981071705534975,0.45841608216115287,0.9999999999999999,exponential,537,True,685.0,685.0,685,685,"min(t_0, 1000000)",4.2079,4.2079,0,0.0,1.0,1.0,10000,1000000
10000,1.0,0.4,0.014666810181288346,3.684136148790474,0.003981071705534975,0.45841608216115287,0.9999999999999999,exponential,538,True,1818.0,1818.0,1818,1818,"min(t_0, 1000000)",4.0994997,4.0994997,0,0.0,1.0,1.0,10000,1000000
10000,1.0,0.4,0.014666810181288346,3.684136148790474,0.003981071705534975,0.45841608216115287,0.9999999999999999,exponential,539,True,708.0,708.0,708,708,"min(t_0, 1000000)",4.1134,4.1134,0,0.0,1.0,1.0,10000,1000000
10000,1.0,0.4,0.014666810181288346,3.684136148790474,0.003981071705534975,0.45841608216115287,0.9999999999999999,exponential,540,True,360.0,360.0,360,360,"min(t_0, 1000000)",4.0408,4.0408,0,0.0,1.0,1.0,10000,1000000
10000,1.0,0.4,0.014666810181288346,3.684136148790474,0.003981071705534975,0.45841608216115287,0.9999999999999999,exponential,541,True,551.0,551.0,551,551,"min(t_0, 1000000)",3.6548998,3.6548998,0,0.0,1.0,1.0,10000,1000000
10000,1.0,0.4,0.014666810181288346,3.684136148790474,0.003981071705534975,0.45841608216115287,0.9999999999999999,exponential,542,True,240.0,240.0,240,240,"min(t_0, 1000000)",4.382,4.382,0,0.0,1.0,1.0,10000,1000000
10000,1.0,0.4,0.014666810181288346,3.684136148790474,0.003981071705534975,0.45841608216115287,0.9999999999999999,exponential,543,True,138.0,138.0,138,138,"min(t_0, 1000000)",3.8176,3.8176,0,0.0,1.0,1.0,10000,1000000
10000,1.0,0.4,0.014666810181288346,3.684136148790474,0.003981071705534975,0.45841608216115287,0.9999999999999999,exponential,544,True,702.0,702.0,702,702,"min(t_0, 1000000)",4.2583,4.2583,0,0.0,1.0,1.0,10000,1000000
10000,1.0,0.4,0.014666810181288346,3.684136148790474,0.003981071705534975,0.45841608216115287,0.9999999999999999,exponential,545,True,189.0,189.0,189,189,"min(t_0, 1000000)",3.7069,3.7069,0,0.0,1.0,1.0,10000,1000000
10000,1.0,0.4,0.014666810181288346,3.684136148790474,0.003981071705534975,0.45841608216115287,0.9999999999999999,exponential,546,True,1359.0,1359.0,1359,1359,"min(t_0, 1000000)",4.2753997,4.2753997,0,0.0,1.0,1.0,10000,1000000
10000,1.0,0.4,0.014666810181288346,3.684136148790474,0.003981071705534975,0.45841608216115287,0.9999999999999999,exponential,547,True,480.0,480.0,480,480,"min(t_0, 1000000)",4.2338,4.2338,0,0.0,1.0,1.0,10000,1000000
10000,1.0,0.4,0.014666810181288346,3.684136148790474,0.003981071705534975,0.45841608216115287,0.9999999999999999,exponential,548,True,164.0,164.0,164,164,"min(t_0, 1000000)",3.8709,3.8709,0,0.0,1.0,1.0,10000,1000000
10000,1.0,0.4,0.014666810181288346,3.684136148790474,0.003981071705534975,0.45841608216115287,0.9999999999999999,exponential,549,True,1077.0,1077.0,1077,1077,"min(t_0, 1000000)",3.8098998,3.8098998,0,0.0,1.0,1.0,10000,1000000
10000,1.0,0.4,0.014666810181288346,3.684136148790474,0.003981071705534975,0.45841608216115287,0.9999999999999999,exponential,550,True,1702.0,1702.0,1702,1702,"min(t_0, 1000000)",4.0882,4.0882,0,0.0,1.0,1.0,10000,1000000
10000,1.0,0.4,0.014666810181288346,3.684136148790474,0.003981071705534975,0.45841608216115287,0.9999999999999999,exponential,551,True,86.0,86.0,86,86,"min(t_0, 1000000)",4.0724,4.0724,0,0.0,1.0,1.0,10000,1000000
10000,1.0,0.4,0.014666810181288346,3.684136148790474,0.003981071705534975,0.45841608216115287,0.9999999999999999,exponential,552,True,338.0,338.0,338,338,"min(t_0, 1000000)",3.8771,3.8771,0,0.0,1.0,1.0,10000,1000000
10000,1.0,0.4,0.014666810181288346,3.684136148790474,0.003981071705534975,0.45841608216115287,0.9999999999999999,exponential,553,True,548.0,548.0,548,548,"min(t_0, 1000000)",3.8125,3.8125,0,0.0,1.0,1.0,10000,1000000
10000,1.0,0.4,0.014666810181288346,3.684136148790474,0.003981071705534975,0.45841608216115287,0.9999999999999999,exponential,554,True,277.0,277.0,277,277,"min(t_0, 1000000)",4.0088997,4.0088997,0,0.0,1.0,1.0,10000,1000000
10000,1.0,0.4,0.014666810181288346,3.684136148790474,0.003981071705534975,0.45841608216115287,0.9999999999999999,exponential,555,True,86.0,86.0,86,86,"min(t_0, 1000000)",3.9231,3.9231,0,0.0,1.0,1.0,10000,1000000
10000,1.0,0.4,0.014666810181288346,3.684136148790474,0.003981071705534975,0.45841608216115287,0.9999999999999999,exponential,556,True,4735.0,4735.0,4735,4735,"min(t_0, 1000000)",4.0582,4.0582,0,0.0,1.0,1.0,10000,1000000
10000,1.0,0.4,0.014666810181288346,3.684136148790474,0.003981071705534975,0.45841608216115287,0.9999999999999999,exponential,557,True,148.0,148.0,148,148,"min(t_0, 1000000)",4.0302,4.0302,0,0.0,1.0,1.0,10000,1000000
10000,1.0,0.4,0.014666810181288346,3.684136148790474,0.003981071705534975,0.45841608216115287,0.9999999999999999,exponential,558,True,1062.0,1062.0,1062,1062,"min(t_0, 1000000)",3.7798998,3.7798998,0,0.0,1.0,1.0,10000,1000000
10000,1.0,0.4,0.014666810181288346,3.684136148790474,0.003981071705534975,0.45841608216115287,0.9999999999999999,exponential,559,True,1456.0,1456.0,1456,1456,"min(t_0, 1000000)",4.3387,4.3387,0,0.0,1.0,1.0,10000,1000000
10000,1.0,0.4,0.014666810181288346,3.684136148790474,0.003981071705534975,0.45841608216115287,0.9999999999999999,exponential,560,True,569.0,569.0,569,569,"min(t_0, 1000000)",3.8263998,3.8263998,0,0.0,1.0,1.0,10000,1000000
10000,1.0,0.4,0.014666810181288346,3.684136148790474,0.003981071705534975,0.45841608216115287,0.9999999999999999,exponential,561,True,1655.0,1655.0,1655,1655,"min(t_0, 1000000)",3.5848,3.5848,0,0.0,1.0,1.0,10000,1000000
10000,1.0,0.4,0.014666810181288346,3.684136148790474,0.003981071705534975,0.45841608216115287,0.9999999999999999,exponential,562,True,3923.0,3923.0,3923,3923,"min(t_0, 1000000)",4.5677,4.5677,0,0.0,1.0,1.0,10000,1000000
10000,1.0,0.4,0.014666810181288346,3.684136148790474,0.003981071705534975,0.45841608216115287,0.9999999999999999,exponential,563,True,379.0,379.0,379,379,"min(t_0, 1000000)",3.8479998,3.8479998,0,0.0,1.0,1.0,10000,1000000
10000,1.0,0.4,0.014666810181288346,3.684136148790474,0.003981071705534975,0.45841608216115287,0.9999999999999999,exponential,564,True,830.0,830.0,830,830,"min(t_0, 1000000)",3.855,3.855,0,0.0,1.0,1.0,10000,1000000
10000,1.0,0.4,0.014666810181288346,3.684136148790474,0.003981071705534975,0.45841608216115287,0.9999999999999999,exponential,565,True,570.0,570.0,570,570,"min(t_0, 1000000)",4.1774,4.1774,0,0.0,1.0,1.0,10000,1000000
10000,1.0,0.4,0.014666810181288346,3.684136148790474,0.003981071705534975,0.45841608216115287,0.9999999999999999,exponential,566,True,1398.0,1398.0,1398,1398,"min(t_0, 1000000)",3.8579,3.8579,0,0.0,1.0,1.0,10000,1000000
10000,1.0,0.4,0.014666810181288346,3.684136148790474,0.003981071705534975,0.45841608216115287,0.9999999999999999,exponential,567,True,583.0,583.0,583,583,"min(t_0, 1000000)",3.6225,3.6225,0,0.0,1.0,1.0,10000,1000000
10000,1.0,0.4,0.014666810181288346,3.684136148790474,0.003981071705534975,0.45841608216115287,0.9999999999999999,exponential,568,True,4410.0,4410.0,4410,4410,"min(t_0, 1000000)",3.5549998,3.5549998,0,0.0,1.0,1.0,10000,1000000
10000,1.0,0.4,0.014666810181288346,3.684136148790474,0.003981071705534975,0.45841608216115287,0.9999999999999999,exponential,569,True,95.0,95.0,95,95,"min(t_0, 1000000)",4.1096,4.1096,0,0.0,1.0,1.0,10000,1000000
10000,1.0,0.4,0.014666810181288346,3.684136148790474,0.003981071705534975,0.45841608216115287,0.9999999999999999,exponential,570,True,707.0,707.0,707,707,"min(t_0, 1000000)",4.3540998,4.3540998,0,0.0,1.0,1.0,10000,1000000
10000,1.0,0.4,0.014666810181288346,3.684136148790474,0.003981071705534975,0.45841608216115287,0.9999999999999999,exponential,571,True,253.0,253.0,253,253,"min(t_0, 1000000)",4.4307,4.4307,0,0.0,1.0,1.0,10000,1000000
10000,1.0,0.4,0.014666810181288346,3.684136148790474,0.003981071705534975,0.45841608216115287,0.9999999999999999,exponential,572,True,490.0,490.0,490,490,"min(t_0, 1000000)",3.9519,3.9519,0,0.0,1.0,1.0,10000,1000000
10000,1.0,0.4,0.014666810181288346,3.684136148790474,0.003981071705534975,0.45841608216115287,0.9999999999999999,exponential,573,True,112.0,112.0,112,112,"min(t_0, 1000000)",3.7707999,3.7707999,0,0.0,1.0,1.0,10000,1000000
10000,1.0,0.4,0.014666810181288346,3.684136148790474,0.003981071705534975,0.45841608216115287,0.9999999999999999,exponential,574,True,848.0,848.0,848,848,"min(t_0, 1000000)",3.5872998,3.5872998,0,0.0,1.0,1.0,10000,1000000
10000,1.0,0.4,0.014666810181288346,3.684136148790474,0.003981071705534975,0.45841608216115287,0.9999999999999999,exponential,575,True,623.0,623.0,623,623,"min(t_0, 1000000)",4.582,4.582,0,0.0,1.0,1.0,10000,1000000
10000,1.0,0.4,0.014666810181288346,3.684136148790474,0.003981071705534975,0.45841608216115287,0.9999999999999999,exponential,576,True,905.0,905.0,905,905,"min(t_0, 1000000)",3.7844,3.7844,0,0.0,1.0,1.0,10000,1000000
10000,1.0,0.4,0.014666810181288346,3.684136148790474,0.003981071705534975,0.45841608216115287,0.9999999999999999,exponential,577,True,1281.0,1281.0,1281,1281,"min(t_0, 1000000)",4.8533,4.8533,0,0.0,1.0,1.0,10000,1000000
10000,1.0,0.4,0.014666810181288346,3.684136148790474,0.003981071705534975,0.45841608216115287,0.9999999999999999,exponential,578,True,1058.0,1058.0,1058,1058,"min(t_0, 1000000)",3.7893999,3.7893999,0,0.0,1.0,1.0,10000,1000000
10000,1.0,0.4,0.014666810181288346,3.684136148790474,0.003981071705534975,0.45841608216115287,0.9999999999999999,exponential,579,True,2376.0,2376.0,2376,2376,"min(t_0, 1000000)",4.3079,4.3079,0,0.0,1.0,1.0,10000,1000000
10000,1.0,0.4,0.014666810181288346,3.684136148790474,0.003981071705534975,0.45841608216115287,0.9999999999999999,exponential,580,True,401.0,401.0,401,401,"min(t_0, 1000000)",3.9466,3.9466,0,0.0,1.0,1.0,10000,1000000
10000,1.0,0.4,0.014666810181288346,3.684136148790474,0.003981071705534975,0.45841608216115287,0.9999999999999999,exponential,581,True,466.0,466.0,466,466,"min(t_0, 1000000)",3.8156998,3.8156998,0,0.0,1.0,1.0,10000,1000000
10000,1.0,0.4,0.014666810181288346,3.684136148790474,0.003981071705534975,0.45841608216115287,0.9999999999999999,exponential,582,True,598.0,598.0,598,598,"min(t_0, 1000000)",3.9087,3.9087,0,0.0,1.0,1.0,10000,1000000
10000,1.0,0.4,0.014666810181288346,3.684136148790474,0.003981071705534975,0.45841608216115287,0.9999999999999999,exponential,583,True,1109.0,1109.0,1109,1109,"min(t_0, 1000000)",4.0365,4.0365,0,0.0,1.0,1.0,10000,1000000
10000,1.0,0.4,0.014666810181288346,3.684136148790474,0.003981071705534975,0.45841608216115287,0.9999999999999999,exponential,584,True,115.0,115.0,115,115,"min(t_0, 1000000)",4.0287,4.0287,0,0.0,1.0,1.0,10000,1000000
10000,1.0,0.4,0.014666810181288346,3.684136148790474,0.003981071705534975,0.45841608216115287,0.9999999999999999,exponential,585,True,1011.0,1011.0,1011,1011,"min(t_0, 1000000)",3.8151,3.8151,0,0.0,1.0,1.0,10000,1000000
10000,1.0,0.4,0.014666810181288346,3.684136148790474,0.003981071705534975,0.45841608216115287,0.9999999999999999,exponential,586,True,203.0,203.0,203,203,"min(t_0, 1000000)",3.8593,3.8593,0,0.0,1.0,1.0,10000,1000000
10000,1.0,0.4,0.014666810181288346,3.684136148790474,0.003981071705534975,0.45841608216115287,0.9999999999999999,exponential,587,True,1378.0,1378.0,1378,1378,"min(t_0, 1000000)",3.6915,3.6915,0,0.0,1.0,1.0,10000,1000000
10000,1.0,0.4,0.014666810181288346,3.684136148790474,0.003981071705534975,0.45841608216115287,0.9999999999999999,exponential,588,True,715.0,715.0,715,715,"min(t_0, 1000000)",3.9675,3.9675,0,0.0,1.0,1.0,10000,1000000
10000,1.0,0.4,0.014666810181288346,3.684136148790474,0.003981071705534975,0.45841608216115287,0.9999999999999999,exponential,589,True,446.0,446.0,446,446,"min(t_0, 1000000)",4.2251,4.2251,0,0.0,1.0,1.0,10000,1000000
10000,1.0,0.4,0.014666810181288346,3.684136148790474,0.003981071705534975,0.45841608216115287,0.9999999999999999,exponential,590,True,216.0,216.0,216,216,"min(t_0, 1000000)",3.9001,3.9001,0,0.0,1.0,1.0,10000,1000000
10000,1.0,0.4,0.014666810181288346,3.684136148790474,0.003981071705534975,0.45841608216115287,0.9999999999999999,exponential,591,True,675.0,675.0,675,675,"min(t_0, 1000000)",4.0832,4.0832,0,0.0,1.0,1.0,10000,1000000
10000,1.0,0.4,0.014666810181288346,3.684136148790474,0.003981071705534975,0.45841608216115287,0.9999999999999999,exponential,592,True,330.0,330.0,330,330,"min(t_0, 1000000)",3.7761,3.7761,0,0.0,1.0,1.0,10000,1000000
10000,1.0,0.4,0.014666810181288346,3.684136148790474,0.003981071705534975,0.45841608216115287,0.9999999999999999,exponential,593,True,334.0,334.0,334,334,"min(t_0, 1000000)",3.6522,3.6522,0,0.0,1.0,1.0,10000,1000000
10000,1.0,0.4,0.014666810181288346,3.684136148790474,0.003981071705534975,0.45841608216115287,0.9999999999999999,exponential,594,True,1101.0,1101.0,1101,1101,"min(t_0, 1000000)",4.2701,4.2701,0,0.0,1.0,1.0,10000,1000000
10000,1.0,0.4,0.014666810181288346,3.684136148790474,0.003981071705534975,0.45841608216115287,0.9999999999999999,exponential,595,True,163.0,163.0,163,163,"min(t_0, 1000000)",3.5588,3.5588,0,0.0,1.0,1.0,10000,1000000
10000,1.0,0.4,0.014666810181288346,3.684136148790474,0.003981071705534975,0.45841608216115287,0.9999999999999999,exponential,596,True,1530.0,1530.0,1530,1530,"min(t_0, 1000000)",4.134,4.134,0,0.0,1.0,1.0,10000,1000000
10000,1.0,0.4,0.014666810181288346,3.684136148790474,0.003981071705534975,0.45841608216115287,0.9999999999999999,exponential,597,True,845.0,845.0,845,845,"min(t_0, 1000000)",3.8815,3.8815,0,0.0,1.0,1.0,10000,1000000
10000,1.0,0.4,0.014666810181288346,3.684136148790474,0.003981071705534975,0.45841608216115287,0.9999999999999999,exponential,598,True,443.0,443.0,443,443,"min(t_0, 1000000)",3.9329998,3.9329998,0,0.0,1.0,1.0,10000,1000000
10000,1.0,0.4,0.014666810181288346,3.684136148790474,0.003981071705534975,0.45841608216115287,0.9999999999999999,exponential,599,True,835.0,835.0,835,835,"min(t_0, 1000000)",3.8293998,3.8293998,0,0.0,1.0,1.0,10000,1000000
10000,1.0,0.4,0.014666810181288346,3.684136148790474,0.003981071705534975,0.45841608216115287,0.9999999999999999,exponential,600,True,738.0,738.0,738,738,"min(t_0, 1000000)",3.9979,3.9979,0,0.0,1.0,1.0,10000,1000000
10000,1.0,0.4,0.014666810181288346,3.684136148790474,0.003981071705534975,0.45841608216115287,0.9999999999999999,exponential,601,True,1196.0,1196.0,1196,1196,"min(t_0, 1000000)",4.2416,4.2416,0,0.0,1.0,1.0,10000,1000000
10000,1.0,0.4,0.014666810181288346,3.684136148790474,0.003981071705534975,0.45841608216115287,0.9999999999999999,exponential,602,True,2187.0,2187.0,2187,2187,"min(t_0, 1000000)",3.6471999,3.6471999,0,0.0,1.0,1.0,10000,1000000
10000,1.0,0.4,0.014666810181288346,3.684136148790474,0.003981071705534975,0.45841608216115287,0.9999999999999999,exponential,603,True,4016.0,4016.0,4016,4016,"min(t_0, 1000000)",3.9290998,3.9290998,0,0.0,1.0,1.0,10000,1000000
10000,1.0,0.4,0.014666810181288346,3.684136148790474,0.003981071705534975,0.45841608216115287,0.9999999999999999,exponential,604,True,1434.0,1434.0,1434,1434,"min(t_0, 1000000)",4.424,4.424,0,0.0,1.0,1.0,10000,1000000
10000,1.0,0.4,0.014666810181288346,3.684136148790474,0.003981071705534975,0.45841608216115287,0.9999999999999999,exponential,605,True,408.0,408.0,408,408,"min(t_0, 1000000)",3.6848998,3.6848998,0,0.0,1.0,1.0,10000,1000000
10000,1.0,0.4,0.014666810181288346,3.684136148790474,0.003981071705534975,0.45841608216115287,0.9999999999999999,exponential,606,True,1366.0,1366.0,1366,1366,"min(t_0, 1000000)",3.9185998,3.9185998,0,0.0,1.0,1.0,10000,1000000
10000,1.0,0.4,0.014666810181288346,3.684136148790474,0.003981071705534975,0.45841608216115287,0.9999999999999999,exponential,607,True,372.0,372.0,372,372,"min(t_0, 1000000)",4.3828998,4.3828998,0,0.0,1.0,1.0,10000,1000000
10000,1.0,0.4,0.014666810181288346,3.684136148790474,0.003981071705534975,0.45841608216115287,0.9999999999999999,exponential,608,True,684.0,684.0,684,684,"min(t_0, 1000000)",3.8012998,3.8012998,0,0.0,1.0,1.0,10000,1000000
10000,1.0,0.4,0.014666810181288346,3.684136148790474,0.003981071705534975,0.45841608216115287,0.9999999999999999,exponential,609,True,216.0,216.0,216,216,"min(t_0, 1000000)",3.6855,3.6855,0,0.0,1.0,1.0,10000,1000000
10000,1.0,0.4,0.014666810181288346,3.684136148790474,0.003981071705534975,0.45841608216115287,0.9999999999999999,exponential,610,True,278.0,278.0,278,278,"min(t_0, 1000000)",4.2715,4.2715,0,0.0,1.0,1.0,10000,1000000
10000,1.0,0.4,0.014666810181288346,3.684136148790474,0.003981071705534975,0.45841608216115287,0.9999999999999999,exponential,611,True,450.0,450.0,450,450,"min(t_0, 1000000)",4.2053,4.2053,0,0.0,1.0,1.0,10000,1000000
10000,1.0,0.4,0.014666810181288346,3.684136148790474,0.003981071705534975,0.45841608216115287,0.9999999999999999,exponential,612,True,1063.0,1063.0,1063,1063,"min(t_0, 1000000)",4.101,4.101,0,0.0,1.0,1.0,10000,1000000
10000,1.0,0.4,0.014666810181288346,3.684136148790474,0.003981071705534975,0.45841608216115287,0.9999999999999999,exponential,613,True,767.0,767.0,767,767,"min(t_0, 1000000)",4.2193,4.2193,0,0.0,1.0,1.0,10000,1000000
10000,1.0,0.4,0.014666810181288346,3.684136148790474,0.003981071705534975,0.45841608216115287,0.9999999999999999,exponential,614,True,1626.0,1626.0,1626,1626,"min(t_0, 1000000)",4.979,4.979,0,0.0,1.0,1.0,10000,1000000
10000,1.0,0.4,0.014666810181288346,3.684136148790474,0.003981071705534975,0.45841608216115287,0.9999999999999999,exponential,615,True,1614.0,1614.0,1614,1614,"min(t_0, 1000000)",3.9329,3.9329,0,0.0,1.0,1.0,10000,1000000
10000,1.0,0.4,0.014666810181288346,3.684136148790474,0.003981071705534975,0.45841608216115287,0.9999999999999999,exponential,616,True,1805.0,1805.0,1805,1805,"min(t_0, 1000000)",4.0962,4.0962,0,0.0,1.0,1.0,10000,1000000
10000,1.0,0.4,0.014666810181288346,3.684136148790474,0.003981071705534975,0.45841608216115287,0.9999999999999999,exponential,617,True,246.0,246.0,246,246,"min(t_0, 1000000)",4.0276,4.0276,0,0.0,1.0,1.0,10000,1000000
10000,1.0,0.4,0.014666810181288346,3.684136148790474,0.003981071705534975,0.45841608216115287,0.9999999999999999,exponential,618,True,5217.0,5217.0,5217,5217,"min(t_0, 1000000)",5.0594997,5.0594997,0,0.0,1.0,1.0,10000,1000000
10000,1.0,0.4,0.014666810181288346,3.684136148790474,0.003981071705534975,0.45841608216115287,0.9999999999999999,exponential,619,True,420.0,420.0,420,420,"min(t_0, 1000000)",3.9239998,3.9239998,0,0.0,1.0,1.0,10000,1000000
10000,1.0,0.4,0.014666810181288346,3.684136148790474,0.003981071705534975,0.45841608216115287,0.9999999999999999,exponential,620,True,413.0,413.0,413,413,"min(t_0, 1000000)",4.2321,4.2321,0,0.0,1.0,1.0,10000,1000000
10000,1.0,0.4,0.014666810181288346,3.684136148790474,0.003981071705534975,0.45841608216115287,0.9999999999999999,exponential,621,True,195.0,195.0,195,195,"min(t_0, 1000000)",4.1341,4.1341,0,0.0,1.0,1.0,10000,1000000
10000,1.0,0.4,0.014666810181288346,3.684136148790474,0.003981071705534975,0.45841608216115287,0.9999999999999999,exponential,622,True,444.0,444.0,444,444,"min(t_0, 1000000)",4.2386,4.2386,0,0.0,1.0,1.0,10000,1000000
10000,1.0,0.4,0.014666810181288346,3.684136148790474,0.003981071705534975,0.45841608216115287,0.9999999999999999,exponential,623,True,2560.0,2560.0,2560,2560,"min(t_0, 1000000)",4.2362,4.2362,0,0.0,1.0,1.0,10000,1000000
10000,1.0,0.4,0.014666810181288346,3.684136148790474,0.003981071705534975,0.45841608216115287,0.9999999999999999,exponential,624,True,2100.0,2100.0,2100,2100,"min(t_0, 1000000)",3.8181999,3.8181999,0,0.0,1.0,1.0,10000,1000000
10000,1.0,0.4,0.014666810181288346,3.684136148790474,0.003981071705534975,0.45841608216115287,0.9999999999999999,exponential,625,True,1639.0,1639.0,1639,1639,"min(t_0, 1000000)",4.0299997,4.0299997,0,0.0,1.0,1.0,10000,1000000
10000,1.0,0.4,0.014666810181288346,3.684136148790474,0.003981071705534975,0.45841608216115287,0.9999999999999999,exponential,626,True,853.0,853.0,853,853,"min(t_0, 1000000)",3.4924,3.4924,0,0.0,1.0,1.0,10000,1000000
10000,1.0,0.4,0.014666810181288346,3.684136148790474,0.003981071705534975,0.45841608216115287,0.9999999999999999,exponential,627,True,789.0,789.0,789,789,"min(t_0, 1000000)",3.3421998,3.3421998,0,0.0,1.0,1.0,10000,1000000
10000,1.0,0.4,0.014666810181288346,3.684136148790474,0.003981071705534975,0.45841608216115287,0.9999999999999999,exponential,628,True,610.0,610.0,610,610,"min(t_0, 1000000)",4.0294,4.0294,0,0.0,1.0,1.0,10000,1000000
10000,1.0,0.4,0.014666810181288346,3.684136148790474,0.003981071705534975,0.45841608216115287,0.9999999999999999,exponential,629,True,1167.0,1167.0,1167,1167,"min(t_0, 1000000)",4.1756,4.1756,0,0.0,1.0,1.0,10000,1000000
10000,1.0,0.4,0.014666810181288346,3.684136148790474,0.003981071705534975,0.45841608216115287,0.9999999999999999,exponential,630,True,486.0,486.0,486,486,"min(t_0, 1000000)",4.0320997,4.0320997,0,0.0,1.0,1.0,10000,1000000
10000,1.0,0.4,0.014666810181288346,3.684136148790474,0.003981071705534975,0.45841608216115287,0.9999999999999999,exponential,631,True,657.0,657.0,657,657,"min(t_0, 1000000)",4.0076,4.0076,0,0.0,1.0,1.0,10000,1000000
10000,1.0,0.4,0.014666810181288346,3.684136148790474,0.003981071705534975,0.45841608216115287,0.9999999999999999,exponential,632,True,547.0,547.0,547,547,"min(t_0, 1000000)",4.2925,4.2925,0,0.0,1.0,1.0,10000,1000000
10000,1.0,0.4,0.014666810181288346,3.684136148790474,0.003981071705534975,0.45841608216115287,0.9999999999999999,exponential,633,True,2908.0,2908.0,2908,2908,"min(t_0, 1000000)",3.9866998,3.9866998,0,0.0,1.0,1.0,10000,1000000
10000,1.0,0.4,0.014666810181288346,3.684136148790474,0.003981071705534975,0.45841608216115287,0.9999999999999999,exponential,634,True,729.0,729.0,729,729,"min(t_0, 1000000)",3.6601999,3.6601999,0,0.0,1.0,1.0,10000,1000000
10000,1.0,0.4,0.014666810181288346,3.684136148790474,0.003981071705534975,0.45841608216115287,0.9999999999999999,exponential,635,True,776.0,776.0,776,776,"min(t_0, 1000000)",4.0632,4.0632,0,0.0,1.0,1.0,10000,1000000
10000,1.0,0.4,0.014666810181288346,3.684136148790474,0.003981071705534975,0.45841608216115287,0.9999999999999999,exponential,636,True,952.0,952.0,952,952,"min(t_0, 1000000)",4.8711,4.8711,0,0.0,1.0,1.0,10000,1000000
10000,1.0,0.4,0.014666810181288346,3.684136148790474,0.003981071705534975,0.45841608216115287,0.9999999999999999,exponential,637,True,316.0,316.0,316,316,"min(t_0, 1000000)",3.6717,3.6717,0,0.0,1.0,1.0,10000,1000000
10000,1.0,0.4,0.014666810181288346,3.684136148790474,0.003981071705534975,0.45841608216115287,0.9999999999999999,exponential,638,True,156.0,156.0,156,156,"min(t_0, 1000000)",3.9399998,3.9399998,0,0.0,1.0,1.0,10000,1000000
10000,1.0,0.4,0.014666810181288346,3.684136148790474,0.003981071705534975,0.45841608216115287,0.9999999999999999,exponential,639,True,705.0,705.0,705,705,"min(t_0, 1000000)",4.395,4.395,0,0.0,1.0,1.0,10000,1000000
10000,1.0,0.4,0.014666810181288346,3.684136148790474,0.003981071705534975,0.45841608216115287,0.9999999999999999,exponential,640,True,910.0,910.0,910,910,"min(t_0, 1000000)",3.8161,3.8161,0,0.0,1.0,1.0,10000,1000000
10000,1.0,0.4,0.014666810181288346,3.684136148790474,0.003981071705534975,0.45841608216115287,0.9999999999999999,exponential,641,True,2577.0,2577.0,2577,2577,"min(t_0, 1000000)",3.9956,3.9956,0,0.0,1.0,1.0,10000,1000000
10000,1.0,0.4,0.014666810181288346,3.684136148790474,0.003981071705534975,0.45841608216115287,0.9999999999999999,exponential,642,True,2921.0,2921.0,2921,2921,"min(t_0, 1000000)",3.8139,3.8139,0,0.0,1.0,1.0,10000,1000000
10000,1.0,0.4,0.014666810181288346,3.684136148790474,0.003981071705534975,0.45841608216115287,0.9999999999999999,exponential,643,True,1899.0,1899.0,1899,1899,"min(t_0, 1000000)",4.1997,4.1997,0,0.0,1.0,1.0,10000,1000000
10000,1.0,0.4,0.014666810181288346,3.684136148790474,0.003981071705534975,0.45841608216115287,0.9999999999999999,exponential,644,True,221.0,221.0,221,221,"min(t_0, 1000000)",3.7419999,3.7419999,0,0.0,1.0,1.0,10000,1000000
10000,1.0,0.4,0.014666810181288346,3.684136148790474,0.003981071705534975,0.45841608216115287,0.9999999999999999,exponential,645,True,3013.0,3013.0,3013,3013,"min(t_0, 1000000)",4.019,4.019,0,0.0,1.0,1.0,10000,1000000
10000,1.0,0.4,0.014666810181288346,3.684136148790474,0.003981071705534975,0.45841608216115287,0.9999999999999999,exponential,646,True,1448.0,1448.0,1448,1448,"min(t_0, 1000000)",3.9304,3.9304,0,0.0,1.0,1.0,10000,1000000
10000,1.0,0.4,0.014666810181288346,3.684136148790474,0.003981071705534975,0.45841608216115287,0.9999999999999999,exponential,647,True,1214.0,1214.0,1214,1214,"min(t_0, 1000000)",3.9884999,3.9884999,0,0.0,1.0,1.0,10000,1000000
10000,1.0,0.4,0.014666810181288346,3.684136148790474,0.003981071705534975,0.45841608216115287,0.9999999999999999,exponential,648,True,1846.0,1846.0,1846,1846,"min(t_0, 1000000)",4.4051,4.4051,0,0.0,1.0,1.0,10000,1000000
10000,1.0,0.4,0.014666810181288346,3.684136148790474,0.003981071705534975,0.45841608216115287,0.9999999999999999,exponential,649,True,1730.0,1730.0,1730,1730,"min(t_0, 1000000)",3.9120998,3.9120998,0,0.0,1.0,1.0,10000,1000000
10000,1.0,0.4,0.014666810181288346,3.684136148790474,0.003981071705534975,0.45841608216115287,0.9999999999999999,exponential,650,True,200.0,200.0,200,200,"min(t_0, 1000000)",4.1633997,4.1633997,0,0.0,1.0,1.0,10000,1000000
10000,1.0,0.4,0.014666810181288346,3.684136148790474,0.003981071705534975,0.45841608216115287,0.9999999999999999,exponential,651,True,432.0,432.0,432,432,"min(t_0, 1000000)",3.2805,3.2805,0,0.0,1.0,1.0,10000,1000000
10000,1.0,0.4,0.014666810181288346,3.684136148790474,0.003981071705534975,0.45841608216115287,0.9999999999999999,exponential,652,True,199.0,199.0,199,199,"min(t_0, 1000000)",4.1129,4.1129,0,0.0,1.0,1.0,10000,1000000
10000,1.0,0.4,0.014666810181288346,3.684136148790474,0.003981071705534975,0.45841608216115287,0.9999999999999999,exponential,653,True,471.0,471.0,471,471,"min(t_0, 1000000)",3.9566998,3.9566998,0,0.0,1.0,1.0,10000,1000000
10000,1.0,0.4,0.014666810181288346,3.684136148790474,0.003981071705534975,0.45841608216115287,0.9999999999999999,exponential,654,True,163.0,163.0,163,163,"min(t_0, 1000000)",4.086,4.086,0,0.0,1.0,1.0,10000,1000000
10000,1.0,0.4,0.014666810181288346,3.684136148790474,0.003981071705534975,0.45841608216115287,0.9999999999999999,exponential,655,True,1476.0,1476.0,1476,1476,"min(t_0, 1000000)",3.8542998,3.8542998,0,0.0,1.0,1.0,10000,1000000
10000,1.0,0.4,0.014666810181288346,3.684136148790474,0.003981071705534975,0.45841608216115287,0.9999999999999999,exponential,656,True,1405.0,1405.0,1405,1405,"min(t_0, 1000000)",3.6107,3.6107,0,0.0,1.0,1.0,10000,1000000
10000,1.0,0.4,0.014666810181288346,3.684136148790474,0.003981071705534975,0.45841608216115287,0.9999999999999999,exponential,657,True,853.0,853.0,853,853,"min(t_0, 1000000)",3.3646998,3.3646998,0,0.0,1.0,1.0,10000,1000000
10000,1.0,0.4,0.014666810181288346,3.684136148790474,0.003981071705534975,0.45841608216115287,0.9999999999999999,exponential,658,True,1473.0,1473.0,1473,1473,"min(t_0, 1000000)",4.6274,4.6274,0,0.0,1.0,1.0,10000,1000000
10000,1.0,0.4,0.014666810181288346,3.684136148790474,0.003981071705534975,0.45841608216115287,0.9999999999999999,exponential,659,True,1745.0,1745.0,1745,1745,"min(t_0, 1000000)",3.7389998,3.7389998,0,0.0,1.0,1.0,10000,1000000
10000,1.0,0.4,0.014666810181288346,3.684136148790474,0.003981071705534975,0.45841608216115287,0.9999999999999999,exponential,660,True,216.0,216.0,216,216,"min(t_0, 1000000)",3.9485,3.9485,0,0.0,1.0,1.0,10000,1000000
10000,1.0,0.4,0.014666810181288346,3.684136148790474,0.003981071705534975,0.45841608216115287,0.9999999999999999,exponential,661,True,960.0,960.0,960,960,"min(t_0, 1000000)",3.7965999,3.7965999,0,0.0,1.0,1.0,10000,1000000
10000,1.0,0.4,0.014666810181288346,3.684136148790474,0.003981071705534975,0.45841608216115287,0.9999999999999999,exponential,662,True,3923.0,3923.0,3923,3923,"min(t_0, 1000000)",3.7989,3.7989,0,0.0,1.0,1.0,10000,1000000
10000,1.0,0.4,0.014666810181288346,3.684136148790474,0.003981071705534975,0.45841608216115287,0.9999999999999999,exponential,663,True,2415.0,2415.0,2415,2415,"min(t_0, 1000000)",4.1105,4.1105,0,0.0,1.0,1.0,10000,1000000
10000,1.0,0.4,0.014666810181288346,3.684136148790474,0.003981071705534975,0.45841608216115287,0.9999999999999999,exponential,664,True,1541.0,1541.0,1541,1541,"min(t_0, 1000000)",3.3251,3.3251,0,0.0,1.0,1.0,10000,1000000
10000,1.0,0.4,0.014666810181288346,3.684136148790474,0.003981071705534975,0.45841608216115287,0.9999999999999999,exponential,665,True,4322.0,4322.0,4322,4322,"min(t_0, 1000000)",4.2553,4.2553,0,0.0,1.0,1.0,10000,1000000
10000,1.0,0.4,0.014666810181288346,3.684136148790474,0.003981071705534975,0.45841608216115287,0.9999999999999999,exponential,666,True,2005.0,2005.0,2005,2005,"min(t_0, 1000000)",3.7568998,3.7568998,0,0.0,1.0,1.0,10000,1000000
10000,1.0,0.4,0.014666810181288346,3.684136148790474,0.003981071705534975,0.45841608216115287,0.9999999999999999,exponential,667,True,965.0,965.0,965,965,"min(t_0, 1000000)",4.0232997,4.0232997,0,0.0,1.0,1.0,10000,1000000
10000,1.0,0.4,0.014666810181288346,3.684136148790474,0.003981071705534975,0.45841608216115287,0.9999999999999999,exponential,668,True,248.0,248.0,248,248,"min(t_0, 1000000)",4.2823997,4.2823997,0,0.0,1.0,1.0,10000,1000000
10000,1.0,0.4,0.014666810181288346,3.684136148790474,0.003981071705534975,0.45841608216115287,0.9999999999999999,exponential,669,True,452.0,452.0,452,452,"min(t_0, 1000000)",3.9798,3.9798,0,0.0,1.0,1.0,10000,1000000
10000,1.0,0.4,0.014666810181288346,3.684136148790474,0.003981071705534975,0.45841608216115287,0.9999999999999999,exponential,670,True,520.0,520.0,520,520,"min(t_0, 1000000)",4.4758,4.4758,0,0.0,1.0,1.0,10000,1000000
10000,1.0,0.4,0.014666810181288346,3.684136148790474,0.003981071705534975,0.45841608216115287,0.9999999999999999,exponential,671,True,785.0,785.0,785,785,"min(t_0, 1000000)",3.7598999,3.7598999,0,0.0,1.0,1.0,10000,1000000
10000,1.0,0.4,0.014666810181288346,3.684136148790474,0.003981071705534975,0.45841608216115287,0.9999999999999999,exponential,672,True,1837.0,1837.0,1837,1837,"min(t_0, 1000000)",4.3203998,4.3203998,0,0.0,1.0,1.0,10000,1000000
10000,1.0,0.4,0.014666810181288346,3.684136148790474,0.003981071705534975,0.45841608216115287,0.9999999999999999,exponential,673,True,1906.0,1906.0,1906,1906,"min(t_0, 1000000)",3.8418999,3.8418999,0,0.0,1.0,1.0,10000,1000000
10000,1.0,0.4,0.014666810181288346,3.684136148790474,0.003981071705534975,0.45841608216115287,0.9999999999999999,exponential,674,True,860.0,860.0,860,860,"min(t_0, 1000000)",4.003,4.003,0,0.0,1.0,1.0,10000,1000000
10000,1.0,0.4,0.014666810181288346,3.684136148790474,0.003981071705534975,0.45841608216115287,0.9999999999999999,exponential,675,True,737.0,737.0,737,737,"min(t_0, 1000000)",3.8435998,3.8435998,0,0.0,1.0,1.0,10000,1000000
10000,1.0,0.4,0.014666810181288346,3.684136148790474,0.003981071705534975,0.45841608216115287,0.9999999999999999,exponential,676,True,2914.0,2914.0,2914,2914,"min(t_0, 1000000)",3.9053998,3.9053998,0,0.0,1.0,1.0,10000,1000000
10000,1.0,0.4,0.014666810181288346,3.684136148790474,0.003981071705534975,0.45841608216115287,0.9999999999999999,exponential,677,True,924.0,924.0,924,924,"min(t_0, 1000000)",4.0397997,4.0397997,0,0.0,1.0,1.0,10000,1000000
10000,1.0,0.4,0.014666810181288346,3.684136148790474,0.003981071705534975,0.45841608216115287,0.9999999999999999,exponential,678,True,735.0,735.0,735,735,"min(t_0, 1000000)",4.2812,4.2812,0,0.0,1.0,1.0,10000,1000000
10000,1.0,0.4,0.014666810181288346,3.684136148790474,0.003981071705534975,0.45841608216115287,0.9999999999999999,exponential,679,True,1983.0,1983.0,1983,1983,"min(t_0, 1000000)",3.297,3.297,0,0.0,1.0,1.0,10000,1000000
10000,1.0,0.4,0.014666810181288346,3.684136148790474,0.003981071705534975,0.45841608216115287,0.9999999999999999,exponential,680,True,909.0,909.0,909,909,"min(t_0, 1000000)",3.737,3.737,0,0.0,1.0,1.0,10000,1000000
10000,1.0,0.4,0.014666810181288346,3.684136148790474,0.003981071705534975,0.45841608216115287,0.9999999999999999,exponential,681,True,1631.0,1631.0,1631,1631,"min(t_0, 1000000)",4.0013,4.0013,0,0.0,1.0,1.0,10000,1000000
10000,1.0,0.4,0.014666810181288346,3.684136148790474,0.003981071705534975,0.45841608216115287,0.9999999999999999,exponential,682,True,792.0,792.0,792,792,"min(t_0, 1000000)",4.2826,4.2826,0,0.0,1.0,1.0,10000,1000000
10000,1.0,0.4,0.014666810181288346,3.684136148790474,0.003981071705534975,0.45841608216115287,0.9999999999999999,exponential,683,True,2212.0,2212.0,2212,2212,"min(t_0, 1000000)",3.6761,3.6761,0,0.0,1.0,1.0,10000,1000000
10000,1.0,0.4,0.014666810181288346,3.684136148790474,0.003981071705534975,0.45841608216115287,0.9999999999999999,exponential,684,True,258.0,258.0,258,258,"min(t_0, 1000000)",4.1103,4.1103,0,0.0,1.0,1.0,10000,1000000
10000,1.0,0.4,0.014666810181288346,3.684136148790474,0.003981071705534975,0.45841608216115287,0.9999999999999999,exponential,685,True,197.0,197.0,197,197,"min(t_0, 1000000)",3.8944,3.8944,0,0.0,1.0,1.0,10000,1000000
10000,1.0,0.4,0.014666810181288346,3.684136148790474,0.003981071705534975,0.45841608216115287,0.9999999999999999,exponential,686,True,960.0,960.0,960,960,"min(t_0, 1000000)",4.223,4.223,0,0.0,1.0,1.0,10000,1000000
10000,1.0,0.4,0.014666810181288346,3.684136148790474,0.003981071705534975,0.45841608216115287,0.9999999999999999,exponential,687,True,1716.0,1716.0,1716,1716,"min(t_0, 1000000)",3.9013,3.9013,0,0.0,1.0,1.0,10000,1000000
10000,1.0,0.4,0.014666810181288346,3.684136148790474,0.003981071705534975,0.45841608216115287,0.9999999999999999,exponential,688,True,410.0,410.0,410,410,"min(t_0, 1000000)",4.3912997,4.3912997,0,0.0,1.0,1.0,10000,1000000
10000,1.0,0.4,0.014666810181288346,3.684136148790474,0.003981071705534975,0.45841608216115287,0.9999999999999999,exponential,689,True,800.0,800.0,800,800,"min(t_0, 1000000)",3.5733,3.5733,0,0.0,1.0,1.0,10000,1000000
10000,1.0,0.4,0.014666810181288346,3.684136148790474,0.003981071705534975,0.45841608216115287,0.9999999999999999,exponential,690,True,1749.0,1749.0,1749,1749,"min(t_0, 1000000)",3.9443998,3.9443998,0,0.0,1.0,1.0,10000,1000000
10000,1.0,0.4,0.014666810181288346,3.684136148790474,0.003981071705534975,0.45841608216115287,0.9999999999999999,exponential,691,True,245.0,245.0,245,245,"min(t_0, 1000000)",4.0083,4.0083,0,0.0,1.0,1.0,10000,1000000
10000,1.0,0.4,0.014666810181288346,3.684136148790474,0.003981071705534975,0.45841608216115287,0.9999999999999999,exponential,692,True,210.0,210.0,210,210,"min(t_0, 1000000)",4.1674,4.1674,0,0.0,1.0,1.0,10000,1000000
10000,1.0,0.4,0.014666810181288346,3.684136148790474,0.003981071705534975,0.45841608216115287,0.9999999999999999,exponential,693,True,439.0,439.0,439,439,"min(t_0, 1000000)",4.2309,4.2309,0,0.0,1.0,1.0,10000,1000000
10000,1.0,0.4,0.014666810181288346,3.684136148790474,0.003981071705534975,0.45841608216115287,0.9999999999999999,exponential,694,True,202.0,202.0,202,202,"min(t_0, 1000000)",3.9703,3.9703,0,0.0,1.0,1.0,10000,1000000
10000,1.0,0.4,0.014666810181288346,3.684136148790474,0.003981071705534975,0.45841608216115287,0.9999999999999999,exponential,695,True,451.0,451.0,451,451,"min(t_0, 1000000)",3.9559999,3.9559999,0,0.0,1.0,1.0,10000,1000000
10000,1.0,0.4,0.014666810181288346,3.684136148790474,0.003981071705534975,0.45841608216115287,0.9999999999999999,exponential,696,True,940.0,940.0,940,940,"min(t_0, 1000000)",4.2335997,4.2335997,0,0.0,1.0,1.0,10000,1000000
10000,1.0,0.4,0.014666810181288346,3.684136148790474,0.003981071705534975,0.45841608216115287,0.9999999999999999,exponential,697,True,1427.0,1427.0,1427,1427,"min(t_0, 1000000)",4.5256,4.5256,0,0.0,1.0,1.0,10000,1000000
10000,1.0,0.4,0.014666810181288346,3.684136148790474,0.003981071705534975,0.45841608216115287,0.9999999999999999,exponential,698,True,651.0,651.0,651,651,"min(t_0, 1000000)",3.8246999,3.8246999,0,0.0,1.0,1.0,10000,1000000
10000,1.0,0.4,0.014666810181288346,3.684136148790474,0.003981071705534975,0.45841608216115287,0.9999999999999999,exponential,699,True,445.0,445.0,445,445,"min(t_0, 1000000)",4.0744,4.0744,0,0.0,1.0,1.0,10000,1000000
10000,1.0,0.4,0.014666810181288346,3.684136148790474,0.003981071705534975,0.45841608216115287,0.9999999999999999,exponential,700,True,293.0,293.0,293,293,"min(t_0, 1000000)",3.8534,3.8534,0,0.0,1.0,1.0,10000,1000000
10000,1.0,0.4,0.014666810181288346,3.684136148790474,0.003981071705534975,0.45841608216115287,0.9999999999999999,exponential,701,True,311.0,311.0,311,311,"min(t_0, 1000000)",4.0372,4.0372,0,0.0,1.0,1.0,10000,1000000
10000,1.0,0.4,0.014666810181288346,3.684136148790474,0.003981071705534975,0.45841608216115287,0.9999999999999999,exponential,702,True,159.0,159.0,159,159,"min(t_0, 1000000)",3.7573998,3.7573998,0,0.0,1.0,1.0,10000,1000000
10000,1.0,0.4,0.014666810181288346,3.684136148790474,0.003981071705534975,0.45841608216115287,0.9999999999999999,exponential,703,True,4897.0,4897.0,4897,4897,"min(t_0, 1000000)",3.7782,3.7782,0,0.0,1.0,1.0,10000,1000000
10000,1.0,0.4,0.014666810181288346,3.684136148790474,0.003981071705534975,0.45841608216115287,0.9999999999999999,exponential,704,True,1897.0,1897.0,1897,1897,"min(t_0, 1000000)",3.5089,3.5089,0,0.0,1.0,1.0,10000,1000000
10000,1.0,0.4,0.014666810181288346,3.684136148790474,0.003981071705534975,0.45841608216115287,0.9999999999999999,exponential,705,True,1469.0,1469.0,1469,1469,"min(t_0, 1000000)",3.9308999,3.9308999,0,0.0,1.0,1.0,10000,1000000
10000,1.0,0.4,0.014666810181288346,3.684136148790474,0.003981071705534975,0.45841608216115287,0.9999999999999999,exponential,706,True,1379.0,1379.0,1379,1379,"min(t_0, 1000000)",3.8137,3.8137,0,0.0,1.0,1.0,10000,1000000
10000,1.0,0.4,0.014666810181288346,3.684136148790474,0.003981071705534975,0.45841608216115287,0.9999999999999999,exponential,707,True,3153.0,3153.0,3153,3153,"min(t_0, 1000000)",3.9025998,3.9025998,0,0.0,1.0,1.0,10000,1000000
10000,1.0,0.4,0.014666810181288346,3.684136148790474,0.003981071705534975,0.45841608216115287,0.9999999999999999,exponential,708,True,380.0,380.0,380,380,"min(t_0, 1000000)",3.8023,3.8023,0,0.0,1.0,1.0,10000,1000000
10000,1.0,0.4,0.014666810181288346,3.684136148790474,0.003981071705534975,0.45841608216115287,0.9999999999999999,exponential,709,True,1178.0,1178.0,1178,1178,"min(t_0, 1000000)",3.8962998,3.8962998,0,0.0,1.0,1.0,10000,1000000
10000,1.0,0.4,0.014666810181288346,3.684136148790474,0.003981071705534975,0.45841608216115287,0.9999999999999999,exponential,710,True,532.0,532.0,532,532,"min(t_0, 1000000)",4.4135,4.4135,0,0.0,1.0,1.0,10000,1000000
10000,1.0,0.4,0.014666810181288346,3.684136148790474,0.003981071705534975,0.45841608216115287,0.9999999999999999,exponential,711,True,551.0,551.0,551,551,"min(t_0, 1000000)",3.9373,3.9373,0,0.0,1.0,1.0,10000,1000000
10000,1.0,0.4,0.014666810181288346,3.684136148790474,0.003981071705534975,0.45841608216115287,0.9999999999999999,exponential,712,True,535.0,535.0,535,535,"min(t_0, 1000000)",3.6722,3.6722,0,0.0,1.0,1.0,10000,1000000
10000,1.0,0.4,0.014666810181288346,3.684136148790474,0.003981071705534975,0.45841608216115287,0.9999999999999999,exponential,713,True,1084.0,1084.0,1084,1084,"min(t_0, 1000000)",4.1672,4.1672,0,0.0,1.0,1.0,10000,1000000
10000,1.0,0.4,0.014666810181288346,3.684136148790474,0.003981071705534975,0.45841608216115287,0.9999999999999999,exponential,714,True,1891.0,1891.0,1891,1891,"min(t_0, 1000000)",3.9554,3.9554,0,0.0,1.0,1.0,10000,1000000
10000,1.0,0.4,0.014666810181288346,3.684136148790474,0.003981071705534975,0.45841608216115287,0.9999999999999999,exponential,715,True,392.0,392.0,392,392,"min(t_0, 1000000)",4.4234,4.4234,0,0.0,1.0,1.0,10000,1000000
10000,1.0,0.4,0.014666810181288346,3.684136148790474,0.003981071705534975,0.45841608216115287,0.9999999999999999,exponential,716,True,1074.0,1074.0,1074,1074,"min(t_0, 1000000)",3.9826999,3.9826999,0,0.0,1.0,1.0,10000,1000000
10000,1.0,0.4,0.014666810181288346,3.684136148790474,0.003981071705534975,0.45841608216115287,0.9999999999999999,exponential,717,True,1027.0,1027.0,1027,1027,"min(t_0, 1000000)",4.1144,4.1144,0,0.0,1.0,1.0,10000,1000000
10000,1.0,0.4,0.014666810181288346,3.684136148790474,0.003981071705534975,0.45841608216115287,0.9999999999999999,exponential,718,True,271.0,271.0,271,271,"min(t_0, 1000000)",3.6448,3.6448,0,0.0,1.0,1.0,10000,1000000
10000,1.0,0.4,0.014666810181288346,3.684136148790474,0.003981071705534975,0.45841608216115287,0.9999999999999999,exponential,719,True,616.0,616.0,616,616,"min(t_0, 1000000)",3.5546,3.5546,0,0.0,1.0,1.0,10000,1000000
10000,1.0,0.4,0.014666810181288346,3.684136148790474,0.003981071705534975,0.45841608216115287,0.9999999999999999,exponential,720,True,213.0,213.0,213,213,"min(t_0, 1000000)",3.796,3.796,0,0.0,1.0,1.0,10000,1000000
10000,1.0,0.4,0.014666810181288346,3.684136148790474,0.003981071705534975,0.45841608216115287,0.9999999999999999,exponential,721,True,2271.0,2271.0,2271,2271,"min(t_0, 1000000)",3.4503999,3.4503999,0,0.0,1.0,1.0,10000,1000000
10000,1.0,0.4,0.014666810181288346,3.684136148790474,0.003981071705534975,0.45841608216115287,0.9999999999999999,exponential,722,True,152.0,152.0,152,152,"min(t_0, 1000000)",3.6920998,3.6920998,0,0.0,1.0,1.0,10000,1000000
10000,1.0,0.4,0.014666810181288346,3.684136148790474,0.003981071705534975,0.45841608216115287,0.9999999999999999,exponential,723,True,152.0,152.0,152,152,"min(t_0, 1000000)",4.0544,4.0544,0,0.0,1.0,1.0,10000,1000000
10000,1.0,0.4,0.014666810181288346,3.684136148790474,0.003981071705534975,0.45841608216115287,0.9999999999999999,exponential,724,True,350.0,350.0,350,350,"min(t_0, 1000000)",3.6634,3.6634,0,0.0,1.0,1.0,10000,1000000
10000,1.0,0.4,0.014666810181288346,3.684136148790474,0.003981071705534975,0.45841608216115287,0.9999999999999999,exponential,725,True,662.0,662.0,662,662,"min(t_0, 1000000)",3.9575999,3.9575999,0,0.0,1.0,1.0,10000,1000000
10000,1.0,0.4,0.014666810181288346,3.684136148790474,0.003981071705534975,0.45841608216115287,0.9999999999999999,exponential,726,True,1018.0,1018.0,1018,1018,"min(t_0, 1000000)",3.9278998,3.9278998,0,0.0,1.0,1.0,10000,1000000
10000,1.0,0.4,0.014666810181288346,3.684136148790474,0.003981071705534975,0.45841608216115287,0.9999999999999999,exponential,727,True,1145.0,1145.0,1145,1145,"min(t_0, 1000000)",3.7157,3.7157,0,0.0,1.0,1.0,10000,1000000
10000,1.0,0.4,0.014666810181288346,3.684136148790474,0.003981071705534975,0.45841608216115287,0.9999999999999999,exponential,728,True,251.0,251.0,251,251,"min(t_0, 1000000)",3.7133,3.7133,0,0.0,1.0,1.0,10000,1000000
10000,1.0,0.4,0.014666810181288346,3.684136148790474,0.003981071705534975,0.45841608216115287,0.9999999999999999,exponential,729,True,488.0,488.0,488,488,"min(t_0, 1000000)",3.4945,3.4945,0,0.0,1.0,1.0,10000,1000000
10000,1.0,0.4,0.014666810181288346,3.684136148790474,0.003981071705534975,0.45841608216115287,0.9999999999999999,exponential,730,True,1133.0,1133.0,1133,1133,"min(t_0, 1000000)",4.0677,4.0677,0,0.0,1.0,1.0,10000,1000000
10000,1.0,0.4,0.014666810181288346,3.684136148790474,0.003981071705534975,0.45841608216115287,0.9999999999999999,exponential,731,True,821.0,821.0,821,821,"min(t_0, 1000000)",4.1334,4.1334,0,0.0,1.0,1.0,10000,1000000
10000,1.0,0.4,0.014666810181288346,3.684136148790474,0.003981071705534975,0.45841608216115287,0.9999999999999999,exponential,732,True,1227.0,1227.0,1227,1227,"min(t_0, 1000000)",3.4993,3.4993,0,0.0,1.0,1.0,10000,1000000
10000,1.0,0.4,0.014666810181288346,3.684136148790474,0.003981071705534975,0.45841608216115287,0.9999999999999999,exponential,733,True,258.0,258.0,258,258,"min(t_0, 1000000)",3.9938998,3.9938998,0,0.0,1.0,1.0,10000,1000000
10000,1.0,0.4,0.014666810181288346,3.684136148790474,0.003981071705534975,0.45841608216115287,0.9999999999999999,exponential,734,True,844.0,844.0,844,844,"min(t_0, 1000000)",3.5491,3.5491,0,0.0,1.0,1.0,10000,1000000
10000,1.0,0.4,0.014666810181288346,3.684136148790474,0.003981071705534975,0.45841608216115287,0.9999999999999999,exponential,735,True,1526.0,1526.0,1526,1526,"min(t_0, 1000000)",3.7059999,3.7059999,0,0.0,1.0,1.0,10000,1000000
10000,1.0,0.4,0.014666810181288346,3.684136148790474,0.003981071705534975,0.45841608216115287,0.9999999999999999,exponential,736,True,94.0,94.0,94,94,"min(t_0, 1000000)",3.6088,3.6088,0,0.0,1.0,1.0,10000,1000000
10000,1.0,0.4,0.014666810181288346,3.684136148790474,0.003981071705534975,0.45841608216115287,0.9999999999999999,exponential,737,True,1138.0,1138.0,1138,1138,"min(t_0, 1000000)",4.1598997,4.1598997,0,0.0,1.0,1.0,10000,1000000
10000,1.0,0.4,0.014666810181288346,3.684136148790474,0.003981071705534975,0.45841608216115287,0.9999999999999999,exponential,738,True,427.0,427.0,427,427,"min(t_0, 1000000)",4.3139997,4.3139997,0,0.0,1.0,1.0,10000,1000000
10000,1.0,0.4,0.014666810181288346,3.684136148790474,0.003981071705534975,0.45841608216115287,0.9999999999999999,exponential,739,True,697.0,697.0,697,697,"min(t_0, 1000000)",4.0548,4.0548,0,0.0,1.0,1.0,10000,1000000
10000,1.0,0.4,0.014666810181288346,3.684136148790474,0.003981071705534975,0.45841608216115287,0.9999999999999999,exponential,740,True,4698.0,4698.0,4698,4698,"min(t_0, 1000000)",3.7315998,3.7315998,0,0.0,1.0,1.0,10000,1000000
10000,1.0,0.4,0.014666810181288346,3.684136148790474,0.003981071705534975,0.45841608216115287,0.9999999999999999,exponential,741,True,1798.0,1798.0,1798,1798,"min(t_0, 1000000)",3.1768,3.1768,0,0.0,1.0,1.0,10000,1000000
10000,1.0,0.4,0.014666810181288346,3.684136148790474,0.003981071705534975,0.45841608216115287,0.9999999999999999,exponential,742,True,1458.0,1458.0,1458,1458,"min(t_0, 1000000)",3.4225,3.4225,0,0.0,1.0,1.0,10000,1000000
10000,1.0,0.4,0.014666810181288346,3.684136148790474,0.003981071705534975,0.45841608216115287,0.9999999999999999,exponential,743,True,267.0,267.0,267,267,"min(t_0, 1000000)",3.5498998,3.5498998,0,0.0,1.0,1.0,10000,1000000
10000,1.0,0.4,0.014666810181288346,3.684136148790474,0.003981071705534975,0.45841608216115287,0.9999999999999999,exponential,744,True,644.0,644.0,644,644,"min(t_0, 1000000)",3.5191,3.5191,0,0.0,1.0,1.0,10000,1000000
10000,1.0,0.4,0.014666810181288346,3.684136148790474,0.003981071705534975,0.45841608216115287,0.9999999999999999,exponential,745,True,1290.0,1290.0,1290,1290,"min(t_0, 1000000)",4.4888997,4.4888997,0,0.0,1.0,1.0,10000,1000000
10000,1.0,0.4,0.014666810181288346,3.684136148790474,0.003981071705534975,0.45841608216115287,0.9999999999999999,exponential,746,True,1263.0,1263.0,1263,1263,"min(t_0, 1000000)",4.1126,4.1126,0,0.0,1.0,1.0,10000,1000000
10000,1.0,0.4,0.014666810181288346,3.684136148790474,0.003981071705534975,0.45841608216115287,0.9999999999999999,exponential,747,True,410.0,410.0,410,410,"min(t_0, 1000000)",4.148,4.148,0,0.0,1.0,1.0,10000,1000000
10000,1.0,0.4,0.014666810181288346,3.684136148790474,0.003981071705534975,0.45841608216115287,0.9999999999999999,exponential,748,True,1595.0,1595.0,1595,1595,"min(t_0, 1000000)",3.6778998,3.6778998,0,0.0,1.0,1.0,10000,1000000
10000,1.0,0.4,0.014666810181288346,3.684136148790474,0.003981071705534975,0.45841608216115287,0.9999999999999999,exponential,749,True,1098.0,1098.0,1098,1098,"min(t_0, 1000000)",3.7163,3.7163,0,0.0,1.0,1.0,10000,1000000
10000,1.0,0.4,0.014666810181288346,3.684136148790474,0.003981071705534975,0.45841608216115287,0.9999999999999999,exponential,750,True,902.0,902.0,902,902,"min(t_0, 1000000)",3.7259998,3.7259998,0,0.0,1.0,1.0,10000,1000000
10000,1.0,0.4,0.014666810181288346,3.684136148790474,0.003981071705534975,0.45841608216115287,0.9999999999999999,exponential,751,True,5601.0,5601.0,5601,5601,"min(t_0, 1000000)",4.2044997,4.2044997,0,0.0,1.0,1.0,10000,1000000
10000,1.0,0.4,0.014666810181288346,3.684136148790474,0.003981071705534975,0.45841608216115287,0.9999999999999999,exponential,752,True,371.0,371.0,371,371,"min(t_0, 1000000)",3.8950999,3.8950999,0,0.0,1.0,1.0,10000,1000000
10000,1.0,0.4,0.014666810181288346,3.684136148790474,0.003981071705534975,0.45841608216115287,0.9999999999999999,exponential,753,True,364.0,364.0,364,364,"min(t_0, 1000000)",3.9712,3.9712,0,0.0,1.0,1.0,10000,1000000
10000,1.0,0.4,0.014666810181288346,3.684136148790474,0.003981071705534975,0.45841608216115287,0.9999999999999999,exponential,754,True,2680.0,2680.0,2680,2680,"min(t_0, 1000000)",3.8915,3.8915,0,0.0,1.0,1.0,10000,1000000
10000,1.0,0.4,0.014666810181288346,3.684136148790474,0.003981071705534975,0.45841608216115287,0.9999999999999999,exponential,755,True,777.0,777.0,777,777,"min(t_0, 1000000)",4.0130997,4.0130997,0,0.0,1.0,1.0,10000,1000000
10000,1.0,0.4,0.014666810181288346,3.684136148790474,0.003981071705534975,0.45841608216115287,0.9999999999999999,exponential,756,True,318.0,318.0,318,318,"min(t_0, 1000000)",3.721,3.721,0,0.0,1.0,1.0,10000,1000000
10000,1.0,0.4,0.014666810181288346,3.684136148790474,0.003981071705534975,0.45841608216115287,0.9999999999999999,exponential,757,True,335.0,335.0,335,335,"min(t_0, 1000000)",3.5249999,3.5249999,0,0.0,1.0,1.0,10000,1000000
10000,1.0,0.4,0.014666810181288346,3.684136148790474,0.003981071705534975,0.45841608216115287,0.9999999999999999,exponential,758,True,971.0,971.0,971,971,"min(t_0, 1000000)",3.9973,3.9973,0,0.0,1.0,1.0,10000,1000000
10000,1.0,0.4,0.014666810181288346,3.684136148790474,0.003981071705534975,0.45841608216115287,0.9999999999999999,exponential,759,True,149.0,149.0,149,149,"min(t_0, 1000000)",4.1012,4.1012,0,0.0,1.0,1.0,10000,1000000
10000,1.0,0.4,0.014666810181288346,3.684136148790474,0.003981071705534975,0.45841608216115287,0.9999999999999999,exponential,760,True,228.0,228.0,228,228,"min(t_0, 1000000)",3.9613998,3.9613998,0,0.0,1.0,1.0,10000,1000000
10000,1.0,0.4,0.014666810181288346,3.684136148790474,0.003981071705534975,0.45841608216115287,0.9999999999999999,exponential,761,True,195.0,195.0,195,195,"min(t_0, 1000000)",3.9475,3.9475,0,0.0,1.0,1.0,10000,1000000
10000,1.0,0.4,0.014666810181288346,3.684136148790474,0.003981071705534975,0.45841608216115287,0.9999999999999999,exponential,762,True,2777.0,2777.0,2777,2777,"min(t_0, 1000000)",3.6585,3.6585,0,0.0,1.0,1.0,10000,1000000
10000,1.0,0.4,0.014666810181288346,3.684136148790474,0.003981071705534975,0.45841608216115287,0.9999999999999999,exponential,763,True,406.0,406.0,406,406,"min(t_0, 1000000)",4.2945,4.2945,0,0.0,1.0,1.0,10000,1000000
10000,1.0,0.4,0.014666810181288346,3.684136148790474,0.003981071705534975,0.45841608216115287,0.9999999999999999,exponential,764,True,618.0,618.0,618,618,"min(t_0, 1000000)",4.1584,4.1584,0,0.0,1.0,1.0,10000,1000000
10000,1.0,0.4,0.014666810181288346,3.684136148790474,0.003981071705534975,0.45841608216115287,0.9999999999999999,exponential,765,True,258.0,258.0,258,258,"min(t_0, 1000000)",3.8565998,3.8565998,0,0.0,1.0,1.0,10000,1000000
10000,1.0,0.4,0.014666810181288346,3.684136148790474,0.003981071705534975,0.45841608216115287,0.9999999999999999,exponential,766,True,2929.0,2929.0,2929,2929,"min(t_0, 1000000)",4.2086997,4.2086997,0,0.0,1.0,1.0,10000,1000000
10000,1.0,0.4,0.014666810181288346,3.684136148790474,0.003981071705534975,0.45841608216115287,0.9999999999999999,exponential,767,True,252.0,252.0,252,252,"min(t_0, 1000000)",3.8507,3.8507,0,0.0,1.0,1.0,10000,1000000
10000,1.0,0.4,0.014666810181288346,3.684136148790474,0.003981071705534975,0.45841608216115287,0.9999999999999999,exponential,768,True,335.0,335.0,335,335,"min(t_0, 1000000)",3.9701,3.9701,0,0.0,1.0,1.0,10000,1000000
10000,1.0,0.4,0.014666810181288346,3.684136148790474,0.003981071705534975,0.45841608216115287,0.9999999999999999,exponential,769,True,557.0,557.0,557,557,"min(t_0, 1000000)",3.5946999,3.5946999,0,0.0,1.0,1.0,10000,1000000
10000,1.0,0.4,0.014666810181288346,3.684136148790474,0.003981071705534975,0.45841608216115287,0.9999999999999999,exponential,770,True,99.0,99.0,99,99,"min(t_0, 1000000)",3.8504,3.8504,0,0.0,1.0,1.0,10000,1000000
10000,1.0,0.4,0.014666810181288346,3.684136148790474,0.003981071705534975,0.45841608216115287,0.9999999999999999,exponential,771,True,285.0,285.0,285,285,"min(t_0, 1000000)",4.0682,4.0682,0,0.0,1.0,1.0,10000,1000000
10000,1.0,0.4,0.014666810181288346,3.684136148790474,0.003981071705534975,0.45841608216115287,0.9999999999999999,exponential,772,True,179.0,179.0,179,179,"min(t_0, 1000000)",4.3342,4.3342,0,0.0,1.0,1.0,10000,1000000
10000,1.0,0.4,0.014666810181288346,3.684136148790474,0.003981071705534975,0.45841608216115287,0.9999999999999999,exponential,773,True,105.0,105.0,105,105,"min(t_0, 1000000)",3.8458,3.8458,0,0.0,1.0,1.0,10000,1000000
10000,1.0,0.4,0.014666810181288346,3.684136148790474,0.003981071705534975,0.45841608216115287,0.9999999999999999,exponential,774,True,172.0,172.0,172,172,"min(t_0, 1000000)",3.7589,3.7589,0,0.0,1.0,1.0,10000,1000000
10000,1.0,0.4,0.014666810181288346,3.684136148790474,0.003981071705534975,0.45841608216115287,0.9999999999999999,exponential,775,True,188.0,188.0,188,188,"min(t_0, 1000000)",3.745,3.745,0,0.0,1.0,1.0,10000,1000000
10000,1.0,0.4,0.014666810181288346,3.684136148790474,0.003981071705534975,0.45841608216115287,0.9999999999999999,exponential,776,True,317.0,317.0,317,317,"min(t_0, 1000000)",3.9822,3.9822,0,0.0,1.0,1.0,10000,1000000
10000,1.0,0.4,0.014666810181288346,3.684136148790474,0.003981071705534975,0.45841608216115287,0.9999999999999999,exponential,777,True,599.0,599.0,599,599,"min(t_0, 1000000)",4.1502,4.1502,0,0.0,1.0,1.0,10000,1000000
10000,1.0,0.4,0.014666810181288346,3.684136148790474,0.003981071705534975,0.45841608216115287,0.9999999999999999,exponential,778,True,1259.0,1259.0,1259,1259,"min(t_0, 1000000)",3.6069,3.6069,0,0.0,1.0,1.0,10000,1000000
10000,1.0,0.4,0.014666810181288346,3.684136148790474,0.003981071705534975,0.45841608216115287,0.9999999999999999,exponential,779,True,522.0,522.0,522,522,"min(t_0, 1000000)",4.1983,4.1983,0,0.0,1.0,1.0,10000,1000000
10000,1.0,0.4,0.014666810181288346,3.684136148790474,0.003981071705534975,0.45841608216115287,0.9999999999999999,exponential,780,True,1326.0,1326.0,1326,1326,"min(t_0, 1000000)",4.6324,4.6324,0,0.0,1.0,1.0,10000,1000000
10000,1.0,0.4,0.014666810181288346,3.684136148790474,0.003981071705534975,0.45841608216115287,0.9999999999999999,exponential,781,True,896.0,896.0,896,896,"min(t_0, 1000000)",4.3438997,4.3438997,0,0.0,1.0,1.0,10000,1000000
10000,1.0,0.4,0.014666810181288346,3.684136148790474,0.003981071705534975,0.45841608216115287,0.9999999999999999,exponential,782,True,436.0,436.0,436,436,"min(t_0, 1000000)",3.6508,3.6508,0,0.0,1.0,1.0,10000,1000000
10000,1.0,0.4,0.014666810181288346,3.684136148790474,0.003981071705534975,0.45841608216115287,0.9999999999999999,exponential,783,True,2384.0,2384.0,2384,2384,"min(t_0, 1000000)",4.0137997,4.0137997,0,0.0,1.0,1.0,10000,1000000
10000,1.0,0.4,0.014666810181288346,3.684136148790474,0.003981071705534975,0.45841608216115287,0.9999999999999999,exponential,784,True,2502.0,2502.0,2502,2502,"min(t_0, 1000000)",3.9106,3.9106,0,0.0,1.0,1.0,10000,1000000
10000,1.0,0.4,0.014666810181288346,3.684136148790474,0.003981071705534975,0.45841608216115287,0.9999999999999999,exponential,785,True,743.0,743.0,743,743,"min(t_0, 1000000)",4.219,4.219,0,0.0,1.0,1.0,10000,1000000
10000,1.0,0.4,0.014666810181288346,3.684136148790474,0.003981071705534975,0.45841608216115287,0.9999999999999999,exponential,786,True,1319.0,1319.0,1319,1319,"min(t_0, 1000000)",3.9275,3.9275,0,0.0,1.0,1.0,10000,1000000
10000,1.0,0.4,0.014666810181288346,3.684136148790474,0.003981071705534975,0.45841608216115287,0.9999999999999999,exponential,787,True,1283.0,1283.0,1283,1283,"min(t_0, 1000000)",3.6459,3.6459,0,0.0,1.0,1.0,10000,1000000
10000,1.0,0.4,0.014666810181288346,3.684136148790474,0.003981071705534975,0.45841608216115287,0.9999999999999999,exponential,788,True,2284.0,2284.0,2284,2284,"min(t_0, 1000000)",3.6901,3.6901,0,0.0,1.0,1.0,10000,1000000
10000,1.0,0.4,0.014666810181288346,3.684136148790474,0.003981071705534975,0.45841608216115287,0.9999999999999999,exponential,789,True,496.0,496.0,496,496,"min(t_0, 1000000)",4.4049,4.4049,0,0.0,1.0,1.0,10000,1000000
10000,1.0,0.4,0.014666810181288346,3.684136148790474,0.003981071705534975,0.45841608216115287,0.9999999999999999,exponential,790,True,570.0,570.0,570,570,"min(t_0, 1000000)",3.5763998,3.5763998,0,0.0,1.0,1.0,10000,1000000
10000,1.0,0.4,0.014666810181288346,3.684136148790474,0.003981071705534975,0.45841608216115287,0.9999999999999999,exponential,791,True,525.0,525.0,525,525,"min(t_0, 1000000)",4.4256,4.4256,0,0.0,1.0,1.0,10000,1000000
10000,1.0,0.4,0.014666810181288346,3.684136148790474,0.003981071705534975,0.45841608216115287,0.9999999999999999,exponential,792,True,655.0,655.0,655,655,"min(t_0, 1000000)",3.6671999,3.6671999,0,0.0,1.0,1.0,10000,1000000
10000,1.0,0.4,0.014666810181288346,3.684136148790474,0.003981071705534975,0.45841608216115287,0.9999999999999999,exponential,793,True,1433.0,1433.0,1433,1433,"min(t_0, 1000000)",4.0225997,4.0225997,0,0.0,1.0,1.0,10000,1000000
10000,1.0,0.4,0.014666810181288346,3.684136148790474,0.003981071705534975,0.45841608216115287,0.9999999999999999,exponential,794,True,817.0,817.0,817,817,"min(t_0, 1000000)",4.1137,4.1137,0,0.0,1.0,1.0,10000,1000000
10000,1.0,0.4,0.014666810181288346,3.684136148790474,0.003981071705534975,0.45841608216115287,0.9999999999999999,exponential,795,True,770.0,770.0,770,770,"min(t_0, 1000000)",3.9664998,3.9664998,0,0.0,1.0,1.0,10000,1000000
10000,1.0,0.4,0.014666810181288346,3.684136148790474,0.003981071705534975,0.45841608216115287,0.9999999999999999,exponential,796,True,98.0,98.0,98,98,"min(t_0, 1000000)",3.957,3.957,0,0.0,1.0,1.0,10000,1000000
10000,1.0,0.4,0.014666810181288346,3.684136148790474,0.003981071705534975,0.45841608216115287,0.9999999999999999,exponential,797,True,153.0,153.0,153,153,"min(t_0, 1000000)",3.8627,3.8627,0,0.0,1.0,1.0,10000,1000000
10000,1.0,0.4,0.014666810181288346,3.684136148790474,0.003981071705534975,0.45841608216115287,0.9999999999999999,exponential,798,True,201.0,201.0,201,201,"min(t_0, 1000000)",4.2332997,4.2332997,0,0.0,1.0,1.0,10000,1000000
10000,1.0,0.4,0.014666810181288346,3.684136148790474,0.003981071705534975,0.45841608216115287,0.9999999999999999,exponential,799,True,1594.0,1594.0,1594,1594,"min(t_0, 1000000)",3.9775,3.9775,0,0.0,1.0,1.0,10000,1000000
10000,1.0,0.4,0.014666810181288346,3.684136148790474,0.003981071705534975,0.45841608216115287,0.9999999999999999,exponential,800,True,687.0,687.0,687,687,"min(t_0, 1000000)",4.1229997,4.1229997,0,0.0,1.0,1.0,10000,1000000
10000,1.0,0.4,0.014666810181288346,3.684136148790474,0.003981071705534975,0.45841608216115287,0.9999999999999999,exponential,801,True,408.0,408.0,408,408,"min(t_0, 1000000)",3.9824,3.9824,0,0.0,1.0,1.0,10000,1000000
10000,1.0,0.4,0.014666810181288346,3.684136148790474,0.003981071705534975,0.45841608216115287,0.9999999999999999,exponential,802,True,226.0,226.0,226,226,"min(t_0, 1000000)",3.5934,3.5934,0,0.0,1.0,1.0,10000,1000000
10000,1.0,0.4,0.014666810181288346,3.684136148790474,0.003981071705534975,0.45841608216115287,0.9999999999999999,exponential,803,True,377.0,377.0,377,377,"min(t_0, 1000000)",3.6761,3.6761,0,0.0,1.0,1.0,10000,1000000
10000,1.0,0.4,0.014666810181288346,3.684136148790474,0.003981071705534975,0.45841608216115287,0.9999999999999999,exponential,804,True,3142.0,3142.0,3142,3142,"min(t_0, 1000000)",3.9002998,3.9002998,0,0.0,1.0,1.0,10000,1000000
10000,1.0,0.4,0.014666810181288346,3.684136148790474,0.003981071705534975,0.45841608216115287,0.9999999999999999,exponential,805,True,397.0,397.0,397,397,"min(t_0, 1000000)",3.7292,3.7292,0,0.0,1.0,1.0,10000,1000000
10000,1.0,0.4,0.014666810181288346,3.684136148790474,0.003981071705534975,0.45841608216115287,0.9999999999999999,exponential,806,True,266.0,266.0,266,266,"min(t_0, 1000000)",4.0236,4.0236,0,0.0,1.0,1.0,10000,1000000
10000,1.0,0.4,0.014666810181288346,3.684136148790474,0.003981071705534975,0.45841608216115287,0.9999999999999999,exponential,807,True,754.0,754.0,754,754,"min(t_0, 1000000)",4.3447,4.3447,0,0.0,1.0,1.0,10000,1000000
10000,1.0,0.4,0.014666810181288346,3.684136148790474,0.003981071705534975,0.45841608216115287,0.9999999999999999,exponential,808,True,551.0,551.0,551,551,"min(t_0, 1000000)",3.4652998,3.4652998,0,0.0,1.0,1.0,10000,1000000
10000,1.0,0.4,0.014666810181288346,3.684136148790474,0.003981071705534975,0.45841608216115287,0.9999999999999999,exponential,809,True,1017.0,1017.0,1017,1017,"min(t_0, 1000000)",3.4612,3.4612,0,0.0,1.0,1.0,10000,1000000
10000,1.0,0.4,0.014666810181288346,3.684136148790474,0.003981071705534975,0.45841608216115287,0.9999999999999999,exponential,810,True,845.0,845.0,845,845,"min(t_0, 1000000)",4.0025,4.0025,0,0.0,1.0,1.0,10000,1000000
10000,1.0,0.4,0.014666810181288346,3.684136148790474,0.003981071705534975,0.45841608216115287,0.9999999999999999,exponential,811,True,510.0,510.0,510,510,"min(t_0, 1000000)",3.8030999,3.8030999,0,0.0,1.0,1.0,10000,1000000
10000,1.0,0.4,0.014666810181288346,3.684136148790474,0.003981071705534975,0.45841608216115287,0.9999999999999999,exponential,812,True,1095.0,1095.0,1095,1095,"min(t_0, 1000000)",3.7131999,3.7131999,0,0.0,1.0,1.0,10000,1000000
10000,1.0,0.4,0.014666810181288346,3.684136148790474,0.003981071705534975,0.45841608216115287,0.9999999999999999,exponential,813,True,288.0,288.0,288,288,"min(t_0, 1000000)",3.9822,3.9822,0,0.0,1.0,1.0,10000,1000000
10000,1.0,0.4,0.014666810181288346,3.684136148790474,0.003981071705534975,0.45841608216115287,0.9999999999999999,exponential,814,True,864.0,864.0,864,864,"min(t_0, 1000000)",3.7847,3.7847,0,0.0,1.0,1.0,10000,1000000
10000,1.0,0.4,0.014666810181288346,3.684136148790474,0.003981071705534975,0.45841608216115287,0.9999999999999999,exponential,815,True,502.0,502.0,502,502,"min(t_0, 1000000)",4.1503997,4.1503997,0,0.0,1.0,1.0,10000,1000000
10000,1.0,0.4,0.014666810181288346,3.684136148790474,0.003981071705534975,0.45841608216115287,0.9999999999999999,exponential,816,True,453.0,453.0,453,453,"min(t_0, 1000000)",4.2566,4.2566,0,0.0,1.0,1.0,10000,1000000
10000,1.0,0.4,0.014666810181288346,3.684136148790474,0.003981071705534975,0.45841608216115287,0.9999999999999999,exponential,817,True,678.0,678.0,678,678,"min(t_0, 1000000)",3.9431999,3.9431999,0,0.0,1.0,1.0,10000,1000000
10000,1.0,0.4,0.014666810181288346,3.684136148790474,0.003981071705534975,0.45841608216115287,0.9999999999999999,exponential,818,True,108.0,108.0,108,108,"min(t_0, 1000000)",3.8161,3.8161,0,0.0,1.0,1.0,10000,1000000
10000,1.0,0.4,0.014666810181288346,3.684136148790474,0.003981071705534975,0.45841608216115287,0.9999999999999999,exponential,819,True,369.0,369.0,369,369,"min(t_0, 1000000)",3.6583998,3.6583998,0,0.0,1.0,1.0,10000,1000000
10000,1.0,0.4,0.014666810181288346,3.684136148790474,0.003981071705534975,0.45841608216115287,0.9999999999999999,exponential,820,True,1855.0,1855.0,1855,1855,"min(t_0, 1000000)",3.7013,3.7013,0,0.0,1.0,1.0,10000,1000000
10000,1.0,0.4,0.014666810181288346,3.684136148790474,0.003981071705534975,0.45841608216115287,0.9999999999999999,exponential,821,True,246.0,246.0,246,246,"min(t_0, 1000000)",3.7851,3.7851,0,0.0,1.0,1.0,10000,1000000
10000,1.0,0.4,0.014666810181288346,3.684136148790474,0.003981071705534975,0.45841608216115287,0.9999999999999999,exponential,822,True,1058.0,1058.0,1058,1058,"min(t_0, 1000000)",3.7075,3.7075,0,0.0,1.0,1.0,10000,1000000
10000,1.0,0.4,0.014666810181288346,3.684136148790474,0.003981071705534975,0.45841608216115287,0.9999999999999999,exponential,823,True,295.0,295.0,295,295,"min(t_0, 1000000)",3.6908,3.6908,0,0.0,1.0,1.0,10000,1000000
10000,1.0,0.4,0.014666810181288346,3.684136148790474,0.003981071705534975,0.45841608216115287,0.9999999999999999,exponential,824,True,1330.0,1330.0,1330,1330,"min(t_0, 1000000)",4.4241,4.4241,0,0.0,1.0,1.0,10000,1000000
10000,1.0,0.4,0.014666810181288346,3.684136148790474,0.003981071705534975,0.45841608216115287,0.9999999999999999,exponential,825,True,502.0,502.0,502,502,"min(t_0, 1000000)",4.4474998,4.4474998,0,0.0,1.0,1.0,10000,1000000
10000,1.0,0.4,0.014666810181288346,3.684136148790474,0.003981071705534975,0.45841608216115287,0.9999999999999999,exponential,826,True,924.0,924.0,924,924,"min(t_0, 1000000)",4.0692,4.0692,0,0.0,1.0,1.0,10000,1000000
10000,1.0,0.4,0.014666810181288346,3.684136148790474,0.003981071705534975,0.45841608216115287,0.9999999999999999,exponential,827,True,1021.0,1021.0,1021,1021,"min(t_0, 1000000)",3.4036,3.4036,0,0.0,1.0,1.0,10000,1000000
10000,1.0,0.4,0.014666810181288346,3.684136148790474,0.003981071705534975,0.45841608216115287,0.9999999999999999,exponential,828,True,386.0,386.0,386,386,"min(t_0, 1000000)",3.8906999,3.8906999,0,0.0,1.0,1.0,10000,1000000
10000,1.0,0.4,0.014666810181288346,3.684136148790474,0.003981071705534975,0.45841608216115287,0.9999999999999999,exponential,829,True,2165.0,2165.0,2165,2165,"min(t_0, 1000000)",4.305,4.305,0,0.0,1.0,1.0,10000,1000000
10000,1.0,0.4,0.014666810181288346,3.684136148790474,0.003981071705534975,0.45841608216115287,0.9999999999999999,exponential,830,True,785.0,785.0,785,785,"min(t_0, 1000000)",3.8511,3.8511,0,0.0,1.0,1.0,10000,1000000
10000,1.0,0.4,0.014666810181288346,3.684136148790474,0.003981071705534975,0.45841608216115287,0.9999999999999999,exponential,831,True,1590.0,1590.0,1590,1590,"min(t_0, 1000000)",3.7289,3.7289,0,0.0,1.0,1.0,10000,1000000
10000,1.0,0.4,0.014666810181288346,3.684136148790474,0.003981071705534975,0.45841608216115287,0.9999999999999999,exponential,832,True,1257.0,1257.0,1257,1257,"min(t_0, 1000000)",3.444,3.444,0,0.0,1.0,1.0,10000,1000000
10000,1.0,0.4,0.014666810181288346,3.684136148790474,0.003981071705534975,0.45841608216115287,0.9999999999999999,exponential,833,True,2044.0,2044.0,2044,2044,"min(t_0, 1000000)",3.6773,3.6773,0,0.0,1.0,1.0,10000,1000000
10000,1.0,0.4,0.014666810181288346,3.684136148790474,0.003981071705534975,0.45841608216115287,0.9999999999999999,exponential,834,True,2005.0,2005.0,2005,2005,"min(t_0, 1000000)",3.8586998,3.8586998,0,0.0,1.0,1.0,10000,1000000
10000,1.0,0.4,0.014666810181288346,3.684136148790474,0.003981071705534975,0.45841608216115287,0.9999999999999999,exponential,835,True,568.0,568.0,568,568,"min(t_0, 1000000)",4.1626,4.1626,0,0.0,1.0,1.0,10000,1000000
10000,1.0,0.4,0.014666810181288346,3.684136148790474,0.003981071705534975,0.45841608216115287,0.9999999999999999,exponential,836,True,4934.0,4934.0,4934,4934,"min(t_0, 1000000)",4.5586,4.5586,0,0.0,1.0,1.0,10000,1000000
10000,1.0,0.4,0.014666810181288346,3.684136148790474,0.003981071705534975,0.45841608216115287,0.9999999999999999,exponential,837,True,415.0,415.0,415,415,"min(t_0, 1000000)",4.2914,4.2914,0,0.0,1.0,1.0,10000,1000000
10000,1.0,0.4,0.014666810181288346,3.684136148790474,0.003981071705534975,0.45841608216115287,0.9999999999999999,exponential,838,True,4639.0,4639.0,4639,4639,"min(t_0, 1000000)",3.8098998,3.8098998,0,0.0,1.0,1.0,10000,1000000
10000,1.0,0.4,0.014666810181288346,3.684136148790474,0.003981071705534975,0.45841608216115287,0.9999999999999999,exponential,839,True,2216.0,2216.0,2216,2216,"min(t_0, 1000000)",3.5786998,3.5786998,0,0.0,1.0,1.0,10000,1000000
10000,1.0,0.4,0.014666810181288346,3.684136148790474,0.003981071705534975,0.45841608216115287,0.9999999999999999,exponential,840,True,974.0,974.0,974,974,"min(t_0, 1000000)",4.1728,4.1728,0,0.0,1.0,1.0,10000,1000000
10000,1.0,0.4,0.014666810181288346,3.684136148790474,0.003981071705534975,0.45841608216115287,0.9999999999999999,exponential,841,True,150.0,150.0,150,150,"min(t_0, 1000000)",4.0892997,4.0892997,0,0.0,1.0,1.0,10000,1000000
10000,1.0,0.4,0.014666810181288346,3.684136148790474,0.003981071705534975,0.45841608216115287,0.9999999999999999,exponential,842,True,199.0,199.0,199,199,"min(t_0, 1000000)",4.0632,4.0632,0,0.0,1.0,1.0,10000,1000000
10000,1.0,0.4,0.014666810181288346,3.684136148790474,0.003981071705534975,0.45841608216115287,0.9999999999999999,exponential,843,True,801.0,801.0,801,801,"min(t_0, 1000000)",3.6847,3.6847,0,0.0,1.0,1.0,10000,1000000
10000,1.0,0.4,0.014666810181288346,3.684136148790474,0.003981071705534975,0.45841608216115287,0.9999999999999999,exponential,844,True,939.0,939.0,939,939,"min(t_0, 1000000)",3.5159998,3.5159998,0,0.0,1.0,1.0,10000,1000000
10000,1.0,0.4,0.014666810181288346,3.684136148790474,0.003981071705534975,0.45841608216115287,0.9999999999999999,exponential,845,True,1448.0,1448.0,1448,1448,"min(t_0, 1000000)",4.4003,4.4003,0,0.0,1.0,1.0,10000,1000000
10000,1.0,0.4,0.014666810181288346,3.684136148790474,0.003981071705534975,0.45841608216115287,0.9999999999999999,exponential,846,True,2716.0,2716.0,2716,2716,"min(t_0, 1000000)",4.1018,4.1018,0,0.0,1.0,1.0,10000,1000000
10000,1.0,0.4,0.014666810181288346,3.684136148790474,0.003981071705534975,0.45841608216115287,0.9999999999999999,exponential,847,True,2151.0,2151.0,2151,2151,"min(t_0, 1000000)",3.5358999,3.5358999,0,0.0,1.0,1.0,10000,1000000
10000,1.0,0.4,0.014666810181288346,3.684136148790474,0.003981071705534975,0.45841608216115287,0.9999999999999999,exponential,848,True,254.0,254.0,254,254,"min(t_0, 1000000)",3.8144,3.8144,0,0.0,1.0,1.0,10000,1000000
10000,1.0,0.4,0.014666810181288346,3.684136148790474,0.003981071705534975,0.45841608216115287,0.9999999999999999,exponential,849,True,509.0,509.0,509,509,"min(t_0, 1000000)",3.6567998,3.6567998,0,0.0,1.0,1.0,10000,1000000
10000,1.0,0.4,0.014666810181288346,3.684136148790474,0.003981071705534975,0.45841608216115287,0.9999999999999999,exponential,850,True,441.0,441.0,441,441,"min(t_0, 1000000)",4.2716,4.2716,0,0.0,1.0,1.0,10000,1000000
10000,1.0,0.4,0.014666810181288346,3.684136148790474,0.003981071705534975,0.45841608216115287,0.9999999999999999,exponential,851,True,1470.0,1470.0,1470,1470,"min(t_0, 1000000)",3.9167998,3.9167998,0,0.0,1.0,1.0,10000,1000000
10000,1.0,0.4,0.014666810181288346,3.684136148790474,0.003981071705534975,0.45841608216115287,0.9999999999999999,exponential,852,True,245.0,245.0,245,245,"min(t_0, 1000000)",4.16,4.16,0,0.0,1.0,1.0,10000,1000000
10000,1.0,0.4,0.014666810181288346,3.684136148790474,0.003981071705534975,0.45841608216115287,0.9999999999999999,exponential,853,True,515.0,515.0,515,515,"min(t_0, 1000000)",4.2222,4.2222,0,0.0,1.0,1.0,10000,1000000
10000,1.0,0.4,0.014666810181288346,3.684136148790474,0.003981071705534975,0.45841608216115287,0.9999999999999999,exponential,854,True,1821.0,1821.0,1821,1821,"min(t_0, 1000000)",3.9066,3.9066,0,0.0,1.0,1.0,10000,1000000
10000,1.0,0.4,0.014666810181288346,3.684136148790474,0.003981071705534975,0.45841608216115287,0.9999999999999999,exponential,855,True,1623.0,1623.0,1623,1623,"min(t_0, 1000000)",3.6954,3.6954,0,0.0,1.0,1.0,10000,1000000
10000,1.0,0.4,0.014666810181288346,3.684136148790474,0.003981071705534975,0.45841608216115287,0.9999999999999999,exponential,856,True,1128.0,1128.0,1128,1128,"min(t_0, 1000000)",3.8927999,3.8927999,0,0.0,1.0,1.0,10000,1000000
10000,1.0,0.4,0.014666810181288346,3.684136148790474,0.003981071705534975,0.45841608216115287,0.9999999999999999,exponential,857,True,3823.0,3823.0,3823,3823,"min(t_0, 1000000)",3.9729998,3.9729998,0,0.0,1.0,1.0,10000,1000000
10000,1.0,0.4,0.014666810181288346,3.684136148790474,0.003981071705534975,0.45841608216115287,0.9999999999999999,exponential,858,True,2875.0,2875.0,2875,2875,"min(t_0, 1000000)",4.2734,4.2734,0,0.0,1.0,1.0,10000,1000000
10000,1.0,0.4,0.014666810181288346,3.684136148790474,0.003981071705534975,0.45841608216115287,0.9999999999999999,exponential,859,True,421.0,421.0,421,421,"min(t_0, 1000000)",4.1886,4.1886,0,0.0,1.0,1.0,10000,1000000
10000,1.0,0.4,0.014666810181288346,3.684136148790474,0.003981071705534975,0.45841608216115287,0.9999999999999999,exponential,860,True,528.0,528.0,528,528,"min(t_0, 1000000)",3.9715,3.9715,0,0.0,1.0,1.0,10000,1000000
10000,1.0,0.4,0.014666810181288346,3.684136148790474,0.003981071705534975,0.45841608216115287,0.9999999999999999,exponential,861,True,1249.0,1249.0,1249,1249,"min(t_0, 1000000)",3.5121999,3.5121999,0,0.0,1.0,1.0,10000,1000000
10000,1.0,0.4,0.014666810181288346,3.684136148790474,0.003981071705534975,0.45841608216115287,0.9999999999999999,exponential,862,True,286.0,286.0,286,286,"min(t_0, 1000000)",4.0207,4.0207,0,0.0,1.0,1.0,10000,1000000
10000,1.0,0.4,0.014666810181288346,3.684136148790474,0.003981071705534975,0.45841608216115287,0.9999999999999999,exponential,863,True,667.0,667.0,667,667,"min(t_0, 1000000)",4.3388,4.3388,0,0.0,1.0,1.0,10000,1000000
10000,1.0,0.4,0.014666810181288346,3.684136148790474,0.003981071705534975,0.45841608216115287,0.9999999999999999,exponential,864,True,1154.0,1154.0,1154,1154,"min(t_0, 1000000)",3.6104,3.6104,0,0.0,1.0,1.0,10000,1000000
10000,1.0,0.4,0.014666810181288346,3.684136148790474,0.003981071705534975,0.45841608216115287,0.9999999999999999,exponential,865,True,276.0,276.0,276,276,"min(t_0, 1000000)",4.1818,4.1818,0,0.0,1.0,1.0,10000,1000000
10000,1.0,0.4,0.014666810181288346,3.684136148790474,0.003981071705534975,0.45841608216115287,0.9999999999999999,exponential,866,True,4561.0,4561.0,4561,4561,"min(t_0, 1000000)",4.1335998,4.1335998,0,0.0,1.0,1.0,10000,1000000
10000,1.0,0.4,0.014666810181288346,3.684136148790474,0.003981071705534975,0.45841608216115287,0.9999999999999999,exponential,867,True,262.0,262.0,262,262,"min(t_0, 1000000)",3.8751,3.8751,0,0.0,1.0,1.0,10000,1000000
10000,1.0,0.4,0.014666810181288346,3.684136148790474,0.003981071705534975,0.45841608216115287,0.9999999999999999,exponential,868,True,458.0,458.0,458,458,"min(t_0, 1000000)",3.6634,3.6634,0,0.0,1.0,1.0,10000,1000000
10000,1.0,0.4,0.014666810181288346,3.684136148790474,0.003981071705534975,0.45841608216115287,0.9999999999999999,exponential,869,True,658.0,658.0,658,658,"min(t_0, 1000000)",4.2499,4.2499,0,0.0,1.0,1.0,10000,1000000
10000,1.0,0.4,0.014666810181288346,3.684136148790474,0.003981071705534975,0.45841608216115287,0.9999999999999999,exponential,870,True,2028.0,2028.0,2028,2028,"min(t_0, 1000000)",3.8667998,3.8667998,0,0.0,1.0,1.0,10000,1000000
10000,1.0,0.4,0.014666810181288346,3.684136148790474,0.003981071705534975,0.45841608216115287,0.9999999999999999,exponential,871,True,1394.0,1394.0,1394,1394,"min(t_0, 1000000)",3.8395,3.8395,0,0.0,1.0,1.0,10000,1000000
10000,1.0,0.4,0.014666810181288346,3.684136148790474,0.003981071705534975,0.45841608216115287,0.9999999999999999,exponential,872,True,2458.0,2458.0,2458,2458,"min(t_0, 1000000)",4.5499997,4.5499997,0,0.0,1.0,1.0,10000,1000000
10000,1.0,0.4,0.014666810181288346,3.684136148790474,0.003981071705534975,0.45841608216115287,0.9999999999999999,exponential,873,True,1775.0,1775.0,1775,1775,"min(t_0, 1000000)",4.0460997,4.0460997,0,0.0,1.0,1.0,10000,1000000
10000,1.0,0.4,0.014666810181288346,3.684136148790474,0.003981071705534975,0.45841608216115287,0.9999999999999999,exponential,874,True,580.0,580.0,580,580,"min(t_0, 1000000)",4.0474,4.0474,0,0.0,1.0,1.0,10000,1000000
10000,1.0,0.4,0.014666810181288346,3.684136148790474,0.003981071705534975,0.45841608216115287,0.9999999999999999,exponential,875,True,1905.0,1905.0,1905,1905,"min(t_0, 1000000)",3.8948,3.8948,0,0.0,1.0,1.0,10000,1000000
10000,1.0,0.4,0.014666810181288346,3.684136148790474,0.003981071705534975,0.45841608216115287,0.9999999999999999,exponential,876,True,275.0,275.0,275,275,"min(t_0, 1000000)",4.1326,4.1326,0,0.0,1.0,1.0,10000,1000000
10000,1.0,0.4,0.014666810181288346,3.684136148790474,0.003981071705534975,0.45841608216115287,0.9999999999999999,exponential,877,True,364.0,364.0,364,364,"min(t_0, 1000000)",4.0856,4.0856,0,0.0,1.0,1.0,10000,1000000
10000,1.0,0.4,0.014666810181288346,3.684136148790474,0.003981071705534975,0.45841608216115287,0.9999999999999999,exponential,878,True,322.0,322.0,322,322,"min(t_0, 1000000)",3.7896,3.7896,0,0.0,1.0,1.0,10000,1000000
10000,1.0,0.4,0.014666810181288346,3.684136148790474,0.003981071705534975,0.45841608216115287,0.9999999999999999,exponential,879,True,3036.0,3036.0,3036,3036,"min(t_0, 1000000)",3.9810998,3.9810998,0,0.0,1.0,1.0,10000,1000000
10000,1.0,0.4,0.014666810181288346,3.684136148790474,0.003981071705534975,0.45841608216115287,0.9999999999999999,exponential,880,True,3088.0,3088.0,3088,3088,"min(t_0, 1000000)",4.1366,4.1366,0,0.0,1.0,1.0,10000,1000000
10000,1.0,0.4,0.014666810181288346,3.684136148790474,0.003981071705534975,0.45841608216115287,0.9999999999999999,exponential,881,True,531.0,531.0,531,531,"min(t_0, 1000000)",3.8990998,3.8990998,0,0.0,1.0,1.0,10000,1000000
10000,1.0,0.4,0.014666810181288346,3.684136148790474,0.003981071705534975,0.45841608216115287,0.9999999999999999,exponential,882,True,2074.0,2074.0,2074,2074,"min(t_0, 1000000)",4.1082997,4.1082997,0,0.0,1.0,1.0,10000,1000000
10000,1.0,0.4,0.014666810181288346,3.684136148790474,0.003981071705534975,0.45841608216115287,0.9999999999999999,exponential,883,True,359.0,359.0,359,359,"min(t_0, 1000000)",4.0267,4.0267,0,0.0,1.0,1.0,10000,1000000
10000,1.0,0.4,0.014666810181288346,3.684136148790474,0.003981071705534975,0.45841608216115287,0.9999999999999999,exponential,884,True,305.0,305.0,305,305,"min(t_0, 1000000)",4.1279,4.1279,0,0.0,1.0,1.0,10000,1000000
10000,1.0,0.4,0.014666810181288346,3.684136148790474,0.003981071705534975,0.45841608216115287,0.9999999999999999,exponential,885,True,1019.0,1019.0,1019,1019,"min(t_0, 1000000)",3.6915,3.6915,0,0.0,1.0,1.0,10000,1000000
10000,1.0,0.4,0.014666810181288346,3.684136148790474,0.003981071705534975,0.45841608216115287,0.9999999999999999,exponential,886,True,1780.0,1780.0,1780,1780,"min(t_0, 1000000)",4.1292,4.1292,0,0.0,1.0,1.0,10000,1000000
10000,1.0,0.4,0.014666810181288346,3.684136148790474,0.003981071705534975,0.45841608216115287,0.9999999999999999,exponential,887,True,866.0,866.0,866,866,"min(t_0, 1000000)",4.4384,4.4384,0,0.0,1.0,1.0,10000,1000000
10000,1.0,0.4,0.014666810181288346,3.684136148790474,0.003981071705534975,0.45841608216115287,0.9999999999999999,exponential,888,True,223.0,223.0,223,223,"min(t_0, 1000000)",4.2409997,4.2409997,0,0.0,1.0,1.0,10000,1000000
10000,1.0,0.4,0.014666810181288346,3.684136148790474,0.003981071705534975,0.45841608216115287,0.9999999999999999,exponential,889,True,168.0,168.0,168,168,"min(t_0, 1000000)",4.0428,4.0428,0,0.0,1.0,1.0,10000,1000000
10000,1.0,0.4,0.014666810181288346,3.684136148790474,0.003981071705534975,0.45841608216115287,0.9999999999999999,exponential,890,True,547.0,547.0,547,547,"min(t_0, 1000000)",3.7867,3.7867,0,0.0,1.0,1.0,10000,1000000
10000,1.0,0.4,0.014666810181288346,3.684136148790474,0.003981071705534975,0.45841608216115287,0.9999999999999999,exponential,891,True,2244.0,2244.0,2244,2244,"min(t_0, 1000000)",4.0187,4.0187,0,0.0,1.0,1.0,10000,1000000
10000,1.0,0.4,0.014666810181288346,3.684136148790474,0.003981071705534975,0.45841608216115287,0.9999999999999999,exponential,892,True,309.0,309.0,309,309,"min(t_0, 1000000)",4.2056,4.2056,0,0.0,1.0,1.0,10000,1000000
10000,1.0,0.4,0.014666810181288346,3.684136148790474,0.003981071705534975,0.45841608216115287,0.9999999999999999,exponential,893,True,333.0,333.0,333,333,"min(t_0, 1000000)",4.1994,4.1994,0,0.0,1.0,1.0,10000,1000000
10000,1.0,0.4,0.014666810181288346,3.684136148790474,0.003981071705534975,0.45841608216115287,0.9999999999999999,exponential,894,True,1572.0,1572.0,1572,1572,"min(t_0, 1000000)",4.1584,4.1584,0,0.0,1.0,1.0,10000,1000000
10000,1.0,0.4,0.014666810181288346,3.684136148790474,0.003981071705534975,0.45841608216115287,0.9999999999999999,exponential,895,True,593.0,593.0,593,593,"min(t_0, 1000000)",4.0785,4.0785,0,0.0,1.0,1.0,10000,1000000
10000,1.0,0.4,0.014666810181288346,3.684136148790474,0.003981071705534975,0.45841608216115287,0.9999999999999999,exponential,896,True,646.0,646.0,646,646,"min(t_0, 1000000)",3.7698998,3.7698998,0,0.0,1.0,1.0,10000,1000000
10000,1.0,0.4,0.014666810181288346,3.684136148790474,0.003981071705534975,0.45841608216115287,0.9999999999999999,exponential,897,True,2254.0,2254.0,2254,2254,"min(t_0, 1000000)",4.4289,4.4289,0,0.0,1.0,1.0,10000,1000000
10000,1.0,0.4,0.014666810181288346,3.684136148790474,0.003981071705534975,0.45841608216115287,0.9999999999999999,exponential,898,True,1818.0,1818.0,1818,1818,"min(t_0, 1000000)",3.83,3.83,0,0.0,1.0,1.0,10000,1000000
10000,1.0,0.4,0.014666810181288346,3.684136148790474,0.003981071705534975,0.45841608216115287,0.9999999999999999,exponential,899,True,793.0,793.0,793,793,"min(t_0, 1000000)",4.3086,4.3086,0,0.0,1.0,1.0,10000,1000000
10000,1.0,0.4,0.014666810181288346,3.684136148790474,0.003981071705534975,0.45841608216115287,0.9999999999999999,exponential,900,True,1165.0,1165.0,1165,1165,"min(t_0, 1000000)",3.7501,3.7501,0,0.0,1.0,1.0,10000,1000000
10000,1.0,0.4,0.014666810181288346,3.684136148790474,0.003981071705534975,0.45841608216115287,0.9999999999999999,exponential,901,True,346.0,346.0,346,346,"min(t_0, 1000000)",3.6754,3.6754,0,0.0,1.0,1.0,10000,1000000
10000,1.0,0.4,0.014666810181288346,3.684136148790474,0.003981071705534975,0.45841608216115287,0.9999999999999999,exponential,902,True,1030.0,1030.0,1030,1030,"min(t_0, 1000000)",4.5534,4.5534,0,0.0,1.0,1.0,10000,1000000
10000,1.0,0.4,0.014666810181288346,3.684136148790474,0.003981071705534975,0.45841608216115287,0.9999999999999999,exponential,903,True,1293.0,1293.0,1293,1293,"min(t_0, 1000000)",4.4353,4.4353,0,0.0,1.0,1.0,10000,1000000
10000,1.0,0.4,0.014666810181288346,3.684136148790474,0.003981071705534975,0.45841608216115287,0.9999999999999999,exponential,904,True,403.0,403.0,403,403,"min(t_0, 1000000)",4.2534,4.2534,0,0.0,1.0,1.0,10000,1000000
10000,1.0,0.4,0.014666810181288346,3.684136148790474,0.003981071705534975,0.45841608216115287,0.9999999999999999,exponential,905,True,2938.0,2938.0,2938,2938,"min(t_0, 1000000)",4.2012,4.2012,0,0.0,1.0,1.0,10000,1000000
10000,1.0,0.4,0.014666810181288346,3.684136148790474,0.003981071705534975,0.45841608216115287,0.9999999999999999,exponential,906,True,900.0,900.0,900,900,"min(t_0, 1000000)",4.9263997,4.9263997,0,0.0,1.0,1.0,10000,1000000
10000,1.0,0.4,0.014666810181288346,3.684136148790474,0.003981071705534975,0.45841608216115287,0.9999999999999999,exponential,907,True,1471.0,1471.0,1471,1471,"min(t_0, 1000000)",4.2272,4.2272,0,0.0,1.0,1.0,10000,1000000
10000,1.0,0.4,0.014666810181288346,3.684136148790474,0.003981071705534975,0.45841608216115287,0.9999999999999999,exponential,908,True,418.0,418.0,418,418,"min(t_0, 1000000)",3.9350998,3.9350998,0,0.0,1.0,1.0,10000,1000000
10000,1.0,0.4,0.014666810181288346,3.684136148790474,0.003981071705534975,0.45841608216115287,0.9999999999999999,exponential,909,True,1057.0,1057.0,1057,1057,"min(t_0, 1000000)",3.9856,3.9856,0,0.0,1.0,1.0,10000,1000000
10000,1.0,0.4,0.014666810181288346,3.684136148790474,0.003981071705534975,0.45841608216115287,0.9999999999999999,exponential,910,True,4436.0,4436.0,4436,4436,"min(t_0, 1000000)",4.2036,4.2036,0,0.0,1.0,1.0,10000,1000000
10000,1.0,0.4,0.014666810181288346,3.684136148790474,0.003981071705534975,0.45841608216115287,0.9999999999999999,exponential,911,True,3127.0,3127.0,3127,3127,"min(t_0, 1000000)",3.7061,3.7061,0,0.0,1.0,1.0,10000,1000000
10000,1.0,0.4,0.014666810181288346,3.684136148790474,0.003981071705534975,0.45841608216115287,0.9999999999999999,exponential,912,True,433.0,433.0,433,433,"min(t_0, 1000000)",4.4388,4.4388,0,0.0,1.0,1.0,10000,1000000
10000,1.0,0.4,0.014666810181288346,3.684136148790474,0.003981071705534975,0.45841608216115287,0.9999999999999999,exponential,913,True,387.0,387.0,387,387,"min(t_0, 1000000)",4.1967,4.1967,0,0.0,1.0,1.0,10000,1000000
10000,1.0,0.4,0.014666810181288346,3.684136148790474,0.003981071705534975,0.45841608216115287,0.9999999999999999,exponential,914,True,500.0,500.0,500,500,"min(t_0, 1000000)",4.2493997,4.2493997,0,0.0,1.0,1.0,10000,1000000
10000,1.0,0.4,0.014666810181288346,3.684136148790474,0.003981071705534975,0.45841608216115287,0.9999999999999999,exponential,915,True,170.0,170.0,170,170,"min(t_0, 1000000)",3.6051,3.6051,0,0.0,1.0,1.0,10000,1000000
10000,1.0,0.4,0.014666810181288346,3.684136148790474,0.003981071705534975,0.45841608216115287,0.9999999999999999,exponential,916,True,230.0,230.0,230,230,"min(t_0, 1000000)",3.9666998,3.9666998,0,0.0,1.0,1.0,10000,1000000
10000,1.0,0.4,0.014666810181288346,3.684136148790474,0.003981071705534975,0.45841608216115287,0.9999999999999999,exponential,917,True,182.0,182.0,182,182,"min(t_0, 1000000)",3.9183,3.9183,0,0.0,1.0,1.0,10000,1000000
10000,1.0,0.4,0.014666810181288346,3.684136148790474,0.003981071705534975,0.45841608216115287,0.9999999999999999,exponential,918,True,290.0,290.0,290,290,"min(t_0, 1000000)",3.9924998,3.9924998,0,0.0,1.0,1.0,10000,1000000
10000,1.0,0.4,0.014666810181288346,3.684136148790474,0.003981071705534975,0.45841608216115287,0.9999999999999999,exponential,919,True,631.0,631.0,631,631,"min(t_0, 1000000)",3.7886,3.7886,0,0.0,1.0,1.0,10000,1000000
10000,1.0,0.4,0.014666810181288346,3.684136148790474,0.003981071705534975,0.45841608216115287,0.9999999999999999,exponential,920,True,2312.0,2312.0,2312,2312,"min(t_0, 1000000)",3.7045999,3.7045999,0,0.0,1.0,1.0,10000,1000000
10000,1.0,0.4,0.014666810181288346,3.684136148790474,0.003981071705534975,0.45841608216115287,0.9999999999999999,exponential,921,True,1080.0,1080.0,1080,1080,"min(t_0, 1000000)",4.1541,4.1541,0,0.0,1.0,1.0,10000,1000000
10000,1.0,0.4,0.014666810181288346,3.684136148790474,0.003981071705534975,0.45841608216115287,0.9999999999999999,exponential,922,True,278.0,278.0,278,278,"min(t_0, 1000000)",3.4550998,3.4550998,0,0.0,1.0,1.0,10000,1000000
10000,1.0,0.4,0.014666810181288346,3.684136148790474,0.003981071705534975,0.45841608216115287,0.9999999999999999,exponential,923,True,273.0,273.0,273,273,"min(t_0, 1000000)",4.3153,4.3153,0,0.0,1.0,1.0,10000,1000000
10000,1.0,0.4,0.014666810181288346,3.684136148790474,0.003981071705534975,0.45841608216115287,0.9999999999999999,exponential,924,True,326.0,326.0,326,326,"min(t_0, 1000000)",4.0913997,4.0913997,0,0.0,1.0,1.0,10000,1000000
10000,1.0,0.4,0.014666810181288346,3.684136148790474,0.003981071705534975,0.45841608216115287,0.9999999999999999,exponential,925,True,453.0,453.0,453,453,"min(t_0, 1000000)",3.9722998,3.9722998,0,0.0,1.0,1.0,10000,1000000
10000,1.0,0.4,0.014666810181288346,3.684136148790474,0.003981071705534975,0.45841608216115287,0.9999999999999999,exponential,926,True,385.0,385.0,385,385,"min(t_0, 1000000)",3.8523998,3.8523998,0,0.0,1.0,1.0,10000,1000000
10000,1.0,0.4,0.014666810181288346,3.684136148790474,0.003981071705534975,0.45841608216115287,0.9999999999999999,exponential,927,True,555.0,555.0,555,555,"min(t_0, 1000000)",4.0841,4.0841,0,0.0,1.0,1.0,10000,1000000
10000,1.0,0.4,0.014666810181288346,3.684136148790474,0.003981071705534975,0.45841608216115287,0.9999999999999999,exponential,928,True,556.0,556.0,556,556,"min(t_0, 1000000)",4.2239,4.2239,0,0.0,1.0,1.0,10000,1000000
10000,1.0,0.4,0.014666810181288346,3.684136148790474,0.003981071705534975,0.45841608216115287,0.9999999999999999,exponential,929,True,1606.0,1606.0,1606,1606,"min(t_0, 1000000)",4.0001,4.0001,0,0.0,1.0,1.0,10000,1000000
10000,1.0,0.4,0.014666810181288346,3.684136148790474,0.003981071705534975,0.45841608216115287,0.9999999999999999,exponential,930,True,590.0,590.0,590,590,"min(t_0, 1000000)",3.5992,3.5992,0,0.0,1.0,1.0,10000,1000000
10000,1.0,0.4,0.014666810181288346,3.684136148790474,0.003981071705534975,0.45841608216115287,0.9999999999999999,exponential,931,True,759.0,759.0,759,759,"min(t_0, 1000000)",4.3003,4.3003,0,0.0,1.0,1.0,10000,1000000
10000,1.0,0.4,0.014666810181288346,3.684136148790474,0.003981071705534975,0.45841608216115287,0.9999999999999999,exponential,932,True,874.0,874.0,874,874,"min(t_0, 1000000)",3.9617,3.9617,0,0.0,1.0,1.0,10000,1000000
10000,1.0,0.4,0.014666810181288346,3.684136148790474,0.003981071705534975,0.45841608216115287,0.9999999999999999,exponential,933,True,396.0,396.0,396,396,"min(t_0, 1000000)",4.1995,4.1995,0,0.0,1.0,1.0,10000,1000000
10000,1.0,0.4,0.014666810181288346,3.684136148790474,0.003981071705534975,0.45841608216115287,0.9999999999999999,exponential,934,True,1143.0,1143.0,1143,1143,"min(t_0, 1000000)",4.4307,4.4307,0,0.0,1.0,1.0,10000,1000000
10000,1.0,0.4,0.014666810181288346,3.684136148790474,0.003981071705534975,0.45841608216115287,0.9999999999999999,exponential,935,True,1938.0,1938.0,1938,1938,"min(t_0, 1000000)",3.7261,3.7261,0,0.0,1.0,1.0,10000,1000000
10000,1.0,0.4,0.014666810181288346,3.684136148790474,0.003981071705534975,0.45841608216115287,0.9999999999999999,exponential,936,True,227.0,227.0,227,227,"min(t_0, 1000000)",3.7833,3.7833,0,0.0,1.0,1.0,10000,1000000
10000,1.0,0.4,0.014666810181288346,3.684136148790474,0.003981071705534975,0.45841608216115287,0.9999999999999999,exponential,937,True,2933.0,2933.0,2933,2933,"min(t_0, 1000000)",3.8776,3.8776,0,0.0,1.0,1.0,10000,1000000
10000,1.0,0.4,0.014666810181288346,3.684136148790474,0.003981071705534975,0.45841608216115287,0.9999999999999999,exponential,938,True,672.0,672.0,672,672,"min(t_0, 1000000)",3.3279998,3.3279998,0,0.0,1.0,1.0,10000,1000000
10000,1.0,0.4,0.014666810181288346,3.684136148790474,0.003981071705534975,0.45841608216115287,0.9999999999999999,exponential,939,True,855.0,855.0,855,855,"min(t_0, 1000000)",4.6310997,4.6310997,0,0.0,1.0,1.0,10000,1000000
10000,1.0,0.4,0.014666810181288346,3.684136148790474,0.003981071705534975,0.45841608216115287,0.9999999999999999,exponential,940,True,263.0,263.0,263,263,"min(t_0, 1000000)",3.9696999,3.9696999,0,0.0,1.0,1.0,10000,1000000
10000,1.0,0.4,0.014666810181288346,3.684136148790474,0.003981071705534975,0.45841608216115287,0.9999999999999999,exponential,941,True,583.0,583.0,583,583,"min(t_0, 1000000)",4.0773,4.0773,0,0.0,1.0,1.0,10000,1000000
10000,1.0,0.4,0.014666810181288346,3.684136148790474,0.003981071705534975,0.45841608216115287,0.9999999999999999,exponential,942,True,495.0,495.0,495,495,"min(t_0, 1000000)",3.8298,3.8298,0,0.0,1.0,1.0,10000,1000000
10000,1.0,0.4,0.014666810181288346,3.684136148790474,0.003981071705534975,0.45841608216115287,0.9999999999999999,exponential,943,True,916.0,916.0,916,916,"min(t_0, 1000000)",4.6812997,4.6812997,0,0.0,1.0,1.0,10000,1000000
10000,1.0,0.4,0.014666810181288346,3.684136148790474,0.003981071705534975,0.45841608216115287,0.9999999999999999,exponential,944,True,414.0,414.0,414,414,"min(t_0, 1000000)",4.1774,4.1774,0,0.0,1.0,1.0,10000,1000000
10000,1.0,0.4,0.014666810181288346,3.684136148790474,0.003981071705534975,0.45841608216115287,0.9999999999999999,exponential,945,True,1063.0,1063.0,1063,1063,"min(t_0, 1000000)",3.7677999,3.7677999,0,0.0,1.0,1.0,10000,1000000
10000,1.0,0.4,0.014666810181288346,3.684136148790474,0.003981071705534975,0.45841608216115287,0.9999999999999999,exponential,946,True,1246.0,1246.0,1246,1246,"min(t_0, 1000000)",3.5217998,3.5217998,0,0.0,1.0,1.0,10000,1000000
10000,1.0,0.4,0.014666810181288346,3.684136148790474,0.003981071705534975,0.45841608216115287,0.9999999999999999,exponential,947,True,1517.0,1517.0,1517,1517,"min(t_0, 1000000)",4.152,4.152,0,0.0,1.0,1.0,10000,1000000
10000,1.0,0.4,0.014666810181288346,3.684136148790474,0.003981071705534975,0.45841608216115287,0.9999999999999999,exponential,948,True,309.0,309.0,309,309,"min(t_0, 1000000)",4.0906997,4.0906997,0,0.0,1.0,1.0,10000,1000000
10000,1.0,0.4,0.014666810181288346,3.684136148790474,0.003981071705534975,0.45841608216115287,0.9999999999999999,exponential,949,True,623.0,623.0,623,623,"min(t_0, 1000000)",3.3439999,3.3439999,0,0.0,1.0,1.0,10000,1000000
10000,1.0,0.4,0.014666810181288346,3.684136148790474,0.003981071705534975,0.45841608216115287,0.9999999999999999,exponential,950,True,222.0,222.0,222,222,"min(t_0, 1000000)",3.7691998,3.7691998,0,0.0,1.0,1.0,10000,1000000
10000,1.0,0.4,0.014666810181288346,3.684136148790474,0.003981071705534975,0.45841608216115287,0.9999999999999999,exponential,951,True,763.0,763.0,763,763,"min(t_0, 1000000)",3.6845999,3.6845999,0,0.0,1.0,1.0,10000,1000000
10000,1.0,0.4,0.014666810181288346,3.684136148790474,0.003981071705534975,0.45841608216115287,0.9999999999999999,exponential,952,True,829.0,829.0,829,829,"min(t_0, 1000000)",3.5468998,3.5468998,0,0.0,1.0,1.0,10000,1000000
10000,1.0,0.4,0.014666810181288346,3.684136148790474,0.003981071705534975,0.45841608216115287,0.9999999999999999,exponential,953,True,1999.0,1999.0,1999,1999,"min(t_0, 1000000)",4.0267,4.0267,0,0.0,1.0,1.0,10000,1000000
10000,1.0,0.4,0.014666810181288346,3.684136148790474,0.003981071705534975,0.45841608216115287,0.9999999999999999,exponential,954,True,1317.0,1317.0,1317,1317,"min(t_0, 1000000)",3.8132,3.8132,0,0.0,1.0,1.0,10000,1000000
10000,1.0,0.4,0.014666810181288346,3.684136148790474,0.003981071705534975,0.45841608216115287,0.9999999999999999,exponential,955,True,1022.0,1022.0,1022,1022,"min(t_0, 1000000)",3.8827,3.8827,0,0.0,1.0,1.0,10000,1000000
10000,1.0,0.4,0.014666810181288346,3.684136148790474,0.003981071705534975,0.45841608216115287,0.9999999999999999,exponential,956,True,1824.0,1824.0,1824,1824,"min(t_0, 1000000)",3.5672,3.5672,0,0.0,1.0,1.0,10000,1000000
10000,1.0,0.4,0.014666810181288346,3.684136148790474,0.003981071705534975,0.45841608216115287,0.9999999999999999,exponential,957,True,357.0,357.0,357,357,"min(t_0, 1000000)",4.4649997,4.4649997,0,0.0,1.0,1.0,10000,1000000
10000,1.0,0.4,0.014666810181288346,3.684136148790474,0.003981071705534975,0.45841608216115287,0.9999999999999999,exponential,958,True,3084.0,3084.0,3084,3084,"min(t_0, 1000000)",3.9287,3.9287,0,0.0,1.0,1.0,10000,1000000
10000,1.0,0.4,0.014666810181288346,3.684136148790474,0.003981071705534975,0.45841608216115287,0.9999999999999999,exponential,959,True,288.0,288.0,288,288,"min(t_0, 1000000)",3.9773998,3.9773998,0,0.0,1.0,1.0,10000,1000000
10000,1.0,0.4,0.014666810181288346,3.684136148790474,0.003981071705534975,0.45841608216115287,0.9999999999999999,exponential,960,True,205.0,205.0,205,205,"min(t_0, 1000000)",3.8953,3.8953,0,0.0,1.0,1.0,10000,1000000
10000,1.0,0.4,0.014666810181288346,3.684136148790474,0.003981071705534975,0.45841608216115287,0.9999999999999999,exponential,961,True,678.0,678.0,678,678,"min(t_0, 1000000)",4.2481,4.2481,0,0.0,1.0,1.0,10000,1000000
10000,1.0,0.4,0.014666810181288346,3.684136148790474,0.003981071705534975,0.45841608216115287,0.9999999999999999,exponential,962,True,3116.0,3116.0,3116,3116,"min(t_0, 1000000)",3.78,3.78,0,0.0,1.0,1.0,10000,1000000
10000,1.0,0.4,0.014666810181288346,3.684136148790474,0.003981071705534975,0.45841608216115287,0.9999999999999999,exponential,963,True,228.0,228.0,228,228,"min(t_0, 1000000)",4.1068,4.1068,0,0.0,1.0,1.0,10000,1000000
10000,1.0,0.4,0.014666810181288346,3.684136148790474,0.003981071705534975,0.45841608216115287,0.9999999999999999,exponential,964,True,609.0,609.0,609,609,"min(t_0, 1000000)",3.8974998,3.8974998,0,0.0,1.0,1.0,10000,1000000
10000,1.0,0.4,0.014666810181288346,3.684136148790474,0.003981071705534975,0.45841608216115287,0.9999999999999999,exponential,965,True,258.0,258.0,258,258,"min(t_0, 1000000)",4.1927,4.1927,0,0.0,1.0,1.0,10000,1000000
10000,1.0,0.4,0.014666810181288346,3.684136148790474,0.003981071705534975,0.45841608216115287,0.9999999999999999,exponential,966,True,521.0,521.0,521,521,"min(t_0, 1000000)",3.7487,3.7487,0,0.0,1.0,1.0,10000,1000000
10000,1.0,0.4,0.014666810181288346,3.684136148790474,0.003981071705534975,0.45841608216115287,0.9999999999999999,exponential,967,True,739.0,739.0,739,739,"min(t_0, 1000000)",3.8688998,3.8688998,0,0.0,1.0,1.0,10000,1000000
10000,1.0,0.4,0.014666810181288346,3.684136148790474,0.003981071705534975,0.45841608216115287,0.9999999999999999,exponential,968,True,1412.0,1412.0,1412,1412,"min(t_0, 1000000)",3.7168,3.7168,0,0.0,1.0,1.0,10000,1000000
10000,1.0,0.4,0.014666810181288346,3.684136148790474,0.003981071705534975,0.45841608216115287,0.9999999999999999,exponential,969,True,715.0,715.0,715,715,"min(t_0, 1000000)",4.1250997,4.1250997,0,0.0,1.0,1.0,10000,1000000
10000,1.0,0.4,0.014666810181288346,3.684136148790474,0.003981071705534975,0.45841608216115287,0.9999999999999999,exponential,970,True,131.0,131.0,131,131,"min(t_0, 1000000)",3.7087998,3.7087998,0,0.0,1.0,1.0,10000,1000000
10000,1.0,0.4,0.014666810181288346,3.684136148790474,0.003981071705534975,0.45841608216115287,0.9999999999999999,exponential,971,True,3141.0,3141.0,3141,3141,"min(t_0, 1000000)",4.0568,4.0568,0,0.0,1.0,1.0,10000,1000000
10000,1.0,0.4,0.014666810181288346,3.684136148790474,0.003981071705534975,0.45841608216115287,0.9999999999999999,exponential,972,True,201.0,201.0,201,201,"min(t_0, 1000000)",4.0741,4.0741,0,0.0,1.0,1.0,10000,1000000
10000,1.0,0.4,0.014666810181288346,3.684136148790474,0.003981071705534975,0.45841608216115287,0.9999999999999999,exponential,973,True,66.0,66.0,66,66,"min(t_0, 1000000)",3.6996,3.6996,0,0.0,1.0,1.0,10000,1000000
10000,1.0,0.4,0.014666810181288346,3.684136148790474,0.003981071705534975,0.45841608216115287,0.9999999999999999,exponential,974,True,3240.0,3240.0,3240,3240,"min(t_0, 1000000)",4.2313,4.2313,0,0.0,1.0,1.0,10000,1000000
10000,1.0,0.4,0.014666810181288346,3.684136148790474,0.003981071705534975,0.45841608216115287,0.9999999999999999,exponential,975,True,859.0,859.0,859,859,"min(t_0, 1000000)",3.898,3.898,0,0.0,1.0,1.0,10000,1000000
10000,1.0,0.4,0.014666810181288346,3.684136148790474,0.003981071705534975,0.45841608216115287,0.9999999999999999,exponential,976,True,1137.0,1137.0,1137,1137,"min(t_0, 1000000)",4.1029997,4.1029997,0,0.0,1.0,1.0,10000,1000000
10000,1.0,0.4,0.014666810181288346,3.684136148790474,0.003981071705534975,0.45841608216115287,0.9999999999999999,exponential,977,True,845.0,845.0,845,845,"min(t_0, 1000000)",4.1348,4.1348,0,0.0,1.0,1.0,10000,1000000
10000,1.0,0.4,0.014666810181288346,3.684136148790474,0.003981071705534975,0.45841608216115287,0.9999999999999999,exponential,978,True,2224.0,2224.0,2224,2224,"min(t_0, 1000000)",3.7782,3.7782,0,0.0,1.0,1.0,10000,1000000
10000,1.0,0.4,0.014666810181288346,3.684136148790474,0.003981071705534975,0.45841608216115287,0.9999999999999999,exponential,979,True,1851.0,1851.0,1851,1851,"min(t_0, 1000000)",3.2328,3.2328,0,0.0,1.0,1.0,10000,1000000
10000,1.0,0.4,0.014666810181288346,3.684136148790474,0.003981071705534975,0.45841608216115287,0.9999999999999999,exponential,980,True,1710.0,1710.0,1710,1710,"min(t_0, 1000000)",3.8507,3.8507,0,0.0,1.0,1.0,10000,1000000
10000,1.0,0.4,0.014666810181288346,3.684136148790474,0.003981071705534975,0.45841608216115287,0.9999999999999999,exponential,981,True,398.0,398.0,398,398,"min(t_0, 1000000)",3.8309999,3.8309999,0,0.0,1.0,1.0,10000,1000000
10000,1.0,0.4,0.014666810181288346,3.684136148790474,0.003981071705534975,0.45841608216115287,0.9999999999999999,exponential,982,True,1855.0,1855.0,1855,1855,"min(t_0, 1000000)",3.5396,3.5396,0,0.0,1.0,1.0,10000,1000000
10000,1.0,0.4,0.014666810181288346,3.684136148790474,0.003981071705534975,0.45841608216115287,0.9999999999999999,exponential,983,True,1360.0,1360.0,1360,1360,"min(t_0, 1000000)",3.9736998,3.9736998,0,0.0,1.0,1.0,10000,1000000
10000,1.0,0.4,0.014666810181288346,3.684136148790474,0.003981071705534975,0.45841608216115287,0.9999999999999999,exponential,984,True,1056.0,1056.0,1056,1056,"min(t_0, 1000000)",3.9485998,3.9485998,0,0.0,1.0,1.0,10000,1000000
10000,1.0,0.4,0.014666810181288346,3.684136148790474,0.003981071705534975,0.45841608216115287,0.9999999999999999,exponential,985,True,815.0,815.0,815,815,"min(t_0, 1000000)",4.2699,4.2699,0,0.0,1.0,1.0,10000,1000000
10000,1.0,0.4,0.014666810181288346,3.684136148790474,0.003981071705534975,0.45841608216115287,0.9999999999999999,exponential,986,True,2391.0,2391.0,2391,2391,"min(t_0, 1000000)",3.8460999,3.8460999,0,0.0,1.0,1.0,10000,1000000
10000,1.0,0.4,0.014666810181288346,3.684136148790474,0.003981071705534975,0.45841608216115287,0.9999999999999999,exponential,987,True,201.0,201.0,201,201,"min(t_0, 1000000)",3.8367,3.8367,0,0.0,1.0,1.0,10000,1000000
10000,1.0,0.4,0.014666810181288346,3.684136148790474,0.003981071705534975,0.45841608216115287,0.9999999999999999,exponential,988,True,134.0,134.0,134,134,"min(t_0, 1000000)",3.7877,3.7877,0,0.0,1.0,1.0,10000,1000000
10000,1.0,0.4,0.014666810181288346,3.684136148790474,0.003981071705534975,0.45841608216115287,0.9999999999999999,exponential,989,True,988.0,988.0,988,988,"min(t_0, 1000000)",3.7666998,3.7666998,0,0.0,1.0,1.0,10000,1000000
10000,1.0,0.4,0.014666810181288346,3.684136148790474,0.003981071705534975,0.45841608216115287,0.9999999999999999,exponential,990,True,1506.0,1506.0,1506,1506,"min(t_0, 1000000)",4.0801,4.0801,0,0.0,1.0,1.0,10000,1000000
10000,1.0,0.4,0.014666810181288346,3.684136148790474,0.003981071705534975,0.45841608216115287,0.9999999999999999,exponential,991,True,826.0,826.0,826,826,"min(t_0, 1000000)",3.9731998,3.9731998,0,0.0,1.0,1.0,10000,1000000
10000,1.0,0.4,0.014666810181288346,3.684136148790474,0.003981071705534975,0.45841608216115287,0.9999999999999999,exponential,992,True,1540.0,1540.0,1540,1540,"min(t_0, 1000000)",3.9213,3.9213,0,0.0,1.0,1.0,10000,1000000
10000,1.0,0.4,0.014666810181288346,3.684136148790474,0.003981071705534975,0.45841608216115287,0.9999999999999999,exponential,993,True,182.0,182.0,182,182,"min(t_0, 1000000)",4.2862997,4.2862997,0,0.0,1.0,1.0,10000,1000000
10000,1.0,0.4,0.014666810181288346,3.684136148790474,0.003981071705534975,0.45841608216115287,0.9999999999999999,exponential,994,True,627.0,627.0,627,627,"min(t_0, 1000000)",4.5754,4.5754,0,0.0,1.0,1.0,10000,1000000
10000,1.0,0.4,0.014666810181288346,3.684136148790474,0.003981071705534975,0.45841608216115287,0.9999999999999999,exponential,995,True,2662.0,2662.0,2662,2662,"min(t_0, 1000000)",4.4354997,4.4354997,0,0.0,1.0,1.0,10000,1000000
10000,1.0,0.4,0.014666810181288346,3.684136148790474,0.003981071705534975,0.45841608216115287,0.9999999999999999,exponential,996,True,1239.0,1239.0,1239,1239,"min(t_0, 1000000)",3.7870998,3.7870998,0,0.0,1.0,1.0,10000,1000000
10000,1.0,0.4,0.014666810181288346,3.684136148790474,0.003981071705534975,0.45841608216115287,0.9999999999999999,exponential,997,True,609.0,609.0,609,609,"min(t_0, 1000000)",3.9559999,3.9559999,0,0.0,1.0,1.0,10000,1000000
10000,1.0,0.4,0.014666810181288346,3.684136148790474,0.003981071705534975,0.45841608216115287,0.9999999999999999,exponential,998,True,2466.0,2466.0,2466,2466,"min(t_0, 1000000)",3.9796,3.9796,0,0.0,1.0,1.0,10000,1000000
10000,1.0,0.4,0.014666810181288346,3.684136148790474,0.003981071705534975,0.45841608216115287,0.9999999999999999,exponential,999,True,97.0,97.0,97,97,"min(t_0, 1000000)",3.8295999,3.8295999,0,0.0,1.0,1.0,10000,1000000
