N,psi,delta,lambda,theta,alpha,effective_beta,psi_check,selection_mode,path_index,hit_x0_zero,t_0,first_loss_time,stop_time,simulated_until,simulated_until_rule,kappa_1_at_t0,kappa_1_at_stop,X0_count_at_stop,X_0_at_stop,leading_zero_count_at_t0,first_nonzero_class_at_t0,num_classes,T_MAX
10000,0.7,0.4,0.010266767126901843,3.684136148790474,0.0027867501938744826,0.4971415721575887,0.7,exponential,0,True,240.0,240.0,240,240,"min(t_0, 1000000)",3.9145,3.9145,0,0.0,1.0,1.0,10000,1000000
10000,0.7,0.4,0.010266767126901843,3.684136148790474,0.0027867501938744826,0.4971415721575887,0.7,exponential,1,True,404.0,404.0,404,404,"min(t_0, 1000000)",3.5109,3.5109,0,0.0,1.0,1.0,10000,1000000
10000,0.7,0.4,0.010266767126901843,3.684136148790474,0.0027867501938744826,0.4971415721575887,0.7,exponential,2,True,190.0,190.0,190,190,"min(t_0, 1000000)",3.9266999,3.9266999,0,0.0,1.0,1.0,10000,1000000
10000,0.7,0.4,0.010266767126901843,3.684136148790474,0.0027867501938744826,0.4971415721575887,0.7,exponential,3,True,934.0,934.0,934,934,"min(t_0, 1000000)",3.3237,3.3237,0,0.0,1.0,1.0,10000,1000000
10000,0.7,0.4,0.010266767126901843,3.684136148790474,0.0027867501938744826,0.4971415721575887,0.7,exponential,4,True,201.0,201.0,201,201,"min(t_0, 1000000)",3.7589,3.7589,0,0.0,1.0,1.0,10000,1000000
10000,0.7,0.4,0.010266767126901843,3.684136148790474,0.0027867501938744826,0.4971415721575887,0.7,exponential,5,True,152.0,152.0,152,152,"min(t_0, 1000000)",4.1548,4.1548,0,0.0,1.0,1.0,10000,1000000
10000,0.7,0.4,0.010266767126901843,3.684136148790474,0.0027867501938744826,0.4971415721575887,0.7,exponential,6,True,841.0,841.0,841,841,"min(t_0, 1000000)",3.8602998,3.8602998,0,0.0,1.0,1.0,10000,1000000
10000,0.7,0.4,0.010266767126901843,3.684136148790474,0.0027867501938744826,0.4971415721575887,0.7,exponential,7,True,1880.0,1880.0,1880,1880,"min(t_0, 1000000)",3.6627998,3.6627998,0,0.0,1.0,1.0,10000,1000000
10000,0.7,0.4,0.010266767126901843,3.684136148790474,0.0027867501938744826,0.4971415721575887,0.7,exponential,8,True,237.0,237.0,237,237,"min(t_0, 1000000)",3.9057,3.9057,0,0.0,1.0,1.0,10000,1000000
10000,0.7,0.4,0.010266767126901843,3.684136148790474,0.0027867501938744826,0.4971415721575887,0.7,exponential,9,True,902.0,902.0,902,902,"min(t_0, 1000000)",3.5753,3.5753,0,0.0,1.0,1.0,10000,1000000
10000,0.7,0.4,0.010266767126901843,3.684136148790474,0.0027867501938744826,0.4971415721575887,0.7,exponential,10,True,148.0,148.0,148,148,"min(t_0, 1000000)",3.9826999,3.9826999,0,0.0,1.0,1.0,10000,1000000
10000,0.7,0.4,0.010266767126901843,3.684136148790474,0.0027867501938744826,0.4971415721575887,0.7,exponential,11,True,980.0,980.0,980,980,"min(t_0, 1000000)",4.081,4.081,0,0.0,1.0,1.0,10000,1000000
10000,0.7,0.4,0.010266767126901843,3.684136148790474,0.0027867501938744826,0.4971415721575887,0.7,exponential,12,True,165.0,165.0,165,165,"min(t_0, 1000000)",3.9280999,3.9280999,0,0.0,1.0,1.0,10000,1000000
10000,0.7,0.4,0.010266767126901843,3.684136148790474,0.0027867501938744826,0.4971415721575887,0.7,exponential,13,True,1605.0,1605.0,1605,1605,"min(t_0, 1000000)",3.5449,3.5449,0,0.0,1.0,1.0,10000,1000000
10000,0.7,0.4,0.010266767126901843,3.684136148790474,0.0027867501938744826,0.4971415721575887,0.7,exponential,14,True,1849.0,1849.0,1849,1849,"min(t_0, 1000000)",3.5358999,3.5358999,0,0.0,1.0,1.0,10000,1000000
10000,0.7,0.4,0.010266767126901843,3.684136148790474,0.0027867501938744826,0.4971415721575887,0.7,exponential,15,True,519.0,519.0,519,519,"min(t_0, 1000000)",4.6451,4.6451,0,0.0,1.0,1.0,10000,1000000
10000,0.7,0.4,0.010266767126901843,3.684136148790474,0.0027867501938744826,0.4971415721575887,0.7,exponential,16,True,1135.0,1135.0,1135,1135,"min(t_0, 1000000)",3.8318,3.8318,0,0.0,1.0,1.0,10000,1000000
10000,0.7,0.4,0.010266767126901843,3.684136148790474,0.0027867501938744826,0.4971415721575887,0.7,exponential,17,True,484.0,484.0,484,484,"min(t_0, 1000000)",4.2599,4.2599,0,0.0,1.0,1.0,10000,1000000
10000,0.7,0.4,0.010266767126901843,3.684136148790474,0.0027867501938744826,0.4971415721575887,0.7,exponential,18,True,923.0,923.0,923,923,"min(t_0, 1000000)",3.8195999,3.8195999,0,0.0,1.0,1.0,10000,1000000
10000,0.7,0.4,0.010266767126901843,3.684136148790474,0.0027867501938744826,0.4971415721575887,0.7,exponential,19,True,1714.0,1714.0,1714,1714,"min(t_0, 1000000)",4.1493,4.1493,0,0.0,1.0,1.0,10000,1000000
10000,0.7,0.4,0.010266767126901843,3.684136148790474,0.0027867501938744826,0.4971415721575887,0.7,exponential,20,True,1072.0,1072.0,1072,1072,"min(t_0, 1000000)",3.8193998,3.8193998,0,0.0,1.0,1.0,10000,1000000
10000,0.7,0.4,0.010266767126901843,3.684136148790474,0.0027867501938744826,0.4971415721575887,0.7,exponential,21,True,2372.0,2372.0,2372,2372,"min(t_0, 1000000)",3.8816998,3.8816998,0,0.0,1.0,1.0,10000,1000000
10000,0.7,0.4,0.010266767126901843,3.684136148790474,0.0027867501938744826,0.4971415721575887,0.7,exponential,22,True,499.0,499.0,499,499,"min(t_0, 1000000)",3.7373,3.7373,0,0.0,1.0,1.0,10000,1000000
10000,0.7,0.4,0.010266767126901843,3.684136148790474,0.0027867501938744826,0.4971415721575887,0.7,exponential,23,True,463.0,463.0,463,463,"min(t_0, 1000000)",3.7596998,3.7596998,0,0.0,1.0,1.0,10000,1000000
10000,0.7,0.4,0.010266767126901843,3.684136148790474,0.0027867501938744826,0.4971415721575887,0.7,exponential,24,True,290.0,290.0,290,290,"min(t_0, 1000000)",3.6327999,3.6327999,0,0.0,1.0,1.0,10000,1000000
10000,0.7,0.4,0.010266767126901843,3.684136148790474,0.0027867501938744826,0.4971415721575887,0.7,exponential,25,True,436.0,436.0,436,436,"min(t_0, 1000000)",4.1523,4.1523,0,0.0,1.0,1.0,10000,1000000
10000,0.7,0.4,0.010266767126901843,3.684136148790474,0.0027867501938744826,0.4971415721575887,0.7,exponential,26,True,671.0,671.0,671,671,"min(t_0, 1000000)",3.5266,3.5266,0,0.0,1.0,1.0,10000,1000000
10000,0.7,0.4,0.010266767126901843,3.684136148790474,0.0027867501938744826,0.4971415721575887,0.7,exponential,27,True,243.0,243.0,243,243,"min(t_0, 1000000)",4.2532997,4.2532997,0,0.0,1.0,1.0,10000,1000000
10000,0.7,0.4,0.010266767126901843,3.684136148790474,0.0027867501938744826,0.4971415721575887,0.7,exponential,28,True,1685.0,1685.0,1685,1685,"min(t_0, 1000000)",3.9192,3.9192,0,0.0,1.0,1.0,10000,1000000
10000,0.7,0.4,0.010266767126901843,3.684136148790474,0.0027867501938744826,0.4971415721575887,0.7,exponential,29,True,948.0,948.0,948,948,"min(t_0, 1000000)",3.665,3.665,0,0.0,1.0,1.0,10000,1000000
10000,0.7,0.4,0.010266767126901843,3.684136148790474,0.0027867501938744826,0.4971415721575887,0.7,exponential,30,True,205.0,205.0,205,205,"min(t_0, 1000000)",3.8481998,3.8481998,0,0.0,1.0,1.0,10000,1000000
10000,0.7,0.4,0.010266767126901843,3.684136148790474,0.0027867501938744826,0.4971415721575887,0.7,exponential,31,True,498.0,498.0,498,498,"min(t_0, 1000000)",4.1949997,4.1949997,0,0.0,1.0,1.0,10000,1000000
10000,0.7,0.4,0.010266767126901843,3.684136148790474,0.0027867501938744826,0.4971415721575887,0.7,exponential,32,True,500.0,500.0,500,500,"min(t_0, 1000000)",4.2063,4.2063,0,0.0,1.0,1.0,10000,1000000
10000,0.7,0.4,0.010266767126901843,3.684136148790474,0.0027867501938744826,0.4971415721575887,0.7,exponential,33,True,2243.0,2243.0,2243,2243,"min(t_0, 1000000)",3.8987,3.8987,0,0.0,1.0,1.0,10000,1000000
10000,0.7,0.4,0.010266767126901843,3.684136148790474,0.0027867501938744826,0.4971415721575887,0.7,exponential,34,True,208.0,208.0,208,208,"min(t_0, 1000000)",3.6943,3.6943,0,0.0,1.0,1.0,10000,1000000
10000,0.7,0.4,0.010266767126901843,3.684136148790474,0.0027867501938744826,0.4971415721575887,0.7,exponential,35,True,86.0,86.0,86,86,"min(t_0, 1000000)",3.8156998,3.8156998,0,0.0,1.0,1.0,10000,1000000
10000,0.7,0.4,0.010266767126901843,3.684136148790474,0.0027867501938744826,0.4971415721575887,0.7,exponential,36,True,555.0,555.0,555,555,"min(t_0, 1000000)",3.5516,3.5516,0,0.0,1.0,1.0,10000,1000000
10000,0.7,0.4,0.010266767126901843,3.684136148790474,0.0027867501938744826,0.4971415721575887,0.7,exponential,37,True,777.0,777.0,777,777,"min(t_0, 1000000)",4.2338,4.2338,0,0.0,1.0,1.0,10000,1000000
10000,0.7,0.4,0.010266767126901843,3.684136148790474,0.0027867501938744826,0.4971415721575887,0.7,exponential,38,True,81.0,81.0,81,81,"min(t_0, 1000000)",3.6703,3.6703,0,0.0,1.0,1.0,10000,1000000
10000,0.7,0.4,0.010266767126901843,3.684136148790474,0.0027867501938744826,0.4971415721575887,0.7,exponential,39,True,634.0,634.0,634,634,"min(t_0, 1000000)",3.7982,3.7982,0,0.0,1.0,1.0,10000,1000000
10000,0.7,0.4,0.010266767126901843,3.684136148790474,0.0027867501938744826,0.4971415721575887,0.7,exponential,40,True,290.0,290.0,290,290,"min(t_0, 1000000)",3.9039,3.9039,0,0.0,1.0,1.0,10000,1000000
10000,0.7,0.4,0.010266767126901843,3.684136148790474,0.0027867501938744826,0.4971415721575887,0.7,exponential,41,True,1272.0,1272.0,1272,1272,"min(t_0, 1000000)",4.4137,4.4137,0,0.0,1.0,1.0,10000,1000000
10000,0.7,0.4,0.010266767126901843,3.684136148790474,0.0027867501938744826,0.4971415721575887,0.7,exponential,42,True,536.0,536.0,536,536,"min(t_0, 1000000)",4.0263,4.0263,0,0.0,1.0,1.0,10000,1000000
10000,0.7,0.4,0.010266767126901843,3.684136148790474,0.0027867501938744826,0.4971415721575887,0.7,exponential,43,True,754.0,754.0,754,754,"min(t_0, 1000000)",3.7398,3.7398,0,0.0,1.0,1.0,10000,1000000
10000,0.7,0.4,0.010266767126901843,3.684136148790474,0.0027867501938744826,0.4971415721575887,0.7,exponential,44,True,739.0,739.0,739,739,"min(t_0, 1000000)",4.1763997,4.1763997,0,0.0,1.0,1.0,10000,1000000
10000,0.7,0.4,0.010266767126901843,3.684136148790474,0.0027867501938744826,0.4971415721575887,0.7,exponential,45,True,1714.0,1714.0,1714,1714,"min(t_0, 1000000)",3.9708998,3.9708998,0,0.0,1.0,1.0,10000,1000000
10000,0.7,0.4,0.010266767126901843,3.684136148790474,0.0027867501938744826,0.4971415721575887,0.7,exponential,46,True,1090.0,1090.0,1090,1090,"min(t_0, 1000000)",4.1226,4.1226,0,0.0,1.0,1.0,10000,1000000
10000,0.7,0.4,0.010266767126901843,3.684136148790474,0.0027867501938744826,0.4971415721575887,0.7,exponential,47,True,231.0,231.0,231,231,"min(t_0, 1000000)",3.7816,3.7816,0,0.0,1.0,1.0,10000,1000000
10000,0.7,0.4,0.010266767126901843,3.684136148790474,0.0027867501938744826,0.4971415721575887,0.7,exponential,48,True,521.0,521.0,521,521,"min(t_0, 1000000)",4.4459,4.4459,0,0.0,1.0,1.0,10000,1000000
10000,0.7,0.4,0.010266767126901843,3.684136148790474,0.0027867501938744826,0.4971415721575887,0.7,exponential,49,True,341.0,341.0,341,341,"min(t_0, 1000000)",3.9106998,3.9106998,0,0.0,1.0,1.0,10000,1000000
10000,0.7,0.4,0.010266767126901843,3.684136148790474,0.0027867501938744826,0.4971415721575887,0.7,exponential,50,True,2288.0,2288.0,2288,2288,"min(t_0, 1000000)",4.1183,4.1183,0,0.0,1.0,1.0,10000,1000000
10000,0.7,0.4,0.010266767126901843,3.684136148790474,0.0027867501938744826,0.4971415721575887,0.7,exponential,51,True,1117.0,1117.0,1117,1117,"min(t_0, 1000000)",4.0027,4.0027,0,0.0,1.0,1.0,10000,1000000
10000,0.7,0.4,0.010266767126901843,3.684136148790474,0.0027867501938744826,0.4971415721575887,0.7,exponential,52,True,661.0,661.0,661,661,"min(t_0, 1000000)",4.9179997,4.9179997,0,0.0,1.0,1.0,10000,1000000
10000,0.7,0.4,0.010266767126901843,3.684136148790474,0.0027867501938744826,0.4971415721575887,0.7,exponential,53,True,495.0,495.0,495,495,"min(t_0, 1000000)",3.9789999,3.9789999,0,0.0,1.0,1.0,10000,1000000
10000,0.7,0.4,0.010266767126901843,3.684136148790474,0.0027867501938744826,0.4971415721575887,0.7,exponential,54,True,898.0,898.0,898,898,"min(t_0, 1000000)",3.6727,3.6727,0,0.0,1.0,1.0,10000,1000000
10000,0.7,0.4,0.010266767126901843,3.684136148790474,0.0027867501938744826,0.4971415721575887,0.7,exponential,55,True,549.0,549.0,549,549,"min(t_0, 1000000)",3.5851,3.5851,0,0.0,1.0,1.0,10000,1000000
10000,0.7,0.4,0.010266767126901843,3.684136148790474,0.0027867501938744826,0.4971415721575887,0.7,exponential,56,True,1687.0,1687.0,1687,1687,"min(t_0, 1000000)",3.5558999,3.5558999,0,0.0,1.0,1.0,10000,1000000
10000,0.7,0.4,0.010266767126901843,3.684136148790474,0.0027867501938744826,0.4971415721575887,0.7,exponential,57,True,469.0,469.0,469,469,"min(t_0, 1000000)",3.7768998,3.7768998,0,0.0,1.0,1.0,10000,1000000
10000,0.7,0.4,0.010266767126901843,3.684136148790474,0.0027867501938744826,0.4971415721575887,0.7,exponential,58,True,802.0,802.0,802,802,"min(t_0, 1000000)",3.9943998,3.9943998,0,0.0,1.0,1.0,10000,1000000
10000,0.7,0.4,0.010266767126901843,3.684136148790474,0.0027867501938744826,0.4971415721575887,0.7,exponential,59,True,714.0,714.0,714,714,"min(t_0, 1000000)",3.8012998,3.8012998,0,0.0,1.0,1.0,10000,1000000
10000,0.7,0.4,0.010266767126901843,3.684136148790474,0.0027867501938744826,0.4971415721575887,0.7,exponential,60,True,4445.0,4445.0,4445,4445,"min(t_0, 1000000)",3.5946,3.5946,0,0.0,1.0,1.0,10000,1000000
10000,0.7,0.4,0.010266767126901843,3.684136148790474,0.0027867501938744826,0.4971415721575887,0.7,exponential,61,True,430.0,430.0,430,430,"min(t_0, 1000000)",4.1822,4.1822,0,0.0,1.0,1.0,10000,1000000
10000,0.7,0.4,0.010266767126901843,3.684136148790474,0.0027867501938744826,0.4971415721575887,0.7,exponential,62,True,931.0,931.0,931,931,"min(t_0, 1000000)",4.8773,4.8773,0,0.0,1.0,1.0,10000,1000000
10000,0.7,0.4,0.010266767126901843,3.684136148790474,0.0027867501938744826,0.4971415721575887,0.7,exponential,63,True,1237.0,1237.0,1237,1237,"min(t_0, 1000000)",3.4292,3.4292,0,0.0,1.0,1.0,10000,1000000
10000,0.7,0.4,0.010266767126901843,3.684136148790474,0.0027867501938744826,0.4971415721575887,0.7,exponential,64,True,157.0,157.0,157,157,"min(t_0, 1000000)",3.5825,3.5825,0,0.0,1.0,1.0,10000,1000000
10000,0.7,0.4,0.010266767126901843,3.684136148790474,0.0027867501938744826,0.4971415721575887,0.7,exponential,65,True,241.0,241.0,241,241,"min(t_0, 1000000)",3.7431998,3.7431998,0,0.0,1.0,1.0,10000,1000000
10000,0.7,0.4,0.010266767126901843,3.684136148790474,0.0027867501938744826,0.4971415721575887,0.7,exponential,66,True,1474.0,1474.0,1474,1474,"min(t_0, 1000000)",4.2193,4.2193,0,0.0,1.0,1.0,10000,1000000
10000,0.7,0.4,0.010266767126901843,3.684136148790474,0.0027867501938744826,0.4971415721575887,0.7,exponential,67,True,993.0,993.0,993,993,"min(t_0, 1000000)",4.0476,4.0476,0,0.0,1.0,1.0,10000,1000000
10000,0.7,0.4,0.010266767126901843,3.684136148790474,0.0027867501938744826,0.4971415721575887,0.7,exponential,68,True,135.0,135.0,135,135,"min(t_0, 1000000)",4.0794,4.0794,0,0.0,1.0,1.0,10000,1000000
10000,0.7,0.4,0.010266767126901843,3.684136148790474,0.0027867501938744826,0.4971415721575887,0.7,exponential,69,True,666.0,666.0,666,666,"min(t_0, 1000000)",3.9877,3.9877,0,0.0,1.0,1.0,10000,1000000
10000,0.7,0.4,0.010266767126901843,3.684136148790474,0.0027867501938744826,0.4971415721575887,0.7,exponential,70,True,135.0,135.0,135,135,"min(t_0, 1000000)",3.613,3.613,0,0.0,1.0,1.0,10000,1000000
10000,0.7,0.4,0.010266767126901843,3.684136148790474,0.0027867501938744826,0.4971415721575887,0.7,exponential,71,True,474.0,474.0,474,474,"min(t_0, 1000000)",3.6383,3.6383,0,0.0,1.0,1.0,10000,1000000
10000,0.7,0.4,0.010266767126901843,3.684136148790474,0.0027867501938744826,0.4971415721575887,0.7,exponential,72,True,724.0,724.0,724,724,"min(t_0, 1000000)",4.2174,4.2174,0,0.0,1.0,1.0,10000,1000000
10000,0.7,0.4,0.010266767126901843,3.684136148790474,0.0027867501938744826,0.4971415721575887,0.7,exponential,73,True,489.0,489.0,489,489,"min(t_0, 1000000)",3.7763999,3.7763999,0,0.0,1.0,1.0,10000,1000000
10000,0.7,0.4,0.010266767126901843,3.684136148790474,0.0027867501938744826,0.4971415721575887,0.7,exponential,74,True,4318.0,4318.0,4318,4318,"min(t_0, 1000000)",4.6700997,4.6700997,0,0.0,1.0,1.0,10000,1000000
10000,0.7,0.4,0.010266767126901843,3.684136148790474,0.0027867501938744826,0.4971415721575887,0.7,exponential,75,True,621.0,621.0,621,621,"min(t_0, 1000000)",3.8471,3.8471,0,0.0,1.0,1.0,10000,1000000
10000,0.7,0.4,0.010266767126901843,3.684136148790474,0.0027867501938744826,0.4971415721575887,0.7,exponential,76,True,292.0,292.0,292,292,"min(t_0, 1000000)",3.8771,3.8771,0,0.0,1.0,1.0,10000,1000000
10000,0.7,0.4,0.010266767126901843,3.684136148790474,0.0027867501938744826,0.4971415721575887,0.7,exponential,77,True,1805.0,1805.0,1805,1805,"min(t_0, 1000000)",3.635,3.635,0,0.0,1.0,1.0,10000,1000000
10000,0.7,0.4,0.010266767126901843,3.684136148790474,0.0027867501938744826,0.4971415721575887,0.7,exponential,78,True,432.0,432.0,432,432,"min(t_0, 1000000)",4.6179,4.6179,0,0.0,1.0,1.0,10000,1000000
10000,0.7,0.4,0.010266767126901843,3.684136148790474,0.0027867501938744826,0.4971415721575887,0.7,exponential,79,True,474.0,474.0,474,474,"min(t_0, 1000000)",3.8418999,3.8418999,0,0.0,1.0,1.0,10000,1000000
10000,0.7,0.4,0.010266767126901843,3.684136148790474,0.0027867501938744826,0.4971415721575887,0.7,exponential,80,True,3455.0,3455.0,3455,3455,"min(t_0, 1000000)",4.0885997,4.0885997,0,0.0,1.0,1.0,10000,1000000
10000,0.7,0.4,0.010266767126901843,3.684136148790474,0.0027867501938744826,0.4971415721575887,0.7,exponential,81,True,845.0,845.0,845,845,"min(t_0, 1000000)",3.8421998,3.8421998,0,0.0,1.0,1.0,10000,1000000
10000,0.7,0.4,0.010266767126901843,3.684136148790474,0.0027867501938744826,0.4971415721575887,0.7,exponential,82,True,607.0,607.0,607,607,"min(t_0, 1000000)",4.0905,4.0905,0,0.0,1.0,1.0,10000,1000000
10000,0.7,0.4,0.010266767126901843,3.684136148790474,0.0027867501938744826,0.4971415721575887,0.7,exponential,83,True,693.0,693.0,693,693,"min(t_0, 1000000)",4.0478997,4.0478997,0,0.0,1.0,1.0,10000,1000000
10000,0.7,0.4,0.010266767126901843,3.684136148790474,0.0027867501938744826,0.4971415721575887,0.7,exponential,84,True,1437.0,1437.0,1437,1437,"min(t_0, 1000000)",3.8198998,3.8198998,0,0.0,1.0,1.0,10000,1000000
10000,0.7,0.4,0.010266767126901843,3.684136148790474,0.0027867501938744826,0.4971415721575887,0.7,exponential,85,True,153.0,153.0,153,153,"min(t_0, 1000000)",4.0092998,4.0092998,0,0.0,1.0,1.0,10000,1000000
10000,0.7,0.4,0.010266767126901843,3.684136148790474,0.0027867501938744826,0.4971415721575887,0.7,exponential,86,True,452.0,452.0,452,452,"min(t_0, 1000000)",4.1674,4.1674,0,0.0,1.0,1.0,10000,1000000
10000,0.7,0.4,0.010266767126901843,3.684136148790474,0.0027867501938744826,0.4971415721575887,0.7,exponential,87,True,4661.0,4661.0,4661,4661,"min(t_0, 1000000)",4.0997,4.0997,0,0.0,1.0,1.0,10000,1000000
10000,0.7,0.4,0.010266767126901843,3.684136148790474,0.0027867501938744826,0.4971415721575887,0.7,exponential,88,True,1155.0,1155.0,1155,1155,"min(t_0, 1000000)",4.0429997,4.0429997,0,0.0,1.0,1.0,10000,1000000
10000,0.7,0.4,0.010266767126901843,3.684136148790474,0.0027867501938744826,0.4971415721575887,0.7,exponential,89,True,413.0,413.0,413,413,"min(t_0, 1000000)",3.9429,3.9429,0,0.0,1.0,1.0,10000,1000000
10000,0.7,0.4,0.010266767126901843,3.684136148790474,0.0027867501938744826,0.4971415721575887,0.7,exponential,90,True,146.0,146.0,146,146,"min(t_0, 1000000)",4.0811,4.0811,0,0.0,1.0,1.0,10000,1000000
10000,0.7,0.4,0.010266767126901843,3.684136148790474,0.0027867501938744826,0.4971415721575887,0.7,exponential,91,True,561.0,561.0,561,561,"min(t_0, 1000000)",4.4045,4.4045,0,0.0,1.0,1.0,10000,1000000
10000,0.7,0.4,0.010266767126901843,3.684136148790474,0.0027867501938744826,0.4971415721575887,0.7,exponential,92,True,366.0,366.0,366,366,"min(t_0, 1000000)",4.0215,4.0215,0,0.0,1.0,1.0,10000,1000000
10000,0.7,0.4,0.010266767126901843,3.684136148790474,0.0027867501938744826,0.4971415721575887,0.7,exponential,93,True,397.0,397.0,397,397,"min(t_0, 1000000)",4.3451,4.3451,0,0.0,1.0,1.0,10000,1000000
10000,0.7,0.4,0.010266767126901843,3.684136148790474,0.0027867501938744826,0.4971415721575887,0.7,exponential,94,True,850.0,850.0,850,850,"min(t_0, 1000000)",4.0460997,4.0460997,0,0.0,1.0,1.0,10000,1000000
10000,0.7,0.4,0.010266767126901843,3.684136148790474,0.0027867501938744826,0.4971415721575887,0.7,exponential,95,True,415.0,415.0,415,415,"min(t_0, 1000000)",4.297,4.297,0,0.0,1.0,1.0,10000,1000000
10000,0.7,0.4,0.010266767126901843,3.684136148790474,0.0027867501938744826,0.4971415721575887,0.7,exponential,96,True,286.0,286.0,286,286,"min(t_0, 1000000)",3.6711998,3.6711998,0,0.0,1.0,1.0,10000,1000000
10000,0.7,0.4,0.010266767126901843,3.684136148790474,0.0027867501938744826,0.4971415721575887,0.7,exponential,97,True,404.0,404.0,404,404,"min(t_0, 1000000)",4.0780997,4.0780997,0,0.0,1.0,1.0,10000,1000000
10000,0.7,0.4,0.010266767126901843,3.684136148790474,0.0027867501938744826,0.4971415721575887,0.7,exponential,98,True,352.0,352.0,352,352,"min(t_0, 1000000)",3.8576,3.8576,0,0.0,1.0,1.0,10000,1000000
10000,0.7,0.4,0.010266767126901843,3.684136148790474,0.0027867501938744826,0.4971415721575887,0.7,exponential,99,True,1648.0,1648.0,1648,1648,"min(t_0, 1000000)",3.8118,3.8118,0,0.0,1.0,1.0,10000,1000000
10000,0.7,0.4,0.010266767126901843,3.684136148790474,0.0027867501938744826,0.4971415721575887,0.7,exponential,100,True,1309.0,1309.0,1309,1309,"min(t_0, 1000000)",4.252,4.252,0,0.0,1.0,1.0,10000,1000000
10000,0.7,0.4,0.010266767126901843,3.684136148790474,0.0027867501938744826,0.4971415721575887,0.7,exponential,101,True,577.0,577.0,577,577,"min(t_0, 1000000)",3.8944,3.8944,0,0.0,1.0,1.0,10000,1000000
10000,0.7,0.4,0.010266767126901843,3.684136148790474,0.0027867501938744826,0.4971415721575887,0.7,exponential,102,True,2505.0,2505.0,2505,2505,"min(t_0, 1000000)",3.9313998,3.9313998,0,0.0,1.0,1.0,10000,1000000
10000,0.7,0.4,0.010266767126901843,3.684136148790474,0.0027867501938744826,0.4971415721575887,0.7,exponential,103,True,1083.0,1083.0,1083,1083,"min(t_0, 1000000)",3.9757998,3.9757998,0,0.0,1.0,1.0,10000,1000000
10000,0.7,0.4,0.010266767126901843,3.684136148790474,0.0027867501938744826,0.4971415721575887,0.7,exponential,104,True,6177.0,6177.0,6177,6177,"min(t_0, 1000000)",3.4059,3.4059,0,0.0,1.0,1.0,10000,1000000
10000,0.7,0.4,0.010266767126901843,3.684136148790474,0.0027867501938744826,0.4971415721575887,0.7,exponential,105,True,480.0,480.0,480,480,"min(t_0, 1000000)",3.6122,3.6122,0,0.0,1.0,1.0,10000,1000000
10000,0.7,0.4,0.010266767126901843,3.684136148790474,0.0027867501938744826,0.4971415721575887,0.7,exponential,106,True,718.0,718.0,718,718,"min(t_0, 1000000)",4.2332,4.2332,0,0.0,1.0,1.0,10000,1000000
10000,0.7,0.4,0.010266767126901843,3.684136148790474,0.0027867501938744826,0.4971415721575887,0.7,exponential,107,True,521.0,521.0,521,521,"min(t_0, 1000000)",3.7842,3.7842,0,0.0,1.0,1.0,10000,1000000
10000,0.7,0.4,0.010266767126901843,3.684136148790474,0.0027867501938744826,0.4971415721575887,0.7,exponential,108,True,5493.0,5493.0,5493,5493,"min(t_0, 1000000)",3.9364998,3.9364998,0,0.0,1.0,1.0,10000,1000000
10000,0.7,0.4,0.010266767126901843,3.684136148790474,0.0027867501938744826,0.4971415721575887,0.7,exponential,109,True,373.0,373.0,373,373,"min(t_0, 1000000)",3.5665998,3.5665998,0,0.0,1.0,1.0,10000,1000000
10000,0.7,0.4,0.010266767126901843,3.684136148790474,0.0027867501938744826,0.4971415721575887,0.7,exponential,110,True,489.0,489.0,489,489,"min(t_0, 1000000)",3.573,3.573,0,0.0,1.0,1.0,10000,1000000
10000,0.7,0.4,0.010266767126901843,3.684136148790474,0.0027867501938744826,0.4971415721575887,0.7,exponential,111,True,2272.0,2272.0,2272,2272,"min(t_0, 1000000)",3.5554998,3.5554998,0,0.0,1.0,1.0,10000,1000000
10000,0.7,0.4,0.010266767126901843,3.684136148790474,0.0027867501938744826,0.4971415721575887,0.7,exponential,112,True,1175.0,1175.0,1175,1175,"min(t_0, 1000000)",3.6353,3.6353,0,0.0,1.0,1.0,10000,1000000
10000,0.7,0.4,0.010266767126901843,3.684136148790474,0.0027867501938744826,0.4971415721575887,0.7,exponential,113,True,334.0,334.0,334,334,"min(t_0, 1000000)",4.1816,4.1816,0,0.0,1.0,1.0,10000,1000000
10000,0.7,0.4,0.010266767126901843,3.684136148790474,0.0027867501938744826,0.4971415721575887,0.7,exponential,114,True,440.0,440.0,440,440,"min(t_0, 1000000)",3.8739998,3.8739998,0,0.0,1.0,1.0,10000,1000000
10000,0.7,0.4,0.010266767126901843,3.684136148790474,0.0027867501938744826,0.4971415721575887,0.7,exponential,115,True,218.0,218.0,218,218,"min(t_0, 1000000)",3.9627,3.9627,0,0.0,1.0,1.0,10000,1000000
10000,0.7,0.4,0.010266767126901843,3.684136148790474,0.0027867501938744826,0.4971415721575887,0.7,exponential,116,True,3387.0,3387.0,3387,3387,"min(t_0, 1000000)",3.6118999,3.6118999,0,0.0,1.0,1.0,10000,1000000
10000,0.7,0.4,0.010266767126901843,3.684136148790474,0.0027867501938744826,0.4971415721575887,0.7,exponential,117,True,270.0,270.0,270,270,"min(t_0, 1000000)",3.6778998,3.6778998,0,0.0,1.0,1.0,10000,1000000
10000,0.7,0.4,0.010266767126901843,3.684136148790474,0.0027867501938744826,0.4971415721575887,0.7,exponential,118,True,1964.0,1964.0,1964,1964,"min(t_0, 1000000)",3.9519,3.9519,0,0.0,1.0,1.0,10000,1000000
10000,0.7,0.4,0.010266767126901843,3.684136148790474,0.0027867501938744826,0.4971415721575887,0.7,exponential,119,True,684.0,684.0,684,684,"min(t_0, 1000000)",3.7956998,3.7956998,0,0.0,1.0,1.0,10000,1000000
10000,0.7,0.4,0.010266767126901843,3.684136148790474,0.0027867501938744826,0.4971415721575887,0.7,exponential,120,True,316.0,316.0,316,316,"min(t_0, 1000000)",4.3575,4.3575,0,0.0,1.0,1.0,10000,1000000
10000,0.7,0.4,0.010266767126901843,3.684136148790474,0.0027867501938744826,0.4971415721575887,0.7,exponential,121,True,1695.0,1695.0,1695,1695,"min(t_0, 1000000)",3.4487998,3.4487998,0,0.0,1.0,1.0,10000,1000000
10000,0.7,0.4,0.010266767126901843,3.684136148790474,0.0027867501938744826,0.4971415721575887,0.7,exponential,122,True,759.0,759.0,759,759,"min(t_0, 1000000)",3.9814,3.9814,0,0.0,1.0,1.0,10000,1000000
10000,0.7,0.4,0.010266767126901843,3.684136148790474,0.0027867501938744826,0.4971415721575887,0.7,exponential,123,True,2049.0,2049.0,2049,2049,"min(t_0, 1000000)",3.814,3.814,0,0.0,1.0,1.0,10000,1000000
10000,0.7,0.4,0.010266767126901843,3.684136148790474,0.0027867501938744826,0.4971415721575887,0.7,exponential,124,True,615.0,615.0,615,615,"min(t_0, 1000000)",4.193,4.193,0,0.0,1.0,1.0,10000,1000000
10000,0.7,0.4,0.010266767126901843,3.684136148790474,0.0027867501938744826,0.4971415721575887,0.7,exponential,125,True,386.0,386.0,386,386,"min(t_0, 1000000)",3.9601998,3.9601998,0,0.0,1.0,1.0,10000,1000000
10000,0.7,0.4,0.010266767126901843,3.684136148790474,0.0027867501938744826,0.4971415721575887,0.7,exponential,126,True,4062.0,4062.0,4062,4062,"min(t_0, 1000000)",3.8177,3.8177,0,0.0,1.0,1.0,10000,1000000
10000,0.7,0.4,0.010266767126901843,3.684136148790474,0.0027867501938744826,0.4971415721575887,0.7,exponential,127,True,1063.0,1063.0,1063,1063,"min(t_0, 1000000)",3.3021,3.3021,0,0.0,1.0,1.0,10000,1000000
10000,0.7,0.4,0.010266767126901843,3.684136148790474,0.0027867501938744826,0.4971415721575887,0.7,exponential,128,True,668.0,668.0,668,668,"min(t_0, 1000000)",3.4673,3.4673,0,0.0,1.0,1.0,10000,1000000
10000,0.7,0.4,0.010266767126901843,3.684136148790474,0.0027867501938744826,0.4971415721575887,0.7,exponential,129,True,342.0,342.0,342,342,"min(t_0, 1000000)",3.6139,3.6139,0,0.0,1.0,1.0,10000,1000000
10000,0.7,0.4,0.010266767126901843,3.684136148790474,0.0027867501938744826,0.4971415721575887,0.7,exponential,130,True,2275.0,2275.0,2275,2275,"min(t_0, 1000000)",4.1184,4.1184,0,0.0,1.0,1.0,10000,1000000
10000,0.7,0.4,0.010266767126901843,3.684136148790474,0.0027867501938744826,0.4971415721575887,0.7,exponential,131,True,2591.0,2591.0,2591,2591,"min(t_0, 1000000)",3.9146998,3.9146998,0,0.0,1.0,1.0,10000,1000000
10000,0.7,0.4,0.010266767126901843,3.684136148790474,0.0027867501938744826,0.4971415721575887,0.7,exponential,132,True,4420.0,4420.0,4420,4420,"min(t_0, 1000000)",3.9203,3.9203,0,0.0,1.0,1.0,10000,1000000
10000,0.7,0.4,0.010266767126901843,3.684136148790474,0.0027867501938744826,0.4971415721575887,0.7,exponential,133,True,520.0,520.0,520,520,"min(t_0, 1000000)",3.8632998,3.8632998,0,0.0,1.0,1.0,10000,1000000
10000,0.7,0.4,0.010266767126901843,3.684136148790474,0.0027867501938744826,0.4971415721575887,0.7,exponential,134,True,516.0,516.0,516,516,"min(t_0, 1000000)",4.0975,4.0975,0,0.0,1.0,1.0,10000,1000000
10000,0.7,0.4,0.010266767126901843,3.684136148790474,0.0027867501938744826,0.4971415721575887,0.7,exponential,135,True,1959.0,1959.0,1959,1959,"min(t_0, 1000000)",3.579,3.579,0,0.0,1.0,1.0,10000,1000000
10000,0.7,0.4,0.010266767126901843,3.684136148790474,0.0027867501938744826,0.4971415721575887,0.7,exponential,136,True,2116.0,2116.0,2116,2116,"min(t_0, 1000000)",3.7896,3.7896,0,0.0,1.0,1.0,10000,1000000
10000,0.7,0.4,0.010266767126901843,3.684136148790474,0.0027867501938744826,0.4971415721575887,0.7,exponential,137,True,354.0,354.0,354,354,"min(t_0, 1000000)",3.8506,3.8506,0,0.0,1.0,1.0,10000,1000000
10000,0.7,0.4,0.010266767126901843,3.684136148790474,0.0027867501938744826,0.4971415721575887,0.7,exponential,138,True,5265.0,5265.0,5265,5265,"min(t_0, 1000000)",4.206,4.206,0,0.0,1.0,1.0,10000,1000000
10000,0.7,0.4,0.010266767126901843,3.684136148790474,0.0027867501938744826,0.4971415721575887,0.7,exponential,139,True,360.0,360.0,360,360,"min(t_0, 1000000)",3.806,3.806,0,0.0,1.0,1.0,10000,1000000
10000,0.7,0.4,0.010266767126901843,3.684136148790474,0.0027867501938744826,0.4971415721575887,0.7,exponential,140,True,715.0,715.0,715,715,"min(t_0, 1000000)",3.5716999,3.5716999,0,0.0,1.0,1.0,10000,1000000
10000,0.7,0.4,0.010266767126901843,3.684136148790474,0.0027867501938744826,0.4971415721575887,0.7,exponential,141,True,333.0,333.0,333,333,"min(t_0, 1000000)",4.0952997,4.0952997,0,0.0,1.0,1.0,10000,1000000
10000,0.7,0.4,0.010266767126901843,3.684136148790474,0.0027867501938744826,0.4971415721575887,0.7,exponential,142,True,505.0,505.0,505,505,"min(t_0, 1000000)",4.7983,4.7983,0,0.0,1.0,1.0,10000,1000000
10000,0.7,0.4,0.010266767126901843,3.684136148790474,0.0027867501938744826,0.4971415721575887,0.7,exponential,143,True,251.0,251.0,251,251,"min(t_0, 1000000)",3.9096,3.9096,0,0.0,1.0,1.0,10000,1000000
10000,0.7,0.4,0.010266767126901843,3.684136148790474,0.0027867501938744826,0.4971415721575887,0.7,exponential,144,True,380.0,380.0,380,380,"min(t_0, 1000000)",4.0552,4.0552,0,0.0,1.0,1.0,10000,1000000
10000,0.7,0.4,0.010266767126901843,3.684136148790474,0.0027867501938744826,0.4971415721575887,0.7,exponential,145,True,1187.0,1187.0,1187,1187,"min(t_0, 1000000)",4.1913,4.1913,0,0.0,1.0,1.0,10000,1000000
10000,0.7,0.4,0.010266767126901843,3.684136148790474,0.0027867501938744826,0.4971415721575887,0.7,exponential,146,True,3724.0,3724.0,3724,3724,"min(t_0, 1000000)",3.768,3.768,0,0.0,1.0,1.0,10000,1000000
10000,0.7,0.4,0.010266767126901843,3.684136148790474,0.0027867501938744826,0.4971415721575887,0.7,exponential,147,True,140.0,140.0,140,140,"min(t_0, 1000000)",3.6566,3.6566,0,0.0,1.0,1.0,10000,1000000
10000,0.7,0.4,0.010266767126901843,3.684136148790474,0.0027867501938744826,0.4971415721575887,0.7,exponential,148,True,3598.0,3598.0,3598,3598,"min(t_0, 1000000)",3.5237,3.5237,0,0.0,1.0,1.0,10000,1000000
10000,0.7,0.4,0.010266767126901843,3.684136148790474,0.0027867501938744826,0.4971415721575887,0.7,exponential,149,True,562.0,562.0,562,562,"min(t_0, 1000000)",3.9350998,3.9350998,0,0.0,1.0,1.0,10000,1000000
10000,0.7,0.4,0.010266767126901843,3.684136148790474,0.0027867501938744826,0.4971415721575887,0.7,exponential,150,True,1985.0,1985.0,1985,1985,"min(t_0, 1000000)",3.7814,3.7814,0,0.0,1.0,1.0,10000,1000000
10000,0.7,0.4,0.010266767126901843,3.684136148790474,0.0027867501938744826,0.4971415721575887,0.7,exponential,151,True,226.0,226.0,226,226,"min(t_0, 1000000)",4.0218,4.0218,0,0.0,1.0,1.0,10000,1000000
10000,0.7,0.4,0.010266767126901843,3.684136148790474,0.0027867501938744826,0.4971415721575887,0.7,exponential,152,True,853.0,853.0,853,853,"min(t_0, 1000000)",3.8042998,3.8042998,0,0.0,1.0,1.0,10000,1000000
10000,0.7,0.4,0.010266767126901843,3.684136148790474,0.0027867501938744826,0.4971415721575887,0.7,exponential,153,True,272.0,272.0,272,272,"min(t_0, 1000000)",3.8572998,3.8572998,0,0.0,1.0,1.0,10000,1000000
10000,0.7,0.4,0.010266767126901843,3.684136148790474,0.0027867501938744826,0.4971415721575887,0.7,exponential,154,True,3314.0,3314.0,3314,3314,"min(t_0, 1000000)",4.3557997,4.3557997,0,0.0,1.0,1.0,10000,1000000
10000,0.7,0.4,0.010266767126901843,3.684136148790474,0.0027867501938744826,0.4971415721575887,0.7,exponential,155,True,1083.0,1083.0,1083,1083,"min(t_0, 1000000)",3.7763,3.7763,0,0.0,1.0,1.0,10000,1000000
10000,0.7,0.4,0.010266767126901843,3.684136148790474,0.0027867501938744826,0.4971415721575887,0.7,exponential,156,True,1630.0,1630.0,1630,1630,"min(t_0, 1000000)",3.7010999,3.7010999,0,0.0,1.0,1.0,10000,1000000
10000,0.7,0.4,0.010266767126901843,3.684136148790474,0.0027867501938744826,0.4971415721575887,0.7,exponential,157,True,1290.0,1290.0,1290,1290,"min(t_0, 1000000)",3.9392,3.9392,0,0.0,1.0,1.0,10000,1000000
10000,0.7,0.4,0.010266767126901843,3.684136148790474,0.0027867501938744826,0.4971415721575887,0.7,exponential,158,True,2971.0,2971.0,2971,2971,"min(t_0, 1000000)",3.684,3.684,0,0.0,1.0,1.0,10000,1000000
10000,0.7,0.4,0.010266767126901843,3.684136148790474,0.0027867501938744826,0.4971415721575887,0.7,exponential,159,True,1548.0,1548.0,1548,1548,"min(t_0, 1000000)",3.8841999,3.8841999,0,0.0,1.0,1.0,10000,1000000
10000,0.7,0.4,0.010266767126901843,3.684136148790474,0.0027867501938744826,0.4971415721575887,0.7,exponential,160,True,2070.0,2070.0,2070,2070,"min(t_0, 1000000)",4.1506,4.1506,0,0.0,1.0,1.0,10000,1000000
10000,0.7,0.4,0.010266767126901843,3.684136148790474,0.0027867501938744826,0.4971415721575887,0.7,exponential,161,True,3201.0,3201.0,3201,3201,"min(t_0, 1000000)",4.4198,4.4198,0,0.0,1.0,1.0,10000,1000000
10000,0.7,0.4,0.010266767126901843,3.684136148790474,0.0027867501938744826,0.4971415721575887,0.7,exponential,162,True,1085.0,1085.0,1085,1085,"min(t_0, 1000000)",3.5184,3.5184,0,0.0,1.0,1.0,10000,1000000
10000,0.7,0.4,0.010266767126901843,3.684136148790474,0.0027867501938744826,0.4971415721575887,0.7,exponential,163,True,429.0,429.0,429,429,"min(t_0, 1000000)",3.4566998,3.4566998,0,0.0,1.0,1.0,10000,1000000
10000,0.7,0.4,0.010266767126901843,3.684136148790474,0.0027867501938744826,0.4971415721575887,0.7,exponential,164,True,2623.0,2623.0,2623,2623,"min(t_0, 1000000)",4.3886,4.3886,0,0.0,1.0,1.0,10000,1000000
10000,0.7,0.4,0.010266767126901843,3.684136148790474,0.0027867501938744826,0.4971415721575887,0.7,exponential,165,True,477.0,477.0,477,477,"min(t_0, 1000000)",4.2237,4.2237,0,0.0,1.0,1.0,10000,1000000
10000,0.7,0.4,0.010266767126901843,3.684136148790474,0.0027867501938744826,0.4971415721575887,0.7,exponential,166,True,1166.0,1166.0,1166,1166,"min(t_0, 1000000)",4.5278997,4.5278997,0,0.0,1.0,1.0,10000,1000000
10000,0.7,0.4,0.010266767126901843,3.684136148790474,0.0027867501938744826,0.4971415721575887,0.7,exponential,167,True,1537.0,1537.0,1537,1537,"min(t_0, 1000000)",4.2738,4.2738,0,0.0,1.0,1.0,10000,1000000
10000,0.7,0.4,0.010266767126901843,3.684136148790474,0.0027867501938744826,0.4971415721575887,0.7,exponential,168,True,1882.0,1882.0,1882,1882,"min(t_0, 1000000)",4.9255,4.9255,0,0.0,1.0,1.0,10000,1000000
10000,0.7,0.4,0.010266767126901843,3.684136148790474,0.0027867501938744826,0.4971415721575887,0.7,exponential,169,True,452.0,452.0,452,452,"min(t_0, 1000000)",3.7979999,3.7979999,0,0.0,1.0,1.0,10000,1000000
10000,0.7,0.4,0.010266767126901843,3.684136148790474,0.0027867501938744826,0.4971415721575887,0.7,exponential,170,True,998.0,998.0,998,998,"min(t_0, 1000000)",3.6104999,3.6104999,0,0.0,1.0,1.0,10000,1000000
10000,0.7,0.4,0.010266767126901843,3.684136148790474,0.0027867501938744826,0.4971415721575887,0.7,exponential,171,True,829.0,829.0,829,829,"min(t_0, 1000000)",4.9509,4.9509,0,0.0,1.0,1.0,10000,1000000
10000,0.7,0.4,0.010266767126901843,3.684136148790474,0.0027867501938744826,0.4971415721575887,0.7,exponential,172,True,1820.0,1820.0,1820,1820,"min(t_0, 1000000)",4.8682,4.8682,0,0.0,1.0,1.0,10000,1000000
10000,0.7,0.4,0.010266767126901843,3.684136148790474,0.0027867501938744826,0.4971415721575887,0.7,exponential,173,True,1818.0,1818.0,1818,1818,"min(t_0, 1000000)",3.6904,3.6904,0,0.0,1.0,1.0,10000,1000000
10000,0.7,0.4,0.010266767126901843,3.684136148790474,0.0027867501938744826,0.4971415721575887,0.7,exponential,174,True,151.0,151.0,151,151,"min(t_0, 1000000)",3.9634998,3.9634998,0,0.0,1.0,1.0,10000,1000000
10000,0.7,0.4,0.010266767126901843,3.684136148790474,0.0027867501938744826,0.4971415721575887,0.7,exponential,175,True,4960.0,4960.0,4960,4960,"min(t_0, 1000000)",4.3066,4.3066,0,0.0,1.0,1.0,10000,1000000
10000,0.7,0.4,0.010266767126901843,3.684136148790474,0.0027867501938744826,0.4971415721575887,0.7,exponential,176,True,249.0,249.0,249,249,"min(t_0, 1000000)",3.4752,3.4752,0,0.0,1.0,1.0,10000,1000000
10000,0.7,0.4,0.010266767126901843,3.684136148790474,0.0027867501938744826,0.4971415721575887,0.7,exponential,177,True,791.0,791.0,791,791,"min(t_0, 1000000)",3.6936998,3.6936998,0,0.0,1.0,1.0,10000,1000000
10000,0.7,0.4,0.010266767126901843,3.684136148790474,0.0027867501938744826,0.4971415721575887,0.7,exponential,178,True,631.0,631.0,631,631,"min(t_0, 1000000)",4.4488,4.4488,0,0.0,1.0,1.0,10000,1000000
10000,0.7,0.4,0.010266767126901843,3.684136148790474,0.0027867501938744826,0.4971415721575887,0.7,exponential,179,True,2556.0,2556.0,2556,2556,"min(t_0, 1000000)",3.1487,3.1487,0,0.0,1.0,1.0,10000,1000000
10000,0.7,0.4,0.010266767126901843,3.684136148790474,0.0027867501938744826,0.4971415721575887,0.7,exponential,180,True,143.0,143.0,143,143,"min(t_0, 1000000)",3.9241,3.9241,0,0.0,1.0,1.0,10000,1000000
10000,0.7,0.4,0.010266767126901843,3.684136148790474,0.0027867501938744826,0.4971415721575887,0.7,exponential,181,True,611.0,611.0,611,611,"min(t_0, 1000000)",3.7087998,3.7087998,0,0.0,1.0,1.0,10000,1000000
10000,0.7,0.4,0.010266767126901843,3.684136148790474,0.0027867501938744826,0.4971415721575887,0.7,exponential,182,True,111.0,111.0,111,111,"min(t_0, 1000000)",3.7551,3.7551,0,0.0,1.0,1.0,10000,1000000
10000,0.7,0.4,0.010266767126901843,3.684136148790474,0.0027867501938744826,0.4971415721575887,0.7,exponential,183,True,1526.0,1526.0,1526,1526,"min(t_0, 1000000)",3.7731,3.7731,0,0.0,1.0,1.0,10000,1000000
10000,0.7,0.4,0.010266767126901843,3.684136148790474,0.0027867501938744826,0.4971415721575887,0.7,exponential,184,True,542.0,542.0,542,542,"min(t_0, 1000000)",4.2915,4.2915,0,0.0,1.0,1.0,10000,1000000
10000,0.7,0.4,0.010266767126901843,3.684136148790474,0.0027867501938744826,0.4971415721575887,0.7,exponential,185,True,591.0,591.0,591,591,"min(t_0, 1000000)",3.9355998,3.9355998,0,0.0,1.0,1.0,10000,1000000
10000,0.7,0.4,0.010266767126901843,3.684136148790474,0.0027867501938744826,0.4971415721575887,0.7,exponential,186,True,2756.0,2756.0,2756,2756,"min(t_0, 1000000)",3.5047998,3.5047998,0,0.0,1.0,1.0,10000,1000000
10000,0.7,0.4,0.010266767126901843,3.684136148790474,0.0027867501938744826,0.4971415721575887,0.7,exponential,187,True,286.0,286.0,286,286,"min(t_0, 1000000)",3.8030999,3.8030999,0,0.0,1.0,1.0,10000,1000000
10000,0.7,0.4,0.010266767126901843,3.684136148790474,0.0027867501938744826,0.4971415721575887,0.7,exponential,188,True,1045.0,1045.0,1045,1045,"min(t_0, 1000000)",3.9308,3.9308,0,0.0,1.0,1.0,10000,1000000
10000,0.7,0.4,0.010266767126901843,3.684136148790474,0.0027867501938744826,0.4971415721575887,0.7,exponential,189,True,1760.0,1760.0,1760,1760,"min(t_0, 1000000)",4.222,4.222,0,0.0,1.0,1.0,10000,1000000
10000,0.7,0.4,0.010266767126901843,3.684136148790474,0.0027867501938744826,0.4971415721575887,0.7,exponential,190,True,2548.0,2548.0,2548,2548,"min(t_0, 1000000)",3.5256999,3.5256999,0,0.0,1.0,1.0,10000,1000000
10000,0.7,0.4,0.010266767126901843,3.684136148790474,0.0027867501938744826,0.4971415721575887,0.7,exponential,191,True,263.0,263.0,263,263,"min(t_0, 1000000)",4.2583,4.2583,0,0.0,1.0,1.0,10000,1000000
10000,0.7,0.4,0.010266767126901843,3.684136148790474,0.0027867501938744826,0.4971415721575887,0.7,exponential,192,True,306.0,306.0,306,306,"min(t_0, 1000000)",3.9136,3.9136,0,0.0,1.0,1.0,10000,1000000
10000,0.7,0.4,0.010266767126901843,3.684136148790474,0.0027867501938744826,0.4971415721575887,0.7,exponential,193,True,386.0,386.0,386,386,"min(t_0, 1000000)",4.3584,4.3584,0,0.0,1.0,1.0,10000,1000000
10000,0.7,0.4,0.010266767126901843,3.684136148790474,0.0027867501938744826,0.4971415721575887,0.7,exponential,194,True,227.0,227.0,227,227,"min(t_0, 1000000)",3.4745,3.4745,0,0.0,1.0,1.0,10000,1000000
10000,0.7,0.4,0.010266767126901843,3.684136148790474,0.0027867501938744826,0.4971415721575887,0.7,exponential,195,True,328.0,328.0,328,328,"min(t_0, 1000000)",3.9155,3.9155,0,0.0,1.0,1.0,10000,1000000
10000,0.7,0.4,0.010266767126901843,3.684136148790474,0.0027867501938744826,0.4971415721575887,0.7,exponential,196,True,504.0,504.0,504,504,"min(t_0, 1000000)",4.6435,4.6435,0,0.0,1.0,1.0,10000,1000000
10000,0.7,0.4,0.010266767126901843,3.684136148790474,0.0027867501938744826,0.4971415721575887,0.7,exponential,197,True,550.0,550.0,550,550,"min(t_0, 1000000)",3.8507,3.8507,0,0.0,1.0,1.0,10000,1000000
10000,0.7,0.4,0.010266767126901843,3.684136148790474,0.0027867501938744826,0.4971415721575887,0.7,exponential,198,True,390.0,390.0,390,390,"min(t_0, 1000000)",3.4624999,3.4624999,0,0.0,1.0,1.0,10000,1000000
10000,0.7,0.4,0.010266767126901843,3.684136148790474,0.0027867501938744826,0.4971415721575887,0.7,exponential,199,True,264.0,264.0,264,264,"min(t_0, 1000000)",4.3705997,4.3705997,0,0.0,1.0,1.0,10000,1000000
10000,0.7,0.4,0.010266767126901843,3.684136148790474,0.0027867501938744826,0.4971415721575887,0.7,exponential,200,True,3324.0,3324.0,3324,3324,"min(t_0, 1000000)",4.0319,4.0319,0,0.0,1.0,1.0,10000,1000000
10000,0.7,0.4,0.010266767126901843,3.684136148790474,0.0027867501938744826,0.4971415721575887,0.7,exponential,201,True,759.0,759.0,759,759,"min(t_0, 1000000)",3.9004998,3.9004998,0,0.0,1.0,1.0,10000,1000000
10000,0.7,0.4,0.010266767126901843,3.684136148790474,0.0027867501938744826,0.4971415721575887,0.7,exponential,202,True,697.0,697.0,697,697,"min(t_0, 1000000)",4.571,4.571,0,0.0,1.0,1.0,10000,1000000
10000,0.7,0.4,0.010266767126901843,3.684136148790474,0.0027867501938744826,0.4971415721575887,0.7,exponential,203,True,240.0,240.0,240,240,"min(t_0, 1000000)",3.8195,3.8195,0,0.0,1.0,1.0,10000,1000000
10000,0.7,0.4,0.010266767126901843,3.684136148790474,0.0027867501938744826,0.4971415721575887,0.7,exponential,204,True,401.0,401.0,401,401,"min(t_0, 1000000)",4.6735997,4.6735997,0,0.0,1.0,1.0,10000,1000000
10000,0.7,0.4,0.010266767126901843,3.684136148790474,0.0027867501938744826,0.4971415721575887,0.7,exponential,205,True,300.0,300.0,300,300,"min(t_0, 1000000)",4.0058,4.0058,0,0.0,1.0,1.0,10000,1000000
10000,0.7,0.4,0.010266767126901843,3.684136148790474,0.0027867501938744826,0.4971415721575887,0.7,exponential,206,True,4040.0,4040.0,4040,4040,"min(t_0, 1000000)",3.8467,3.8467,0,0.0,1.0,1.0,10000,1000000
10000,0.7,0.4,0.010266767126901843,3.684136148790474,0.0027867501938744826,0.4971415721575887,0.7,exponential,207,True,3337.0,3337.0,3337,3337,"min(t_0, 1000000)",3.5939999,3.5939999,0,0.0,1.0,1.0,10000,1000000
10000,0.7,0.4,0.010266767126901843,3.684136148790474,0.0027867501938744826,0.4971415721575887,0.7,exponential,208,True,145.0,145.0,145,145,"min(t_0, 1000000)",3.9203,3.9203,0,0.0,1.0,1.0,10000,1000000
10000,0.7,0.4,0.010266767126901843,3.684136148790474,0.0027867501938744826,0.4971415721575887,0.7,exponential,209,True,353.0,353.0,353,353,"min(t_0, 1000000)",3.8662,3.8662,0,0.0,1.0,1.0,10000,1000000
10000,0.7,0.4,0.010266767126901843,3.684136148790474,0.0027867501938744826,0.4971415721575887,0.7,exponential,210,True,413.0,413.0,413,413,"min(t_0, 1000000)",4.1601,4.1601,0,0.0,1.0,1.0,10000,1000000
10000,0.7,0.4,0.010266767126901843,3.684136148790474,0.0027867501938744826,0.4971415721575887,0.7,exponential,211,True,195.0,195.0,195,195,"min(t_0, 1000000)",4.3198,4.3198,0,0.0,1.0,1.0,10000,1000000
10000,0.7,0.4,0.010266767126901843,3.684136148790474,0.0027867501938744826,0.4971415721575887,0.7,exponential,212,True,225.0,225.0,225,225,"min(t_0, 1000000)",3.6409998,3.6409998,0,0.0,1.0,1.0,10000,1000000
10000,0.7,0.4,0.010266767126901843,3.684136148790474,0.0027867501938744826,0.4971415721575887,0.7,exponential,213,True,422.0,422.0,422,422,"min(t_0, 1000000)",4.2307997,4.2307997,0,0.0,1.0,1.0,10000,1000000
10000,0.7,0.4,0.010266767126901843,3.684136148790474,0.0027867501938744826,0.4971415721575887,0.7,exponential,214,True,947.0,947.0,947,947,"min(t_0, 1000000)",3.8799999,3.8799999,0,0.0,1.0,1.0,10000,1000000
10000,0.7,0.4,0.010266767126901843,3.684136148790474,0.0027867501938744826,0.4971415721575887,0.7,exponential,215,True,224.0,224.0,224,224,"min(t_0, 1000000)",4.0629,4.0629,0,0.0,1.0,1.0,10000,1000000
10000,0.7,0.4,0.010266767126901843,3.684136148790474,0.0027867501938744826,0.4971415721575887,0.7,exponential,216,True,367.0,367.0,367,367,"min(t_0, 1000000)",3.4994998,3.4994998,0,0.0,1.0,1.0,10000,1000000
10000,0.7,0.4,0.010266767126901843,3.684136148790474,0.0027867501938744826,0.4971415721575887,0.7,exponential,217,True,198.0,198.0,198,198,"min(t_0, 1000000)",4.1484,4.1484,0,0.0,1.0,1.0,10000,1000000
10000,0.7,0.4,0.010266767126901843,3.684136148790474,0.0027867501938744826,0.4971415721575887,0.7,exponential,218,True,759.0,759.0,759,759,"min(t_0, 1000000)",3.4352,3.4352,0,0.0,1.0,1.0,10000,1000000
10000,0.7,0.4,0.010266767126901843,3.684136148790474,0.0027867501938744826,0.4971415721575887,0.7,exponential,219,True,1064.0,1064.0,1064,1064,"min(t_0, 1000000)",4.0227,4.0227,0,0.0,1.0,1.0,10000,1000000
10000,0.7,0.4,0.010266767126901843,3.684136148790474,0.0027867501938744826,0.4971415721575887,0.7,exponential,220,True,766.0,766.0,766,766,"min(t_0, 1000000)",3.4826,3.4826,0,0.0,1.0,1.0,10000,1000000
10000,0.7,0.4,0.010266767126901843,3.684136148790474,0.0027867501938744826,0.4971415721575887,0.7,exponential,221,True,761.0,761.0,761,761,"min(t_0, 1000000)",4.0353,4.0353,0,0.0,1.0,1.0,10000,1000000
10000,0.7,0.4,0.010266767126901843,3.684136148790474,0.0027867501938744826,0.4971415721575887,0.7,exponential,222,True,2004.0,2004.0,2004,2004,"min(t_0, 1000000)",3.3272998,3.3272998,0,0.0,1.0,1.0,10000,1000000
10000,0.7,0.4,0.010266767126901843,3.684136148790474,0.0027867501938744826,0.4971415721575887,0.7,exponential,223,True,178.0,178.0,178,178,"min(t_0, 1000000)",4.0095997,4.0095997,0,0.0,1.0,1.0,10000,1000000
10000,0.7,0.4,0.010266767126901843,3.684136148790474,0.0027867501938744826,0.4971415721575887,0.7,exponential,224,True,344.0,344.0,344,344,"min(t_0, 1000000)",3.5584,3.5584,0,0.0,1.0,1.0,10000,1000000
10000,0.7,0.4,0.010266767126901843,3.684136148790474,0.0027867501938744826,0.4971415721575887,0.7,exponential,225,True,572.0,572.0,572,572,"min(t_0, 1000000)",4.244,4.244,0,0.0,1.0,1.0,10000,1000000
10000,0.7,0.4,0.010266767126901843,3.684136148790474,0.0027867501938744826,0.4971415721575887,0.7,exponential,226,True,3481.0,3481.0,3481,3481,"min(t_0, 1000000)",3.8132,3.8132,0,0.0,1.0,1.0,10000,1000000
10000,0.7,0.4,0.010266767126901843,3.684136148790474,0.0027867501938744826,0.4971415721575887,0.7,exponential,227,True,988.0,988.0,988,988,"min(t_0, 1000000)",3.5319998,3.5319998,0,0.0,1.0,1.0,10000,1000000
10000,0.7,0.4,0.010266767126901843,3.684136148790474,0.0027867501938744826,0.4971415721575887,0.7,exponential,228,True,3158.0,3158.0,3158,3158,"min(t_0, 1000000)",3.2124999,3.2124999,0,0.0,1.0,1.0,10000,1000000
10000,0.7,0.4,0.010266767126901843,3.684136148790474,0.0027867501938744826,0.4971415721575887,0.7,exponential,229,True,257.0,257.0,257,257,"min(t_0, 1000000)",3.5016,3.5016,0,0.0,1.0,1.0,10000,1000000
10000,0.7,0.4,0.010266767126901843,3.684136148790474,0.0027867501938744826,0.4971415721575887,0.7,exponential,230,True,575.0,575.0,575,575,"min(t_0, 1000000)",4.0565,4.0565,0,0.0,1.0,1.0,10000,1000000
10000,0.7,0.4,0.010266767126901843,3.684136148790474,0.0027867501938744826,0.4971415721575887,0.7,exponential,231,True,1326.0,1326.0,1326,1326,"min(t_0, 1000000)",3.7384999,3.7384999,0,0.0,1.0,1.0,10000,1000000
10000,0.7,0.4,0.010266767126901843,3.684136148790474,0.0027867501938744826,0.4971415721575887,0.7,exponential,232,True,1391.0,1391.0,1391,1391,"min(t_0, 1000000)",3.9692,3.9692,0,0.0,1.0,1.0,10000,1000000
10000,0.7,0.4,0.010266767126901843,3.684136148790474,0.0027867501938744826,0.4971415721575887,0.7,exponential,233,True,533.0,533.0,533,533,"min(t_0, 1000000)",3.826,3.826,0,0.0,1.0,1.0,10000,1000000
10000,0.7,0.4,0.010266767126901843,3.684136148790474,0.0027867501938744826,0.4971415721575887,0.7,exponential,234,True,518.0,518.0,518,518,"min(t_0, 1000000)",3.7698,3.7698,0,0.0,1.0,1.0,10000,1000000
10000,0.7,0.4,0.010266767126901843,3.684136148790474,0.0027867501938744826,0.4971415721575887,0.7,exponential,235,True,842.0,842.0,842,842,"min(t_0, 1000000)",3.9390998,3.9390998,0,0.0,1.0,1.0,10000,1000000
10000,0.7,0.4,0.010266767126901843,3.684136148790474,0.0027867501938744826,0.4971415721575887,0.7,exponential,236,True,88.0,88.0,88,88,"min(t_0, 1000000)",4.1941,4.1941,0,0.0,1.0,1.0,10000,1000000
10000,0.7,0.4,0.010266767126901843,3.684136148790474,0.0027867501938744826,0.4971415721575887,0.7,exponential,237,True,797.0,797.0,797,797,"min(t_0, 1000000)",3.9211998,3.9211998,0,0.0,1.0,1.0,10000,1000000
10000,0.7,0.4,0.010266767126901843,3.684136148790474,0.0027867501938744826,0.4971415721575887,0.7,exponential,238,True,905.0,905.0,905,905,"min(t_0, 1000000)",3.4977999,3.4977999,0,0.0,1.0,1.0,10000,1000000
10000,0.7,0.4,0.010266767126901843,3.684136148790474,0.0027867501938744826,0.4971415721575887,0.7,exponential,239,True,2976.0,2976.0,2976,2976,"min(t_0, 1000000)",3.7175,3.7175,0,0.0,1.0,1.0,10000,1000000
10000,0.7,0.4,0.010266767126901843,3.684136148790474,0.0027867501938744826,0.4971415721575887,0.7,exponential,240,True,2856.0,2856.0,2856,2856,"min(t_0, 1000000)",4.0655,4.0655,0,0.0,1.0,1.0,10000,1000000
10000,0.7,0.4,0.010266767126901843,3.684136148790474,0.0027867501938744826,0.4971415721575887,0.7,exponential,241,True,934.0,934.0,934,934,"min(t_0, 1000000)",4.1612997,4.1612997,0,0.0,1.0,1.0,10000,1000000
10000,0.7,0.4,0.010266767126901843,3.684136148790474,0.0027867501938744826,0.4971415721575887,0.7,exponential,242,True,2207.0,2207.0,2207,2207,"min(t_0, 1000000)",4.04,4.04,0,0.0,1.0,1.0,10000,1000000
10000,0.7,0.4,0.010266767126901843,3.684136148790474,0.0027867501938744826,0.4971415721575887,0.7,exponential,243,True,2107.0,2107.0,2107,2107,"min(t_0, 1000000)",4.0115,4.0115,0,0.0,1.0,1.0,10000,1000000
10000,0.7,0.4,0.010266767126901843,3.684136148790474,0.0027867501938744826,0.4971415721575887,0.7,exponential,244,True,618.0,618.0,618,618,"min(t_0, 1000000)",4.3171997,4.3171997,0,0.0,1.0,1.0,10000,1000000
10000,0.7,0.4,0.010266767126901843,3.684136148790474,0.0027867501938744826,0.4971415721575887,0.7,exponential,245,True,1158.0,1158.0,1158,1158,"min(t_0, 1000000)",4.4104,4.4104,0,0.0,1.0,1.0,10000,1000000
10000,0.7,0.4,0.010266767126901843,3.684136148790474,0.0027867501938744826,0.4971415721575887,0.7,exponential,246,True,438.0,438.0,438,438,"min(t_0, 1000000)",3.8769,3.8769,0,0.0,1.0,1.0,10000,1000000
10000,0.7,0.4,0.010266767126901843,3.684136148790474,0.0027867501938744826,0.4971415721575887,0.7,exponential,247,True,340.0,340.0,340,340,"min(t_0, 1000000)",3.8126998,3.8126998,0,0.0,1.0,1.0,10000,1000000
10000,0.7,0.4,0.010266767126901843,3.684136148790474,0.0027867501938744826,0.4971415721575887,0.7,exponential,248,True,608.0,608.0,608,608,"min(t_0, 1000000)",4.2056,4.2056,0,0.0,1.0,1.0,10000,1000000
10000,0.7,0.4,0.010266767126901843,3.684136148790474,0.0027867501938744826,0.4971415721575887,0.7,exponential,249,True,964.0,964.0,964,964,"min(t_0, 1000000)",4.1036997,4.1036997,0,0.0,1.0,1.0,10000,1000000
10000,0.7,0.4,0.010266767126901843,3.684136148790474,0.0027867501938744826,0.4971415721575887,0.7,exponential,250,True,2599.0,2599.0,2599,2599,"min(t_0, 1000000)",3.6892998,3.6892998,0,0.0,1.0,1.0,10000,1000000
10000,0.7,0.4,0.010266767126901843,3.684136148790474,0.0027867501938744826,0.4971415721575887,0.7,exponential,251,True,445.0,445.0,445,445,"min(t_0, 1000000)",3.8711,3.8711,0,0.0,1.0,1.0,10000,1000000
10000,0.7,0.4,0.010266767126901843,3.684136148790474,0.0027867501938744826,0.4971415721575887,0.7,exponential,252,True,182.0,182.0,182,182,"min(t_0, 1000000)",3.8193998,3.8193998,0,0.0,1.0,1.0,10000,1000000
10000,0.7,0.4,0.010266767126901843,3.684136148790474,0.0027867501938744826,0.4971415721575887,0.7,exponential,253,True,452.0,452.0,452,452,"min(t_0, 1000000)",4.2153,4.2153,0,0.0,1.0,1.0,10000,1000000
10000,0.7,0.4,0.010266767126901843,3.684136148790474,0.0027867501938744826,0.4971415721575887,0.7,exponential,254,True,1418.0,1418.0,1418,1418,"min(t_0, 1000000)",5.1988,5.1988,0,0.0,1.0,1.0,10000,1000000
10000,0.7,0.4,0.010266767126901843,3.684136148790474,0.0027867501938744826,0.4971415721575887,0.7,exponential,255,True,837.0,837.0,837,837,"min(t_0, 1000000)",3.8061,3.8061,0,0.0,1.0,1.0,10000,1000000
10000,0.7,0.4,0.010266767126901843,3.684136148790474,0.0027867501938744826,0.4971415721575887,0.7,exponential,256,True,933.0,933.0,933,933,"min(t_0, 1000000)",3.8363998,3.8363998,0,0.0,1.0,1.0,10000,1000000
10000,0.7,0.4,0.010266767126901843,3.684136148790474,0.0027867501938744826,0.4971415721575887,0.7,exponential,257,True,444.0,444.0,444,444,"min(t_0, 1000000)",3.7063,3.7063,0,0.0,1.0,1.0,10000,1000000
10000,0.7,0.4,0.010266767126901843,3.684136148790474,0.0027867501938744826,0.4971415721575887,0.7,exponential,258,True,1374.0,1374.0,1374,1374,"min(t_0, 1000000)",4.0221,4.0221,0,0.0,1.0,1.0,10000,1000000
10000,0.7,0.4,0.010266767126901843,3.684136148790474,0.0027867501938744826,0.4971415721575887,0.7,exponential,259,True,1851.0,1851.0,1851,1851,"min(t_0, 1000000)",3.9153998,3.9153998,0,0.0,1.0,1.0,10000,1000000
10000,0.7,0.4,0.010266767126901843,3.684136148790474,0.0027867501938744826,0.4971415721575887,0.7,exponential,260,True,524.0,524.0,524,524,"min(t_0, 1000000)",4.1696,4.1696,0,0.0,1.0,1.0,10000,1000000
10000,0.7,0.4,0.010266767126901843,3.684136148790474,0.0027867501938744826,0.4971415721575887,0.7,exponential,261,True,1997.0,1997.0,1997,1997,"min(t_0, 1000000)",4.1802,4.1802,0,0.0,1.0,1.0,10000,1000000
10000,0.7,0.4,0.010266767126901843,3.684136148790474,0.0027867501938744826,0.4971415721575887,0.7,exponential,262,True,174.0,174.0,174,174,"min(t_0, 1000000)",3.7967,3.7967,0,0.0,1.0,1.0,10000,1000000
10000,0.7,0.4,0.010266767126901843,3.684136148790474,0.0027867501938744826,0.4971415721575887,0.7,exponential,263,True,517.0,517.0,517,517,"min(t_0, 1000000)",3.9189,3.9189,0,0.0,1.0,1.0,10000,1000000
10000,0.7,0.4,0.010266767126901843,3.684136148790474,0.0027867501938744826,0.4971415721575887,0.7,exponential,264,True,492.0,492.0,492,492,"min(t_0, 1000000)",3.5858998,3.5858998,0,0.0,1.0,1.0,10000,1000000
10000,0.7,0.4,0.010266767126901843,3.684136148790474,0.0027867501938744826,0.4971415721575887,0.7,exponential,265,True,774.0,774.0,774,774,"min(t_0, 1000000)",4.249,4.249,0,0.0,1.0,1.0,10000,1000000
10000,0.7,0.4,0.010266767126901843,3.684136148790474,0.0027867501938744826,0.4971415721575887,0.7,exponential,266,True,144.0,144.0,144,144,"min(t_0, 1000000)",4.0713,4.0713,0,0.0,1.0,1.0,10000,1000000
10000,0.7,0.4,0.010266767126901843,3.684136148790474,0.0027867501938744826,0.4971415721575887,0.7,exponential,267,True,135.0,135.0,135,135,"min(t_0, 1000000)",3.8927999,3.8927999,0,0.0,1.0,1.0,10000,1000000
10000,0.7,0.4,0.010266767126901843,3.684136148790474,0.0027867501938744826,0.4971415721575887,0.7,exponential,268,True,1236.0,1236.0,1236,1236,"min(t_0, 1000000)",3.7835999,3.7835999,0,0.0,1.0,1.0,10000,1000000
10000,0.7,0.4,0.010266767126901843,3.684136148790474,0.0027867501938744826,0.4971415721575887,0.7,exponential,269,True,350.0,350.0,350,350,"min(t_0, 1000000)",3.7150998,3.7150998,0,0.0,1.0,1.0,10000,1000000
10000,0.7,0.4,0.010266767126901843,3.684136148790474,0.0027867501938744826,0.4971415721575887,0.7,exponential,270,True,1264.0,1264.0,1264,1264,"min(t_0, 1000000)",3.4959,3.4959,0,0.0,1.0,1.0,10000,1000000
10000,0.7,0.4,0.010266767126901843,3.684136148790474,0.0027867501938744826,0.4971415721575887,0.7,exponential,271,True,465.0,465.0,465,465,"min(t_0, 1000000)",4.012,4.012,0,0.0,1.0,1.0,10000,1000000
10000,0.7,0.4,0.010266767126901843,3.684136148790474,0.0027867501938744826,0.4971415721575887,0.7,exponential,272,True,654.0,654.0,654,654,"min(t_0, 1000000)",4.8037,4.8037,0,0.0,1.0,1.0,10000,1000000
10000,0.7,0.4,0.010266767126901843,3.684136148790474,0.0027867501938744826,0.4971415721575887,0.7,exponential,273,True,154.0,154.0,154,154,"min(t_0, 1000000)",3.7180998,3.7180998,0,0.0,1.0,1.0,10000,1000000
10000,0.7,0.4,0.010266767126901843,3.684136148790474,0.0027867501938744826,0.4971415721575887,0.7,exponential,274,True,452.0,452.0,452,452,"min(t_0, 1000000)",3.9078,3.9078,0,0.0,1.0,1.0,10000,1000000
10000,0.7,0.4,0.010266767126901843,3.684136148790474,0.0027867501938744826,0.4971415721575887,0.7,exponential,275,True,1793.0,1793.0,1793,1793,"min(t_0, 1000000)",4.0221,4.0221,0,0.0,1.0,1.0,10000,1000000
10000,0.7,0.4,0.010266767126901843,3.684136148790474,0.0027867501938744826,0.4971415721575887,0.7,exponential,276,True,172.0,172.0,172,172,"min(t_0, 1000000)",3.5993998,3.5993998,0,0.0,1.0,1.0,10000,1000000
10000,0.7,0.4,0.010266767126901843,3.684136148790474,0.0027867501938744826,0.4971415721575887,0.7,exponential,277,True,1069.0,1069.0,1069,1069,"min(t_0, 1000000)",3.4385,3.4385,0,0.0,1.0,1.0,10000,1000000
10000,0.7,0.4,0.010266767126901843,3.684136148790474,0.0027867501938744826,0.4971415721575887,0.7,exponential,278,True,1181.0,1181.0,1181,1181,"min(t_0, 1000000)",4.1274,4.1274,0,0.0,1.0,1.0,10000,1000000
10000,0.7,0.4,0.010266767126901843,3.684136148790474,0.0027867501938744826,0.4971415721575887,0.7,exponential,279,True,406.0,406.0,406,406,"min(t_0, 1000000)",3.7057998,3.7057998,0,0.0,1.0,1.0,10000,1000000
10000,0.7,0.4,0.010266767126901843,3.684136148790474,0.0027867501938744826,0.4971415721575887,0.7,exponential,280,True,1076.0,1076.0,1076,1076,"min(t_0, 1000000)",3.7717998,3.7717998,0,0.0,1.0,1.0,10000,1000000
10000,0.7,0.4,0.010266767126901843,3.684136148790474,0.0027867501938744826,0.4971415721575887,0.7,exponential,281,True,1401.0,1401.0,1401,1401,"min(t_0, 1000000)",3.3941998,3.3941998,0,0.0,1.0,1.0,10000,1000000
10000,0.7,0.4,0.010266767126901843,3.684136148790474,0.0027867501938744826,0.4971415721575887,0.7,exponential,282,True,372.0,372.0,372,372,"min(t_0, 1000000)",3.767,3.767,0,0.0,1.0,1.0,10000,1000000
10000,0.7,0.4,0.010266767126901843,3.684136148790474,0.0027867501938744826,0.4971415721575887,0.7,exponential,283,True,1807.0,1807.0,1807,1807,"min(t_0, 1000000)",3.9134,3.9134,0,0.0,1.0,1.0,10000,1000000
10000,0.7,0.4,0.010266767126901843,3.684136148790474,0.0027867501938744826,0.4971415721575887,0.7,exponential,284,True,462.0,462.0,462,462,"min(t_0, 1000000)",3.9276,3.9276,0,0.0,1.0,1.0,10000,1000000
10000,0.7,0.4,0.010266767126901843,3.684136148790474,0.0027867501938744826,0.4971415721575887,0.7,exponential,285,True,341.0,341.0,341,341,"min(t_0, 1000000)",3.7759,3.7759,0,0.0,1.0,1.0,10000,1000000
10000,0.7,0.4,0.010266767126901843,3.684136148790474,0.0027867501938744826,0.4971415721575887,0.7,exponential,286,True,2420.0,2420.0,2420,2420,"min(t_0, 1000000)",4.6475,4.6475,0,0.0,1.0,1.0,10000,1000000
10000,0.7,0.4,0.010266767126901843,3.684136148790474,0.0027867501938744826,0.4971415721575887,0.7,exponential,287,True,190.0,190.0,190,190,"min(t_0, 1000000)",4.4838,4.4838,0,0.0,1.0,1.0,10000,1000000
10000,0.7,0.4,0.010266767126901843,3.684136148790474,0.0027867501938744826,0.4971415721575887,0.7,exponential,288,True,1419.0,1419.0,1419,1419,"min(t_0, 1000000)",3.4989998,3.4989998,0,0.0,1.0,1.0,10000,1000000
10000,0.7,0.4,0.010266767126901843,3.684136148790474,0.0027867501938744826,0.4971415721575887,0.7,exponential,289,True,2411.0,2411.0,2411,2411,"min(t_0, 1000000)",4.1226997,4.1226997,0,0.0,1.0,1.0,10000,1000000
10000,0.7,0.4,0.010266767126901843,3.684136148790474,0.0027867501938744826,0.4971415721575887,0.7,exponential,290,True,681.0,681.0,681,681,"min(t_0, 1000000)",3.7658,3.7658,0,0.0,1.0,1.0,10000,1000000
10000,0.7,0.4,0.010266767126901843,3.684136148790474,0.0027867501938744826,0.4971415721575887,0.7,exponential,291,True,3731.0,3731.0,3731,3731,"min(t_0, 1000000)",3.9991999,3.9991999,0,0.0,1.0,1.0,10000,1000000
10000,0.7,0.4,0.010266767126901843,3.684136148790474,0.0027867501938744826,0.4971415721575887,0.7,exponential,292,True,401.0,401.0,401,401,"min(t_0, 1000000)",3.5430999,3.5430999,0,0.0,1.0,1.0,10000,1000000
10000,0.7,0.4,0.010266767126901843,3.684136148790474,0.0027867501938744826,0.4971415721575887,0.7,exponential,293,True,257.0,257.0,257,257,"min(t_0, 1000000)",3.6106,3.6106,0,0.0,1.0,1.0,10000,1000000
10000,0.7,0.4,0.010266767126901843,3.684136148790474,0.0027867501938744826,0.4971415721575887,0.7,exponential,294,True,674.0,674.0,674,674,"min(t_0, 1000000)",3.7656,3.7656,0,0.0,1.0,1.0,10000,1000000
10000,0.7,0.4,0.010266767126901843,3.684136148790474,0.0027867501938744826,0.4971415721575887,0.7,exponential,295,True,2495.0,2495.0,2495,2495,"min(t_0, 1000000)",3.8262,3.8262,0,0.0,1.0,1.0,10000,1000000
10000,0.7,0.4,0.010266767126901843,3.684136148790474,0.0027867501938744826,0.4971415721575887,0.7,exponential,296,True,499.0,499.0,499,499,"min(t_0, 1000000)",3.9580998,3.9580998,0,0.0,1.0,1.0,10000,1000000
10000,0.7,0.4,0.010266767126901843,3.684136148790474,0.0027867501938744826,0.4971415721575887,0.7,exponential,297,True,688.0,688.0,688,688,"min(t_0, 1000000)",4.4695997,4.4695997,0,0.0,1.0,1.0,10000,1000000
10000,0.7,0.4,0.010266767126901843,3.684136148790474,0.0027867501938744826,0.4971415721575887,0.7,exponential,298,True,4013.0,4013.0,4013,4013,"min(t_0, 1000000)",3.9494998,3.9494998,0,0.0,1.0,1.0,10000,1000000
10000,0.7,0.4,0.010266767126901843,3.684136148790474,0.0027867501938744826,0.4971415721575887,0.7,exponential,299,True,4043.0,4043.0,4043,4043,"min(t_0, 1000000)",3.7544,3.7544,0,0.0,1.0,1.0,10000,1000000
10000,0.7,0.4,0.010266767126901843,3.684136148790474,0.0027867501938744826,0.4971415721575887,0.7,exponential,300,True,206.0,206.0,206,206,"min(t_0, 1000000)",4.2025,4.2025,0,0.0,1.0,1.0,10000,1000000
10000,0.7,0.4,0.010266767126901843,3.684136148790474,0.0027867501938744826,0.4971415721575887,0.7,exponential,301,True,1354.0,1354.0,1354,1354,"min(t_0, 1000000)",4.5548,4.5548,0,0.0,1.0,1.0,10000,1000000
10000,0.7,0.4,0.010266767126901843,3.684136148790474,0.0027867501938744826,0.4971415721575887,0.7,exponential,302,True,408.0,408.0,408,408,"min(t_0, 1000000)",3.8967,3.8967,0,0.0,1.0,1.0,10000,1000000
10000,0.7,0.4,0.010266767126901843,3.684136148790474,0.0027867501938744826,0.4971415721575887,0.7,exponential,303,True,3784.0,3784.0,3784,3784,"min(t_0, 1000000)",3.5149,3.5149,0,0.0,1.0,1.0,10000,1000000
10000,0.7,0.4,0.010266767126901843,3.684136148790474,0.0027867501938744826,0.4971415721575887,0.7,exponential,304,True,1618.0,1618.0,1618,1618,"min(t_0, 1000000)",4.1966,4.1966,0,0.0,1.0,1.0,10000,1000000
10000,0.7,0.4,0.010266767126901843,3.684136148790474,0.0027867501938744826,0.4971415721575887,0.7,exponential,305,True,143.0,143.0,143,143,"min(t_0, 1000000)",3.8467999,3.8467999,0,0.0,1.0,1.0,10000,1000000
10000,0.7,0.4,0.010266767126901843,3.684136148790474,0.0027867501938744826,0.4971415721575887,0.7,exponential,306,True,272.0,272.0,272,272,"min(t_0, 1000000)",3.674,3.674,0,0.0,1.0,1.0,10000,1000000
10000,0.7,0.4,0.010266767126901843,3.684136148790474,0.0027867501938744826,0.4971415721575887,0.7,exponential,307,True,2723.0,2723.0,2723,2723,"min(t_0, 1000000)",3.3474998,3.3474998,0,0.0,1.0,1.0,10000,1000000
10000,0.7,0.4,0.010266767126901843,3.684136148790474,0.0027867501938744826,0.4971415721575887,0.7,exponential,308,True,704.0,704.0,704,704,"min(t_0, 1000000)",4.7446,4.7446,0,0.0,1.0,1.0,10000,1000000
10000,0.7,0.4,0.010266767126901843,3.684136148790474,0.0027867501938744826,0.4971415721575887,0.7,exponential,309,True,573.0,573.0,573,573,"min(t_0, 1000000)",3.3021998,3.3021998,0,0.0,1.0,1.0,10000,1000000
10000,0.7,0.4,0.010266767126901843,3.684136148790474,0.0027867501938744826,0.4971415721575887,0.7,exponential,310,True,801.0,801.0,801,801,"min(t_0, 1000000)",4.884,4.884,0,0.0,1.0,1.0,10000,1000000
10000,0.7,0.4,0.010266767126901843,3.684136148790474,0.0027867501938744826,0.4971415721575887,0.7,exponential,311,True,719.0,719.0,719,719,"min(t_0, 1000000)",3.866,3.866,0,0.0,1.0,1.0,10000,1000000
10000,0.7,0.4,0.010266767126901843,3.684136148790474,0.0027867501938744826,0.4971415721575887,0.7,exponential,312,True,87.0,87.0,87,87,"min(t_0, 1000000)",3.7882998,3.7882998,0,0.0,1.0,1.0,10000,1000000
10000,0.7,0.4,0.010266767126901843,3.684136148790474,0.0027867501938744826,0.4971415721575887,0.7,exponential,313,True,2172.0,2172.0,2172,2172,"min(t_0, 1000000)",3.4747,3.4747,0,0.0,1.0,1.0,10000,1000000
10000,0.7,0.4,0.010266767126901843,3.684136148790474,0.0027867501938744826,0.4971415721575887,0.7,exponential,314,True,611.0,611.0,611,611,"min(t_0, 1000000)",3.5702999,3.5702999,0,0.0,1.0,1.0,10000,1000000
10000,0.7,0.4,0.010266767126901843,3.684136148790474,0.0027867501938744826,0.4971415721575887,0.7,exponential,315,True,506.0,506.0,506,506,"min(t_0, 1000000)",3.9034,3.9034,0,0.0,1.0,1.0,10000,1000000
10000,0.7,0.4,0.010266767126901843,3.684136148790474,0.0027867501938744826,0.4971415721575887,0.7,exponential,316,True,3601.0,3601.0,3601,3601,"min(t_0, 1000000)",3.5486999,3.5486999,0,0.0,1.0,1.0,10000,1000000
10000,0.7,0.4,0.010266767126901843,3.684136148790474,0.0027867501938744826,0.4971415721575887,0.7,exponential,317,True,1909.0,1909.0,1909,1909,"min(t_0, 1000000)",3.8859,3.8859,0,0.0,1.0,1.0,10000,1000000
10000,0.7,0.4,0.010266767126901843,3.684136148790474,0.0027867501938744826,0.4971415721575887,0.7,exponential,318,True,1235.0,1235.0,1235,1235,"min(t_0, 1000000)",4.2406,4.2406,0,0.0,1.0,1.0,10000,1000000
10000,0.7,0.4,0.010266767126901843,3.684136148790474,0.0027867501938744826,0.4971415721575887,0.7,exponential,319,True,253.0,253.0,253,253,"min(t_0, 1000000)",3.6643999,3.6643999,0,0.0,1.0,1.0,10000,1000000
10000,0.7,0.4,0.010266767126901843,3.684136148790474,0.0027867501938744826,0.4971415721575887,0.7,exponential,320,True,180.0,180.0,180,180,"min(t_0, 1000000)",3.7944999,3.7944999,0,0.0,1.0,1.0,10000,1000000
10000,0.7,0.4,0.010266767126901843,3.684136148790474,0.0027867501938744826,0.4971415721575887,0.7,exponential,321,True,255.0,255.0,255,255,"min(t_0, 1000000)",4.225,4.225,0,0.0,1.0,1.0,10000,1000000
10000,0.7,0.4,0.010266767126901843,3.684136148790474,0.0027867501938744826,0.4971415721575887,0.7,exponential,322,True,298.0,298.0,298,298,"min(t_0, 1000000)",4.0582,4.0582,0,0.0,1.0,1.0,10000,1000000
10000,0.7,0.4,0.010266767126901843,3.684136148790474,0.0027867501938744826,0.4971415721575887,0.7,exponential,323,True,2282.0,2282.0,2282,2282,"min(t_0, 1000000)",3.6711998,3.6711998,0,0.0,1.0,1.0,10000,1000000
10000,0.7,0.4,0.010266767126901843,3.684136148790474,0.0027867501938744826,0.4971415721575887,0.7,exponential,324,True,1411.0,1411.0,1411,1411,"min(t_0, 1000000)",4.5621,4.5621,0,0.0,1.0,1.0,10000,1000000
10000,0.7,0.4,0.010266767126901843,3.684136148790474,0.0027867501938744826,0.4971415721575887,0.7,exponential,325,True,1907.0,1907.0,1907,1907,"min(t_0, 1000000)",4.6696,4.6696,0,0.0,1.0,1.0,10000,1000000
10000,0.7,0.4,0.010266767126901843,3.684136148790474,0.0027867501938744826,0.4971415721575887,0.7,exponential,326,True,858.0,858.0,858,858,"min(t_0, 1000000)",3.7819,3.7819,0,0.0,1.0,1.0,10000,1000000
10000,0.7,0.4,0.010266767126901843,3.684136148790474,0.0027867501938744826,0.4971415721575887,0.7,exponential,327,True,2120.0,2120.0,2120,2120,"min(t_0, 1000000)",3.7421,3.7421,0,0.0,1.0,1.0,10000,1000000
10000,0.7,0.4,0.010266767126901843,3.684136148790474,0.0027867501938744826,0.4971415721575887,0.7,exponential,328,True,2402.0,2402.0,2402,2402,"min(t_0, 1000000)",4.0797,4.0797,0,0.0,1.0,1.0,10000,1000000
10000,0.7,0.4,0.010266767126901843,3.684136148790474,0.0027867501938744826,0.4971415721575887,0.7,exponential,329,True,303.0,303.0,303,303,"min(t_0, 1000000)",3.786,3.786,0,0.0,1.0,1.0,10000,1000000
10000,0.7,0.4,0.010266767126901843,3.684136148790474,0.0027867501938744826,0.4971415721575887,0.7,exponential,330,True,1000.0,1000.0,1000,1000,"min(t_0, 1000000)",4.3487,4.3487,0,0.0,1.0,1.0,10000,1000000
10000,0.7,0.4,0.010266767126901843,3.684136148790474,0.0027867501938744826,0.4971415721575887,0.7,exponential,331,True,878.0,878.0,878,878,"min(t_0, 1000000)",3.8165998,3.8165998,0,0.0,1.0,1.0,10000,1000000
10000,0.7,0.4,0.010266767126901843,3.684136148790474,0.0027867501938744826,0.4971415721575887,0.7,exponential,332,True,1689.0,1689.0,1689,1689,"min(t_0, 1000000)",3.836,3.836,0,0.0,1.0,1.0,10000,1000000
10000,0.7,0.4,0.010266767126901843,3.684136148790474,0.0027867501938744826,0.4971415721575887,0.7,exponential,333,True,419.0,419.0,419,419,"min(t_0, 1000000)",4.0137,4.0137,0,0.0,1.0,1.0,10000,1000000
10000,0.7,0.4,0.010266767126901843,3.684136148790474,0.0027867501938744826,0.4971415721575887,0.7,exponential,334,True,577.0,577.0,577,577,"min(t_0, 1000000)",3.9689,3.9689,0,0.0,1.0,1.0,10000,1000000
10000,0.7,0.4,0.010266767126901843,3.684136148790474,0.0027867501938744826,0.4971415721575887,0.7,exponential,335,True,649.0,649.0,649,649,"min(t_0, 1000000)",4.315,4.315,0,0.0,1.0,1.0,10000,1000000
10000,0.7,0.4,0.010266767126901843,3.684136148790474,0.0027867501938744826,0.4971415721575887,0.7,exponential,336,True,542.0,542.0,542,542,"min(t_0, 1000000)",3.5939,3.5939,0,0.0,1.0,1.0,10000,1000000
10000,0.7,0.4,0.010266767126901843,3.684136148790474,0.0027867501938744826,0.4971415721575887,0.7,exponential,337,True,201.0,201.0,201,201,"min(t_0, 1000000)",4.2904,4.2904,0,0.0,1.0,1.0,10000,1000000
10000,0.7,0.4,0.010266767126901843,3.684136148790474,0.0027867501938744826,0.4971415721575887,0.7,exponential,338,True,898.0,898.0,898,898,"min(t_0, 1000000)",3.9817,3.9817,0,0.0,1.0,1.0,10000,1000000
10000,0.7,0.4,0.010266767126901843,3.684136148790474,0.0027867501938744826,0.4971415721575887,0.7,exponential,339,True,1152.0,1152.0,1152,1152,"min(t_0, 1000000)",3.9777,3.9777,0,0.0,1.0,1.0,10000,1000000
10000,0.7,0.4,0.010266767126901843,3.684136148790474,0.0027867501938744826,0.4971415721575887,0.7,exponential,340,True,741.0,741.0,741,741,"min(t_0, 1000000)",4.6412,4.6412,0,0.0,1.0,1.0,10000,1000000
10000,0.7,0.4,0.010266767126901843,3.684136148790474,0.0027867501938744826,0.4971415721575887,0.7,exponential,341,True,921.0,921.0,921,921,"min(t_0, 1000000)",4.1154,4.1154,0,0.0,1.0,1.0,10000,1000000
10000,0.7,0.4,0.010266767126901843,3.684136148790474,0.0027867501938744826,0.4971415721575887,0.7,exponential,342,True,995.0,995.0,995,995,"min(t_0, 1000000)",4.1435,4.1435,0,0.0,1.0,1.0,10000,1000000
10000,0.7,0.4,0.010266767126901843,3.684136148790474,0.0027867501938744826,0.4971415721575887,0.7,exponential,343,True,410.0,410.0,410,410,"min(t_0, 1000000)",3.4197998,3.4197998,0,0.0,1.0,1.0,10000,1000000
10000,0.7,0.4,0.010266767126901843,3.684136148790474,0.0027867501938744826,0.4971415721575887,0.7,exponential,344,True,565.0,565.0,565,565,"min(t_0, 1000000)",3.5161,3.5161,0,0.0,1.0,1.0,10000,1000000
10000,0.7,0.4,0.010266767126901843,3.684136148790474,0.0027867501938744826,0.4971415721575887,0.7,exponential,345,True,1134.0,1134.0,1134,1134,"min(t_0, 1000000)",3.7115998,3.7115998,0,0.0,1.0,1.0,10000,1000000
10000,0.7,0.4,0.010266767126901843,3.684136148790474,0.0027867501938744826,0.4971415721575887,0.7,exponential,346,True,2111.0,2111.0,2111,2111,"min(t_0, 1000000)",4.0910997,4.0910997,0,0.0,1.0,1.0,10000,1000000
10000,0.7,0.4,0.010266767126901843,3.684136148790474,0.0027867501938744826,0.4971415721575887,0.7,exponential,347,True,1844.0,1844.0,1844,1844,"min(t_0, 1000000)",4.3139997,4.3139997,0,0.0,1.0,1.0,10000,1000000
10000,0.7,0.4,0.010266767126901843,3.684136148790474,0.0027867501938744826,0.4971415721575887,0.7,exponential,348,True,833.0,833.0,833,833,"min(t_0, 1000000)",4.832,4.832,0,0.0,1.0,1.0,10000,1000000
10000,0.7,0.4,0.010266767126901843,3.684136148790474,0.0027867501938744826,0.4971415721575887,0.7,exponential,349,True,272.0,272.0,272,272,"min(t_0, 1000000)",4.0116,4.0116,0,0.0,1.0,1.0,10000,1000000
10000,0.7,0.4,0.010266767126901843,3.684136148790474,0.0027867501938744826,0.4971415721575887,0.7,exponential,350,True,1111.0,1111.0,1111,1111,"min(t_0, 1000000)",3.9759998,3.9759998,0,0.0,1.0,1.0,10000,1000000
10000,0.7,0.4,0.010266767126901843,3.684136148790474,0.0027867501938744826,0.4971415721575887,0.7,exponential,351,True,924.0,924.0,924,924,"min(t_0, 1000000)",3.8871999,3.8871999,0,0.0,1.0,1.0,10000,1000000
10000,0.7,0.4,0.010266767126901843,3.684136148790474,0.0027867501938744826,0.4971415721575887,0.7,exponential,352,True,870.0,870.0,870,870,"min(t_0, 1000000)",4.1056,4.1056,0,0.0,1.0,1.0,10000,1000000
10000,0.7,0.4,0.010266767126901843,3.684136148790474,0.0027867501938744826,0.4971415721575887,0.7,exponential,353,True,212.0,212.0,212,212,"min(t_0, 1000000)",4.074,4.074,0,0.0,1.0,1.0,10000,1000000
10000,0.7,0.4,0.010266767126901843,3.684136148790474,0.0027867501938744826,0.4971415721575887,0.7,exponential,354,True,519.0,519.0,519,519,"min(t_0, 1000000)",3.7914999,3.7914999,0,0.0,1.0,1.0,10000,1000000
10000,0.7,0.4,0.010266767126901843,3.684136148790474,0.0027867501938744826,0.4971415721575887,0.7,exponential,355,True,414.0,414.0,414,414,"min(t_0, 1000000)",3.74,3.74,0,0.0,1.0,1.0,10000,1000000
10000,0.7,0.4,0.010266767126901843,3.684136148790474,0.0027867501938744826,0.4971415721575887,0.7,exponential,356,True,1248.0,1248.0,1248,1248,"min(t_0, 1000000)",3.8621,3.8621,0,0.0,1.0,1.0,10000,1000000
10000,0.7,0.4,0.010266767126901843,3.684136148790474,0.0027867501938744826,0.4971415721575887,0.7,exponential,357,True,4401.0,4401.0,4401,4401,"min(t_0, 1000000)",4.0316,4.0316,0,0.0,1.0,1.0,10000,1000000
10000,0.7,0.4,0.010266767126901843,3.684136148790474,0.0027867501938744826,0.4971415721575887,0.7,exponential,358,True,182.0,182.0,182,182,"min(t_0, 1000000)",3.9311,3.9311,0,0.0,1.0,1.0,10000,1000000
10000,0.7,0.4,0.010266767126901843,3.684136148790474,0.0027867501938744826,0.4971415721575887,0.7,exponential,359,True,2964.0,2964.0,2964,2964,"min(t_0, 1000000)",3.8305,3.8305,0,0.0,1.0,1.0,10000,1000000
10000,0.7,0.4,0.010266767126901843,3.684136148790474,0.0027867501938744826,0.4971415721575887,0.7,exponential,360,True,919.0,919.0,919,919,"min(t_0, 1000000)",3.4547,3.4547,0,0.0,1.0,1.0,10000,1000000
10000,0.7,0.4,0.010266767126901843,3.684136148790474,0.0027867501938744826,0.4971415721575887,0.7,exponential,361,True,609.0,609.0,609,609,"min(t_0, 1000000)",3.8058999,3.8058999,0,0.0,1.0,1.0,10000,1000000
10000,0.7,0.4,0.010266767126901843,3.684136148790474,0.0027867501938744826,0.4971415721575887,0.7,exponential,362,True,1296.0,1296.0,1296,1296,"min(t_0, 1000000)",4.0027,4.0027,0,0.0,1.0,1.0,10000,1000000
10000,0.7,0.4,0.010266767126901843,3.684136148790474,0.0027867501938744826,0.4971415721575887,0.7,exponential,363,True,1271.0,1271.0,1271,1271,"min(t_0, 1000000)",4.0022,4.0022,0,0.0,1.0,1.0,10000,1000000
10000,0.7,0.4,0.010266767126901843,3.684136148790474,0.0027867501938744826,0.4971415721575887,0.7,exponential,364,True,1619.0,1619.0,1619,1619,"min(t_0, 1000000)",3.9436998,3.9436998,0,0.0,1.0,1.0,10000,1000000
10000,0.7,0.4,0.010266767126901843,3.684136148790474,0.0027867501938744826,0.4971415721575887,0.7,exponential,365,True,138.0,138.0,138,138,"min(t_0, 1000000)",3.695,3.695,0,0.0,1.0,1.0,10000,1000000
10000,0.7,0.4,0.010266767126901843,3.684136148790474,0.0027867501938744826,0.4971415721575887,0.7,exponential,366,True,2332.0,2332.0,2332,2332,"min(t_0, 1000000)",4.4491997,4.4491997,0,0.0,1.0,1.0,10000,1000000
10000,0.7,0.4,0.010266767126901843,3.684136148790474,0.0027867501938744826,0.4971415721575887,0.7,exponential,367,True,490.0,490.0,490,490,"min(t_0, 1000000)",4.4382997,4.4382997,0,0.0,1.0,1.0,10000,1000000
10000,0.7,0.4,0.010266767126901843,3.684136148790474,0.0027867501938744826,0.4971415721575887,0.7,exponential,368,True,1028.0,1028.0,1028,1028,"min(t_0, 1000000)",4.2089,4.2089,0,0.0,1.0,1.0,10000,1000000
10000,0.7,0.4,0.010266767126901843,3.684136148790474,0.0027867501938744826,0.4971415721575887,0.7,exponential,369,True,141.0,141.0,141,141,"min(t_0, 1000000)",3.8400998,3.8400998,0,0.0,1.0,1.0,10000,1000000
10000,0.7,0.4,0.010266767126901843,3.684136148790474,0.0027867501938744826,0.4971415721575887,0.7,exponential,370,True,2290.0,2290.0,2290,2290,"min(t_0, 1000000)",4.218,4.218,0,0.0,1.0,1.0,10000,1000000
10000,0.7,0.4,0.010266767126901843,3.684136148790474,0.0027867501938744826,0.4971415721575887,0.7,exponential,371,True,156.0,156.0,156,156,"min(t_0, 1000000)",3.8358,3.8358,0,0.0,1.0,1.0,10000,1000000
10000,0.7,0.4,0.010266767126901843,3.684136148790474,0.0027867501938744826,0.4971415721575887,0.7,exponential,372,True,649.0,649.0,649,649,"min(t_0, 1000000)",3.9345999,3.9345999,0,0.0,1.0,1.0,10000,1000000
10000,0.7,0.4,0.010266767126901843,3.684136148790474,0.0027867501938744826,0.4971415721575887,0.7,exponential,373,True,2436.0,2436.0,2436,2436,"min(t_0, 1000000)",4.2015,4.2015,0,0.0,1.0,1.0,10000,1000000
10000,0.7,0.4,0.010266767126901843,3.684136148790474,0.0027867501938744826,0.4971415721575887,0.7,exponential,374,True,1498.0,1498.0,1498,1498,"min(t_0, 1000000)",4.0213,4.0213,0,0.0,1.0,1.0,10000,1000000
10000,0.7,0.4,0.010266767126901843,3.684136148790474,0.0027867501938744826,0.4971415721575887,0.7,exponential,375,True,1346.0,1346.0,1346,1346,"min(t_0, 1000000)",4.7634997,4.7634997,0,0.0,1.0,1.0,10000,1000000
10000,0.7,0.4,0.010266767126901843,3.684136148790474,0.0027867501938744826,0.4971415721575887,0.7,exponential,376,True,2662.0,2662.0,2662,2662,"min(t_0, 1000000)",3.3883,3.3883,0,0.0,1.0,1.0,10000,1000000
10000,0.7,0.4,0.010266767126901843,3.684136148790474,0.0027867501938744826,0.4971415721575887,0.7,exponential,377,True,867.0,867.0,867,867,"min(t_0, 1000000)",3.3783,3.3783,0,0.0,1.0,1.0,10000,1000000
10000,0.7,0.4,0.010266767126901843,3.684136148790474,0.0027867501938744826,0.4971415721575887,0.7,exponential,378,True,2054.0,2054.0,2054,2054,"min(t_0, 1000000)",3.8722,3.8722,0,0.0,1.0,1.0,10000,1000000
10000,0.7,0.4,0.010266767126901843,3.684136148790474,0.0027867501938744826,0.4971415721575887,0.7,exponential,379,True,138.0,138.0,138,138,"min(t_0, 1000000)",3.5661,3.5661,0,0.0,1.0,1.0,10000,1000000
10000,0.7,0.4,0.010266767126901843,3.684136148790474,0.0027867501938744826,0.4971415721575887,0.7,exponential,380,True,226.0,226.0,226,226,"min(t_0, 1000000)",3.7484,3.7484,0,0.0,1.0,1.0,10000,1000000
10000,0.7,0.4,0.010266767126901843,3.684136148790474,0.0027867501938744826,0.4971415721575887,0.7,exponential,381,True,817.0,817.0,817,817,"min(t_0, 1000000)",3.5913,3.5913,0,0.0,1.0,1.0,10000,1000000
10000,0.7,0.4,0.010266767126901843,3.684136148790474,0.0027867501938744826,0.4971415721575887,0.7,exponential,382,True,588.0,588.0,588,588,"min(t_0, 1000000)",4.0064,4.0064,0,0.0,1.0,1.0,10000,1000000
10000,0.7,0.4,0.010266767126901843,3.684136148790474,0.0027867501938744826,0.4971415721575887,0.7,exponential,383,True,589.0,589.0,589,589,"min(t_0, 1000000)",4.5123,4.5123,0,0.0,1.0,1.0,10000,1000000
10000,0.7,0.4,0.010266767126901843,3.684136148790474,0.0027867501938744826,0.4971415721575887,0.7,exponential,384,True,3690.0,3690.0,3690,3690,"min(t_0, 1000000)",3.9838998,3.9838998,0,0.0,1.0,1.0,10000,1000000
10000,0.7,0.4,0.010266767126901843,3.684136148790474,0.0027867501938744826,0.4971415721575887,0.7,exponential,385,True,223.0,223.0,223,223,"min(t_0, 1000000)",3.6754,3.6754,0,0.0,1.0,1.0,10000,1000000
10000,0.7,0.4,0.010266767126901843,3.684136148790474,0.0027867501938744826,0.4971415721575887,0.7,exponential,386,True,1063.0,1063.0,1063,1063,"min(t_0, 1000000)",3.7642,3.7642,0,0.0,1.0,1.0,10000,1000000
10000,0.7,0.4,0.010266767126901843,3.684136148790474,0.0027867501938744826,0.4971415721575887,0.7,exponential,387,True,197.0,197.0,197,197,"min(t_0, 1000000)",3.9817998,3.9817998,0,0.0,1.0,1.0,10000,1000000
10000,0.7,0.4,0.010266767126901843,3.684136148790474,0.0027867501938744826,0.4971415721575887,0.7,exponential,388,True,392.0,392.0,392,392,"min(t_0, 1000000)",4.1217,4.1217,0,0.0,1.0,1.0,10000,1000000
10000,0.7,0.4,0.010266767126901843,3.684136148790474,0.0027867501938744826,0.4971415721575887,0.7,exponential,389,True,3870.0,3870.0,3870,3870,"min(t_0, 1000000)",3.8425999,3.8425999,0,0.0,1.0,1.0,10000,1000000
10000,0.7,0.4,0.010266767126901843,3.684136148790474,0.0027867501938744826,0.4971415721575887,0.7,exponential,390,True,488.0,488.0,488,488,"min(t_0, 1000000)",3.9287,3.9287,0,0.0,1.0,1.0,10000,1000000
10000,0.7,0.4,0.010266767126901843,3.684136148790474,0.0027867501938744826,0.4971415721575887,0.7,exponential,391,True,1291.0,1291.0,1291,1291,"min(t_0, 1000000)",4.4578,4.4578,0,0.0,1.0,1.0,10000,1000000
10000,0.7,0.4,0.010266767126901843,3.684136148790474,0.0027867501938744826,0.4971415721575887,0.7,exponential,392,True,180.0,180.0,180,180,"min(t_0, 1000000)",3.9343998,3.9343998,0,0.0,1.0,1.0,10000,1000000
10000,0.7,0.4,0.010266767126901843,3.684136148790474,0.0027867501938744826,0.4971415721575887,0.7,exponential,393,True,1272.0,1272.0,1272,1272,"min(t_0, 1000000)",3.8302999,3.8302999,0,0.0,1.0,1.0,10000,1000000
10000,0.7,0.4,0.010266767126901843,3.684136148790474,0.0027867501938744826,0.4971415721575887,0.7,exponential,394,True,584.0,584.0,584,584,"min(t_0, 1000000)",3.8595,3.8595,0,0.0,1.0,1.0,10000,1000000
10000,0.7,0.4,0.010266767126901843,3.684136148790474,0.0027867501938744826,0.4971415721575887,0.7,exponential,395,True,4386.0,4386.0,4386,4386,"min(t_0, 1000000)",3.6999,3.6999,0,0.0,1.0,1.0,10000,1000000
10000,0.7,0.4,0.010266767126901843,3.684136148790474,0.0027867501938744826,0.4971415721575887,0.7,exponential,396,True,97.0,97.0,97,97,"min(t_0, 1000000)",3.8084998,3.8084998,0,0.0,1.0,1.0,10000,1000000
10000,0.7,0.4,0.010266767126901843,3.684136148790474,0.0027867501938744826,0.4971415721575887,0.7,exponential,397,True,1100.0,1100.0,1100,1100,"min(t_0, 1000000)",3.9843998,3.9843998,0,0.0,1.0,1.0,10000,1000000
10000,0.7,0.4,0.010266767126901843,3.684136148790474,0.0027867501938744826,0.4971415721575887,0.7,exponential,398,True,410.0,410.0,410,410,"min(t_0, 1000000)",3.1088,3.1088,0,0.0,1.0,1.0,10000,1000000
10000,0.7,0.4,0.010266767126901843,3.684136148790474,0.0027867501938744826,0.4971415721575887,0.7,exponential,399,True,493.0,493.0,493,493,"min(t_0, 1000000)",4.2195997,4.2195997,0,0.0,1.0,1.0,10000,1000000
10000,0.7,0.4,0.010266767126901843,3.684136148790474,0.0027867501938744826,0.4971415721575887,0.7,exponential,400,True,1274.0,1274.0,1274,1274,"min(t_0, 1000000)",3.8962998,3.8962998,0,0.0,1.0,1.0,10000,1000000
10000,0.7,0.4,0.010266767126901843,3.684136148790474,0.0027867501938744826,0.4971415721575887,0.7,exponential,401,True,566.0,566.0,566,566,"min(t_0, 1000000)",4.1465,4.1465,0,0.0,1.0,1.0,10000,1000000
10000,0.7,0.4,0.010266767126901843,3.684136148790474,0.0027867501938744826,0.4971415721575887,0.7,exponential,402,True,158.0,158.0,158,158,"min(t_0, 1000000)",3.8218,3.8218,0,0.0,1.0,1.0,10000,1000000
10000,0.7,0.4,0.010266767126901843,3.684136148790474,0.0027867501938744826,0.4971415721575887,0.7,exponential,403,True,5109.0,5109.0,5109,5109,"min(t_0, 1000000)",3.7164998,3.7164998,0,0.0,1.0,1.0,10000,1000000
10000,0.7,0.4,0.010266767126901843,3.684136148790474,0.0027867501938744826,0.4971415721575887,0.7,exponential,404,True,693.0,693.0,693,693,"min(t_0, 1000000)",3.5918999,3.5918999,0,0.0,1.0,1.0,10000,1000000
10000,0.7,0.4,0.010266767126901843,3.684136148790474,0.0027867501938744826,0.4971415721575887,0.7,exponential,405,True,619.0,619.0,619,619,"min(t_0, 1000000)",3.4201999,3.4201999,0,0.0,1.0,1.0,10000,1000000
10000,0.7,0.4,0.010266767126901843,3.684136148790474,0.0027867501938744826,0.4971415721575887,0.7,exponential,406,True,1093.0,1093.0,1093,1093,"min(t_0, 1000000)",4.2757,4.2757,0,0.0,1.0,1.0,10000,1000000
10000,0.7,0.4,0.010266767126901843,3.684136148790474,0.0027867501938744826,0.4971415721575887,0.7,exponential,407,True,726.0,726.0,726,726,"min(t_0, 1000000)",3.8943,3.8943,0,0.0,1.0,1.0,10000,1000000
10000,0.7,0.4,0.010266767126901843,3.684136148790474,0.0027867501938744826,0.4971415721575887,0.7,exponential,408,True,807.0,807.0,807,807,"min(t_0, 1000000)",3.9006,3.9006,0,0.0,1.0,1.0,10000,1000000
10000,0.7,0.4,0.010266767126901843,3.684136148790474,0.0027867501938744826,0.4971415721575887,0.7,exponential,409,True,1491.0,1491.0,1491,1491,"min(t_0, 1000000)",3.8967,3.8967,0,0.0,1.0,1.0,10000,1000000
10000,0.7,0.4,0.010266767126901843,3.684136148790474,0.0027867501938744826,0.4971415721575887,0.7,exponential,410,True,172.0,172.0,172,172,"min(t_0, 1000000)",3.9485,3.9485,0,0.0,1.0,1.0,10000,1000000
10000,0.7,0.4,0.010266767126901843,3.684136148790474,0.0027867501938744826,0.4971415721575887,0.7,exponential,411,True,563.0,563.0,563,563,"min(t_0, 1000000)",3.2735999,3.2735999,0,0.0,1.0,1.0,10000,1000000
10000,0.7,0.4,0.010266767126901843,3.684136148790474,0.0027867501938744826,0.4971415721575887,0.7,exponential,412,True,552.0,552.0,552,552,"min(t_0, 1000000)",4.3127,4.3127,0,0.0,1.0,1.0,10000,1000000
10000,0.7,0.4,0.010266767126901843,3.684136148790474,0.0027867501938744826,0.4971415721575887,0.7,exponential,413,True,2483.0,2483.0,2483,2483,"min(t_0, 1000000)",4.4881997,4.4881997,0,0.0,1.0,1.0,10000,1000000
10000,0.7,0.4,0.010266767126901843,3.684136148790474,0.0027867501938744826,0.4971415721575887,0.7,exponential,414,True,3078.0,3078.0,3078,3078,"min(t_0, 1000000)",3.7891,3.7891,0,0.0,1.0,1.0,10000,1000000
10000,0.7,0.4,0.010266767126901843,3.684136148790474,0.0027867501938744826,0.4971415721575887,0.7,exponential,415,True,175.0,175.0,175,175,"min(t_0, 1000000)",4.045,4.045,0,0.0,1.0,1.0,10000,1000000
10000,0.7,0.4,0.010266767126901843,3.684136148790474,0.0027867501938744826,0.4971415721575887,0.7,exponential,416,True,151.0,151.0,151,151,"min(t_0, 1000000)",4.026,4.026,0,0.0,1.0,1.0,10000,1000000
10000,0.7,0.4,0.010266767126901843,3.684136148790474,0.0027867501938744826,0.4971415721575887,0.7,exponential,417,True,3336.0,3336.0,3336,3336,"min(t_0, 1000000)",3.7907,3.7907,0,0.0,1.0,1.0,10000,1000000
10000,0.7,0.4,0.010266767126901843,3.684136148790474,0.0027867501938744826,0.4971415721575887,0.7,exponential,418,True,268.0,268.0,268,268,"min(t_0, 1000000)",3.971,3.971,0,0.0,1.0,1.0,10000,1000000
10000,0.7,0.4,0.010266767126901843,3.684136148790474,0.0027867501938744826,0.4971415721575887,0.7,exponential,419,True,531.0,531.0,531,531,"min(t_0, 1000000)",3.4801998,3.4801998,0,0.0,1.0,1.0,10000,1000000
10000,0.7,0.4,0.010266767126901843,3.684136148790474,0.0027867501938744826,0.4971415721575887,0.7,exponential,420,True,488.0,488.0,488,488,"min(t_0, 1000000)",4.0178,4.0178,0,0.0,1.0,1.0,10000,1000000
10000,0.7,0.4,0.010266767126901843,3.684136148790474,0.0027867501938744826,0.4971415721575887,0.7,exponential,421,True,489.0,489.0,489,489,"min(t_0, 1000000)",3.8737,3.8737,0,0.0,1.0,1.0,10000,1000000
10000,0.7,0.4,0.010266767126901843,3.684136148790474,0.0027867501938744826,0.4971415721575887,0.7,exponential,422,True,1830.0,1830.0,1830,1830,"min(t_0, 1000000)",3.4329998,3.4329998,0,0.0,1.0,1.0,10000,1000000
10000,0.7,0.4,0.010266767126901843,3.684136148790474,0.0027867501938744826,0.4971415721575887,0.7,exponential,423,True,240.0,240.0,240,240,"min(t_0, 1000000)",3.5070999,3.5070999,0,0.0,1.0,1.0,10000,1000000
10000,0.7,0.4,0.010266767126901843,3.684136148790474,0.0027867501938744826,0.4971415721575887,0.7,exponential,424,True,1365.0,1365.0,1365,1365,"min(t_0, 1000000)",3.4124,3.4124,0,0.0,1.0,1.0,10000,1000000
10000,0.7,0.4,0.010266767126901843,3.684136148790474,0.0027867501938744826,0.4971415721575887,0.7,exponential,425,True,1339.0,1339.0,1339,1339,"min(t_0, 1000000)",3.6912,3.6912,0,0.0,1.0,1.0,10000,1000000
10000,0.7,0.4,0.010266767126901843,3.684136148790474,0.0027867501938744826,0.4971415721575887,0.7,exponential,426,True,1070.0,1070.0,1070,1070,"min(t_0, 1000000)",3.6441998,3.6441998,0,0.0,1.0,1.0,10000,1000000
10000,0.7,0.4,0.010266767126901843,3.684136148790474,0.0027867501938744826,0.4971415721575887,0.7,exponential,427,True,3174.0,3174.0,3174,3174,"min(t_0, 1000000)",4.0453,4.0453,0,0.0,1.0,1.0,10000,1000000
10000,0.7,0.4,0.010266767126901843,3.684136148790474,0.0027867501938744826,0.4971415721575887,0.7,exponential,428,True,1683.0,1683.0,1683,1683,"min(t_0, 1000000)",3.7749,3.7749,0,0.0,1.0,1.0,10000,1000000
10000,0.7,0.4,0.010266767126901843,3.684136148790474,0.0027867501938744826,0.4971415721575887,0.7,exponential,429,True,135.0,135.0,135,135,"min(t_0, 1000000)",3.7828999,3.7828999,0,0.0,1.0,1.0,10000,1000000
10000,0.7,0.4,0.010266767126901843,3.684136148790474,0.0027867501938744826,0.4971415721575887,0.7,exponential,430,True,307.0,307.0,307,307,"min(t_0, 1000000)",4.0634,4.0634,0,0.0,1.0,1.0,10000,1000000
10000,0.7,0.4,0.010266767126901843,3.684136148790474,0.0027867501938744826,0.4971415721575887,0.7,exponential,431,True,3140.0,3140.0,3140,3140,"min(t_0, 1000000)",3.7889998,3.7889998,0,0.0,1.0,1.0,10000,1000000
10000,0.7,0.4,0.010266767126901843,3.684136148790474,0.0027867501938744826,0.4971415721575887,0.7,exponential,432,True,295.0,295.0,295,295,"min(t_0, 1000000)",4.0267,4.0267,0,0.0,1.0,1.0,10000,1000000
10000,0.7,0.4,0.010266767126901843,3.684136148790474,0.0027867501938744826,0.4971415721575887,0.7,exponential,433,True,173.0,173.0,173,173,"min(t_0, 1000000)",4.2862997,4.2862997,0,0.0,1.0,1.0,10000,1000000
10000,0.7,0.4,0.010266767126901843,3.684136148790474,0.0027867501938744826,0.4971415721575887,0.7,exponential,434,True,149.0,149.0,149,149,"min(t_0, 1000000)",4.0425997,4.0425997,0,0.0,1.0,1.0,10000,1000000
10000,0.7,0.4,0.010266767126901843,3.684136148790474,0.0027867501938744826,0.4971415721575887,0.7,exponential,435,True,1049.0,1049.0,1049,1049,"min(t_0, 1000000)",3.3811,3.3811,0,0.0,1.0,1.0,10000,1000000
10000,0.7,0.4,0.010266767126901843,3.684136148790474,0.0027867501938744826,0.4971415721575887,0.7,exponential,436,True,508.0,508.0,508,508,"min(t_0, 1000000)",4.0320997,4.0320997,0,0.0,1.0,1.0,10000,1000000
10000,0.7,0.4,0.010266767126901843,3.684136148790474,0.0027867501938744826,0.4971415721575887,0.7,exponential,437,True,711.0,711.0,711,711,"min(t_0, 1000000)",4.0759,4.0759,0,0.0,1.0,1.0,10000,1000000
10000,0.7,0.4,0.010266767126901843,3.684136148790474,0.0027867501938744826,0.4971415721575887,0.7,exponential,438,True,385.0,385.0,385,385,"min(t_0, 1000000)",3.6439,3.6439,0,0.0,1.0,1.0,10000,1000000
10000,0.7,0.4,0.010266767126901843,3.684136148790474,0.0027867501938744826,0.4971415721575887,0.7,exponential,439,True,1122.0,1122.0,1122,1122,"min(t_0, 1000000)",4.1893,4.1893,0,0.0,1.0,1.0,10000,1000000
10000,0.7,0.4,0.010266767126901843,3.684136148790474,0.0027867501938744826,0.4971415721575887,0.7,exponential,440,True,452.0,452.0,452,452,"min(t_0, 1000000)",4.0924,4.0924,0,0.0,1.0,1.0,10000,1000000
10000,0.7,0.4,0.010266767126901843,3.684136148790474,0.0027867501938744826,0.4971415721575887,0.7,exponential,441,True,1835.0,1835.0,1835,1835,"min(t_0, 1000000)",3.7345998,3.7345998,0,0.0,1.0,1.0,10000,1000000
10000,0.7,0.4,0.010266767126901843,3.684136148790474,0.0027867501938744826,0.4971415721575887,0.7,exponential,442,True,1557.0,1557.0,1557,1557,"min(t_0, 1000000)",3.8212,3.8212,0,0.0,1.0,1.0,10000,1000000
10000,0.7,0.4,0.010266767126901843,3.684136148790474,0.0027867501938744826,0.4971415721575887,0.7,exponential,443,True,572.0,572.0,572,572,"min(t_0, 1000000)",3.7754998,3.7754998,0,0.0,1.0,1.0,10000,1000000
10000,0.7,0.4,0.010266767126901843,3.684136148790474,0.0027867501938744826,0.4971415721575887,0.7,exponential,444,True,1388.0,1388.0,1388,1388,"min(t_0, 1000000)",3.7921,3.7921,0,0.0,1.0,1.0,10000,1000000
10000,0.7,0.4,0.010266767126901843,3.684136148790474,0.0027867501938744826,0.4971415721575887,0.7,exponential,445,True,493.0,493.0,493,493,"min(t_0, 1000000)",4.029,4.029,0,0.0,1.0,1.0,10000,1000000
10000,0.7,0.4,0.010266767126901843,3.684136148790474,0.0027867501938744826,0.4971415721575887,0.7,exponential,446,True,329.0,329.0,329,329,"min(t_0, 1000000)",3.6908,3.6908,0,0.0,1.0,1.0,10000,1000000
10000,0.7,0.4,0.010266767126901843,3.684136148790474,0.0027867501938744826,0.4971415721575887,0.7,exponential,447,True,2162.0,2162.0,2162,2162,"min(t_0, 1000000)",3.5203998,3.5203998,0,0.0,1.0,1.0,10000,1000000
10000,0.7,0.4,0.010266767126901843,3.684136148790474,0.0027867501938744826,0.4971415721575887,0.7,exponential,448,True,533.0,533.0,533,533,"min(t_0, 1000000)",3.9462998,3.9462998,0,0.0,1.0,1.0,10000,1000000
10000,0.7,0.4,0.010266767126901843,3.684136148790474,0.0027867501938744826,0.4971415721575887,0.7,exponential,449,True,1023.0,1023.0,1023,1023,"min(t_0, 1000000)",3.309,3.309,0,0.0,1.0,1.0,10000,1000000
10000,0.7,0.4,0.010266767126901843,3.684136148790474,0.0027867501938744826,0.4971415721575887,0.7,exponential,450,True,520.0,520.0,520,520,"min(t_0, 1000000)",3.5676,3.5676,0,0.0,1.0,1.0,10000,1000000
10000,0.7,0.4,0.010266767126901843,3.684136148790474,0.0027867501938744826,0.4971415721575887,0.7,exponential,451,True,128.0,128.0,128,128,"min(t_0, 1000000)",3.9424999,3.9424999,0,0.0,1.0,1.0,10000,1000000
10000,0.7,0.4,0.010266767126901843,3.684136148790474,0.0027867501938744826,0.4971415721575887,0.7,exponential,452,True,1649.0,1649.0,1649,1649,"min(t_0, 1000000)",3.5261998,3.5261998,0,0.0,1.0,1.0,10000,1000000
10000,0.7,0.4,0.010266767126901843,3.684136148790474,0.0027867501938744826,0.4971415721575887,0.7,exponential,453,True,199.0,199.0,199,199,"min(t_0, 1000000)",3.6873999,3.6873999,0,0.0,1.0,1.0,10000,1000000
10000,0.7,0.4,0.010266767126901843,3.684136148790474,0.0027867501938744826,0.4971415721575887,0.7,exponential,454,True,756.0,756.0,756,756,"min(t_0, 1000000)",3.5370998,3.5370998,0,0.0,1.0,1.0,10000,1000000
10000,0.7,0.4,0.010266767126901843,3.684136148790474,0.0027867501938744826,0.4971415721575887,0.7,exponential,455,True,1364.0,1364.0,1364,1364,"min(t_0, 1000000)",3.5737,3.5737,0,0.0,1.0,1.0,10000,1000000
10000,0.7,0.4,0.010266767126901843,3.684136148790474,0.0027867501938744826,0.4971415721575887,0.7,exponential,456,True,331.0,331.0,331,331,"min(t_0, 1000000)",3.9812999,3.9812999,0,0.0,1.0,1.0,10000,1000000
10000,0.7,0.4,0.010266767126901843,3.684136148790474,0.0027867501938744826,0.4971415721575887,0.7,exponential,457,True,3983.0,3983.0,3983,3983,"min(t_0, 1000000)",3.2351,3.2351,0,0.0,1.0,1.0,10000,1000000
10000,0.7,0.4,0.010266767126901843,3.684136148790474,0.0027867501938744826,0.4971415721575887,0.7,exponential,458,True,125.0,125.0,125,125,"min(t_0, 1000000)",3.8932,3.8932,0,0.0,1.0,1.0,10000,1000000
10000,0.7,0.4,0.010266767126901843,3.684136148790474,0.0027867501938744826,0.4971415721575887,0.7,exponential,459,True,801.0,801.0,801,801,"min(t_0, 1000000)",4.1535997,4.1535997,0,0.0,1.0,1.0,10000,1000000
10000,0.7,0.4,0.010266767126901843,3.684136148790474,0.0027867501938744826,0.4971415721575887,0.7,exponential,460,True,1099.0,1099.0,1099,1099,"min(t_0, 1000000)",3.9945,3.9945,0,0.0,1.0,1.0,10000,1000000
10000,0.7,0.4,0.010266767126901843,3.684136148790474,0.0027867501938744826,0.4971415721575887,0.7,exponential,461,True,455.0,455.0,455,455,"min(t_0, 1000000)",3.3091998,3.3091998,0,0.0,1.0,1.0,10000,1000000
10000,0.7,0.4,0.010266767126901843,3.684136148790474,0.0027867501938744826,0.4971415721575887,0.7,exponential,462,True,386.0,386.0,386,386,"min(t_0, 1000000)",3.7282999,3.7282999,0,0.0,1.0,1.0,10000,1000000
10000,0.7,0.4,0.010266767126901843,3.684136148790474,0.0027867501938744826,0.4971415721575887,0.7,exponential,463,True,858.0,858.0,858,858,"min(t_0, 1000000)",3.9338999,3.9338999,0,0.0,1.0,1.0,10000,1000000
10000,0.7,0.4,0.010266767126901843,3.684136148790474,0.0027867501938744826,0.4971415721575887,0.7,exponential,464,True,263.0,263.0,263,263,"min(t_0, 1000000)",3.409,3.409,0,0.0,1.0,1.0,10000,1000000
10000,0.7,0.4,0.010266767126901843,3.684136148790474,0.0027867501938744826,0.4971415721575887,0.7,exponential,465,True,548.0,548.0,548,548,"min(t_0, 1000000)",3.5663998,3.5663998,0,0.0,1.0,1.0,10000,1000000
10000,0.7,0.4,0.010266767126901843,3.684136148790474,0.0027867501938744826,0.4971415721575887,0.7,exponential,466,True,775.0,775.0,775,775,"min(t_0, 1000000)",3.9139998,3.9139998,0,0.0,1.0,1.0,10000,1000000
10000,0.7,0.4,0.010266767126901843,3.684136148790474,0.0027867501938744826,0.4971415721575887,0.7,exponential,467,True,884.0,884.0,884,884,"min(t_0, 1000000)",4.0422997,4.0422997,0,0.0,1.0,1.0,10000,1000000
10000,0.7,0.4,0.010266767126901843,3.684136148790474,0.0027867501938744826,0.4971415721575887,0.7,exponential,468,True,491.0,491.0,491,491,"min(t_0, 1000000)",4.3057,4.3057,0,0.0,1.0,1.0,10000,1000000
10000,0.7,0.4,0.010266767126901843,3.684136148790474,0.0027867501938744826,0.4971415721575887,0.7,exponential,469,True,3511.0,3511.0,3511,3511,"min(t_0, 1000000)",4.2014,4.2014,0,0.0,1.0,1.0,10000,1000000
10000,0.7,0.4,0.010266767126901843,3.684136148790474,0.0027867501938744826,0.4971415721575887,0.7,exponential,470,True,590.0,590.0,590,590,"min(t_0, 1000000)",3.7975,3.7975,0,0.0,1.0,1.0,10000,1000000
10000,0.7,0.4,0.010266767126901843,3.684136148790474,0.0027867501938744826,0.4971415721575887,0.7,exponential,471,True,207.0,207.0,207,207,"min(t_0, 1000000)",3.8855999,3.8855999,0,0.0,1.0,1.0,10000,1000000
10000,0.7,0.4,0.010266767126901843,3.684136148790474,0.0027867501938744826,0.4971415721575887,0.7,exponential,472,True,414.0,414.0,414,414,"min(t_0, 1000000)",3.5930998,3.5930998,0,0.0,1.0,1.0,10000,1000000
10000,0.7,0.4,0.010266767126901843,3.684136148790474,0.0027867501938744826,0.4971415721575887,0.7,exponential,473,True,527.0,527.0,527,527,"min(t_0, 1000000)",4.0773997,4.0773997,0,0.0,1.0,1.0,10000,1000000
10000,0.7,0.4,0.010266767126901843,3.684136148790474,0.0027867501938744826,0.4971415721575887,0.7,exponential,474,True,473.0,473.0,473,473,"min(t_0, 1000000)",3.7364,3.7364,0,0.0,1.0,1.0,10000,1000000
10000,0.7,0.4,0.010266767126901843,3.684136148790474,0.0027867501938744826,0.4971415721575887,0.7,exponential,475,True,609.0,609.0,609,609,"min(t_0, 1000000)",3.8527,3.8527,0,0.0,1.0,1.0,10000,1000000
10000,0.7,0.4,0.010266767126901843,3.684136148790474,0.0027867501938744826,0.4971415721575887,0.7,exponential,476,True,186.0,186.0,186,186,"min(t_0, 1000000)",3.5279999,3.5279999,0,0.0,1.0,1.0,10000,1000000
10000,0.7,0.4,0.010266767126901843,3.684136148790474,0.0027867501938744826,0.4971415721575887,0.7,exponential,477,True,637.0,637.0,637,637,"min(t_0, 1000000)",4.1201997,4.1201997,0,0.0,1.0,1.0,10000,1000000
10000,0.7,0.4,0.010266767126901843,3.684136148790474,0.0027867501938744826,0.4971415721575887,0.7,exponential,478,True,999.0,999.0,999,999,"min(t_0, 1000000)",4.4637,4.4637,0,0.0,1.0,1.0,10000,1000000
10000,0.7,0.4,0.010266767126901843,3.684136148790474,0.0027867501938744826,0.4971415721575887,0.7,exponential,479,True,2463.0,2463.0,2463,2463,"min(t_0, 1000000)",4.2056,4.2056,0,0.0,1.0,1.0,10000,1000000
10000,0.7,0.4,0.010266767126901843,3.684136148790474,0.0027867501938744826,0.4971415721575887,0.7,exponential,480,True,337.0,337.0,337,337,"min(t_0, 1000000)",3.8076,3.8076,0,0.0,1.0,1.0,10000,1000000
10000,0.7,0.4,0.010266767126901843,3.684136148790474,0.0027867501938744826,0.4971415721575887,0.7,exponential,481,True,2082.0,2082.0,2082,2082,"min(t_0, 1000000)",3.9243999,3.9243999,0,0.0,1.0,1.0,10000,1000000
10000,0.7,0.4,0.010266767126901843,3.684136148790474,0.0027867501938744826,0.4971415721575887,0.7,exponential,482,True,5065.0,5065.0,5065,5065,"min(t_0, 1000000)",3.6046,3.6046,0,0.0,1.0,1.0,10000,1000000
10000,0.7,0.4,0.010266767126901843,3.684136148790474,0.0027867501938744826,0.4971415721575887,0.7,exponential,483,True,149.0,149.0,149,149,"min(t_0, 1000000)",4.2036,4.2036,0,0.0,1.0,1.0,10000,1000000
10000,0.7,0.4,0.010266767126901843,3.684136148790474,0.0027867501938744826,0.4971415721575887,0.7,exponential,484,True,619.0,619.0,619,619,"min(t_0, 1000000)",3.4857,3.4857,0,0.0,1.0,1.0,10000,1000000
10000,0.7,0.4,0.010266767126901843,3.684136148790474,0.0027867501938744826,0.4971415721575887,0.7,exponential,485,True,590.0,590.0,590,590,"min(t_0, 1000000)",3.8216,3.8216,0,0.0,1.0,1.0,10000,1000000
10000,0.7,0.4,0.010266767126901843,3.684136148790474,0.0027867501938744826,0.4971415721575887,0.7,exponential,486,True,869.0,869.0,869,869,"min(t_0, 1000000)",3.8009,3.8009,0,0.0,1.0,1.0,10000,1000000
10000,0.7,0.4,0.010266767126901843,3.684136148790474,0.0027867501938744826,0.4971415721575887,0.7,exponential,487,True,1145.0,1145.0,1145,1145,"min(t_0, 1000000)",3.7589,3.7589,0,0.0,1.0,1.0,10000,1000000
10000,0.7,0.4,0.010266767126901843,3.684136148790474,0.0027867501938744826,0.4971415721575887,0.7,exponential,488,True,373.0,373.0,373,373,"min(t_0, 1000000)",3.8707,3.8707,0,0.0,1.0,1.0,10000,1000000
10000,0.7,0.4,0.010266767126901843,3.684136148790474,0.0027867501938744826,0.4971415721575887,0.7,exponential,489,True,1804.0,1804.0,1804,1804,"min(t_0, 1000000)",3.9945,3.9945,0,0.0,1.0,1.0,10000,1000000
10000,0.7,0.4,0.010266767126901843,3.684136148790474,0.0027867501938744826,0.4971415721575887,0.7,exponential,490,True,99.0,99.0,99,99,"min(t_0, 1000000)",4.2622,4.2622,0,0.0,1.0,1.0,10000,1000000
10000,0.7,0.4,0.010266767126901843,3.684136148790474,0.0027867501938744826,0.4971415721575887,0.7,exponential,491,True,884.0,884.0,884,884,"min(t_0, 1000000)",3.5286999,3.5286999,0,0.0,1.0,1.0,10000,1000000
10000,0.7,0.4,0.010266767126901843,3.684136148790474,0.0027867501938744826,0.4971415721575887,0.7,exponential,492,True,2278.0,2278.0,2278,2278,"min(t_0, 1000000)",3.8154,3.8154,0,0.0,1.0,1.0,10000,1000000
10000,0.7,0.4,0.010266767126901843,3.684136148790474,0.0027867501938744826,0.4971415721575887,0.7,exponential,493,True,582.0,582.0,582,582,"min(t_0, 1000000)",3.6409998,3.6409998,0,0.0,1.0,1.0,10000,1000000
10000,0.7,0.4,0.010266767126901843,3.684136148790474,0.0027867501938744826,0.4971415721575887,0.7,exponential,494,True,3342.0,3342.0,3342,3342,"min(t_0, 1000000)",4.0613,4.0613,0,0.0,1.0,1.0,10000,1000000
10000,0.7,0.4,0.010266767126901843,3.684136148790474,0.0027867501938744826,0.4971415721575887,0.7,exponential,495,True,217.0,217.0,217,217,"min(t_0, 1000000)",3.9678,3.9678,0,0.0,1.0,1.0,10000,1000000
10000,0.7,0.4,0.010266767126901843,3.684136148790474,0.0027867501938744826,0.4971415721575887,0.7,exponential,496,True,850.0,850.0,850,850,"min(t_0, 1000000)",4.1686,4.1686,0,0.0,1.0,1.0,10000,1000000
10000,0.7,0.4,0.010266767126901843,3.684136148790474,0.0027867501938744826,0.4971415721575887,0.7,exponential,497,True,154.0,154.0,154,154,"min(t_0, 1000000)",3.9338999,3.9338999,0,0.0,1.0,1.0,10000,1000000
10000,0.7,0.4,0.010266767126901843,3.684136148790474,0.0027867501938744826,0.4971415721575887,0.7,exponential,498,True,1098.0,1098.0,1098,1098,"min(t_0, 1000000)",3.9998999,3.9998999,0,0.0,1.0,1.0,10000,1000000
10000,0.7,0.4,0.010266767126901843,3.684136148790474,0.0027867501938744826,0.4971415721575887,0.7,exponential,499,True,326.0,326.0,326,326,"min(t_0, 1000000)",4.1025,4.1025,0,0.0,1.0,1.0,10000,1000000
10000,0.7,0.4,0.010266767126901843,3.684136148790474,0.0027867501938744826,0.4971415721575887,0.7,exponential,500,True,380.0,380.0,380,380,"min(t_0, 1000000)",3.8453999,3.8453999,0,0.0,1.0,1.0,10000,1000000
10000,0.7,0.4,0.010266767126901843,3.684136148790474,0.0027867501938744826,0.4971415721575887,0.7,exponential,501,True,826.0,826.0,826,826,"min(t_0, 1000000)",3.576,3.576,0,0.0,1.0,1.0,10000,1000000
10000,0.7,0.4,0.010266767126901843,3.684136148790474,0.0027867501938744826,0.4971415721575887,0.7,exponential,502,True,2990.0,2990.0,2990,2990,"min(t_0, 1000000)",3.9261,3.9261,0,0.0,1.0,1.0,10000,1000000
10000,0.7,0.4,0.010266767126901843,3.684136148790474,0.0027867501938744826,0.4971415721575887,0.7,exponential,503,True,1025.0,1025.0,1025,1025,"min(t_0, 1000000)",4.5829,4.5829,0,0.0,1.0,1.0,10000,1000000
10000,0.7,0.4,0.010266767126901843,3.684136148790474,0.0027867501938744826,0.4971415721575887,0.7,exponential,504,True,4735.0,4735.0,4735,4735,"min(t_0, 1000000)",4.1068997,4.1068997,0,0.0,1.0,1.0,10000,1000000
10000,0.7,0.4,0.010266767126901843,3.684136148790474,0.0027867501938744826,0.4971415721575887,0.7,exponential,505,True,865.0,865.0,865,865,"min(t_0, 1000000)",3.2965,3.2965,0,0.0,1.0,1.0,10000,1000000
10000,0.7,0.4,0.010266767126901843,3.684136148790474,0.0027867501938744826,0.4971415721575887,0.7,exponential,506,True,2490.0,2490.0,2490,2490,"min(t_0, 1000000)",3.8811998,3.8811998,0,0.0,1.0,1.0,10000,1000000
10000,0.7,0.4,0.010266767126901843,3.684136148790474,0.0027867501938744826,0.4971415721575887,0.7,exponential,507,True,2200.0,2200.0,2200,2200,"min(t_0, 1000000)",3.6945999,3.6945999,0,0.0,1.0,1.0,10000,1000000
10000,0.7,0.4,0.010266767126901843,3.684136148790474,0.0027867501938744826,0.4971415721575887,0.7,exponential,508,True,466.0,466.0,466,466,"min(t_0, 1000000)",3.8176,3.8176,0,0.0,1.0,1.0,10000,1000000
10000,0.7,0.4,0.010266767126901843,3.684136148790474,0.0027867501938744826,0.4971415721575887,0.7,exponential,509,True,554.0,554.0,554,554,"min(t_0, 1000000)",4.1075,4.1075,0,0.0,1.0,1.0,10000,1000000
10000,0.7,0.4,0.010266767126901843,3.684136148790474,0.0027867501938744826,0.4971415721575887,0.7,exponential,510,True,485.0,485.0,485,485,"min(t_0, 1000000)",4.2344,4.2344,0,0.0,1.0,1.0,10000,1000000
10000,0.7,0.4,0.010266767126901843,3.684136148790474,0.0027867501938744826,0.4971415721575887,0.7,exponential,511,True,1615.0,1615.0,1615,1615,"min(t_0, 1000000)",3.6557,3.6557,0,0.0,1.0,1.0,10000,1000000
10000,0.7,0.4,0.010266767126901843,3.684136148790474,0.0027867501938744826,0.4971415721575887,0.7,exponential,512,True,1700.0,1700.0,1700,1700,"min(t_0, 1000000)",3.3769999,3.3769999,0,0.0,1.0,1.0,10000,1000000
10000,0.7,0.4,0.010266767126901843,3.684136148790474,0.0027867501938744826,0.4971415721575887,0.7,exponential,513,True,839.0,839.0,839,839,"min(t_0, 1000000)",3.4239,3.4239,0,0.0,1.0,1.0,10000,1000000
10000,0.7,0.4,0.010266767126901843,3.684136148790474,0.0027867501938744826,0.4971415721575887,0.7,exponential,514,True,1546.0,1546.0,1546,1546,"min(t_0, 1000000)",3.5832999,3.5832999,0,0.0,1.0,1.0,10000,1000000
10000,0.7,0.4,0.010266767126901843,3.684136148790474,0.0027867501938744826,0.4971415721575887,0.7,exponential,515,True,2237.0,2237.0,2237,2237,"min(t_0, 1000000)",4.3013997,4.3013997,0,0.0,1.0,1.0,10000,1000000
10000,0.7,0.4,0.010266767126901843,3.684136148790474,0.0027867501938744826,0.4971415721575887,0.7,exponential,516,True,934.0,934.0,934,934,"min(t_0, 1000000)",3.6529999,3.6529999,0,0.0,1.0,1.0,10000,1000000
10000,0.7,0.4,0.010266767126901843,3.684136148790474,0.0027867501938744826,0.4971415721575887,0.7,exponential,517,True,290.0,290.0,290,290,"min(t_0, 1000000)",3.6137,3.6137,0,0.0,1.0,1.0,10000,1000000
10000,0.7,0.4,0.010266767126901843,3.684136148790474,0.0027867501938744826,0.4971415721575887,0.7,exponential,518,True,1101.0,1101.0,1101,1101,"min(t_0, 1000000)",4.0253997,4.0253997,0,0.0,1.0,1.0,10000,1000000
10000,0.7,0.4,0.010266767126901843,3.684136148790474,0.0027867501938744826,0.4971415721575887,0.7,exponential,519,True,799.0,799.0,799,799,"min(t_0, 1000000)",3.7935,3.7935,0,0.0,1.0,1.0,10000,1000000
10000,0.7,0.4,0.010266767126901843,3.684136148790474,0.0027867501938744826,0.4971415721575887,0.7,exponential,520,True,313.0,313.0,313,313,"min(t_0, 1000000)",4.0044,4.0044,0,0.0,1.0,1.0,10000,1000000
10000,0.7,0.4,0.010266767126901843,3.684136148790474,0.0027867501938744826,0.4971415721575887,0.7,exponential,521,True,138.0,138.0,138,138,"min(t_0, 1000000)",3.6566,3.6566,0,0.0,1.0,1.0,10000,1000000
10000,0.7,0.4,0.010266767126901843,3.684136148790474,0.0027867501938744826,0.4971415721575887,0.7,exponential,522,True,108.0,108.0,108,108,"min(t_0, 1000000)",3.7791998,3.7791998,0,0.0,1.0,1.0,10000,1000000
10000,0.7,0.4,0.010266767126901843,3.684136148790474,0.0027867501938744826,0.4971415721575887,0.7,exponential,523,True,97.0,97.0,97,97,"min(t_0, 1000000)",3.8846,3.8846,0,0.0,1.0,1.0,10000,1000000
10000,0.7,0.4,0.010266767126901843,3.684136148790474,0.0027867501938744826,0.4971415721575887,0.7,exponential,524,True,227.0,227.0,227,227,"min(t_0, 1000000)",4.1075,4.1075,0,0.0,1.0,1.0,10000,1000000
10000,0.7,0.4,0.010266767126901843,3.684136148790474,0.0027867501938744826,0.4971415721575887,0.7,exponential,525,True,303.0,303.0,303,303,"min(t_0, 1000000)",3.7089,3.7089,0,0.0,1.0,1.0,10000,1000000
10000,0.7,0.4,0.010266767126901843,3.684136148790474,0.0027867501938744826,0.4971415721575887,0.7,exponential,526,True,710.0,710.0,710,710,"min(t_0, 1000000)",3.2919998,3.2919998,0,0.0,1.0,1.0,10000,1000000
10000,0.7,0.4,0.010266767126901843,3.684136148790474,0.0027867501938744826,0.4971415721575887,0.7,exponential,527,True,969.0,969.0,969,969,"min(t_0, 1000000)",3.455,3.455,0,0.0,1.0,1.0,10000,1000000
10000,0.7,0.4,0.010266767126901843,3.684136148790474,0.0027867501938744826,0.4971415721575887,0.7,exponential,528,True,602.0,602.0,602,602,"min(t_0, 1000000)",4.3945,4.3945,0,0.0,1.0,1.0,10000,1000000
10000,0.7,0.4,0.010266767126901843,3.684136148790474,0.0027867501938744826,0.4971415721575887,0.7,exponential,529,True,3923.0,3923.0,3923,3923,"min(t_0, 1000000)",4.5109997,4.5109997,0,0.0,1.0,1.0,10000,1000000
10000,0.7,0.4,0.010266767126901843,3.684136148790474,0.0027867501938744826,0.4971415721575887,0.7,exponential,530,True,317.0,317.0,317,317,"min(t_0, 1000000)",4.2465997,4.2465997,0,0.0,1.0,1.0,10000,1000000
10000,0.7,0.4,0.010266767126901843,3.684136148790474,0.0027867501938744826,0.4971415721575887,0.7,exponential,531,True,305.0,305.0,305,305,"min(t_0, 1000000)",4.2293,4.2293,0,0.0,1.0,1.0,10000,1000000
10000,0.7,0.4,0.010266767126901843,3.684136148790474,0.0027867501938744826,0.4971415721575887,0.7,exponential,532,True,1437.0,1437.0,1437,1437,"min(t_0, 1000000)",3.6615999,3.6615999,0,0.0,1.0,1.0,10000,1000000
10000,0.7,0.4,0.010266767126901843,3.684136148790474,0.0027867501938744826,0.4971415721575887,0.7,exponential,533,True,584.0,584.0,584,584,"min(t_0, 1000000)",3.8913,3.8913,0,0.0,1.0,1.0,10000,1000000
10000,0.7,0.4,0.010266767126901843,3.684136148790474,0.0027867501938744826,0.4971415721575887,0.7,exponential,534,True,499.0,499.0,499,499,"min(t_0, 1000000)",3.6290998,3.6290998,0,0.0,1.0,1.0,10000,1000000
10000,0.7,0.4,0.010266767126901843,3.684136148790474,0.0027867501938744826,0.4971415721575887,0.7,exponential,535,True,708.0,708.0,708,708,"min(t_0, 1000000)",3.7782998,3.7782998,0,0.0,1.0,1.0,10000,1000000
10000,0.7,0.4,0.010266767126901843,3.684136148790474,0.0027867501938744826,0.4971415721575887,0.7,exponential,536,True,702.0,702.0,702,702,"min(t_0, 1000000)",3.6922,3.6922,0,0.0,1.0,1.0,10000,1000000
10000,0.7,0.4,0.010266767126901843,3.684136148790474,0.0027867501938744826,0.4971415721575887,0.7,exponential,537,True,400.0,400.0,400,400,"min(t_0, 1000000)",3.8723998,3.8723998,0,0.0,1.0,1.0,10000,1000000
10000,0.7,0.4,0.010266767126901843,3.684136148790474,0.0027867501938744826,0.4971415721575887,0.7,exponential,538,True,737.0,737.0,737,737,"min(t_0, 1000000)",4.204,4.204,0,0.0,1.0,1.0,10000,1000000
10000,0.7,0.4,0.010266767126901843,3.684136148790474,0.0027867501938744826,0.4971415721575887,0.7,exponential,539,True,771.0,771.0,771,771,"min(t_0, 1000000)",3.5772,3.5772,0,0.0,1.0,1.0,10000,1000000
10000,0.7,0.4,0.010266767126901843,3.684136148790474,0.0027867501938744826,0.4971415721575887,0.7,exponential,540,True,346.0,346.0,346,346,"min(t_0, 1000000)",3.9743998,3.9743998,0,0.0,1.0,1.0,10000,1000000
10000,0.7,0.4,0.010266767126901843,3.684136148790474,0.0027867501938744826,0.4971415721575887,0.7,exponential,541,True,736.0,736.0,736,736,"min(t_0, 1000000)",3.2884998,3.2884998,0,0.0,1.0,1.0,10000,1000000
10000,0.7,0.4,0.010266767126901843,3.684136148790474,0.0027867501938744826,0.4971415721575887,0.7,exponential,542,True,240.0,240.0,240,240,"min(t_0, 1000000)",4.4391,4.4391,0,0.0,1.0,1.0,10000,1000000
10000,0.7,0.4,0.010266767126901843,3.684136148790474,0.0027867501938744826,0.4971415721575887,0.7,exponential,543,True,138.0,138.0,138,138,"min(t_0, 1000000)",3.7347999,3.7347999,0,0.0,1.0,1.0,10000,1000000
10000,0.7,0.4,0.010266767126901843,3.684136148790474,0.0027867501938744826,0.4971415721575887,0.7,exponential,544,True,1222.0,1222.0,1222,1222,"min(t_0, 1000000)",3.6341999,3.6341999,0,0.0,1.0,1.0,10000,1000000
10000,0.7,0.4,0.010266767126901843,3.684136148790474,0.0027867501938744826,0.4971415721575887,0.7,exponential,545,True,189.0,189.0,189,189,"min(t_0, 1000000)",3.6984,3.6984,0,0.0,1.0,1.0,10000,1000000
10000,0.7,0.4,0.010266767126901843,3.684136148790474,0.0027867501938744826,0.4971415721575887,0.7,exponential,546,True,492.0,492.0,492,492,"min(t_0, 1000000)",3.9371998,3.9371998,0,0.0,1.0,1.0,10000,1000000
10000,0.7,0.4,0.010266767126901843,3.684136148790474,0.0027867501938744826,0.4971415721575887,0.7,exponential,547,True,327.0,327.0,327,327,"min(t_0, 1000000)",4.3609,4.3609,0,0.0,1.0,1.0,10000,1000000
10000,0.7,0.4,0.010266767126901843,3.684136148790474,0.0027867501938744826,0.4971415721575887,0.7,exponential,548,True,164.0,164.0,164,164,"min(t_0, 1000000)",3.8281999,3.8281999,0,0.0,1.0,1.0,10000,1000000
10000,0.7,0.4,0.010266767126901843,3.684136148790474,0.0027867501938744826,0.4971415721575887,0.7,exponential,549,True,1195.0,1195.0,1195,1195,"min(t_0, 1000000)",4.2043,4.2043,0,0.0,1.0,1.0,10000,1000000
10000,0.7,0.4,0.010266767126901843,3.684136148790474,0.0027867501938744826,0.4971415721575887,0.7,exponential,550,True,394.0,394.0,394,394,"min(t_0, 1000000)",4.3543,4.3543,0,0.0,1.0,1.0,10000,1000000
10000,0.7,0.4,0.010266767126901843,3.684136148790474,0.0027867501938744826,0.4971415721575887,0.7,exponential,551,True,71.0,71.0,71,71,"min(t_0, 1000000)",4.0648,4.0648,0,0.0,1.0,1.0,10000,1000000
10000,0.7,0.4,0.010266767126901843,3.684136148790474,0.0027867501938744826,0.4971415721575887,0.7,exponential,552,True,276.0,276.0,276,276,"min(t_0, 1000000)",3.6966999,3.6966999,0,0.0,1.0,1.0,10000,1000000
10000,0.7,0.4,0.010266767126901843,3.684136148790474,0.0027867501938744826,0.4971415721575887,0.7,exponential,553,True,1395.0,1395.0,1395,1395,"min(t_0, 1000000)",3.7858,3.7858,0,0.0,1.0,1.0,10000,1000000
10000,0.7,0.4,0.010266767126901843,3.684136148790474,0.0027867501938744826,0.4971415721575887,0.7,exponential,554,True,315.0,315.0,315,315,"min(t_0, 1000000)",3.9692998,3.9692998,0,0.0,1.0,1.0,10000,1000000
10000,0.7,0.4,0.010266767126901843,3.684136148790474,0.0027867501938744826,0.4971415721575887,0.7,exponential,555,True,159.0,159.0,159,159,"min(t_0, 1000000)",3.921,3.921,0,0.0,1.0,1.0,10000,1000000
10000,0.7,0.4,0.010266767126901843,3.684136148790474,0.0027867501938744826,0.4971415721575887,0.7,exponential,556,True,148.0,148.0,148,148,"min(t_0, 1000000)",3.7082999,3.7082999,0,0.0,1.0,1.0,10000,1000000
10000,0.7,0.4,0.010266767126901843,3.684136148790474,0.0027867501938744826,0.4971415721575887,0.7,exponential,557,True,1831.0,1831.0,1831,1831,"min(t_0, 1000000)",3.6852999,3.6852999,0,0.0,1.0,1.0,10000,1000000
10000,0.7,0.4,0.010266767126901843,3.684136148790474,0.0027867501938744826,0.4971415721575887,0.7,exponential,558,True,1359.0,1359.0,1359,1359,"min(t_0, 1000000)",4.0569,4.0569,0,0.0,1.0,1.0,10000,1000000
10000,0.7,0.4,0.010266767126901843,3.684136148790474,0.0027867501938744826,0.4971415721575887,0.7,exponential,559,True,1818.0,1818.0,1818,1818,"min(t_0, 1000000)",4.0659,4.0659,0,0.0,1.0,1.0,10000,1000000
10000,0.7,0.4,0.010266767126901843,3.684136148790474,0.0027867501938744826,0.4971415721575887,0.7,exponential,560,True,843.0,843.0,843,843,"min(t_0, 1000000)",3.5321999,3.5321999,0,0.0,1.0,1.0,10000,1000000
10000,0.7,0.4,0.010266767126901843,3.684136148790474,0.0027867501938744826,0.4971415721575887,0.7,exponential,561,True,810.0,810.0,810,810,"min(t_0, 1000000)",3.8016999,3.8016999,0,0.0,1.0,1.0,10000,1000000
10000,0.7,0.4,0.010266767126901843,3.684136148790474,0.0027867501938744826,0.4971415721575887,0.7,exponential,562,True,1702.0,1702.0,1702,1702,"min(t_0, 1000000)",4.1138997,4.1138997,0,0.0,1.0,1.0,10000,1000000
10000,0.7,0.4,0.010266767126901843,3.684136148790474,0.0027867501938744826,0.4971415721575887,0.7,exponential,563,True,380.0,380.0,380,380,"min(t_0, 1000000)",3.5832999,3.5832999,0,0.0,1.0,1.0,10000,1000000
10000,0.7,0.4,0.010266767126901843,3.684136148790474,0.0027867501938744826,0.4971415721575887,0.7,exponential,564,True,1101.0,1101.0,1101,1101,"min(t_0, 1000000)",4.3387,4.3387,0,0.0,1.0,1.0,10000,1000000
10000,0.7,0.4,0.010266767126901843,3.684136148790474,0.0027867501938744826,0.4971415721575887,0.7,exponential,565,True,415.0,415.0,415,415,"min(t_0, 1000000)",3.9476998,3.9476998,0,0.0,1.0,1.0,10000,1000000
10000,0.7,0.4,0.010266767126901843,3.684136148790474,0.0027867501938744826,0.4971415721575887,0.7,exponential,566,True,1848.0,1848.0,1848,1848,"min(t_0, 1000000)",3.7387998,3.7387998,0,0.0,1.0,1.0,10000,1000000
10000,0.7,0.4,0.010266767126901843,3.684136148790474,0.0027867501938744826,0.4971415721575887,0.7,exponential,567,True,805.0,805.0,805,805,"min(t_0, 1000000)",3.681,3.681,0,0.0,1.0,1.0,10000,1000000
10000,0.7,0.4,0.010266767126901843,3.684136148790474,0.0027867501938744826,0.4971415721575887,0.7,exponential,568,True,453.0,453.0,453,453,"min(t_0, 1000000)",4.1777,4.1777,0,0.0,1.0,1.0,10000,1000000
10000,0.7,0.4,0.010266767126901843,3.684136148790474,0.0027867501938744826,0.4971415721575887,0.7,exponential,569,True,608.0,608.0,608,608,"min(t_0, 1000000)",4.1688,4.1688,0,0.0,1.0,1.0,10000,1000000
10000,0.7,0.4,0.010266767126901843,3.684136148790474,0.0027867501938744826,0.4971415721575887,0.7,exponential,570,True,806.0,806.0,806,806,"min(t_0, 1000000)",4.1438,4.1438,0,0.0,1.0,1.0,10000,1000000
10000,0.7,0.4,0.010266767126901843,3.684136148790474,0.0027867501938744826,0.4971415721575887,0.7,exponential,571,True,1468.0,1468.0,1468,1468,"min(t_0, 1000000)",3.5335999,3.5335999,0,0.0,1.0,1.0,10000,1000000
10000,0.7,0.4,0.010266767126901843,3.684136148790474,0.0027867501938744826,0.4971415721575887,0.7,exponential,572,True,162.0,162.0,162,162,"min(t_0, 1000000)",3.7147,3.7147,0,0.0,1.0,1.0,10000,1000000
10000,0.7,0.4,0.010266767126901843,3.684136148790474,0.0027867501938744826,0.4971415721575887,0.7,exponential,573,True,116.0,116.0,116,116,"min(t_0, 1000000)",3.8188999,3.8188999,0,0.0,1.0,1.0,10000,1000000
10000,0.7,0.4,0.010266767126901843,3.684136148790474,0.0027867501938744826,0.4971415721575887,0.7,exponential,574,True,2582.0,2582.0,2582,2582,"min(t_0, 1000000)",3.7159998,3.7159998,0,0.0,1.0,1.0,10000,1000000
10000,0.7,0.4,0.010266767126901843,3.684136148790474,0.0027867501938744826,0.4971415721575887,0.7,exponential,575,True,2717.0,2717.0,2717,2717,"min(t_0, 1000000)",3.5662,3.5662,0,0.0,1.0,1.0,10000,1000000
10000,0.7,0.4,0.010266767126901843,3.684136148790474,0.0027867501938744826,0.4971415721575887,0.7,exponential,576,True,715.0,715.0,715,715,"min(t_0, 1000000)",3.8318,3.8318,0,0.0,1.0,1.0,10000,1000000
10000,0.7,0.4,0.010266767126901843,3.684136148790474,0.0027867501938744826,0.4971415721575887,0.7,exponential,577,True,637.0,637.0,637,637,"min(t_0, 1000000)",4.1763,4.1763,0,0.0,1.0,1.0,10000,1000000
10000,0.7,0.4,0.010266767126901843,3.684136148790474,0.0027867501938744826,0.4971415721575887,0.7,exponential,578,True,1051.0,1051.0,1051,1051,"min(t_0, 1000000)",3.8855999,3.8855999,0,0.0,1.0,1.0,10000,1000000
10000,0.7,0.4,0.010266767126901843,3.684136148790474,0.0027867501938744826,0.4971415721575887,0.7,exponential,579,True,362.0,362.0,362,362,"min(t_0, 1000000)",3.8284,3.8284,0,0.0,1.0,1.0,10000,1000000
10000,0.7,0.4,0.010266767126901843,3.684136148790474,0.0027867501938744826,0.4971415721575887,0.7,exponential,580,True,712.0,712.0,712,712,"min(t_0, 1000000)",3.4752998,3.4752998,0,0.0,1.0,1.0,10000,1000000
10000,0.7,0.4,0.010266767126901843,3.684136148790474,0.0027867501938744826,0.4971415721575887,0.7,exponential,581,True,1036.0,1036.0,1036,1036,"min(t_0, 1000000)",3.9287999,3.9287999,0,0.0,1.0,1.0,10000,1000000
10000,0.7,0.4,0.010266767126901843,3.684136148790474,0.0027867501938744826,0.4971415721575887,0.7,exponential,582,True,360.0,360.0,360,360,"min(t_0, 1000000)",3.6543999,3.6543999,0,0.0,1.0,1.0,10000,1000000
10000,0.7,0.4,0.010266767126901843,3.684136148790474,0.0027867501938744826,0.4971415721575887,0.7,exponential,583,True,397.0,397.0,397,397,"min(t_0, 1000000)",4.5390997,4.5390997,0,0.0,1.0,1.0,10000,1000000
10000,0.7,0.4,0.010266767126901843,3.684136148790474,0.0027867501938744826,0.4971415721575887,0.7,exponential,584,True,187.0,187.0,187,187,"min(t_0, 1000000)",3.7935998,3.7935998,0,0.0,1.0,1.0,10000,1000000
10000,0.7,0.4,0.010266767126901843,3.684136148790474,0.0027867501938744826,0.4971415721575887,0.7,exponential,585,True,775.0,775.0,775,775,"min(t_0, 1000000)",4.3842998,4.3842998,0,0.0,1.0,1.0,10000,1000000
10000,0.7,0.4,0.010266767126901843,3.684136148790474,0.0027867501938744826,0.4971415721575887,0.7,exponential,586,True,122.0,122.0,122,122,"min(t_0, 1000000)",3.6276999,3.6276999,0,0.0,1.0,1.0,10000,1000000
10000,0.7,0.4,0.010266767126901843,3.684136148790474,0.0027867501938744826,0.4971415721575887,0.7,exponential,587,True,158.0,158.0,158,158,"min(t_0, 1000000)",3.6929998,3.6929998,0,0.0,1.0,1.0,10000,1000000
10000,0.7,0.4,0.010266767126901843,3.684136148790474,0.0027867501938744826,0.4971415721575887,0.7,exponential,588,True,548.0,548.0,548,548,"min(t_0, 1000000)",3.7923,3.7923,0,0.0,1.0,1.0,10000,1000000
10000,0.7,0.4,0.010266767126901843,3.684136148790474,0.0027867501938744826,0.4971415721575887,0.7,exponential,589,True,2530.0,2530.0,2530,2530,"min(t_0, 1000000)",4.1047997,4.1047997,0,0.0,1.0,1.0,10000,1000000
10000,0.7,0.4,0.010266767126901843,3.684136148790474,0.0027867501938744826,0.4971415721575887,0.7,exponential,590,True,178.0,178.0,178,178,"min(t_0, 1000000)",3.7974,3.7974,0,0.0,1.0,1.0,10000,1000000
10000,0.7,0.4,0.010266767126901843,3.684136148790474,0.0027867501938744826,0.4971415721575887,0.7,exponential,591,True,1056.0,1056.0,1056,1056,"min(t_0, 1000000)",4.5483,4.5483,0,0.0,1.0,1.0,10000,1000000
10000,0.7,0.4,0.010266767126901843,3.684136148790474,0.0027867501938744826,0.4971415721575887,0.7,exponential,592,True,240.0,240.0,240,240,"min(t_0, 1000000)",3.9954,3.9954,0,0.0,1.0,1.0,10000,1000000
10000,0.7,0.4,0.010266767126901843,3.684136148790474,0.0027867501938744826,0.4971415721575887,0.7,exponential,593,True,992.0,992.0,992,992,"min(t_0, 1000000)",3.8000998,3.8000998,0,0.0,1.0,1.0,10000,1000000
10000,0.7,0.4,0.010266767126901843,3.684136148790474,0.0027867501938744826,0.4971415721575887,0.7,exponential,594,True,238.0,238.0,238,238,"min(t_0, 1000000)",3.5270998,3.5270998,0,0.0,1.0,1.0,10000,1000000
10000,0.7,0.4,0.010266767126901843,3.684136148790474,0.0027867501938744826,0.4971415721575887,0.7,exponential,595,True,946.0,946.0,946,946,"min(t_0, 1000000)",3.3667,3.3667,0,0.0,1.0,1.0,10000,1000000
10000,0.7,0.4,0.010266767126901843,3.684136148790474,0.0027867501938744826,0.4971415721575887,0.7,exponential,596,True,999.0,999.0,999,999,"min(t_0, 1000000)",3.6566,3.6566,0,0.0,1.0,1.0,10000,1000000
10000,0.7,0.4,0.010266767126901843,3.684136148790474,0.0027867501938744826,0.4971415721575887,0.7,exponential,597,True,422.0,422.0,422,422,"min(t_0, 1000000)",4.0242,4.0242,0,0.0,1.0,1.0,10000,1000000
10000,0.7,0.4,0.010266767126901843,3.684136148790474,0.0027867501938744826,0.4971415721575887,0.7,exponential,598,True,613.0,613.0,613,613,"min(t_0, 1000000)",3.8702,3.8702,0,0.0,1.0,1.0,10000,1000000
10000,0.7,0.4,0.010266767126901843,3.684136148790474,0.0027867501938744826,0.4971415721575887,0.7,exponential,599,True,418.0,418.0,418,418,"min(t_0, 1000000)",3.6601,3.6601,0,0.0,1.0,1.0,10000,1000000
10000,0.7,0.4,0.010266767126901843,3.684136148790474,0.0027867501938744826,0.4971415721575887,0.7,exponential,600,True,706.0,706.0,706,706,"min(t_0, 1000000)",3.606,3.606,0,0.0,1.0,1.0,10000,1000000
10000,0.7,0.4,0.010266767126901843,3.684136148790474,0.0027867501938744826,0.4971415721575887,0.7,exponential,601,True,4016.0,4016.0,4016,4016,"min(t_0, 1000000)",3.8546999,3.8546999,0,0.0,1.0,1.0,10000,1000000
10000,0.7,0.4,0.010266767126901843,3.684136148790474,0.0027867501938744826,0.4971415721575887,0.7,exponential,602,True,5002.0,5002.0,5002,5002,"min(t_0, 1000000)",3.9742,3.9742,0,0.0,1.0,1.0,10000,1000000
10000,0.7,0.4,0.010266767126901843,3.684136148790474,0.0027867501938744826,0.4971415721575887,0.7,exponential,603,True,1625.0,1625.0,1625,1625,"min(t_0, 1000000)",4.2746,4.2746,0,0.0,1.0,1.0,10000,1000000
10000,0.7,0.4,0.010266767126901843,3.684136148790474,0.0027867501938744826,0.4971415721575887,0.7,exponential,604,True,1366.0,1366.0,1366,1366,"min(t_0, 1000000)",3.7793,3.7793,0,0.0,1.0,1.0,10000,1000000
10000,0.7,0.4,0.010266767126901843,3.684136148790474,0.0027867501938744826,0.4971415721575887,0.7,exponential,605,True,408.0,408.0,408,408,"min(t_0, 1000000)",3.3999,3.3999,0,0.0,1.0,1.0,10000,1000000
10000,0.7,0.4,0.010266767126901843,3.684136148790474,0.0027867501938744826,0.4971415721575887,0.7,exponential,606,True,304.0,304.0,304,304,"min(t_0, 1000000)",4.3993998,4.3993998,0,0.0,1.0,1.0,10000,1000000
10000,0.7,0.4,0.010266767126901843,3.684136148790474,0.0027867501938744826,0.4971415721575887,0.7,exponential,607,True,375.0,375.0,375,375,"min(t_0, 1000000)",4.1247,4.1247,0,0.0,1.0,1.0,10000,1000000
10000,0.7,0.4,0.010266767126901843,3.684136148790474,0.0027867501938744826,0.4971415721575887,0.7,exponential,608,True,1572.0,1572.0,1572,1572,"min(t_0, 1000000)",4.0439997,4.0439997,0,0.0,1.0,1.0,10000,1000000
10000,0.7,0.4,0.010266767126901843,3.684136148790474,0.0027867501938744826,0.4971415721575887,0.7,exponential,609,True,216.0,216.0,216,216,"min(t_0, 1000000)",3.6306999,3.6306999,0,0.0,1.0,1.0,10000,1000000
10000,0.7,0.4,0.010266767126901843,3.684136148790474,0.0027867501938744826,0.4971415721575887,0.7,exponential,610,True,278.0,278.0,278,278,"min(t_0, 1000000)",4.1243997,4.1243997,0,0.0,1.0,1.0,10000,1000000
10000,0.7,0.4,0.010266767126901843,3.684136148790474,0.0027867501938744826,0.4971415721575887,0.7,exponential,611,True,505.0,505.0,505,505,"min(t_0, 1000000)",3.8804998,3.8804998,0,0.0,1.0,1.0,10000,1000000
10000,0.7,0.4,0.010266767126901843,3.684136148790474,0.0027867501938744826,0.4971415721575887,0.7,exponential,612,True,1063.0,1063.0,1063,1063,"min(t_0, 1000000)",4.0573997,4.0573997,0,0.0,1.0,1.0,10000,1000000
10000,0.7,0.4,0.010266767126901843,3.684136148790474,0.0027867501938744826,0.4971415721575887,0.7,exponential,613,True,351.0,351.0,351,351,"min(t_0, 1000000)",3.8337998,3.8337998,0,0.0,1.0,1.0,10000,1000000
10000,0.7,0.4,0.010266767126901843,3.684136148790474,0.0027867501938744826,0.4971415721575887,0.7,exponential,614,True,1267.0,1267.0,1267,1267,"min(t_0, 1000000)",3.5277,3.5277,0,0.0,1.0,1.0,10000,1000000
10000,0.7,0.4,0.010266767126901843,3.684136148790474,0.0027867501938744826,0.4971415721575887,0.7,exponential,615,True,1092.0,1092.0,1092,1092,"min(t_0, 1000000)",4.3697,4.3697,0,0.0,1.0,1.0,10000,1000000
10000,0.7,0.4,0.010266767126901843,3.684136148790474,0.0027867501938744826,0.4971415721575887,0.7,exponential,616,True,775.0,775.0,775,775,"min(t_0, 1000000)",3.7201,3.7201,0,0.0,1.0,1.0,10000,1000000
10000,0.7,0.4,0.010266767126901843,3.684136148790474,0.0027867501938744826,0.4971415721575887,0.7,exponential,617,True,246.0,246.0,246,246,"min(t_0, 1000000)",3.9852998,3.9852998,0,0.0,1.0,1.0,10000,1000000
10000,0.7,0.4,0.010266767126901843,3.684136148790474,0.0027867501938744826,0.4971415721575887,0.7,exponential,618,True,1585.0,1585.0,1585,1585,"min(t_0, 1000000)",3.78,3.78,0,0.0,1.0,1.0,10000,1000000
10000,0.7,0.4,0.010266767126901843,3.684136148790474,0.0027867501938744826,0.4971415721575887,0.7,exponential,619,True,599.0,599.0,599,599,"min(t_0, 1000000)",3.8613,3.8613,0,0.0,1.0,1.0,10000,1000000
10000,0.7,0.4,0.010266767126901843,3.684136148790474,0.0027867501938744826,0.4971415721575887,0.7,exponential,620,True,422.0,422.0,422,422,"min(t_0, 1000000)",3.7652,3.7652,0,0.0,1.0,1.0,10000,1000000
10000,0.7,0.4,0.010266767126901843,3.684136148790474,0.0027867501938744826,0.4971415721575887,0.7,exponential,621,True,195.0,195.0,195,195,"min(t_0, 1000000)",4.046,4.046,0,0.0,1.0,1.0,10000,1000000
10000,0.7,0.4,0.010266767126901843,3.684136148790474,0.0027867501938744826,0.4971415721575887,0.7,exponential,622,True,420.0,420.0,420,420,"min(t_0, 1000000)",4.3359,4.3359,0,0.0,1.0,1.0,10000,1000000
10000,0.7,0.4,0.010266767126901843,3.684136148790474,0.0027867501938744826,0.4971415721575887,0.7,exponential,623,True,434.0,434.0,434,434,"min(t_0, 1000000)",3.9222999,3.9222999,0,0.0,1.0,1.0,10000,1000000
10000,0.7,0.4,0.010266767126901843,3.684136148790474,0.0027867501938744826,0.4971415721575887,0.7,exponential,624,True,1140.0,1140.0,1140,1140,"min(t_0, 1000000)",4.0095,4.0095,0,0.0,1.0,1.0,10000,1000000
10000,0.7,0.4,0.010266767126901843,3.684136148790474,0.0027867501938744826,0.4971415721575887,0.7,exponential,625,True,1614.0,1614.0,1614,1614,"min(t_0, 1000000)",4.047,4.047,0,0.0,1.0,1.0,10000,1000000
10000,0.7,0.4,0.010266767126901843,3.684136148790474,0.0027867501938744826,0.4971415721575887,0.7,exponential,626,True,1138.0,1138.0,1138,1138,"min(t_0, 1000000)",3.2803,3.2803,0,0.0,1.0,1.0,10000,1000000
10000,0.7,0.4,0.010266767126901843,3.684136148790474,0.0027867501938744826,0.4971415721575887,0.7,exponential,627,True,1324.0,1324.0,1324,1324,"min(t_0, 1000000)",3.6517,3.6517,0,0.0,1.0,1.0,10000,1000000
10000,0.7,0.4,0.010266767126901843,3.684136148790474,0.0027867501938744826,0.4971415721575887,0.7,exponential,628,True,2560.0,2560.0,2560,2560,"min(t_0, 1000000)",5.1131,5.1131,0,0.0,1.0,1.0,10000,1000000
10000,0.7,0.4,0.010266767126901843,3.684136148790474,0.0027867501938744826,0.4971415721575887,0.7,exponential,629,True,2908.0,2908.0,2908,2908,"min(t_0, 1000000)",3.7407,3.7407,0,0.0,1.0,1.0,10000,1000000
10000,0.7,0.4,0.010266767126901843,3.684136148790474,0.0027867501938744826,0.4971415721575887,0.7,exponential,630,True,2577.0,2577.0,2577,2577,"min(t_0, 1000000)",3.5779998,3.5779998,0,0.0,1.0,1.0,10000,1000000
10000,0.7,0.4,0.010266767126901843,3.684136148790474,0.0027867501938744826,0.4971415721575887,0.7,exponential,631,True,910.0,910.0,910,910,"min(t_0, 1000000)",3.7484,3.7484,0,0.0,1.0,1.0,10000,1000000
10000,0.7,0.4,0.010266767126901843,3.684136148790474,0.0027867501938744826,0.4971415721575887,0.7,exponential,632,True,478.0,478.0,478,478,"min(t_0, 1000000)",3.8063998,3.8063998,0,0.0,1.0,1.0,10000,1000000
10000,0.7,0.4,0.010266767126901843,3.684136148790474,0.0027867501938744826,0.4971415721575887,0.7,exponential,633,True,657.0,657.0,657,657,"min(t_0, 1000000)",3.7159,3.7159,0,0.0,1.0,1.0,10000,1000000
10000,0.7,0.4,0.010266767126901843,3.684136148790474,0.0027867501938744826,0.4971415721575887,0.7,exponential,634,True,810.0,810.0,810,810,"min(t_0, 1000000)",3.8449,3.8449,0,0.0,1.0,1.0,10000,1000000
10000,0.7,0.4,0.010266767126901843,3.684136148790474,0.0027867501938744826,0.4971415721575887,0.7,exponential,635,True,705.0,705.0,705,705,"min(t_0, 1000000)",3.8755999,3.8755999,0,0.0,1.0,1.0,10000,1000000
10000,0.7,0.4,0.010266767126901843,3.684136148790474,0.0027867501938744826,0.4971415721575887,0.7,exponential,636,True,799.0,799.0,799,799,"min(t_0, 1000000)",3.7993,3.7993,0,0.0,1.0,1.0,10000,1000000
10000,0.7,0.4,0.010266767126901843,3.684136148790474,0.0027867501938744826,0.4971415721575887,0.7,exponential,637,True,337.0,337.0,337,337,"min(t_0, 1000000)",3.5733,3.5733,0,0.0,1.0,1.0,10000,1000000
10000,0.7,0.4,0.010266767126901843,3.684136148790474,0.0027867501938744826,0.4971415721575887,0.7,exponential,638,True,156.0,156.0,156,156,"min(t_0, 1000000)",3.9118998,3.9118998,0,0.0,1.0,1.0,10000,1000000
10000,0.7,0.4,0.010266767126901843,3.684136148790474,0.0027867501938744826,0.4971415721575887,0.7,exponential,639,True,608.0,608.0,608,608,"min(t_0, 1000000)",4.164,4.164,0,0.0,1.0,1.0,10000,1000000
10000,0.7,0.4,0.010266767126901843,3.684136148790474,0.0027867501938744826,0.4971415721575887,0.7,exponential,640,True,620.0,620.0,620,620,"min(t_0, 1000000)",4.2216,4.2216,0,0.0,1.0,1.0,10000,1000000
10000,0.7,0.4,0.010266767126901843,3.684136148790474,0.0027867501938744826,0.4971415721575887,0.7,exponential,641,True,1167.0,1167.0,1167,1167,"min(t_0, 1000000)",3.7199998,3.7199998,0,0.0,1.0,1.0,10000,1000000
10000,0.7,0.4,0.010266767126901843,3.684136148790474,0.0027867501938744826,0.4971415721575887,0.7,exponential,642,True,391.0,391.0,391,391,"min(t_0, 1000000)",4.0987997,4.0987997,0,0.0,1.0,1.0,10000,1000000
10000,0.7,0.4,0.010266767126901843,3.684136148790474,0.0027867501938744826,0.4971415721575887,0.7,exponential,643,True,1980.0,1980.0,1980,1980,"min(t_0, 1000000)",3.9143999,3.9143999,0,0.0,1.0,1.0,10000,1000000
10000,0.7,0.4,0.010266767126901843,3.684136148790474,0.0027867501938744826,0.4971415721575887,0.7,exponential,644,True,221.0,221.0,221,221,"min(t_0, 1000000)",3.803,3.803,0,0.0,1.0,1.0,10000,1000000
10000,0.7,0.4,0.010266767126901843,3.684136148790474,0.0027867501938744826,0.4971415721575887,0.7,exponential,645,True,360.0,360.0,360,360,"min(t_0, 1000000)",4.5527997,4.5527997,0,0.0,1.0,1.0,10000,1000000
10000,0.7,0.4,0.010266767126901843,3.684136148790474,0.0027867501938744826,0.4971415721575887,0.7,exponential,646,True,3013.0,3013.0,3013,3013,"min(t_0, 1000000)",3.8674,3.8674,0,0.0,1.0,1.0,10000,1000000
10000,0.7,0.4,0.010266767126901843,3.684136148790474,0.0027867501938744826,0.4971415721575887,0.7,exponential,647,True,146.0,146.0,146,146,"min(t_0, 1000000)",3.8088,3.8088,0,0.0,1.0,1.0,10000,1000000
10000,0.7,0.4,0.010266767126901843,3.684136148790474,0.0027867501938744826,0.4971415721575887,0.7,exponential,648,True,3030.0,3030.0,3030,3030,"min(t_0, 1000000)",3.6899998,3.6899998,0,0.0,1.0,1.0,10000,1000000
10000,0.7,0.4,0.010266767126901843,3.684136148790474,0.0027867501938744826,0.4971415721575887,0.7,exponential,649,True,1250.0,1250.0,1250,1250,"min(t_0, 1000000)",4.3046,4.3046,0,0.0,1.0,1.0,10000,1000000
10000,0.7,0.4,0.010266767126901843,3.684136148790474,0.0027867501938744826,0.4971415721575887,0.7,exponential,650,True,245.0,245.0,245,245,"min(t_0, 1000000)",4.0734,4.0734,0,0.0,1.0,1.0,10000,1000000
10000,0.7,0.4,0.010266767126901843,3.684136148790474,0.0027867501938744826,0.4971415721575887,0.7,exponential,651,True,608.0,608.0,608,608,"min(t_0, 1000000)",3.6962,3.6962,0,0.0,1.0,1.0,10000,1000000
10000,0.7,0.4,0.010266767126901843,3.684136148790474,0.0027867501938744826,0.4971415721575887,0.7,exponential,652,True,209.0,209.0,209,209,"min(t_0, 1000000)",4.3409,4.3409,0,0.0,1.0,1.0,10000,1000000
10000,0.7,0.4,0.010266767126901843,3.684136148790474,0.0027867501938744826,0.4971415721575887,0.7,exponential,653,True,1411.0,1411.0,1411,1411,"min(t_0, 1000000)",3.7647998,3.7647998,0,0.0,1.0,1.0,10000,1000000
10000,0.7,0.4,0.010266767126901843,3.684136148790474,0.0027867501938744826,0.4971415721575887,0.7,exponential,654,True,172.0,172.0,172,172,"min(t_0, 1000000)",4.0804,4.0804,0,0.0,1.0,1.0,10000,1000000
10000,0.7,0.4,0.010266767126901843,3.684136148790474,0.0027867501938744826,0.4971415721575887,0.7,exponential,655,True,487.0,487.0,487,487,"min(t_0, 1000000)",4.0906,4.0906,0,0.0,1.0,1.0,10000,1000000
10000,0.7,0.4,0.010266767126901843,3.684136148790474,0.0027867501938744826,0.4971415721575887,0.7,exponential,656,True,2467.0,2467.0,2467,2467,"min(t_0, 1000000)",3.6469998,3.6469998,0,0.0,1.0,1.0,10000,1000000
10000,0.7,0.4,0.010266767126901843,3.684136148790474,0.0027867501938744826,0.4971415721575887,0.7,exponential,657,True,972.0,972.0,972,972,"min(t_0, 1000000)",4.2539997,4.2539997,0,0.0,1.0,1.0,10000,1000000
10000,0.7,0.4,0.010266767126901843,3.684136148790474,0.0027867501938744826,0.4971415721575887,0.7,exponential,658,True,1905.0,1905.0,1905,1905,"min(t_0, 1000000)",3.6866,3.6866,0,0.0,1.0,1.0,10000,1000000
10000,0.7,0.4,0.010266767126901843,3.684136148790474,0.0027867501938744826,0.4971415721575887,0.7,exponential,659,True,1846.0,1846.0,1846,1846,"min(t_0, 1000000)",3.6511,3.6511,0,0.0,1.0,1.0,10000,1000000
10000,0.7,0.4,0.010266767126901843,3.684136148790474,0.0027867501938744826,0.4971415721575887,0.7,exponential,660,True,788.0,788.0,788,788,"min(t_0, 1000000)",3.8109999,3.8109999,0,0.0,1.0,1.0,10000,1000000
10000,0.7,0.4,0.010266767126901843,3.684136148790474,0.0027867501938744826,0.4971415721575887,0.7,exponential,661,True,1093.0,1093.0,1093,1093,"min(t_0, 1000000)",4.039,4.039,0,0.0,1.0,1.0,10000,1000000
10000,0.7,0.4,0.010266767126901843,3.684136148790474,0.0027867501938744826,0.4971415721575887,0.7,exponential,662,True,3923.0,3923.0,3923,3923,"min(t_0, 1000000)",3.5726,3.5726,0,0.0,1.0,1.0,10000,1000000
10000,0.7,0.4,0.010266767126901843,3.684136148790474,0.0027867501938744826,0.4971415721575887,0.7,exponential,663,True,278.0,278.0,278,278,"min(t_0, 1000000)",4.0084,4.0084,0,0.0,1.0,1.0,10000,1000000
10000,0.7,0.4,0.010266767126901843,3.684136148790474,0.0027867501938744826,0.4971415721575887,0.7,exponential,664,True,1730.0,1730.0,1730,1730,"min(t_0, 1000000)",3.8393,3.8393,0,0.0,1.0,1.0,10000,1000000
10000,0.7,0.4,0.010266767126901843,3.684136148790474,0.0027867501938744826,0.4971415721575887,0.7,exponential,665,True,1473.0,1473.0,1473,1473,"min(t_0, 1000000)",3.4048998,3.4048998,0,0.0,1.0,1.0,10000,1000000
10000,0.7,0.4,0.010266767126901843,3.684136148790474,0.0027867501938744826,0.4971415721575887,0.7,exponential,666,True,1525.0,1525.0,1525,1525,"min(t_0, 1000000)",3.757,3.757,0,0.0,1.0,1.0,10000,1000000
10000,0.7,0.4,0.010266767126901843,3.684136148790474,0.0027867501938744826,0.4971415721575887,0.7,exponential,667,True,2054.0,2054.0,2054,2054,"min(t_0, 1000000)",3.6815999,3.6815999,0,0.0,1.0,1.0,10000,1000000
10000,0.7,0.4,0.010266767126901843,3.684136148790474,0.0027867501938744826,0.4971415721575887,0.7,exponential,668,True,275.0,275.0,275,275,"min(t_0, 1000000)",3.9090998,3.9090998,0,0.0,1.0,1.0,10000,1000000
10000,0.7,0.4,0.010266767126901843,3.684136148790474,0.0027867501938744826,0.4971415721575887,0.7,exponential,669,True,734.0,734.0,734,734,"min(t_0, 1000000)",4.6115,4.6115,0,0.0,1.0,1.0,10000,1000000
10000,0.7,0.4,0.010266767126901843,3.684136148790474,0.0027867501938744826,0.4971415721575887,0.7,exponential,670,True,1662.0,1662.0,1662,1662,"min(t_0, 1000000)",3.5893,3.5893,0,0.0,1.0,1.0,10000,1000000
10000,0.7,0.4,0.010266767126901843,3.684136148790474,0.0027867501938744826,0.4971415721575887,0.7,exponential,671,True,404.0,404.0,404,404,"min(t_0, 1000000)",4.3536997,4.3536997,0,0.0,1.0,1.0,10000,1000000
10000,0.7,0.4,0.010266767126901843,3.684136148790474,0.0027867501938744826,0.4971415721575887,0.7,exponential,672,True,2517.0,2517.0,2517,2517,"min(t_0, 1000000)",3.8607,3.8607,0,0.0,1.0,1.0,10000,1000000
10000,0.7,0.4,0.010266767126901843,3.684136148790474,0.0027867501938744826,0.4971415721575887,0.7,exponential,673,True,925.0,925.0,925,925,"min(t_0, 1000000)",3.9478998,3.9478998,0,0.0,1.0,1.0,10000,1000000
10000,0.7,0.4,0.010266767126901843,3.684136148790474,0.0027867501938744826,0.4971415721575887,0.7,exponential,674,True,1298.0,1298.0,1298,1298,"min(t_0, 1000000)",3.5809999,3.5809999,0,0.0,1.0,1.0,10000,1000000
10000,0.7,0.4,0.010266767126901843,3.684136148790474,0.0027867501938744826,0.4971415721575887,0.7,exponential,675,True,1524.0,1524.0,1524,1524,"min(t_0, 1000000)",3.8976,3.8976,0,0.0,1.0,1.0,10000,1000000
10000,0.7,0.4,0.010266767126901843,3.684136148790474,0.0027867501938744826,0.4971415721575887,0.7,exponential,676,True,438.0,438.0,438,438,"min(t_0, 1000000)",4.0815,4.0815,0,0.0,1.0,1.0,10000,1000000
10000,0.7,0.4,0.010266767126901843,3.684136148790474,0.0027867501938744826,0.4971415721575887,0.7,exponential,677,True,483.0,483.0,483,483,"min(t_0, 1000000)",3.5358,3.5358,0,0.0,1.0,1.0,10000,1000000
10000,0.7,0.4,0.010266767126901843,3.684136148790474,0.0027867501938744826,0.4971415721575887,0.7,exponential,678,True,386.0,386.0,386,386,"min(t_0, 1000000)",4.0046,4.0046,0,0.0,1.0,1.0,10000,1000000
10000,0.7,0.4,0.010266767126901843,3.684136148790474,0.0027867501938744826,0.4971415721575887,0.7,exponential,679,True,1463.0,1463.0,1463,1463,"min(t_0, 1000000)",3.8602998,3.8602998,0,0.0,1.0,1.0,10000,1000000
10000,0.7,0.4,0.010266767126901843,3.684136148790474,0.0027867501938744826,0.4971415721575887,0.7,exponential,680,True,2776.0,2776.0,2776,2776,"min(t_0, 1000000)",3.4392998,3.4392998,0,0.0,1.0,1.0,10000,1000000
10000,0.7,0.4,0.010266767126901843,3.684136148790474,0.0027867501938744826,0.4971415721575887,0.7,exponential,681,True,568.0,568.0,568,568,"min(t_0, 1000000)",3.6701,3.6701,0,0.0,1.0,1.0,10000,1000000
10000,0.7,0.4,0.010266767126901843,3.684136148790474,0.0027867501938744826,0.4971415721575887,0.7,exponential,682,True,1921.0,1921.0,1921,1921,"min(t_0, 1000000)",3.4068,3.4068,0,0.0,1.0,1.0,10000,1000000
10000,0.7,0.4,0.010266767126901843,3.684136148790474,0.0027867501938744826,0.4971415721575887,0.7,exponential,683,True,489.0,489.0,489,489,"min(t_0, 1000000)",3.7895,3.7895,0,0.0,1.0,1.0,10000,1000000
10000,0.7,0.4,0.010266767126901843,3.684136148790474,0.0027867501938744826,0.4971415721575887,0.7,exponential,684,True,132.0,132.0,132,132,"min(t_0, 1000000)",3.8451,3.8451,0,0.0,1.0,1.0,10000,1000000
10000,0.7,0.4,0.010266767126901843,3.684136148790474,0.0027867501938744826,0.4971415721575887,0.7,exponential,685,True,98.0,98.0,98,98,"min(t_0, 1000000)",3.7452,3.7452,0,0.0,1.0,1.0,10000,1000000
10000,0.7,0.4,0.010266767126901843,3.684136148790474,0.0027867501938744826,0.4971415721575887,0.7,exponential,686,True,723.0,723.0,723,723,"min(t_0, 1000000)",3.8054,3.8054,0,0.0,1.0,1.0,10000,1000000
10000,0.7,0.4,0.010266767126901843,3.684136148790474,0.0027867501938744826,0.4971415721575887,0.7,exponential,687,True,639.0,639.0,639,639,"min(t_0, 1000000)",3.5221,3.5221,0,0.0,1.0,1.0,10000,1000000
10000,0.7,0.4,0.010266767126901843,3.684136148790474,0.0027867501938744826,0.4971415721575887,0.7,exponential,688,True,2186.0,2186.0,2186,2186,"min(t_0, 1000000)",4.1656,4.1656,0,0.0,1.0,1.0,10000,1000000
10000,0.7,0.4,0.010266767126901843,3.684136148790474,0.0027867501938744826,0.4971415721575887,0.7,exponential,689,True,837.0,837.0,837,837,"min(t_0, 1000000)",4.4129,4.4129,0,0.0,1.0,1.0,10000,1000000
10000,0.7,0.4,0.010266767126901843,3.684136148790474,0.0027867501938744826,0.4971415721575887,0.7,exponential,690,True,823.0,823.0,823,823,"min(t_0, 1000000)",4.023,4.023,0,0.0,1.0,1.0,10000,1000000
10000,0.7,0.4,0.010266767126901843,3.684136148790474,0.0027867501938744826,0.4971415721575887,0.7,exponential,691,True,458.0,458.0,458,458,"min(t_0, 1000000)",3.9554,3.9554,0,0.0,1.0,1.0,10000,1000000
10000,0.7,0.4,0.010266767126901843,3.684136148790474,0.0027867501938744826,0.4971415721575887,0.7,exponential,692,True,411.0,411.0,411,411,"min(t_0, 1000000)",4.0687,4.0687,0,0.0,1.0,1.0,10000,1000000
10000,0.7,0.4,0.010266767126901843,3.684136148790474,0.0027867501938744826,0.4971415721575887,0.7,exponential,693,True,468.0,468.0,468,468,"min(t_0, 1000000)",4.1094,4.1094,0,0.0,1.0,1.0,10000,1000000
10000,0.7,0.4,0.010266767126901843,3.684136148790474,0.0027867501938744826,0.4971415721575887,0.7,exponential,694,True,269.0,269.0,269,269,"min(t_0, 1000000)",3.7853,3.7853,0,0.0,1.0,1.0,10000,1000000
10000,0.7,0.4,0.010266767126901843,3.684136148790474,0.0027867501938744826,0.4971415721575887,0.7,exponential,695,True,805.0,805.0,805,805,"min(t_0, 1000000)",3.9282,3.9282,0,0.0,1.0,1.0,10000,1000000
10000,0.7,0.4,0.010266767126901843,3.684136148790474,0.0027867501938744826,0.4971415721575887,0.7,exponential,696,True,1011.0,1011.0,1011,1011,"min(t_0, 1000000)",4.6419,4.6419,0,0.0,1.0,1.0,10000,1000000
10000,0.7,0.4,0.010266767126901843,3.684136148790474,0.0027867501938744826,0.4971415721575887,0.7,exponential,697,True,416.0,416.0,416,416,"min(t_0, 1000000)",4.2668,4.2668,0,0.0,1.0,1.0,10000,1000000
10000,0.7,0.4,0.010266767126901843,3.684136148790474,0.0027867501938744826,0.4971415721575887,0.7,exponential,698,True,238.0,238.0,238,238,"min(t_0, 1000000)",4.1995997,4.1995997,0,0.0,1.0,1.0,10000,1000000
10000,0.7,0.4,0.010266767126901843,3.684136148790474,0.0027867501938744826,0.4971415721575887,0.7,exponential,699,True,1976.0,1976.0,1976,1976,"min(t_0, 1000000)",3.0521998,3.0521998,0,0.0,1.0,1.0,10000,1000000
10000,0.7,0.4,0.010266767126901843,3.684136148790474,0.0027867501938744826,0.4971415721575887,0.7,exponential,700,True,472.0,472.0,472,472,"min(t_0, 1000000)",4.1068,4.1068,0,0.0,1.0,1.0,10000,1000000
10000,0.7,0.4,0.010266767126901843,3.684136148790474,0.0027867501938744826,0.4971415721575887,0.7,exponential,701,True,147.0,147.0,147,147,"min(t_0, 1000000)",3.6539,3.6539,0,0.0,1.0,1.0,10000,1000000
10000,0.7,0.4,0.010266767126901843,3.684136148790474,0.0027867501938744826,0.4971415721575887,0.7,exponential,702,True,488.0,488.0,488,488,"min(t_0, 1000000)",3.7148,3.7148,0,0.0,1.0,1.0,10000,1000000
10000,0.7,0.4,0.010266767126901843,3.684136148790474,0.0027867501938744826,0.4971415721575887,0.7,exponential,703,True,508.0,508.0,508,508,"min(t_0, 1000000)",3.7470999,3.7470999,0,0.0,1.0,1.0,10000,1000000
10000,0.7,0.4,0.010266767126901843,3.684136148790474,0.0027867501938744826,0.4971415721575887,0.7,exponential,704,True,398.0,398.0,398,398,"min(t_0, 1000000)",4.0355997,4.0355997,0,0.0,1.0,1.0,10000,1000000
10000,0.7,0.4,0.010266767126901843,3.684136148790474,0.0027867501938744826,0.4971415721575887,0.7,exponential,705,True,2144.0,2144.0,2144,2144,"min(t_0, 1000000)",4.1598997,4.1598997,0,0.0,1.0,1.0,10000,1000000
10000,0.7,0.4,0.010266767126901843,3.684136148790474,0.0027867501938744826,0.4971415721575887,0.7,exponential,706,True,2112.0,2112.0,2112,2112,"min(t_0, 1000000)",3.3837,3.3837,0,0.0,1.0,1.0,10000,1000000
10000,0.7,0.4,0.010266767126901843,3.684136148790474,0.0027867501938744826,0.4971415721575887,0.7,exponential,707,True,1684.0,1684.0,1684,1684,"min(t_0, 1000000)",3.9009998,3.9009998,0,0.0,1.0,1.0,10000,1000000
10000,0.7,0.4,0.010266767126901843,3.684136148790474,0.0027867501938744826,0.4971415721575887,0.7,exponential,708,True,715.0,715.0,715,715,"min(t_0, 1000000)",4.2132,4.2132,0,0.0,1.0,1.0,10000,1000000
10000,0.7,0.4,0.010266767126901843,3.684136148790474,0.0027867501938744826,0.4971415721575887,0.7,exponential,709,True,1594.0,1594.0,1594,1594,"min(t_0, 1000000)",3.8337,3.8337,0,0.0,1.0,1.0,10000,1000000
10000,0.7,0.4,0.010266767126901843,3.684136148790474,0.0027867501938744826,0.4971415721575887,0.7,exponential,710,True,6504.0,6504.0,6504,6504,"min(t_0, 1000000)",4.2746,4.2746,0,0.0,1.0,1.0,10000,1000000
10000,0.7,0.4,0.010266767126901843,3.684136148790474,0.0027867501938744826,0.4971415721575887,0.7,exponential,711,True,172.0,172.0,172,172,"min(t_0, 1000000)",3.7022,3.7022,0,0.0,1.0,1.0,10000,1000000
10000,0.7,0.4,0.010266767126901843,3.684136148790474,0.0027867501938744826,0.4971415721575887,0.7,exponential,712,True,1431.0,1431.0,1431,1431,"min(t_0, 1000000)",3.4759998,3.4759998,0,0.0,1.0,1.0,10000,1000000
10000,0.7,0.4,0.010266767126901843,3.684136148790474,0.0027867501938744826,0.4971415721575887,0.7,exponential,713,True,798.0,798.0,798,798,"min(t_0, 1000000)",3.9129999,3.9129999,0,0.0,1.0,1.0,10000,1000000
10000,0.7,0.4,0.010266767126901843,3.684136148790474,0.0027867501938744826,0.4971415721575887,0.7,exponential,714,True,1299.0,1299.0,1299,1299,"min(t_0, 1000000)",3.3974998,3.3974998,0,0.0,1.0,1.0,10000,1000000
10000,0.7,0.4,0.010266767126901843,3.684136148790474,0.0027867501938744826,0.4971415721575887,0.7,exponential,715,True,165.0,165.0,165,165,"min(t_0, 1000000)",3.6534998,3.6534998,0,0.0,1.0,1.0,10000,1000000
10000,0.7,0.4,0.010266767126901843,3.684136148790474,0.0027867501938744826,0.4971415721575887,0.7,exponential,716,True,744.0,744.0,744,744,"min(t_0, 1000000)",3.9413998,3.9413998,0,0.0,1.0,1.0,10000,1000000
10000,0.7,0.4,0.010266767126901843,3.684136148790474,0.0027867501938744826,0.4971415721575887,0.7,exponential,717,True,2106.0,2106.0,2106,2106,"min(t_0, 1000000)",3.8890998,3.8890998,0,0.0,1.0,1.0,10000,1000000
10000,0.7,0.4,0.010266767126901843,3.684136148790474,0.0027867501938744826,0.4971415721575887,0.7,exponential,718,True,614.0,614.0,614,614,"min(t_0, 1000000)",3.9067,3.9067,0,0.0,1.0,1.0,10000,1000000
10000,0.7,0.4,0.010266767126901843,3.684136148790474,0.0027867501938744826,0.4971415721575887,0.7,exponential,719,True,607.0,607.0,607,607,"min(t_0, 1000000)",4.0116,4.0116,0,0.0,1.0,1.0,10000,1000000
10000,0.7,0.4,0.010266767126901843,3.684136148790474,0.0027867501938744826,0.4971415721575887,0.7,exponential,720,True,294.0,294.0,294,294,"min(t_0, 1000000)",3.4863,3.4863,0,0.0,1.0,1.0,10000,1000000
10000,0.7,0.4,0.010266767126901843,3.684136148790474,0.0027867501938744826,0.4971415721575887,0.7,exponential,721,True,212.0,212.0,212,212,"min(t_0, 1000000)",3.6325998,3.6325998,0,0.0,1.0,1.0,10000,1000000
10000,0.7,0.4,0.010266767126901843,3.684136148790474,0.0027867501938744826,0.4971415721575887,0.7,exponential,722,True,3368.0,3368.0,3368,3368,"min(t_0, 1000000)",3.4261,3.4261,0,0.0,1.0,1.0,10000,1000000
10000,0.7,0.4,0.010266767126901843,3.684136148790474,0.0027867501938744826,0.4971415721575887,0.7,exponential,723,True,1242.0,1242.0,1242,1242,"min(t_0, 1000000)",4.2729,4.2729,0,0.0,1.0,1.0,10000,1000000
10000,0.7,0.4,0.010266767126901843,3.684136148790474,0.0027867501938744826,0.4971415721575887,0.7,exponential,724,True,260.0,260.0,260,260,"min(t_0, 1000000)",4.2859,4.2859,0,0.0,1.0,1.0,10000,1000000
10000,0.7,0.4,0.010266767126901843,3.684136148790474,0.0027867501938744826,0.4971415721575887,0.7,exponential,725,True,1656.0,1656.0,1656,1656,"min(t_0, 1000000)",3.6220999,3.6220999,0,0.0,1.0,1.0,10000,1000000
10000,0.7,0.4,0.010266767126901843,3.684136148790474,0.0027867501938744826,0.4971415721575887,0.7,exponential,726,True,331.0,331.0,331,331,"min(t_0, 1000000)",3.4399998,3.4399998,0,0.0,1.0,1.0,10000,1000000
10000,0.7,0.4,0.010266767126901843,3.684136148790474,0.0027867501938744826,0.4971415721575887,0.7,exponential,727,True,513.0,513.0,513,513,"min(t_0, 1000000)",3.8701,3.8701,0,0.0,1.0,1.0,10000,1000000
10000,0.7,0.4,0.010266767126901843,3.684136148790474,0.0027867501938744826,0.4971415721575887,0.7,exponential,728,True,1348.0,1348.0,1348,1348,"min(t_0, 1000000)",3.5049999,3.5049999,0,0.0,1.0,1.0,10000,1000000
10000,0.7,0.4,0.010266767126901843,3.684136148790474,0.0027867501938744826,0.4971415721575887,0.7,exponential,729,True,312.0,312.0,312,312,"min(t_0, 1000000)",3.8295999,3.8295999,0,0.0,1.0,1.0,10000,1000000
10000,0.7,0.4,0.010266767126901843,3.684136148790474,0.0027867501938744826,0.4971415721575887,0.7,exponential,730,True,651.0,651.0,651,651,"min(t_0, 1000000)",3.7663,3.7663,0,0.0,1.0,1.0,10000,1000000
10000,0.7,0.4,0.010266767126901843,3.684136148790474,0.0027867501938744826,0.4971415721575887,0.7,exponential,731,True,1412.0,1412.0,1412,1412,"min(t_0, 1000000)",4.1507,4.1507,0,0.0,1.0,1.0,10000,1000000
10000,0.7,0.4,0.010266767126901843,3.684136148790474,0.0027867501938744826,0.4971415721575887,0.7,exponential,732,True,490.0,490.0,490,490,"min(t_0, 1000000)",3.8709,3.8709,0,0.0,1.0,1.0,10000,1000000
10000,0.7,0.4,0.010266767126901843,3.684136148790474,0.0027867501938744826,0.4971415721575887,0.7,exponential,733,True,591.0,591.0,591,591,"min(t_0, 1000000)",3.8964,3.8964,0,0.0,1.0,1.0,10000,1000000
10000,0.7,0.4,0.010266767126901843,3.684136148790474,0.0027867501938744826,0.4971415721575887,0.7,exponential,734,True,383.0,383.0,383,383,"min(t_0, 1000000)",3.9745,3.9745,0,0.0,1.0,1.0,10000,1000000
10000,0.7,0.4,0.010266767126901843,3.684136148790474,0.0027867501938744826,0.4971415721575887,0.7,exponential,735,True,1741.0,1741.0,1741,1741,"min(t_0, 1000000)",4.1306,4.1306,0,0.0,1.0,1.0,10000,1000000
10000,0.7,0.4,0.010266767126901843,3.684136148790474,0.0027867501938744826,0.4971415721575887,0.7,exponential,736,True,6225.0,6225.0,6225,6225,"min(t_0, 1000000)",3.8592,3.8592,0,0.0,1.0,1.0,10000,1000000
10000,0.7,0.4,0.010266767126901843,3.684136148790474,0.0027867501938744826,0.4971415721575887,0.7,exponential,737,True,2013.0,2013.0,2013,2013,"min(t_0, 1000000)",3.3769999,3.3769999,0,0.0,1.0,1.0,10000,1000000
10000,0.7,0.4,0.010266767126901843,3.684136148790474,0.0027867501938744826,0.4971415721575887,0.7,exponential,738,True,475.0,475.0,475,475,"min(t_0, 1000000)",3.6395998,3.6395998,0,0.0,1.0,1.0,10000,1000000
10000,0.7,0.4,0.010266767126901843,3.684136148790474,0.0027867501938744826,0.4971415721575887,0.7,exponential,739,True,547.0,547.0,547,547,"min(t_0, 1000000)",3.7177,3.7177,0,0.0,1.0,1.0,10000,1000000
10000,0.7,0.4,0.010266767126901843,3.684136148790474,0.0027867501938744826,0.4971415721575887,0.7,exponential,740,True,1473.0,1473.0,1473,1473,"min(t_0, 1000000)",3.8815,3.8815,0,0.0,1.0,1.0,10000,1000000
10000,0.7,0.4,0.010266767126901843,3.684136148790474,0.0027867501938744826,0.4971415721575887,0.7,exponential,741,True,273.0,273.0,273,273,"min(t_0, 1000000)",3.8701,3.8701,0,0.0,1.0,1.0,10000,1000000
10000,0.7,0.4,0.010266767126901843,3.684136148790474,0.0027867501938744826,0.4971415721575887,0.7,exponential,742,True,648.0,648.0,648,648,"min(t_0, 1000000)",4.178,4.178,0,0.0,1.0,1.0,10000,1000000
10000,0.7,0.4,0.010266767126901843,3.684136148790474,0.0027867501938744826,0.4971415721575887,0.7,exponential,743,True,1469.0,1469.0,1469,1469,"min(t_0, 1000000)",4.3298,4.3298,0,0.0,1.0,1.0,10000,1000000
10000,0.7,0.4,0.010266767126901843,3.684136148790474,0.0027867501938744826,0.4971415721575887,0.7,exponential,744,True,390.0,390.0,390,390,"min(t_0, 1000000)",4.5828,4.5828,0,0.0,1.0,1.0,10000,1000000
10000,0.7,0.4,0.010266767126901843,3.684136148790474,0.0027867501938744826,0.4971415721575887,0.7,exponential,745,True,736.0,736.0,736,736,"min(t_0, 1000000)",4.015,4.015,0,0.0,1.0,1.0,10000,1000000
10000,0.7,0.4,0.010266767126901843,3.684136148790474,0.0027867501938744826,0.4971415721575887,0.7,exponential,746,True,571.0,571.0,571,571,"min(t_0, 1000000)",4.3198,4.3198,0,0.0,1.0,1.0,10000,1000000
10000,0.7,0.4,0.010266767126901843,3.684136148790474,0.0027867501938744826,0.4971415721575887,0.7,exponential,747,True,75.0,75.0,75,75,"min(t_0, 1000000)",3.5616999,3.5616999,0,0.0,1.0,1.0,10000,1000000
10000,0.7,0.4,0.010266767126901843,3.684136148790474,0.0027867501938744826,0.4971415721575887,0.7,exponential,748,True,173.0,173.0,173,173,"min(t_0, 1000000)",4.1602,4.1602,0,0.0,1.0,1.0,10000,1000000
10000,0.7,0.4,0.010266767126901843,3.684136148790474,0.0027867501938744826,0.4971415721575887,0.7,exponential,749,True,1072.0,1072.0,1072,1072,"min(t_0, 1000000)",4.1973,4.1973,0,0.0,1.0,1.0,10000,1000000
10000,0.7,0.4,0.010266767126901843,3.684136148790474,0.0027867501938744826,0.4971415721575887,0.7,exponential,750,True,1308.0,1308.0,1308,1308,"min(t_0, 1000000)",3.7152,3.7152,0,0.0,1.0,1.0,10000,1000000
10000,0.7,0.4,0.010266767126901843,3.684136148790474,0.0027867501938744826,0.4971415721575887,0.7,exponential,751,True,185.0,185.0,185,185,"min(t_0, 1000000)",3.7487998,3.7487998,0,0.0,1.0,1.0,10000,1000000
10000,0.7,0.4,0.010266767126901843,3.684136148790474,0.0027867501938744826,0.4971415721575887,0.7,exponential,752,True,499.0,499.0,499,499,"min(t_0, 1000000)",3.7563,3.7563,0,0.0,1.0,1.0,10000,1000000
10000,0.7,0.4,0.010266767126901843,3.684136148790474,0.0027867501938744826,0.4971415721575887,0.7,exponential,753,True,1554.0,1554.0,1554,1554,"min(t_0, 1000000)",3.83,3.83,0,0.0,1.0,1.0,10000,1000000
10000,0.7,0.4,0.010266767126901843,3.684136148790474,0.0027867501938744826,0.4971415721575887,0.7,exponential,754,True,1775.0,1775.0,1775,1775,"min(t_0, 1000000)",3.7496,3.7496,0,0.0,1.0,1.0,10000,1000000
10000,0.7,0.4,0.010266767126901843,3.684136148790474,0.0027867501938744826,0.4971415721575887,0.7,exponential,755,True,921.0,921.0,921,921,"min(t_0, 1000000)",3.7117,3.7117,0,0.0,1.0,1.0,10000,1000000
10000,0.7,0.4,0.010266767126901843,3.684136148790474,0.0027867501938744826,0.4971415721575887,0.7,exponential,756,True,1960.0,1960.0,1960,1960,"min(t_0, 1000000)",3.5475998,3.5475998,0,0.0,1.0,1.0,10000,1000000
10000,0.7,0.4,0.010266767126901843,3.684136148790474,0.0027867501938744826,0.4971415721575887,0.7,exponential,757,True,5643.0,5643.0,5643,5643,"min(t_0, 1000000)",4.1416,4.1416,0,0.0,1.0,1.0,10000,1000000
10000,0.7,0.4,0.010266767126901843,3.684136148790474,0.0027867501938744826,0.4971415721575887,0.7,exponential,758,True,2775.0,2775.0,2775,2775,"min(t_0, 1000000)",4.2886,4.2886,0,0.0,1.0,1.0,10000,1000000
10000,0.7,0.4,0.010266767126901843,3.684136148790474,0.0027867501938744826,0.4971415721575887,0.7,exponential,759,True,245.0,245.0,245,245,"min(t_0, 1000000)",4.0136,4.0136,0,0.0,1.0,1.0,10000,1000000
10000,0.7,0.4,0.010266767126901843,3.684136148790474,0.0027867501938744826,0.4971415721575887,0.7,exponential,760,True,1117.0,1117.0,1117,1117,"min(t_0, 1000000)",4.0015,4.0015,0,0.0,1.0,1.0,10000,1000000
10000,0.7,0.4,0.010266767126901843,3.684136148790474,0.0027867501938744826,0.4971415721575887,0.7,exponential,761,True,222.0,222.0,222,222,"min(t_0, 1000000)",3.5523,3.5523,0,0.0,1.0,1.0,10000,1000000
10000,0.7,0.4,0.010266767126901843,3.684136148790474,0.0027867501938744826,0.4971415721575887,0.7,exponential,762,True,2992.0,2992.0,2992,2992,"min(t_0, 1000000)",3.6374998,3.6374998,0,0.0,1.0,1.0,10000,1000000
10000,0.7,0.4,0.010266767126901843,3.684136148790474,0.0027867501938744826,0.4971415721575887,0.7,exponential,763,True,2967.0,2967.0,2967,2967,"min(t_0, 1000000)",3.9222,3.9222,0,0.0,1.0,1.0,10000,1000000
10000,0.7,0.4,0.010266767126901843,3.684136148790474,0.0027867501938744826,0.4971415721575887,0.7,exponential,764,True,1214.0,1214.0,1214,1214,"min(t_0, 1000000)",3.7879999,3.7879999,0,0.0,1.0,1.0,10000,1000000
10000,0.7,0.4,0.010266767126901843,3.684136148790474,0.0027867501938744826,0.4971415721575887,0.7,exponential,765,True,1548.0,1548.0,1548,1548,"min(t_0, 1000000)",4.7381997,4.7381997,0,0.0,1.0,1.0,10000,1000000
10000,0.7,0.4,0.010266767126901843,3.684136148790474,0.0027867501938744826,0.4971415721575887,0.7,exponential,766,True,420.0,420.0,420,420,"min(t_0, 1000000)",4.0288997,4.0288997,0,0.0,1.0,1.0,10000,1000000
10000,0.7,0.4,0.010266767126901843,3.684136148790474,0.0027867501938744826,0.4971415721575887,0.7,exponential,767,True,296.0,296.0,296,296,"min(t_0, 1000000)",3.3399,3.3399,0,0.0,1.0,1.0,10000,1000000
10000,0.7,0.4,0.010266767126901843,3.684136148790474,0.0027867501938744826,0.4971415721575887,0.7,exponential,768,True,2120.0,2120.0,2120,2120,"min(t_0, 1000000)",3.7515998,3.7515998,0,0.0,1.0,1.0,10000,1000000
10000,0.7,0.4,0.010266767126901843,3.684136148790474,0.0027867501938744826,0.4971415721575887,0.7,exponential,769,True,1495.0,1495.0,1495,1495,"min(t_0, 1000000)",3.333,3.333,0,0.0,1.0,1.0,10000,1000000
10000,0.7,0.4,0.010266767126901843,3.684136148790474,0.0027867501938744826,0.4971415721575887,0.7,exponential,770,True,454.0,454.0,454,454,"min(t_0, 1000000)",4.4414,4.4414,0,0.0,1.0,1.0,10000,1000000
10000,0.7,0.4,0.010266767126901843,3.684136148790474,0.0027867501938744826,0.4971415721575887,0.7,exponential,771,True,510.0,510.0,510,510,"min(t_0, 1000000)",3.948,3.948,0,0.0,1.0,1.0,10000,1000000
10000,0.7,0.4,0.010266767126901843,3.684136148790474,0.0027867501938744826,0.4971415721575887,0.7,exponential,772,True,333.0,333.0,333,333,"min(t_0, 1000000)",4.2044997,4.2044997,0,0.0,1.0,1.0,10000,1000000
10000,0.7,0.4,0.010266767126901843,3.684136148790474,0.0027867501938744826,0.4971415721575887,0.7,exponential,773,True,1174.0,1174.0,1174,1174,"min(t_0, 1000000)",3.931,3.931,0,0.0,1.0,1.0,10000,1000000
10000,0.7,0.4,0.010266767126901843,3.684136148790474,0.0027867501938744826,0.4971415721575887,0.7,exponential,774,True,458.0,458.0,458,458,"min(t_0, 1000000)",4.3341,4.3341,0,0.0,1.0,1.0,10000,1000000
10000,0.7,0.4,0.010266767126901843,3.684136148790474,0.0027867501938744826,0.4971415721575887,0.7,exponential,775,True,443.0,443.0,443,443,"min(t_0, 1000000)",3.6197999,3.6197999,0,0.0,1.0,1.0,10000,1000000
10000,0.7,0.4,0.010266767126901843,3.684136148790474,0.0027867501938744826,0.4971415721575887,0.7,exponential,776,True,770.0,770.0,770,770,"min(t_0, 1000000)",3.5205998,3.5205998,0,0.0,1.0,1.0,10000,1000000
10000,0.7,0.4,0.010266767126901843,3.684136148790474,0.0027867501938744826,0.4971415721575887,0.7,exponential,777,True,198.0,198.0,198,198,"min(t_0, 1000000)",4.1551,4.1551,0,0.0,1.0,1.0,10000,1000000
10000,0.7,0.4,0.010266767126901843,3.684136148790474,0.0027867501938744826,0.4971415721575887,0.7,exponential,778,True,1748.0,1748.0,1748,1748,"min(t_0, 1000000)",3.9134998,3.9134998,0,0.0,1.0,1.0,10000,1000000
10000,0.7,0.4,0.010266767126901843,3.684136148790474,0.0027867501938744826,0.4971415721575887,0.7,exponential,779,True,478.0,478.0,478,478,"min(t_0, 1000000)",4.1177998,4.1177998,0,0.0,1.0,1.0,10000,1000000
10000,0.7,0.4,0.010266767126901843,3.684136148790474,0.0027867501938744826,0.4971415721575887,0.7,exponential,780,True,459.0,459.0,459,459,"min(t_0, 1000000)",3.2933998,3.2933998,0,0.0,1.0,1.0,10000,1000000
10000,0.7,0.4,0.010266767126901843,3.684136148790474,0.0027867501938744826,0.4971415721575887,0.7,exponential,781,True,953.0,953.0,953,953,"min(t_0, 1000000)",3.8957999,3.8957999,0,0.0,1.0,1.0,10000,1000000
10000,0.7,0.4,0.010266767126901843,3.684136148790474,0.0027867501938744826,0.4971415721575887,0.7,exponential,782,True,290.0,290.0,290,290,"min(t_0, 1000000)",4.2608,4.2608,0,0.0,1.0,1.0,10000,1000000
10000,0.7,0.4,0.010266767126901843,3.684136148790474,0.0027867501938744826,0.4971415721575887,0.7,exponential,783,True,404.0,404.0,404,404,"min(t_0, 1000000)",4.7283,4.7283,0,0.0,1.0,1.0,10000,1000000
10000,0.7,0.4,0.010266767126901843,3.684136148790474,0.0027867501938744826,0.4971415721575887,0.7,exponential,784,True,338.0,338.0,338,338,"min(t_0, 1000000)",3.8662999,3.8662999,0,0.0,1.0,1.0,10000,1000000
10000,0.7,0.4,0.010266767126901843,3.684136148790474,0.0027867501938744826,0.4971415721575887,0.7,exponential,785,True,198.0,198.0,198,198,"min(t_0, 1000000)",3.8707,3.8707,0,0.0,1.0,1.0,10000,1000000
10000,0.7,0.4,0.010266767126901843,3.684136148790474,0.0027867501938744826,0.4971415721575887,0.7,exponential,786,True,314.0,314.0,314,314,"min(t_0, 1000000)",3.9438999,3.9438999,0,0.0,1.0,1.0,10000,1000000
10000,0.7,0.4,0.010266767126901843,3.684136148790474,0.0027867501938744826,0.4971415721575887,0.7,exponential,787,True,512.0,512.0,512,512,"min(t_0, 1000000)",3.5584,3.5584,0,0.0,1.0,1.0,10000,1000000
10000,0.7,0.4,0.010266767126901843,3.684136148790474,0.0027867501938744826,0.4971415721575887,0.7,exponential,788,True,461.0,461.0,461,461,"min(t_0, 1000000)",4.3657,4.3657,0,0.0,1.0,1.0,10000,1000000
10000,0.7,0.4,0.010266767126901843,3.684136148790474,0.0027867501938744826,0.4971415721575887,0.7,exponential,789,True,557.0,557.0,557,557,"min(t_0, 1000000)",3.5219998,3.5219998,0,0.0,1.0,1.0,10000,1000000
10000,0.7,0.4,0.010266767126901843,3.684136148790474,0.0027867501938744826,0.4971415721575887,0.7,exponential,790,True,750.0,750.0,750,750,"min(t_0, 1000000)",3.971,3.971,0,0.0,1.0,1.0,10000,1000000
10000,0.7,0.4,0.010266767126901843,3.684136148790474,0.0027867501938744826,0.4971415721575887,0.7,exponential,791,True,647.0,647.0,647,647,"min(t_0, 1000000)",4.3255,4.3255,0,0.0,1.0,1.0,10000,1000000
10000,0.7,0.4,0.010266767126901843,3.684136148790474,0.0027867501938744826,0.4971415721575887,0.7,exponential,792,True,722.0,722.0,722,722,"min(t_0, 1000000)",3.8114998,3.8114998,0,0.0,1.0,1.0,10000,1000000
10000,0.7,0.4,0.010266767126901843,3.684136148790474,0.0027867501938744826,0.4971415721575887,0.7,exponential,793,True,3144.0,3144.0,3144,3144,"min(t_0, 1000000)",4.0221,4.0221,0,0.0,1.0,1.0,10000,1000000
10000,0.7,0.4,0.010266767126901843,3.684136148790474,0.0027867501938744826,0.4971415721575887,0.7,exponential,794,True,106.0,106.0,106,106,"min(t_0, 1000000)",3.5630999,3.5630999,0,0.0,1.0,1.0,10000,1000000
10000,0.7,0.4,0.010266767126901843,3.684136148790474,0.0027867501938744826,0.4971415721575887,0.7,exponential,795,True,548.0,548.0,548,548,"min(t_0, 1000000)",4.6615,4.6615,0,0.0,1.0,1.0,10000,1000000
10000,0.7,0.4,0.010266767126901843,3.684136148790474,0.0027867501938744826,0.4971415721575887,0.7,exponential,796,True,532.0,532.0,532,532,"min(t_0, 1000000)",3.6536,3.6536,0,0.0,1.0,1.0,10000,1000000
10000,0.7,0.4,0.010266767126901843,3.684136148790474,0.0027867501938744826,0.4971415721575887,0.7,exponential,797,True,318.0,318.0,318,318,"min(t_0, 1000000)",4.0116,4.0116,0,0.0,1.0,1.0,10000,1000000
10000,0.7,0.4,0.010266767126901843,3.684136148790474,0.0027867501938744826,0.4971415721575887,0.7,exponential,798,True,358.0,358.0,358,358,"min(t_0, 1000000)",3.7694,3.7694,0,0.0,1.0,1.0,10000,1000000
10000,0.7,0.4,0.010266767126901843,3.684136148790474,0.0027867501938744826,0.4971415721575887,0.7,exponential,799,True,735.0,735.0,735,735,"min(t_0, 1000000)",4.0427,4.0427,0,0.0,1.0,1.0,10000,1000000
10000,0.7,0.4,0.010266767126901843,3.684136148790474,0.0027867501938744826,0.4971415721575887,0.7,exponential,800,True,2002.0,2002.0,2002,2002,"min(t_0, 1000000)",3.9863,3.9863,0,0.0,1.0,1.0,10000,1000000
10000,0.7,0.4,0.010266767126901843,3.684136148790474,0.0027867501938744826,0.4971415721575887,0.7,exponential,801,True,329.0,329.0,329,329,"min(t_0, 1000000)",3.4259999,3.4259999,0,0.0,1.0,1.0,10000,1000000
10000,0.7,0.4,0.010266767126901843,3.684136148790474,0.0027867501938744826,0.4971415721575887,0.7,exponential,802,True,157.0,157.0,157,157,"min(t_0, 1000000)",4.0022,4.0022,0,0.0,1.0,1.0,10000,1000000
10000,0.7,0.4,0.010266767126901843,3.684136148790474,0.0027867501938744826,0.4971415721575887,0.7,exponential,803,True,113.0,113.0,113,113,"min(t_0, 1000000)",3.9397998,3.9397998,0,0.0,1.0,1.0,10000,1000000
10000,0.7,0.4,0.010266767126901843,3.684136148790474,0.0027867501938744826,0.4971415721575887,0.7,exponential,804,True,1477.0,1477.0,1477,1477,"min(t_0, 1000000)",4.1893,4.1893,0,0.0,1.0,1.0,10000,1000000
10000,0.7,0.4,0.010266767126901843,3.684136148790474,0.0027867501938744826,0.4971415721575887,0.7,exponential,805,True,642.0,642.0,642,642,"min(t_0, 1000000)",4.0831,4.0831,0,0.0,1.0,1.0,10000,1000000
10000,0.7,0.4,0.010266767126901843,3.684136148790474,0.0027867501938744826,0.4971415721575887,0.7,exponential,806,True,1356.0,1356.0,1356,1356,"min(t_0, 1000000)",3.4589999,3.4589999,0,0.0,1.0,1.0,10000,1000000
10000,0.7,0.4,0.010266767126901843,3.684136148790474,0.0027867501938744826,0.4971415721575887,0.7,exponential,807,True,946.0,946.0,946,946,"min(t_0, 1000000)",3.9115999,3.9115999,0,0.0,1.0,1.0,10000,1000000
10000,0.7,0.4,0.010266767126901843,3.684136148790474,0.0027867501938744826,0.4971415721575887,0.7,exponential,808,True,236.0,236.0,236,236,"min(t_0, 1000000)",4.3427,4.3427,0,0.0,1.0,1.0,10000,1000000
10000,0.7,0.4,0.010266767126901843,3.684136148790474,0.0027867501938744826,0.4971415721575887,0.7,exponential,809,True,333.0,333.0,333,333,"min(t_0, 1000000)",3.9526,3.9526,0,0.0,1.0,1.0,10000,1000000
10000,0.7,0.4,0.010266767126901843,3.684136148790474,0.0027867501938744826,0.4971415721575887,0.7,exponential,810,True,569.0,569.0,569,569,"min(t_0, 1000000)",3.3755999,3.3755999,0,0.0,1.0,1.0,10000,1000000
10000,0.7,0.4,0.010266767126901843,3.684136148790474,0.0027867501938744826,0.4971415721575887,0.7,exponential,811,True,1457.0,1457.0,1457,1457,"min(t_0, 1000000)",3.3888,3.3888,0,0.0,1.0,1.0,10000,1000000
10000,0.7,0.4,0.010266767126901843,3.684136148790474,0.0027867501938744826,0.4971415721575887,0.7,exponential,812,True,843.0,843.0,843,843,"min(t_0, 1000000)",3.8135998,3.8135998,0,0.0,1.0,1.0,10000,1000000
10000,0.7,0.4,0.010266767126901843,3.684136148790474,0.0027867501938744826,0.4971415721575887,0.7,exponential,813,True,1559.0,1559.0,1559,1559,"min(t_0, 1000000)",4.2794,4.2794,0,0.0,1.0,1.0,10000,1000000
10000,0.7,0.4,0.010266767126901843,3.684136148790474,0.0027867501938744826,0.4971415721575887,0.7,exponential,814,True,1429.0,1429.0,1429,1429,"min(t_0, 1000000)",3.6269999,3.6269999,0,0.0,1.0,1.0,10000,1000000
10000,0.7,0.4,0.010266767126901843,3.684136148790474,0.0027867501938744826,0.4971415721575887,0.7,exponential,815,True,2454.0,2454.0,2454,2454,"min(t_0, 1000000)",3.8467,3.8467,0,0.0,1.0,1.0,10000,1000000
10000,0.7,0.4,0.010266767126901843,3.684136148790474,0.0027867501938744826,0.4971415721575887,0.7,exponential,816,True,556.0,556.0,556,556,"min(t_0, 1000000)",4.1514997,4.1514997,0,0.0,1.0,1.0,10000,1000000
10000,0.7,0.4,0.010266767126901843,3.684136148790474,0.0027867501938744826,0.4971415721575887,0.7,exponential,817,True,760.0,760.0,760,760,"min(t_0, 1000000)",3.9840999,3.9840999,0,0.0,1.0,1.0,10000,1000000
10000,0.7,0.4,0.010266767126901843,3.684136148790474,0.0027867501938744826,0.4971415721575887,0.7,exponential,818,True,286.0,286.0,286,286,"min(t_0, 1000000)",4.1735997,4.1735997,0,0.0,1.0,1.0,10000,1000000
10000,0.7,0.4,0.010266767126901843,3.684136148790474,0.0027867501938744826,0.4971415721575887,0.7,exponential,819,True,239.0,239.0,239,239,"min(t_0, 1000000)",4.3013997,4.3013997,0,0.0,1.0,1.0,10000,1000000
10000,0.7,0.4,0.010266767126901843,3.684136148790474,0.0027867501938744826,0.4971415721575887,0.7,exponential,820,True,147.0,147.0,147,147,"min(t_0, 1000000)",3.6181,3.6181,0,0.0,1.0,1.0,10000,1000000
10000,0.7,0.4,0.010266767126901843,3.684136148790474,0.0027867501938744826,0.4971415721575887,0.7,exponential,821,True,3822.0,3822.0,3822,3822,"min(t_0, 1000000)",3.8908,3.8908,0,0.0,1.0,1.0,10000,1000000
10000,0.7,0.4,0.010266767126901843,3.684136148790474,0.0027867501938744826,0.4971415721575887,0.7,exponential,822,True,2013.0,2013.0,2013,2013,"min(t_0, 1000000)",4.2441,4.2441,0,0.0,1.0,1.0,10000,1000000
10000,0.7,0.4,0.010266767126901843,3.684136148790474,0.0027867501938744826,0.4971415721575887,0.7,exponential,823,True,782.0,782.0,782,782,"min(t_0, 1000000)",3.8878999,3.8878999,0,0.0,1.0,1.0,10000,1000000
10000,0.7,0.4,0.010266767126901843,3.684136148790474,0.0027867501938744826,0.4971415721575887,0.7,exponential,824,True,995.0,995.0,995,995,"min(t_0, 1000000)",4.3254,4.3254,0,0.0,1.0,1.0,10000,1000000
10000,0.7,0.4,0.010266767126901843,3.684136148790474,0.0027867501938744826,0.4971415721575887,0.7,exponential,825,True,146.0,146.0,146,146,"min(t_0, 1000000)",3.5405,3.5405,0,0.0,1.0,1.0,10000,1000000
10000,0.7,0.4,0.010266767126901843,3.684136148790474,0.0027867501938744826,0.4971415721575887,0.7,exponential,826,True,1092.0,1092.0,1092,1092,"min(t_0, 1000000)",3.0038,3.0038,0,0.0,1.0,1.0,10000,1000000
10000,0.7,0.4,0.010266767126901843,3.684136148790474,0.0027867501938744826,0.4971415721575887,0.7,exponential,827,True,641.0,641.0,641,641,"min(t_0, 1000000)",4.2099,4.2099,0,0.0,1.0,1.0,10000,1000000
10000,0.7,0.4,0.010266767126901843,3.684136148790474,0.0027867501938744826,0.4971415721575887,0.7,exponential,828,True,563.0,563.0,563,563,"min(t_0, 1000000)",3.5177999,3.5177999,0,0.0,1.0,1.0,10000,1000000
10000,0.7,0.4,0.010266767126901843,3.684136148790474,0.0027867501938744826,0.4971415721575887,0.7,exponential,829,True,3985.0,3985.0,3985,3985,"min(t_0, 1000000)",3.6527998,3.6527998,0,0.0,1.0,1.0,10000,1000000
10000,0.7,0.4,0.010266767126901843,3.684136148790474,0.0027867501938744826,0.4971415721575887,0.7,exponential,830,True,261.0,261.0,261,261,"min(t_0, 1000000)",3.7579,3.7579,0,0.0,1.0,1.0,10000,1000000
10000,0.7,0.4,0.010266767126901843,3.684136148790474,0.0027867501938744826,0.4971415721575887,0.7,exponential,831,True,3135.0,3135.0,3135,3135,"min(t_0, 1000000)",4.29,4.29,0,0.0,1.0,1.0,10000,1000000
10000,0.7,0.4,0.010266767126901843,3.684136148790474,0.0027867501938744826,0.4971415721575887,0.7,exponential,832,True,986.0,986.0,986,986,"min(t_0, 1000000)",3.784,3.784,0,0.0,1.0,1.0,10000,1000000
10000,0.7,0.4,0.010266767126901843,3.684136148790474,0.0027867501938744826,0.4971415721575887,0.7,exponential,833,True,89.0,89.0,89,89,"min(t_0, 1000000)",3.902,3.902,0,0.0,1.0,1.0,10000,1000000
10000,0.7,0.4,0.010266767126901843,3.684136148790474,0.0027867501938744826,0.4971415721575887,0.7,exponential,834,True,997.0,997.0,997,997,"min(t_0, 1000000)",3.7745998,3.7745998,0,0.0,1.0,1.0,10000,1000000
10000,0.7,0.4,0.010266767126901843,3.684136148790474,0.0027867501938744826,0.4971415721575887,0.7,exponential,835,True,3868.0,3868.0,3868,3868,"min(t_0, 1000000)",3.7872,3.7872,0,0.0,1.0,1.0,10000,1000000
10000,0.7,0.4,0.010266767126901843,3.684136148790474,0.0027867501938744826,0.4971415721575887,0.7,exponential,836,True,1651.0,1651.0,1651,1651,"min(t_0, 1000000)",4.5264,4.5264,0,0.0,1.0,1.0,10000,1000000
10000,0.7,0.4,0.010266767126901843,3.684136148790474,0.0027867501938744826,0.4971415721575887,0.7,exponential,837,True,2547.0,2547.0,2547,2547,"min(t_0, 1000000)",3.5372999,3.5372999,0,0.0,1.0,1.0,10000,1000000
10000,0.7,0.4,0.010266767126901843,3.684136148790474,0.0027867501938744826,0.4971415721575887,0.7,exponential,838,True,776.0,776.0,776,776,"min(t_0, 1000000)",3.8955,3.8955,0,0.0,1.0,1.0,10000,1000000
10000,0.7,0.4,0.010266767126901843,3.684136148790474,0.0027867501938744826,0.4971415721575887,0.7,exponential,839,True,1386.0,1386.0,1386,1386,"min(t_0, 1000000)",3.3086,3.3086,0,0.0,1.0,1.0,10000,1000000
10000,0.7,0.4,0.010266767126901843,3.684136148790474,0.0027867501938744826,0.4971415721575887,0.7,exponential,840,True,1087.0,1087.0,1087,1087,"min(t_0, 1000000)",4.2009,4.2009,0,0.0,1.0,1.0,10000,1000000
10000,0.7,0.4,0.010266767126901843,3.684136148790474,0.0027867501938744826,0.4971415721575887,0.7,exponential,841,True,1205.0,1205.0,1205,1205,"min(t_0, 1000000)",3.6582,3.6582,0,0.0,1.0,1.0,10000,1000000
10000,0.7,0.4,0.010266767126901843,3.684136148790474,0.0027867501938744826,0.4971415721575887,0.7,exponential,842,True,1636.0,1636.0,1636,1636,"min(t_0, 1000000)",3.8453999,3.8453999,0,0.0,1.0,1.0,10000,1000000
10000,0.7,0.4,0.010266767126901843,3.684136148790474,0.0027867501938744826,0.4971415721575887,0.7,exponential,843,True,179.0,179.0,179,179,"min(t_0, 1000000)",3.7342,3.7342,0,0.0,1.0,1.0,10000,1000000
10000,0.7,0.4,0.010266767126901843,3.684136148790474,0.0027867501938744826,0.4971415721575887,0.7,exponential,844,True,320.0,320.0,320,320,"min(t_0, 1000000)",3.4822,3.4822,0,0.0,1.0,1.0,10000,1000000
10000,0.7,0.4,0.010266767126901843,3.684136148790474,0.0027867501938744826,0.4971415721575887,0.7,exponential,845,True,442.0,442.0,442,442,"min(t_0, 1000000)",3.4791,3.4791,0,0.0,1.0,1.0,10000,1000000
10000,0.7,0.4,0.010266767126901843,3.684136148790474,0.0027867501938744826,0.4971415721575887,0.7,exponential,846,True,1269.0,1269.0,1269,1269,"min(t_0, 1000000)",4.1414,4.1414,0,0.0,1.0,1.0,10000,1000000
10000,0.7,0.4,0.010266767126901843,3.684136148790474,0.0027867501938744826,0.4971415721575887,0.7,exponential,847,True,1461.0,1461.0,1461,1461,"min(t_0, 1000000)",4.3596997,4.3596997,0,0.0,1.0,1.0,10000,1000000
10000,0.7,0.4,0.010266767126901843,3.684136148790474,0.0027867501938744826,0.4971415721575887,0.7,exponential,848,True,603.0,603.0,603,603,"min(t_0, 1000000)",3.041,3.041,0,0.0,1.0,1.0,10000,1000000
10000,0.7,0.4,0.010266767126901843,3.684136148790474,0.0027867501938744826,0.4971415721575887,0.7,exponential,849,True,371.0,371.0,371,371,"min(t_0, 1000000)",3.9468,3.9468,0,0.0,1.0,1.0,10000,1000000
10000,0.7,0.4,0.010266767126901843,3.684136148790474,0.0027867501938744826,0.4971415721575887,0.7,exponential,850,True,2518.0,2518.0,2518,2518,"min(t_0, 1000000)",3.9612,3.9612,0,0.0,1.0,1.0,10000,1000000
10000,0.7,0.4,0.010266767126901843,3.684136148790474,0.0027867501938744826,0.4971415721575887,0.7,exponential,851,True,1236.0,1236.0,1236,1236,"min(t_0, 1000000)",3.9343998,3.9343998,0,0.0,1.0,1.0,10000,1000000
10000,0.7,0.4,0.010266767126901843,3.684136148790474,0.0027867501938744826,0.4971415721575887,0.7,exponential,852,True,190.0,190.0,190,190,"min(t_0, 1000000)",3.922,3.922,0,0.0,1.0,1.0,10000,1000000
10000,0.7,0.4,0.010266767126901843,3.684136148790474,0.0027867501938744826,0.4971415721575887,0.7,exponential,853,True,2198.0,2198.0,2198,2198,"min(t_0, 1000000)",3.5556,3.5556,0,0.0,1.0,1.0,10000,1000000
10000,0.7,0.4,0.010266767126901843,3.684136148790474,0.0027867501938744826,0.4971415721575887,0.7,exponential,854,True,1269.0,1269.0,1269,1269,"min(t_0, 1000000)",3.8655,3.8655,0,0.0,1.0,1.0,10000,1000000
10000,0.7,0.4,0.010266767126901843,3.684136148790474,0.0027867501938744826,0.4971415721575887,0.7,exponential,855,True,1449.0,1449.0,1449,1449,"min(t_0, 1000000)",3.5080998,3.5080998,0,0.0,1.0,1.0,10000,1000000
10000,0.7,0.4,0.010266767126901843,3.684136148790474,0.0027867501938744826,0.4971415721575887,0.7,exponential,856,True,1079.0,1079.0,1079,1079,"min(t_0, 1000000)",3.8258998,3.8258998,0,0.0,1.0,1.0,10000,1000000
10000,0.7,0.4,0.010266767126901843,3.684136148790474,0.0027867501938744826,0.4971415721575887,0.7,exponential,857,True,492.0,492.0,492,492,"min(t_0, 1000000)",3.8362,3.8362,0,0.0,1.0,1.0,10000,1000000
10000,0.7,0.4,0.010266767126901843,3.684136148790474,0.0027867501938744826,0.4971415721575887,0.7,exponential,858,True,1368.0,1368.0,1368,1368,"min(t_0, 1000000)",3.8349,3.8349,0,0.0,1.0,1.0,10000,1000000
10000,0.7,0.4,0.010266767126901843,3.684136148790474,0.0027867501938744826,0.4971415721575887,0.7,exponential,859,True,2518.0,2518.0,2518,2518,"min(t_0, 1000000)",4.5655,4.5655,0,0.0,1.0,1.0,10000,1000000
10000,0.7,0.4,0.010266767126901843,3.684136148790474,0.0027867501938744826,0.4971415721575887,0.7,exponential,860,True,129.0,129.0,129,129,"min(t_0, 1000000)",3.8095,3.8095,0,0.0,1.0,1.0,10000,1000000
10000,0.7,0.4,0.010266767126901843,3.684136148790474,0.0027867501938744826,0.4971415721575887,0.7,exponential,861,True,355.0,355.0,355,355,"min(t_0, 1000000)",3.4515998,3.4515998,0,0.0,1.0,1.0,10000,1000000
10000,0.7,0.4,0.010266767126901843,3.684136148790474,0.0027867501938744826,0.4971415721575887,0.7,exponential,862,True,119.0,119.0,119,119,"min(t_0, 1000000)",3.8813,3.8813,0,0.0,1.0,1.0,10000,1000000
10000,0.7,0.4,0.010266767126901843,3.684136148790474,0.0027867501938744826,0.4971415721575887,0.7,exponential,863,True,2786.0,2786.0,2786,2786,"min(t_0, 1000000)",4.1772,4.1772,0,0.0,1.0,1.0,10000,1000000
10000,0.7,0.4,0.010266767126901843,3.684136148790474,0.0027867501938744826,0.4971415721575887,0.7,exponential,864,True,87.0,87.0,87,87,"min(t_0, 1000000)",3.7277,3.7277,0,0.0,1.0,1.0,10000,1000000
10000,0.7,0.4,0.010266767126901843,3.684136148790474,0.0027867501938744826,0.4971415721575887,0.7,exponential,865,True,645.0,645.0,645,645,"min(t_0, 1000000)",4.1117,4.1117,0,0.0,1.0,1.0,10000,1000000
10000,0.7,0.4,0.010266767126901843,3.684136148790474,0.0027867501938744826,0.4971415721575887,0.7,exponential,866,True,3525.0,3525.0,3525,3525,"min(t_0, 1000000)",4.2699,4.2699,0,0.0,1.0,1.0,10000,1000000
10000,0.7,0.4,0.010266767126901843,3.684136148790474,0.0027867501938744826,0.4971415721575887,0.7,exponential,867,True,1215.0,1215.0,1215,1215,"min(t_0, 1000000)",3.6332,3.6332,0,0.0,1.0,1.0,10000,1000000
10000,0.7,0.4,0.010266767126901843,3.684136148790474,0.0027867501938744826,0.4971415721575887,0.7,exponential,868,True,134.0,134.0,134,134,"min(t_0, 1000000)",3.7027998,3.7027998,0,0.0,1.0,1.0,10000,1000000
10000,0.7,0.4,0.010266767126901843,3.684136148790474,0.0027867501938744826,0.4971415721575887,0.7,exponential,869,True,1328.0,1328.0,1328,1328,"min(t_0, 1000000)",4.0099998,4.0099998,0,0.0,1.0,1.0,10000,1000000
10000,0.7,0.4,0.010266767126901843,3.684136148790474,0.0027867501938744826,0.4971415721575887,0.7,exponential,870,True,1301.0,1301.0,1301,1301,"min(t_0, 1000000)",3.6339998,3.6339998,0,0.0,1.0,1.0,10000,1000000
10000,0.7,0.4,0.010266767126901843,3.684136148790474,0.0027867501938744826,0.4971415721575887,0.7,exponential,871,True,376.0,376.0,376,376,"min(t_0, 1000000)",4.125,4.125,0,0.0,1.0,1.0,10000,1000000
10000,0.7,0.4,0.010266767126901843,3.684136148790474,0.0027867501938744826,0.4971415721575887,0.7,exponential,872,True,959.0,959.0,959,959,"min(t_0, 1000000)",3.4515998,3.4515998,0,0.0,1.0,1.0,10000,1000000
10000,0.7,0.4,0.010266767126901843,3.684136148790474,0.0027867501938744826,0.4971415721575887,0.7,exponential,873,True,2892.0,2892.0,2892,2892,"min(t_0, 1000000)",3.9222999,3.9222999,0,0.0,1.0,1.0,10000,1000000
10000,0.7,0.4,0.010266767126901843,3.684136148790474,0.0027867501938744826,0.4971415721575887,0.7,exponential,874,True,519.0,519.0,519,519,"min(t_0, 1000000)",3.8660998,3.8660998,0,0.0,1.0,1.0,10000,1000000
10000,0.7,0.4,0.010266767126901843,3.684136148790474,0.0027867501938744826,0.4971415721575887,0.7,exponential,875,True,530.0,530.0,530,530,"min(t_0, 1000000)",4.2078,4.2078,0,0.0,1.0,1.0,10000,1000000
10000,0.7,0.4,0.010266767126901843,3.684136148790474,0.0027867501938744826,0.4971415721575887,0.7,exponential,876,True,147.0,147.0,147,147,"min(t_0, 1000000)",3.5819,3.5819,0,0.0,1.0,1.0,10000,1000000
10000,0.7,0.4,0.010266767126901843,3.684136148790474,0.0027867501938744826,0.4971415721575887,0.7,exponential,877,True,773.0,773.0,773,773,"min(t_0, 1000000)",3.7048,3.7048,0,0.0,1.0,1.0,10000,1000000
10000,0.7,0.4,0.010266767126901843,3.684136148790474,0.0027867501938744826,0.4971415721575887,0.7,exponential,878,True,543.0,543.0,543,543,"min(t_0, 1000000)",3.6894,3.6894,0,0.0,1.0,1.0,10000,1000000
10000,0.7,0.4,0.010266767126901843,3.684136148790474,0.0027867501938744826,0.4971415721575887,0.7,exponential,879,True,1024.0,1024.0,1024,1024,"min(t_0, 1000000)",4.2226,4.2226,0,0.0,1.0,1.0,10000,1000000
10000,0.7,0.4,0.010266767126901843,3.684136148790474,0.0027867501938744826,0.4971415721575887,0.7,exponential,880,True,405.0,405.0,405,405,"min(t_0, 1000000)",4.2296,4.2296,0,0.0,1.0,1.0,10000,1000000
10000,0.7,0.4,0.010266767126901843,3.684136148790474,0.0027867501938744826,0.4971415721575887,0.7,exponential,881,True,3873.0,3873.0,3873,3873,"min(t_0, 1000000)",4.3099,4.3099,0,0.0,1.0,1.0,10000,1000000
10000,0.7,0.4,0.010266767126901843,3.684136148790474,0.0027867501938744826,0.4971415721575887,0.7,exponential,882,True,1617.0,1617.0,1617,1617,"min(t_0, 1000000)",3.4399,3.4399,0,0.0,1.0,1.0,10000,1000000
10000,0.7,0.4,0.010266767126901843,3.684136148790474,0.0027867501938744826,0.4971415721575887,0.7,exponential,883,True,1774.0,1774.0,1774,1774,"min(t_0, 1000000)",3.8023999,3.8023999,0,0.0,1.0,1.0,10000,1000000
10000,0.7,0.4,0.010266767126901843,3.684136148790474,0.0027867501938744826,0.4971415721575887,0.7,exponential,884,True,149.0,149.0,149,149,"min(t_0, 1000000)",3.9378998,3.9378998,0,0.0,1.0,1.0,10000,1000000
10000,0.7,0.4,0.010266767126901843,3.684136148790474,0.0027867501938744826,0.4971415721575887,0.7,exponential,885,True,807.0,807.0,807,807,"min(t_0, 1000000)",3.6402998,3.6402998,0,0.0,1.0,1.0,10000,1000000
10000,0.7,0.4,0.010266767126901843,3.684136148790474,0.0027867501938744826,0.4971415721575887,0.7,exponential,886,True,524.0,524.0,524,524,"min(t_0, 1000000)",4.3396997,4.3396997,0,0.0,1.0,1.0,10000,1000000
10000,0.7,0.4,0.010266767126901843,3.684136148790474,0.0027867501938744826,0.4971415721575887,0.7,exponential,887,True,564.0,564.0,564,564,"min(t_0, 1000000)",3.6771,3.6771,0,0.0,1.0,1.0,10000,1000000
10000,0.7,0.4,0.010266767126901843,3.684136148790474,0.0027867501938744826,0.4971415721575887,0.7,exponential,888,True,1170.0,1170.0,1170,1170,"min(t_0, 1000000)",4.375,4.375,0,0.0,1.0,1.0,10000,1000000
10000,0.7,0.4,0.010266767126901843,3.684136148790474,0.0027867501938744826,0.4971415721575887,0.7,exponential,889,True,1490.0,1490.0,1490,1490,"min(t_0, 1000000)",3.5811,3.5811,0,0.0,1.0,1.0,10000,1000000
10000,0.7,0.4,0.010266767126901843,3.684136148790474,0.0027867501938744826,0.4971415721575887,0.7,exponential,890,True,1836.0,1836.0,1836,1836,"min(t_0, 1000000)",4.0515,4.0515,0,0.0,1.0,1.0,10000,1000000
10000,0.7,0.4,0.010266767126901843,3.684136148790474,0.0027867501938744826,0.4971415721575887,0.7,exponential,891,True,3873.0,3873.0,3873,3873,"min(t_0, 1000000)",4.0513997,4.0513997,0,0.0,1.0,1.0,10000,1000000
10000,0.7,0.4,0.010266767126901843,3.684136148790474,0.0027867501938744826,0.4971415721575887,0.7,exponential,892,True,459.0,459.0,459,459,"min(t_0, 1000000)",3.8421,3.8421,0,0.0,1.0,1.0,10000,1000000
10000,0.7,0.4,0.010266767126901843,3.684136148790474,0.0027867501938744826,0.4971415721575887,0.7,exponential,893,True,1246.0,1246.0,1246,1246,"min(t_0, 1000000)",3.6016998,3.6016998,0,0.0,1.0,1.0,10000,1000000
10000,0.7,0.4,0.010266767126901843,3.684136148790474,0.0027867501938744826,0.4971415721575887,0.7,exponential,894,True,1292.0,1292.0,1292,1292,"min(t_0, 1000000)",3.6102,3.6102,0,0.0,1.0,1.0,10000,1000000
10000,0.7,0.4,0.010266767126901843,3.684136148790474,0.0027867501938744826,0.4971415721575887,0.7,exponential,895,True,676.0,676.0,676,676,"min(t_0, 1000000)",3.8639998,3.8639998,0,0.0,1.0,1.0,10000,1000000
10000,0.7,0.4,0.010266767126901843,3.684136148790474,0.0027867501938744826,0.4971415721575887,0.7,exponential,896,True,982.0,982.0,982,982,"min(t_0, 1000000)",3.7335,3.7335,0,0.0,1.0,1.0,10000,1000000
10000,0.7,0.4,0.010266767126901843,3.684136148790474,0.0027867501938744826,0.4971415721575887,0.7,exponential,897,True,2083.0,2083.0,2083,2083,"min(t_0, 1000000)",3.7205,3.7205,0,0.0,1.0,1.0,10000,1000000
10000,0.7,0.4,0.010266767126901843,3.684136148790474,0.0027867501938744826,0.4971415721575887,0.7,exponential,898,True,737.0,737.0,737,737,"min(t_0, 1000000)",3.9385,3.9385,0,0.0,1.0,1.0,10000,1000000
10000,0.7,0.4,0.010266767126901843,3.684136148790474,0.0027867501938744826,0.4971415721575887,0.7,exponential,899,True,1314.0,1314.0,1314,1314,"min(t_0, 1000000)",3.5189998,3.5189998,0,0.0,1.0,1.0,10000,1000000
10000,0.7,0.4,0.010266767126901843,3.684136148790474,0.0027867501938744826,0.4971415721575887,0.7,exponential,900,True,260.0,260.0,260,260,"min(t_0, 1000000)",4.1893,4.1893,0,0.0,1.0,1.0,10000,1000000
10000,0.7,0.4,0.010266767126901843,3.684136148790474,0.0027867501938744826,0.4971415721575887,0.7,exponential,901,True,3187.0,3187.0,3187,3187,"min(t_0, 1000000)",4.2148,4.2148,0,0.0,1.0,1.0,10000,1000000
10000,0.7,0.4,0.010266767126901843,3.684136148790474,0.0027867501938744826,0.4971415721575887,0.7,exponential,902,True,607.0,607.0,607,607,"min(t_0, 1000000)",3.3211,3.3211,0,0.0,1.0,1.0,10000,1000000
10000,0.7,0.4,0.010266767126901843,3.684136148790474,0.0027867501938744826,0.4971415721575887,0.7,exponential,903,True,435.0,435.0,435,435,"min(t_0, 1000000)",3.9234998,3.9234998,0,0.0,1.0,1.0,10000,1000000
10000,0.7,0.4,0.010266767126901843,3.684136148790474,0.0027867501938744826,0.4971415721575887,0.7,exponential,904,True,1291.0,1291.0,1291,1291,"min(t_0, 1000000)",4.5938997,4.5938997,0,0.0,1.0,1.0,10000,1000000
10000,0.7,0.4,0.010266767126901843,3.684136148790474,0.0027867501938744826,0.4971415721575887,0.7,exponential,905,True,1548.0,1548.0,1548,1548,"min(t_0, 1000000)",4.8111,4.8111,0,0.0,1.0,1.0,10000,1000000
10000,0.7,0.4,0.010266767126901843,3.684136148790474,0.0027867501938744826,0.4971415721575887,0.7,exponential,906,True,537.0,537.0,537,537,"min(t_0, 1000000)",3.7329,3.7329,0,0.0,1.0,1.0,10000,1000000
10000,0.7,0.4,0.010266767126901843,3.684136148790474,0.0027867501938744826,0.4971415721575887,0.7,exponential,907,True,718.0,718.0,718,718,"min(t_0, 1000000)",3.4096,3.4096,0,0.0,1.0,1.0,10000,1000000
10000,0.7,0.4,0.010266767126901843,3.684136148790474,0.0027867501938744826,0.4971415721575887,0.7,exponential,908,True,4697.0,4697.0,4697,4697,"min(t_0, 1000000)",4.0906997,4.0906997,0,0.0,1.0,1.0,10000,1000000
10000,0.7,0.4,0.010266767126901843,3.684136148790474,0.0027867501938744826,0.4971415721575887,0.7,exponential,909,True,1161.0,1161.0,1161,1161,"min(t_0, 1000000)",4.8029,4.8029,0,0.0,1.0,1.0,10000,1000000
10000,0.7,0.4,0.010266767126901843,3.684136148790474,0.0027867501938744826,0.4971415721575887,0.7,exponential,910,True,2245.0,2245.0,2245,2245,"min(t_0, 1000000)",4.1113,4.1113,0,0.0,1.0,1.0,10000,1000000
10000,0.7,0.4,0.010266767126901843,3.684136148790474,0.0027867501938744826,0.4971415721575887,0.7,exponential,911,True,462.0,462.0,462,462,"min(t_0, 1000000)",3.9943,3.9943,0,0.0,1.0,1.0,10000,1000000
10000,0.7,0.4,0.010266767126901843,3.684136148790474,0.0027867501938744826,0.4971415721575887,0.7,exponential,912,True,1298.0,1298.0,1298,1298,"min(t_0, 1000000)",3.9034998,3.9034998,0,0.0,1.0,1.0,10000,1000000
10000,0.7,0.4,0.010266767126901843,3.684136148790474,0.0027867501938744826,0.4971415721575887,0.7,exponential,913,True,1942.0,1942.0,1942,1942,"min(t_0, 1000000)",3.8107,3.8107,0,0.0,1.0,1.0,10000,1000000
10000,0.7,0.4,0.010266767126901843,3.684136148790474,0.0027867501938744826,0.4971415721575887,0.7,exponential,914,True,3542.0,3542.0,3542,3542,"min(t_0, 1000000)",3.9789,3.9789,0,0.0,1.0,1.0,10000,1000000
10000,0.7,0.4,0.010266767126901843,3.684136148790474,0.0027867501938744826,0.4971415721575887,0.7,exponential,915,True,899.0,899.0,899,899,"min(t_0, 1000000)",4.5169,4.5169,0,0.0,1.0,1.0,10000,1000000
10000,0.7,0.4,0.010266767126901843,3.684136148790474,0.0027867501938744826,0.4971415721575887,0.7,exponential,916,True,346.0,346.0,346,346,"min(t_0, 1000000)",4.457,4.457,0,0.0,1.0,1.0,10000,1000000
10000,0.7,0.4,0.010266767126901843,3.684136148790474,0.0027867501938744826,0.4971415721575887,0.7,exponential,917,True,279.0,279.0,279,279,"min(t_0, 1000000)",3.7838,3.7838,0,0.0,1.0,1.0,10000,1000000
10000,0.7,0.4,0.010266767126901843,3.684136148790474,0.0027867501938744826,0.4971415721575887,0.7,exponential,918,True,670.0,670.0,670,670,"min(t_0, 1000000)",4.0167,4.0167,0,0.0,1.0,1.0,10000,1000000
10000,0.7,0.4,0.010266767126901843,3.684136148790474,0.0027867501938744826,0.4971415721575887,0.7,exponential,919,True,472.0,472.0,472,472,"min(t_0, 1000000)",3.882,3.882,0,0.0,1.0,1.0,10000,1000000
10000,0.7,0.4,0.010266767126901843,3.684136148790474,0.0027867501938744826,0.4971415721575887,0.7,exponential,920,True,183.0,183.0,183,183,"min(t_0, 1000000)",3.8704,3.8704,0,0.0,1.0,1.0,10000,1000000
10000,0.7,0.4,0.010266767126901843,3.684136148790474,0.0027867501938744826,0.4971415721575887,0.7,exponential,921,True,648.0,648.0,648,648,"min(t_0, 1000000)",3.6311,3.6311,0,0.0,1.0,1.0,10000,1000000
10000,0.7,0.4,0.010266767126901843,3.684136148790474,0.0027867501938744826,0.4971415721575887,0.7,exponential,922,True,1844.0,1844.0,1844,1844,"min(t_0, 1000000)",3.6367,3.6367,0,0.0,1.0,1.0,10000,1000000
10000,0.7,0.4,0.010266767126901843,3.684136148790474,0.0027867501938744826,0.4971415721575887,0.7,exponential,923,True,753.0,753.0,753,753,"min(t_0, 1000000)",3.7565,3.7565,0,0.0,1.0,1.0,10000,1000000
10000,0.7,0.4,0.010266767126901843,3.684136148790474,0.0027867501938744826,0.4971415721575887,0.7,exponential,924,True,2140.0,2140.0,2140,2140,"min(t_0, 1000000)",3.1067998,3.1067998,0,0.0,1.0,1.0,10000,1000000
10000,0.7,0.4,0.010266767126901843,3.684136148790474,0.0027867501938744826,0.4971415721575887,0.7,exponential,925,True,547.0,547.0,547,547,"min(t_0, 1000000)",3.9894,3.9894,0,0.0,1.0,1.0,10000,1000000
10000,0.7,0.4,0.010266767126901843,3.684136148790474,0.0027867501938744826,0.4971415721575887,0.7,exponential,926,True,221.0,221.0,221,221,"min(t_0, 1000000)",4.1693,4.1693,0,0.0,1.0,1.0,10000,1000000
10000,0.7,0.4,0.010266767126901843,3.684136148790474,0.0027867501938744826,0.4971415721575887,0.7,exponential,927,True,1868.0,1868.0,1868,1868,"min(t_0, 1000000)",3.8788,3.8788,0,0.0,1.0,1.0,10000,1000000
10000,0.7,0.4,0.010266767126901843,3.684136148790474,0.0027867501938744826,0.4971415721575887,0.7,exponential,928,True,817.0,817.0,817,817,"min(t_0, 1000000)",3.8033998,3.8033998,0,0.0,1.0,1.0,10000,1000000
10000,0.7,0.4,0.010266767126901843,3.684136148790474,0.0027867501938744826,0.4971415721575887,0.7,exponential,929,True,189.0,189.0,189,189,"min(t_0, 1000000)",3.593,3.593,0,0.0,1.0,1.0,10000,1000000
10000,0.7,0.4,0.010266767126901843,3.684136148790474,0.0027867501938744826,0.4971415721575887,0.7,exponential,930,True,440.0,440.0,440,440,"min(t_0, 1000000)",4.5295,4.5295,0,0.0,1.0,1.0,10000,1000000
10000,0.7,0.4,0.010266767126901843,3.684136148790474,0.0027867501938744826,0.4971415721575887,0.7,exponential,931,True,279.0,279.0,279,279,"min(t_0, 1000000)",4.3594,4.3594,0,0.0,1.0,1.0,10000,1000000
10000,0.7,0.4,0.010266767126901843,3.684136148790474,0.0027867501938744826,0.4971415721575887,0.7,exponential,932,True,517.0,517.0,517,517,"min(t_0, 1000000)",4.2282,4.2282,0,0.0,1.0,1.0,10000,1000000
10000,0.7,0.4,0.010266767126901843,3.684136148790474,0.0027867501938744826,0.4971415721575887,0.7,exponential,933,True,646.0,646.0,646,646,"min(t_0, 1000000)",3.684,3.684,0,0.0,1.0,1.0,10000,1000000
10000,0.7,0.4,0.010266767126901843,3.684136148790474,0.0027867501938744826,0.4971415721575887,0.7,exponential,934,True,1135.0,1135.0,1135,1135,"min(t_0, 1000000)",3.6044998,3.6044998,0,0.0,1.0,1.0,10000,1000000
10000,0.7,0.4,0.010266767126901843,3.684136148790474,0.0027867501938744826,0.4971415721575887,0.7,exponential,935,True,64.0,64.0,64,64,"min(t_0, 1000000)",3.8353999,3.8353999,0,0.0,1.0,1.0,10000,1000000
10000,0.7,0.4,0.010266767126901843,3.684136148790474,0.0027867501938744826,0.4971415721575887,0.7,exponential,936,True,319.0,319.0,319,319,"min(t_0, 1000000)",3.9852998,3.9852998,0,0.0,1.0,1.0,10000,1000000
10000,0.7,0.4,0.010266767126901843,3.684136148790474,0.0027867501938744826,0.4971415721575887,0.7,exponential,937,True,288.0,288.0,288,288,"min(t_0, 1000000)",3.8339,3.8339,0,0.0,1.0,1.0,10000,1000000
10000,0.7,0.4,0.010266767126901843,3.684136148790474,0.0027867501938744826,0.4971415721575887,0.7,exponential,938,True,1399.0,1399.0,1399,1399,"min(t_0, 1000000)",3.6866999,3.6866999,0,0.0,1.0,1.0,10000,1000000
10000,0.7,0.4,0.010266767126901843,3.684136148790474,0.0027867501938744826,0.4971415721575887,0.7,exponential,939,True,970.0,970.0,970,970,"min(t_0, 1000000)",3.2666,3.2666,0,0.0,1.0,1.0,10000,1000000
10000,0.7,0.4,0.010266767126901843,3.684136148790474,0.0027867501938744826,0.4971415721575887,0.7,exponential,940,True,570.0,570.0,570,570,"min(t_0, 1000000)",3.6924,3.6924,0,0.0,1.0,1.0,10000,1000000
10000,0.7,0.4,0.010266767126901843,3.684136148790474,0.0027867501938744826,0.4971415721575887,0.7,exponential,941,True,270.0,270.0,270,270,"min(t_0, 1000000)",3.5691998,3.5691998,0,0.0,1.0,1.0,10000,1000000
10000,0.7,0.4,0.010266767126901843,3.684136148790474,0.0027867501938744826,0.4971415721575887,0.7,exponential,942,True,1112.0,1112.0,1112,1112,"min(t_0, 1000000)",3.7482998,3.7482998,0,0.0,1.0,1.0,10000,1000000
10000,0.7,0.4,0.010266767126901843,3.684136148790474,0.0027867501938744826,0.4971415721575887,0.7,exponential,943,True,353.0,353.0,353,353,"min(t_0, 1000000)",3.8349,3.8349,0,0.0,1.0,1.0,10000,1000000
10000,0.7,0.4,0.010266767126901843,3.684136148790474,0.0027867501938744826,0.4971415721575887,0.7,exponential,944,True,300.0,300.0,300,300,"min(t_0, 1000000)",4.2462997,4.2462997,0,0.0,1.0,1.0,10000,1000000
10000,0.7,0.4,0.010266767126901843,3.684136148790474,0.0027867501938744826,0.4971415721575887,0.7,exponential,945,True,494.0,494.0,494,494,"min(t_0, 1000000)",3.2828,3.2828,0,0.0,1.0,1.0,10000,1000000
10000,0.7,0.4,0.010266767126901843,3.684136148790474,0.0027867501938744826,0.4971415721575887,0.7,exponential,946,True,477.0,477.0,477,477,"min(t_0, 1000000)",3.7468998,3.7468998,0,0.0,1.0,1.0,10000,1000000
10000,0.7,0.4,0.010266767126901843,3.684136148790474,0.0027867501938744826,0.4971415721575887,0.7,exponential,947,True,112.0,112.0,112,112,"min(t_0, 1000000)",3.8504999,3.8504999,0,0.0,1.0,1.0,10000,1000000
10000,0.7,0.4,0.010266767126901843,3.684136148790474,0.0027867501938744826,0.4971415721575887,0.7,exponential,948,True,1641.0,1641.0,1641,1641,"min(t_0, 1000000)",3.5256,3.5256,0,0.0,1.0,1.0,10000,1000000
10000,0.7,0.4,0.010266767126901843,3.684136148790474,0.0027867501938744826,0.4971415721575887,0.7,exponential,949,True,1520.0,1520.0,1520,1520,"min(t_0, 1000000)",3.8839,3.8839,0,0.0,1.0,1.0,10000,1000000
10000,0.7,0.4,0.010266767126901843,3.684136148790474,0.0027867501938744826,0.4971415721575887,0.7,exponential,950,True,177.0,177.0,177,177,"min(t_0, 1000000)",3.7779999,3.7779999,0,0.0,1.0,1.0,10000,1000000
10000,0.7,0.4,0.010266767126901843,3.684136148790474,0.0027867501938744826,0.4971415721575887,0.7,exponential,951,True,1300.0,1300.0,1300,1300,"min(t_0, 1000000)",3.7066998,3.7066998,0,0.0,1.0,1.0,10000,1000000
10000,0.7,0.4,0.010266767126901843,3.684136148790474,0.0027867501938744826,0.4971415721575887,0.7,exponential,952,True,2573.0,2573.0,2573,2573,"min(t_0, 1000000)",3.6638,3.6638,0,0.0,1.0,1.0,10000,1000000
10000,0.7,0.4,0.010266767126901843,3.684136148790474,0.0027867501938744826,0.4971415721575887,0.7,exponential,953,True,455.0,455.0,455,455,"min(t_0, 1000000)",4.2771997,4.2771997,0,0.0,1.0,1.0,10000,1000000
10000,0.7,0.4,0.010266767126901843,3.684136148790474,0.0027867501938744826,0.4971415721575887,0.7,exponential,954,True,1325.0,1325.0,1325,1325,"min(t_0, 1000000)",4.0778,4.0778,0,0.0,1.0,1.0,10000,1000000
10000,0.7,0.4,0.010266767126901843,3.684136148790474,0.0027867501938744826,0.4971415721575887,0.7,exponential,955,True,709.0,709.0,709,709,"min(t_0, 1000000)",4.3115,4.3115,0,0.0,1.0,1.0,10000,1000000
10000,0.7,0.4,0.010266767126901843,3.684136148790474,0.0027867501938744826,0.4971415721575887,0.7,exponential,956,True,2461.0,2461.0,2461,2461,"min(t_0, 1000000)",3.8823998,3.8823998,0,0.0,1.0,1.0,10000,1000000
10000,0.7,0.4,0.010266767126901843,3.684136148790474,0.0027867501938744826,0.4971415721575887,0.7,exponential,957,True,1024.0,1024.0,1024,1024,"min(t_0, 1000000)",3.9069998,3.9069998,0,0.0,1.0,1.0,10000,1000000
10000,0.7,0.4,0.010266767126901843,3.684136148790474,0.0027867501938744826,0.4971415721575887,0.7,exponential,958,True,934.0,934.0,934,934,"min(t_0, 1000000)",4.1714997,4.1714997,0,0.0,1.0,1.0,10000,1000000
10000,0.7,0.4,0.010266767126901843,3.684136148790474,0.0027867501938744826,0.4971415721575887,0.7,exponential,959,True,649.0,649.0,649,649,"min(t_0, 1000000)",4.2072,4.2072,0,0.0,1.0,1.0,10000,1000000
10000,0.7,0.4,0.010266767126901843,3.684136148790474,0.0027867501938744826,0.4971415721575887,0.7,exponential,960,True,1005.0,1005.0,1005,1005,"min(t_0, 1000000)",3.7266,3.7266,0,0.0,1.0,1.0,10000,1000000
10000,0.7,0.4,0.010266767126901843,3.684136148790474,0.0027867501938744826,0.4971415721575887,0.7,exponential,961,True,284.0,284.0,284,284,"min(t_0, 1000000)",3.4211998,3.4211998,0,0.0,1.0,1.0,10000,1000000
10000,0.7,0.4,0.010266767126901843,3.684136148790474,0.0027867501938744826,0.4971415721575887,0.7,exponential,962,True,2438.0,2438.0,2438,2438,"min(t_0, 1000000)",4.1861997,4.1861997,0,0.0,1.0,1.0,10000,1000000
10000,0.7,0.4,0.010266767126901843,3.684136148790474,0.0027867501938744826,0.4971415721575887,0.7,exponential,963,True,551.0,551.0,551,551,"min(t_0, 1000000)",3.9531999,3.9531999,0,0.0,1.0,1.0,10000,1000000
10000,0.7,0.4,0.010266767126901843,3.684136148790474,0.0027867501938744826,0.4971415721575887,0.7,exponential,964,True,311.0,311.0,311,311,"min(t_0, 1000000)",3.9687,3.9687,0,0.0,1.0,1.0,10000,1000000
10000,0.7,0.4,0.010266767126901843,3.684136148790474,0.0027867501938744826,0.4971415721575887,0.7,exponential,965,True,304.0,304.0,304,304,"min(t_0, 1000000)",4.0125,4.0125,0,0.0,1.0,1.0,10000,1000000
10000,0.7,0.4,0.010266767126901843,3.684136148790474,0.0027867501938744826,0.4971415721575887,0.7,exponential,966,True,1066.0,1066.0,1066,1066,"min(t_0, 1000000)",3.704,3.704,0,0.0,1.0,1.0,10000,1000000
10000,0.7,0.4,0.010266767126901843,3.684136148790474,0.0027867501938744826,0.4971415721575887,0.7,exponential,967,True,2722.0,2722.0,2722,2722,"min(t_0, 1000000)",3.8644998,3.8644998,0,0.0,1.0,1.0,10000,1000000
10000,0.7,0.4,0.010266767126901843,3.684136148790474,0.0027867501938744826,0.4971415721575887,0.7,exponential,968,True,1591.0,1591.0,1591,1591,"min(t_0, 1000000)",4.1507998,4.1507998,0,0.0,1.0,1.0,10000,1000000
10000,0.7,0.4,0.010266767126901843,3.684136148790474,0.0027867501938744826,0.4971415721575887,0.7,exponential,969,True,688.0,688.0,688,688,"min(t_0, 1000000)",4.0134997,4.0134997,0,0.0,1.0,1.0,10000,1000000
10000,0.7,0.4,0.010266767126901843,3.684136148790474,0.0027867501938744826,0.4971415721575887,0.7,exponential,970,True,188.0,188.0,188,188,"min(t_0, 1000000)",3.7603,3.7603,0,0.0,1.0,1.0,10000,1000000
10000,0.7,0.4,0.010266767126901843,3.684136148790474,0.0027867501938744826,0.4971415721575887,0.7,exponential,971,True,688.0,688.0,688,688,"min(t_0, 1000000)",4.1752,4.1752,0,0.0,1.0,1.0,10000,1000000
10000,0.7,0.4,0.010266767126901843,3.684136148790474,0.0027867501938744826,0.4971415721575887,0.7,exponential,972,True,1986.0,1986.0,1986,1986,"min(t_0, 1000000)",3.2847,3.2847,0,0.0,1.0,1.0,10000,1000000
10000,0.7,0.4,0.010266767126901843,3.684136148790474,0.0027867501938744826,0.4971415721575887,0.7,exponential,973,True,508.0,508.0,508,508,"min(t_0, 1000000)",3.9587,3.9587,0,0.0,1.0,1.0,10000,1000000
10000,0.7,0.4,0.010266767126901843,3.684136148790474,0.0027867501938744826,0.4971415721575887,0.7,exponential,974,True,1098.0,1098.0,1098,1098,"min(t_0, 1000000)",4.3515997,4.3515997,0,0.0,1.0,1.0,10000,1000000
10000,0.7,0.4,0.010266767126901843,3.684136148790474,0.0027867501938744826,0.4971415721575887,0.7,exponential,975,True,3190.0,3190.0,3190,3190,"min(t_0, 1000000)",4.0264997,4.0264997,0,0.0,1.0,1.0,10000,1000000
10000,0.7,0.4,0.010266767126901843,3.684136148790474,0.0027867501938744826,0.4971415721575887,0.7,exponential,976,True,461.0,461.0,461,461,"min(t_0, 1000000)",4.6463,4.6463,0,0.0,1.0,1.0,10000,1000000
10000,0.7,0.4,0.010266767126901843,3.684136148790474,0.0027867501938744826,0.4971415721575887,0.7,exponential,977,True,148.0,148.0,148,148,"min(t_0, 1000000)",3.8688,3.8688,0,0.0,1.0,1.0,10000,1000000
10000,0.7,0.4,0.010266767126901843,3.684136148790474,0.0027867501938744826,0.4971415721575887,0.7,exponential,978,True,230.0,230.0,230,230,"min(t_0, 1000000)",3.8866,3.8866,0,0.0,1.0,1.0,10000,1000000
10000,0.7,0.4,0.010266767126901843,3.684136148790474,0.0027867501938744826,0.4971415721575887,0.7,exponential,979,True,75.0,75.0,75,75,"min(t_0, 1000000)",3.7854998,3.7854998,0,0.0,1.0,1.0,10000,1000000
10000,0.7,0.4,0.010266767126901843,3.684136148790474,0.0027867501938744826,0.4971415721575887,0.7,exponential,980,True,140.0,140.0,140,140,"min(t_0, 1000000)",3.6615999,3.6615999,0,0.0,1.0,1.0,10000,1000000
10000,0.7,0.4,0.010266767126901843,3.684136148790474,0.0027867501938744826,0.4971415721575887,0.7,exponential,981,True,564.0,564.0,564,564,"min(t_0, 1000000)",4.0475,4.0475,0,0.0,1.0,1.0,10000,1000000
10000,0.7,0.4,0.010266767126901843,3.684136148790474,0.0027867501938744826,0.4971415721575887,0.7,exponential,982,True,2106.0,2106.0,2106,2106,"min(t_0, 1000000)",3.8688,3.8688,0,0.0,1.0,1.0,10000,1000000
10000,0.7,0.4,0.010266767126901843,3.684136148790474,0.0027867501938744826,0.4971415721575887,0.7,exponential,983,True,398.0,398.0,398,398,"min(t_0, 1000000)",4.1773,4.1773,0,0.0,1.0,1.0,10000,1000000
10000,0.7,0.4,0.010266767126901843,3.684136148790474,0.0027867501938744826,0.4971415721575887,0.7,exponential,984,True,1151.0,1151.0,1151,1151,"min(t_0, 1000000)",3.6806,3.6806,0,0.0,1.0,1.0,10000,1000000
10000,0.7,0.4,0.010266767126901843,3.684136148790474,0.0027867501938744826,0.4971415721575887,0.7,exponential,985,True,854.0,854.0,854,854,"min(t_0, 1000000)",4.2041,4.2041,0,0.0,1.0,1.0,10000,1000000
10000,0.7,0.4,0.010266767126901843,3.684136148790474,0.0027867501938744826,0.4971415721575887,0.7,exponential,986,True,569.0,569.0,569,569,"min(t_0, 1000000)",4.3582997,4.3582997,0,0.0,1.0,1.0,10000,1000000
10000,0.7,0.4,0.010266767126901843,3.684136148790474,0.0027867501938744826,0.4971415721575887,0.7,exponential,987,True,336.0,336.0,336,336,"min(t_0, 1000000)",3.5072,3.5072,0,0.0,1.0,1.0,10000,1000000
10000,0.7,0.4,0.010266767126901843,3.684136148790474,0.0027867501938744826,0.4971415721575887,0.7,exponential,988,True,466.0,466.0,466,466,"min(t_0, 1000000)",3.5611,3.5611,0,0.0,1.0,1.0,10000,1000000
10000,0.7,0.4,0.010266767126901843,3.684136148790474,0.0027867501938744826,0.4971415721575887,0.7,exponential,989,True,324.0,324.0,324,324,"min(t_0, 1000000)",3.3625,3.3625,0,0.0,1.0,1.0,10000,1000000
10000,0.7,0.4,0.010266767126901843,3.684136148790474,0.0027867501938744826,0.4971415721575887,0.7,exponential,990,True,185.0,185.0,185,185,"min(t_0, 1000000)",3.7624,3.7624,0,0.0,1.0,1.0,10000,1000000
10000,0.7,0.4,0.010266767126901843,3.684136148790474,0.0027867501938744826,0.4971415721575887,0.7,exponential,991,True,535.0,535.0,535,535,"min(t_0, 1000000)",3.1962,3.1962,0,0.0,1.0,1.0,10000,1000000
10000,0.7,0.4,0.010266767126901843,3.684136148790474,0.0027867501938744826,0.4971415721575887,0.7,exponential,992,True,6225.0,6225.0,6225,6225,"min(t_0, 1000000)",3.4726,3.4726,0,0.0,1.0,1.0,10000,1000000
10000,0.7,0.4,0.010266767126901843,3.684136148790474,0.0027867501938744826,0.4971415721575887,0.7,exponential,993,True,551.0,551.0,551,551,"min(t_0, 1000000)",3.9201999,3.9201999,0,0.0,1.0,1.0,10000,1000000
10000,0.7,0.4,0.010266767126901843,3.684136148790474,0.0027867501938744826,0.4971415721575887,0.7,exponential,994,True,609.0,609.0,609,609,"min(t_0, 1000000)",3.7712998,3.7712998,0,0.0,1.0,1.0,10000,1000000
10000,0.7,0.4,0.010266767126901843,3.684136148790474,0.0027867501938744826,0.4971415721575887,0.7,exponential,995,True,381.0,381.0,381,381,"min(t_0, 1000000)",3.5877,3.5877,0,0.0,1.0,1.0,10000,1000000
10000,0.7,0.4,0.010266767126901843,3.684136148790474,0.0027867501938744826,0.4971415721575887,0.7,exponential,996,True,946.0,946.0,946,946,"min(t_0, 1000000)",4.1437,4.1437,0,0.0,1.0,1.0,10000,1000000
10000,0.7,0.4,0.010266767126901843,3.684136148790474,0.0027867501938744826,0.4971415721575887,0.7,exponential,997,True,395.0,395.0,395,395,"min(t_0, 1000000)",4.2107,4.2107,0,0.0,1.0,1.0,10000,1000000
10000,0.7,0.4,0.010266767126901843,3.684136148790474,0.0027867501938744826,0.4971415721575887,0.7,exponential,998,True,167.0,167.0,167,167,"min(t_0, 1000000)",3.7231,3.7231,0,0.0,1.0,1.0,10000,1000000
10000,0.7,0.4,0.010266767126901843,3.684136148790474,0.0027867501938744826,0.4971415721575887,0.7,exponential,999,True,590.0,590.0,590,590,"min(t_0, 1000000)",3.8188999,3.8188999,0,0.0,1.0,1.0,10000,1000000
