N,psi,delta,lambda,theta,alpha,effective_beta,psi_check,selection_mode,path_index,hit_x0_zero,t_0,first_loss_time,num_classes,T_MAX
10000,1.3,0.1,0.00030075927712937446,0.9210340371976184,0.0003265452360962455,0.8804452419164343,1.3,one_minus_alpha_power,0,True,4352.0,4352.0,256,1000000
10000,1.3,0.1,0.00030075927712937446,0.9210340371976184,0.0003265452360962455,0.8804452419164343,1.3,one_minus_alpha_power,1,True,10615.0,10615.0,256,1000000
10000,1.3,0.1,0.00030075927712937446,0.9210340371976184,0.0003265452360962455,0.8804452419164343,1.3,one_minus_alpha_power,2,True,9949.0,9949.0,256,1000000
10000,1.3,0.1,0.00030075927712937446,0.9210340371976184,0.0003265452360962455,0.8804452419164343,1.3,one_minus_alpha_power,3,True,22072.0,22072.0,256,1000000
10000,1.3,0.1,0.00030075927712937446,0.9210340371976184,0.0003265452360962455,0.8804452419164343,1.3,one_minus_alpha_power,4,True,88016.0,88016.0,256,1000000
10000,1.3,0.1,0.00030075927712937446,0.9210340371976184,0.0003265452360962455,0.8804452419164343,1.3,one_minus_alpha_power,5,True,35768.0,35768.0,256,1000000
10000,1.3,0.1,0.00030075927712937446,0.9210340371976184,0.0003265452360962455,0.8804452419164343,1.3,one_minus_alpha_power,6,True,6137.0,6137.0,256,1000000
10000,1.3,0.1,0.00030075927712937446,0.9210340371976184,0.0003265452360962455,0.8804452419164343,1.3,one_minus_alpha_power,7,True,11560.0,11560.0,256,1000000
10000,1.3,0.1,0.00030075927712937446,0.9210340371976184,0.0003265452360962455,0.8804452419164343,1.3,one_minus_alpha_power,8,True,16501.0,16501.0,256,1000000
10000,1.3,0.1,0.00030075927712937446,0.9210340371976184,0.0003265452360962455,0.8804452419164343,1.3,one_minus_alpha_power,9,True,5631.0,5631.0,256,1000000
10000,1.3,0.1,0.00030075927712937446,0.9210340371976184,0.0003265452360962455,0.8804452419164343,1.3,one_minus_alpha_power,10,True,9711.0,9711.0,256,1000000
10000,1.3,0.1,0.00030075927712937446,0.9210340371976184,0.0003265452360962455,0.8804452419164343,1.3,one_minus_alpha_power,11,True,15930.0,15930.0,256,1000000
10000,1.3,0.1,0.00030075927712937446,0.9210340371976184,0.0003265452360962455,0.8804452419164343,1.3,one_minus_alpha_power,12,True,19707.0,19707.0,256,1000000
10000,1.3,0.1,0.00030075927712937446,0.9210340371976184,0.0003265452360962455,0.8804452419164343,1.3,one_minus_alpha_power,13,True,2952.0,2952.0,256,1000000
10000,1.3,0.1,0.00030075927712937446,0.9210340371976184,0.0003265452360962455,0.8804452419164343,1.3,one_minus_alpha_power,14,True,17936.0,17936.0,256,1000000
10000,1.3,0.1,0.00030075927712937446,0.9210340371976184,0.0003265452360962455,0.8804452419164343,1.3,one_minus_alpha_power,15,True,21623.0,21623.0,256,1000000
10000,1.3,0.1,0.00030075927712937446,0.9210340371976184,0.0003265452360962455,0.8804452419164343,1.3,one_minus_alpha_power,16,True,22242.0,22242.0,256,1000000
10000,1.3,0.1,0.00030075927712937446,0.9210340371976184,0.0003265452360962455,0.8804452419164343,1.3,one_minus_alpha_power,17,True,23973.0,23973.0,256,1000000
10000,1.3,0.1,0.00030075927712937446,0.9210340371976184,0.0003265452360962455,0.8804452419164343,1.3,one_minus_alpha_power,18,True,36808.0,36808.0,256,1000000
10000,1.3,0.1,0.00030075927712937446,0.9210340371976184,0.0003265452360962455,0.8804452419164343,1.3,one_minus_alpha_power,19,True,4833.0,4833.0,256,1000000
10000,1.3,0.1,0.00030075927712937446,0.9210340371976184,0.0003265452360962455,0.8804452419164343,1.3,one_minus_alpha_power,20,True,7334.0,7334.0,256,1000000
10000,1.3,0.1,0.00030075927712937446,0.9210340371976184,0.0003265452360962455,0.8804452419164343,1.3,one_minus_alpha_power,21,True,5499.0,5499.0,256,1000000
10000,1.3,0.1,0.00030075927712937446,0.9210340371976184,0.0003265452360962455,0.8804452419164343,1.3,one_minus_alpha_power,22,True,7051.0,7051.0,256,1000000
10000,1.3,0.1,0.00030075927712937446,0.9210340371976184,0.0003265452360962455,0.8804452419164343,1.3,one_minus_alpha_power,23,True,17580.0,17580.0,256,1000000
10000,1.3,0.1,0.00030075927712937446,0.9210340371976184,0.0003265452360962455,0.8804452419164343,1.3,one_minus_alpha_power,24,True,6078.0,6078.0,256,1000000
10000,1.3,0.1,0.00030075927712937446,0.9210340371976184,0.0003265452360962455,0.8804452419164343,1.3,one_minus_alpha_power,25,True,13217.0,13217.0,256,1000000
10000,1.3,0.1,0.00030075927712937446,0.9210340371976184,0.0003265452360962455,0.8804452419164343,1.3,one_minus_alpha_power,26,True,76894.0,76894.0,256,1000000
10000,1.3,0.1,0.00030075927712937446,0.9210340371976184,0.0003265452360962455,0.8804452419164343,1.3,one_minus_alpha_power,27,True,24622.0,24622.0,256,1000000
10000,1.3,0.1,0.00030075927712937446,0.9210340371976184,0.0003265452360962455,0.8804452419164343,1.3,one_minus_alpha_power,28,True,7990.0,7990.0,256,1000000
10000,1.3,0.1,0.00030075927712937446,0.9210340371976184,0.0003265452360962455,0.8804452419164343,1.3,one_minus_alpha_power,29,True,77274.0,77274.0,256,1000000
10000,1.3,0.1,0.00030075927712937446,0.9210340371976184,0.0003265452360962455,0.8804452419164343,1.3,one_minus_alpha_power,30,True,15423.0,15423.0,256,1000000
10000,1.3,0.1,0.00030075927712937446,0.9210340371976184,0.0003265452360962455,0.8804452419164343,1.3,one_minus_alpha_power,31,True,32265.0,32265.0,256,1000000
10000,1.3,0.1,0.00030075927712937446,0.9210340371976184,0.0003265452360962455,0.8804452419164343,1.3,one_minus_alpha_power,32,True,5711.0,5711.0,256,1000000
10000,1.3,0.1,0.00030075927712937446,0.9210340371976184,0.0003265452360962455,0.8804452419164343,1.3,one_minus_alpha_power,33,True,55053.0,55053.0,256,1000000
10000,1.3,0.1,0.00030075927712937446,0.9210340371976184,0.0003265452360962455,0.8804452419164343,1.3,one_minus_alpha_power,34,True,35014.0,35014.0,256,1000000
10000,1.3,0.1,0.00030075927712937446,0.9210340371976184,0.0003265452360962455,0.8804452419164343,1.3,one_minus_alpha_power,35,True,21889.0,21889.0,256,1000000
10000,1.3,0.1,0.00030075927712937446,0.9210340371976184,0.0003265452360962455,0.8804452419164343,1.3,one_minus_alpha_power,36,True,38960.0,38960.0,256,1000000
10000,1.3,0.1,0.00030075927712937446,0.9210340371976184,0.0003265452360962455,0.8804452419164343,1.3,one_minus_alpha_power,37,True,12878.0,12878.0,256,1000000
10000,1.3,0.1,0.00030075927712937446,0.9210340371976184,0.0003265452360962455,0.8804452419164343,1.3,one_minus_alpha_power,38,True,22894.0,22894.0,256,1000000
10000,1.3,0.1,0.00030075927712937446,0.9210340371976184,0.0003265452360962455,0.8804452419164343,1.3,one_minus_alpha_power,39,True,42111.0,42111.0,256,1000000
10000,1.3,0.1,0.00030075927712937446,0.9210340371976184,0.0003265452360962455,0.8804452419164343,1.3,one_minus_alpha_power,40,True,50435.0,50435.0,256,1000000
10000,1.3,0.1,0.00030075927712937446,0.9210340371976184,0.0003265452360962455,0.8804452419164343,1.3,one_minus_alpha_power,41,True,60895.0,60895.0,256,1000000
10000,1.3,0.1,0.00030075927712937446,0.9210340371976184,0.0003265452360962455,0.8804452419164343,1.3,one_minus_alpha_power,42,True,8865.0,8865.0,256,1000000
10000,1.3,0.1,0.00030075927712937446,0.9210340371976184,0.0003265452360962455,0.8804452419164343,1.3,one_minus_alpha_power,43,True,79667.0,79667.0,256,1000000
10000,1.3,0.1,0.00030075927712937446,0.9210340371976184,0.0003265452360962455,0.8804452419164343,1.3,one_minus_alpha_power,44,True,13564.0,13564.0,256,1000000
10000,1.3,0.1,0.00030075927712937446,0.9210340371976184,0.0003265452360962455,0.8804452419164343,1.3,one_minus_alpha_power,45,True,4023.0,4023.0,256,1000000
10000,1.3,0.1,0.00030075927712937446,0.9210340371976184,0.0003265452360962455,0.8804452419164343,1.3,one_minus_alpha_power,46,True,12090.0,12090.0,256,1000000
10000,1.3,0.1,0.00030075927712937446,0.9210340371976184,0.0003265452360962455,0.8804452419164343,1.3,one_minus_alpha_power,47,True,6019.0,6019.0,256,1000000
10000,1.3,0.1,0.00030075927712937446,0.9210340371976184,0.0003265452360962455,0.8804452419164343,1.3,one_minus_alpha_power,48,True,10677.0,10677.0,256,1000000
10000,1.3,0.1,0.00030075927712937446,0.9210340371976184,0.0003265452360962455,0.8804452419164343,1.3,one_minus_alpha_power,49,True,4078.0,4078.0,256,1000000
10000,1.3,0.1,0.00030075927712937446,0.9210340371976184,0.0003265452360962455,0.8804452419164343,1.3,one_minus_alpha_power,50,True,19103.0,19103.0,256,1000000
10000,1.3,0.1,0.00030075927712937446,0.9210340371976184,0.0003265452360962455,0.8804452419164343,1.3,one_minus_alpha_power,51,True,16295.0,16295.0,256,1000000
10000,1.3,0.1,0.00030075927712937446,0.9210340371976184,0.0003265452360962455,0.8804452419164343,1.3,one_minus_alpha_power,52,True,44265.0,44265.0,256,1000000
10000,1.3,0.1,0.00030075927712937446,0.9210340371976184,0.0003265452360962455,0.8804452419164343,1.3,one_minus_alpha_power,53,True,25643.0,25643.0,256,1000000
10000,1.3,0.1,0.00030075927712937446,0.9210340371976184,0.0003265452360962455,0.8804452419164343,1.3,one_minus_alpha_power,54,True,12401.0,12401.0,256,1000000
10000,1.3,0.1,0.00030075927712937446,0.9210340371976184,0.0003265452360962455,0.8804452419164343,1.3,one_minus_alpha_power,55,True,10960.0,10960.0,256,1000000
10000,1.3,0.1,0.00030075927712937446,0.9210340371976184,0.0003265452360962455,0.8804452419164343,1.3,one_minus_alpha_power,56,True,140821.0,140821.0,256,1000000
10000,1.3,0.1,0.00030075927712937446,0.9210340371976184,0.0003265452360962455,0.8804452419164343,1.3,one_minus_alpha_power,57,True,29267.0,29267.0,256,1000000
10000,1.3,0.1,0.00030075927712937446,0.9210340371976184,0.0003265452360962455,0.8804452419164343,1.3,one_minus_alpha_power,58,True,12170.0,12170.0,256,1000000
10000,1.3,0.1,0.00030075927712937446,0.9210340371976184,0.0003265452360962455,0.8804452419164343,1.3,one_minus_alpha_power,59,True,35379.0,35379.0,256,1000000
10000,1.3,0.1,0.00030075927712937446,0.9210340371976184,0.0003265452360962455,0.8804452419164343,1.3,one_minus_alpha_power,60,True,28334.0,28334.0,256,1000000
10000,1.3,0.1,0.00030075927712937446,0.9210340371976184,0.0003265452360962455,0.8804452419164343,1.3,one_minus_alpha_power,61,True,17593.0,17593.0,256,1000000
10000,1.3,0.1,0.00030075927712937446,0.9210340371976184,0.0003265452360962455,0.8804452419164343,1.3,one_minus_alpha_power,62,True,28607.0,28607.0,256,1000000
10000,1.3,0.1,0.00030075927712937446,0.9210340371976184,0.0003265452360962455,0.8804452419164343,1.3,one_minus_alpha_power,63,True,13013.0,13013.0,256,1000000
10000,1.3,0.1,0.00030075927712937446,0.9210340371976184,0.0003265452360962455,0.8804452419164343,1.3,one_minus_alpha_power,64,True,5204.0,5204.0,256,1000000
10000,1.3,0.1,0.00030075927712937446,0.9210340371976184,0.0003265452360962455,0.8804452419164343,1.3,one_minus_alpha_power,65,True,5065.0,5065.0,256,1000000
10000,1.3,0.1,0.00030075927712937446,0.9210340371976184,0.0003265452360962455,0.8804452419164343,1.3,one_minus_alpha_power,66,True,13899.0,13899.0,256,1000000
10000,1.3,0.1,0.00030075927712937446,0.9210340371976184,0.0003265452360962455,0.8804452419164343,1.3,one_minus_alpha_power,67,True,118738.0,118738.0,256,1000000
10000,1.3,0.1,0.00030075927712937446,0.9210340371976184,0.0003265452360962455,0.8804452419164343,1.3,one_minus_alpha_power,68,True,26804.0,26804.0,256,1000000
10000,1.3,0.1,0.00030075927712937446,0.9210340371976184,0.0003265452360962455,0.8804452419164343,1.3,one_minus_alpha_power,69,True,67173.0,67173.0,256,1000000
10000,1.3,0.1,0.00030075927712937446,0.9210340371976184,0.0003265452360962455,0.8804452419164343,1.3,one_minus_alpha_power,70,True,22541.0,22541.0,256,1000000
10000,1.3,0.1,0.00030075927712937446,0.9210340371976184,0.0003265452360962455,0.8804452419164343,1.3,one_minus_alpha_power,71,True,6867.0,6867.0,256,1000000
10000,1.3,0.1,0.00030075927712937446,0.9210340371976184,0.0003265452360962455,0.8804452419164343,1.3,one_minus_alpha_power,72,True,16413.0,16413.0,256,1000000
10000,1.3,0.1,0.00030075927712937446,0.9210340371976184,0.0003265452360962455,0.8804452419164343,1.3,one_minus_alpha_power,73,True,11711.0,11711.0,256,1000000
10000,1.3,0.1,0.00030075927712937446,0.9210340371976184,0.0003265452360962455,0.8804452419164343,1.3,one_minus_alpha_power,74,True,39044.0,39044.0,256,1000000
10000,1.3,0.1,0.00030075927712937446,0.9210340371976184,0.0003265452360962455,0.8804452419164343,1.3,one_minus_alpha_power,75,True,9340.0,9340.0,256,1000000
10000,1.3,0.1,0.00030075927712937446,0.9210340371976184,0.0003265452360962455,0.8804452419164343,1.3,one_minus_alpha_power,76,True,5024.0,5024.0,256,1000000
10000,1.3,0.1,0.00030075927712937446,0.9210340371976184,0.0003265452360962455,0.8804452419164343,1.3,one_minus_alpha_power,77,True,13719.0,13719.0,256,1000000
10000,1.3,0.1,0.00030075927712937446,0.9210340371976184,0.0003265452360962455,0.8804452419164343,1.3,one_minus_alpha_power,78,True,26613.0,26613.0,256,1000000
10000,1.3,0.1,0.00030075927712937446,0.9210340371976184,0.0003265452360962455,0.8804452419164343,1.3,one_minus_alpha_power,79,True,17938.0,17938.0,256,1000000
10000,1.3,0.1,0.00030075927712937446,0.9210340371976184,0.0003265452360962455,0.8804452419164343,1.3,one_minus_alpha_power,80,True,74002.0,74002.0,256,1000000
10000,1.3,0.1,0.00030075927712937446,0.9210340371976184,0.0003265452360962455,0.8804452419164343,1.3,one_minus_alpha_power,81,True,41676.0,41676.0,256,1000000
10000,1.3,0.1,0.00030075927712937446,0.9210340371976184,0.0003265452360962455,0.8804452419164343,1.3,one_minus_alpha_power,82,True,78295.0,78295.0,256,1000000
10000,1.3,0.1,0.00030075927712937446,0.9210340371976184,0.0003265452360962455,0.8804452419164343,1.3,one_minus_alpha_power,83,True,4462.0,4462.0,256,1000000
10000,1.3,0.1,0.00030075927712937446,0.9210340371976184,0.0003265452360962455,0.8804452419164343,1.3,one_minus_alpha_power,84,True,13519.0,13519.0,256,1000000
10000,1.3,0.1,0.00030075927712937446,0.9210340371976184,0.0003265452360962455,0.8804452419164343,1.3,one_minus_alpha_power,85,True,28372.0,28372.0,256,1000000
10000,1.3,0.1,0.00030075927712937446,0.9210340371976184,0.0003265452360962455,0.8804452419164343,1.3,one_minus_alpha_power,86,True,2870.0,2870.0,256,1000000
10000,1.3,0.1,0.00030075927712937446,0.9210340371976184,0.0003265452360962455,0.8804452419164343,1.3,one_minus_alpha_power,87,True,29602.0,29602.0,256,1000000
10000,1.3,0.1,0.00030075927712937446,0.9210340371976184,0.0003265452360962455,0.8804452419164343,1.3,one_minus_alpha_power,88,True,3813.0,3813.0,256,1000000
10000,1.3,0.1,0.00030075927712937446,0.9210340371976184,0.0003265452360962455,0.8804452419164343,1.3,one_minus_alpha_power,89,True,33265.0,33265.0,256,1000000
10000,1.3,0.1,0.00030075927712937446,0.9210340371976184,0.0003265452360962455,0.8804452419164343,1.3,one_minus_alpha_power,90,True,27739.0,27739.0,256,1000000
10000,1.3,0.1,0.00030075927712937446,0.9210340371976184,0.0003265452360962455,0.8804452419164343,1.3,one_minus_alpha_power,91,True,46106.0,46106.0,256,1000000
10000,1.3,0.1,0.00030075927712937446,0.9210340371976184,0.0003265452360962455,0.8804452419164343,1.3,one_minus_alpha_power,92,True,10420.0,10420.0,256,1000000
10000,1.3,0.1,0.00030075927712937446,0.9210340371976184,0.0003265452360962455,0.8804452419164343,1.3,one_minus_alpha_power,93,True,11864.0,11864.0,256,1000000
10000,1.3,0.1,0.00030075927712937446,0.9210340371976184,0.0003265452360962455,0.8804452419164343,1.3,one_minus_alpha_power,94,True,5467.0,5467.0,256,1000000
10000,1.3,0.1,0.00030075927712937446,0.9210340371976184,0.0003265452360962455,0.8804452419164343,1.3,one_minus_alpha_power,95,True,15618.0,15618.0,256,1000000
10000,1.3,0.1,0.00030075927712937446,0.9210340371976184,0.0003265452360962455,0.8804452419164343,1.3,one_minus_alpha_power,96,True,14159.0,14159.0,256,1000000
10000,1.3,0.1,0.00030075927712937446,0.9210340371976184,0.0003265452360962455,0.8804452419164343,1.3,one_minus_alpha_power,97,True,10606.0,10606.0,256,1000000
10000,1.3,0.1,0.00030075927712937446,0.9210340371976184,0.0003265452360962455,0.8804452419164343,1.3,one_minus_alpha_power,98,True,31420.0,31420.0,256,1000000
10000,1.3,0.1,0.00030075927712937446,0.9210340371976184,0.0003265452360962455,0.8804452419164343,1.3,one_minus_alpha_power,99,True,43378.0,43378.0,256,1000000
10000,1.3,0.1,0.00030075927712937446,0.9210340371976184,0.0003265452360962455,0.8804452419164343,1.3,one_minus_alpha_power,100,True,3681.0,3681.0,256,1000000
10000,1.3,0.1,0.00030075927712937446,0.9210340371976184,0.0003265452360962455,0.8804452419164343,1.3,one_minus_alpha_power,101,True,17708.0,17708.0,256,1000000
10000,1.3,0.1,0.00030075927712937446,0.9210340371976184,0.0003265452360962455,0.8804452419164343,1.3,one_minus_alpha_power,102,True,8496.0,8496.0,256,1000000
10000,1.3,0.1,0.00030075927712937446,0.9210340371976184,0.0003265452360962455,0.8804452419164343,1.3,one_minus_alpha_power,103,True,19379.0,19379.0,256,1000000
10000,1.3,0.1,0.00030075927712937446,0.9210340371976184,0.0003265452360962455,0.8804452419164343,1.3,one_minus_alpha_power,104,True,6235.0,6235.0,256,1000000
10000,1.3,0.1,0.00030075927712937446,0.9210340371976184,0.0003265452360962455,0.8804452419164343,1.3,one_minus_alpha_power,105,True,38217.0,38217.0,256,1000000
10000,1.3,0.1,0.00030075927712937446,0.9210340371976184,0.0003265452360962455,0.8804452419164343,1.3,one_minus_alpha_power,106,True,85148.0,85148.0,256,1000000
10000,1.3,0.1,0.00030075927712937446,0.9210340371976184,0.0003265452360962455,0.8804452419164343,1.3,one_minus_alpha_power,107,True,124662.0,124662.0,256,1000000
10000,1.3,0.1,0.00030075927712937446,0.9210340371976184,0.0003265452360962455,0.8804452419164343,1.3,one_minus_alpha_power,108,True,35670.0,35670.0,256,1000000
10000,1.3,0.1,0.00030075927712937446,0.9210340371976184,0.0003265452360962455,0.8804452419164343,1.3,one_minus_alpha_power,109,True,11097.0,11097.0,256,1000000
10000,1.3,0.1,0.00030075927712937446,0.9210340371976184,0.0003265452360962455,0.8804452419164343,1.3,one_minus_alpha_power,110,True,20178.0,20178.0,256,1000000
10000,1.3,0.1,0.00030075927712937446,0.9210340371976184,0.0003265452360962455,0.8804452419164343,1.3,one_minus_alpha_power,111,True,19108.0,19108.0,256,1000000
10000,1.3,0.1,0.00030075927712937446,0.9210340371976184,0.0003265452360962455,0.8804452419164343,1.3,one_minus_alpha_power,112,True,157458.0,157458.0,256,1000000
10000,1.3,0.1,0.00030075927712937446,0.9210340371976184,0.0003265452360962455,0.8804452419164343,1.3,one_minus_alpha_power,113,True,7772.0,7772.0,256,1000000
10000,1.3,0.1,0.00030075927712937446,0.9210340371976184,0.0003265452360962455,0.8804452419164343,1.3,one_minus_alpha_power,114,True,5782.0,5782.0,256,1000000
10000,1.3,0.1,0.00030075927712937446,0.9210340371976184,0.0003265452360962455,0.8804452419164343,1.3,one_minus_alpha_power,115,True,19360.0,19360.0,256,1000000
10000,1.3,0.1,0.00030075927712937446,0.9210340371976184,0.0003265452360962455,0.8804452419164343,1.3,one_minus_alpha_power,116,True,67738.0,67738.0,256,1000000
10000,1.3,0.1,0.00030075927712937446,0.9210340371976184,0.0003265452360962455,0.8804452419164343,1.3,one_minus_alpha_power,117,True,5010.0,5010.0,256,1000000
10000,1.3,0.1,0.00030075927712937446,0.9210340371976184,0.0003265452360962455,0.8804452419164343,1.3,one_minus_alpha_power,118,True,20355.0,20355.0,256,1000000
10000,1.3,0.1,0.00030075927712937446,0.9210340371976184,0.0003265452360962455,0.8804452419164343,1.3,one_minus_alpha_power,119,True,23283.0,23283.0,256,1000000
10000,1.3,0.1,0.00030075927712937446,0.9210340371976184,0.0003265452360962455,0.8804452419164343,1.3,one_minus_alpha_power,120,True,45273.0,45273.0,256,1000000
10000,1.3,0.1,0.00030075927712937446,0.9210340371976184,0.0003265452360962455,0.8804452419164343,1.3,one_minus_alpha_power,121,True,22314.0,22314.0,256,1000000
10000,1.3,0.1,0.00030075927712937446,0.9210340371976184,0.0003265452360962455,0.8804452419164343,1.3,one_minus_alpha_power,122,True,27779.0,27779.0,256,1000000
10000,1.3,0.1,0.00030075927712937446,0.9210340371976184,0.0003265452360962455,0.8804452419164343,1.3,one_minus_alpha_power,123,True,50823.0,50823.0,256,1000000
10000,1.3,0.1,0.00030075927712937446,0.9210340371976184,0.0003265452360962455,0.8804452419164343,1.3,one_minus_alpha_power,124,True,24335.0,24335.0,256,1000000
10000,1.3,0.1,0.00030075927712937446,0.9210340371976184,0.0003265452360962455,0.8804452419164343,1.3,one_minus_alpha_power,125,True,15803.0,15803.0,256,1000000
10000,1.3,0.1,0.00030075927712937446,0.9210340371976184,0.0003265452360962455,0.8804452419164343,1.3,one_minus_alpha_power,126,True,68215.0,68215.0,256,1000000
10000,1.3,0.1,0.00030075927712937446,0.9210340371976184,0.0003265452360962455,0.8804452419164343,1.3,one_minus_alpha_power,127,True,16206.0,16206.0,256,1000000
10000,1.3,0.1,0.00030075927712937446,0.9210340371976184,0.0003265452360962455,0.8804452419164343,1.3,one_minus_alpha_power,128,True,7026.0,7026.0,256,1000000
10000,1.3,0.1,0.00030075927712937446,0.9210340371976184,0.0003265452360962455,0.8804452419164343,1.3,one_minus_alpha_power,129,True,19774.0,19774.0,256,1000000
10000,1.3,0.1,0.00030075927712937446,0.9210340371976184,0.0003265452360962455,0.8804452419164343,1.3,one_minus_alpha_power,130,True,4120.0,4120.0,256,1000000
10000,1.3,0.1,0.00030075927712937446,0.9210340371976184,0.0003265452360962455,0.8804452419164343,1.3,one_minus_alpha_power,131,True,22446.0,22446.0,256,1000000
10000,1.3,0.1,0.00030075927712937446,0.9210340371976184,0.0003265452360962455,0.8804452419164343,1.3,one_minus_alpha_power,132,True,49631.0,49631.0,256,1000000
10000,1.3,0.1,0.00030075927712937446,0.9210340371976184,0.0003265452360962455,0.8804452419164343,1.3,one_minus_alpha_power,133,True,46280.0,46280.0,256,1000000
10000,1.3,0.1,0.00030075927712937446,0.9210340371976184,0.0003265452360962455,0.8804452419164343,1.3,one_minus_alpha_power,134,True,29434.0,29434.0,256,1000000
10000,1.3,0.1,0.00030075927712937446,0.9210340371976184,0.0003265452360962455,0.8804452419164343,1.3,one_minus_alpha_power,135,True,6942.0,6942.0,256,1000000
10000,1.3,0.1,0.00030075927712937446,0.9210340371976184,0.0003265452360962455,0.8804452419164343,1.3,one_minus_alpha_power,136,True,5573.0,5573.0,256,1000000
10000,1.3,0.1,0.00030075927712937446,0.9210340371976184,0.0003265452360962455,0.8804452419164343,1.3,one_minus_alpha_power,137,True,9704.0,9704.0,256,1000000
10000,1.3,0.1,0.00030075927712937446,0.9210340371976184,0.0003265452360962455,0.8804452419164343,1.3,one_minus_alpha_power,138,True,26463.0,26463.0,256,1000000
10000,1.3,0.1,0.00030075927712937446,0.9210340371976184,0.0003265452360962455,0.8804452419164343,1.3,one_minus_alpha_power,139,True,36926.0,36926.0,256,1000000
10000,1.3,0.1,0.00030075927712937446,0.9210340371976184,0.0003265452360962455,0.8804452419164343,1.3,one_minus_alpha_power,140,True,30620.0,30620.0,256,1000000
10000,1.3,0.1,0.00030075927712937446,0.9210340371976184,0.0003265452360962455,0.8804452419164343,1.3,one_minus_alpha_power,141,True,2712.0,2712.0,256,1000000
10000,1.3,0.1,0.00030075927712937446,0.9210340371976184,0.0003265452360962455,0.8804452419164343,1.3,one_minus_alpha_power,142,True,18821.0,18821.0,256,1000000
10000,1.3,0.1,0.00030075927712937446,0.9210340371976184,0.0003265452360962455,0.8804452419164343,1.3,one_minus_alpha_power,143,True,4919.0,4919.0,256,1000000
10000,1.3,0.1,0.00030075927712937446,0.9210340371976184,0.0003265452360962455,0.8804452419164343,1.3,one_minus_alpha_power,144,True,18102.0,18102.0,256,1000000
10000,1.3,0.1,0.00030075927712937446,0.9210340371976184,0.0003265452360962455,0.8804452419164343,1.3,one_minus_alpha_power,145,True,100344.0,100344.0,256,1000000
10000,1.3,0.1,0.00030075927712937446,0.9210340371976184,0.0003265452360962455,0.8804452419164343,1.3,one_minus_alpha_power,146,True,24811.0,24811.0,256,1000000
10000,1.3,0.1,0.00030075927712937446,0.9210340371976184,0.0003265452360962455,0.8804452419164343,1.3,one_minus_alpha_power,147,True,17016.0,17016.0,256,1000000
10000,1.3,0.1,0.00030075927712937446,0.9210340371976184,0.0003265452360962455,0.8804452419164343,1.3,one_minus_alpha_power,148,True,13237.0,13237.0,256,1000000
10000,1.3,0.1,0.00030075927712937446,0.9210340371976184,0.0003265452360962455,0.8804452419164343,1.3,one_minus_alpha_power,149,True,20906.0,20906.0,256,1000000
10000,1.3,0.1,0.00030075927712937446,0.9210340371976184,0.0003265452360962455,0.8804452419164343,1.3,one_minus_alpha_power,150,True,14187.0,14187.0,256,1000000
10000,1.3,0.1,0.00030075927712937446,0.9210340371976184,0.0003265452360962455,0.8804452419164343,1.3,one_minus_alpha_power,151,True,9391.0,9391.0,256,1000000
10000,1.3,0.1,0.00030075927712937446,0.9210340371976184,0.0003265452360962455,0.8804452419164343,1.3,one_minus_alpha_power,152,True,37127.0,37127.0,256,1000000
10000,1.3,0.1,0.00030075927712937446,0.9210340371976184,0.0003265452360962455,0.8804452419164343,1.3,one_minus_alpha_power,153,True,15988.0,15988.0,256,1000000
10000,1.3,0.1,0.00030075927712937446,0.9210340371976184,0.0003265452360962455,0.8804452419164343,1.3,one_minus_alpha_power,154,True,15379.0,15379.0,256,1000000
10000,1.3,0.1,0.00030075927712937446,0.9210340371976184,0.0003265452360962455,0.8804452419164343,1.3,one_minus_alpha_power,155,True,8977.0,8977.0,256,1000000
10000,1.3,0.1,0.00030075927712937446,0.9210340371976184,0.0003265452360962455,0.8804452419164343,1.3,one_minus_alpha_power,156,True,32793.0,32793.0,256,1000000
10000,1.3,0.1,0.00030075927712937446,0.9210340371976184,0.0003265452360962455,0.8804452419164343,1.3,one_minus_alpha_power,157,True,25573.0,25573.0,256,1000000
10000,1.3,0.1,0.00030075927712937446,0.9210340371976184,0.0003265452360962455,0.8804452419164343,1.3,one_minus_alpha_power,158,True,70893.0,70893.0,256,1000000
10000,1.3,0.1,0.00030075927712937446,0.9210340371976184,0.0003265452360962455,0.8804452419164343,1.3,one_minus_alpha_power,159,True,13460.0,13460.0,256,1000000
10000,1.3,0.1,0.00030075927712937446,0.9210340371976184,0.0003265452360962455,0.8804452419164343,1.3,one_minus_alpha_power,160,True,13990.0,13990.0,256,1000000
10000,1.3,0.1,0.00030075927712937446,0.9210340371976184,0.0003265452360962455,0.8804452419164343,1.3,one_minus_alpha_power,161,True,22295.0,22295.0,256,1000000
10000,1.3,0.1,0.00030075927712937446,0.9210340371976184,0.0003265452360962455,0.8804452419164343,1.3,one_minus_alpha_power,162,True,15295.0,15295.0,256,1000000
10000,1.3,0.1,0.00030075927712937446,0.9210340371976184,0.0003265452360962455,0.8804452419164343,1.3,one_minus_alpha_power,163,True,14251.0,14251.0,256,1000000
10000,1.3,0.1,0.00030075927712937446,0.9210340371976184,0.0003265452360962455,0.8804452419164343,1.3,one_minus_alpha_power,164,True,13924.0,13924.0,256,1000000
10000,1.3,0.1,0.00030075927712937446,0.9210340371976184,0.0003265452360962455,0.8804452419164343,1.3,one_minus_alpha_power,165,True,6143.0,6143.0,256,1000000
10000,1.3,0.1,0.00030075927712937446,0.9210340371976184,0.0003265452360962455,0.8804452419164343,1.3,one_minus_alpha_power,166,True,8420.0,8420.0,256,1000000
10000,1.3,0.1,0.00030075927712937446,0.9210340371976184,0.0003265452360962455,0.8804452419164343,1.3,one_minus_alpha_power,167,True,29095.0,29095.0,256,1000000
10000,1.3,0.1,0.00030075927712937446,0.9210340371976184,0.0003265452360962455,0.8804452419164343,1.3,one_minus_alpha_power,168,True,16779.0,16779.0,256,1000000
10000,1.3,0.1,0.00030075927712937446,0.9210340371976184,0.0003265452360962455,0.8804452419164343,1.3,one_minus_alpha_power,169,True,61067.0,61067.0,256,1000000
10000,1.3,0.1,0.00030075927712937446,0.9210340371976184,0.0003265452360962455,0.8804452419164343,1.3,one_minus_alpha_power,170,True,25344.0,25344.0,256,1000000
10000,1.3,0.1,0.00030075927712937446,0.9210340371976184,0.0003265452360962455,0.8804452419164343,1.3,one_minus_alpha_power,171,True,39489.0,39489.0,256,1000000
10000,1.3,0.1,0.00030075927712937446,0.9210340371976184,0.0003265452360962455,0.8804452419164343,1.3,one_minus_alpha_power,172,True,10195.0,10195.0,256,1000000
10000,1.3,0.1,0.00030075927712937446,0.9210340371976184,0.0003265452360962455,0.8804452419164343,1.3,one_minus_alpha_power,173,True,12269.0,12269.0,256,1000000
10000,1.3,0.1,0.00030075927712937446,0.9210340371976184,0.0003265452360962455,0.8804452419164343,1.3,one_minus_alpha_power,174,True,39036.0,39036.0,256,1000000
10000,1.3,0.1,0.00030075927712937446,0.9210340371976184,0.0003265452360962455,0.8804452419164343,1.3,one_minus_alpha_power,175,True,22644.0,22644.0,256,1000000
10000,1.3,0.1,0.00030075927712937446,0.9210340371976184,0.0003265452360962455,0.8804452419164343,1.3,one_minus_alpha_power,176,True,13509.0,13509.0,256,1000000
10000,1.3,0.1,0.00030075927712937446,0.9210340371976184,0.0003265452360962455,0.8804452419164343,1.3,one_minus_alpha_power,177,True,39574.0,39574.0,256,1000000
10000,1.3,0.1,0.00030075927712937446,0.9210340371976184,0.0003265452360962455,0.8804452419164343,1.3,one_minus_alpha_power,178,True,27459.0,27459.0,256,1000000
10000,1.3,0.1,0.00030075927712937446,0.9210340371976184,0.0003265452360962455,0.8804452419164343,1.3,one_minus_alpha_power,179,True,64958.0,64958.0,256,1000000
10000,1.3,0.1,0.00030075927712937446,0.9210340371976184,0.0003265452360962455,0.8804452419164343,1.3,one_minus_alpha_power,180,True,34285.0,34285.0,256,1000000
10000,1.3,0.1,0.00030075927712937446,0.9210340371976184,0.0003265452360962455,0.8804452419164343,1.3,one_minus_alpha_power,181,True,26362.0,26362.0,256,1000000
10000,1.3,0.1,0.00030075927712937446,0.9210340371976184,0.0003265452360962455,0.8804452419164343,1.3,one_minus_alpha_power,182,True,18844.0,18844.0,256,1000000
10000,1.3,0.1,0.00030075927712937446,0.9210340371976184,0.0003265452360962455,0.8804452419164343,1.3,one_minus_alpha_power,183,True,52705.0,52705.0,256,1000000
10000,1.3,0.1,0.00030075927712937446,0.9210340371976184,0.0003265452360962455,0.8804452419164343,1.3,one_minus_alpha_power,184,True,13265.0,13265.0,256,1000000
10000,1.3,0.1,0.00030075927712937446,0.9210340371976184,0.0003265452360962455,0.8804452419164343,1.3,one_minus_alpha_power,185,True,5796.0,5796.0,256,1000000
10000,1.3,0.1,0.00030075927712937446,0.9210340371976184,0.0003265452360962455,0.8804452419164343,1.3,one_minus_alpha_power,186,True,62523.0,62523.0,256,1000000
10000,1.3,0.1,0.00030075927712937446,0.9210340371976184,0.0003265452360962455,0.8804452419164343,1.3,one_minus_alpha_power,187,True,116377.0,116377.0,256,1000000
10000,1.3,0.1,0.00030075927712937446,0.9210340371976184,0.0003265452360962455,0.8804452419164343,1.3,one_minus_alpha_power,188,True,5832.0,5832.0,256,1000000
10000,1.3,0.1,0.00030075927712937446,0.9210340371976184,0.0003265452360962455,0.8804452419164343,1.3,one_minus_alpha_power,189,True,73925.0,73925.0,256,1000000
10000,1.3,0.1,0.00030075927712937446,0.9210340371976184,0.0003265452360962455,0.8804452419164343,1.3,one_minus_alpha_power,190,True,35002.0,35002.0,256,1000000
10000,1.3,0.1,0.00030075927712937446,0.9210340371976184,0.0003265452360962455,0.8804452419164343,1.3,one_minus_alpha_power,191,True,24216.0,24216.0,256,1000000
10000,1.3,0.1,0.00030075927712937446,0.9210340371976184,0.0003265452360962455,0.8804452419164343,1.3,one_minus_alpha_power,192,True,15100.0,15100.0,256,1000000
10000,1.3,0.1,0.00030075927712937446,0.9210340371976184,0.0003265452360962455,0.8804452419164343,1.3,one_minus_alpha_power,193,True,16700.0,16700.0,256,1000000
10000,1.3,0.1,0.00030075927712937446,0.9210340371976184,0.0003265452360962455,0.8804452419164343,1.3,one_minus_alpha_power,194,True,121429.0,121429.0,256,1000000
10000,1.3,0.1,0.00030075927712937446,0.9210340371976184,0.0003265452360962455,0.8804452419164343,1.3,one_minus_alpha_power,195,True,92142.0,92142.0,256,1000000
10000,1.3,0.1,0.00030075927712937446,0.9210340371976184,0.0003265452360962455,0.8804452419164343,1.3,one_minus_alpha_power,196,True,29684.0,29684.0,256,1000000
10000,1.3,0.1,0.00030075927712937446,0.9210340371976184,0.0003265452360962455,0.8804452419164343,1.3,one_minus_alpha_power,197,True,36199.0,36199.0,256,1000000
10000,1.3,0.1,0.00030075927712937446,0.9210340371976184,0.0003265452360962455,0.8804452419164343,1.3,one_minus_alpha_power,198,True,38334.0,38334.0,256,1000000
10000,1.3,0.1,0.00030075927712937446,0.9210340371976184,0.0003265452360962455,0.8804452419164343,1.3,one_minus_alpha_power,199,True,31611.0,31611.0,256,1000000
10000,1.3,0.1,0.00030075927712937446,0.9210340371976184,0.0003265452360962455,0.8804452419164343,1.3,one_minus_alpha_power,200,True,21937.0,21937.0,256,1000000
10000,1.3,0.1,0.00030075927712937446,0.9210340371976184,0.0003265452360962455,0.8804452419164343,1.3,one_minus_alpha_power,201,True,13129.0,13129.0,256,1000000
10000,1.3,0.1,0.00030075927712937446,0.9210340371976184,0.0003265452360962455,0.8804452419164343,1.3,one_minus_alpha_power,202,True,42162.0,42162.0,256,1000000
10000,1.3,0.1,0.00030075927712937446,0.9210340371976184,0.0003265452360962455,0.8804452419164343,1.3,one_minus_alpha_power,203,True,47435.0,47435.0,256,1000000
10000,1.3,0.1,0.00030075927712937446,0.9210340371976184,0.0003265452360962455,0.8804452419164343,1.3,one_minus_alpha_power,204,True,29570.0,29570.0,256,1000000
10000,1.3,0.1,0.00030075927712937446,0.9210340371976184,0.0003265452360962455,0.8804452419164343,1.3,one_minus_alpha_power,205,True,66498.0,66498.0,256,1000000
10000,1.3,0.1,0.00030075927712937446,0.9210340371976184,0.0003265452360962455,0.8804452419164343,1.3,one_minus_alpha_power,206,True,1929.0,1929.0,256,1000000
10000,1.3,0.1,0.00030075927712937446,0.9210340371976184,0.0003265452360962455,0.8804452419164343,1.3,one_minus_alpha_power,207,True,44857.0,44857.0,256,1000000
10000,1.3,0.1,0.00030075927712937446,0.9210340371976184,0.0003265452360962455,0.8804452419164343,1.3,one_minus_alpha_power,208,True,15566.0,15566.0,256,1000000
10000,1.3,0.1,0.00030075927712937446,0.9210340371976184,0.0003265452360962455,0.8804452419164343,1.3,one_minus_alpha_power,209,True,13088.0,13088.0,256,1000000
10000,1.3,0.1,0.00030075927712937446,0.9210340371976184,0.0003265452360962455,0.8804452419164343,1.3,one_minus_alpha_power,210,True,22574.0,22574.0,256,1000000
10000,1.3,0.1,0.00030075927712937446,0.9210340371976184,0.0003265452360962455,0.8804452419164343,1.3,one_minus_alpha_power,211,True,10598.0,10598.0,256,1000000
10000,1.3,0.1,0.00030075927712937446,0.9210340371976184,0.0003265452360962455,0.8804452419164343,1.3,one_minus_alpha_power,212,True,4609.0,4609.0,256,1000000
10000,1.3,0.1,0.00030075927712937446,0.9210340371976184,0.0003265452360962455,0.8804452419164343,1.3,one_minus_alpha_power,213,True,78823.0,78823.0,256,1000000
10000,1.3,0.1,0.00030075927712937446,0.9210340371976184,0.0003265452360962455,0.8804452419164343,1.3,one_minus_alpha_power,214,True,9063.0,9063.0,256,1000000
10000,1.3,0.1,0.00030075927712937446,0.9210340371976184,0.0003265452360962455,0.8804452419164343,1.3,one_minus_alpha_power,215,True,50865.0,50865.0,256,1000000
10000,1.3,0.1,0.00030075927712937446,0.9210340371976184,0.0003265452360962455,0.8804452419164343,1.3,one_minus_alpha_power,216,True,32004.0,32004.0,256,1000000
10000,1.3,0.1,0.00030075927712937446,0.9210340371976184,0.0003265452360962455,0.8804452419164343,1.3,one_minus_alpha_power,217,True,16161.0,16161.0,256,1000000
10000,1.3,0.1,0.00030075927712937446,0.9210340371976184,0.0003265452360962455,0.8804452419164343,1.3,one_minus_alpha_power,218,True,18713.0,18713.0,256,1000000
10000,1.3,0.1,0.00030075927712937446,0.9210340371976184,0.0003265452360962455,0.8804452419164343,1.3,one_minus_alpha_power,219,True,6952.0,6952.0,256,1000000
10000,1.3,0.1,0.00030075927712937446,0.9210340371976184,0.0003265452360962455,0.8804452419164343,1.3,one_minus_alpha_power,220,True,2494.0,2494.0,256,1000000
10000,1.3,0.1,0.00030075927712937446,0.9210340371976184,0.0003265452360962455,0.8804452419164343,1.3,one_minus_alpha_power,221,True,10006.0,10006.0,256,1000000
10000,1.3,0.1,0.00030075927712937446,0.9210340371976184,0.0003265452360962455,0.8804452419164343,1.3,one_minus_alpha_power,222,True,5318.0,5318.0,256,1000000
10000,1.3,0.1,0.00030075927712937446,0.9210340371976184,0.0003265452360962455,0.8804452419164343,1.3,one_minus_alpha_power,223,True,14655.0,14655.0,256,1000000
10000,1.3,0.1,0.00030075927712937446,0.9210340371976184,0.0003265452360962455,0.8804452419164343,1.3,one_minus_alpha_power,224,True,88043.0,88043.0,256,1000000
10000,1.3,0.1,0.00030075927712937446,0.9210340371976184,0.0003265452360962455,0.8804452419164343,1.3,one_minus_alpha_power,225,True,31897.0,31897.0,256,1000000
10000,1.3,0.1,0.00030075927712937446,0.9210340371976184,0.0003265452360962455,0.8804452419164343,1.3,one_minus_alpha_power,226,True,30346.0,30346.0,256,1000000
10000,1.3,0.1,0.00030075927712937446,0.9210340371976184,0.0003265452360962455,0.8804452419164343,1.3,one_minus_alpha_power,227,True,6400.0,6400.0,256,1000000
10000,1.3,0.1,0.00030075927712937446,0.9210340371976184,0.0003265452360962455,0.8804452419164343,1.3,one_minus_alpha_power,228,True,16254.0,16254.0,256,1000000
10000,1.3,0.1,0.00030075927712937446,0.9210340371976184,0.0003265452360962455,0.8804452419164343,1.3,one_minus_alpha_power,229,True,3379.0,3379.0,256,1000000
10000,1.3,0.1,0.00030075927712937446,0.9210340371976184,0.0003265452360962455,0.8804452419164343,1.3,one_minus_alpha_power,230,True,10744.0,10744.0,256,1000000
10000,1.3,0.1,0.00030075927712937446,0.9210340371976184,0.0003265452360962455,0.8804452419164343,1.3,one_minus_alpha_power,231,True,30191.0,30191.0,256,1000000
10000,1.3,0.1,0.00030075927712937446,0.9210340371976184,0.0003265452360962455,0.8804452419164343,1.3,one_minus_alpha_power,232,True,27033.0,27033.0,256,1000000
10000,1.3,0.1,0.00030075927712937446,0.9210340371976184,0.0003265452360962455,0.8804452419164343,1.3,one_minus_alpha_power,233,True,21450.0,21450.0,256,1000000
10000,1.3,0.1,0.00030075927712937446,0.9210340371976184,0.0003265452360962455,0.8804452419164343,1.3,one_minus_alpha_power,234,True,75996.0,75996.0,256,1000000
10000,1.3,0.1,0.00030075927712937446,0.9210340371976184,0.0003265452360962455,0.8804452419164343,1.3,one_minus_alpha_power,235,True,9259.0,9259.0,256,1000000
10000,1.3,0.1,0.00030075927712937446,0.9210340371976184,0.0003265452360962455,0.8804452419164343,1.3,one_minus_alpha_power,236,True,13051.0,13051.0,256,1000000
10000,1.3,0.1,0.00030075927712937446,0.9210340371976184,0.0003265452360962455,0.8804452419164343,1.3,one_minus_alpha_power,237,True,54084.0,54084.0,256,1000000
10000,1.3,0.1,0.00030075927712937446,0.9210340371976184,0.0003265452360962455,0.8804452419164343,1.3,one_minus_alpha_power,238,True,21289.0,21289.0,256,1000000
10000,1.3,0.1,0.00030075927712937446,0.9210340371976184,0.0003265452360962455,0.8804452419164343,1.3,one_minus_alpha_power,239,True,24673.0,24673.0,256,1000000
10000,1.3,0.1,0.00030075927712937446,0.9210340371976184,0.0003265452360962455,0.8804452419164343,1.3,one_minus_alpha_power,240,True,110206.0,110206.0,256,1000000
10000,1.3,0.1,0.00030075927712937446,0.9210340371976184,0.0003265452360962455,0.8804452419164343,1.3,one_minus_alpha_power,241,True,30794.0,30794.0,256,1000000
10000,1.3,0.1,0.00030075927712937446,0.9210340371976184,0.0003265452360962455,0.8804452419164343,1.3,one_minus_alpha_power,242,True,37508.0,37508.0,256,1000000
10000,1.3,0.1,0.00030075927712937446,0.9210340371976184,0.0003265452360962455,0.8804452419164343,1.3,one_minus_alpha_power,243,True,8404.0,8404.0,256,1000000
10000,1.3,0.1,0.00030075927712937446,0.9210340371976184,0.0003265452360962455,0.8804452419164343,1.3,one_minus_alpha_power,244,True,13623.0,13623.0,256,1000000
10000,1.3,0.1,0.00030075927712937446,0.9210340371976184,0.0003265452360962455,0.8804452419164343,1.3,one_minus_alpha_power,245,True,17309.0,17309.0,256,1000000
10000,1.3,0.1,0.00030075927712937446,0.9210340371976184,0.0003265452360962455,0.8804452419164343,1.3,one_minus_alpha_power,246,True,85240.0,85240.0,256,1000000
10000,1.3,0.1,0.00030075927712937446,0.9210340371976184,0.0003265452360962455,0.8804452419164343,1.3,one_minus_alpha_power,247,True,8632.0,8632.0,256,1000000
10000,1.3,0.1,0.00030075927712937446,0.9210340371976184,0.0003265452360962455,0.8804452419164343,1.3,one_minus_alpha_power,248,True,63675.0,63675.0,256,1000000
10000,1.3,0.1,0.00030075927712937446,0.9210340371976184,0.0003265452360962455,0.8804452419164343,1.3,one_minus_alpha_power,249,True,61599.0,61599.0,256,1000000
10000,1.3,0.1,0.00030075927712937446,0.9210340371976184,0.0003265452360962455,0.8804452419164343,1.3,one_minus_alpha_power,250,True,77558.0,77558.0,256,1000000
10000,1.3,0.1,0.00030075927712937446,0.9210340371976184,0.0003265452360962455,0.8804452419164343,1.3,one_minus_alpha_power,251,True,4924.0,4924.0,256,1000000
10000,1.3,0.1,0.00030075927712937446,0.9210340371976184,0.0003265452360962455,0.8804452419164343,1.3,one_minus_alpha_power,252,True,3688.0,3688.0,256,1000000
10000,1.3,0.1,0.00030075927712937446,0.9210340371976184,0.0003265452360962455,0.8804452419164343,1.3,one_minus_alpha_power,253,True,20569.0,20569.0,256,1000000
10000,1.3,0.1,0.00030075927712937446,0.9210340371976184,0.0003265452360962455,0.8804452419164343,1.3,one_minus_alpha_power,254,True,17938.0,17938.0,256,1000000
10000,1.3,0.1,0.00030075927712937446,0.9210340371976184,0.0003265452360962455,0.8804452419164343,1.3,one_minus_alpha_power,255,True,10805.0,10805.0,256,1000000
10000,1.3,0.1,0.00030075927712937446,0.9210340371976184,0.0003265452360962455,0.8804452419164343,1.3,one_minus_alpha_power,256,True,36463.0,36463.0,256,1000000
10000,1.3,0.1,0.00030075927712937446,0.9210340371976184,0.0003265452360962455,0.8804452419164343,1.3,one_minus_alpha_power,257,True,4037.0,4037.0,256,1000000
10000,1.3,0.1,0.00030075927712937446,0.9210340371976184,0.0003265452360962455,0.8804452419164343,1.3,one_minus_alpha_power,258,True,7099.0,7099.0,256,1000000
10000,1.3,0.1,0.00030075927712937446,0.9210340371976184,0.0003265452360962455,0.8804452419164343,1.3,one_minus_alpha_power,259,True,14466.0,14466.0,256,1000000
10000,1.3,0.1,0.00030075927712937446,0.9210340371976184,0.0003265452360962455,0.8804452419164343,1.3,one_minus_alpha_power,260,True,27009.0,27009.0,256,1000000
10000,1.3,0.1,0.00030075927712937446,0.9210340371976184,0.0003265452360962455,0.8804452419164343,1.3,one_minus_alpha_power,261,True,13039.0,13039.0,256,1000000
10000,1.3,0.1,0.00030075927712937446,0.9210340371976184,0.0003265452360962455,0.8804452419164343,1.3,one_minus_alpha_power,262,True,14256.0,14256.0,256,1000000
10000,1.3,0.1,0.00030075927712937446,0.9210340371976184,0.0003265452360962455,0.8804452419164343,1.3,one_minus_alpha_power,263,True,53169.0,53169.0,256,1000000
10000,1.3,0.1,0.00030075927712937446,0.9210340371976184,0.0003265452360962455,0.8804452419164343,1.3,one_minus_alpha_power,264,True,47794.0,47794.0,256,1000000
10000,1.3,0.1,0.00030075927712937446,0.9210340371976184,0.0003265452360962455,0.8804452419164343,1.3,one_minus_alpha_power,265,True,33436.0,33436.0,256,1000000
10000,1.3,0.1,0.00030075927712937446,0.9210340371976184,0.0003265452360962455,0.8804452419164343,1.3,one_minus_alpha_power,266,True,60814.0,60814.0,256,1000000
10000,1.3,0.1,0.00030075927712937446,0.9210340371976184,0.0003265452360962455,0.8804452419164343,1.3,one_minus_alpha_power,267,True,17773.0,17773.0,256,1000000
10000,1.3,0.1,0.00030075927712937446,0.9210340371976184,0.0003265452360962455,0.8804452419164343,1.3,one_minus_alpha_power,268,True,58642.0,58642.0,256,1000000
10000,1.3,0.1,0.00030075927712937446,0.9210340371976184,0.0003265452360962455,0.8804452419164343,1.3,one_minus_alpha_power,269,True,7849.0,7849.0,256,1000000
10000,1.3,0.1,0.00030075927712937446,0.9210340371976184,0.0003265452360962455,0.8804452419164343,1.3,one_minus_alpha_power,270,True,34081.0,34081.0,256,1000000
10000,1.3,0.1,0.00030075927712937446,0.9210340371976184,0.0003265452360962455,0.8804452419164343,1.3,one_minus_alpha_power,271,True,13778.0,13778.0,256,1000000
10000,1.3,0.1,0.00030075927712937446,0.9210340371976184,0.0003265452360962455,0.8804452419164343,1.3,one_minus_alpha_power,272,True,27215.0,27215.0,256,1000000
10000,1.3,0.1,0.00030075927712937446,0.9210340371976184,0.0003265452360962455,0.8804452419164343,1.3,one_minus_alpha_power,273,True,38377.0,38377.0,256,1000000
10000,1.3,0.1,0.00030075927712937446,0.9210340371976184,0.0003265452360962455,0.8804452419164343,1.3,one_minus_alpha_power,274,True,4208.0,4208.0,256,1000000
10000,1.3,0.1,0.00030075927712937446,0.9210340371976184,0.0003265452360962455,0.8804452419164343,1.3,one_minus_alpha_power,275,True,41493.0,41493.0,256,1000000
10000,1.3,0.1,0.00030075927712937446,0.9210340371976184,0.0003265452360962455,0.8804452419164343,1.3,one_minus_alpha_power,276,True,36849.0,36849.0,256,1000000
10000,1.3,0.1,0.00030075927712937446,0.9210340371976184,0.0003265452360962455,0.8804452419164343,1.3,one_minus_alpha_power,277,True,6839.0,6839.0,256,1000000
10000,1.3,0.1,0.00030075927712937446,0.9210340371976184,0.0003265452360962455,0.8804452419164343,1.3,one_minus_alpha_power,278,True,49866.0,49866.0,256,1000000
10000,1.3,0.1,0.00030075927712937446,0.9210340371976184,0.0003265452360962455,0.8804452419164343,1.3,one_minus_alpha_power,279,True,15388.0,15388.0,256,1000000
10000,1.3,0.1,0.00030075927712937446,0.9210340371976184,0.0003265452360962455,0.8804452419164343,1.3,one_minus_alpha_power,280,True,24326.0,24326.0,256,1000000
10000,1.3,0.1,0.00030075927712937446,0.9210340371976184,0.0003265452360962455,0.8804452419164343,1.3,one_minus_alpha_power,281,True,6616.0,6616.0,256,1000000
10000,1.3,0.1,0.00030075927712937446,0.9210340371976184,0.0003265452360962455,0.8804452419164343,1.3,one_minus_alpha_power,282,True,51136.0,51136.0,256,1000000
10000,1.3,0.1,0.00030075927712937446,0.9210340371976184,0.0003265452360962455,0.8804452419164343,1.3,one_minus_alpha_power,283,True,33565.0,33565.0,256,1000000
10000,1.3,0.1,0.00030075927712937446,0.9210340371976184,0.0003265452360962455,0.8804452419164343,1.3,one_minus_alpha_power,284,True,19538.0,19538.0,256,1000000
10000,1.3,0.1,0.00030075927712937446,0.9210340371976184,0.0003265452360962455,0.8804452419164343,1.3,one_minus_alpha_power,285,True,27909.0,27909.0,256,1000000
10000,1.3,0.1,0.00030075927712937446,0.9210340371976184,0.0003265452360962455,0.8804452419164343,1.3,one_minus_alpha_power,286,True,62513.0,62513.0,256,1000000
10000,1.3,0.1,0.00030075927712937446,0.9210340371976184,0.0003265452360962455,0.8804452419164343,1.3,one_minus_alpha_power,287,True,29145.0,29145.0,256,1000000
10000,1.3,0.1,0.00030075927712937446,0.9210340371976184,0.0003265452360962455,0.8804452419164343,1.3,one_minus_alpha_power,288,True,26899.0,26899.0,256,1000000
10000,1.3,0.1,0.00030075927712937446,0.9210340371976184,0.0003265452360962455,0.8804452419164343,1.3,one_minus_alpha_power,289,True,53010.0,53010.0,256,1000000
10000,1.3,0.1,0.00030075927712937446,0.9210340371976184,0.0003265452360962455,0.8804452419164343,1.3,one_minus_alpha_power,290,True,74764.0,74764.0,256,1000000
10000,1.3,0.1,0.00030075927712937446,0.9210340371976184,0.0003265452360962455,0.8804452419164343,1.3,one_minus_alpha_power,291,True,5414.0,5414.0,256,1000000
10000,1.3,0.1,0.00030075927712937446,0.9210340371976184,0.0003265452360962455,0.8804452419164343,1.3,one_minus_alpha_power,292,True,27346.0,27346.0,256,1000000
10000,1.3,0.1,0.00030075927712937446,0.9210340371976184,0.0003265452360962455,0.8804452419164343,1.3,one_minus_alpha_power,293,True,13387.0,13387.0,256,1000000
10000,1.3,0.1,0.00030075927712937446,0.9210340371976184,0.0003265452360962455,0.8804452419164343,1.3,one_minus_alpha_power,294,True,43194.0,43194.0,256,1000000
10000,1.3,0.1,0.00030075927712937446,0.9210340371976184,0.0003265452360962455,0.8804452419164343,1.3,one_minus_alpha_power,295,True,22687.0,22687.0,256,1000000
10000,1.3,0.1,0.00030075927712937446,0.9210340371976184,0.0003265452360962455,0.8804452419164343,1.3,one_minus_alpha_power,296,True,48020.0,48020.0,256,1000000
10000,1.3,0.1,0.00030075927712937446,0.9210340371976184,0.0003265452360962455,0.8804452419164343,1.3,one_minus_alpha_power,297,True,14869.0,14869.0,256,1000000
10000,1.3,0.1,0.00030075927712937446,0.9210340371976184,0.0003265452360962455,0.8804452419164343,1.3,one_minus_alpha_power,298,True,7823.0,7823.0,256,1000000
10000,1.3,0.1,0.00030075927712937446,0.9210340371976184,0.0003265452360962455,0.8804452419164343,1.3,one_minus_alpha_power,299,True,15849.0,15849.0,256,1000000
10000,1.3,0.1,0.00030075927712937446,0.9210340371976184,0.0003265452360962455,0.8804452419164343,1.3,one_minus_alpha_power,300,True,29884.0,29884.0,256,1000000
10000,1.3,0.1,0.00030075927712937446,0.9210340371976184,0.0003265452360962455,0.8804452419164343,1.3,one_minus_alpha_power,301,True,4957.0,4957.0,256,1000000
10000,1.3,0.1,0.00030075927712937446,0.9210340371976184,0.0003265452360962455,0.8804452419164343,1.3,one_minus_alpha_power,302,True,15383.0,15383.0,256,1000000
10000,1.3,0.1,0.00030075927712937446,0.9210340371976184,0.0003265452360962455,0.8804452419164343,1.3,one_minus_alpha_power,303,True,5471.0,5471.0,256,1000000
10000,1.3,0.1,0.00030075927712937446,0.9210340371976184,0.0003265452360962455,0.8804452419164343,1.3,one_minus_alpha_power,304,True,68526.0,68526.0,256,1000000
10000,1.3,0.1,0.00030075927712937446,0.9210340371976184,0.0003265452360962455,0.8804452419164343,1.3,one_minus_alpha_power,305,True,22728.0,22728.0,256,1000000
10000,1.3,0.1,0.00030075927712937446,0.9210340371976184,0.0003265452360962455,0.8804452419164343,1.3,one_minus_alpha_power,306,True,9772.0,9772.0,256,1000000
10000,1.3,0.1,0.00030075927712937446,0.9210340371976184,0.0003265452360962455,0.8804452419164343,1.3,one_minus_alpha_power,307,True,7016.0,7016.0,256,1000000
10000,1.3,0.1,0.00030075927712937446,0.9210340371976184,0.0003265452360962455,0.8804452419164343,1.3,one_minus_alpha_power,308,True,6109.0,6109.0,256,1000000
10000,1.3,0.1,0.00030075927712937446,0.9210340371976184,0.0003265452360962455,0.8804452419164343,1.3,one_minus_alpha_power,309,True,26686.0,26686.0,256,1000000
10000,1.3,0.1,0.00030075927712937446,0.9210340371976184,0.0003265452360962455,0.8804452419164343,1.3,one_minus_alpha_power,310,True,3839.0,3839.0,256,1000000
10000,1.3,0.1,0.00030075927712937446,0.9210340371976184,0.0003265452360962455,0.8804452419164343,1.3,one_minus_alpha_power,311,True,79487.0,79487.0,256,1000000
10000,1.3,0.1,0.00030075927712937446,0.9210340371976184,0.0003265452360962455,0.8804452419164343,1.3,one_minus_alpha_power,312,True,37857.0,37857.0,256,1000000
10000,1.3,0.1,0.00030075927712937446,0.9210340371976184,0.0003265452360962455,0.8804452419164343,1.3,one_minus_alpha_power,313,True,32664.0,32664.0,256,1000000
10000,1.3,0.1,0.00030075927712937446,0.9210340371976184,0.0003265452360962455,0.8804452419164343,1.3,one_minus_alpha_power,314,True,19348.0,19348.0,256,1000000
10000,1.3,0.1,0.00030075927712937446,0.9210340371976184,0.0003265452360962455,0.8804452419164343,1.3,one_minus_alpha_power,315,True,68352.0,68352.0,256,1000000
10000,1.3,0.1,0.00030075927712937446,0.9210340371976184,0.0003265452360962455,0.8804452419164343,1.3,one_minus_alpha_power,316,True,24802.0,24802.0,256,1000000
10000,1.3,0.1,0.00030075927712937446,0.9210340371976184,0.0003265452360962455,0.8804452419164343,1.3,one_minus_alpha_power,317,True,44524.0,44524.0,256,1000000
10000,1.3,0.1,0.00030075927712937446,0.9210340371976184,0.0003265452360962455,0.8804452419164343,1.3,one_minus_alpha_power,318,True,7840.0,7840.0,256,1000000
10000,1.3,0.1,0.00030075927712937446,0.9210340371976184,0.0003265452360962455,0.8804452419164343,1.3,one_minus_alpha_power,319,True,27638.0,27638.0,256,1000000
10000,1.3,0.1,0.00030075927712937446,0.9210340371976184,0.0003265452360962455,0.8804452419164343,1.3,one_minus_alpha_power,320,True,6871.0,6871.0,256,1000000
10000,1.3,0.1,0.00030075927712937446,0.9210340371976184,0.0003265452360962455,0.8804452419164343,1.3,one_minus_alpha_power,321,True,6778.0,6778.0,256,1000000
10000,1.3,0.1,0.00030075927712937446,0.9210340371976184,0.0003265452360962455,0.8804452419164343,1.3,one_minus_alpha_power,322,True,55342.0,55342.0,256,1000000
10000,1.3,0.1,0.00030075927712937446,0.9210340371976184,0.0003265452360962455,0.8804452419164343,1.3,one_minus_alpha_power,323,True,3294.0,3294.0,256,1000000
10000,1.3,0.1,0.00030075927712937446,0.9210340371976184,0.0003265452360962455,0.8804452419164343,1.3,one_minus_alpha_power,324,True,41888.0,41888.0,256,1000000
10000,1.3,0.1,0.00030075927712937446,0.9210340371976184,0.0003265452360962455,0.8804452419164343,1.3,one_minus_alpha_power,325,True,2501.0,2501.0,256,1000000
10000,1.3,0.1,0.00030075927712937446,0.9210340371976184,0.0003265452360962455,0.8804452419164343,1.3,one_minus_alpha_power,326,True,7292.0,7292.0,256,1000000
10000,1.3,0.1,0.00030075927712937446,0.9210340371976184,0.0003265452360962455,0.8804452419164343,1.3,one_minus_alpha_power,327,True,12572.0,12572.0,256,1000000
10000,1.3,0.1,0.00030075927712937446,0.9210340371976184,0.0003265452360962455,0.8804452419164343,1.3,one_minus_alpha_power,328,True,13122.0,13122.0,256,1000000
10000,1.3,0.1,0.00030075927712937446,0.9210340371976184,0.0003265452360962455,0.8804452419164343,1.3,one_minus_alpha_power,329,True,65909.0,65909.0,256,1000000
10000,1.3,0.1,0.00030075927712937446,0.9210340371976184,0.0003265452360962455,0.8804452419164343,1.3,one_minus_alpha_power,330,True,13371.0,13371.0,256,1000000
10000,1.3,0.1,0.00030075927712937446,0.9210340371976184,0.0003265452360962455,0.8804452419164343,1.3,one_minus_alpha_power,331,True,86577.0,86577.0,256,1000000
10000,1.3,0.1,0.00030075927712937446,0.9210340371976184,0.0003265452360962455,0.8804452419164343,1.3,one_minus_alpha_power,332,True,16947.0,16947.0,256,1000000
10000,1.3,0.1,0.00030075927712937446,0.9210340371976184,0.0003265452360962455,0.8804452419164343,1.3,one_minus_alpha_power,333,True,14308.0,14308.0,256,1000000
10000,1.3,0.1,0.00030075927712937446,0.9210340371976184,0.0003265452360962455,0.8804452419164343,1.3,one_minus_alpha_power,334,True,16819.0,16819.0,256,1000000
10000,1.3,0.1,0.00030075927712937446,0.9210340371976184,0.0003265452360962455,0.8804452419164343,1.3,one_minus_alpha_power,335,True,34910.0,34910.0,256,1000000
10000,1.3,0.1,0.00030075927712937446,0.9210340371976184,0.0003265452360962455,0.8804452419164343,1.3,one_minus_alpha_power,336,True,16149.0,16149.0,256,1000000
10000,1.3,0.1,0.00030075927712937446,0.9210340371976184,0.0003265452360962455,0.8804452419164343,1.3,one_minus_alpha_power,337,True,24277.0,24277.0,256,1000000
10000,1.3,0.1,0.00030075927712937446,0.9210340371976184,0.0003265452360962455,0.8804452419164343,1.3,one_minus_alpha_power,338,True,95198.0,95198.0,256,1000000
10000,1.3,0.1,0.00030075927712937446,0.9210340371976184,0.0003265452360962455,0.8804452419164343,1.3,one_minus_alpha_power,339,True,16521.0,16521.0,256,1000000
10000,1.3,0.1,0.00030075927712937446,0.9210340371976184,0.0003265452360962455,0.8804452419164343,1.3,one_minus_alpha_power,340,True,33949.0,33949.0,256,1000000
10000,1.3,0.1,0.00030075927712937446,0.9210340371976184,0.0003265452360962455,0.8804452419164343,1.3,one_minus_alpha_power,341,True,35792.0,35792.0,256,1000000
10000,1.3,0.1,0.00030075927712937446,0.9210340371976184,0.0003265452360962455,0.8804452419164343,1.3,one_minus_alpha_power,342,True,44621.0,44621.0,256,1000000
10000,1.3,0.1,0.00030075927712937446,0.9210340371976184,0.0003265452360962455,0.8804452419164343,1.3,one_minus_alpha_power,343,True,118722.0,118722.0,256,1000000
10000,1.3,0.1,0.00030075927712937446,0.9210340371976184,0.0003265452360962455,0.8804452419164343,1.3,one_minus_alpha_power,344,True,29672.0,29672.0,256,1000000
10000,1.3,0.1,0.00030075927712937446,0.9210340371976184,0.0003265452360962455,0.8804452419164343,1.3,one_minus_alpha_power,345,True,41192.0,41192.0,256,1000000
10000,1.3,0.1,0.00030075927712937446,0.9210340371976184,0.0003265452360962455,0.8804452419164343,1.3,one_minus_alpha_power,346,True,3366.0,3366.0,256,1000000
10000,1.3,0.1,0.00030075927712937446,0.9210340371976184,0.0003265452360962455,0.8804452419164343,1.3,one_minus_alpha_power,347,True,17172.0,17172.0,256,1000000
10000,1.3,0.1,0.00030075927712937446,0.9210340371976184,0.0003265452360962455,0.8804452419164343,1.3,one_minus_alpha_power,348,True,32444.0,32444.0,256,1000000
10000,1.3,0.1,0.00030075927712937446,0.9210340371976184,0.0003265452360962455,0.8804452419164343,1.3,one_minus_alpha_power,349,True,12493.0,12493.0,256,1000000
10000,1.3,0.1,0.00030075927712937446,0.9210340371976184,0.0003265452360962455,0.8804452419164343,1.3,one_minus_alpha_power,350,True,19628.0,19628.0,256,1000000
10000,1.3,0.1,0.00030075927712937446,0.9210340371976184,0.0003265452360962455,0.8804452419164343,1.3,one_minus_alpha_power,351,True,10529.0,10529.0,256,1000000
10000,1.3,0.1,0.00030075927712937446,0.9210340371976184,0.0003265452360962455,0.8804452419164343,1.3,one_minus_alpha_power,352,True,14254.0,14254.0,256,1000000
10000,1.3,0.1,0.00030075927712937446,0.9210340371976184,0.0003265452360962455,0.8804452419164343,1.3,one_minus_alpha_power,353,True,21712.0,21712.0,256,1000000
10000,1.3,0.1,0.00030075927712937446,0.9210340371976184,0.0003265452360962455,0.8804452419164343,1.3,one_minus_alpha_power,354,True,16513.0,16513.0,256,1000000
10000,1.3,0.1,0.00030075927712937446,0.9210340371976184,0.0003265452360962455,0.8804452419164343,1.3,one_minus_alpha_power,355,True,10056.0,10056.0,256,1000000
10000,1.3,0.1,0.00030075927712937446,0.9210340371976184,0.0003265452360962455,0.8804452419164343,1.3,one_minus_alpha_power,356,True,53786.0,53786.0,256,1000000
10000,1.3,0.1,0.00030075927712937446,0.9210340371976184,0.0003265452360962455,0.8804452419164343,1.3,one_minus_alpha_power,357,True,15982.0,15982.0,256,1000000
10000,1.3,0.1,0.00030075927712937446,0.9210340371976184,0.0003265452360962455,0.8804452419164343,1.3,one_minus_alpha_power,358,True,26405.0,26405.0,256,1000000
10000,1.3,0.1,0.00030075927712937446,0.9210340371976184,0.0003265452360962455,0.8804452419164343,1.3,one_minus_alpha_power,359,True,32396.0,32396.0,256,1000000
10000,1.3,0.1,0.00030075927712937446,0.9210340371976184,0.0003265452360962455,0.8804452419164343,1.3,one_minus_alpha_power,360,True,98250.0,98250.0,256,1000000
10000,1.3,0.1,0.00030075927712937446,0.9210340371976184,0.0003265452360962455,0.8804452419164343,1.3,one_minus_alpha_power,361,True,15925.0,15925.0,256,1000000
10000,1.3,0.1,0.00030075927712937446,0.9210340371976184,0.0003265452360962455,0.8804452419164343,1.3,one_minus_alpha_power,362,True,14987.0,14987.0,256,1000000
10000,1.3,0.1,0.00030075927712937446,0.9210340371976184,0.0003265452360962455,0.8804452419164343,1.3,one_minus_alpha_power,363,True,4797.0,4797.0,256,1000000
10000,1.3,0.1,0.00030075927712937446,0.9210340371976184,0.0003265452360962455,0.8804452419164343,1.3,one_minus_alpha_power,364,True,5429.0,5429.0,256,1000000
10000,1.3,0.1,0.00030075927712937446,0.9210340371976184,0.0003265452360962455,0.8804452419164343,1.3,one_minus_alpha_power,365,True,10821.0,10821.0,256,1000000
10000,1.3,0.1,0.00030075927712937446,0.9210340371976184,0.0003265452360962455,0.8804452419164343,1.3,one_minus_alpha_power,366,True,40400.0,40400.0,256,1000000
10000,1.3,0.1,0.00030075927712937446,0.9210340371976184,0.0003265452360962455,0.8804452419164343,1.3,one_minus_alpha_power,367,True,30959.0,30959.0,256,1000000
10000,1.3,0.1,0.00030075927712937446,0.9210340371976184,0.0003265452360962455,0.8804452419164343,1.3,one_minus_alpha_power,368,True,3932.0,3932.0,256,1000000
10000,1.3,0.1,0.00030075927712937446,0.9210340371976184,0.0003265452360962455,0.8804452419164343,1.3,one_minus_alpha_power,369,True,5034.0,5034.0,256,1000000
10000,1.3,0.1,0.00030075927712937446,0.9210340371976184,0.0003265452360962455,0.8804452419164343,1.3,one_minus_alpha_power,370,True,3182.0,3182.0,256,1000000
10000,1.3,0.1,0.00030075927712937446,0.9210340371976184,0.0003265452360962455,0.8804452419164343,1.3,one_minus_alpha_power,371,True,40333.0,40333.0,256,1000000
10000,1.3,0.1,0.00030075927712937446,0.9210340371976184,0.0003265452360962455,0.8804452419164343,1.3,one_minus_alpha_power,372,True,72957.0,72957.0,256,1000000
10000,1.3,0.1,0.00030075927712937446,0.9210340371976184,0.0003265452360962455,0.8804452419164343,1.3,one_minus_alpha_power,373,True,33445.0,33445.0,256,1000000
10000,1.3,0.1,0.00030075927712937446,0.9210340371976184,0.0003265452360962455,0.8804452419164343,1.3,one_minus_alpha_power,374,True,60484.0,60484.0,256,1000000
10000,1.3,0.1,0.00030075927712937446,0.9210340371976184,0.0003265452360962455,0.8804452419164343,1.3,one_minus_alpha_power,375,True,29015.0,29015.0,256,1000000
10000,1.3,0.1,0.00030075927712937446,0.9210340371976184,0.0003265452360962455,0.8804452419164343,1.3,one_minus_alpha_power,376,True,53095.0,53095.0,256,1000000
10000,1.3,0.1,0.00030075927712937446,0.9210340371976184,0.0003265452360962455,0.8804452419164343,1.3,one_minus_alpha_power,377,True,119740.0,119740.0,256,1000000
10000,1.3,0.1,0.00030075927712937446,0.9210340371976184,0.0003265452360962455,0.8804452419164343,1.3,one_minus_alpha_power,378,True,14209.0,14209.0,256,1000000
10000,1.3,0.1,0.00030075927712937446,0.9210340371976184,0.0003265452360962455,0.8804452419164343,1.3,one_minus_alpha_power,379,True,10515.0,10515.0,256,1000000
10000,1.3,0.1,0.00030075927712937446,0.9210340371976184,0.0003265452360962455,0.8804452419164343,1.3,one_minus_alpha_power,380,True,5517.0,5517.0,256,1000000
10000,1.3,0.1,0.00030075927712937446,0.9210340371976184,0.0003265452360962455,0.8804452419164343,1.3,one_minus_alpha_power,381,True,26436.0,26436.0,256,1000000
10000,1.3,0.1,0.00030075927712937446,0.9210340371976184,0.0003265452360962455,0.8804452419164343,1.3,one_minus_alpha_power,382,True,52706.0,52706.0,256,1000000
10000,1.3,0.1,0.00030075927712937446,0.9210340371976184,0.0003265452360962455,0.8804452419164343,1.3,one_minus_alpha_power,383,True,19931.0,19931.0,256,1000000
10000,1.3,0.1,0.00030075927712937446,0.9210340371976184,0.0003265452360962455,0.8804452419164343,1.3,one_minus_alpha_power,384,True,4170.0,4170.0,256,1000000
10000,1.3,0.1,0.00030075927712937446,0.9210340371976184,0.0003265452360962455,0.8804452419164343,1.3,one_minus_alpha_power,385,True,19253.0,19253.0,256,1000000
10000,1.3,0.1,0.00030075927712937446,0.9210340371976184,0.0003265452360962455,0.8804452419164343,1.3,one_minus_alpha_power,386,True,9307.0,9307.0,256,1000000
10000,1.3,0.1,0.00030075927712937446,0.9210340371976184,0.0003265452360962455,0.8804452419164343,1.3,one_minus_alpha_power,387,True,154893.0,154893.0,256,1000000
10000,1.3,0.1,0.00030075927712937446,0.9210340371976184,0.0003265452360962455,0.8804452419164343,1.3,one_minus_alpha_power,388,True,31577.0,31577.0,256,1000000
10000,1.3,0.1,0.00030075927712937446,0.9210340371976184,0.0003265452360962455,0.8804452419164343,1.3,one_minus_alpha_power,389,True,12621.0,12621.0,256,1000000
10000,1.3,0.1,0.00030075927712937446,0.9210340371976184,0.0003265452360962455,0.8804452419164343,1.3,one_minus_alpha_power,390,True,67870.0,67870.0,256,1000000
10000,1.3,0.1,0.00030075927712937446,0.9210340371976184,0.0003265452360962455,0.8804452419164343,1.3,one_minus_alpha_power,391,True,25590.0,25590.0,256,1000000
10000,1.3,0.1,0.00030075927712937446,0.9210340371976184,0.0003265452360962455,0.8804452419164343,1.3,one_minus_alpha_power,392,True,25953.0,25953.0,256,1000000
10000,1.3,0.1,0.00030075927712937446,0.9210340371976184,0.0003265452360962455,0.8804452419164343,1.3,one_minus_alpha_power,393,True,22016.0,22016.0,256,1000000
10000,1.3,0.1,0.00030075927712937446,0.9210340371976184,0.0003265452360962455,0.8804452419164343,1.3,one_minus_alpha_power,394,True,77615.0,77615.0,256,1000000
10000,1.3,0.1,0.00030075927712937446,0.9210340371976184,0.0003265452360962455,0.8804452419164343,1.3,one_minus_alpha_power,395,True,22744.0,22744.0,256,1000000
10000,1.3,0.1,0.00030075927712937446,0.9210340371976184,0.0003265452360962455,0.8804452419164343,1.3,one_minus_alpha_power,396,True,10595.0,10595.0,256,1000000
10000,1.3,0.1,0.00030075927712937446,0.9210340371976184,0.0003265452360962455,0.8804452419164343,1.3,one_minus_alpha_power,397,True,25134.0,25134.0,256,1000000
10000,1.3,0.1,0.00030075927712937446,0.9210340371976184,0.0003265452360962455,0.8804452419164343,1.3,one_minus_alpha_power,398,True,11777.0,11777.0,256,1000000
10000,1.3,0.1,0.00030075927712937446,0.9210340371976184,0.0003265452360962455,0.8804452419164343,1.3,one_minus_alpha_power,399,True,15888.0,15888.0,256,1000000
10000,1.3,0.1,0.00030075927712937446,0.9210340371976184,0.0003265452360962455,0.8804452419164343,1.3,one_minus_alpha_power,400,True,11090.0,11090.0,256,1000000
10000,1.3,0.1,0.00030075927712937446,0.9210340371976184,0.0003265452360962455,0.8804452419164343,1.3,one_minus_alpha_power,401,True,19206.0,19206.0,256,1000000
10000,1.3,0.1,0.00030075927712937446,0.9210340371976184,0.0003265452360962455,0.8804452419164343,1.3,one_minus_alpha_power,402,True,32461.0,32461.0,256,1000000
10000,1.3,0.1,0.00030075927712937446,0.9210340371976184,0.0003265452360962455,0.8804452419164343,1.3,one_minus_alpha_power,403,True,7940.0,7940.0,256,1000000
10000,1.3,0.1,0.00030075927712937446,0.9210340371976184,0.0003265452360962455,0.8804452419164343,1.3,one_minus_alpha_power,404,True,13604.0,13604.0,256,1000000
10000,1.3,0.1,0.00030075927712937446,0.9210340371976184,0.0003265452360962455,0.8804452419164343,1.3,one_minus_alpha_power,405,True,33902.0,33902.0,256,1000000
10000,1.3,0.1,0.00030075927712937446,0.9210340371976184,0.0003265452360962455,0.8804452419164343,1.3,one_minus_alpha_power,406,True,37749.0,37749.0,256,1000000
10000,1.3,0.1,0.00030075927712937446,0.9210340371976184,0.0003265452360962455,0.8804452419164343,1.3,one_minus_alpha_power,407,True,16074.0,16074.0,256,1000000
10000,1.3,0.1,0.00030075927712937446,0.9210340371976184,0.0003265452360962455,0.8804452419164343,1.3,one_minus_alpha_power,408,True,63556.0,63556.0,256,1000000
10000,1.3,0.1,0.00030075927712937446,0.9210340371976184,0.0003265452360962455,0.8804452419164343,1.3,one_minus_alpha_power,409,True,3170.0,3170.0,256,1000000
10000,1.3,0.1,0.00030075927712937446,0.9210340371976184,0.0003265452360962455,0.8804452419164343,1.3,one_minus_alpha_power,410,True,6901.0,6901.0,256,1000000
10000,1.3,0.1,0.00030075927712937446,0.9210340371976184,0.0003265452360962455,0.8804452419164343,1.3,one_minus_alpha_power,411,True,30976.0,30976.0,256,1000000
10000,1.3,0.1,0.00030075927712937446,0.9210340371976184,0.0003265452360962455,0.8804452419164343,1.3,one_minus_alpha_power,412,True,85648.0,85648.0,256,1000000
10000,1.3,0.1,0.00030075927712937446,0.9210340371976184,0.0003265452360962455,0.8804452419164343,1.3,one_minus_alpha_power,413,True,19890.0,19890.0,256,1000000
10000,1.3,0.1,0.00030075927712937446,0.9210340371976184,0.0003265452360962455,0.8804452419164343,1.3,one_minus_alpha_power,414,True,41897.0,41897.0,256,1000000
10000,1.3,0.1,0.00030075927712937446,0.9210340371976184,0.0003265452360962455,0.8804452419164343,1.3,one_minus_alpha_power,415,True,2830.0,2830.0,256,1000000
10000,1.3,0.1,0.00030075927712937446,0.9210340371976184,0.0003265452360962455,0.8804452419164343,1.3,one_minus_alpha_power,416,True,6907.0,6907.0,256,1000000
10000,1.3,0.1,0.00030075927712937446,0.9210340371976184,0.0003265452360962455,0.8804452419164343,1.3,one_minus_alpha_power,417,True,25484.0,25484.0,256,1000000
10000,1.3,0.1,0.00030075927712937446,0.9210340371976184,0.0003265452360962455,0.8804452419164343,1.3,one_minus_alpha_power,418,True,5677.0,5677.0,256,1000000
10000,1.3,0.1,0.00030075927712937446,0.9210340371976184,0.0003265452360962455,0.8804452419164343,1.3,one_minus_alpha_power,419,True,9712.0,9712.0,256,1000000
10000,1.3,0.1,0.00030075927712937446,0.9210340371976184,0.0003265452360962455,0.8804452419164343,1.3,one_minus_alpha_power,420,True,8011.0,8011.0,256,1000000
10000,1.3,0.1,0.00030075927712937446,0.9210340371976184,0.0003265452360962455,0.8804452419164343,1.3,one_minus_alpha_power,421,True,44711.0,44711.0,256,1000000
10000,1.3,0.1,0.00030075927712937446,0.9210340371976184,0.0003265452360962455,0.8804452419164343,1.3,one_minus_alpha_power,422,True,7587.0,7587.0,256,1000000
10000,1.3,0.1,0.00030075927712937446,0.9210340371976184,0.0003265452360962455,0.8804452419164343,1.3,one_minus_alpha_power,423,True,18009.0,18009.0,256,1000000
10000,1.3,0.1,0.00030075927712937446,0.9210340371976184,0.0003265452360962455,0.8804452419164343,1.3,one_minus_alpha_power,424,True,24865.0,24865.0,256,1000000
10000,1.3,0.1,0.00030075927712937446,0.9210340371976184,0.0003265452360962455,0.8804452419164343,1.3,one_minus_alpha_power,425,True,9024.0,9024.0,256,1000000
10000,1.3,0.1,0.00030075927712937446,0.9210340371976184,0.0003265452360962455,0.8804452419164343,1.3,one_minus_alpha_power,426,True,13042.0,13042.0,256,1000000
10000,1.3,0.1,0.00030075927712937446,0.9210340371976184,0.0003265452360962455,0.8804452419164343,1.3,one_minus_alpha_power,427,True,53339.0,53339.0,256,1000000
10000,1.3,0.1,0.00030075927712937446,0.9210340371976184,0.0003265452360962455,0.8804452419164343,1.3,one_minus_alpha_power,428,True,4976.0,4976.0,256,1000000
10000,1.3,0.1,0.00030075927712937446,0.9210340371976184,0.0003265452360962455,0.8804452419164343,1.3,one_minus_alpha_power,429,True,52575.0,52575.0,256,1000000
10000,1.3,0.1,0.00030075927712937446,0.9210340371976184,0.0003265452360962455,0.8804452419164343,1.3,one_minus_alpha_power,430,True,26345.0,26345.0,256,1000000
10000,1.3,0.1,0.00030075927712937446,0.9210340371976184,0.0003265452360962455,0.8804452419164343,1.3,one_minus_alpha_power,431,True,23276.0,23276.0,256,1000000
10000,1.3,0.1,0.00030075927712937446,0.9210340371976184,0.0003265452360962455,0.8804452419164343,1.3,one_minus_alpha_power,432,True,52049.0,52049.0,256,1000000
10000,1.3,0.1,0.00030075927712937446,0.9210340371976184,0.0003265452360962455,0.8804452419164343,1.3,one_minus_alpha_power,433,True,3714.0,3714.0,256,1000000
10000,1.3,0.1,0.00030075927712937446,0.9210340371976184,0.0003265452360962455,0.8804452419164343,1.3,one_minus_alpha_power,434,True,35982.0,35982.0,256,1000000
10000,1.3,0.1,0.00030075927712937446,0.9210340371976184,0.0003265452360962455,0.8804452419164343,1.3,one_minus_alpha_power,435,True,6209.0,6209.0,256,1000000
10000,1.3,0.1,0.00030075927712937446,0.9210340371976184,0.0003265452360962455,0.8804452419164343,1.3,one_minus_alpha_power,436,True,41046.0,41046.0,256,1000000
10000,1.3,0.1,0.00030075927712937446,0.9210340371976184,0.0003265452360962455,0.8804452419164343,1.3,one_minus_alpha_power,437,True,38466.0,38466.0,256,1000000
10000,1.3,0.1,0.00030075927712937446,0.9210340371976184,0.0003265452360962455,0.8804452419164343,1.3,one_minus_alpha_power,438,True,47338.0,47338.0,256,1000000
10000,1.3,0.1,0.00030075927712937446,0.9210340371976184,0.0003265452360962455,0.8804452419164343,1.3,one_minus_alpha_power,439,True,5489.0,5489.0,256,1000000
10000,1.3,0.1,0.00030075927712937446,0.9210340371976184,0.0003265452360962455,0.8804452419164343,1.3,one_minus_alpha_power,440,True,125982.0,125982.0,256,1000000
10000,1.3,0.1,0.00030075927712937446,0.9210340371976184,0.0003265452360962455,0.8804452419164343,1.3,one_minus_alpha_power,441,True,17125.0,17125.0,256,1000000
10000,1.3,0.1,0.00030075927712937446,0.9210340371976184,0.0003265452360962455,0.8804452419164343,1.3,one_minus_alpha_power,442,True,20578.0,20578.0,256,1000000
10000,1.3,0.1,0.00030075927712937446,0.9210340371976184,0.0003265452360962455,0.8804452419164343,1.3,one_minus_alpha_power,443,True,4380.0,4380.0,256,1000000
10000,1.3,0.1,0.00030075927712937446,0.9210340371976184,0.0003265452360962455,0.8804452419164343,1.3,one_minus_alpha_power,444,True,4161.0,4161.0,256,1000000
10000,1.3,0.1,0.00030075927712937446,0.9210340371976184,0.0003265452360962455,0.8804452419164343,1.3,one_minus_alpha_power,445,True,17710.0,17710.0,256,1000000
10000,1.3,0.1,0.00030075927712937446,0.9210340371976184,0.0003265452360962455,0.8804452419164343,1.3,one_minus_alpha_power,446,True,3450.0,3450.0,256,1000000
10000,1.3,0.1,0.00030075927712937446,0.9210340371976184,0.0003265452360962455,0.8804452419164343,1.3,one_minus_alpha_power,447,True,3486.0,3486.0,256,1000000
10000,1.3,0.1,0.00030075927712937446,0.9210340371976184,0.0003265452360962455,0.8804452419164343,1.3,one_minus_alpha_power,448,True,46009.0,46009.0,256,1000000
10000,1.3,0.1,0.00030075927712937446,0.9210340371976184,0.0003265452360962455,0.8804452419164343,1.3,one_minus_alpha_power,449,True,17401.0,17401.0,256,1000000
10000,1.3,0.1,0.00030075927712937446,0.9210340371976184,0.0003265452360962455,0.8804452419164343,1.3,one_minus_alpha_power,450,True,22620.0,22620.0,256,1000000
10000,1.3,0.1,0.00030075927712937446,0.9210340371976184,0.0003265452360962455,0.8804452419164343,1.3,one_minus_alpha_power,451,True,10361.0,10361.0,256,1000000
10000,1.3,0.1,0.00030075927712937446,0.9210340371976184,0.0003265452360962455,0.8804452419164343,1.3,one_minus_alpha_power,452,True,22121.0,22121.0,256,1000000
10000,1.3,0.1,0.00030075927712937446,0.9210340371976184,0.0003265452360962455,0.8804452419164343,1.3,one_minus_alpha_power,453,True,13978.0,13978.0,256,1000000
10000,1.3,0.1,0.00030075927712937446,0.9210340371976184,0.0003265452360962455,0.8804452419164343,1.3,one_minus_alpha_power,454,True,14922.0,14922.0,256,1000000
10000,1.3,0.1,0.00030075927712937446,0.9210340371976184,0.0003265452360962455,0.8804452419164343,1.3,one_minus_alpha_power,455,True,28812.0,28812.0,256,1000000
10000,1.3,0.1,0.00030075927712937446,0.9210340371976184,0.0003265452360962455,0.8804452419164343,1.3,one_minus_alpha_power,456,True,7242.0,7242.0,256,1000000
10000,1.3,0.1,0.00030075927712937446,0.9210340371976184,0.0003265452360962455,0.8804452419164343,1.3,one_minus_alpha_power,457,True,16184.0,16184.0,256,1000000
10000,1.3,0.1,0.00030075927712937446,0.9210340371976184,0.0003265452360962455,0.8804452419164343,1.3,one_minus_alpha_power,458,True,16385.0,16385.0,256,1000000
10000,1.3,0.1,0.00030075927712937446,0.9210340371976184,0.0003265452360962455,0.8804452419164343,1.3,one_minus_alpha_power,459,True,9492.0,9492.0,256,1000000
10000,1.3,0.1,0.00030075927712937446,0.9210340371976184,0.0003265452360962455,0.8804452419164343,1.3,one_minus_alpha_power,460,True,3804.0,3804.0,256,1000000
10000,1.3,0.1,0.00030075927712937446,0.9210340371976184,0.0003265452360962455,0.8804452419164343,1.3,one_minus_alpha_power,461,True,17971.0,17971.0,256,1000000
10000,1.3,0.1,0.00030075927712937446,0.9210340371976184,0.0003265452360962455,0.8804452419164343,1.3,one_minus_alpha_power,462,True,65044.0,65044.0,256,1000000
10000,1.3,0.1,0.00030075927712937446,0.9210340371976184,0.0003265452360962455,0.8804452419164343,1.3,one_minus_alpha_power,463,True,5271.0,5271.0,256,1000000
10000,1.3,0.1,0.00030075927712937446,0.9210340371976184,0.0003265452360962455,0.8804452419164343,1.3,one_minus_alpha_power,464,True,18330.0,18330.0,256,1000000
10000,1.3,0.1,0.00030075927712937446,0.9210340371976184,0.0003265452360962455,0.8804452419164343,1.3,one_minus_alpha_power,465,True,38361.0,38361.0,256,1000000
10000,1.3,0.1,0.00030075927712937446,0.9210340371976184,0.0003265452360962455,0.8804452419164343,1.3,one_minus_alpha_power,466,True,6115.0,6115.0,256,1000000
10000,1.3,0.1,0.00030075927712937446,0.9210340371976184,0.0003265452360962455,0.8804452419164343,1.3,one_minus_alpha_power,467,True,15241.0,15241.0,256,1000000
10000,1.3,0.1,0.00030075927712937446,0.9210340371976184,0.0003265452360962455,0.8804452419164343,1.3,one_minus_alpha_power,468,True,48516.0,48516.0,256,1000000
10000,1.3,0.1,0.00030075927712937446,0.9210340371976184,0.0003265452360962455,0.8804452419164343,1.3,one_minus_alpha_power,469,True,105267.0,105267.0,256,1000000
10000,1.3,0.1,0.00030075927712937446,0.9210340371976184,0.0003265452360962455,0.8804452419164343,1.3,one_minus_alpha_power,470,True,11616.0,11616.0,256,1000000
10000,1.3,0.1,0.00030075927712937446,0.9210340371976184,0.0003265452360962455,0.8804452419164343,1.3,one_minus_alpha_power,471,True,32832.0,32832.0,256,1000000
10000,1.3,0.1,0.00030075927712937446,0.9210340371976184,0.0003265452360962455,0.8804452419164343,1.3,one_minus_alpha_power,472,True,6925.0,6925.0,256,1000000
10000,1.3,0.1,0.00030075927712937446,0.9210340371976184,0.0003265452360962455,0.8804452419164343,1.3,one_minus_alpha_power,473,True,3809.0,3809.0,256,1000000
10000,1.3,0.1,0.00030075927712937446,0.9210340371976184,0.0003265452360962455,0.8804452419164343,1.3,one_minus_alpha_power,474,True,8824.0,8824.0,256,1000000
10000,1.3,0.1,0.00030075927712937446,0.9210340371976184,0.0003265452360962455,0.8804452419164343,1.3,one_minus_alpha_power,475,True,56526.0,56526.0,256,1000000
10000,1.3,0.1,0.00030075927712937446,0.9210340371976184,0.0003265452360962455,0.8804452419164343,1.3,one_minus_alpha_power,476,True,38966.0,38966.0,256,1000000
10000,1.3,0.1,0.00030075927712937446,0.9210340371976184,0.0003265452360962455,0.8804452419164343,1.3,one_minus_alpha_power,477,True,3878.0,3878.0,256,1000000
10000,1.3,0.1,0.00030075927712937446,0.9210340371976184,0.0003265452360962455,0.8804452419164343,1.3,one_minus_alpha_power,478,True,27378.0,27378.0,256,1000000
10000,1.3,0.1,0.00030075927712937446,0.9210340371976184,0.0003265452360962455,0.8804452419164343,1.3,one_minus_alpha_power,479,True,39713.0,39713.0,256,1000000
10000,1.3,0.1,0.00030075927712937446,0.9210340371976184,0.0003265452360962455,0.8804452419164343,1.3,one_minus_alpha_power,480,True,25007.0,25007.0,256,1000000
10000,1.3,0.1,0.00030075927712937446,0.9210340371976184,0.0003265452360962455,0.8804452419164343,1.3,one_minus_alpha_power,481,True,9042.0,9042.0,256,1000000
10000,1.3,0.1,0.00030075927712937446,0.9210340371976184,0.0003265452360962455,0.8804452419164343,1.3,one_minus_alpha_power,482,True,18069.0,18069.0,256,1000000
10000,1.3,0.1,0.00030075927712937446,0.9210340371976184,0.0003265452360962455,0.8804452419164343,1.3,one_minus_alpha_power,483,True,25074.0,25074.0,256,1000000
10000,1.3,0.1,0.00030075927712937446,0.9210340371976184,0.0003265452360962455,0.8804452419164343,1.3,one_minus_alpha_power,484,True,74917.0,74917.0,256,1000000
10000,1.3,0.1,0.00030075927712937446,0.9210340371976184,0.0003265452360962455,0.8804452419164343,1.3,one_minus_alpha_power,485,True,24991.0,24991.0,256,1000000
10000,1.3,0.1,0.00030075927712937446,0.9210340371976184,0.0003265452360962455,0.8804452419164343,1.3,one_minus_alpha_power,486,True,65585.0,65585.0,256,1000000
10000,1.3,0.1,0.00030075927712937446,0.9210340371976184,0.0003265452360962455,0.8804452419164343,1.3,one_minus_alpha_power,487,True,32967.0,32967.0,256,1000000
10000,1.3,0.1,0.00030075927712937446,0.9210340371976184,0.0003265452360962455,0.8804452419164343,1.3,one_minus_alpha_power,488,True,6935.0,6935.0,256,1000000
10000,1.3,0.1,0.00030075927712937446,0.9210340371976184,0.0003265452360962455,0.8804452419164343,1.3,one_minus_alpha_power,489,True,43066.0,43066.0,256,1000000
10000,1.3,0.1,0.00030075927712937446,0.9210340371976184,0.0003265452360962455,0.8804452419164343,1.3,one_minus_alpha_power,490,True,26345.0,26345.0,256,1000000
10000,1.3,0.1,0.00030075927712937446,0.9210340371976184,0.0003265452360962455,0.8804452419164343,1.3,one_minus_alpha_power,491,True,5627.0,5627.0,256,1000000
10000,1.3,0.1,0.00030075927712937446,0.9210340371976184,0.0003265452360962455,0.8804452419164343,1.3,one_minus_alpha_power,492,True,1964.0,1964.0,256,1000000
10000,1.3,0.1,0.00030075927712937446,0.9210340371976184,0.0003265452360962455,0.8804452419164343,1.3,one_minus_alpha_power,493,True,23855.0,23855.0,256,1000000
10000,1.3,0.1,0.00030075927712937446,0.9210340371976184,0.0003265452360962455,0.8804452419164343,1.3,one_minus_alpha_power,494,True,7610.0,7610.0,256,1000000
10000,1.3,0.1,0.00030075927712937446,0.9210340371976184,0.0003265452360962455,0.8804452419164343,1.3,one_minus_alpha_power,495,True,2995.0,2995.0,256,1000000
10000,1.3,0.1,0.00030075927712937446,0.9210340371976184,0.0003265452360962455,0.8804452419164343,1.3,one_minus_alpha_power,496,True,30090.0,30090.0,256,1000000
10000,1.3,0.1,0.00030075927712937446,0.9210340371976184,0.0003265452360962455,0.8804452419164343,1.3,one_minus_alpha_power,497,True,58187.0,58187.0,256,1000000
10000,1.3,0.1,0.00030075927712937446,0.9210340371976184,0.0003265452360962455,0.8804452419164343,1.3,one_minus_alpha_power,498,True,25850.0,25850.0,256,1000000
10000,1.3,0.1,0.00030075927712937446,0.9210340371976184,0.0003265452360962455,0.8804452419164343,1.3,one_minus_alpha_power,499,True,20798.0,20798.0,256,1000000
10000,1.3,0.1,0.00030075927712937446,0.9210340371976184,0.0003265452360962455,0.8804452419164343,1.3,one_minus_alpha_power,500,True,14205.0,14205.0,256,1000000
10000,1.3,0.1,0.00030075927712937446,0.9210340371976184,0.0003265452360962455,0.8804452419164343,1.3,one_minus_alpha_power,501,True,28376.0,28376.0,256,1000000
10000,1.3,0.1,0.00030075927712937446,0.9210340371976184,0.0003265452360962455,0.8804452419164343,1.3,one_minus_alpha_power,502,True,147317.0,147317.0,256,1000000
10000,1.3,0.1,0.00030075927712937446,0.9210340371976184,0.0003265452360962455,0.8804452419164343,1.3,one_minus_alpha_power,503,True,2470.0,2470.0,256,1000000
10000,1.3,0.1,0.00030075927712937446,0.9210340371976184,0.0003265452360962455,0.8804452419164343,1.3,one_minus_alpha_power,504,True,6587.0,6587.0,256,1000000
10000,1.3,0.1,0.00030075927712937446,0.9210340371976184,0.0003265452360962455,0.8804452419164343,1.3,one_minus_alpha_power,505,True,19874.0,19874.0,256,1000000
10000,1.3,0.1,0.00030075927712937446,0.9210340371976184,0.0003265452360962455,0.8804452419164343,1.3,one_minus_alpha_power,506,True,28749.0,28749.0,256,1000000
10000,1.3,0.1,0.00030075927712937446,0.9210340371976184,0.0003265452360962455,0.8804452419164343,1.3,one_minus_alpha_power,507,True,28624.0,28624.0,256,1000000
10000,1.3,0.1,0.00030075927712937446,0.9210340371976184,0.0003265452360962455,0.8804452419164343,1.3,one_minus_alpha_power,508,True,89304.0,89304.0,256,1000000
10000,1.3,0.1,0.00030075927712937446,0.9210340371976184,0.0003265452360962455,0.8804452419164343,1.3,one_minus_alpha_power,509,True,14601.0,14601.0,256,1000000
10000,1.3,0.1,0.00030075927712937446,0.9210340371976184,0.0003265452360962455,0.8804452419164343,1.3,one_minus_alpha_power,510,True,12055.0,12055.0,256,1000000
10000,1.3,0.1,0.00030075927712937446,0.9210340371976184,0.0003265452360962455,0.8804452419164343,1.3,one_minus_alpha_power,511,True,8860.0,8860.0,256,1000000
10000,1.3,0.1,0.00030075927712937446,0.9210340371976184,0.0003265452360962455,0.8804452419164343,1.3,one_minus_alpha_power,512,True,7948.0,7948.0,256,1000000
10000,1.3,0.1,0.00030075927712937446,0.9210340371976184,0.0003265452360962455,0.8804452419164343,1.3,one_minus_alpha_power,513,True,6741.0,6741.0,256,1000000
10000,1.3,0.1,0.00030075927712937446,0.9210340371976184,0.0003265452360962455,0.8804452419164343,1.3,one_minus_alpha_power,514,True,75651.0,75651.0,256,1000000
10000,1.3,0.1,0.00030075927712937446,0.9210340371976184,0.0003265452360962455,0.8804452419164343,1.3,one_minus_alpha_power,515,True,32221.0,32221.0,256,1000000
10000,1.3,0.1,0.00030075927712937446,0.9210340371976184,0.0003265452360962455,0.8804452419164343,1.3,one_minus_alpha_power,516,True,14425.0,14425.0,256,1000000
10000,1.3,0.1,0.00030075927712937446,0.9210340371976184,0.0003265452360962455,0.8804452419164343,1.3,one_minus_alpha_power,517,True,8762.0,8762.0,256,1000000
10000,1.3,0.1,0.00030075927712937446,0.9210340371976184,0.0003265452360962455,0.8804452419164343,1.3,one_minus_alpha_power,518,True,14114.0,14114.0,256,1000000
10000,1.3,0.1,0.00030075927712937446,0.9210340371976184,0.0003265452360962455,0.8804452419164343,1.3,one_minus_alpha_power,519,True,23313.0,23313.0,256,1000000
10000,1.3,0.1,0.00030075927712937446,0.9210340371976184,0.0003265452360962455,0.8804452419164343,1.3,one_minus_alpha_power,520,True,13460.0,13460.0,256,1000000
10000,1.3,0.1,0.00030075927712937446,0.9210340371976184,0.0003265452360962455,0.8804452419164343,1.3,one_minus_alpha_power,521,True,26044.0,26044.0,256,1000000
10000,1.3,0.1,0.00030075927712937446,0.9210340371976184,0.0003265452360962455,0.8804452419164343,1.3,one_minus_alpha_power,522,True,29228.0,29228.0,256,1000000
10000,1.3,0.1,0.00030075927712937446,0.9210340371976184,0.0003265452360962455,0.8804452419164343,1.3,one_minus_alpha_power,523,True,3698.0,3698.0,256,1000000
10000,1.3,0.1,0.00030075927712937446,0.9210340371976184,0.0003265452360962455,0.8804452419164343,1.3,one_minus_alpha_power,524,True,29545.0,29545.0,256,1000000
10000,1.3,0.1,0.00030075927712937446,0.9210340371976184,0.0003265452360962455,0.8804452419164343,1.3,one_minus_alpha_power,525,True,42219.0,42219.0,256,1000000
10000,1.3,0.1,0.00030075927712937446,0.9210340371976184,0.0003265452360962455,0.8804452419164343,1.3,one_minus_alpha_power,526,True,6905.0,6905.0,256,1000000
10000,1.3,0.1,0.00030075927712937446,0.9210340371976184,0.0003265452360962455,0.8804452419164343,1.3,one_minus_alpha_power,527,True,14065.0,14065.0,256,1000000
10000,1.3,0.1,0.00030075927712937446,0.9210340371976184,0.0003265452360962455,0.8804452419164343,1.3,one_minus_alpha_power,528,True,2795.0,2795.0,256,1000000
10000,1.3,0.1,0.00030075927712937446,0.9210340371976184,0.0003265452360962455,0.8804452419164343,1.3,one_minus_alpha_power,529,True,11844.0,11844.0,256,1000000
10000,1.3,0.1,0.00030075927712937446,0.9210340371976184,0.0003265452360962455,0.8804452419164343,1.3,one_minus_alpha_power,530,True,39058.0,39058.0,256,1000000
10000,1.3,0.1,0.00030075927712937446,0.9210340371976184,0.0003265452360962455,0.8804452419164343,1.3,one_minus_alpha_power,531,True,21155.0,21155.0,256,1000000
10000,1.3,0.1,0.00030075927712937446,0.9210340371976184,0.0003265452360962455,0.8804452419164343,1.3,one_minus_alpha_power,532,True,11270.0,11270.0,256,1000000
10000,1.3,0.1,0.00030075927712937446,0.9210340371976184,0.0003265452360962455,0.8804452419164343,1.3,one_minus_alpha_power,533,True,6550.0,6550.0,256,1000000
10000,1.3,0.1,0.00030075927712937446,0.9210340371976184,0.0003265452360962455,0.8804452419164343,1.3,one_minus_alpha_power,534,True,9721.0,9721.0,256,1000000
10000,1.3,0.1,0.00030075927712937446,0.9210340371976184,0.0003265452360962455,0.8804452419164343,1.3,one_minus_alpha_power,535,True,33130.0,33130.0,256,1000000
10000,1.3,0.1,0.00030075927712937446,0.9210340371976184,0.0003265452360962455,0.8804452419164343,1.3,one_minus_alpha_power,536,True,35610.0,35610.0,256,1000000
10000,1.3,0.1,0.00030075927712937446,0.9210340371976184,0.0003265452360962455,0.8804452419164343,1.3,one_minus_alpha_power,537,True,49944.0,49944.0,256,1000000
10000,1.3,0.1,0.00030075927712937446,0.9210340371976184,0.0003265452360962455,0.8804452419164343,1.3,one_minus_alpha_power,538,True,74934.0,74934.0,256,1000000
10000,1.3,0.1,0.00030075927712937446,0.9210340371976184,0.0003265452360962455,0.8804452419164343,1.3,one_minus_alpha_power,539,True,51057.0,51057.0,256,1000000
10000,1.3,0.1,0.00030075927712937446,0.9210340371976184,0.0003265452360962455,0.8804452419164343,1.3,one_minus_alpha_power,540,True,75842.0,75842.0,256,1000000
10000,1.3,0.1,0.00030075927712937446,0.9210340371976184,0.0003265452360962455,0.8804452419164343,1.3,one_minus_alpha_power,541,True,32109.0,32109.0,256,1000000
10000,1.3,0.1,0.00030075927712937446,0.9210340371976184,0.0003265452360962455,0.8804452419164343,1.3,one_minus_alpha_power,542,True,29366.0,29366.0,256,1000000
10000,1.3,0.1,0.00030075927712937446,0.9210340371976184,0.0003265452360962455,0.8804452419164343,1.3,one_minus_alpha_power,543,True,23031.0,23031.0,256,1000000
10000,1.3,0.1,0.00030075927712937446,0.9210340371976184,0.0003265452360962455,0.8804452419164343,1.3,one_minus_alpha_power,544,True,53419.0,53419.0,256,1000000
10000,1.3,0.1,0.00030075927712937446,0.9210340371976184,0.0003265452360962455,0.8804452419164343,1.3,one_minus_alpha_power,545,True,18211.0,18211.0,256,1000000
10000,1.3,0.1,0.00030075927712937446,0.9210340371976184,0.0003265452360962455,0.8804452419164343,1.3,one_minus_alpha_power,546,True,18632.0,18632.0,256,1000000
10000,1.3,0.1,0.00030075927712937446,0.9210340371976184,0.0003265452360962455,0.8804452419164343,1.3,one_minus_alpha_power,547,True,31248.0,31248.0,256,1000000
10000,1.3,0.1,0.00030075927712937446,0.9210340371976184,0.0003265452360962455,0.8804452419164343,1.3,one_minus_alpha_power,548,True,34631.0,34631.0,256,1000000
10000,1.3,0.1,0.00030075927712937446,0.9210340371976184,0.0003265452360962455,0.8804452419164343,1.3,one_minus_alpha_power,549,True,12261.0,12261.0,256,1000000
10000,1.3,0.1,0.00030075927712937446,0.9210340371976184,0.0003265452360962455,0.8804452419164343,1.3,one_minus_alpha_power,550,True,9572.0,9572.0,256,1000000
10000,1.3,0.1,0.00030075927712937446,0.9210340371976184,0.0003265452360962455,0.8804452419164343,1.3,one_minus_alpha_power,551,True,5599.0,5599.0,256,1000000
10000,1.3,0.1,0.00030075927712937446,0.9210340371976184,0.0003265452360962455,0.8804452419164343,1.3,one_minus_alpha_power,552,True,85645.0,85645.0,256,1000000
10000,1.3,0.1,0.00030075927712937446,0.9210340371976184,0.0003265452360962455,0.8804452419164343,1.3,one_minus_alpha_power,553,True,66015.0,66015.0,256,1000000
10000,1.3,0.1,0.00030075927712937446,0.9210340371976184,0.0003265452360962455,0.8804452419164343,1.3,one_minus_alpha_power,554,True,20689.0,20689.0,256,1000000
10000,1.3,0.1,0.00030075927712937446,0.9210340371976184,0.0003265452360962455,0.8804452419164343,1.3,one_minus_alpha_power,555,True,18442.0,18442.0,256,1000000
10000,1.3,0.1,0.00030075927712937446,0.9210340371976184,0.0003265452360962455,0.8804452419164343,1.3,one_minus_alpha_power,556,True,2474.0,2474.0,256,1000000
10000,1.3,0.1,0.00030075927712937446,0.9210340371976184,0.0003265452360962455,0.8804452419164343,1.3,one_minus_alpha_power,557,True,95064.0,95064.0,256,1000000
10000,1.3,0.1,0.00030075927712937446,0.9210340371976184,0.0003265452360962455,0.8804452419164343,1.3,one_minus_alpha_power,558,True,10475.0,10475.0,256,1000000
10000,1.3,0.1,0.00030075927712937446,0.9210340371976184,0.0003265452360962455,0.8804452419164343,1.3,one_minus_alpha_power,559,True,109728.0,109728.0,256,1000000
10000,1.3,0.1,0.00030075927712937446,0.9210340371976184,0.0003265452360962455,0.8804452419164343,1.3,one_minus_alpha_power,560,True,68315.0,68315.0,256,1000000
10000,1.3,0.1,0.00030075927712937446,0.9210340371976184,0.0003265452360962455,0.8804452419164343,1.3,one_minus_alpha_power,561,True,16070.0,16070.0,256,1000000
10000,1.3,0.1,0.00030075927712937446,0.9210340371976184,0.0003265452360962455,0.8804452419164343,1.3,one_minus_alpha_power,562,True,3393.0,3393.0,256,1000000
10000,1.3,0.1,0.00030075927712937446,0.9210340371976184,0.0003265452360962455,0.8804452419164343,1.3,one_minus_alpha_power,563,True,76297.0,76297.0,256,1000000
10000,1.3,0.1,0.00030075927712937446,0.9210340371976184,0.0003265452360962455,0.8804452419164343,1.3,one_minus_alpha_power,564,True,44498.0,44498.0,256,1000000
10000,1.3,0.1,0.00030075927712937446,0.9210340371976184,0.0003265452360962455,0.8804452419164343,1.3,one_minus_alpha_power,565,True,67102.0,67102.0,256,1000000
10000,1.3,0.1,0.00030075927712937446,0.9210340371976184,0.0003265452360962455,0.8804452419164343,1.3,one_minus_alpha_power,566,True,28126.0,28126.0,256,1000000
10000,1.3,0.1,0.00030075927712937446,0.9210340371976184,0.0003265452360962455,0.8804452419164343,1.3,one_minus_alpha_power,567,True,51859.0,51859.0,256,1000000
10000,1.3,0.1,0.00030075927712937446,0.9210340371976184,0.0003265452360962455,0.8804452419164343,1.3,one_minus_alpha_power,568,True,9507.0,9507.0,256,1000000
10000,1.3,0.1,0.00030075927712937446,0.9210340371976184,0.0003265452360962455,0.8804452419164343,1.3,one_minus_alpha_power,569,True,38228.0,38228.0,256,1000000
10000,1.3,0.1,0.00030075927712937446,0.9210340371976184,0.0003265452360962455,0.8804452419164343,1.3,one_minus_alpha_power,570,True,66353.0,66353.0,256,1000000
10000,1.3,0.1,0.00030075927712937446,0.9210340371976184,0.0003265452360962455,0.8804452419164343,1.3,one_minus_alpha_power,571,True,5243.0,5243.0,256,1000000
10000,1.3,0.1,0.00030075927712937446,0.9210340371976184,0.0003265452360962455,0.8804452419164343,1.3,one_minus_alpha_power,572,True,4808.0,4808.0,256,1000000
10000,1.3,0.1,0.00030075927712937446,0.9210340371976184,0.0003265452360962455,0.8804452419164343,1.3,one_minus_alpha_power,573,True,17154.0,17154.0,256,1000000
10000,1.3,0.1,0.00030075927712937446,0.9210340371976184,0.0003265452360962455,0.8804452419164343,1.3,one_minus_alpha_power,574,True,61164.0,61164.0,256,1000000
10000,1.3,0.1,0.00030075927712937446,0.9210340371976184,0.0003265452360962455,0.8804452419164343,1.3,one_minus_alpha_power,575,True,1821.0,1821.0,256,1000000
10000,1.3,0.1,0.00030075927712937446,0.9210340371976184,0.0003265452360962455,0.8804452419164343,1.3,one_minus_alpha_power,576,True,5350.0,5350.0,256,1000000
10000,1.3,0.1,0.00030075927712937446,0.9210340371976184,0.0003265452360962455,0.8804452419164343,1.3,one_minus_alpha_power,577,True,85036.0,85036.0,256,1000000
10000,1.3,0.1,0.00030075927712937446,0.9210340371976184,0.0003265452360962455,0.8804452419164343,1.3,one_minus_alpha_power,578,True,15984.0,15984.0,256,1000000
10000,1.3,0.1,0.00030075927712937446,0.9210340371976184,0.0003265452360962455,0.8804452419164343,1.3,one_minus_alpha_power,579,True,12962.0,12962.0,256,1000000
10000,1.3,0.1,0.00030075927712937446,0.9210340371976184,0.0003265452360962455,0.8804452419164343,1.3,one_minus_alpha_power,580,True,5415.0,5415.0,256,1000000
10000,1.3,0.1,0.00030075927712937446,0.9210340371976184,0.0003265452360962455,0.8804452419164343,1.3,one_minus_alpha_power,581,True,6711.0,6711.0,256,1000000
10000,1.3,0.1,0.00030075927712937446,0.9210340371976184,0.0003265452360962455,0.8804452419164343,1.3,one_minus_alpha_power,582,True,4049.0,4049.0,256,1000000
10000,1.3,0.1,0.00030075927712937446,0.9210340371976184,0.0003265452360962455,0.8804452419164343,1.3,one_minus_alpha_power,583,True,17757.0,17757.0,256,1000000
10000,1.3,0.1,0.00030075927712937446,0.9210340371976184,0.0003265452360962455,0.8804452419164343,1.3,one_minus_alpha_power,584,True,23125.0,23125.0,256,1000000
10000,1.3,0.1,0.00030075927712937446,0.9210340371976184,0.0003265452360962455,0.8804452419164343,1.3,one_minus_alpha_power,585,True,21453.0,21453.0,256,1000000
10000,1.3,0.1,0.00030075927712937446,0.9210340371976184,0.0003265452360962455,0.8804452419164343,1.3,one_minus_alpha_power,586,True,6547.0,6547.0,256,1000000
10000,1.3,0.1,0.00030075927712937446,0.9210340371976184,0.0003265452360962455,0.8804452419164343,1.3,one_minus_alpha_power,587,True,3412.0,3412.0,256,1000000
10000,1.3,0.1,0.00030075927712937446,0.9210340371976184,0.0003265452360962455,0.8804452419164343,1.3,one_minus_alpha_power,588,True,7855.0,7855.0,256,1000000
10000,1.3,0.1,0.00030075927712937446,0.9210340371976184,0.0003265452360962455,0.8804452419164343,1.3,one_minus_alpha_power,589,True,38635.0,38635.0,256,1000000
10000,1.3,0.1,0.00030075927712937446,0.9210340371976184,0.0003265452360962455,0.8804452419164343,1.3,one_minus_alpha_power,590,True,37021.0,37021.0,256,1000000
10000,1.3,0.1,0.00030075927712937446,0.9210340371976184,0.0003265452360962455,0.8804452419164343,1.3,one_minus_alpha_power,591,True,51943.0,51943.0,256,1000000
10000,1.3,0.1,0.00030075927712937446,0.9210340371976184,0.0003265452360962455,0.8804452419164343,1.3,one_minus_alpha_power,592,True,21076.0,21076.0,256,1000000
10000,1.3,0.1,0.00030075927712937446,0.9210340371976184,0.0003265452360962455,0.8804452419164343,1.3,one_minus_alpha_power,593,True,25451.0,25451.0,256,1000000
10000,1.3,0.1,0.00030075927712937446,0.9210340371976184,0.0003265452360962455,0.8804452419164343,1.3,one_minus_alpha_power,594,True,13328.0,13328.0,256,1000000
10000,1.3,0.1,0.00030075927712937446,0.9210340371976184,0.0003265452360962455,0.8804452419164343,1.3,one_minus_alpha_power,595,True,6535.0,6535.0,256,1000000
10000,1.3,0.1,0.00030075927712937446,0.9210340371976184,0.0003265452360962455,0.8804452419164343,1.3,one_minus_alpha_power,596,True,13805.0,13805.0,256,1000000
10000,1.3,0.1,0.00030075927712937446,0.9210340371976184,0.0003265452360962455,0.8804452419164343,1.3,one_minus_alpha_power,597,True,8272.0,8272.0,256,1000000
10000,1.3,0.1,0.00030075927712937446,0.9210340371976184,0.0003265452360962455,0.8804452419164343,1.3,one_minus_alpha_power,598,True,26389.0,26389.0,256,1000000
10000,1.3,0.1,0.00030075927712937446,0.9210340371976184,0.0003265452360962455,0.8804452419164343,1.3,one_minus_alpha_power,599,True,33928.0,33928.0,256,1000000
10000,1.3,0.1,0.00030075927712937446,0.9210340371976184,0.0003265452360962455,0.8804452419164343,1.3,one_minus_alpha_power,600,True,16894.0,16894.0,256,1000000
10000,1.3,0.1,0.00030075927712937446,0.9210340371976184,0.0003265452360962455,0.8804452419164343,1.3,one_minus_alpha_power,601,True,25939.0,25939.0,256,1000000
10000,1.3,0.1,0.00030075927712937446,0.9210340371976184,0.0003265452360962455,0.8804452419164343,1.3,one_minus_alpha_power,602,True,3619.0,3619.0,256,1000000
10000,1.3,0.1,0.00030075927712937446,0.9210340371976184,0.0003265452360962455,0.8804452419164343,1.3,one_minus_alpha_power,603,True,30184.0,30184.0,256,1000000
10000,1.3,0.1,0.00030075927712937446,0.9210340371976184,0.0003265452360962455,0.8804452419164343,1.3,one_minus_alpha_power,604,True,7769.0,7769.0,256,1000000
10000,1.3,0.1,0.00030075927712937446,0.9210340371976184,0.0003265452360962455,0.8804452419164343,1.3,one_minus_alpha_power,605,True,42548.0,42548.0,256,1000000
10000,1.3,0.1,0.00030075927712937446,0.9210340371976184,0.0003265452360962455,0.8804452419164343,1.3,one_minus_alpha_power,606,True,2908.0,2908.0,256,1000000
10000,1.3,0.1,0.00030075927712937446,0.9210340371976184,0.0003265452360962455,0.8804452419164343,1.3,one_minus_alpha_power,607,True,41540.0,41540.0,256,1000000
10000,1.3,0.1,0.00030075927712937446,0.9210340371976184,0.0003265452360962455,0.8804452419164343,1.3,one_minus_alpha_power,608,True,28655.0,28655.0,256,1000000
10000,1.3,0.1,0.00030075927712937446,0.9210340371976184,0.0003265452360962455,0.8804452419164343,1.3,one_minus_alpha_power,609,True,2633.0,2633.0,256,1000000
10000,1.3,0.1,0.00030075927712937446,0.9210340371976184,0.0003265452360962455,0.8804452419164343,1.3,one_minus_alpha_power,610,True,14982.0,14982.0,256,1000000
10000,1.3,0.1,0.00030075927712937446,0.9210340371976184,0.0003265452360962455,0.8804452419164343,1.3,one_minus_alpha_power,611,True,4755.0,4755.0,256,1000000
10000,1.3,0.1,0.00030075927712937446,0.9210340371976184,0.0003265452360962455,0.8804452419164343,1.3,one_minus_alpha_power,612,True,26817.0,26817.0,256,1000000
10000,1.3,0.1,0.00030075927712937446,0.9210340371976184,0.0003265452360962455,0.8804452419164343,1.3,one_minus_alpha_power,613,True,4110.0,4110.0,256,1000000
10000,1.3,0.1,0.00030075927712937446,0.9210340371976184,0.0003265452360962455,0.8804452419164343,1.3,one_minus_alpha_power,614,True,14874.0,14874.0,256,1000000
10000,1.3,0.1,0.00030075927712937446,0.9210340371976184,0.0003265452360962455,0.8804452419164343,1.3,one_minus_alpha_power,615,True,27296.0,27296.0,256,1000000
10000,1.3,0.1,0.00030075927712937446,0.9210340371976184,0.0003265452360962455,0.8804452419164343,1.3,one_minus_alpha_power,616,True,53830.0,53830.0,256,1000000
10000,1.3,0.1,0.00030075927712937446,0.9210340371976184,0.0003265452360962455,0.8804452419164343,1.3,one_minus_alpha_power,617,True,86305.0,86305.0,256,1000000
10000,1.3,0.1,0.00030075927712937446,0.9210340371976184,0.0003265452360962455,0.8804452419164343,1.3,one_minus_alpha_power,618,True,19125.0,19125.0,256,1000000
10000,1.3,0.1,0.00030075927712937446,0.9210340371976184,0.0003265452360962455,0.8804452419164343,1.3,one_minus_alpha_power,619,True,12394.0,12394.0,256,1000000
10000,1.3,0.1,0.00030075927712937446,0.9210340371976184,0.0003265452360962455,0.8804452419164343,1.3,one_minus_alpha_power,620,True,19117.0,19117.0,256,1000000
10000,1.3,0.1,0.00030075927712937446,0.9210340371976184,0.0003265452360962455,0.8804452419164343,1.3,one_minus_alpha_power,621,True,32962.0,32962.0,256,1000000
10000,1.3,0.1,0.00030075927712937446,0.9210340371976184,0.0003265452360962455,0.8804452419164343,1.3,one_minus_alpha_power,622,True,3640.0,3640.0,256,1000000
10000,1.3,0.1,0.00030075927712937446,0.9210340371976184,0.0003265452360962455,0.8804452419164343,1.3,one_minus_alpha_power,623,True,44807.0,44807.0,256,1000000
10000,1.3,0.1,0.00030075927712937446,0.9210340371976184,0.0003265452360962455,0.8804452419164343,1.3,one_minus_alpha_power,624,True,139397.0,139397.0,256,1000000
10000,1.3,0.1,0.00030075927712937446,0.9210340371976184,0.0003265452360962455,0.8804452419164343,1.3,one_minus_alpha_power,625,True,18229.0,18229.0,256,1000000
10000,1.3,0.1,0.00030075927712937446,0.9210340371976184,0.0003265452360962455,0.8804452419164343,1.3,one_minus_alpha_power,626,True,29658.0,29658.0,256,1000000
10000,1.3,0.1,0.00030075927712937446,0.9210340371976184,0.0003265452360962455,0.8804452419164343,1.3,one_minus_alpha_power,627,True,15441.0,15441.0,256,1000000
10000,1.3,0.1,0.00030075927712937446,0.9210340371976184,0.0003265452360962455,0.8804452419164343,1.3,one_minus_alpha_power,628,True,19291.0,19291.0,256,1000000
10000,1.3,0.1,0.00030075927712937446,0.9210340371976184,0.0003265452360962455,0.8804452419164343,1.3,one_minus_alpha_power,629,True,34283.0,34283.0,256,1000000
10000,1.3,0.1,0.00030075927712937446,0.9210340371976184,0.0003265452360962455,0.8804452419164343,1.3,one_minus_alpha_power,630,True,3154.0,3154.0,256,1000000
10000,1.3,0.1,0.00030075927712937446,0.9210340371976184,0.0003265452360962455,0.8804452419164343,1.3,one_minus_alpha_power,631,True,4416.0,4416.0,256,1000000
10000,1.3,0.1,0.00030075927712937446,0.9210340371976184,0.0003265452360962455,0.8804452419164343,1.3,one_minus_alpha_power,632,True,82332.0,82332.0,256,1000000
10000,1.3,0.1,0.00030075927712937446,0.9210340371976184,0.0003265452360962455,0.8804452419164343,1.3,one_minus_alpha_power,633,True,4610.0,4610.0,256,1000000
10000,1.3,0.1,0.00030075927712937446,0.9210340371976184,0.0003265452360962455,0.8804452419164343,1.3,one_minus_alpha_power,634,True,65620.0,65620.0,256,1000000
10000,1.3,0.1,0.00030075927712937446,0.9210340371976184,0.0003265452360962455,0.8804452419164343,1.3,one_minus_alpha_power,635,True,24221.0,24221.0,256,1000000
10000,1.3,0.1,0.00030075927712937446,0.9210340371976184,0.0003265452360962455,0.8804452419164343,1.3,one_minus_alpha_power,636,True,11039.0,11039.0,256,1000000
10000,1.3,0.1,0.00030075927712937446,0.9210340371976184,0.0003265452360962455,0.8804452419164343,1.3,one_minus_alpha_power,637,True,8810.0,8810.0,256,1000000
10000,1.3,0.1,0.00030075927712937446,0.9210340371976184,0.0003265452360962455,0.8804452419164343,1.3,one_minus_alpha_power,638,True,21486.0,21486.0,256,1000000
10000,1.3,0.1,0.00030075927712937446,0.9210340371976184,0.0003265452360962455,0.8804452419164343,1.3,one_minus_alpha_power,639,True,26159.0,26159.0,256,1000000
10000,1.3,0.1,0.00030075927712937446,0.9210340371976184,0.0003265452360962455,0.8804452419164343,1.3,one_minus_alpha_power,640,True,11198.0,11198.0,256,1000000
10000,1.3,0.1,0.00030075927712937446,0.9210340371976184,0.0003265452360962455,0.8804452419164343,1.3,one_minus_alpha_power,641,True,6578.0,6578.0,256,1000000
10000,1.3,0.1,0.00030075927712937446,0.9210340371976184,0.0003265452360962455,0.8804452419164343,1.3,one_minus_alpha_power,642,True,34817.0,34817.0,256,1000000
10000,1.3,0.1,0.00030075927712937446,0.9210340371976184,0.0003265452360962455,0.8804452419164343,1.3,one_minus_alpha_power,643,True,45539.0,45539.0,256,1000000
10000,1.3,0.1,0.00030075927712937446,0.9210340371976184,0.0003265452360962455,0.8804452419164343,1.3,one_minus_alpha_power,644,True,36340.0,36340.0,256,1000000
10000,1.3,0.1,0.00030075927712937446,0.9210340371976184,0.0003265452360962455,0.8804452419164343,1.3,one_minus_alpha_power,645,True,25698.0,25698.0,256,1000000
10000,1.3,0.1,0.00030075927712937446,0.9210340371976184,0.0003265452360962455,0.8804452419164343,1.3,one_minus_alpha_power,646,True,35429.0,35429.0,256,1000000
10000,1.3,0.1,0.00030075927712937446,0.9210340371976184,0.0003265452360962455,0.8804452419164343,1.3,one_minus_alpha_power,647,True,14728.0,14728.0,256,1000000
10000,1.3,0.1,0.00030075927712937446,0.9210340371976184,0.0003265452360962455,0.8804452419164343,1.3,one_minus_alpha_power,648,True,21297.0,21297.0,256,1000000
10000,1.3,0.1,0.00030075927712937446,0.9210340371976184,0.0003265452360962455,0.8804452419164343,1.3,one_minus_alpha_power,649,True,46737.0,46737.0,256,1000000
10000,1.3,0.1,0.00030075927712937446,0.9210340371976184,0.0003265452360962455,0.8804452419164343,1.3,one_minus_alpha_power,650,True,26084.0,26084.0,256,1000000
10000,1.3,0.1,0.00030075927712937446,0.9210340371976184,0.0003265452360962455,0.8804452419164343,1.3,one_minus_alpha_power,651,True,4179.0,4179.0,256,1000000
10000,1.3,0.1,0.00030075927712937446,0.9210340371976184,0.0003265452360962455,0.8804452419164343,1.3,one_minus_alpha_power,652,True,2200.0,2200.0,256,1000000
10000,1.3,0.1,0.00030075927712937446,0.9210340371976184,0.0003265452360962455,0.8804452419164343,1.3,one_minus_alpha_power,653,True,6720.0,6720.0,256,1000000
10000,1.3,0.1,0.00030075927712937446,0.9210340371976184,0.0003265452360962455,0.8804452419164343,1.3,one_minus_alpha_power,654,True,33895.0,33895.0,256,1000000
10000,1.3,0.1,0.00030075927712937446,0.9210340371976184,0.0003265452360962455,0.8804452419164343,1.3,one_minus_alpha_power,655,True,36303.0,36303.0,256,1000000
10000,1.3,0.1,0.00030075927712937446,0.9210340371976184,0.0003265452360962455,0.8804452419164343,1.3,one_minus_alpha_power,656,True,23759.0,23759.0,256,1000000
10000,1.3,0.1,0.00030075927712937446,0.9210340371976184,0.0003265452360962455,0.8804452419164343,1.3,one_minus_alpha_power,657,True,56720.0,56720.0,256,1000000
10000,1.3,0.1,0.00030075927712937446,0.9210340371976184,0.0003265452360962455,0.8804452419164343,1.3,one_minus_alpha_power,658,True,5624.0,5624.0,256,1000000
10000,1.3,0.1,0.00030075927712937446,0.9210340371976184,0.0003265452360962455,0.8804452419164343,1.3,one_minus_alpha_power,659,True,51851.0,51851.0,256,1000000
10000,1.3,0.1,0.00030075927712937446,0.9210340371976184,0.0003265452360962455,0.8804452419164343,1.3,one_minus_alpha_power,660,True,5337.0,5337.0,256,1000000
10000,1.3,0.1,0.00030075927712937446,0.9210340371976184,0.0003265452360962455,0.8804452419164343,1.3,one_minus_alpha_power,661,True,4578.0,4578.0,256,1000000
10000,1.3,0.1,0.00030075927712937446,0.9210340371976184,0.0003265452360962455,0.8804452419164343,1.3,one_minus_alpha_power,662,True,11421.0,11421.0,256,1000000
10000,1.3,0.1,0.00030075927712937446,0.9210340371976184,0.0003265452360962455,0.8804452419164343,1.3,one_minus_alpha_power,663,True,101148.0,101148.0,256,1000000
10000,1.3,0.1,0.00030075927712937446,0.9210340371976184,0.0003265452360962455,0.8804452419164343,1.3,one_minus_alpha_power,664,True,16543.0,16543.0,256,1000000
10000,1.3,0.1,0.00030075927712937446,0.9210340371976184,0.0003265452360962455,0.8804452419164343,1.3,one_minus_alpha_power,665,True,45729.0,45729.0,256,1000000
10000,1.3,0.1,0.00030075927712937446,0.9210340371976184,0.0003265452360962455,0.8804452419164343,1.3,one_minus_alpha_power,666,True,9834.0,9834.0,256,1000000
10000,1.3,0.1,0.00030075927712937446,0.9210340371976184,0.0003265452360962455,0.8804452419164343,1.3,one_minus_alpha_power,667,True,11378.0,11378.0,256,1000000
10000,1.3,0.1,0.00030075927712937446,0.9210340371976184,0.0003265452360962455,0.8804452419164343,1.3,one_minus_alpha_power,668,True,16288.0,16288.0,256,1000000
10000,1.3,0.1,0.00030075927712937446,0.9210340371976184,0.0003265452360962455,0.8804452419164343,1.3,one_minus_alpha_power,669,True,56102.0,56102.0,256,1000000
10000,1.3,0.1,0.00030075927712937446,0.9210340371976184,0.0003265452360962455,0.8804452419164343,1.3,one_minus_alpha_power,670,True,41595.0,41595.0,256,1000000
10000,1.3,0.1,0.00030075927712937446,0.9210340371976184,0.0003265452360962455,0.8804452419164343,1.3,one_minus_alpha_power,671,True,13660.0,13660.0,256,1000000
10000,1.3,0.1,0.00030075927712937446,0.9210340371976184,0.0003265452360962455,0.8804452419164343,1.3,one_minus_alpha_power,672,True,8956.0,8956.0,256,1000000
10000,1.3,0.1,0.00030075927712937446,0.9210340371976184,0.0003265452360962455,0.8804452419164343,1.3,one_minus_alpha_power,673,True,10627.0,10627.0,256,1000000
10000,1.3,0.1,0.00030075927712937446,0.9210340371976184,0.0003265452360962455,0.8804452419164343,1.3,one_minus_alpha_power,674,True,97702.0,97702.0,256,1000000
10000,1.3,0.1,0.00030075927712937446,0.9210340371976184,0.0003265452360962455,0.8804452419164343,1.3,one_minus_alpha_power,675,True,6878.0,6878.0,256,1000000
10000,1.3,0.1,0.00030075927712937446,0.9210340371976184,0.0003265452360962455,0.8804452419164343,1.3,one_minus_alpha_power,676,True,60323.0,60323.0,256,1000000
10000,1.3,0.1,0.00030075927712937446,0.9210340371976184,0.0003265452360962455,0.8804452419164343,1.3,one_minus_alpha_power,677,True,55118.0,55118.0,256,1000000
10000,1.3,0.1,0.00030075927712937446,0.9210340371976184,0.0003265452360962455,0.8804452419164343,1.3,one_minus_alpha_power,678,True,11516.0,11516.0,256,1000000
10000,1.3,0.1,0.00030075927712937446,0.9210340371976184,0.0003265452360962455,0.8804452419164343,1.3,one_minus_alpha_power,679,True,25279.0,25279.0,256,1000000
10000,1.3,0.1,0.00030075927712937446,0.9210340371976184,0.0003265452360962455,0.8804452419164343,1.3,one_minus_alpha_power,680,True,6028.0,6028.0,256,1000000
10000,1.3,0.1,0.00030075927712937446,0.9210340371976184,0.0003265452360962455,0.8804452419164343,1.3,one_minus_alpha_power,681,True,53524.0,53524.0,256,1000000
10000,1.3,0.1,0.00030075927712937446,0.9210340371976184,0.0003265452360962455,0.8804452419164343,1.3,one_minus_alpha_power,682,True,43726.0,43726.0,256,1000000
10000,1.3,0.1,0.00030075927712937446,0.9210340371976184,0.0003265452360962455,0.8804452419164343,1.3,one_minus_alpha_power,683,True,5347.0,5347.0,256,1000000
10000,1.3,0.1,0.00030075927712937446,0.9210340371976184,0.0003265452360962455,0.8804452419164343,1.3,one_minus_alpha_power,684,True,20761.0,20761.0,256,1000000
10000,1.3,0.1,0.00030075927712937446,0.9210340371976184,0.0003265452360962455,0.8804452419164343,1.3,one_minus_alpha_power,685,True,4266.0,4266.0,256,1000000
10000,1.3,0.1,0.00030075927712937446,0.9210340371976184,0.0003265452360962455,0.8804452419164343,1.3,one_minus_alpha_power,686,True,12897.0,12897.0,256,1000000
10000,1.3,0.1,0.00030075927712937446,0.9210340371976184,0.0003265452360962455,0.8804452419164343,1.3,one_minus_alpha_power,687,True,23664.0,23664.0,256,1000000
10000,1.3,0.1,0.00030075927712937446,0.9210340371976184,0.0003265452360962455,0.8804452419164343,1.3,one_minus_alpha_power,688,True,45765.0,45765.0,256,1000000
10000,1.3,0.1,0.00030075927712937446,0.9210340371976184,0.0003265452360962455,0.8804452419164343,1.3,one_minus_alpha_power,689,True,32173.0,32173.0,256,1000000
10000,1.3,0.1,0.00030075927712937446,0.9210340371976184,0.0003265452360962455,0.8804452419164343,1.3,one_minus_alpha_power,690,True,16954.0,16954.0,256,1000000
10000,1.3,0.1,0.00030075927712937446,0.9210340371976184,0.0003265452360962455,0.8804452419164343,1.3,one_minus_alpha_power,691,True,24278.0,24278.0,256,1000000
10000,1.3,0.1,0.00030075927712937446,0.9210340371976184,0.0003265452360962455,0.8804452419164343,1.3,one_minus_alpha_power,692,True,16296.0,16296.0,256,1000000
10000,1.3,0.1,0.00030075927712937446,0.9210340371976184,0.0003265452360962455,0.8804452419164343,1.3,one_minus_alpha_power,693,True,105534.0,105534.0,256,1000000
10000,1.3,0.1,0.00030075927712937446,0.9210340371976184,0.0003265452360962455,0.8804452419164343,1.3,one_minus_alpha_power,694,True,72892.0,72892.0,256,1000000
10000,1.3,0.1,0.00030075927712937446,0.9210340371976184,0.0003265452360962455,0.8804452419164343,1.3,one_minus_alpha_power,695,True,15433.0,15433.0,256,1000000
10000,1.3,0.1,0.00030075927712937446,0.9210340371976184,0.0003265452360962455,0.8804452419164343,1.3,one_minus_alpha_power,696,True,32278.0,32278.0,256,1000000
10000,1.3,0.1,0.00030075927712937446,0.9210340371976184,0.0003265452360962455,0.8804452419164343,1.3,one_minus_alpha_power,697,True,12646.0,12646.0,256,1000000
10000,1.3,0.1,0.00030075927712937446,0.9210340371976184,0.0003265452360962455,0.8804452419164343,1.3,one_minus_alpha_power,698,True,51925.0,51925.0,256,1000000
10000,1.3,0.1,0.00030075927712937446,0.9210340371976184,0.0003265452360962455,0.8804452419164343,1.3,one_minus_alpha_power,699,True,11425.0,11425.0,256,1000000
10000,1.3,0.1,0.00030075927712937446,0.9210340371976184,0.0003265452360962455,0.8804452419164343,1.3,one_minus_alpha_power,700,True,20862.0,20862.0,256,1000000
10000,1.3,0.1,0.00030075927712937446,0.9210340371976184,0.0003265452360962455,0.8804452419164343,1.3,one_minus_alpha_power,701,True,21879.0,21879.0,256,1000000
10000,1.3,0.1,0.00030075927712937446,0.9210340371976184,0.0003265452360962455,0.8804452419164343,1.3,one_minus_alpha_power,702,True,26997.0,26997.0,256,1000000
10000,1.3,0.1,0.00030075927712937446,0.9210340371976184,0.0003265452360962455,0.8804452419164343,1.3,one_minus_alpha_power,703,True,32934.0,32934.0,256,1000000
10000,1.3,0.1,0.00030075927712937446,0.9210340371976184,0.0003265452360962455,0.8804452419164343,1.3,one_minus_alpha_power,704,True,18568.0,18568.0,256,1000000
10000,1.3,0.1,0.00030075927712937446,0.9210340371976184,0.0003265452360962455,0.8804452419164343,1.3,one_minus_alpha_power,705,True,30115.0,30115.0,256,1000000
10000,1.3,0.1,0.00030075927712937446,0.9210340371976184,0.0003265452360962455,0.8804452419164343,1.3,one_minus_alpha_power,706,True,29373.0,29373.0,256,1000000
10000,1.3,0.1,0.00030075927712937446,0.9210340371976184,0.0003265452360962455,0.8804452419164343,1.3,one_minus_alpha_power,707,True,7891.0,7891.0,256,1000000
10000,1.3,0.1,0.00030075927712937446,0.9210340371976184,0.0003265452360962455,0.8804452419164343,1.3,one_minus_alpha_power,708,True,10138.0,10138.0,256,1000000
10000,1.3,0.1,0.00030075927712937446,0.9210340371976184,0.0003265452360962455,0.8804452419164343,1.3,one_minus_alpha_power,709,True,22474.0,22474.0,256,1000000
10000,1.3,0.1,0.00030075927712937446,0.9210340371976184,0.0003265452360962455,0.8804452419164343,1.3,one_minus_alpha_power,710,True,99315.0,99315.0,256,1000000
10000,1.3,0.1,0.00030075927712937446,0.9210340371976184,0.0003265452360962455,0.8804452419164343,1.3,one_minus_alpha_power,711,True,3629.0,3629.0,256,1000000
10000,1.3,0.1,0.00030075927712937446,0.9210340371976184,0.0003265452360962455,0.8804452419164343,1.3,one_minus_alpha_power,712,True,5160.0,5160.0,256,1000000
10000,1.3,0.1,0.00030075927712937446,0.9210340371976184,0.0003265452360962455,0.8804452419164343,1.3,one_minus_alpha_power,713,True,8465.0,8465.0,256,1000000
10000,1.3,0.1,0.00030075927712937446,0.9210340371976184,0.0003265452360962455,0.8804452419164343,1.3,one_minus_alpha_power,714,True,12019.0,12019.0,256,1000000
10000,1.3,0.1,0.00030075927712937446,0.9210340371976184,0.0003265452360962455,0.8804452419164343,1.3,one_minus_alpha_power,715,True,8035.0,8035.0,256,1000000
10000,1.3,0.1,0.00030075927712937446,0.9210340371976184,0.0003265452360962455,0.8804452419164343,1.3,one_minus_alpha_power,716,True,39930.0,39930.0,256,1000000
10000,1.3,0.1,0.00030075927712937446,0.9210340371976184,0.0003265452360962455,0.8804452419164343,1.3,one_minus_alpha_power,717,True,15750.0,15750.0,256,1000000
10000,1.3,0.1,0.00030075927712937446,0.9210340371976184,0.0003265452360962455,0.8804452419164343,1.3,one_minus_alpha_power,718,True,24874.0,24874.0,256,1000000
10000,1.3,0.1,0.00030075927712937446,0.9210340371976184,0.0003265452360962455,0.8804452419164343,1.3,one_minus_alpha_power,719,True,48903.0,48903.0,256,1000000
10000,1.3,0.1,0.00030075927712937446,0.9210340371976184,0.0003265452360962455,0.8804452419164343,1.3,one_minus_alpha_power,720,True,20292.0,20292.0,256,1000000
10000,1.3,0.1,0.00030075927712937446,0.9210340371976184,0.0003265452360962455,0.8804452419164343,1.3,one_minus_alpha_power,721,True,17667.0,17667.0,256,1000000
10000,1.3,0.1,0.00030075927712937446,0.9210340371976184,0.0003265452360962455,0.8804452419164343,1.3,one_minus_alpha_power,722,True,14576.0,14576.0,256,1000000
10000,1.3,0.1,0.00030075927712937446,0.9210340371976184,0.0003265452360962455,0.8804452419164343,1.3,one_minus_alpha_power,723,True,4186.0,4186.0,256,1000000
10000,1.3,0.1,0.00030075927712937446,0.9210340371976184,0.0003265452360962455,0.8804452419164343,1.3,one_minus_alpha_power,724,True,48474.0,48474.0,256,1000000
10000,1.3,0.1,0.00030075927712937446,0.9210340371976184,0.0003265452360962455,0.8804452419164343,1.3,one_minus_alpha_power,725,True,32523.0,32523.0,256,1000000
10000,1.3,0.1,0.00030075927712937446,0.9210340371976184,0.0003265452360962455,0.8804452419164343,1.3,one_minus_alpha_power,726,True,51568.0,51568.0,256,1000000
10000,1.3,0.1,0.00030075927712937446,0.9210340371976184,0.0003265452360962455,0.8804452419164343,1.3,one_minus_alpha_power,727,True,17132.0,17132.0,256,1000000
10000,1.3,0.1,0.00030075927712937446,0.9210340371976184,0.0003265452360962455,0.8804452419164343,1.3,one_minus_alpha_power,728,True,31307.0,31307.0,256,1000000
10000,1.3,0.1,0.00030075927712937446,0.9210340371976184,0.0003265452360962455,0.8804452419164343,1.3,one_minus_alpha_power,729,True,44070.0,44070.0,256,1000000
10000,1.3,0.1,0.00030075927712937446,0.9210340371976184,0.0003265452360962455,0.8804452419164343,1.3,one_minus_alpha_power,730,True,17907.0,17907.0,256,1000000
10000,1.3,0.1,0.00030075927712937446,0.9210340371976184,0.0003265452360962455,0.8804452419164343,1.3,one_minus_alpha_power,731,True,36667.0,36667.0,256,1000000
10000,1.3,0.1,0.00030075927712937446,0.9210340371976184,0.0003265452360962455,0.8804452419164343,1.3,one_minus_alpha_power,732,True,16854.0,16854.0,256,1000000
10000,1.3,0.1,0.00030075927712937446,0.9210340371976184,0.0003265452360962455,0.8804452419164343,1.3,one_minus_alpha_power,733,True,40599.0,40599.0,256,1000000
10000,1.3,0.1,0.00030075927712937446,0.9210340371976184,0.0003265452360962455,0.8804452419164343,1.3,one_minus_alpha_power,734,True,19649.0,19649.0,256,1000000
10000,1.3,0.1,0.00030075927712937446,0.9210340371976184,0.0003265452360962455,0.8804452419164343,1.3,one_minus_alpha_power,735,True,17434.0,17434.0,256,1000000
10000,1.3,0.1,0.00030075927712937446,0.9210340371976184,0.0003265452360962455,0.8804452419164343,1.3,one_minus_alpha_power,736,True,32899.0,32899.0,256,1000000
10000,1.3,0.1,0.00030075927712937446,0.9210340371976184,0.0003265452360962455,0.8804452419164343,1.3,one_minus_alpha_power,737,True,36745.0,36745.0,256,1000000
10000,1.3,0.1,0.00030075927712937446,0.9210340371976184,0.0003265452360962455,0.8804452419164343,1.3,one_minus_alpha_power,738,True,13906.0,13906.0,256,1000000
10000,1.3,0.1,0.00030075927712937446,0.9210340371976184,0.0003265452360962455,0.8804452419164343,1.3,one_minus_alpha_power,739,True,6914.0,6914.0,256,1000000
10000,1.3,0.1,0.00030075927712937446,0.9210340371976184,0.0003265452360962455,0.8804452419164343,1.3,one_minus_alpha_power,740,True,4058.0,4058.0,256,1000000
10000,1.3,0.1,0.00030075927712937446,0.9210340371976184,0.0003265452360962455,0.8804452419164343,1.3,one_minus_alpha_power,741,True,37520.0,37520.0,256,1000000
10000,1.3,0.1,0.00030075927712937446,0.9210340371976184,0.0003265452360962455,0.8804452419164343,1.3,one_minus_alpha_power,742,True,6638.0,6638.0,256,1000000
10000,1.3,0.1,0.00030075927712937446,0.9210340371976184,0.0003265452360962455,0.8804452419164343,1.3,one_minus_alpha_power,743,True,13365.0,13365.0,256,1000000
10000,1.3,0.1,0.00030075927712937446,0.9210340371976184,0.0003265452360962455,0.8804452419164343,1.3,one_minus_alpha_power,744,True,3190.0,3190.0,256,1000000
10000,1.3,0.1,0.00030075927712937446,0.9210340371976184,0.0003265452360962455,0.8804452419164343,1.3,one_minus_alpha_power,745,True,102178.0,102178.0,256,1000000
10000,1.3,0.1,0.00030075927712937446,0.9210340371976184,0.0003265452360962455,0.8804452419164343,1.3,one_minus_alpha_power,746,True,2568.0,2568.0,256,1000000
10000,1.3,0.1,0.00030075927712937446,0.9210340371976184,0.0003265452360962455,0.8804452419164343,1.3,one_minus_alpha_power,747,True,9338.0,9338.0,256,1000000
10000,1.3,0.1,0.00030075927712937446,0.9210340371976184,0.0003265452360962455,0.8804452419164343,1.3,one_minus_alpha_power,748,True,18541.0,18541.0,256,1000000
10000,1.3,0.1,0.00030075927712937446,0.9210340371976184,0.0003265452360962455,0.8804452419164343,1.3,one_minus_alpha_power,749,True,42734.0,42734.0,256,1000000
10000,1.3,0.1,0.00030075927712937446,0.9210340371976184,0.0003265452360962455,0.8804452419164343,1.3,one_minus_alpha_power,750,True,77168.0,77168.0,256,1000000
10000,1.3,0.1,0.00030075927712937446,0.9210340371976184,0.0003265452360962455,0.8804452419164343,1.3,one_minus_alpha_power,751,True,32916.0,32916.0,256,1000000
10000,1.3,0.1,0.00030075927712937446,0.9210340371976184,0.0003265452360962455,0.8804452419164343,1.3,one_minus_alpha_power,752,True,8977.0,8977.0,256,1000000
10000,1.3,0.1,0.00030075927712937446,0.9210340371976184,0.0003265452360962455,0.8804452419164343,1.3,one_minus_alpha_power,753,True,68262.0,68262.0,256,1000000
10000,1.3,0.1,0.00030075927712937446,0.9210340371976184,0.0003265452360962455,0.8804452419164343,1.3,one_minus_alpha_power,754,True,26278.0,26278.0,256,1000000
10000,1.3,0.1,0.00030075927712937446,0.9210340371976184,0.0003265452360962455,0.8804452419164343,1.3,one_minus_alpha_power,755,True,6105.0,6105.0,256,1000000
10000,1.3,0.1,0.00030075927712937446,0.9210340371976184,0.0003265452360962455,0.8804452419164343,1.3,one_minus_alpha_power,756,True,24735.0,24735.0,256,1000000
10000,1.3,0.1,0.00030075927712937446,0.9210340371976184,0.0003265452360962455,0.8804452419164343,1.3,one_minus_alpha_power,757,True,37649.0,37649.0,256,1000000
10000,1.3,0.1,0.00030075927712937446,0.9210340371976184,0.0003265452360962455,0.8804452419164343,1.3,one_minus_alpha_power,758,True,4662.0,4662.0,256,1000000
10000,1.3,0.1,0.00030075927712937446,0.9210340371976184,0.0003265452360962455,0.8804452419164343,1.3,one_minus_alpha_power,759,True,30977.0,30977.0,256,1000000
10000,1.3,0.1,0.00030075927712937446,0.9210340371976184,0.0003265452360962455,0.8804452419164343,1.3,one_minus_alpha_power,760,True,18708.0,18708.0,256,1000000
10000,1.3,0.1,0.00030075927712937446,0.9210340371976184,0.0003265452360962455,0.8804452419164343,1.3,one_minus_alpha_power,761,True,14835.0,14835.0,256,1000000
10000,1.3,0.1,0.00030075927712937446,0.9210340371976184,0.0003265452360962455,0.8804452419164343,1.3,one_minus_alpha_power,762,True,24938.0,24938.0,256,1000000
10000,1.3,0.1,0.00030075927712937446,0.9210340371976184,0.0003265452360962455,0.8804452419164343,1.3,one_minus_alpha_power,763,True,12416.0,12416.0,256,1000000
10000,1.3,0.1,0.00030075927712937446,0.9210340371976184,0.0003265452360962455,0.8804452419164343,1.3,one_minus_alpha_power,764,True,13160.0,13160.0,256,1000000
10000,1.3,0.1,0.00030075927712937446,0.9210340371976184,0.0003265452360962455,0.8804452419164343,1.3,one_minus_alpha_power,765,True,47263.0,47263.0,256,1000000
10000,1.3,0.1,0.00030075927712937446,0.9210340371976184,0.0003265452360962455,0.8804452419164343,1.3,one_minus_alpha_power,766,True,2738.0,2738.0,256,1000000
10000,1.3,0.1,0.00030075927712937446,0.9210340371976184,0.0003265452360962455,0.8804452419164343,1.3,one_minus_alpha_power,767,True,62710.0,62710.0,256,1000000
10000,1.3,0.1,0.00030075927712937446,0.9210340371976184,0.0003265452360962455,0.8804452419164343,1.3,one_minus_alpha_power,768,True,28575.0,28575.0,256,1000000
10000,1.3,0.1,0.00030075927712937446,0.9210340371976184,0.0003265452360962455,0.8804452419164343,1.3,one_minus_alpha_power,769,True,28151.0,28151.0,256,1000000
10000,1.3,0.1,0.00030075927712937446,0.9210340371976184,0.0003265452360962455,0.8804452419164343,1.3,one_minus_alpha_power,770,True,21421.0,21421.0,256,1000000
10000,1.3,0.1,0.00030075927712937446,0.9210340371976184,0.0003265452360962455,0.8804452419164343,1.3,one_minus_alpha_power,771,True,6015.0,6015.0,256,1000000
10000,1.3,0.1,0.00030075927712937446,0.9210340371976184,0.0003265452360962455,0.8804452419164343,1.3,one_minus_alpha_power,772,True,7847.0,7847.0,256,1000000
10000,1.3,0.1,0.00030075927712937446,0.9210340371976184,0.0003265452360962455,0.8804452419164343,1.3,one_minus_alpha_power,773,True,61086.0,61086.0,256,1000000
10000,1.3,0.1,0.00030075927712937446,0.9210340371976184,0.0003265452360962455,0.8804452419164343,1.3,one_minus_alpha_power,774,True,14313.0,14313.0,256,1000000
10000,1.3,0.1,0.00030075927712937446,0.9210340371976184,0.0003265452360962455,0.8804452419164343,1.3,one_minus_alpha_power,775,True,17113.0,17113.0,256,1000000
10000,1.3,0.1,0.00030075927712937446,0.9210340371976184,0.0003265452360962455,0.8804452419164343,1.3,one_minus_alpha_power,776,True,32474.0,32474.0,256,1000000
10000,1.3,0.1,0.00030075927712937446,0.9210340371976184,0.0003265452360962455,0.8804452419164343,1.3,one_minus_alpha_power,777,True,42091.0,42091.0,256,1000000
10000,1.3,0.1,0.00030075927712937446,0.9210340371976184,0.0003265452360962455,0.8804452419164343,1.3,one_minus_alpha_power,778,True,15085.0,15085.0,256,1000000
10000,1.3,0.1,0.00030075927712937446,0.9210340371976184,0.0003265452360962455,0.8804452419164343,1.3,one_minus_alpha_power,779,True,7163.0,7163.0,256,1000000
10000,1.3,0.1,0.00030075927712937446,0.9210340371976184,0.0003265452360962455,0.8804452419164343,1.3,one_minus_alpha_power,780,True,46719.0,46719.0,256,1000000
10000,1.3,0.1,0.00030075927712937446,0.9210340371976184,0.0003265452360962455,0.8804452419164343,1.3,one_minus_alpha_power,781,True,47918.0,47918.0,256,1000000
10000,1.3,0.1,0.00030075927712937446,0.9210340371976184,0.0003265452360962455,0.8804452419164343,1.3,one_minus_alpha_power,782,True,58754.0,58754.0,256,1000000
10000,1.3,0.1,0.00030075927712937446,0.9210340371976184,0.0003265452360962455,0.8804452419164343,1.3,one_minus_alpha_power,783,True,35737.0,35737.0,256,1000000
10000,1.3,0.1,0.00030075927712937446,0.9210340371976184,0.0003265452360962455,0.8804452419164343,1.3,one_minus_alpha_power,784,True,5441.0,5441.0,256,1000000
10000,1.3,0.1,0.00030075927712937446,0.9210340371976184,0.0003265452360962455,0.8804452419164343,1.3,one_minus_alpha_power,785,True,17177.0,17177.0,256,1000000
10000,1.3,0.1,0.00030075927712937446,0.9210340371976184,0.0003265452360962455,0.8804452419164343,1.3,one_minus_alpha_power,786,True,58703.0,58703.0,256,1000000
10000,1.3,0.1,0.00030075927712937446,0.9210340371976184,0.0003265452360962455,0.8804452419164343,1.3,one_minus_alpha_power,787,True,3385.0,3385.0,256,1000000
10000,1.3,0.1,0.00030075927712937446,0.9210340371976184,0.0003265452360962455,0.8804452419164343,1.3,one_minus_alpha_power,788,True,33202.0,33202.0,256,1000000
10000,1.3,0.1,0.00030075927712937446,0.9210340371976184,0.0003265452360962455,0.8804452419164343,1.3,one_minus_alpha_power,789,True,11515.0,11515.0,256,1000000
10000,1.3,0.1,0.00030075927712937446,0.9210340371976184,0.0003265452360962455,0.8804452419164343,1.3,one_minus_alpha_power,790,True,1797.0,1797.0,256,1000000
10000,1.3,0.1,0.00030075927712937446,0.9210340371976184,0.0003265452360962455,0.8804452419164343,1.3,one_minus_alpha_power,791,True,17607.0,17607.0,256,1000000
10000,1.3,0.1,0.00030075927712937446,0.9210340371976184,0.0003265452360962455,0.8804452419164343,1.3,one_minus_alpha_power,792,True,12670.0,12670.0,256,1000000
10000,1.3,0.1,0.00030075927712937446,0.9210340371976184,0.0003265452360962455,0.8804452419164343,1.3,one_minus_alpha_power,793,True,45152.0,45152.0,256,1000000
10000,1.3,0.1,0.00030075927712937446,0.9210340371976184,0.0003265452360962455,0.8804452419164343,1.3,one_minus_alpha_power,794,True,2382.0,2382.0,256,1000000
10000,1.3,0.1,0.00030075927712937446,0.9210340371976184,0.0003265452360962455,0.8804452419164343,1.3,one_minus_alpha_power,795,True,4308.0,4308.0,256,1000000
10000,1.3,0.1,0.00030075927712937446,0.9210340371976184,0.0003265452360962455,0.8804452419164343,1.3,one_minus_alpha_power,796,True,24362.0,24362.0,256,1000000
10000,1.3,0.1,0.00030075927712937446,0.9210340371976184,0.0003265452360962455,0.8804452419164343,1.3,one_minus_alpha_power,797,True,13686.0,13686.0,256,1000000
10000,1.3,0.1,0.00030075927712937446,0.9210340371976184,0.0003265452360962455,0.8804452419164343,1.3,one_minus_alpha_power,798,True,5657.0,5657.0,256,1000000
10000,1.3,0.1,0.00030075927712937446,0.9210340371976184,0.0003265452360962455,0.8804452419164343,1.3,one_minus_alpha_power,799,True,38726.0,38726.0,256,1000000
10000,1.3,0.1,0.00030075927712937446,0.9210340371976184,0.0003265452360962455,0.8804452419164343,1.3,one_minus_alpha_power,800,True,13314.0,13314.0,256,1000000
10000,1.3,0.1,0.00030075927712937446,0.9210340371976184,0.0003265452360962455,0.8804452419164343,1.3,one_minus_alpha_power,801,True,51805.0,51805.0,256,1000000
10000,1.3,0.1,0.00030075927712937446,0.9210340371976184,0.0003265452360962455,0.8804452419164343,1.3,one_minus_alpha_power,802,True,6664.0,6664.0,256,1000000
10000,1.3,0.1,0.00030075927712937446,0.9210340371976184,0.0003265452360962455,0.8804452419164343,1.3,one_minus_alpha_power,803,True,10478.0,10478.0,256,1000000
10000,1.3,0.1,0.00030075927712937446,0.9210340371976184,0.0003265452360962455,0.8804452419164343,1.3,one_minus_alpha_power,804,True,26302.0,26302.0,256,1000000
10000,1.3,0.1,0.00030075927712937446,0.9210340371976184,0.0003265452360962455,0.8804452419164343,1.3,one_minus_alpha_power,805,True,1867.0,1867.0,256,1000000
10000,1.3,0.1,0.00030075927712937446,0.9210340371976184,0.0003265452360962455,0.8804452419164343,1.3,one_minus_alpha_power,806,True,138172.0,138172.0,256,1000000
10000,1.3,0.1,0.00030075927712937446,0.9210340371976184,0.0003265452360962455,0.8804452419164343,1.3,one_minus_alpha_power,807,True,14352.0,14352.0,256,1000000
10000,1.3,0.1,0.00030075927712937446,0.9210340371976184,0.0003265452360962455,0.8804452419164343,1.3,one_minus_alpha_power,808,True,62002.0,62002.0,256,1000000
10000,1.3,0.1,0.00030075927712937446,0.9210340371976184,0.0003265452360962455,0.8804452419164343,1.3,one_minus_alpha_power,809,True,64907.0,64907.0,256,1000000
10000,1.3,0.1,0.00030075927712937446,0.9210340371976184,0.0003265452360962455,0.8804452419164343,1.3,one_minus_alpha_power,810,True,12942.0,12942.0,256,1000000
10000,1.3,0.1,0.00030075927712937446,0.9210340371976184,0.0003265452360962455,0.8804452419164343,1.3,one_minus_alpha_power,811,True,9753.0,9753.0,256,1000000
10000,1.3,0.1,0.00030075927712937446,0.9210340371976184,0.0003265452360962455,0.8804452419164343,1.3,one_minus_alpha_power,812,True,32539.0,32539.0,256,1000000
10000,1.3,0.1,0.00030075927712937446,0.9210340371976184,0.0003265452360962455,0.8804452419164343,1.3,one_minus_alpha_power,813,True,60327.0,60327.0,256,1000000
10000,1.3,0.1,0.00030075927712937446,0.9210340371976184,0.0003265452360962455,0.8804452419164343,1.3,one_minus_alpha_power,814,True,12156.0,12156.0,256,1000000
10000,1.3,0.1,0.00030075927712937446,0.9210340371976184,0.0003265452360962455,0.8804452419164343,1.3,one_minus_alpha_power,815,True,2662.0,2662.0,256,1000000
10000,1.3,0.1,0.00030075927712937446,0.9210340371976184,0.0003265452360962455,0.8804452419164343,1.3,one_minus_alpha_power,816,True,7897.0,7897.0,256,1000000
10000,1.3,0.1,0.00030075927712937446,0.9210340371976184,0.0003265452360962455,0.8804452419164343,1.3,one_minus_alpha_power,817,True,8452.0,8452.0,256,1000000
10000,1.3,0.1,0.00030075927712937446,0.9210340371976184,0.0003265452360962455,0.8804452419164343,1.3,one_minus_alpha_power,818,True,16486.0,16486.0,256,1000000
10000,1.3,0.1,0.00030075927712937446,0.9210340371976184,0.0003265452360962455,0.8804452419164343,1.3,one_minus_alpha_power,819,True,35037.0,35037.0,256,1000000
10000,1.3,0.1,0.00030075927712937446,0.9210340371976184,0.0003265452360962455,0.8804452419164343,1.3,one_minus_alpha_power,820,True,43125.0,43125.0,256,1000000
10000,1.3,0.1,0.00030075927712937446,0.9210340371976184,0.0003265452360962455,0.8804452419164343,1.3,one_minus_alpha_power,821,True,31850.0,31850.0,256,1000000
10000,1.3,0.1,0.00030075927712937446,0.9210340371976184,0.0003265452360962455,0.8804452419164343,1.3,one_minus_alpha_power,822,True,43036.0,43036.0,256,1000000
10000,1.3,0.1,0.00030075927712937446,0.9210340371976184,0.0003265452360962455,0.8804452419164343,1.3,one_minus_alpha_power,823,True,11648.0,11648.0,256,1000000
10000,1.3,0.1,0.00030075927712937446,0.9210340371976184,0.0003265452360962455,0.8804452419164343,1.3,one_minus_alpha_power,824,True,11179.0,11179.0,256,1000000
10000,1.3,0.1,0.00030075927712937446,0.9210340371976184,0.0003265452360962455,0.8804452419164343,1.3,one_minus_alpha_power,825,True,8923.0,8923.0,256,1000000
10000,1.3,0.1,0.00030075927712937446,0.9210340371976184,0.0003265452360962455,0.8804452419164343,1.3,one_minus_alpha_power,826,True,54527.0,54527.0,256,1000000
10000,1.3,0.1,0.00030075927712937446,0.9210340371976184,0.0003265452360962455,0.8804452419164343,1.3,one_minus_alpha_power,827,True,22137.0,22137.0,256,1000000
10000,1.3,0.1,0.00030075927712937446,0.9210340371976184,0.0003265452360962455,0.8804452419164343,1.3,one_minus_alpha_power,828,True,7099.0,7099.0,256,1000000
10000,1.3,0.1,0.00030075927712937446,0.9210340371976184,0.0003265452360962455,0.8804452419164343,1.3,one_minus_alpha_power,829,True,3514.0,3514.0,256,1000000
10000,1.3,0.1,0.00030075927712937446,0.9210340371976184,0.0003265452360962455,0.8804452419164343,1.3,one_minus_alpha_power,830,True,25619.0,25619.0,256,1000000
10000,1.3,0.1,0.00030075927712937446,0.9210340371976184,0.0003265452360962455,0.8804452419164343,1.3,one_minus_alpha_power,831,True,2698.0,2698.0,256,1000000
10000,1.3,0.1,0.00030075927712937446,0.9210340371976184,0.0003265452360962455,0.8804452419164343,1.3,one_minus_alpha_power,832,True,32463.0,32463.0,256,1000000
10000,1.3,0.1,0.00030075927712937446,0.9210340371976184,0.0003265452360962455,0.8804452419164343,1.3,one_minus_alpha_power,833,True,2609.0,2609.0,256,1000000
10000,1.3,0.1,0.00030075927712937446,0.9210340371976184,0.0003265452360962455,0.8804452419164343,1.3,one_minus_alpha_power,834,True,8143.0,8143.0,256,1000000
10000,1.3,0.1,0.00030075927712937446,0.9210340371976184,0.0003265452360962455,0.8804452419164343,1.3,one_minus_alpha_power,835,True,67742.0,67742.0,256,1000000
10000,1.3,0.1,0.00030075927712937446,0.9210340371976184,0.0003265452360962455,0.8804452419164343,1.3,one_minus_alpha_power,836,True,13714.0,13714.0,256,1000000
10000,1.3,0.1,0.00030075927712937446,0.9210340371976184,0.0003265452360962455,0.8804452419164343,1.3,one_minus_alpha_power,837,True,51053.0,51053.0,256,1000000
10000,1.3,0.1,0.00030075927712937446,0.9210340371976184,0.0003265452360962455,0.8804452419164343,1.3,one_minus_alpha_power,838,True,4229.0,4229.0,256,1000000
10000,1.3,0.1,0.00030075927712937446,0.9210340371976184,0.0003265452360962455,0.8804452419164343,1.3,one_minus_alpha_power,839,True,13322.0,13322.0,256,1000000
10000,1.3,0.1,0.00030075927712937446,0.9210340371976184,0.0003265452360962455,0.8804452419164343,1.3,one_minus_alpha_power,840,True,50823.0,50823.0,256,1000000
10000,1.3,0.1,0.00030075927712937446,0.9210340371976184,0.0003265452360962455,0.8804452419164343,1.3,one_minus_alpha_power,841,True,70461.0,70461.0,256,1000000
10000,1.3,0.1,0.00030075927712937446,0.9210340371976184,0.0003265452360962455,0.8804452419164343,1.3,one_minus_alpha_power,842,True,13453.0,13453.0,256,1000000
10000,1.3,0.1,0.00030075927712937446,0.9210340371976184,0.0003265452360962455,0.8804452419164343,1.3,one_minus_alpha_power,843,True,16130.0,16130.0,256,1000000
10000,1.3,0.1,0.00030075927712937446,0.9210340371976184,0.0003265452360962455,0.8804452419164343,1.3,one_minus_alpha_power,844,True,43684.0,43684.0,256,1000000
10000,1.3,0.1,0.00030075927712937446,0.9210340371976184,0.0003265452360962455,0.8804452419164343,1.3,one_minus_alpha_power,845,True,44336.0,44336.0,256,1000000
10000,1.3,0.1,0.00030075927712937446,0.9210340371976184,0.0003265452360962455,0.8804452419164343,1.3,one_minus_alpha_power,846,True,48305.0,48305.0,256,1000000
10000,1.3,0.1,0.00030075927712937446,0.9210340371976184,0.0003265452360962455,0.8804452419164343,1.3,one_minus_alpha_power,847,True,17543.0,17543.0,256,1000000
10000,1.3,0.1,0.00030075927712937446,0.9210340371976184,0.0003265452360962455,0.8804452419164343,1.3,one_minus_alpha_power,848,True,24636.0,24636.0,256,1000000
10000,1.3,0.1,0.00030075927712937446,0.9210340371976184,0.0003265452360962455,0.8804452419164343,1.3,one_minus_alpha_power,849,True,11213.0,11213.0,256,1000000
10000,1.3,0.1,0.00030075927712937446,0.9210340371976184,0.0003265452360962455,0.8804452419164343,1.3,one_minus_alpha_power,850,True,7637.0,7637.0,256,1000000
10000,1.3,0.1,0.00030075927712937446,0.9210340371976184,0.0003265452360962455,0.8804452419164343,1.3,one_minus_alpha_power,851,True,6873.0,6873.0,256,1000000
10000,1.3,0.1,0.00030075927712937446,0.9210340371976184,0.0003265452360962455,0.8804452419164343,1.3,one_minus_alpha_power,852,True,11080.0,11080.0,256,1000000
10000,1.3,0.1,0.00030075927712937446,0.9210340371976184,0.0003265452360962455,0.8804452419164343,1.3,one_minus_alpha_power,853,True,3858.0,3858.0,256,1000000
10000,1.3,0.1,0.00030075927712937446,0.9210340371976184,0.0003265452360962455,0.8804452419164343,1.3,one_minus_alpha_power,854,True,12417.0,12417.0,256,1000000
10000,1.3,0.1,0.00030075927712937446,0.9210340371976184,0.0003265452360962455,0.8804452419164343,1.3,one_minus_alpha_power,855,True,6327.0,6327.0,256,1000000
10000,1.3,0.1,0.00030075927712937446,0.9210340371976184,0.0003265452360962455,0.8804452419164343,1.3,one_minus_alpha_power,856,True,25976.0,25976.0,256,1000000
10000,1.3,0.1,0.00030075927712937446,0.9210340371976184,0.0003265452360962455,0.8804452419164343,1.3,one_minus_alpha_power,857,True,5665.0,5665.0,256,1000000
10000,1.3,0.1,0.00030075927712937446,0.9210340371976184,0.0003265452360962455,0.8804452419164343,1.3,one_minus_alpha_power,858,True,11447.0,11447.0,256,1000000
10000,1.3,0.1,0.00030075927712937446,0.9210340371976184,0.0003265452360962455,0.8804452419164343,1.3,one_minus_alpha_power,859,True,68965.0,68965.0,256,1000000
10000,1.3,0.1,0.00030075927712937446,0.9210340371976184,0.0003265452360962455,0.8804452419164343,1.3,one_minus_alpha_power,860,True,6034.0,6034.0,256,1000000
10000,1.3,0.1,0.00030075927712937446,0.9210340371976184,0.0003265452360962455,0.8804452419164343,1.3,one_minus_alpha_power,861,True,114460.0,114460.0,256,1000000
10000,1.3,0.1,0.00030075927712937446,0.9210340371976184,0.0003265452360962455,0.8804452419164343,1.3,one_minus_alpha_power,862,True,61173.0,61173.0,256,1000000
10000,1.3,0.1,0.00030075927712937446,0.9210340371976184,0.0003265452360962455,0.8804452419164343,1.3,one_minus_alpha_power,863,True,8769.0,8769.0,256,1000000
10000,1.3,0.1,0.00030075927712937446,0.9210340371976184,0.0003265452360962455,0.8804452419164343,1.3,one_minus_alpha_power,864,True,5237.0,5237.0,256,1000000
10000,1.3,0.1,0.00030075927712937446,0.9210340371976184,0.0003265452360962455,0.8804452419164343,1.3,one_minus_alpha_power,865,True,40961.0,40961.0,256,1000000
10000,1.3,0.1,0.00030075927712937446,0.9210340371976184,0.0003265452360962455,0.8804452419164343,1.3,one_minus_alpha_power,866,True,28467.0,28467.0,256,1000000
10000,1.3,0.1,0.00030075927712937446,0.9210340371976184,0.0003265452360962455,0.8804452419164343,1.3,one_minus_alpha_power,867,True,14090.0,14090.0,256,1000000
10000,1.3,0.1,0.00030075927712937446,0.9210340371976184,0.0003265452360962455,0.8804452419164343,1.3,one_minus_alpha_power,868,True,7106.0,7106.0,256,1000000
10000,1.3,0.1,0.00030075927712937446,0.9210340371976184,0.0003265452360962455,0.8804452419164343,1.3,one_minus_alpha_power,869,True,42222.0,42222.0,256,1000000
10000,1.3,0.1,0.00030075927712937446,0.9210340371976184,0.0003265452360962455,0.8804452419164343,1.3,one_minus_alpha_power,870,True,22232.0,22232.0,256,1000000
10000,1.3,0.1,0.00030075927712937446,0.9210340371976184,0.0003265452360962455,0.8804452419164343,1.3,one_minus_alpha_power,871,True,10617.0,10617.0,256,1000000
10000,1.3,0.1,0.00030075927712937446,0.9210340371976184,0.0003265452360962455,0.8804452419164343,1.3,one_minus_alpha_power,872,True,37888.0,37888.0,256,1000000
10000,1.3,0.1,0.00030075927712937446,0.9210340371976184,0.0003265452360962455,0.8804452419164343,1.3,one_minus_alpha_power,873,True,45158.0,45158.0,256,1000000
10000,1.3,0.1,0.00030075927712937446,0.9210340371976184,0.0003265452360962455,0.8804452419164343,1.3,one_minus_alpha_power,874,True,78771.0,78771.0,256,1000000
10000,1.3,0.1,0.00030075927712937446,0.9210340371976184,0.0003265452360962455,0.8804452419164343,1.3,one_minus_alpha_power,875,True,29277.0,29277.0,256,1000000
10000,1.3,0.1,0.00030075927712937446,0.9210340371976184,0.0003265452360962455,0.8804452419164343,1.3,one_minus_alpha_power,876,True,49728.0,49728.0,256,1000000
10000,1.3,0.1,0.00030075927712937446,0.9210340371976184,0.0003265452360962455,0.8804452419164343,1.3,one_minus_alpha_power,877,True,3328.0,3328.0,256,1000000
10000,1.3,0.1,0.00030075927712937446,0.9210340371976184,0.0003265452360962455,0.8804452419164343,1.3,one_minus_alpha_power,878,True,3052.0,3052.0,256,1000000
10000,1.3,0.1,0.00030075927712937446,0.9210340371976184,0.0003265452360962455,0.8804452419164343,1.3,one_minus_alpha_power,879,True,79395.0,79395.0,256,1000000
10000,1.3,0.1,0.00030075927712937446,0.9210340371976184,0.0003265452360962455,0.8804452419164343,1.3,one_minus_alpha_power,880,True,111035.0,111035.0,256,1000000
10000,1.3,0.1,0.00030075927712937446,0.9210340371976184,0.0003265452360962455,0.8804452419164343,1.3,one_minus_alpha_power,881,True,105038.0,105038.0,256,1000000
10000,1.3,0.1,0.00030075927712937446,0.9210340371976184,0.0003265452360962455,0.8804452419164343,1.3,one_minus_alpha_power,882,True,5810.0,5810.0,256,1000000
10000,1.3,0.1,0.00030075927712937446,0.9210340371976184,0.0003265452360962455,0.8804452419164343,1.3,one_minus_alpha_power,883,True,31212.0,31212.0,256,1000000
10000,1.3,0.1,0.00030075927712937446,0.9210340371976184,0.0003265452360962455,0.8804452419164343,1.3,one_minus_alpha_power,884,True,45555.0,45555.0,256,1000000
10000,1.3,0.1,0.00030075927712937446,0.9210340371976184,0.0003265452360962455,0.8804452419164343,1.3,one_minus_alpha_power,885,True,10379.0,10379.0,256,1000000
10000,1.3,0.1,0.00030075927712937446,0.9210340371976184,0.0003265452360962455,0.8804452419164343,1.3,one_minus_alpha_power,886,True,8286.0,8286.0,256,1000000
10000,1.3,0.1,0.00030075927712937446,0.9210340371976184,0.0003265452360962455,0.8804452419164343,1.3,one_minus_alpha_power,887,True,21681.0,21681.0,256,1000000
10000,1.3,0.1,0.00030075927712937446,0.9210340371976184,0.0003265452360962455,0.8804452419164343,1.3,one_minus_alpha_power,888,True,24409.0,24409.0,256,1000000
10000,1.3,0.1,0.00030075927712937446,0.9210340371976184,0.0003265452360962455,0.8804452419164343,1.3,one_minus_alpha_power,889,True,17890.0,17890.0,256,1000000
10000,1.3,0.1,0.00030075927712937446,0.9210340371976184,0.0003265452360962455,0.8804452419164343,1.3,one_minus_alpha_power,890,True,12950.0,12950.0,256,1000000
10000,1.3,0.1,0.00030075927712937446,0.9210340371976184,0.0003265452360962455,0.8804452419164343,1.3,one_minus_alpha_power,891,True,63219.0,63219.0,256,1000000
10000,1.3,0.1,0.00030075927712937446,0.9210340371976184,0.0003265452360962455,0.8804452419164343,1.3,one_minus_alpha_power,892,True,23306.0,23306.0,256,1000000
10000,1.3,0.1,0.00030075927712937446,0.9210340371976184,0.0003265452360962455,0.8804452419164343,1.3,one_minus_alpha_power,893,True,63683.0,63683.0,256,1000000
10000,1.3,0.1,0.00030075927712937446,0.9210340371976184,0.0003265452360962455,0.8804452419164343,1.3,one_minus_alpha_power,894,True,50307.0,50307.0,256,1000000
10000,1.3,0.1,0.00030075927712937446,0.9210340371976184,0.0003265452360962455,0.8804452419164343,1.3,one_minus_alpha_power,895,True,31433.0,31433.0,256,1000000
10000,1.3,0.1,0.00030075927712937446,0.9210340371976184,0.0003265452360962455,0.8804452419164343,1.3,one_minus_alpha_power,896,True,7207.0,7207.0,256,1000000
10000,1.3,0.1,0.00030075927712937446,0.9210340371976184,0.0003265452360962455,0.8804452419164343,1.3,one_minus_alpha_power,897,True,9593.0,9593.0,256,1000000
10000,1.3,0.1,0.00030075927712937446,0.9210340371976184,0.0003265452360962455,0.8804452419164343,1.3,one_minus_alpha_power,898,True,4051.0,4051.0,256,1000000
10000,1.3,0.1,0.00030075927712937446,0.9210340371976184,0.0003265452360962455,0.8804452419164343,1.3,one_minus_alpha_power,899,True,38571.0,38571.0,256,1000000
10000,1.3,0.1,0.00030075927712937446,0.9210340371976184,0.0003265452360962455,0.8804452419164343,1.3,one_minus_alpha_power,900,True,61659.0,61659.0,256,1000000
10000,1.3,0.1,0.00030075927712937446,0.9210340371976184,0.0003265452360962455,0.8804452419164343,1.3,one_minus_alpha_power,901,True,15533.0,15533.0,256,1000000
10000,1.3,0.1,0.00030075927712937446,0.9210340371976184,0.0003265452360962455,0.8804452419164343,1.3,one_minus_alpha_power,902,True,9932.0,9932.0,256,1000000
10000,1.3,0.1,0.00030075927712937446,0.9210340371976184,0.0003265452360962455,0.8804452419164343,1.3,one_minus_alpha_power,903,True,3510.0,3510.0,256,1000000
10000,1.3,0.1,0.00030075927712937446,0.9210340371976184,0.0003265452360962455,0.8804452419164343,1.3,one_minus_alpha_power,904,True,30436.0,30436.0,256,1000000
10000,1.3,0.1,0.00030075927712937446,0.9210340371976184,0.0003265452360962455,0.8804452419164343,1.3,one_minus_alpha_power,905,True,2904.0,2904.0,256,1000000
10000,1.3,0.1,0.00030075927712937446,0.9210340371976184,0.0003265452360962455,0.8804452419164343,1.3,one_minus_alpha_power,906,True,42198.0,42198.0,256,1000000
10000,1.3,0.1,0.00030075927712937446,0.9210340371976184,0.0003265452360962455,0.8804452419164343,1.3,one_minus_alpha_power,907,True,15771.0,15771.0,256,1000000
10000,1.3,0.1,0.00030075927712937446,0.9210340371976184,0.0003265452360962455,0.8804452419164343,1.3,one_minus_alpha_power,908,True,10416.0,10416.0,256,1000000
10000,1.3,0.1,0.00030075927712937446,0.9210340371976184,0.0003265452360962455,0.8804452419164343,1.3,one_minus_alpha_power,909,True,9200.0,9200.0,256,1000000
10000,1.3,0.1,0.00030075927712937446,0.9210340371976184,0.0003265452360962455,0.8804452419164343,1.3,one_minus_alpha_power,910,True,9001.0,9001.0,256,1000000
10000,1.3,0.1,0.00030075927712937446,0.9210340371976184,0.0003265452360962455,0.8804452419164343,1.3,one_minus_alpha_power,911,True,25675.0,25675.0,256,1000000
10000,1.3,0.1,0.00030075927712937446,0.9210340371976184,0.0003265452360962455,0.8804452419164343,1.3,one_minus_alpha_power,912,True,105966.0,105966.0,256,1000000
10000,1.3,0.1,0.00030075927712937446,0.9210340371976184,0.0003265452360962455,0.8804452419164343,1.3,one_minus_alpha_power,913,True,40575.0,40575.0,256,1000000
10000,1.3,0.1,0.00030075927712937446,0.9210340371976184,0.0003265452360962455,0.8804452419164343,1.3,one_minus_alpha_power,914,True,12586.0,12586.0,256,1000000
10000,1.3,0.1,0.00030075927712937446,0.9210340371976184,0.0003265452360962455,0.8804452419164343,1.3,one_minus_alpha_power,915,True,33169.0,33169.0,256,1000000
10000,1.3,0.1,0.00030075927712937446,0.9210340371976184,0.0003265452360962455,0.8804452419164343,1.3,one_minus_alpha_power,916,True,43378.0,43378.0,256,1000000
10000,1.3,0.1,0.00030075927712937446,0.9210340371976184,0.0003265452360962455,0.8804452419164343,1.3,one_minus_alpha_power,917,True,32986.0,32986.0,256,1000000
10000,1.3,0.1,0.00030075927712937446,0.9210340371976184,0.0003265452360962455,0.8804452419164343,1.3,one_minus_alpha_power,918,True,38231.0,38231.0,256,1000000
10000,1.3,0.1,0.00030075927712937446,0.9210340371976184,0.0003265452360962455,0.8804452419164343,1.3,one_minus_alpha_power,919,True,42378.0,42378.0,256,1000000
10000,1.3,0.1,0.00030075927712937446,0.9210340371976184,0.0003265452360962455,0.8804452419164343,1.3,one_minus_alpha_power,920,True,59867.0,59867.0,256,1000000
10000,1.3,0.1,0.00030075927712937446,0.9210340371976184,0.0003265452360962455,0.8804452419164343,1.3,one_minus_alpha_power,921,True,38859.0,38859.0,256,1000000
10000,1.3,0.1,0.00030075927712937446,0.9210340371976184,0.0003265452360962455,0.8804452419164343,1.3,one_minus_alpha_power,922,True,27906.0,27906.0,256,1000000
10000,1.3,0.1,0.00030075927712937446,0.9210340371976184,0.0003265452360962455,0.8804452419164343,1.3,one_minus_alpha_power,923,True,23052.0,23052.0,256,1000000
10000,1.3,0.1,0.00030075927712937446,0.9210340371976184,0.0003265452360962455,0.8804452419164343,1.3,one_minus_alpha_power,924,True,2610.0,2610.0,256,1000000
10000,1.3,0.1,0.00030075927712937446,0.9210340371976184,0.0003265452360962455,0.8804452419164343,1.3,one_minus_alpha_power,925,True,5706.0,5706.0,256,1000000
10000,1.3,0.1,0.00030075927712937446,0.9210340371976184,0.0003265452360962455,0.8804452419164343,1.3,one_minus_alpha_power,926,True,63274.0,63274.0,256,1000000
10000,1.3,0.1,0.00030075927712937446,0.9210340371976184,0.0003265452360962455,0.8804452419164343,1.3,one_minus_alpha_power,927,True,44180.0,44180.0,256,1000000
10000,1.3,0.1,0.00030075927712937446,0.9210340371976184,0.0003265452360962455,0.8804452419164343,1.3,one_minus_alpha_power,928,True,9323.0,9323.0,256,1000000
10000,1.3,0.1,0.00030075927712937446,0.9210340371976184,0.0003265452360962455,0.8804452419164343,1.3,one_minus_alpha_power,929,True,52871.0,52871.0,256,1000000
10000,1.3,0.1,0.00030075927712937446,0.9210340371976184,0.0003265452360962455,0.8804452419164343,1.3,one_minus_alpha_power,930,True,6001.0,6001.0,256,1000000
10000,1.3,0.1,0.00030075927712937446,0.9210340371976184,0.0003265452360962455,0.8804452419164343,1.3,one_minus_alpha_power,931,True,53916.0,53916.0,256,1000000
10000,1.3,0.1,0.00030075927712937446,0.9210340371976184,0.0003265452360962455,0.8804452419164343,1.3,one_minus_alpha_power,932,True,6819.0,6819.0,256,1000000
10000,1.3,0.1,0.00030075927712937446,0.9210340371976184,0.0003265452360962455,0.8804452419164343,1.3,one_minus_alpha_power,933,True,4863.0,4863.0,256,1000000
10000,1.3,0.1,0.00030075927712937446,0.9210340371976184,0.0003265452360962455,0.8804452419164343,1.3,one_minus_alpha_power,934,True,51535.0,51535.0,256,1000000
10000,1.3,0.1,0.00030075927712937446,0.9210340371976184,0.0003265452360962455,0.8804452419164343,1.3,one_minus_alpha_power,935,True,96718.0,96718.0,256,1000000
10000,1.3,0.1,0.00030075927712937446,0.9210340371976184,0.0003265452360962455,0.8804452419164343,1.3,one_minus_alpha_power,936,True,7403.0,7403.0,256,1000000
10000,1.3,0.1,0.00030075927712937446,0.9210340371976184,0.0003265452360962455,0.8804452419164343,1.3,one_minus_alpha_power,937,True,7436.0,7436.0,256,1000000
10000,1.3,0.1,0.00030075927712937446,0.9210340371976184,0.0003265452360962455,0.8804452419164343,1.3,one_minus_alpha_power,938,True,4486.0,4486.0,256,1000000
10000,1.3,0.1,0.00030075927712937446,0.9210340371976184,0.0003265452360962455,0.8804452419164343,1.3,one_minus_alpha_power,939,True,36226.0,36226.0,256,1000000
10000,1.3,0.1,0.00030075927712937446,0.9210340371976184,0.0003265452360962455,0.8804452419164343,1.3,one_minus_alpha_power,940,True,5858.0,5858.0,256,1000000
10000,1.3,0.1,0.00030075927712937446,0.9210340371976184,0.0003265452360962455,0.8804452419164343,1.3,one_minus_alpha_power,941,True,17243.0,17243.0,256,1000000
10000,1.3,0.1,0.00030075927712937446,0.9210340371976184,0.0003265452360962455,0.8804452419164343,1.3,one_minus_alpha_power,942,True,56530.0,56530.0,256,1000000
10000,1.3,0.1,0.00030075927712937446,0.9210340371976184,0.0003265452360962455,0.8804452419164343,1.3,one_minus_alpha_power,943,True,34708.0,34708.0,256,1000000
10000,1.3,0.1,0.00030075927712937446,0.9210340371976184,0.0003265452360962455,0.8804452419164343,1.3,one_minus_alpha_power,944,True,11825.0,11825.0,256,1000000
10000,1.3,0.1,0.00030075927712937446,0.9210340371976184,0.0003265452360962455,0.8804452419164343,1.3,one_minus_alpha_power,945,True,7116.0,7116.0,256,1000000
10000,1.3,0.1,0.00030075927712937446,0.9210340371976184,0.0003265452360962455,0.8804452419164343,1.3,one_minus_alpha_power,946,True,20529.0,20529.0,256,1000000
10000,1.3,0.1,0.00030075927712937446,0.9210340371976184,0.0003265452360962455,0.8804452419164343,1.3,one_minus_alpha_power,947,True,22437.0,22437.0,256,1000000
10000,1.3,0.1,0.00030075927712937446,0.9210340371976184,0.0003265452360962455,0.8804452419164343,1.3,one_minus_alpha_power,948,True,9281.0,9281.0,256,1000000
10000,1.3,0.1,0.00030075927712937446,0.9210340371976184,0.0003265452360962455,0.8804452419164343,1.3,one_minus_alpha_power,949,True,4940.0,4940.0,256,1000000
10000,1.3,0.1,0.00030075927712937446,0.9210340371976184,0.0003265452360962455,0.8804452419164343,1.3,one_minus_alpha_power,950,True,60423.0,60423.0,256,1000000
10000,1.3,0.1,0.00030075927712937446,0.9210340371976184,0.0003265452360962455,0.8804452419164343,1.3,one_minus_alpha_power,951,True,7760.0,7760.0,256,1000000
10000,1.3,0.1,0.00030075927712937446,0.9210340371976184,0.0003265452360962455,0.8804452419164343,1.3,one_minus_alpha_power,952,True,3664.0,3664.0,256,1000000
10000,1.3,0.1,0.00030075927712937446,0.9210340371976184,0.0003265452360962455,0.8804452419164343,1.3,one_minus_alpha_power,953,True,68449.0,68449.0,256,1000000
10000,1.3,0.1,0.00030075927712937446,0.9210340371976184,0.0003265452360962455,0.8804452419164343,1.3,one_minus_alpha_power,954,True,5178.0,5178.0,256,1000000
10000,1.3,0.1,0.00030075927712937446,0.9210340371976184,0.0003265452360962455,0.8804452419164343,1.3,one_minus_alpha_power,955,True,2147.0,2147.0,256,1000000
10000,1.3,0.1,0.00030075927712937446,0.9210340371976184,0.0003265452360962455,0.8804452419164343,1.3,one_minus_alpha_power,956,True,27719.0,27719.0,256,1000000
10000,1.3,0.1,0.00030075927712937446,0.9210340371976184,0.0003265452360962455,0.8804452419164343,1.3,one_minus_alpha_power,957,True,57085.0,57085.0,256,1000000
10000,1.3,0.1,0.00030075927712937446,0.9210340371976184,0.0003265452360962455,0.8804452419164343,1.3,one_minus_alpha_power,958,True,60737.0,60737.0,256,1000000
10000,1.3,0.1,0.00030075927712937446,0.9210340371976184,0.0003265452360962455,0.8804452419164343,1.3,one_minus_alpha_power,959,True,25568.0,25568.0,256,1000000
10000,1.3,0.1,0.00030075927712937446,0.9210340371976184,0.0003265452360962455,0.8804452419164343,1.3,one_minus_alpha_power,960,True,55688.0,55688.0,256,1000000
10000,1.3,0.1,0.00030075927712937446,0.9210340371976184,0.0003265452360962455,0.8804452419164343,1.3,one_minus_alpha_power,961,True,18634.0,18634.0,256,1000000
10000,1.3,0.1,0.00030075927712937446,0.9210340371976184,0.0003265452360962455,0.8804452419164343,1.3,one_minus_alpha_power,962,True,6363.0,6363.0,256,1000000
10000,1.3,0.1,0.00030075927712937446,0.9210340371976184,0.0003265452360962455,0.8804452419164343,1.3,one_minus_alpha_power,963,True,53254.0,53254.0,256,1000000
10000,1.3,0.1,0.00030075927712937446,0.9210340371976184,0.0003265452360962455,0.8804452419164343,1.3,one_minus_alpha_power,964,True,8449.0,8449.0,256,1000000
10000,1.3,0.1,0.00030075927712937446,0.9210340371976184,0.0003265452360962455,0.8804452419164343,1.3,one_minus_alpha_power,965,True,68564.0,68564.0,256,1000000
10000,1.3,0.1,0.00030075927712937446,0.9210340371976184,0.0003265452360962455,0.8804452419164343,1.3,one_minus_alpha_power,966,True,15893.0,15893.0,256,1000000
10000,1.3,0.1,0.00030075927712937446,0.9210340371976184,0.0003265452360962455,0.8804452419164343,1.3,one_minus_alpha_power,967,True,11604.0,11604.0,256,1000000
10000,1.3,0.1,0.00030075927712937446,0.9210340371976184,0.0003265452360962455,0.8804452419164343,1.3,one_minus_alpha_power,968,True,3925.0,3925.0,256,1000000
10000,1.3,0.1,0.00030075927712937446,0.9210340371976184,0.0003265452360962455,0.8804452419164343,1.3,one_minus_alpha_power,969,True,23571.0,23571.0,256,1000000
10000,1.3,0.1,0.00030075927712937446,0.9210340371976184,0.0003265452360962455,0.8804452419164343,1.3,one_minus_alpha_power,970,True,63468.0,63468.0,256,1000000
10000,1.3,0.1,0.00030075927712937446,0.9210340371976184,0.0003265452360962455,0.8804452419164343,1.3,one_minus_alpha_power,971,True,74536.0,74536.0,256,1000000
10000,1.3,0.1,0.00030075927712937446,0.9210340371976184,0.0003265452360962455,0.8804452419164343,1.3,one_minus_alpha_power,972,True,20471.0,20471.0,256,1000000
10000,1.3,0.1,0.00030075927712937446,0.9210340371976184,0.0003265452360962455,0.8804452419164343,1.3,one_minus_alpha_power,973,True,11332.0,11332.0,256,1000000
10000,1.3,0.1,0.00030075927712937446,0.9210340371976184,0.0003265452360962455,0.8804452419164343,1.3,one_minus_alpha_power,974,True,37814.0,37814.0,256,1000000
10000,1.3,0.1,0.00030075927712937446,0.9210340371976184,0.0003265452360962455,0.8804452419164343,1.3,one_minus_alpha_power,975,True,10241.0,10241.0,256,1000000
10000,1.3,0.1,0.00030075927712937446,0.9210340371976184,0.0003265452360962455,0.8804452419164343,1.3,one_minus_alpha_power,976,True,11912.0,11912.0,256,1000000
10000,1.3,0.1,0.00030075927712937446,0.9210340371976184,0.0003265452360962455,0.8804452419164343,1.3,one_minus_alpha_power,977,True,28076.0,28076.0,256,1000000
10000,1.3,0.1,0.00030075927712937446,0.9210340371976184,0.0003265452360962455,0.8804452419164343,1.3,one_minus_alpha_power,978,True,31719.0,31719.0,256,1000000
10000,1.3,0.1,0.00030075927712937446,0.9210340371976184,0.0003265452360962455,0.8804452419164343,1.3,one_minus_alpha_power,979,True,54284.0,54284.0,256,1000000
10000,1.3,0.1,0.00030075927712937446,0.9210340371976184,0.0003265452360962455,0.8804452419164343,1.3,one_minus_alpha_power,980,True,55075.0,55075.0,256,1000000
10000,1.3,0.1,0.00030075927712937446,0.9210340371976184,0.0003265452360962455,0.8804452419164343,1.3,one_minus_alpha_power,981,True,69405.0,69405.0,256,1000000
10000,1.3,0.1,0.00030075927712937446,0.9210340371976184,0.0003265452360962455,0.8804452419164343,1.3,one_minus_alpha_power,982,True,34222.0,34222.0,256,1000000
10000,1.3,0.1,0.00030075927712937446,0.9210340371976184,0.0003265452360962455,0.8804452419164343,1.3,one_minus_alpha_power,983,True,38495.0,38495.0,256,1000000
10000,1.3,0.1,0.00030075927712937446,0.9210340371976184,0.0003265452360962455,0.8804452419164343,1.3,one_minus_alpha_power,984,True,19728.0,19728.0,256,1000000
10000,1.3,0.1,0.00030075927712937446,0.9210340371976184,0.0003265452360962455,0.8804452419164343,1.3,one_minus_alpha_power,985,True,5363.0,5363.0,256,1000000
10000,1.3,0.1,0.00030075927712937446,0.9210340371976184,0.0003265452360962455,0.8804452419164343,1.3,one_minus_alpha_power,986,True,6919.0,6919.0,256,1000000
10000,1.3,0.1,0.00030075927712937446,0.9210340371976184,0.0003265452360962455,0.8804452419164343,1.3,one_minus_alpha_power,987,True,9394.0,9394.0,256,1000000
10000,1.3,0.1,0.00030075927712937446,0.9210340371976184,0.0003265452360962455,0.8804452419164343,1.3,one_minus_alpha_power,988,True,43757.0,43757.0,256,1000000
10000,1.3,0.1,0.00030075927712937446,0.9210340371976184,0.0003265452360962455,0.8804452419164343,1.3,one_minus_alpha_power,989,True,210279.0,210279.0,256,1000000
10000,1.3,0.1,0.00030075927712937446,0.9210340371976184,0.0003265452360962455,0.8804452419164343,1.3,one_minus_alpha_power,990,True,10870.0,10870.0,256,1000000
10000,1.3,0.1,0.00030075927712937446,0.9210340371976184,0.0003265452360962455,0.8804452419164343,1.3,one_minus_alpha_power,991,True,9307.0,9307.0,256,1000000
10000,1.3,0.1,0.00030075927712937446,0.9210340371976184,0.0003265452360962455,0.8804452419164343,1.3,one_minus_alpha_power,992,True,38635.0,38635.0,256,1000000
10000,1.3,0.1,0.00030075927712937446,0.9210340371976184,0.0003265452360962455,0.8804452419164343,1.3,one_minus_alpha_power,993,True,24509.0,24509.0,256,1000000
10000,1.3,0.1,0.00030075927712937446,0.9210340371976184,0.0003265452360962455,0.8804452419164343,1.3,one_minus_alpha_power,994,True,6751.0,6751.0,256,1000000
10000,1.3,0.1,0.00030075927712937446,0.9210340371976184,0.0003265452360962455,0.8804452419164343,1.3,one_minus_alpha_power,995,True,11792.0,11792.0,256,1000000
10000,1.3,0.1,0.00030075927712937446,0.9210340371976184,0.0003265452360962455,0.8804452419164343,1.3,one_minus_alpha_power,996,True,93217.0,93217.0,256,1000000
10000,1.3,0.1,0.00030075927712937446,0.9210340371976184,0.0003265452360962455,0.8804452419164343,1.3,one_minus_alpha_power,997,True,28652.0,28652.0,256,1000000
10000,1.3,0.1,0.00030075927712937446,0.9210340371976184,0.0003265452360962455,0.8804452419164343,1.3,one_minus_alpha_power,998,True,15011.0,15011.0,256,1000000
10000,1.3,0.1,0.00030075927712937446,0.9210340371976184,0.0003265452360962455,0.8804452419164343,1.3,one_minus_alpha_power,999,True,33844.0,33844.0,256,1000000
