N,psi,delta,lambda,theta,alpha,effective_beta,psi_check,selection_mode,path_index,hit_x0_zero,t_0,first_loss_time,num_classes,T_MAX
10000,0.7,0.8,0.8174547223245107,7.368272297580948,0.11094252347227809,0.021884073241593333,0.7,one_minus_alpha_power,0,True,9.0,9.0,256,1000000
10000,0.7,0.8,0.8174547223245107,7.368272297580948,0.11094252347227809,0.021884073241593333,0.7,one_minus_alpha_power,1,True,33.0,33.0,256,1000000
10000,0.7,0.8,0.8174547223245107,7.368272297580948,0.11094252347227809,0.021884073241593333,0.7,one_minus_alpha_power,2,True,86.0,86.0,256,1000000
10000,0.7,0.8,0.8174547223245107,7.368272297580948,0.11094252347227809,0.021884073241593333,0.7,one_minus_alpha_power,3,True,279.0,279.0,256,1000000
10000,0.7,0.8,0.8174547223245107,7.368272297580948,0.11094252347227809,0.021884073241593333,0.7,one_minus_alpha_power,4,True,19.0,19.0,256,1000000
10000,0.7,0.8,0.8174547223245107,7.368272297580948,0.11094252347227809,0.021884073241593333,0.7,one_minus_alpha_power,5,True,3.0,3.0,256,1000000
10000,0.7,0.8,0.8174547223245107,7.368272297580948,0.11094252347227809,0.021884073241593333,0.7,one_minus_alpha_power,6,True,25.0,25.0,256,1000000
10000,0.7,0.8,0.8174547223245107,7.368272297580948,0.11094252347227809,0.021884073241593333,0.7,one_minus_alpha_power,7,True,3.0,3.0,256,1000000
10000,0.7,0.8,0.8174547223245107,7.368272297580948,0.11094252347227809,0.021884073241593333,0.7,one_minus_alpha_power,8,True,9.0,9.0,256,1000000
10000,0.7,0.8,0.8174547223245107,7.368272297580948,0.11094252347227809,0.021884073241593333,0.7,one_minus_alpha_power,9,True,7.0,7.0,256,1000000
10000,0.7,0.8,0.8174547223245107,7.368272297580948,0.11094252347227809,0.021884073241593333,0.7,one_minus_alpha_power,10,True,52.0,52.0,256,1000000
10000,0.7,0.8,0.8174547223245107,7.368272297580948,0.11094252347227809,0.021884073241593333,0.7,one_minus_alpha_power,11,True,13.0,13.0,256,1000000
10000,0.7,0.8,0.8174547223245107,7.368272297580948,0.11094252347227809,0.021884073241593333,0.7,one_minus_alpha_power,12,True,40.0,40.0,256,1000000
10000,0.7,0.8,0.8174547223245107,7.368272297580948,0.11094252347227809,0.021884073241593333,0.7,one_minus_alpha_power,13,True,21.0,21.0,256,1000000
10000,0.7,0.8,0.8174547223245107,7.368272297580948,0.11094252347227809,0.021884073241593333,0.7,one_minus_alpha_power,14,True,5.0,5.0,256,1000000
10000,0.7,0.8,0.8174547223245107,7.368272297580948,0.11094252347227809,0.021884073241593333,0.7,one_minus_alpha_power,15,True,6.0,6.0,256,1000000
10000,0.7,0.8,0.8174547223245107,7.368272297580948,0.11094252347227809,0.021884073241593333,0.7,one_minus_alpha_power,16,True,39.0,39.0,256,1000000
10000,0.7,0.8,0.8174547223245107,7.368272297580948,0.11094252347227809,0.021884073241593333,0.7,one_minus_alpha_power,17,True,63.0,63.0,256,1000000
10000,0.7,0.8,0.8174547223245107,7.368272297580948,0.11094252347227809,0.021884073241593333,0.7,one_minus_alpha_power,18,True,38.0,38.0,256,1000000
10000,0.7,0.8,0.8174547223245107,7.368272297580948,0.11094252347227809,0.021884073241593333,0.7,one_minus_alpha_power,19,True,106.0,106.0,256,1000000
10000,0.7,0.8,0.8174547223245107,7.368272297580948,0.11094252347227809,0.021884073241593333,0.7,one_minus_alpha_power,20,True,0.0,0.0,256,1000000
10000,0.7,0.8,0.8174547223245107,7.368272297580948,0.11094252347227809,0.021884073241593333,0.7,one_minus_alpha_power,21,True,18.0,18.0,256,1000000
10000,0.7,0.8,0.8174547223245107,7.368272297580948,0.11094252347227809,0.021884073241593333,0.7,one_minus_alpha_power,22,True,141.0,141.0,256,1000000
10000,0.7,0.8,0.8174547223245107,7.368272297580948,0.11094252347227809,0.021884073241593333,0.7,one_minus_alpha_power,23,True,56.0,56.0,256,1000000
10000,0.7,0.8,0.8174547223245107,7.368272297580948,0.11094252347227809,0.021884073241593333,0.7,one_minus_alpha_power,24,True,46.0,46.0,256,1000000
10000,0.7,0.8,0.8174547223245107,7.368272297580948,0.11094252347227809,0.021884073241593333,0.7,one_minus_alpha_power,25,True,20.0,20.0,256,1000000
10000,0.7,0.8,0.8174547223245107,7.368272297580948,0.11094252347227809,0.021884073241593333,0.7,one_minus_alpha_power,26,True,80.0,80.0,256,1000000
10000,0.7,0.8,0.8174547223245107,7.368272297580948,0.11094252347227809,0.021884073241593333,0.7,one_minus_alpha_power,27,True,43.0,43.0,256,1000000
10000,0.7,0.8,0.8174547223245107,7.368272297580948,0.11094252347227809,0.021884073241593333,0.7,one_minus_alpha_power,28,True,70.0,70.0,256,1000000
10000,0.7,0.8,0.8174547223245107,7.368272297580948,0.11094252347227809,0.021884073241593333,0.7,one_minus_alpha_power,29,True,45.0,45.0,256,1000000
10000,0.7,0.8,0.8174547223245107,7.368272297580948,0.11094252347227809,0.021884073241593333,0.7,one_minus_alpha_power,30,True,5.0,5.0,256,1000000
10000,0.7,0.8,0.8174547223245107,7.368272297580948,0.11094252347227809,0.021884073241593333,0.7,one_minus_alpha_power,31,True,108.0,108.0,256,1000000
10000,0.7,0.8,0.8174547223245107,7.368272297580948,0.11094252347227809,0.021884073241593333,0.7,one_minus_alpha_power,32,True,1.0,1.0,256,1000000
10000,0.7,0.8,0.8174547223245107,7.368272297580948,0.11094252347227809,0.021884073241593333,0.7,one_minus_alpha_power,33,True,10.0,10.0,256,1000000
10000,0.7,0.8,0.8174547223245107,7.368272297580948,0.11094252347227809,0.021884073241593333,0.7,one_minus_alpha_power,34,True,27.0,27.0,256,1000000
10000,0.7,0.8,0.8174547223245107,7.368272297580948,0.11094252347227809,0.021884073241593333,0.7,one_minus_alpha_power,35,True,9.0,9.0,256,1000000
10000,0.7,0.8,0.8174547223245107,7.368272297580948,0.11094252347227809,0.021884073241593333,0.7,one_minus_alpha_power,36,True,50.0,50.0,256,1000000
10000,0.7,0.8,0.8174547223245107,7.368272297580948,0.11094252347227809,0.021884073241593333,0.7,one_minus_alpha_power,37,True,13.0,13.0,256,1000000
10000,0.7,0.8,0.8174547223245107,7.368272297580948,0.11094252347227809,0.021884073241593333,0.7,one_minus_alpha_power,38,True,1.0,1.0,256,1000000
10000,0.7,0.8,0.8174547223245107,7.368272297580948,0.11094252347227809,0.021884073241593333,0.7,one_minus_alpha_power,39,True,7.0,7.0,256,1000000
10000,0.7,0.8,0.8174547223245107,7.368272297580948,0.11094252347227809,0.021884073241593333,0.7,one_minus_alpha_power,40,True,119.0,119.0,256,1000000
10000,0.7,0.8,0.8174547223245107,7.368272297580948,0.11094252347227809,0.021884073241593333,0.7,one_minus_alpha_power,41,True,36.0,36.0,256,1000000
10000,0.7,0.8,0.8174547223245107,7.368272297580948,0.11094252347227809,0.021884073241593333,0.7,one_minus_alpha_power,42,True,6.0,6.0,256,1000000
10000,0.7,0.8,0.8174547223245107,7.368272297580948,0.11094252347227809,0.021884073241593333,0.7,one_minus_alpha_power,43,True,129.0,129.0,256,1000000
10000,0.7,0.8,0.8174547223245107,7.368272297580948,0.11094252347227809,0.021884073241593333,0.7,one_minus_alpha_power,44,True,12.0,12.0,256,1000000
10000,0.7,0.8,0.8174547223245107,7.368272297580948,0.11094252347227809,0.021884073241593333,0.7,one_minus_alpha_power,45,True,93.0,93.0,256,1000000
10000,0.7,0.8,0.8174547223245107,7.368272297580948,0.11094252347227809,0.021884073241593333,0.7,one_minus_alpha_power,46,True,105.0,105.0,256,1000000
10000,0.7,0.8,0.8174547223245107,7.368272297580948,0.11094252347227809,0.021884073241593333,0.7,one_minus_alpha_power,47,True,18.0,18.0,256,1000000
10000,0.7,0.8,0.8174547223245107,7.368272297580948,0.11094252347227809,0.021884073241593333,0.7,one_minus_alpha_power,48,True,155.0,155.0,256,1000000
10000,0.7,0.8,0.8174547223245107,7.368272297580948,0.11094252347227809,0.021884073241593333,0.7,one_minus_alpha_power,49,True,2.0,2.0,256,1000000
10000,0.7,0.8,0.8174547223245107,7.368272297580948,0.11094252347227809,0.021884073241593333,0.7,one_minus_alpha_power,50,True,50.0,50.0,256,1000000
10000,0.7,0.8,0.8174547223245107,7.368272297580948,0.11094252347227809,0.021884073241593333,0.7,one_minus_alpha_power,51,True,92.0,92.0,256,1000000
10000,0.7,0.8,0.8174547223245107,7.368272297580948,0.11094252347227809,0.021884073241593333,0.7,one_minus_alpha_power,52,True,5.0,5.0,256,1000000
10000,0.7,0.8,0.8174547223245107,7.368272297580948,0.11094252347227809,0.021884073241593333,0.7,one_minus_alpha_power,53,True,94.0,94.0,256,1000000
10000,0.7,0.8,0.8174547223245107,7.368272297580948,0.11094252347227809,0.021884073241593333,0.7,one_minus_alpha_power,54,True,5.0,5.0,256,1000000
10000,0.7,0.8,0.8174547223245107,7.368272297580948,0.11094252347227809,0.021884073241593333,0.7,one_minus_alpha_power,55,True,138.0,138.0,256,1000000
10000,0.7,0.8,0.8174547223245107,7.368272297580948,0.11094252347227809,0.021884073241593333,0.7,one_minus_alpha_power,56,True,37.0,37.0,256,1000000
10000,0.7,0.8,0.8174547223245107,7.368272297580948,0.11094252347227809,0.021884073241593333,0.7,one_minus_alpha_power,57,True,8.0,8.0,256,1000000
10000,0.7,0.8,0.8174547223245107,7.368272297580948,0.11094252347227809,0.021884073241593333,0.7,one_minus_alpha_power,58,True,19.0,19.0,256,1000000
10000,0.7,0.8,0.8174547223245107,7.368272297580948,0.11094252347227809,0.021884073241593333,0.7,one_minus_alpha_power,59,True,25.0,25.0,256,1000000
10000,0.7,0.8,0.8174547223245107,7.368272297580948,0.11094252347227809,0.021884073241593333,0.7,one_minus_alpha_power,60,True,9.0,9.0,256,1000000
10000,0.7,0.8,0.8174547223245107,7.368272297580948,0.11094252347227809,0.021884073241593333,0.7,one_minus_alpha_power,61,True,87.0,87.0,256,1000000
10000,0.7,0.8,0.8174547223245107,7.368272297580948,0.11094252347227809,0.021884073241593333,0.7,one_minus_alpha_power,62,True,48.0,48.0,256,1000000
10000,0.7,0.8,0.8174547223245107,7.368272297580948,0.11094252347227809,0.021884073241593333,0.7,one_minus_alpha_power,63,True,21.0,21.0,256,1000000
10000,0.7,0.8,0.8174547223245107,7.368272297580948,0.11094252347227809,0.021884073241593333,0.7,one_minus_alpha_power,64,True,44.0,44.0,256,1000000
10000,0.7,0.8,0.8174547223245107,7.368272297580948,0.11094252347227809,0.021884073241593333,0.7,one_minus_alpha_power,65,True,27.0,27.0,256,1000000
10000,0.7,0.8,0.8174547223245107,7.368272297580948,0.11094252347227809,0.021884073241593333,0.7,one_minus_alpha_power,66,True,14.0,14.0,256,1000000
10000,0.7,0.8,0.8174547223245107,7.368272297580948,0.11094252347227809,0.021884073241593333,0.7,one_minus_alpha_power,67,True,1.0,1.0,256,1000000
10000,0.7,0.8,0.8174547223245107,7.368272297580948,0.11094252347227809,0.021884073241593333,0.7,one_minus_alpha_power,68,True,18.0,18.0,256,1000000
10000,0.7,0.8,0.8174547223245107,7.368272297580948,0.11094252347227809,0.021884073241593333,0.7,one_minus_alpha_power,69,True,15.0,15.0,256,1000000
10000,0.7,0.8,0.8174547223245107,7.368272297580948,0.11094252347227809,0.021884073241593333,0.7,one_minus_alpha_power,70,True,71.0,71.0,256,1000000
10000,0.7,0.8,0.8174547223245107,7.368272297580948,0.11094252347227809,0.021884073241593333,0.7,one_minus_alpha_power,71,True,16.0,16.0,256,1000000
10000,0.7,0.8,0.8174547223245107,7.368272297580948,0.11094252347227809,0.021884073241593333,0.7,one_minus_alpha_power,72,True,55.0,55.0,256,1000000
10000,0.7,0.8,0.8174547223245107,7.368272297580948,0.11094252347227809,0.021884073241593333,0.7,one_minus_alpha_power,73,True,26.0,26.0,256,1000000
10000,0.7,0.8,0.8174547223245107,7.368272297580948,0.11094252347227809,0.021884073241593333,0.7,one_minus_alpha_power,74,True,2.0,2.0,256,1000000
10000,0.7,0.8,0.8174547223245107,7.368272297580948,0.11094252347227809,0.021884073241593333,0.7,one_minus_alpha_power,75,True,13.0,13.0,256,1000000
10000,0.7,0.8,0.8174547223245107,7.368272297580948,0.11094252347227809,0.021884073241593333,0.7,one_minus_alpha_power,76,True,3.0,3.0,256,1000000
10000,0.7,0.8,0.8174547223245107,7.368272297580948,0.11094252347227809,0.021884073241593333,0.7,one_minus_alpha_power,77,True,31.0,31.0,256,1000000
10000,0.7,0.8,0.8174547223245107,7.368272297580948,0.11094252347227809,0.021884073241593333,0.7,one_minus_alpha_power,78,True,42.0,42.0,256,1000000
10000,0.7,0.8,0.8174547223245107,7.368272297580948,0.11094252347227809,0.021884073241593333,0.7,one_minus_alpha_power,79,True,25.0,25.0,256,1000000
10000,0.7,0.8,0.8174547223245107,7.368272297580948,0.11094252347227809,0.021884073241593333,0.7,one_minus_alpha_power,80,True,28.0,28.0,256,1000000
10000,0.7,0.8,0.8174547223245107,7.368272297580948,0.11094252347227809,0.021884073241593333,0.7,one_minus_alpha_power,81,True,4.0,4.0,256,1000000
10000,0.7,0.8,0.8174547223245107,7.368272297580948,0.11094252347227809,0.021884073241593333,0.7,one_minus_alpha_power,82,True,2.0,2.0,256,1000000
10000,0.7,0.8,0.8174547223245107,7.368272297580948,0.11094252347227809,0.021884073241593333,0.7,one_minus_alpha_power,83,True,36.0,36.0,256,1000000
10000,0.7,0.8,0.8174547223245107,7.368272297580948,0.11094252347227809,0.021884073241593333,0.7,one_minus_alpha_power,84,True,11.0,11.0,256,1000000
10000,0.7,0.8,0.8174547223245107,7.368272297580948,0.11094252347227809,0.021884073241593333,0.7,one_minus_alpha_power,85,True,94.0,94.0,256,1000000
10000,0.7,0.8,0.8174547223245107,7.368272297580948,0.11094252347227809,0.021884073241593333,0.7,one_minus_alpha_power,86,True,81.0,81.0,256,1000000
10000,0.7,0.8,0.8174547223245107,7.368272297580948,0.11094252347227809,0.021884073241593333,0.7,one_minus_alpha_power,87,True,180.0,180.0,256,1000000
10000,0.7,0.8,0.8174547223245107,7.368272297580948,0.11094252347227809,0.021884073241593333,0.7,one_minus_alpha_power,88,True,7.0,7.0,256,1000000
10000,0.7,0.8,0.8174547223245107,7.368272297580948,0.11094252347227809,0.021884073241593333,0.7,one_minus_alpha_power,89,True,105.0,105.0,256,1000000
10000,0.7,0.8,0.8174547223245107,7.368272297580948,0.11094252347227809,0.021884073241593333,0.7,one_minus_alpha_power,90,True,5.0,5.0,256,1000000
10000,0.7,0.8,0.8174547223245107,7.368272297580948,0.11094252347227809,0.021884073241593333,0.7,one_minus_alpha_power,91,True,31.0,31.0,256,1000000
10000,0.7,0.8,0.8174547223245107,7.368272297580948,0.11094252347227809,0.021884073241593333,0.7,one_minus_alpha_power,92,True,32.0,32.0,256,1000000
10000,0.7,0.8,0.8174547223245107,7.368272297580948,0.11094252347227809,0.021884073241593333,0.7,one_minus_alpha_power,93,True,155.0,155.0,256,1000000
10000,0.7,0.8,0.8174547223245107,7.368272297580948,0.11094252347227809,0.021884073241593333,0.7,one_minus_alpha_power,94,True,34.0,34.0,256,1000000
10000,0.7,0.8,0.8174547223245107,7.368272297580948,0.11094252347227809,0.021884073241593333,0.7,one_minus_alpha_power,95,True,25.0,25.0,256,1000000
10000,0.7,0.8,0.8174547223245107,7.368272297580948,0.11094252347227809,0.021884073241593333,0.7,one_minus_alpha_power,96,True,264.0,264.0,256,1000000
10000,0.7,0.8,0.8174547223245107,7.368272297580948,0.11094252347227809,0.021884073241593333,0.7,one_minus_alpha_power,97,True,119.0,119.0,256,1000000
10000,0.7,0.8,0.8174547223245107,7.368272297580948,0.11094252347227809,0.021884073241593333,0.7,one_minus_alpha_power,98,True,33.0,33.0,256,1000000
10000,0.7,0.8,0.8174547223245107,7.368272297580948,0.11094252347227809,0.021884073241593333,0.7,one_minus_alpha_power,99,True,154.0,154.0,256,1000000
10000,0.7,0.8,0.8174547223245107,7.368272297580948,0.11094252347227809,0.021884073241593333,0.7,one_minus_alpha_power,100,True,82.0,82.0,256,1000000
10000,0.7,0.8,0.8174547223245107,7.368272297580948,0.11094252347227809,0.021884073241593333,0.7,one_minus_alpha_power,101,True,90.0,90.0,256,1000000
10000,0.7,0.8,0.8174547223245107,7.368272297580948,0.11094252347227809,0.021884073241593333,0.7,one_minus_alpha_power,102,True,81.0,81.0,256,1000000
10000,0.7,0.8,0.8174547223245107,7.368272297580948,0.11094252347227809,0.021884073241593333,0.7,one_minus_alpha_power,103,True,84.0,84.0,256,1000000
10000,0.7,0.8,0.8174547223245107,7.368272297580948,0.11094252347227809,0.021884073241593333,0.7,one_minus_alpha_power,104,True,28.0,28.0,256,1000000
10000,0.7,0.8,0.8174547223245107,7.368272297580948,0.11094252347227809,0.021884073241593333,0.7,one_minus_alpha_power,105,True,37.0,37.0,256,1000000
10000,0.7,0.8,0.8174547223245107,7.368272297580948,0.11094252347227809,0.021884073241593333,0.7,one_minus_alpha_power,106,True,2.0,2.0,256,1000000
10000,0.7,0.8,0.8174547223245107,7.368272297580948,0.11094252347227809,0.021884073241593333,0.7,one_minus_alpha_power,107,True,78.0,78.0,256,1000000
10000,0.7,0.8,0.8174547223245107,7.368272297580948,0.11094252347227809,0.021884073241593333,0.7,one_minus_alpha_power,108,True,14.0,14.0,256,1000000
10000,0.7,0.8,0.8174547223245107,7.368272297580948,0.11094252347227809,0.021884073241593333,0.7,one_minus_alpha_power,109,True,40.0,40.0,256,1000000
10000,0.7,0.8,0.8174547223245107,7.368272297580948,0.11094252347227809,0.021884073241593333,0.7,one_minus_alpha_power,110,True,210.0,210.0,256,1000000
10000,0.7,0.8,0.8174547223245107,7.368272297580948,0.11094252347227809,0.021884073241593333,0.7,one_minus_alpha_power,111,True,10.0,10.0,256,1000000
10000,0.7,0.8,0.8174547223245107,7.368272297580948,0.11094252347227809,0.021884073241593333,0.7,one_minus_alpha_power,112,True,65.0,65.0,256,1000000
10000,0.7,0.8,0.8174547223245107,7.368272297580948,0.11094252347227809,0.021884073241593333,0.7,one_minus_alpha_power,113,True,5.0,5.0,256,1000000
10000,0.7,0.8,0.8174547223245107,7.368272297580948,0.11094252347227809,0.021884073241593333,0.7,one_minus_alpha_power,114,True,7.0,7.0,256,1000000
10000,0.7,0.8,0.8174547223245107,7.368272297580948,0.11094252347227809,0.021884073241593333,0.7,one_minus_alpha_power,115,True,124.0,124.0,256,1000000
10000,0.7,0.8,0.8174547223245107,7.368272297580948,0.11094252347227809,0.021884073241593333,0.7,one_minus_alpha_power,116,True,163.0,163.0,256,1000000
10000,0.7,0.8,0.8174547223245107,7.368272297580948,0.11094252347227809,0.021884073241593333,0.7,one_minus_alpha_power,117,True,30.0,30.0,256,1000000
10000,0.7,0.8,0.8174547223245107,7.368272297580948,0.11094252347227809,0.021884073241593333,0.7,one_minus_alpha_power,118,True,109.0,109.0,256,1000000
10000,0.7,0.8,0.8174547223245107,7.368272297580948,0.11094252347227809,0.021884073241593333,0.7,one_minus_alpha_power,119,True,74.0,74.0,256,1000000
10000,0.7,0.8,0.8174547223245107,7.368272297580948,0.11094252347227809,0.021884073241593333,0.7,one_minus_alpha_power,120,True,9.0,9.0,256,1000000
10000,0.7,0.8,0.8174547223245107,7.368272297580948,0.11094252347227809,0.021884073241593333,0.7,one_minus_alpha_power,121,True,27.0,27.0,256,1000000
10000,0.7,0.8,0.8174547223245107,7.368272297580948,0.11094252347227809,0.021884073241593333,0.7,one_minus_alpha_power,122,True,5.0,5.0,256,1000000
10000,0.7,0.8,0.8174547223245107,7.368272297580948,0.11094252347227809,0.021884073241593333,0.7,one_minus_alpha_power,123,True,17.0,17.0,256,1000000
10000,0.7,0.8,0.8174547223245107,7.368272297580948,0.11094252347227809,0.021884073241593333,0.7,one_minus_alpha_power,124,True,176.0,176.0,256,1000000
10000,0.7,0.8,0.8174547223245107,7.368272297580948,0.11094252347227809,0.021884073241593333,0.7,one_minus_alpha_power,125,True,1.0,1.0,256,1000000
10000,0.7,0.8,0.8174547223245107,7.368272297580948,0.11094252347227809,0.021884073241593333,0.7,one_minus_alpha_power,126,True,8.0,8.0,256,1000000
10000,0.7,0.8,0.8174547223245107,7.368272297580948,0.11094252347227809,0.021884073241593333,0.7,one_minus_alpha_power,127,True,34.0,34.0,256,1000000
10000,0.7,0.8,0.8174547223245107,7.368272297580948,0.11094252347227809,0.021884073241593333,0.7,one_minus_alpha_power,128,True,43.0,43.0,256,1000000
10000,0.7,0.8,0.8174547223245107,7.368272297580948,0.11094252347227809,0.021884073241593333,0.7,one_minus_alpha_power,129,True,18.0,18.0,256,1000000
10000,0.7,0.8,0.8174547223245107,7.368272297580948,0.11094252347227809,0.021884073241593333,0.7,one_minus_alpha_power,130,True,3.0,3.0,256,1000000
10000,0.7,0.8,0.8174547223245107,7.368272297580948,0.11094252347227809,0.021884073241593333,0.7,one_minus_alpha_power,131,True,73.0,73.0,256,1000000
10000,0.7,0.8,0.8174547223245107,7.368272297580948,0.11094252347227809,0.021884073241593333,0.7,one_minus_alpha_power,132,True,15.0,15.0,256,1000000
10000,0.7,0.8,0.8174547223245107,7.368272297580948,0.11094252347227809,0.021884073241593333,0.7,one_minus_alpha_power,133,True,78.0,78.0,256,1000000
10000,0.7,0.8,0.8174547223245107,7.368272297580948,0.11094252347227809,0.021884073241593333,0.7,one_minus_alpha_power,134,True,15.0,15.0,256,1000000
10000,0.7,0.8,0.8174547223245107,7.368272297580948,0.11094252347227809,0.021884073241593333,0.7,one_minus_alpha_power,135,True,9.0,9.0,256,1000000
10000,0.7,0.8,0.8174547223245107,7.368272297580948,0.11094252347227809,0.021884073241593333,0.7,one_minus_alpha_power,136,True,9.0,9.0,256,1000000
10000,0.7,0.8,0.8174547223245107,7.368272297580948,0.11094252347227809,0.021884073241593333,0.7,one_minus_alpha_power,137,True,47.0,47.0,256,1000000
10000,0.7,0.8,0.8174547223245107,7.368272297580948,0.11094252347227809,0.021884073241593333,0.7,one_minus_alpha_power,138,True,67.0,67.0,256,1000000
10000,0.7,0.8,0.8174547223245107,7.368272297580948,0.11094252347227809,0.021884073241593333,0.7,one_minus_alpha_power,139,True,10.0,10.0,256,1000000
10000,0.7,0.8,0.8174547223245107,7.368272297580948,0.11094252347227809,0.021884073241593333,0.7,one_minus_alpha_power,140,True,2.0,2.0,256,1000000
10000,0.7,0.8,0.8174547223245107,7.368272297580948,0.11094252347227809,0.021884073241593333,0.7,one_minus_alpha_power,141,True,119.0,119.0,256,1000000
10000,0.7,0.8,0.8174547223245107,7.368272297580948,0.11094252347227809,0.021884073241593333,0.7,one_minus_alpha_power,142,True,16.0,16.0,256,1000000
10000,0.7,0.8,0.8174547223245107,7.368272297580948,0.11094252347227809,0.021884073241593333,0.7,one_minus_alpha_power,143,True,128.0,128.0,256,1000000
10000,0.7,0.8,0.8174547223245107,7.368272297580948,0.11094252347227809,0.021884073241593333,0.7,one_minus_alpha_power,144,True,57.0,57.0,256,1000000
10000,0.7,0.8,0.8174547223245107,7.368272297580948,0.11094252347227809,0.021884073241593333,0.7,one_minus_alpha_power,145,True,10.0,10.0,256,1000000
10000,0.7,0.8,0.8174547223245107,7.368272297580948,0.11094252347227809,0.021884073241593333,0.7,one_minus_alpha_power,146,True,27.0,27.0,256,1000000
10000,0.7,0.8,0.8174547223245107,7.368272297580948,0.11094252347227809,0.021884073241593333,0.7,one_minus_alpha_power,147,True,120.0,120.0,256,1000000
10000,0.7,0.8,0.8174547223245107,7.368272297580948,0.11094252347227809,0.021884073241593333,0.7,one_minus_alpha_power,148,True,128.0,128.0,256,1000000
10000,0.7,0.8,0.8174547223245107,7.368272297580948,0.11094252347227809,0.021884073241593333,0.7,one_minus_alpha_power,149,True,8.0,8.0,256,1000000
10000,0.7,0.8,0.8174547223245107,7.368272297580948,0.11094252347227809,0.021884073241593333,0.7,one_minus_alpha_power,150,True,13.0,13.0,256,1000000
10000,0.7,0.8,0.8174547223245107,7.368272297580948,0.11094252347227809,0.021884073241593333,0.7,one_minus_alpha_power,151,True,84.0,84.0,256,1000000
10000,0.7,0.8,0.8174547223245107,7.368272297580948,0.11094252347227809,0.021884073241593333,0.7,one_minus_alpha_power,152,True,143.0,143.0,256,1000000
10000,0.7,0.8,0.8174547223245107,7.368272297580948,0.11094252347227809,0.021884073241593333,0.7,one_minus_alpha_power,153,True,26.0,26.0,256,1000000
10000,0.7,0.8,0.8174547223245107,7.368272297580948,0.11094252347227809,0.021884073241593333,0.7,one_minus_alpha_power,154,True,94.0,94.0,256,1000000
10000,0.7,0.8,0.8174547223245107,7.368272297580948,0.11094252347227809,0.021884073241593333,0.7,one_minus_alpha_power,155,True,44.0,44.0,256,1000000
10000,0.7,0.8,0.8174547223245107,7.368272297580948,0.11094252347227809,0.021884073241593333,0.7,one_minus_alpha_power,156,True,58.0,58.0,256,1000000
10000,0.7,0.8,0.8174547223245107,7.368272297580948,0.11094252347227809,0.021884073241593333,0.7,one_minus_alpha_power,157,True,103.0,103.0,256,1000000
10000,0.7,0.8,0.8174547223245107,7.368272297580948,0.11094252347227809,0.021884073241593333,0.7,one_minus_alpha_power,158,True,4.0,4.0,256,1000000
10000,0.7,0.8,0.8174547223245107,7.368272297580948,0.11094252347227809,0.021884073241593333,0.7,one_minus_alpha_power,159,True,1.0,1.0,256,1000000
10000,0.7,0.8,0.8174547223245107,7.368272297580948,0.11094252347227809,0.021884073241593333,0.7,one_minus_alpha_power,160,True,92.0,92.0,256,1000000
10000,0.7,0.8,0.8174547223245107,7.368272297580948,0.11094252347227809,0.021884073241593333,0.7,one_minus_alpha_power,161,True,30.0,30.0,256,1000000
10000,0.7,0.8,0.8174547223245107,7.368272297580948,0.11094252347227809,0.021884073241593333,0.7,one_minus_alpha_power,162,True,38.0,38.0,256,1000000
10000,0.7,0.8,0.8174547223245107,7.368272297580948,0.11094252347227809,0.021884073241593333,0.7,one_minus_alpha_power,163,True,55.0,55.0,256,1000000
10000,0.7,0.8,0.8174547223245107,7.368272297580948,0.11094252347227809,0.021884073241593333,0.7,one_minus_alpha_power,164,True,72.0,72.0,256,1000000
10000,0.7,0.8,0.8174547223245107,7.368272297580948,0.11094252347227809,0.021884073241593333,0.7,one_minus_alpha_power,165,True,48.0,48.0,256,1000000
10000,0.7,0.8,0.8174547223245107,7.368272297580948,0.11094252347227809,0.021884073241593333,0.7,one_minus_alpha_power,166,True,7.0,7.0,256,1000000
10000,0.7,0.8,0.8174547223245107,7.368272297580948,0.11094252347227809,0.021884073241593333,0.7,one_minus_alpha_power,167,True,0.0,0.0,256,1000000
10000,0.7,0.8,0.8174547223245107,7.368272297580948,0.11094252347227809,0.021884073241593333,0.7,one_minus_alpha_power,168,True,23.0,23.0,256,1000000
10000,0.7,0.8,0.8174547223245107,7.368272297580948,0.11094252347227809,0.021884073241593333,0.7,one_minus_alpha_power,169,True,27.0,27.0,256,1000000
10000,0.7,0.8,0.8174547223245107,7.368272297580948,0.11094252347227809,0.021884073241593333,0.7,one_minus_alpha_power,170,True,23.0,23.0,256,1000000
10000,0.7,0.8,0.8174547223245107,7.368272297580948,0.11094252347227809,0.021884073241593333,0.7,one_minus_alpha_power,171,True,6.0,6.0,256,1000000
10000,0.7,0.8,0.8174547223245107,7.368272297580948,0.11094252347227809,0.021884073241593333,0.7,one_minus_alpha_power,172,True,47.0,47.0,256,1000000
10000,0.7,0.8,0.8174547223245107,7.368272297580948,0.11094252347227809,0.021884073241593333,0.7,one_minus_alpha_power,173,True,32.0,32.0,256,1000000
10000,0.7,0.8,0.8174547223245107,7.368272297580948,0.11094252347227809,0.021884073241593333,0.7,one_minus_alpha_power,174,True,34.0,34.0,256,1000000
10000,0.7,0.8,0.8174547223245107,7.368272297580948,0.11094252347227809,0.021884073241593333,0.7,one_minus_alpha_power,175,True,34.0,34.0,256,1000000
10000,0.7,0.8,0.8174547223245107,7.368272297580948,0.11094252347227809,0.021884073241593333,0.7,one_minus_alpha_power,176,True,1.0,1.0,256,1000000
10000,0.7,0.8,0.8174547223245107,7.368272297580948,0.11094252347227809,0.021884073241593333,0.7,one_minus_alpha_power,177,True,4.0,4.0,256,1000000
10000,0.7,0.8,0.8174547223245107,7.368272297580948,0.11094252347227809,0.021884073241593333,0.7,one_minus_alpha_power,178,True,37.0,37.0,256,1000000
10000,0.7,0.8,0.8174547223245107,7.368272297580948,0.11094252347227809,0.021884073241593333,0.7,one_minus_alpha_power,179,True,18.0,18.0,256,1000000
10000,0.7,0.8,0.8174547223245107,7.368272297580948,0.11094252347227809,0.021884073241593333,0.7,one_minus_alpha_power,180,True,16.0,16.0,256,1000000
10000,0.7,0.8,0.8174547223245107,7.368272297580948,0.11094252347227809,0.021884073241593333,0.7,one_minus_alpha_power,181,True,20.0,20.0,256,1000000
10000,0.7,0.8,0.8174547223245107,7.368272297580948,0.11094252347227809,0.021884073241593333,0.7,one_minus_alpha_power,182,True,5.0,5.0,256,1000000
10000,0.7,0.8,0.8174547223245107,7.368272297580948,0.11094252347227809,0.021884073241593333,0.7,one_minus_alpha_power,183,True,35.0,35.0,256,1000000
10000,0.7,0.8,0.8174547223245107,7.368272297580948,0.11094252347227809,0.021884073241593333,0.7,one_minus_alpha_power,184,True,27.0,27.0,256,1000000
10000,0.7,0.8,0.8174547223245107,7.368272297580948,0.11094252347227809,0.021884073241593333,0.7,one_minus_alpha_power,185,True,82.0,82.0,256,1000000
10000,0.7,0.8,0.8174547223245107,7.368272297580948,0.11094252347227809,0.021884073241593333,0.7,one_minus_alpha_power,186,True,82.0,82.0,256,1000000
10000,0.7,0.8,0.8174547223245107,7.368272297580948,0.11094252347227809,0.021884073241593333,0.7,one_minus_alpha_power,187,True,30.0,30.0,256,1000000
10000,0.7,0.8,0.8174547223245107,7.368272297580948,0.11094252347227809,0.021884073241593333,0.7,one_minus_alpha_power,188,True,58.0,58.0,256,1000000
10000,0.7,0.8,0.8174547223245107,7.368272297580948,0.11094252347227809,0.021884073241593333,0.7,one_minus_alpha_power,189,True,34.0,34.0,256,1000000
10000,0.7,0.8,0.8174547223245107,7.368272297580948,0.11094252347227809,0.021884073241593333,0.7,one_minus_alpha_power,190,True,7.0,7.0,256,1000000
10000,0.7,0.8,0.8174547223245107,7.368272297580948,0.11094252347227809,0.021884073241593333,0.7,one_minus_alpha_power,191,True,3.0,3.0,256,1000000
10000,0.7,0.8,0.8174547223245107,7.368272297580948,0.11094252347227809,0.021884073241593333,0.7,one_minus_alpha_power,192,True,19.0,19.0,256,1000000
10000,0.7,0.8,0.8174547223245107,7.368272297580948,0.11094252347227809,0.021884073241593333,0.7,one_minus_alpha_power,193,True,1.0,1.0,256,1000000
10000,0.7,0.8,0.8174547223245107,7.368272297580948,0.11094252347227809,0.021884073241593333,0.7,one_minus_alpha_power,194,True,29.0,29.0,256,1000000
10000,0.7,0.8,0.8174547223245107,7.368272297580948,0.11094252347227809,0.021884073241593333,0.7,one_minus_alpha_power,195,True,40.0,40.0,256,1000000
10000,0.7,0.8,0.8174547223245107,7.368272297580948,0.11094252347227809,0.021884073241593333,0.7,one_minus_alpha_power,196,True,3.0,3.0,256,1000000
10000,0.7,0.8,0.8174547223245107,7.368272297580948,0.11094252347227809,0.021884073241593333,0.7,one_minus_alpha_power,197,True,33.0,33.0,256,1000000
10000,0.7,0.8,0.8174547223245107,7.368272297580948,0.11094252347227809,0.021884073241593333,0.7,one_minus_alpha_power,198,True,82.0,82.0,256,1000000
10000,0.7,0.8,0.8174547223245107,7.368272297580948,0.11094252347227809,0.021884073241593333,0.7,one_minus_alpha_power,199,True,71.0,71.0,256,1000000
10000,0.7,0.8,0.8174547223245107,7.368272297580948,0.11094252347227809,0.021884073241593333,0.7,one_minus_alpha_power,200,True,11.0,11.0,256,1000000
10000,0.7,0.8,0.8174547223245107,7.368272297580948,0.11094252347227809,0.021884073241593333,0.7,one_minus_alpha_power,201,True,18.0,18.0,256,1000000
10000,0.7,0.8,0.8174547223245107,7.368272297580948,0.11094252347227809,0.021884073241593333,0.7,one_minus_alpha_power,202,True,29.0,29.0,256,1000000
10000,0.7,0.8,0.8174547223245107,7.368272297580948,0.11094252347227809,0.021884073241593333,0.7,one_minus_alpha_power,203,True,83.0,83.0,256,1000000
10000,0.7,0.8,0.8174547223245107,7.368272297580948,0.11094252347227809,0.021884073241593333,0.7,one_minus_alpha_power,204,True,42.0,42.0,256,1000000
10000,0.7,0.8,0.8174547223245107,7.368272297580948,0.11094252347227809,0.021884073241593333,0.7,one_minus_alpha_power,205,True,3.0,3.0,256,1000000
10000,0.7,0.8,0.8174547223245107,7.368272297580948,0.11094252347227809,0.021884073241593333,0.7,one_minus_alpha_power,206,True,160.0,160.0,256,1000000
10000,0.7,0.8,0.8174547223245107,7.368272297580948,0.11094252347227809,0.021884073241593333,0.7,one_minus_alpha_power,207,True,10.0,10.0,256,1000000
10000,0.7,0.8,0.8174547223245107,7.368272297580948,0.11094252347227809,0.021884073241593333,0.7,one_minus_alpha_power,208,True,75.0,75.0,256,1000000
10000,0.7,0.8,0.8174547223245107,7.368272297580948,0.11094252347227809,0.021884073241593333,0.7,one_minus_alpha_power,209,True,35.0,35.0,256,1000000
10000,0.7,0.8,0.8174547223245107,7.368272297580948,0.11094252347227809,0.021884073241593333,0.7,one_minus_alpha_power,210,True,100.0,100.0,256,1000000
10000,0.7,0.8,0.8174547223245107,7.368272297580948,0.11094252347227809,0.021884073241593333,0.7,one_minus_alpha_power,211,True,13.0,13.0,256,1000000
10000,0.7,0.8,0.8174547223245107,7.368272297580948,0.11094252347227809,0.021884073241593333,0.7,one_minus_alpha_power,212,True,84.0,84.0,256,1000000
10000,0.7,0.8,0.8174547223245107,7.368272297580948,0.11094252347227809,0.021884073241593333,0.7,one_minus_alpha_power,213,True,14.0,14.0,256,1000000
10000,0.7,0.8,0.8174547223245107,7.368272297580948,0.11094252347227809,0.021884073241593333,0.7,one_minus_alpha_power,214,True,72.0,72.0,256,1000000
10000,0.7,0.8,0.8174547223245107,7.368272297580948,0.11094252347227809,0.021884073241593333,0.7,one_minus_alpha_power,215,True,27.0,27.0,256,1000000
10000,0.7,0.8,0.8174547223245107,7.368272297580948,0.11094252347227809,0.021884073241593333,0.7,one_minus_alpha_power,216,True,91.0,91.0,256,1000000
10000,0.7,0.8,0.8174547223245107,7.368272297580948,0.11094252347227809,0.021884073241593333,0.7,one_minus_alpha_power,217,True,28.0,28.0,256,1000000
10000,0.7,0.8,0.8174547223245107,7.368272297580948,0.11094252347227809,0.021884073241593333,0.7,one_minus_alpha_power,218,True,85.0,85.0,256,1000000
10000,0.7,0.8,0.8174547223245107,7.368272297580948,0.11094252347227809,0.021884073241593333,0.7,one_minus_alpha_power,219,True,14.0,14.0,256,1000000
10000,0.7,0.8,0.8174547223245107,7.368272297580948,0.11094252347227809,0.021884073241593333,0.7,one_minus_alpha_power,220,True,59.0,59.0,256,1000000
10000,0.7,0.8,0.8174547223245107,7.368272297580948,0.11094252347227809,0.021884073241593333,0.7,one_minus_alpha_power,221,True,23.0,23.0,256,1000000
10000,0.7,0.8,0.8174547223245107,7.368272297580948,0.11094252347227809,0.021884073241593333,0.7,one_minus_alpha_power,222,True,15.0,15.0,256,1000000
10000,0.7,0.8,0.8174547223245107,7.368272297580948,0.11094252347227809,0.021884073241593333,0.7,one_minus_alpha_power,223,True,7.0,7.0,256,1000000
10000,0.7,0.8,0.8174547223245107,7.368272297580948,0.11094252347227809,0.021884073241593333,0.7,one_minus_alpha_power,224,True,50.0,50.0,256,1000000
10000,0.7,0.8,0.8174547223245107,7.368272297580948,0.11094252347227809,0.021884073241593333,0.7,one_minus_alpha_power,225,True,141.0,141.0,256,1000000
10000,0.7,0.8,0.8174547223245107,7.368272297580948,0.11094252347227809,0.021884073241593333,0.7,one_minus_alpha_power,226,True,6.0,6.0,256,1000000
10000,0.7,0.8,0.8174547223245107,7.368272297580948,0.11094252347227809,0.021884073241593333,0.7,one_minus_alpha_power,227,True,118.0,118.0,256,1000000
10000,0.7,0.8,0.8174547223245107,7.368272297580948,0.11094252347227809,0.021884073241593333,0.7,one_minus_alpha_power,228,True,2.0,2.0,256,1000000
10000,0.7,0.8,0.8174547223245107,7.368272297580948,0.11094252347227809,0.021884073241593333,0.7,one_minus_alpha_power,229,True,30.0,30.0,256,1000000
10000,0.7,0.8,0.8174547223245107,7.368272297580948,0.11094252347227809,0.021884073241593333,0.7,one_minus_alpha_power,230,True,18.0,18.0,256,1000000
10000,0.7,0.8,0.8174547223245107,7.368272297580948,0.11094252347227809,0.021884073241593333,0.7,one_minus_alpha_power,231,True,47.0,47.0,256,1000000
10000,0.7,0.8,0.8174547223245107,7.368272297580948,0.11094252347227809,0.021884073241593333,0.7,one_minus_alpha_power,232,True,64.0,64.0,256,1000000
10000,0.7,0.8,0.8174547223245107,7.368272297580948,0.11094252347227809,0.021884073241593333,0.7,one_minus_alpha_power,233,True,20.0,20.0,256,1000000
10000,0.7,0.8,0.8174547223245107,7.368272297580948,0.11094252347227809,0.021884073241593333,0.7,one_minus_alpha_power,234,True,12.0,12.0,256,1000000
10000,0.7,0.8,0.8174547223245107,7.368272297580948,0.11094252347227809,0.021884073241593333,0.7,one_minus_alpha_power,235,True,126.0,126.0,256,1000000
10000,0.7,0.8,0.8174547223245107,7.368272297580948,0.11094252347227809,0.021884073241593333,0.7,one_minus_alpha_power,236,True,62.0,62.0,256,1000000
10000,0.7,0.8,0.8174547223245107,7.368272297580948,0.11094252347227809,0.021884073241593333,0.7,one_minus_alpha_power,237,True,8.0,8.0,256,1000000
10000,0.7,0.8,0.8174547223245107,7.368272297580948,0.11094252347227809,0.021884073241593333,0.7,one_minus_alpha_power,238,True,80.0,80.0,256,1000000
10000,0.7,0.8,0.8174547223245107,7.368272297580948,0.11094252347227809,0.021884073241593333,0.7,one_minus_alpha_power,239,True,184.0,184.0,256,1000000
10000,0.7,0.8,0.8174547223245107,7.368272297580948,0.11094252347227809,0.021884073241593333,0.7,one_minus_alpha_power,240,True,15.0,15.0,256,1000000
10000,0.7,0.8,0.8174547223245107,7.368272297580948,0.11094252347227809,0.021884073241593333,0.7,one_minus_alpha_power,241,True,9.0,9.0,256,1000000
10000,0.7,0.8,0.8174547223245107,7.368272297580948,0.11094252347227809,0.021884073241593333,0.7,one_minus_alpha_power,242,True,2.0,2.0,256,1000000
10000,0.7,0.8,0.8174547223245107,7.368272297580948,0.11094252347227809,0.021884073241593333,0.7,one_minus_alpha_power,243,True,35.0,35.0,256,1000000
10000,0.7,0.8,0.8174547223245107,7.368272297580948,0.11094252347227809,0.021884073241593333,0.7,one_minus_alpha_power,244,True,16.0,16.0,256,1000000
10000,0.7,0.8,0.8174547223245107,7.368272297580948,0.11094252347227809,0.021884073241593333,0.7,one_minus_alpha_power,245,True,15.0,15.0,256,1000000
10000,0.7,0.8,0.8174547223245107,7.368272297580948,0.11094252347227809,0.021884073241593333,0.7,one_minus_alpha_power,246,True,40.0,40.0,256,1000000
10000,0.7,0.8,0.8174547223245107,7.368272297580948,0.11094252347227809,0.021884073241593333,0.7,one_minus_alpha_power,247,True,47.0,47.0,256,1000000
10000,0.7,0.8,0.8174547223245107,7.368272297580948,0.11094252347227809,0.021884073241593333,0.7,one_minus_alpha_power,248,True,25.0,25.0,256,1000000
10000,0.7,0.8,0.8174547223245107,7.368272297580948,0.11094252347227809,0.021884073241593333,0.7,one_minus_alpha_power,249,True,79.0,79.0,256,1000000
10000,0.7,0.8,0.8174547223245107,7.368272297580948,0.11094252347227809,0.021884073241593333,0.7,one_minus_alpha_power,250,True,67.0,67.0,256,1000000
10000,0.7,0.8,0.8174547223245107,7.368272297580948,0.11094252347227809,0.021884073241593333,0.7,one_minus_alpha_power,251,True,8.0,8.0,256,1000000
10000,0.7,0.8,0.8174547223245107,7.368272297580948,0.11094252347227809,0.021884073241593333,0.7,one_minus_alpha_power,252,True,67.0,67.0,256,1000000
10000,0.7,0.8,0.8174547223245107,7.368272297580948,0.11094252347227809,0.021884073241593333,0.7,one_minus_alpha_power,253,True,116.0,116.0,256,1000000
10000,0.7,0.8,0.8174547223245107,7.368272297580948,0.11094252347227809,0.021884073241593333,0.7,one_minus_alpha_power,254,True,33.0,33.0,256,1000000
10000,0.7,0.8,0.8174547223245107,7.368272297580948,0.11094252347227809,0.021884073241593333,0.7,one_minus_alpha_power,255,True,6.0,6.0,256,1000000
10000,0.7,0.8,0.8174547223245107,7.368272297580948,0.11094252347227809,0.021884073241593333,0.7,one_minus_alpha_power,256,True,45.0,45.0,256,1000000
10000,0.7,0.8,0.8174547223245107,7.368272297580948,0.11094252347227809,0.021884073241593333,0.7,one_minus_alpha_power,257,True,9.0,9.0,256,1000000
10000,0.7,0.8,0.8174547223245107,7.368272297580948,0.11094252347227809,0.021884073241593333,0.7,one_minus_alpha_power,258,True,304.0,304.0,256,1000000
10000,0.7,0.8,0.8174547223245107,7.368272297580948,0.11094252347227809,0.021884073241593333,0.7,one_minus_alpha_power,259,True,113.0,113.0,256,1000000
10000,0.7,0.8,0.8174547223245107,7.368272297580948,0.11094252347227809,0.021884073241593333,0.7,one_minus_alpha_power,260,True,3.0,3.0,256,1000000
10000,0.7,0.8,0.8174547223245107,7.368272297580948,0.11094252347227809,0.021884073241593333,0.7,one_minus_alpha_power,261,True,9.0,9.0,256,1000000
10000,0.7,0.8,0.8174547223245107,7.368272297580948,0.11094252347227809,0.021884073241593333,0.7,one_minus_alpha_power,262,True,138.0,138.0,256,1000000
10000,0.7,0.8,0.8174547223245107,7.368272297580948,0.11094252347227809,0.021884073241593333,0.7,one_minus_alpha_power,263,True,23.0,23.0,256,1000000
10000,0.7,0.8,0.8174547223245107,7.368272297580948,0.11094252347227809,0.021884073241593333,0.7,one_minus_alpha_power,264,True,7.0,7.0,256,1000000
10000,0.7,0.8,0.8174547223245107,7.368272297580948,0.11094252347227809,0.021884073241593333,0.7,one_minus_alpha_power,265,True,69.0,69.0,256,1000000
10000,0.7,0.8,0.8174547223245107,7.368272297580948,0.11094252347227809,0.021884073241593333,0.7,one_minus_alpha_power,266,True,78.0,78.0,256,1000000
10000,0.7,0.8,0.8174547223245107,7.368272297580948,0.11094252347227809,0.021884073241593333,0.7,one_minus_alpha_power,267,True,5.0,5.0,256,1000000
10000,0.7,0.8,0.8174547223245107,7.368272297580948,0.11094252347227809,0.021884073241593333,0.7,one_minus_alpha_power,268,True,104.0,104.0,256,1000000
10000,0.7,0.8,0.8174547223245107,7.368272297580948,0.11094252347227809,0.021884073241593333,0.7,one_minus_alpha_power,269,True,1.0,1.0,256,1000000
10000,0.7,0.8,0.8174547223245107,7.368272297580948,0.11094252347227809,0.021884073241593333,0.7,one_minus_alpha_power,270,True,5.0,5.0,256,1000000
10000,0.7,0.8,0.8174547223245107,7.368272297580948,0.11094252347227809,0.021884073241593333,0.7,one_minus_alpha_power,271,True,41.0,41.0,256,1000000
10000,0.7,0.8,0.8174547223245107,7.368272297580948,0.11094252347227809,0.021884073241593333,0.7,one_minus_alpha_power,272,True,92.0,92.0,256,1000000
10000,0.7,0.8,0.8174547223245107,7.368272297580948,0.11094252347227809,0.021884073241593333,0.7,one_minus_alpha_power,273,True,109.0,109.0,256,1000000
10000,0.7,0.8,0.8174547223245107,7.368272297580948,0.11094252347227809,0.021884073241593333,0.7,one_minus_alpha_power,274,True,51.0,51.0,256,1000000
10000,0.7,0.8,0.8174547223245107,7.368272297580948,0.11094252347227809,0.021884073241593333,0.7,one_minus_alpha_power,275,True,21.0,21.0,256,1000000
10000,0.7,0.8,0.8174547223245107,7.368272297580948,0.11094252347227809,0.021884073241593333,0.7,one_minus_alpha_power,276,True,10.0,10.0,256,1000000
10000,0.7,0.8,0.8174547223245107,7.368272297580948,0.11094252347227809,0.021884073241593333,0.7,one_minus_alpha_power,277,True,15.0,15.0,256,1000000
10000,0.7,0.8,0.8174547223245107,7.368272297580948,0.11094252347227809,0.021884073241593333,0.7,one_minus_alpha_power,278,True,70.0,70.0,256,1000000
10000,0.7,0.8,0.8174547223245107,7.368272297580948,0.11094252347227809,0.021884073241593333,0.7,one_minus_alpha_power,279,True,58.0,58.0,256,1000000
10000,0.7,0.8,0.8174547223245107,7.368272297580948,0.11094252347227809,0.021884073241593333,0.7,one_minus_alpha_power,280,True,131.0,131.0,256,1000000
10000,0.7,0.8,0.8174547223245107,7.368272297580948,0.11094252347227809,0.021884073241593333,0.7,one_minus_alpha_power,281,True,5.0,5.0,256,1000000
10000,0.7,0.8,0.8174547223245107,7.368272297580948,0.11094252347227809,0.021884073241593333,0.7,one_minus_alpha_power,282,True,15.0,15.0,256,1000000
10000,0.7,0.8,0.8174547223245107,7.368272297580948,0.11094252347227809,0.021884073241593333,0.7,one_minus_alpha_power,283,True,86.0,86.0,256,1000000
10000,0.7,0.8,0.8174547223245107,7.368272297580948,0.11094252347227809,0.021884073241593333,0.7,one_minus_alpha_power,284,True,134.0,134.0,256,1000000
10000,0.7,0.8,0.8174547223245107,7.368272297580948,0.11094252347227809,0.021884073241593333,0.7,one_minus_alpha_power,285,True,120.0,120.0,256,1000000
10000,0.7,0.8,0.8174547223245107,7.368272297580948,0.11094252347227809,0.021884073241593333,0.7,one_minus_alpha_power,286,True,6.0,6.0,256,1000000
10000,0.7,0.8,0.8174547223245107,7.368272297580948,0.11094252347227809,0.021884073241593333,0.7,one_minus_alpha_power,287,True,54.0,54.0,256,1000000
10000,0.7,0.8,0.8174547223245107,7.368272297580948,0.11094252347227809,0.021884073241593333,0.7,one_minus_alpha_power,288,True,135.0,135.0,256,1000000
10000,0.7,0.8,0.8174547223245107,7.368272297580948,0.11094252347227809,0.021884073241593333,0.7,one_minus_alpha_power,289,True,15.0,15.0,256,1000000
10000,0.7,0.8,0.8174547223245107,7.368272297580948,0.11094252347227809,0.021884073241593333,0.7,one_minus_alpha_power,290,True,27.0,27.0,256,1000000
10000,0.7,0.8,0.8174547223245107,7.368272297580948,0.11094252347227809,0.021884073241593333,0.7,one_minus_alpha_power,291,True,16.0,16.0,256,1000000
10000,0.7,0.8,0.8174547223245107,7.368272297580948,0.11094252347227809,0.021884073241593333,0.7,one_minus_alpha_power,292,True,81.0,81.0,256,1000000
10000,0.7,0.8,0.8174547223245107,7.368272297580948,0.11094252347227809,0.021884073241593333,0.7,one_minus_alpha_power,293,True,29.0,29.0,256,1000000
10000,0.7,0.8,0.8174547223245107,7.368272297580948,0.11094252347227809,0.021884073241593333,0.7,one_minus_alpha_power,294,True,94.0,94.0,256,1000000
10000,0.7,0.8,0.8174547223245107,7.368272297580948,0.11094252347227809,0.021884073241593333,0.7,one_minus_alpha_power,295,True,48.0,48.0,256,1000000
10000,0.7,0.8,0.8174547223245107,7.368272297580948,0.11094252347227809,0.021884073241593333,0.7,one_minus_alpha_power,296,True,71.0,71.0,256,1000000
10000,0.7,0.8,0.8174547223245107,7.368272297580948,0.11094252347227809,0.021884073241593333,0.7,one_minus_alpha_power,297,True,3.0,3.0,256,1000000
10000,0.7,0.8,0.8174547223245107,7.368272297580948,0.11094252347227809,0.021884073241593333,0.7,one_minus_alpha_power,298,True,21.0,21.0,256,1000000
10000,0.7,0.8,0.8174547223245107,7.368272297580948,0.11094252347227809,0.021884073241593333,0.7,one_minus_alpha_power,299,True,11.0,11.0,256,1000000
10000,0.7,0.8,0.8174547223245107,7.368272297580948,0.11094252347227809,0.021884073241593333,0.7,one_minus_alpha_power,300,True,24.0,24.0,256,1000000
10000,0.7,0.8,0.8174547223245107,7.368272297580948,0.11094252347227809,0.021884073241593333,0.7,one_minus_alpha_power,301,True,28.0,28.0,256,1000000
10000,0.7,0.8,0.8174547223245107,7.368272297580948,0.11094252347227809,0.021884073241593333,0.7,one_minus_alpha_power,302,True,10.0,10.0,256,1000000
10000,0.7,0.8,0.8174547223245107,7.368272297580948,0.11094252347227809,0.021884073241593333,0.7,one_minus_alpha_power,303,True,6.0,6.0,256,1000000
10000,0.7,0.8,0.8174547223245107,7.368272297580948,0.11094252347227809,0.021884073241593333,0.7,one_minus_alpha_power,304,True,3.0,3.0,256,1000000
10000,0.7,0.8,0.8174547223245107,7.368272297580948,0.11094252347227809,0.021884073241593333,0.7,one_minus_alpha_power,305,True,58.0,58.0,256,1000000
10000,0.7,0.8,0.8174547223245107,7.368272297580948,0.11094252347227809,0.021884073241593333,0.7,one_minus_alpha_power,306,True,4.0,4.0,256,1000000
10000,0.7,0.8,0.8174547223245107,7.368272297580948,0.11094252347227809,0.021884073241593333,0.7,one_minus_alpha_power,307,True,92.0,92.0,256,1000000
10000,0.7,0.8,0.8174547223245107,7.368272297580948,0.11094252347227809,0.021884073241593333,0.7,one_minus_alpha_power,308,True,49.0,49.0,256,1000000
10000,0.7,0.8,0.8174547223245107,7.368272297580948,0.11094252347227809,0.021884073241593333,0.7,one_minus_alpha_power,309,True,14.0,14.0,256,1000000
10000,0.7,0.8,0.8174547223245107,7.368272297580948,0.11094252347227809,0.021884073241593333,0.7,one_minus_alpha_power,310,True,78.0,78.0,256,1000000
10000,0.7,0.8,0.8174547223245107,7.368272297580948,0.11094252347227809,0.021884073241593333,0.7,one_minus_alpha_power,311,True,37.0,37.0,256,1000000
10000,0.7,0.8,0.8174547223245107,7.368272297580948,0.11094252347227809,0.021884073241593333,0.7,one_minus_alpha_power,312,True,11.0,11.0,256,1000000
10000,0.7,0.8,0.8174547223245107,7.368272297580948,0.11094252347227809,0.021884073241593333,0.7,one_minus_alpha_power,313,True,9.0,9.0,256,1000000
10000,0.7,0.8,0.8174547223245107,7.368272297580948,0.11094252347227809,0.021884073241593333,0.7,one_minus_alpha_power,314,True,32.0,32.0,256,1000000
10000,0.7,0.8,0.8174547223245107,7.368272297580948,0.11094252347227809,0.021884073241593333,0.7,one_minus_alpha_power,315,True,116.0,116.0,256,1000000
10000,0.7,0.8,0.8174547223245107,7.368272297580948,0.11094252347227809,0.021884073241593333,0.7,one_minus_alpha_power,316,True,29.0,29.0,256,1000000
10000,0.7,0.8,0.8174547223245107,7.368272297580948,0.11094252347227809,0.021884073241593333,0.7,one_minus_alpha_power,317,True,59.0,59.0,256,1000000
10000,0.7,0.8,0.8174547223245107,7.368272297580948,0.11094252347227809,0.021884073241593333,0.7,one_minus_alpha_power,318,True,34.0,34.0,256,1000000
10000,0.7,0.8,0.8174547223245107,7.368272297580948,0.11094252347227809,0.021884073241593333,0.7,one_minus_alpha_power,319,True,20.0,20.0,256,1000000
10000,0.7,0.8,0.8174547223245107,7.368272297580948,0.11094252347227809,0.021884073241593333,0.7,one_minus_alpha_power,320,True,85.0,85.0,256,1000000
10000,0.7,0.8,0.8174547223245107,7.368272297580948,0.11094252347227809,0.021884073241593333,0.7,one_minus_alpha_power,321,True,3.0,3.0,256,1000000
10000,0.7,0.8,0.8174547223245107,7.368272297580948,0.11094252347227809,0.021884073241593333,0.7,one_minus_alpha_power,322,True,32.0,32.0,256,1000000
10000,0.7,0.8,0.8174547223245107,7.368272297580948,0.11094252347227809,0.021884073241593333,0.7,one_minus_alpha_power,323,True,76.0,76.0,256,1000000
10000,0.7,0.8,0.8174547223245107,7.368272297580948,0.11094252347227809,0.021884073241593333,0.7,one_minus_alpha_power,324,True,1.0,1.0,256,1000000
10000,0.7,0.8,0.8174547223245107,7.368272297580948,0.11094252347227809,0.021884073241593333,0.7,one_minus_alpha_power,325,True,22.0,22.0,256,1000000
10000,0.7,0.8,0.8174547223245107,7.368272297580948,0.11094252347227809,0.021884073241593333,0.7,one_minus_alpha_power,326,True,1.0,1.0,256,1000000
10000,0.7,0.8,0.8174547223245107,7.368272297580948,0.11094252347227809,0.021884073241593333,0.7,one_minus_alpha_power,327,True,27.0,27.0,256,1000000
10000,0.7,0.8,0.8174547223245107,7.368272297580948,0.11094252347227809,0.021884073241593333,0.7,one_minus_alpha_power,328,True,102.0,102.0,256,1000000
10000,0.7,0.8,0.8174547223245107,7.368272297580948,0.11094252347227809,0.021884073241593333,0.7,one_minus_alpha_power,329,True,93.0,93.0,256,1000000
10000,0.7,0.8,0.8174547223245107,7.368272297580948,0.11094252347227809,0.021884073241593333,0.7,one_minus_alpha_power,330,True,34.0,34.0,256,1000000
10000,0.7,0.8,0.8174547223245107,7.368272297580948,0.11094252347227809,0.021884073241593333,0.7,one_minus_alpha_power,331,True,16.0,16.0,256,1000000
10000,0.7,0.8,0.8174547223245107,7.368272297580948,0.11094252347227809,0.021884073241593333,0.7,one_minus_alpha_power,332,True,2.0,2.0,256,1000000
10000,0.7,0.8,0.8174547223245107,7.368272297580948,0.11094252347227809,0.021884073241593333,0.7,one_minus_alpha_power,333,True,0.0,0.0,256,1000000
10000,0.7,0.8,0.8174547223245107,7.368272297580948,0.11094252347227809,0.021884073241593333,0.7,one_minus_alpha_power,334,True,132.0,132.0,256,1000000
10000,0.7,0.8,0.8174547223245107,7.368272297580948,0.11094252347227809,0.021884073241593333,0.7,one_minus_alpha_power,335,True,3.0,3.0,256,1000000
10000,0.7,0.8,0.8174547223245107,7.368272297580948,0.11094252347227809,0.021884073241593333,0.7,one_minus_alpha_power,336,True,42.0,42.0,256,1000000
10000,0.7,0.8,0.8174547223245107,7.368272297580948,0.11094252347227809,0.021884073241593333,0.7,one_minus_alpha_power,337,True,11.0,11.0,256,1000000
10000,0.7,0.8,0.8174547223245107,7.368272297580948,0.11094252347227809,0.021884073241593333,0.7,one_minus_alpha_power,338,True,18.0,18.0,256,1000000
10000,0.7,0.8,0.8174547223245107,7.368272297580948,0.11094252347227809,0.021884073241593333,0.7,one_minus_alpha_power,339,True,15.0,15.0,256,1000000
10000,0.7,0.8,0.8174547223245107,7.368272297580948,0.11094252347227809,0.021884073241593333,0.7,one_minus_alpha_power,340,True,14.0,14.0,256,1000000
10000,0.7,0.8,0.8174547223245107,7.368272297580948,0.11094252347227809,0.021884073241593333,0.7,one_minus_alpha_power,341,True,145.0,145.0,256,1000000
10000,0.7,0.8,0.8174547223245107,7.368272297580948,0.11094252347227809,0.021884073241593333,0.7,one_minus_alpha_power,342,True,19.0,19.0,256,1000000
10000,0.7,0.8,0.8174547223245107,7.368272297580948,0.11094252347227809,0.021884073241593333,0.7,one_minus_alpha_power,343,True,8.0,8.0,256,1000000
10000,0.7,0.8,0.8174547223245107,7.368272297580948,0.11094252347227809,0.021884073241593333,0.7,one_minus_alpha_power,344,True,31.0,31.0,256,1000000
10000,0.7,0.8,0.8174547223245107,7.368272297580948,0.11094252347227809,0.021884073241593333,0.7,one_minus_alpha_power,345,True,47.0,47.0,256,1000000
10000,0.7,0.8,0.8174547223245107,7.368272297580948,0.11094252347227809,0.021884073241593333,0.7,one_minus_alpha_power,346,True,15.0,15.0,256,1000000
10000,0.7,0.8,0.8174547223245107,7.368272297580948,0.11094252347227809,0.021884073241593333,0.7,one_minus_alpha_power,347,True,24.0,24.0,256,1000000
10000,0.7,0.8,0.8174547223245107,7.368272297580948,0.11094252347227809,0.021884073241593333,0.7,one_minus_alpha_power,348,True,15.0,15.0,256,1000000
10000,0.7,0.8,0.8174547223245107,7.368272297580948,0.11094252347227809,0.021884073241593333,0.7,one_minus_alpha_power,349,True,66.0,66.0,256,1000000
10000,0.7,0.8,0.8174547223245107,7.368272297580948,0.11094252347227809,0.021884073241593333,0.7,one_minus_alpha_power,350,True,29.0,29.0,256,1000000
10000,0.7,0.8,0.8174547223245107,7.368272297580948,0.11094252347227809,0.021884073241593333,0.7,one_minus_alpha_power,351,True,93.0,93.0,256,1000000
10000,0.7,0.8,0.8174547223245107,7.368272297580948,0.11094252347227809,0.021884073241593333,0.7,one_minus_alpha_power,352,True,135.0,135.0,256,1000000
10000,0.7,0.8,0.8174547223245107,7.368272297580948,0.11094252347227809,0.021884073241593333,0.7,one_minus_alpha_power,353,True,57.0,57.0,256,1000000
10000,0.7,0.8,0.8174547223245107,7.368272297580948,0.11094252347227809,0.021884073241593333,0.7,one_minus_alpha_power,354,True,35.0,35.0,256,1000000
10000,0.7,0.8,0.8174547223245107,7.368272297580948,0.11094252347227809,0.021884073241593333,0.7,one_minus_alpha_power,355,True,34.0,34.0,256,1000000
10000,0.7,0.8,0.8174547223245107,7.368272297580948,0.11094252347227809,0.021884073241593333,0.7,one_minus_alpha_power,356,True,38.0,38.0,256,1000000
10000,0.7,0.8,0.8174547223245107,7.368272297580948,0.11094252347227809,0.021884073241593333,0.7,one_minus_alpha_power,357,True,46.0,46.0,256,1000000
10000,0.7,0.8,0.8174547223245107,7.368272297580948,0.11094252347227809,0.021884073241593333,0.7,one_minus_alpha_power,358,True,3.0,3.0,256,1000000
10000,0.7,0.8,0.8174547223245107,7.368272297580948,0.11094252347227809,0.021884073241593333,0.7,one_minus_alpha_power,359,True,49.0,49.0,256,1000000
10000,0.7,0.8,0.8174547223245107,7.368272297580948,0.11094252347227809,0.021884073241593333,0.7,one_minus_alpha_power,360,True,40.0,40.0,256,1000000
10000,0.7,0.8,0.8174547223245107,7.368272297580948,0.11094252347227809,0.021884073241593333,0.7,one_minus_alpha_power,361,True,196.0,196.0,256,1000000
10000,0.7,0.8,0.8174547223245107,7.368272297580948,0.11094252347227809,0.021884073241593333,0.7,one_minus_alpha_power,362,True,11.0,11.0,256,1000000
10000,0.7,0.8,0.8174547223245107,7.368272297580948,0.11094252347227809,0.021884073241593333,0.7,one_minus_alpha_power,363,True,52.0,52.0,256,1000000
10000,0.7,0.8,0.8174547223245107,7.368272297580948,0.11094252347227809,0.021884073241593333,0.7,one_minus_alpha_power,364,True,10.0,10.0,256,1000000
10000,0.7,0.8,0.8174547223245107,7.368272297580948,0.11094252347227809,0.021884073241593333,0.7,one_minus_alpha_power,365,True,4.0,4.0,256,1000000
10000,0.7,0.8,0.8174547223245107,7.368272297580948,0.11094252347227809,0.021884073241593333,0.7,one_minus_alpha_power,366,True,2.0,2.0,256,1000000
10000,0.7,0.8,0.8174547223245107,7.368272297580948,0.11094252347227809,0.021884073241593333,0.7,one_minus_alpha_power,367,True,44.0,44.0,256,1000000
10000,0.7,0.8,0.8174547223245107,7.368272297580948,0.11094252347227809,0.021884073241593333,0.7,one_minus_alpha_power,368,True,1.0,1.0,256,1000000
10000,0.7,0.8,0.8174547223245107,7.368272297580948,0.11094252347227809,0.021884073241593333,0.7,one_minus_alpha_power,369,True,64.0,64.0,256,1000000
10000,0.7,0.8,0.8174547223245107,7.368272297580948,0.11094252347227809,0.021884073241593333,0.7,one_minus_alpha_power,370,True,62.0,62.0,256,1000000
10000,0.7,0.8,0.8174547223245107,7.368272297580948,0.11094252347227809,0.021884073241593333,0.7,one_minus_alpha_power,371,True,47.0,47.0,256,1000000
10000,0.7,0.8,0.8174547223245107,7.368272297580948,0.11094252347227809,0.021884073241593333,0.7,one_minus_alpha_power,372,True,11.0,11.0,256,1000000
10000,0.7,0.8,0.8174547223245107,7.368272297580948,0.11094252347227809,0.021884073241593333,0.7,one_minus_alpha_power,373,True,29.0,29.0,256,1000000
10000,0.7,0.8,0.8174547223245107,7.368272297580948,0.11094252347227809,0.021884073241593333,0.7,one_minus_alpha_power,374,True,27.0,27.0,256,1000000
10000,0.7,0.8,0.8174547223245107,7.368272297580948,0.11094252347227809,0.021884073241593333,0.7,one_minus_alpha_power,375,True,24.0,24.0,256,1000000
10000,0.7,0.8,0.8174547223245107,7.368272297580948,0.11094252347227809,0.021884073241593333,0.7,one_minus_alpha_power,376,True,5.0,5.0,256,1000000
10000,0.7,0.8,0.8174547223245107,7.368272297580948,0.11094252347227809,0.021884073241593333,0.7,one_minus_alpha_power,377,True,64.0,64.0,256,1000000
10000,0.7,0.8,0.8174547223245107,7.368272297580948,0.11094252347227809,0.021884073241593333,0.7,one_minus_alpha_power,378,True,7.0,7.0,256,1000000
10000,0.7,0.8,0.8174547223245107,7.368272297580948,0.11094252347227809,0.021884073241593333,0.7,one_minus_alpha_power,379,True,26.0,26.0,256,1000000
10000,0.7,0.8,0.8174547223245107,7.368272297580948,0.11094252347227809,0.021884073241593333,0.7,one_minus_alpha_power,380,True,7.0,7.0,256,1000000
10000,0.7,0.8,0.8174547223245107,7.368272297580948,0.11094252347227809,0.021884073241593333,0.7,one_minus_alpha_power,381,True,6.0,6.0,256,1000000
10000,0.7,0.8,0.8174547223245107,7.368272297580948,0.11094252347227809,0.021884073241593333,0.7,one_minus_alpha_power,382,True,10.0,10.0,256,1000000
10000,0.7,0.8,0.8174547223245107,7.368272297580948,0.11094252347227809,0.021884073241593333,0.7,one_minus_alpha_power,383,True,32.0,32.0,256,1000000
10000,0.7,0.8,0.8174547223245107,7.368272297580948,0.11094252347227809,0.021884073241593333,0.7,one_minus_alpha_power,384,True,3.0,3.0,256,1000000
10000,0.7,0.8,0.8174547223245107,7.368272297580948,0.11094252347227809,0.021884073241593333,0.7,one_minus_alpha_power,385,True,7.0,7.0,256,1000000
10000,0.7,0.8,0.8174547223245107,7.368272297580948,0.11094252347227809,0.021884073241593333,0.7,one_minus_alpha_power,386,True,7.0,7.0,256,1000000
10000,0.7,0.8,0.8174547223245107,7.368272297580948,0.11094252347227809,0.021884073241593333,0.7,one_minus_alpha_power,387,True,9.0,9.0,256,1000000
10000,0.7,0.8,0.8174547223245107,7.368272297580948,0.11094252347227809,0.021884073241593333,0.7,one_minus_alpha_power,388,True,8.0,8.0,256,1000000
10000,0.7,0.8,0.8174547223245107,7.368272297580948,0.11094252347227809,0.021884073241593333,0.7,one_minus_alpha_power,389,True,42.0,42.0,256,1000000
10000,0.7,0.8,0.8174547223245107,7.368272297580948,0.11094252347227809,0.021884073241593333,0.7,one_minus_alpha_power,390,True,22.0,22.0,256,1000000
10000,0.7,0.8,0.8174547223245107,7.368272297580948,0.11094252347227809,0.021884073241593333,0.7,one_minus_alpha_power,391,True,15.0,15.0,256,1000000
10000,0.7,0.8,0.8174547223245107,7.368272297580948,0.11094252347227809,0.021884073241593333,0.7,one_minus_alpha_power,392,True,11.0,11.0,256,1000000
10000,0.7,0.8,0.8174547223245107,7.368272297580948,0.11094252347227809,0.021884073241593333,0.7,one_minus_alpha_power,393,True,7.0,7.0,256,1000000
10000,0.7,0.8,0.8174547223245107,7.368272297580948,0.11094252347227809,0.021884073241593333,0.7,one_minus_alpha_power,394,True,10.0,10.0,256,1000000
10000,0.7,0.8,0.8174547223245107,7.368272297580948,0.11094252347227809,0.021884073241593333,0.7,one_minus_alpha_power,395,True,17.0,17.0,256,1000000
10000,0.7,0.8,0.8174547223245107,7.368272297580948,0.11094252347227809,0.021884073241593333,0.7,one_minus_alpha_power,396,True,4.0,4.0,256,1000000
10000,0.7,0.8,0.8174547223245107,7.368272297580948,0.11094252347227809,0.021884073241593333,0.7,one_minus_alpha_power,397,True,32.0,32.0,256,1000000
10000,0.7,0.8,0.8174547223245107,7.368272297580948,0.11094252347227809,0.021884073241593333,0.7,one_minus_alpha_power,398,True,30.0,30.0,256,1000000
10000,0.7,0.8,0.8174547223245107,7.368272297580948,0.11094252347227809,0.021884073241593333,0.7,one_minus_alpha_power,399,True,2.0,2.0,256,1000000
10000,0.7,0.8,0.8174547223245107,7.368272297580948,0.11094252347227809,0.021884073241593333,0.7,one_minus_alpha_power,400,True,68.0,68.0,256,1000000
10000,0.7,0.8,0.8174547223245107,7.368272297580948,0.11094252347227809,0.021884073241593333,0.7,one_minus_alpha_power,401,True,4.0,4.0,256,1000000
10000,0.7,0.8,0.8174547223245107,7.368272297580948,0.11094252347227809,0.021884073241593333,0.7,one_minus_alpha_power,402,True,21.0,21.0,256,1000000
10000,0.7,0.8,0.8174547223245107,7.368272297580948,0.11094252347227809,0.021884073241593333,0.7,one_minus_alpha_power,403,True,135.0,135.0,256,1000000
10000,0.7,0.8,0.8174547223245107,7.368272297580948,0.11094252347227809,0.021884073241593333,0.7,one_minus_alpha_power,404,True,57.0,57.0,256,1000000
10000,0.7,0.8,0.8174547223245107,7.368272297580948,0.11094252347227809,0.021884073241593333,0.7,one_minus_alpha_power,405,True,28.0,28.0,256,1000000
10000,0.7,0.8,0.8174547223245107,7.368272297580948,0.11094252347227809,0.021884073241593333,0.7,one_minus_alpha_power,406,True,44.0,44.0,256,1000000
10000,0.7,0.8,0.8174547223245107,7.368272297580948,0.11094252347227809,0.021884073241593333,0.7,one_minus_alpha_power,407,True,9.0,9.0,256,1000000
10000,0.7,0.8,0.8174547223245107,7.368272297580948,0.11094252347227809,0.021884073241593333,0.7,one_minus_alpha_power,408,True,58.0,58.0,256,1000000
10000,0.7,0.8,0.8174547223245107,7.368272297580948,0.11094252347227809,0.021884073241593333,0.7,one_minus_alpha_power,409,True,87.0,87.0,256,1000000
10000,0.7,0.8,0.8174547223245107,7.368272297580948,0.11094252347227809,0.021884073241593333,0.7,one_minus_alpha_power,410,True,56.0,56.0,256,1000000
10000,0.7,0.8,0.8174547223245107,7.368272297580948,0.11094252347227809,0.021884073241593333,0.7,one_minus_alpha_power,411,True,4.0,4.0,256,1000000
10000,0.7,0.8,0.8174547223245107,7.368272297580948,0.11094252347227809,0.021884073241593333,0.7,one_minus_alpha_power,412,True,9.0,9.0,256,1000000
10000,0.7,0.8,0.8174547223245107,7.368272297580948,0.11094252347227809,0.021884073241593333,0.7,one_minus_alpha_power,413,True,59.0,59.0,256,1000000
10000,0.7,0.8,0.8174547223245107,7.368272297580948,0.11094252347227809,0.021884073241593333,0.7,one_minus_alpha_power,414,True,49.0,49.0,256,1000000
10000,0.7,0.8,0.8174547223245107,7.368272297580948,0.11094252347227809,0.021884073241593333,0.7,one_minus_alpha_power,415,True,24.0,24.0,256,1000000
10000,0.7,0.8,0.8174547223245107,7.368272297580948,0.11094252347227809,0.021884073241593333,0.7,one_minus_alpha_power,416,True,26.0,26.0,256,1000000
10000,0.7,0.8,0.8174547223245107,7.368272297580948,0.11094252347227809,0.021884073241593333,0.7,one_minus_alpha_power,417,True,4.0,4.0,256,1000000
10000,0.7,0.8,0.8174547223245107,7.368272297580948,0.11094252347227809,0.021884073241593333,0.7,one_minus_alpha_power,418,True,39.0,39.0,256,1000000
10000,0.7,0.8,0.8174547223245107,7.368272297580948,0.11094252347227809,0.021884073241593333,0.7,one_minus_alpha_power,419,True,1.0,1.0,256,1000000
10000,0.7,0.8,0.8174547223245107,7.368272297580948,0.11094252347227809,0.021884073241593333,0.7,one_minus_alpha_power,420,True,12.0,12.0,256,1000000
10000,0.7,0.8,0.8174547223245107,7.368272297580948,0.11094252347227809,0.021884073241593333,0.7,one_minus_alpha_power,421,True,212.0,212.0,256,1000000
10000,0.7,0.8,0.8174547223245107,7.368272297580948,0.11094252347227809,0.021884073241593333,0.7,one_minus_alpha_power,422,True,178.0,178.0,256,1000000
10000,0.7,0.8,0.8174547223245107,7.368272297580948,0.11094252347227809,0.021884073241593333,0.7,one_minus_alpha_power,423,True,31.0,31.0,256,1000000
10000,0.7,0.8,0.8174547223245107,7.368272297580948,0.11094252347227809,0.021884073241593333,0.7,one_minus_alpha_power,424,True,13.0,13.0,256,1000000
10000,0.7,0.8,0.8174547223245107,7.368272297580948,0.11094252347227809,0.021884073241593333,0.7,one_minus_alpha_power,425,True,33.0,33.0,256,1000000
10000,0.7,0.8,0.8174547223245107,7.368272297580948,0.11094252347227809,0.021884073241593333,0.7,one_minus_alpha_power,426,True,75.0,75.0,256,1000000
10000,0.7,0.8,0.8174547223245107,7.368272297580948,0.11094252347227809,0.021884073241593333,0.7,one_minus_alpha_power,427,True,4.0,4.0,256,1000000
10000,0.7,0.8,0.8174547223245107,7.368272297580948,0.11094252347227809,0.021884073241593333,0.7,one_minus_alpha_power,428,True,24.0,24.0,256,1000000
10000,0.7,0.8,0.8174547223245107,7.368272297580948,0.11094252347227809,0.021884073241593333,0.7,one_minus_alpha_power,429,True,27.0,27.0,256,1000000
10000,0.7,0.8,0.8174547223245107,7.368272297580948,0.11094252347227809,0.021884073241593333,0.7,one_minus_alpha_power,430,True,2.0,2.0,256,1000000
10000,0.7,0.8,0.8174547223245107,7.368272297580948,0.11094252347227809,0.021884073241593333,0.7,one_minus_alpha_power,431,True,42.0,42.0,256,1000000
10000,0.7,0.8,0.8174547223245107,7.368272297580948,0.11094252347227809,0.021884073241593333,0.7,one_minus_alpha_power,432,True,64.0,64.0,256,1000000
10000,0.7,0.8,0.8174547223245107,7.368272297580948,0.11094252347227809,0.021884073241593333,0.7,one_minus_alpha_power,433,True,6.0,6.0,256,1000000
10000,0.7,0.8,0.8174547223245107,7.368272297580948,0.11094252347227809,0.021884073241593333,0.7,one_minus_alpha_power,434,True,16.0,16.0,256,1000000
10000,0.7,0.8,0.8174547223245107,7.368272297580948,0.11094252347227809,0.021884073241593333,0.7,one_minus_alpha_power,435,True,56.0,56.0,256,1000000
10000,0.7,0.8,0.8174547223245107,7.368272297580948,0.11094252347227809,0.021884073241593333,0.7,one_minus_alpha_power,436,True,86.0,86.0,256,1000000
10000,0.7,0.8,0.8174547223245107,7.368272297580948,0.11094252347227809,0.021884073241593333,0.7,one_minus_alpha_power,437,True,10.0,10.0,256,1000000
10000,0.7,0.8,0.8174547223245107,7.368272297580948,0.11094252347227809,0.021884073241593333,0.7,one_minus_alpha_power,438,True,7.0,7.0,256,1000000
10000,0.7,0.8,0.8174547223245107,7.368272297580948,0.11094252347227809,0.021884073241593333,0.7,one_minus_alpha_power,439,True,97.0,97.0,256,1000000
10000,0.7,0.8,0.8174547223245107,7.368272297580948,0.11094252347227809,0.021884073241593333,0.7,one_minus_alpha_power,440,True,28.0,28.0,256,1000000
10000,0.7,0.8,0.8174547223245107,7.368272297580948,0.11094252347227809,0.021884073241593333,0.7,one_minus_alpha_power,441,True,11.0,11.0,256,1000000
10000,0.7,0.8,0.8174547223245107,7.368272297580948,0.11094252347227809,0.021884073241593333,0.7,one_minus_alpha_power,442,True,15.0,15.0,256,1000000
10000,0.7,0.8,0.8174547223245107,7.368272297580948,0.11094252347227809,0.021884073241593333,0.7,one_minus_alpha_power,443,True,31.0,31.0,256,1000000
10000,0.7,0.8,0.8174547223245107,7.368272297580948,0.11094252347227809,0.021884073241593333,0.7,one_minus_alpha_power,444,True,339.0,339.0,256,1000000
10000,0.7,0.8,0.8174547223245107,7.368272297580948,0.11094252347227809,0.021884073241593333,0.7,one_minus_alpha_power,445,True,35.0,35.0,256,1000000
10000,0.7,0.8,0.8174547223245107,7.368272297580948,0.11094252347227809,0.021884073241593333,0.7,one_minus_alpha_power,446,True,23.0,23.0,256,1000000
10000,0.7,0.8,0.8174547223245107,7.368272297580948,0.11094252347227809,0.021884073241593333,0.7,one_minus_alpha_power,447,True,16.0,16.0,256,1000000
10000,0.7,0.8,0.8174547223245107,7.368272297580948,0.11094252347227809,0.021884073241593333,0.7,one_minus_alpha_power,448,True,22.0,22.0,256,1000000
10000,0.7,0.8,0.8174547223245107,7.368272297580948,0.11094252347227809,0.021884073241593333,0.7,one_minus_alpha_power,449,True,5.0,5.0,256,1000000
10000,0.7,0.8,0.8174547223245107,7.368272297580948,0.11094252347227809,0.021884073241593333,0.7,one_minus_alpha_power,450,True,8.0,8.0,256,1000000
10000,0.7,0.8,0.8174547223245107,7.368272297580948,0.11094252347227809,0.021884073241593333,0.7,one_minus_alpha_power,451,True,86.0,86.0,256,1000000
10000,0.7,0.8,0.8174547223245107,7.368272297580948,0.11094252347227809,0.021884073241593333,0.7,one_minus_alpha_power,452,True,90.0,90.0,256,1000000
10000,0.7,0.8,0.8174547223245107,7.368272297580948,0.11094252347227809,0.021884073241593333,0.7,one_minus_alpha_power,453,True,5.0,5.0,256,1000000
10000,0.7,0.8,0.8174547223245107,7.368272297580948,0.11094252347227809,0.021884073241593333,0.7,one_minus_alpha_power,454,True,33.0,33.0,256,1000000
10000,0.7,0.8,0.8174547223245107,7.368272297580948,0.11094252347227809,0.021884073241593333,0.7,one_minus_alpha_power,455,True,14.0,14.0,256,1000000
10000,0.7,0.8,0.8174547223245107,7.368272297580948,0.11094252347227809,0.021884073241593333,0.7,one_minus_alpha_power,456,True,90.0,90.0,256,1000000
10000,0.7,0.8,0.8174547223245107,7.368272297580948,0.11094252347227809,0.021884073241593333,0.7,one_minus_alpha_power,457,True,7.0,7.0,256,1000000
10000,0.7,0.8,0.8174547223245107,7.368272297580948,0.11094252347227809,0.021884073241593333,0.7,one_minus_alpha_power,458,True,52.0,52.0,256,1000000
10000,0.7,0.8,0.8174547223245107,7.368272297580948,0.11094252347227809,0.021884073241593333,0.7,one_minus_alpha_power,459,True,46.0,46.0,256,1000000
10000,0.7,0.8,0.8174547223245107,7.368272297580948,0.11094252347227809,0.021884073241593333,0.7,one_minus_alpha_power,460,True,20.0,20.0,256,1000000
10000,0.7,0.8,0.8174547223245107,7.368272297580948,0.11094252347227809,0.021884073241593333,0.7,one_minus_alpha_power,461,True,36.0,36.0,256,1000000
10000,0.7,0.8,0.8174547223245107,7.368272297580948,0.11094252347227809,0.021884073241593333,0.7,one_minus_alpha_power,462,True,16.0,16.0,256,1000000
10000,0.7,0.8,0.8174547223245107,7.368272297580948,0.11094252347227809,0.021884073241593333,0.7,one_minus_alpha_power,463,True,4.0,4.0,256,1000000
10000,0.7,0.8,0.8174547223245107,7.368272297580948,0.11094252347227809,0.021884073241593333,0.7,one_minus_alpha_power,464,True,5.0,5.0,256,1000000
10000,0.7,0.8,0.8174547223245107,7.368272297580948,0.11094252347227809,0.021884073241593333,0.7,one_minus_alpha_power,465,True,90.0,90.0,256,1000000
10000,0.7,0.8,0.8174547223245107,7.368272297580948,0.11094252347227809,0.021884073241593333,0.7,one_minus_alpha_power,466,True,33.0,33.0,256,1000000
10000,0.7,0.8,0.8174547223245107,7.368272297580948,0.11094252347227809,0.021884073241593333,0.7,one_minus_alpha_power,467,True,55.0,55.0,256,1000000
10000,0.7,0.8,0.8174547223245107,7.368272297580948,0.11094252347227809,0.021884073241593333,0.7,one_minus_alpha_power,468,True,26.0,26.0,256,1000000
10000,0.7,0.8,0.8174547223245107,7.368272297580948,0.11094252347227809,0.021884073241593333,0.7,one_minus_alpha_power,469,True,5.0,5.0,256,1000000
10000,0.7,0.8,0.8174547223245107,7.368272297580948,0.11094252347227809,0.021884073241593333,0.7,one_minus_alpha_power,470,True,17.0,17.0,256,1000000
10000,0.7,0.8,0.8174547223245107,7.368272297580948,0.11094252347227809,0.021884073241593333,0.7,one_minus_alpha_power,471,True,19.0,19.0,256,1000000
10000,0.7,0.8,0.8174547223245107,7.368272297580948,0.11094252347227809,0.021884073241593333,0.7,one_minus_alpha_power,472,True,28.0,28.0,256,1000000
10000,0.7,0.8,0.8174547223245107,7.368272297580948,0.11094252347227809,0.021884073241593333,0.7,one_minus_alpha_power,473,True,4.0,4.0,256,1000000
10000,0.7,0.8,0.8174547223245107,7.368272297580948,0.11094252347227809,0.021884073241593333,0.7,one_minus_alpha_power,474,True,32.0,32.0,256,1000000
10000,0.7,0.8,0.8174547223245107,7.368272297580948,0.11094252347227809,0.021884073241593333,0.7,one_minus_alpha_power,475,True,230.0,230.0,256,1000000
10000,0.7,0.8,0.8174547223245107,7.368272297580948,0.11094252347227809,0.021884073241593333,0.7,one_minus_alpha_power,476,True,4.0,4.0,256,1000000
10000,0.7,0.8,0.8174547223245107,7.368272297580948,0.11094252347227809,0.021884073241593333,0.7,one_minus_alpha_power,477,True,42.0,42.0,256,1000000
10000,0.7,0.8,0.8174547223245107,7.368272297580948,0.11094252347227809,0.021884073241593333,0.7,one_minus_alpha_power,478,True,55.0,55.0,256,1000000
10000,0.7,0.8,0.8174547223245107,7.368272297580948,0.11094252347227809,0.021884073241593333,0.7,one_minus_alpha_power,479,True,5.0,5.0,256,1000000
10000,0.7,0.8,0.8174547223245107,7.368272297580948,0.11094252347227809,0.021884073241593333,0.7,one_minus_alpha_power,480,True,196.0,196.0,256,1000000
10000,0.7,0.8,0.8174547223245107,7.368272297580948,0.11094252347227809,0.021884073241593333,0.7,one_minus_alpha_power,481,True,4.0,4.0,256,1000000
10000,0.7,0.8,0.8174547223245107,7.368272297580948,0.11094252347227809,0.021884073241593333,0.7,one_minus_alpha_power,482,True,43.0,43.0,256,1000000
10000,0.7,0.8,0.8174547223245107,7.368272297580948,0.11094252347227809,0.021884073241593333,0.7,one_minus_alpha_power,483,True,3.0,3.0,256,1000000
10000,0.7,0.8,0.8174547223245107,7.368272297580948,0.11094252347227809,0.021884073241593333,0.7,one_minus_alpha_power,484,True,10.0,10.0,256,1000000
10000,0.7,0.8,0.8174547223245107,7.368272297580948,0.11094252347227809,0.021884073241593333,0.7,one_minus_alpha_power,485,True,41.0,41.0,256,1000000
10000,0.7,0.8,0.8174547223245107,7.368272297580948,0.11094252347227809,0.021884073241593333,0.7,one_minus_alpha_power,486,True,86.0,86.0,256,1000000
10000,0.7,0.8,0.8174547223245107,7.368272297580948,0.11094252347227809,0.021884073241593333,0.7,one_minus_alpha_power,487,True,86.0,86.0,256,1000000
10000,0.7,0.8,0.8174547223245107,7.368272297580948,0.11094252347227809,0.021884073241593333,0.7,one_minus_alpha_power,488,True,8.0,8.0,256,1000000
10000,0.7,0.8,0.8174547223245107,7.368272297580948,0.11094252347227809,0.021884073241593333,0.7,one_minus_alpha_power,489,True,1.0,1.0,256,1000000
10000,0.7,0.8,0.8174547223245107,7.368272297580948,0.11094252347227809,0.021884073241593333,0.7,one_minus_alpha_power,490,True,5.0,5.0,256,1000000
10000,0.7,0.8,0.8174547223245107,7.368272297580948,0.11094252347227809,0.021884073241593333,0.7,one_minus_alpha_power,491,True,27.0,27.0,256,1000000
10000,0.7,0.8,0.8174547223245107,7.368272297580948,0.11094252347227809,0.021884073241593333,0.7,one_minus_alpha_power,492,True,2.0,2.0,256,1000000
10000,0.7,0.8,0.8174547223245107,7.368272297580948,0.11094252347227809,0.021884073241593333,0.7,one_minus_alpha_power,493,True,8.0,8.0,256,1000000
10000,0.7,0.8,0.8174547223245107,7.368272297580948,0.11094252347227809,0.021884073241593333,0.7,one_minus_alpha_power,494,True,66.0,66.0,256,1000000
10000,0.7,0.8,0.8174547223245107,7.368272297580948,0.11094252347227809,0.021884073241593333,0.7,one_minus_alpha_power,495,True,61.0,61.0,256,1000000
10000,0.7,0.8,0.8174547223245107,7.368272297580948,0.11094252347227809,0.021884073241593333,0.7,one_minus_alpha_power,496,True,7.0,7.0,256,1000000
10000,0.7,0.8,0.8174547223245107,7.368272297580948,0.11094252347227809,0.021884073241593333,0.7,one_minus_alpha_power,497,True,64.0,64.0,256,1000000
10000,0.7,0.8,0.8174547223245107,7.368272297580948,0.11094252347227809,0.021884073241593333,0.7,one_minus_alpha_power,498,True,9.0,9.0,256,1000000
10000,0.7,0.8,0.8174547223245107,7.368272297580948,0.11094252347227809,0.021884073241593333,0.7,one_minus_alpha_power,499,True,6.0,6.0,256,1000000
10000,0.7,0.8,0.8174547223245107,7.368272297580948,0.11094252347227809,0.021884073241593333,0.7,one_minus_alpha_power,500,True,17.0,17.0,256,1000000
10000,0.7,0.8,0.8174547223245107,7.368272297580948,0.11094252347227809,0.021884073241593333,0.7,one_minus_alpha_power,501,True,59.0,59.0,256,1000000
10000,0.7,0.8,0.8174547223245107,7.368272297580948,0.11094252347227809,0.021884073241593333,0.7,one_minus_alpha_power,502,True,43.0,43.0,256,1000000
10000,0.7,0.8,0.8174547223245107,7.368272297580948,0.11094252347227809,0.021884073241593333,0.7,one_minus_alpha_power,503,True,16.0,16.0,256,1000000
10000,0.7,0.8,0.8174547223245107,7.368272297580948,0.11094252347227809,0.021884073241593333,0.7,one_minus_alpha_power,504,True,7.0,7.0,256,1000000
10000,0.7,0.8,0.8174547223245107,7.368272297580948,0.11094252347227809,0.021884073241593333,0.7,one_minus_alpha_power,505,True,21.0,21.0,256,1000000
10000,0.7,0.8,0.8174547223245107,7.368272297580948,0.11094252347227809,0.021884073241593333,0.7,one_minus_alpha_power,506,True,89.0,89.0,256,1000000
10000,0.7,0.8,0.8174547223245107,7.368272297580948,0.11094252347227809,0.021884073241593333,0.7,one_minus_alpha_power,507,True,108.0,108.0,256,1000000
10000,0.7,0.8,0.8174547223245107,7.368272297580948,0.11094252347227809,0.021884073241593333,0.7,one_minus_alpha_power,508,True,35.0,35.0,256,1000000
10000,0.7,0.8,0.8174547223245107,7.368272297580948,0.11094252347227809,0.021884073241593333,0.7,one_minus_alpha_power,509,True,25.0,25.0,256,1000000
10000,0.7,0.8,0.8174547223245107,7.368272297580948,0.11094252347227809,0.021884073241593333,0.7,one_minus_alpha_power,510,True,207.0,207.0,256,1000000
10000,0.7,0.8,0.8174547223245107,7.368272297580948,0.11094252347227809,0.021884073241593333,0.7,one_minus_alpha_power,511,True,16.0,16.0,256,1000000
10000,0.7,0.8,0.8174547223245107,7.368272297580948,0.11094252347227809,0.021884073241593333,0.7,one_minus_alpha_power,512,True,2.0,2.0,256,1000000
10000,0.7,0.8,0.8174547223245107,7.368272297580948,0.11094252347227809,0.021884073241593333,0.7,one_minus_alpha_power,513,True,32.0,32.0,256,1000000
10000,0.7,0.8,0.8174547223245107,7.368272297580948,0.11094252347227809,0.021884073241593333,0.7,one_minus_alpha_power,514,True,81.0,81.0,256,1000000
10000,0.7,0.8,0.8174547223245107,7.368272297580948,0.11094252347227809,0.021884073241593333,0.7,one_minus_alpha_power,515,True,5.0,5.0,256,1000000
10000,0.7,0.8,0.8174547223245107,7.368272297580948,0.11094252347227809,0.021884073241593333,0.7,one_minus_alpha_power,516,True,6.0,6.0,256,1000000
10000,0.7,0.8,0.8174547223245107,7.368272297580948,0.11094252347227809,0.021884073241593333,0.7,one_minus_alpha_power,517,True,39.0,39.0,256,1000000
10000,0.7,0.8,0.8174547223245107,7.368272297580948,0.11094252347227809,0.021884073241593333,0.7,one_minus_alpha_power,518,True,107.0,107.0,256,1000000
10000,0.7,0.8,0.8174547223245107,7.368272297580948,0.11094252347227809,0.021884073241593333,0.7,one_minus_alpha_power,519,True,120.0,120.0,256,1000000
10000,0.7,0.8,0.8174547223245107,7.368272297580948,0.11094252347227809,0.021884073241593333,0.7,one_minus_alpha_power,520,True,18.0,18.0,256,1000000
10000,0.7,0.8,0.8174547223245107,7.368272297580948,0.11094252347227809,0.021884073241593333,0.7,one_minus_alpha_power,521,True,75.0,75.0,256,1000000
10000,0.7,0.8,0.8174547223245107,7.368272297580948,0.11094252347227809,0.021884073241593333,0.7,one_minus_alpha_power,522,True,59.0,59.0,256,1000000
10000,0.7,0.8,0.8174547223245107,7.368272297580948,0.11094252347227809,0.021884073241593333,0.7,one_minus_alpha_power,523,True,98.0,98.0,256,1000000
10000,0.7,0.8,0.8174547223245107,7.368272297580948,0.11094252347227809,0.021884073241593333,0.7,one_minus_alpha_power,524,True,4.0,4.0,256,1000000
10000,0.7,0.8,0.8174547223245107,7.368272297580948,0.11094252347227809,0.021884073241593333,0.7,one_minus_alpha_power,525,True,2.0,2.0,256,1000000
10000,0.7,0.8,0.8174547223245107,7.368272297580948,0.11094252347227809,0.021884073241593333,0.7,one_minus_alpha_power,526,True,40.0,40.0,256,1000000
10000,0.7,0.8,0.8174547223245107,7.368272297580948,0.11094252347227809,0.021884073241593333,0.7,one_minus_alpha_power,527,True,6.0,6.0,256,1000000
10000,0.7,0.8,0.8174547223245107,7.368272297580948,0.11094252347227809,0.021884073241593333,0.7,one_minus_alpha_power,528,True,14.0,14.0,256,1000000
10000,0.7,0.8,0.8174547223245107,7.368272297580948,0.11094252347227809,0.021884073241593333,0.7,one_minus_alpha_power,529,True,88.0,88.0,256,1000000
10000,0.7,0.8,0.8174547223245107,7.368272297580948,0.11094252347227809,0.021884073241593333,0.7,one_minus_alpha_power,530,True,58.0,58.0,256,1000000
10000,0.7,0.8,0.8174547223245107,7.368272297580948,0.11094252347227809,0.021884073241593333,0.7,one_minus_alpha_power,531,True,0.0,0.0,256,1000000
10000,0.7,0.8,0.8174547223245107,7.368272297580948,0.11094252347227809,0.021884073241593333,0.7,one_minus_alpha_power,532,True,28.0,28.0,256,1000000
10000,0.7,0.8,0.8174547223245107,7.368272297580948,0.11094252347227809,0.021884073241593333,0.7,one_minus_alpha_power,533,True,89.0,89.0,256,1000000
10000,0.7,0.8,0.8174547223245107,7.368272297580948,0.11094252347227809,0.021884073241593333,0.7,one_minus_alpha_power,534,True,187.0,187.0,256,1000000
10000,0.7,0.8,0.8174547223245107,7.368272297580948,0.11094252347227809,0.021884073241593333,0.7,one_minus_alpha_power,535,True,21.0,21.0,256,1000000
10000,0.7,0.8,0.8174547223245107,7.368272297580948,0.11094252347227809,0.021884073241593333,0.7,one_minus_alpha_power,536,True,11.0,11.0,256,1000000
10000,0.7,0.8,0.8174547223245107,7.368272297580948,0.11094252347227809,0.021884073241593333,0.7,one_minus_alpha_power,537,True,87.0,87.0,256,1000000
10000,0.7,0.8,0.8174547223245107,7.368272297580948,0.11094252347227809,0.021884073241593333,0.7,one_minus_alpha_power,538,True,2.0,2.0,256,1000000
10000,0.7,0.8,0.8174547223245107,7.368272297580948,0.11094252347227809,0.021884073241593333,0.7,one_minus_alpha_power,539,True,6.0,6.0,256,1000000
10000,0.7,0.8,0.8174547223245107,7.368272297580948,0.11094252347227809,0.021884073241593333,0.7,one_minus_alpha_power,540,True,16.0,16.0,256,1000000
10000,0.7,0.8,0.8174547223245107,7.368272297580948,0.11094252347227809,0.021884073241593333,0.7,one_minus_alpha_power,541,True,21.0,21.0,256,1000000
10000,0.7,0.8,0.8174547223245107,7.368272297580948,0.11094252347227809,0.021884073241593333,0.7,one_minus_alpha_power,542,True,103.0,103.0,256,1000000
10000,0.7,0.8,0.8174547223245107,7.368272297580948,0.11094252347227809,0.021884073241593333,0.7,one_minus_alpha_power,543,True,11.0,11.0,256,1000000
10000,0.7,0.8,0.8174547223245107,7.368272297580948,0.11094252347227809,0.021884073241593333,0.7,one_minus_alpha_power,544,True,96.0,96.0,256,1000000
10000,0.7,0.8,0.8174547223245107,7.368272297580948,0.11094252347227809,0.021884073241593333,0.7,one_minus_alpha_power,545,True,128.0,128.0,256,1000000
10000,0.7,0.8,0.8174547223245107,7.368272297580948,0.11094252347227809,0.021884073241593333,0.7,one_minus_alpha_power,546,True,15.0,15.0,256,1000000
10000,0.7,0.8,0.8174547223245107,7.368272297580948,0.11094252347227809,0.021884073241593333,0.7,one_minus_alpha_power,547,True,77.0,77.0,256,1000000
10000,0.7,0.8,0.8174547223245107,7.368272297580948,0.11094252347227809,0.021884073241593333,0.7,one_minus_alpha_power,548,True,9.0,9.0,256,1000000
10000,0.7,0.8,0.8174547223245107,7.368272297580948,0.11094252347227809,0.021884073241593333,0.7,one_minus_alpha_power,549,True,247.0,247.0,256,1000000
10000,0.7,0.8,0.8174547223245107,7.368272297580948,0.11094252347227809,0.021884073241593333,0.7,one_minus_alpha_power,550,True,70.0,70.0,256,1000000
10000,0.7,0.8,0.8174547223245107,7.368272297580948,0.11094252347227809,0.021884073241593333,0.7,one_minus_alpha_power,551,True,2.0,2.0,256,1000000
10000,0.7,0.8,0.8174547223245107,7.368272297580948,0.11094252347227809,0.021884073241593333,0.7,one_minus_alpha_power,552,True,35.0,35.0,256,1000000
10000,0.7,0.8,0.8174547223245107,7.368272297580948,0.11094252347227809,0.021884073241593333,0.7,one_minus_alpha_power,553,True,60.0,60.0,256,1000000
10000,0.7,0.8,0.8174547223245107,7.368272297580948,0.11094252347227809,0.021884073241593333,0.7,one_minus_alpha_power,554,True,39.0,39.0,256,1000000
10000,0.7,0.8,0.8174547223245107,7.368272297580948,0.11094252347227809,0.021884073241593333,0.7,one_minus_alpha_power,555,True,37.0,37.0,256,1000000
10000,0.7,0.8,0.8174547223245107,7.368272297580948,0.11094252347227809,0.021884073241593333,0.7,one_minus_alpha_power,556,True,81.0,81.0,256,1000000
10000,0.7,0.8,0.8174547223245107,7.368272297580948,0.11094252347227809,0.021884073241593333,0.7,one_minus_alpha_power,557,True,14.0,14.0,256,1000000
10000,0.7,0.8,0.8174547223245107,7.368272297580948,0.11094252347227809,0.021884073241593333,0.7,one_minus_alpha_power,558,True,80.0,80.0,256,1000000
10000,0.7,0.8,0.8174547223245107,7.368272297580948,0.11094252347227809,0.021884073241593333,0.7,one_minus_alpha_power,559,True,27.0,27.0,256,1000000
10000,0.7,0.8,0.8174547223245107,7.368272297580948,0.11094252347227809,0.021884073241593333,0.7,one_minus_alpha_power,560,True,127.0,127.0,256,1000000
10000,0.7,0.8,0.8174547223245107,7.368272297580948,0.11094252347227809,0.021884073241593333,0.7,one_minus_alpha_power,561,True,78.0,78.0,256,1000000
10000,0.7,0.8,0.8174547223245107,7.368272297580948,0.11094252347227809,0.021884073241593333,0.7,one_minus_alpha_power,562,True,66.0,66.0,256,1000000
10000,0.7,0.8,0.8174547223245107,7.368272297580948,0.11094252347227809,0.021884073241593333,0.7,one_minus_alpha_power,563,True,2.0,2.0,256,1000000
10000,0.7,0.8,0.8174547223245107,7.368272297580948,0.11094252347227809,0.021884073241593333,0.7,one_minus_alpha_power,564,True,22.0,22.0,256,1000000
10000,0.7,0.8,0.8174547223245107,7.368272297580948,0.11094252347227809,0.021884073241593333,0.7,one_minus_alpha_power,565,True,23.0,23.0,256,1000000
10000,0.7,0.8,0.8174547223245107,7.368272297580948,0.11094252347227809,0.021884073241593333,0.7,one_minus_alpha_power,566,True,2.0,2.0,256,1000000
10000,0.7,0.8,0.8174547223245107,7.368272297580948,0.11094252347227809,0.021884073241593333,0.7,one_minus_alpha_power,567,True,110.0,110.0,256,1000000
10000,0.7,0.8,0.8174547223245107,7.368272297580948,0.11094252347227809,0.021884073241593333,0.7,one_minus_alpha_power,568,True,3.0,3.0,256,1000000
10000,0.7,0.8,0.8174547223245107,7.368272297580948,0.11094252347227809,0.021884073241593333,0.7,one_minus_alpha_power,569,True,27.0,27.0,256,1000000
10000,0.7,0.8,0.8174547223245107,7.368272297580948,0.11094252347227809,0.021884073241593333,0.7,one_minus_alpha_power,570,True,54.0,54.0,256,1000000
10000,0.7,0.8,0.8174547223245107,7.368272297580948,0.11094252347227809,0.021884073241593333,0.7,one_minus_alpha_power,571,True,48.0,48.0,256,1000000
10000,0.7,0.8,0.8174547223245107,7.368272297580948,0.11094252347227809,0.021884073241593333,0.7,one_minus_alpha_power,572,True,7.0,7.0,256,1000000
10000,0.7,0.8,0.8174547223245107,7.368272297580948,0.11094252347227809,0.021884073241593333,0.7,one_minus_alpha_power,573,True,103.0,103.0,256,1000000
10000,0.7,0.8,0.8174547223245107,7.368272297580948,0.11094252347227809,0.021884073241593333,0.7,one_minus_alpha_power,574,True,41.0,41.0,256,1000000
10000,0.7,0.8,0.8174547223245107,7.368272297580948,0.11094252347227809,0.021884073241593333,0.7,one_minus_alpha_power,575,True,61.0,61.0,256,1000000
10000,0.7,0.8,0.8174547223245107,7.368272297580948,0.11094252347227809,0.021884073241593333,0.7,one_minus_alpha_power,576,True,5.0,5.0,256,1000000
10000,0.7,0.8,0.8174547223245107,7.368272297580948,0.11094252347227809,0.021884073241593333,0.7,one_minus_alpha_power,577,True,32.0,32.0,256,1000000
10000,0.7,0.8,0.8174547223245107,7.368272297580948,0.11094252347227809,0.021884073241593333,0.7,one_minus_alpha_power,578,True,98.0,98.0,256,1000000
10000,0.7,0.8,0.8174547223245107,7.368272297580948,0.11094252347227809,0.021884073241593333,0.7,one_minus_alpha_power,579,True,4.0,4.0,256,1000000
10000,0.7,0.8,0.8174547223245107,7.368272297580948,0.11094252347227809,0.021884073241593333,0.7,one_minus_alpha_power,580,True,15.0,15.0,256,1000000
10000,0.7,0.8,0.8174547223245107,7.368272297580948,0.11094252347227809,0.021884073241593333,0.7,one_minus_alpha_power,581,True,8.0,8.0,256,1000000
10000,0.7,0.8,0.8174547223245107,7.368272297580948,0.11094252347227809,0.021884073241593333,0.7,one_minus_alpha_power,582,True,4.0,4.0,256,1000000
10000,0.7,0.8,0.8174547223245107,7.368272297580948,0.11094252347227809,0.021884073241593333,0.7,one_minus_alpha_power,583,True,103.0,103.0,256,1000000
10000,0.7,0.8,0.8174547223245107,7.368272297580948,0.11094252347227809,0.021884073241593333,0.7,one_minus_alpha_power,584,True,41.0,41.0,256,1000000
10000,0.7,0.8,0.8174547223245107,7.368272297580948,0.11094252347227809,0.021884073241593333,0.7,one_minus_alpha_power,585,True,7.0,7.0,256,1000000
10000,0.7,0.8,0.8174547223245107,7.368272297580948,0.11094252347227809,0.021884073241593333,0.7,one_minus_alpha_power,586,True,20.0,20.0,256,1000000
10000,0.7,0.8,0.8174547223245107,7.368272297580948,0.11094252347227809,0.021884073241593333,0.7,one_minus_alpha_power,587,True,80.0,80.0,256,1000000
10000,0.7,0.8,0.8174547223245107,7.368272297580948,0.11094252347227809,0.021884073241593333,0.7,one_minus_alpha_power,588,True,34.0,34.0,256,1000000
10000,0.7,0.8,0.8174547223245107,7.368272297580948,0.11094252347227809,0.021884073241593333,0.7,one_minus_alpha_power,589,True,46.0,46.0,256,1000000
10000,0.7,0.8,0.8174547223245107,7.368272297580948,0.11094252347227809,0.021884073241593333,0.7,one_minus_alpha_power,590,True,83.0,83.0,256,1000000
10000,0.7,0.8,0.8174547223245107,7.368272297580948,0.11094252347227809,0.021884073241593333,0.7,one_minus_alpha_power,591,True,87.0,87.0,256,1000000
10000,0.7,0.8,0.8174547223245107,7.368272297580948,0.11094252347227809,0.021884073241593333,0.7,one_minus_alpha_power,592,True,50.0,50.0,256,1000000
10000,0.7,0.8,0.8174547223245107,7.368272297580948,0.11094252347227809,0.021884073241593333,0.7,one_minus_alpha_power,593,True,51.0,51.0,256,1000000
10000,0.7,0.8,0.8174547223245107,7.368272297580948,0.11094252347227809,0.021884073241593333,0.7,one_minus_alpha_power,594,True,162.0,162.0,256,1000000
10000,0.7,0.8,0.8174547223245107,7.368272297580948,0.11094252347227809,0.021884073241593333,0.7,one_minus_alpha_power,595,True,14.0,14.0,256,1000000
10000,0.7,0.8,0.8174547223245107,7.368272297580948,0.11094252347227809,0.021884073241593333,0.7,one_minus_alpha_power,596,True,9.0,9.0,256,1000000
10000,0.7,0.8,0.8174547223245107,7.368272297580948,0.11094252347227809,0.021884073241593333,0.7,one_minus_alpha_power,597,True,85.0,85.0,256,1000000
10000,0.7,0.8,0.8174547223245107,7.368272297580948,0.11094252347227809,0.021884073241593333,0.7,one_minus_alpha_power,598,True,29.0,29.0,256,1000000
10000,0.7,0.8,0.8174547223245107,7.368272297580948,0.11094252347227809,0.021884073241593333,0.7,one_minus_alpha_power,599,True,12.0,12.0,256,1000000
10000,0.7,0.8,0.8174547223245107,7.368272297580948,0.11094252347227809,0.021884073241593333,0.7,one_minus_alpha_power,600,True,36.0,36.0,256,1000000
10000,0.7,0.8,0.8174547223245107,7.368272297580948,0.11094252347227809,0.021884073241593333,0.7,one_minus_alpha_power,601,True,68.0,68.0,256,1000000
10000,0.7,0.8,0.8174547223245107,7.368272297580948,0.11094252347227809,0.021884073241593333,0.7,one_minus_alpha_power,602,True,16.0,16.0,256,1000000
10000,0.7,0.8,0.8174547223245107,7.368272297580948,0.11094252347227809,0.021884073241593333,0.7,one_minus_alpha_power,603,True,77.0,77.0,256,1000000
10000,0.7,0.8,0.8174547223245107,7.368272297580948,0.11094252347227809,0.021884073241593333,0.7,one_minus_alpha_power,604,True,6.0,6.0,256,1000000
10000,0.7,0.8,0.8174547223245107,7.368272297580948,0.11094252347227809,0.021884073241593333,0.7,one_minus_alpha_power,605,True,34.0,34.0,256,1000000
10000,0.7,0.8,0.8174547223245107,7.368272297580948,0.11094252347227809,0.021884073241593333,0.7,one_minus_alpha_power,606,True,21.0,21.0,256,1000000
10000,0.7,0.8,0.8174547223245107,7.368272297580948,0.11094252347227809,0.021884073241593333,0.7,one_minus_alpha_power,607,True,45.0,45.0,256,1000000
10000,0.7,0.8,0.8174547223245107,7.368272297580948,0.11094252347227809,0.021884073241593333,0.7,one_minus_alpha_power,608,True,4.0,4.0,256,1000000
10000,0.7,0.8,0.8174547223245107,7.368272297580948,0.11094252347227809,0.021884073241593333,0.7,one_minus_alpha_power,609,True,108.0,108.0,256,1000000
10000,0.7,0.8,0.8174547223245107,7.368272297580948,0.11094252347227809,0.021884073241593333,0.7,one_minus_alpha_power,610,True,18.0,18.0,256,1000000
10000,0.7,0.8,0.8174547223245107,7.368272297580948,0.11094252347227809,0.021884073241593333,0.7,one_minus_alpha_power,611,True,31.0,31.0,256,1000000
10000,0.7,0.8,0.8174547223245107,7.368272297580948,0.11094252347227809,0.021884073241593333,0.7,one_minus_alpha_power,612,True,8.0,8.0,256,1000000
10000,0.7,0.8,0.8174547223245107,7.368272297580948,0.11094252347227809,0.021884073241593333,0.7,one_minus_alpha_power,613,True,7.0,7.0,256,1000000
10000,0.7,0.8,0.8174547223245107,7.368272297580948,0.11094252347227809,0.021884073241593333,0.7,one_minus_alpha_power,614,True,13.0,13.0,256,1000000
10000,0.7,0.8,0.8174547223245107,7.368272297580948,0.11094252347227809,0.021884073241593333,0.7,one_minus_alpha_power,615,True,3.0,3.0,256,1000000
10000,0.7,0.8,0.8174547223245107,7.368272297580948,0.11094252347227809,0.021884073241593333,0.7,one_minus_alpha_power,616,True,66.0,66.0,256,1000000
10000,0.7,0.8,0.8174547223245107,7.368272297580948,0.11094252347227809,0.021884073241593333,0.7,one_minus_alpha_power,617,True,4.0,4.0,256,1000000
10000,0.7,0.8,0.8174547223245107,7.368272297580948,0.11094252347227809,0.021884073241593333,0.7,one_minus_alpha_power,618,True,131.0,131.0,256,1000000
10000,0.7,0.8,0.8174547223245107,7.368272297580948,0.11094252347227809,0.021884073241593333,0.7,one_minus_alpha_power,619,True,61.0,61.0,256,1000000
10000,0.7,0.8,0.8174547223245107,7.368272297580948,0.11094252347227809,0.021884073241593333,0.7,one_minus_alpha_power,620,True,64.0,64.0,256,1000000
10000,0.7,0.8,0.8174547223245107,7.368272297580948,0.11094252347227809,0.021884073241593333,0.7,one_minus_alpha_power,621,True,5.0,5.0,256,1000000
10000,0.7,0.8,0.8174547223245107,7.368272297580948,0.11094252347227809,0.021884073241593333,0.7,one_minus_alpha_power,622,True,101.0,101.0,256,1000000
10000,0.7,0.8,0.8174547223245107,7.368272297580948,0.11094252347227809,0.021884073241593333,0.7,one_minus_alpha_power,623,True,29.0,29.0,256,1000000
10000,0.7,0.8,0.8174547223245107,7.368272297580948,0.11094252347227809,0.021884073241593333,0.7,one_minus_alpha_power,624,True,83.0,83.0,256,1000000
10000,0.7,0.8,0.8174547223245107,7.368272297580948,0.11094252347227809,0.021884073241593333,0.7,one_minus_alpha_power,625,True,189.0,189.0,256,1000000
10000,0.7,0.8,0.8174547223245107,7.368272297580948,0.11094252347227809,0.021884073241593333,0.7,one_minus_alpha_power,626,True,8.0,8.0,256,1000000
10000,0.7,0.8,0.8174547223245107,7.368272297580948,0.11094252347227809,0.021884073241593333,0.7,one_minus_alpha_power,627,True,78.0,78.0,256,1000000
10000,0.7,0.8,0.8174547223245107,7.368272297580948,0.11094252347227809,0.021884073241593333,0.7,one_minus_alpha_power,628,True,63.0,63.0,256,1000000
10000,0.7,0.8,0.8174547223245107,7.368272297580948,0.11094252347227809,0.021884073241593333,0.7,one_minus_alpha_power,629,True,48.0,48.0,256,1000000
10000,0.7,0.8,0.8174547223245107,7.368272297580948,0.11094252347227809,0.021884073241593333,0.7,one_minus_alpha_power,630,True,18.0,18.0,256,1000000
10000,0.7,0.8,0.8174547223245107,7.368272297580948,0.11094252347227809,0.021884073241593333,0.7,one_minus_alpha_power,631,True,9.0,9.0,256,1000000
10000,0.7,0.8,0.8174547223245107,7.368272297580948,0.11094252347227809,0.021884073241593333,0.7,one_minus_alpha_power,632,True,60.0,60.0,256,1000000
10000,0.7,0.8,0.8174547223245107,7.368272297580948,0.11094252347227809,0.021884073241593333,0.7,one_minus_alpha_power,633,True,7.0,7.0,256,1000000
10000,0.7,0.8,0.8174547223245107,7.368272297580948,0.11094252347227809,0.021884073241593333,0.7,one_minus_alpha_power,634,True,112.0,112.0,256,1000000
10000,0.7,0.8,0.8174547223245107,7.368272297580948,0.11094252347227809,0.021884073241593333,0.7,one_minus_alpha_power,635,True,36.0,36.0,256,1000000
10000,0.7,0.8,0.8174547223245107,7.368272297580948,0.11094252347227809,0.021884073241593333,0.7,one_minus_alpha_power,636,True,62.0,62.0,256,1000000
10000,0.7,0.8,0.8174547223245107,7.368272297580948,0.11094252347227809,0.021884073241593333,0.7,one_minus_alpha_power,637,True,14.0,14.0,256,1000000
10000,0.7,0.8,0.8174547223245107,7.368272297580948,0.11094252347227809,0.021884073241593333,0.7,one_minus_alpha_power,638,True,10.0,10.0,256,1000000
10000,0.7,0.8,0.8174547223245107,7.368272297580948,0.11094252347227809,0.021884073241593333,0.7,one_minus_alpha_power,639,True,22.0,22.0,256,1000000
10000,0.7,0.8,0.8174547223245107,7.368272297580948,0.11094252347227809,0.021884073241593333,0.7,one_minus_alpha_power,640,True,3.0,3.0,256,1000000
10000,0.7,0.8,0.8174547223245107,7.368272297580948,0.11094252347227809,0.021884073241593333,0.7,one_minus_alpha_power,641,True,44.0,44.0,256,1000000
10000,0.7,0.8,0.8174547223245107,7.368272297580948,0.11094252347227809,0.021884073241593333,0.7,one_minus_alpha_power,642,True,41.0,41.0,256,1000000
10000,0.7,0.8,0.8174547223245107,7.368272297580948,0.11094252347227809,0.021884073241593333,0.7,one_minus_alpha_power,643,True,103.0,103.0,256,1000000
10000,0.7,0.8,0.8174547223245107,7.368272297580948,0.11094252347227809,0.021884073241593333,0.7,one_minus_alpha_power,644,True,14.0,14.0,256,1000000
10000,0.7,0.8,0.8174547223245107,7.368272297580948,0.11094252347227809,0.021884073241593333,0.7,one_minus_alpha_power,645,True,22.0,22.0,256,1000000
10000,0.7,0.8,0.8174547223245107,7.368272297580948,0.11094252347227809,0.021884073241593333,0.7,one_minus_alpha_power,646,True,45.0,45.0,256,1000000
10000,0.7,0.8,0.8174547223245107,7.368272297580948,0.11094252347227809,0.021884073241593333,0.7,one_minus_alpha_power,647,True,21.0,21.0,256,1000000
10000,0.7,0.8,0.8174547223245107,7.368272297580948,0.11094252347227809,0.021884073241593333,0.7,one_minus_alpha_power,648,True,24.0,24.0,256,1000000
10000,0.7,0.8,0.8174547223245107,7.368272297580948,0.11094252347227809,0.021884073241593333,0.7,one_minus_alpha_power,649,True,19.0,19.0,256,1000000
10000,0.7,0.8,0.8174547223245107,7.368272297580948,0.11094252347227809,0.021884073241593333,0.7,one_minus_alpha_power,650,True,53.0,53.0,256,1000000
10000,0.7,0.8,0.8174547223245107,7.368272297580948,0.11094252347227809,0.021884073241593333,0.7,one_minus_alpha_power,651,True,15.0,15.0,256,1000000
10000,0.7,0.8,0.8174547223245107,7.368272297580948,0.11094252347227809,0.021884073241593333,0.7,one_minus_alpha_power,652,True,3.0,3.0,256,1000000
10000,0.7,0.8,0.8174547223245107,7.368272297580948,0.11094252347227809,0.021884073241593333,0.7,one_minus_alpha_power,653,True,11.0,11.0,256,1000000
10000,0.7,0.8,0.8174547223245107,7.368272297580948,0.11094252347227809,0.021884073241593333,0.7,one_minus_alpha_power,654,True,65.0,65.0,256,1000000
10000,0.7,0.8,0.8174547223245107,7.368272297580948,0.11094252347227809,0.021884073241593333,0.7,one_minus_alpha_power,655,True,26.0,26.0,256,1000000
10000,0.7,0.8,0.8174547223245107,7.368272297580948,0.11094252347227809,0.021884073241593333,0.7,one_minus_alpha_power,656,True,8.0,8.0,256,1000000
10000,0.7,0.8,0.8174547223245107,7.368272297580948,0.11094252347227809,0.021884073241593333,0.7,one_minus_alpha_power,657,True,6.0,6.0,256,1000000
10000,0.7,0.8,0.8174547223245107,7.368272297580948,0.11094252347227809,0.021884073241593333,0.7,one_minus_alpha_power,658,True,5.0,5.0,256,1000000
10000,0.7,0.8,0.8174547223245107,7.368272297580948,0.11094252347227809,0.021884073241593333,0.7,one_minus_alpha_power,659,True,11.0,11.0,256,1000000
10000,0.7,0.8,0.8174547223245107,7.368272297580948,0.11094252347227809,0.021884073241593333,0.7,one_minus_alpha_power,660,True,93.0,93.0,256,1000000
10000,0.7,0.8,0.8174547223245107,7.368272297580948,0.11094252347227809,0.021884073241593333,0.7,one_minus_alpha_power,661,True,55.0,55.0,256,1000000
10000,0.7,0.8,0.8174547223245107,7.368272297580948,0.11094252347227809,0.021884073241593333,0.7,one_minus_alpha_power,662,True,256.0,256.0,256,1000000
10000,0.7,0.8,0.8174547223245107,7.368272297580948,0.11094252347227809,0.021884073241593333,0.7,one_minus_alpha_power,663,True,39.0,39.0,256,1000000
10000,0.7,0.8,0.8174547223245107,7.368272297580948,0.11094252347227809,0.021884073241593333,0.7,one_minus_alpha_power,664,True,49.0,49.0,256,1000000
10000,0.7,0.8,0.8174547223245107,7.368272297580948,0.11094252347227809,0.021884073241593333,0.7,one_minus_alpha_power,665,True,8.0,8.0,256,1000000
10000,0.7,0.8,0.8174547223245107,7.368272297580948,0.11094252347227809,0.021884073241593333,0.7,one_minus_alpha_power,666,True,19.0,19.0,256,1000000
10000,0.7,0.8,0.8174547223245107,7.368272297580948,0.11094252347227809,0.021884073241593333,0.7,one_minus_alpha_power,667,True,31.0,31.0,256,1000000
10000,0.7,0.8,0.8174547223245107,7.368272297580948,0.11094252347227809,0.021884073241593333,0.7,one_minus_alpha_power,668,True,2.0,2.0,256,1000000
10000,0.7,0.8,0.8174547223245107,7.368272297580948,0.11094252347227809,0.021884073241593333,0.7,one_minus_alpha_power,669,True,50.0,50.0,256,1000000
10000,0.7,0.8,0.8174547223245107,7.368272297580948,0.11094252347227809,0.021884073241593333,0.7,one_minus_alpha_power,670,True,111.0,111.0,256,1000000
10000,0.7,0.8,0.8174547223245107,7.368272297580948,0.11094252347227809,0.021884073241593333,0.7,one_minus_alpha_power,671,True,27.0,27.0,256,1000000
10000,0.7,0.8,0.8174547223245107,7.368272297580948,0.11094252347227809,0.021884073241593333,0.7,one_minus_alpha_power,672,True,23.0,23.0,256,1000000
10000,0.7,0.8,0.8174547223245107,7.368272297580948,0.11094252347227809,0.021884073241593333,0.7,one_minus_alpha_power,673,True,187.0,187.0,256,1000000
10000,0.7,0.8,0.8174547223245107,7.368272297580948,0.11094252347227809,0.021884073241593333,0.7,one_minus_alpha_power,674,True,3.0,3.0,256,1000000
10000,0.7,0.8,0.8174547223245107,7.368272297580948,0.11094252347227809,0.021884073241593333,0.7,one_minus_alpha_power,675,True,92.0,92.0,256,1000000
10000,0.7,0.8,0.8174547223245107,7.368272297580948,0.11094252347227809,0.021884073241593333,0.7,one_minus_alpha_power,676,True,9.0,9.0,256,1000000
10000,0.7,0.8,0.8174547223245107,7.368272297580948,0.11094252347227809,0.021884073241593333,0.7,one_minus_alpha_power,677,True,34.0,34.0,256,1000000
10000,0.7,0.8,0.8174547223245107,7.368272297580948,0.11094252347227809,0.021884073241593333,0.7,one_minus_alpha_power,678,True,17.0,17.0,256,1000000
10000,0.7,0.8,0.8174547223245107,7.368272297580948,0.11094252347227809,0.021884073241593333,0.7,one_minus_alpha_power,679,True,35.0,35.0,256,1000000
10000,0.7,0.8,0.8174547223245107,7.368272297580948,0.11094252347227809,0.021884073241593333,0.7,one_minus_alpha_power,680,True,59.0,59.0,256,1000000
10000,0.7,0.8,0.8174547223245107,7.368272297580948,0.11094252347227809,0.021884073241593333,0.7,one_minus_alpha_power,681,True,82.0,82.0,256,1000000
10000,0.7,0.8,0.8174547223245107,7.368272297580948,0.11094252347227809,0.021884073241593333,0.7,one_minus_alpha_power,682,True,9.0,9.0,256,1000000
10000,0.7,0.8,0.8174547223245107,7.368272297580948,0.11094252347227809,0.021884073241593333,0.7,one_minus_alpha_power,683,True,182.0,182.0,256,1000000
10000,0.7,0.8,0.8174547223245107,7.368272297580948,0.11094252347227809,0.021884073241593333,0.7,one_minus_alpha_power,684,True,12.0,12.0,256,1000000
10000,0.7,0.8,0.8174547223245107,7.368272297580948,0.11094252347227809,0.021884073241593333,0.7,one_minus_alpha_power,685,True,105.0,105.0,256,1000000
10000,0.7,0.8,0.8174547223245107,7.368272297580948,0.11094252347227809,0.021884073241593333,0.7,one_minus_alpha_power,686,True,10.0,10.0,256,1000000
10000,0.7,0.8,0.8174547223245107,7.368272297580948,0.11094252347227809,0.021884073241593333,0.7,one_minus_alpha_power,687,True,239.0,239.0,256,1000000
10000,0.7,0.8,0.8174547223245107,7.368272297580948,0.11094252347227809,0.021884073241593333,0.7,one_minus_alpha_power,688,True,94.0,94.0,256,1000000
10000,0.7,0.8,0.8174547223245107,7.368272297580948,0.11094252347227809,0.021884073241593333,0.7,one_minus_alpha_power,689,True,30.0,30.0,256,1000000
10000,0.7,0.8,0.8174547223245107,7.368272297580948,0.11094252347227809,0.021884073241593333,0.7,one_minus_alpha_power,690,True,17.0,17.0,256,1000000
10000,0.7,0.8,0.8174547223245107,7.368272297580948,0.11094252347227809,0.021884073241593333,0.7,one_minus_alpha_power,691,True,54.0,54.0,256,1000000
10000,0.7,0.8,0.8174547223245107,7.368272297580948,0.11094252347227809,0.021884073241593333,0.7,one_minus_alpha_power,692,True,100.0,100.0,256,1000000
10000,0.7,0.8,0.8174547223245107,7.368272297580948,0.11094252347227809,0.021884073241593333,0.7,one_minus_alpha_power,693,True,34.0,34.0,256,1000000
10000,0.7,0.8,0.8174547223245107,7.368272297580948,0.11094252347227809,0.021884073241593333,0.7,one_minus_alpha_power,694,True,7.0,7.0,256,1000000
10000,0.7,0.8,0.8174547223245107,7.368272297580948,0.11094252347227809,0.021884073241593333,0.7,one_minus_alpha_power,695,True,24.0,24.0,256,1000000
10000,0.7,0.8,0.8174547223245107,7.368272297580948,0.11094252347227809,0.021884073241593333,0.7,one_minus_alpha_power,696,True,54.0,54.0,256,1000000
10000,0.7,0.8,0.8174547223245107,7.368272297580948,0.11094252347227809,0.021884073241593333,0.7,one_minus_alpha_power,697,True,11.0,11.0,256,1000000
10000,0.7,0.8,0.8174547223245107,7.368272297580948,0.11094252347227809,0.021884073241593333,0.7,one_minus_alpha_power,698,True,7.0,7.0,256,1000000
10000,0.7,0.8,0.8174547223245107,7.368272297580948,0.11094252347227809,0.021884073241593333,0.7,one_minus_alpha_power,699,True,34.0,34.0,256,1000000
10000,0.7,0.8,0.8174547223245107,7.368272297580948,0.11094252347227809,0.021884073241593333,0.7,one_minus_alpha_power,700,True,48.0,48.0,256,1000000
10000,0.7,0.8,0.8174547223245107,7.368272297580948,0.11094252347227809,0.021884073241593333,0.7,one_minus_alpha_power,701,True,18.0,18.0,256,1000000
10000,0.7,0.8,0.8174547223245107,7.368272297580948,0.11094252347227809,0.021884073241593333,0.7,one_minus_alpha_power,702,True,31.0,31.0,256,1000000
10000,0.7,0.8,0.8174547223245107,7.368272297580948,0.11094252347227809,0.021884073241593333,0.7,one_minus_alpha_power,703,True,78.0,78.0,256,1000000
10000,0.7,0.8,0.8174547223245107,7.368272297580948,0.11094252347227809,0.021884073241593333,0.7,one_minus_alpha_power,704,True,13.0,13.0,256,1000000
10000,0.7,0.8,0.8174547223245107,7.368272297580948,0.11094252347227809,0.021884073241593333,0.7,one_minus_alpha_power,705,True,3.0,3.0,256,1000000
10000,0.7,0.8,0.8174547223245107,7.368272297580948,0.11094252347227809,0.021884073241593333,0.7,one_minus_alpha_power,706,True,77.0,77.0,256,1000000
10000,0.7,0.8,0.8174547223245107,7.368272297580948,0.11094252347227809,0.021884073241593333,0.7,one_minus_alpha_power,707,True,17.0,17.0,256,1000000
10000,0.7,0.8,0.8174547223245107,7.368272297580948,0.11094252347227809,0.021884073241593333,0.7,one_minus_alpha_power,708,True,40.0,40.0,256,1000000
10000,0.7,0.8,0.8174547223245107,7.368272297580948,0.11094252347227809,0.021884073241593333,0.7,one_minus_alpha_power,709,True,12.0,12.0,256,1000000
10000,0.7,0.8,0.8174547223245107,7.368272297580948,0.11094252347227809,0.021884073241593333,0.7,one_minus_alpha_power,710,True,51.0,51.0,256,1000000
10000,0.7,0.8,0.8174547223245107,7.368272297580948,0.11094252347227809,0.021884073241593333,0.7,one_minus_alpha_power,711,True,7.0,7.0,256,1000000
10000,0.7,0.8,0.8174547223245107,7.368272297580948,0.11094252347227809,0.021884073241593333,0.7,one_minus_alpha_power,712,True,4.0,4.0,256,1000000
10000,0.7,0.8,0.8174547223245107,7.368272297580948,0.11094252347227809,0.021884073241593333,0.7,one_minus_alpha_power,713,True,39.0,39.0,256,1000000
10000,0.7,0.8,0.8174547223245107,7.368272297580948,0.11094252347227809,0.021884073241593333,0.7,one_minus_alpha_power,714,True,7.0,7.0,256,1000000
10000,0.7,0.8,0.8174547223245107,7.368272297580948,0.11094252347227809,0.021884073241593333,0.7,one_minus_alpha_power,715,True,203.0,203.0,256,1000000
10000,0.7,0.8,0.8174547223245107,7.368272297580948,0.11094252347227809,0.021884073241593333,0.7,one_minus_alpha_power,716,True,3.0,3.0,256,1000000
10000,0.7,0.8,0.8174547223245107,7.368272297580948,0.11094252347227809,0.021884073241593333,0.7,one_minus_alpha_power,717,True,10.0,10.0,256,1000000
10000,0.7,0.8,0.8174547223245107,7.368272297580948,0.11094252347227809,0.021884073241593333,0.7,one_minus_alpha_power,718,True,127.0,127.0,256,1000000
10000,0.7,0.8,0.8174547223245107,7.368272297580948,0.11094252347227809,0.021884073241593333,0.7,one_minus_alpha_power,719,True,120.0,120.0,256,1000000
10000,0.7,0.8,0.8174547223245107,7.368272297580948,0.11094252347227809,0.021884073241593333,0.7,one_minus_alpha_power,720,True,87.0,87.0,256,1000000
10000,0.7,0.8,0.8174547223245107,7.368272297580948,0.11094252347227809,0.021884073241593333,0.7,one_minus_alpha_power,721,True,31.0,31.0,256,1000000
10000,0.7,0.8,0.8174547223245107,7.368272297580948,0.11094252347227809,0.021884073241593333,0.7,one_minus_alpha_power,722,True,57.0,57.0,256,1000000
10000,0.7,0.8,0.8174547223245107,7.368272297580948,0.11094252347227809,0.021884073241593333,0.7,one_minus_alpha_power,723,True,10.0,10.0,256,1000000
10000,0.7,0.8,0.8174547223245107,7.368272297580948,0.11094252347227809,0.021884073241593333,0.7,one_minus_alpha_power,724,True,45.0,45.0,256,1000000
10000,0.7,0.8,0.8174547223245107,7.368272297580948,0.11094252347227809,0.021884073241593333,0.7,one_minus_alpha_power,725,True,47.0,47.0,256,1000000
10000,0.7,0.8,0.8174547223245107,7.368272297580948,0.11094252347227809,0.021884073241593333,0.7,one_minus_alpha_power,726,True,66.0,66.0,256,1000000
10000,0.7,0.8,0.8174547223245107,7.368272297580948,0.11094252347227809,0.021884073241593333,0.7,one_minus_alpha_power,727,True,68.0,68.0,256,1000000
10000,0.7,0.8,0.8174547223245107,7.368272297580948,0.11094252347227809,0.021884073241593333,0.7,one_minus_alpha_power,728,True,141.0,141.0,256,1000000
10000,0.7,0.8,0.8174547223245107,7.368272297580948,0.11094252347227809,0.021884073241593333,0.7,one_minus_alpha_power,729,True,3.0,3.0,256,1000000
10000,0.7,0.8,0.8174547223245107,7.368272297580948,0.11094252347227809,0.021884073241593333,0.7,one_minus_alpha_power,730,True,76.0,76.0,256,1000000
10000,0.7,0.8,0.8174547223245107,7.368272297580948,0.11094252347227809,0.021884073241593333,0.7,one_minus_alpha_power,731,True,75.0,75.0,256,1000000
10000,0.7,0.8,0.8174547223245107,7.368272297580948,0.11094252347227809,0.021884073241593333,0.7,one_minus_alpha_power,732,True,23.0,23.0,256,1000000
10000,0.7,0.8,0.8174547223245107,7.368272297580948,0.11094252347227809,0.021884073241593333,0.7,one_minus_alpha_power,733,True,95.0,95.0,256,1000000
10000,0.7,0.8,0.8174547223245107,7.368272297580948,0.11094252347227809,0.021884073241593333,0.7,one_minus_alpha_power,734,True,17.0,17.0,256,1000000
10000,0.7,0.8,0.8174547223245107,7.368272297580948,0.11094252347227809,0.021884073241593333,0.7,one_minus_alpha_power,735,True,25.0,25.0,256,1000000
10000,0.7,0.8,0.8174547223245107,7.368272297580948,0.11094252347227809,0.021884073241593333,0.7,one_minus_alpha_power,736,True,34.0,34.0,256,1000000
10000,0.7,0.8,0.8174547223245107,7.368272297580948,0.11094252347227809,0.021884073241593333,0.7,one_minus_alpha_power,737,True,45.0,45.0,256,1000000
10000,0.7,0.8,0.8174547223245107,7.368272297580948,0.11094252347227809,0.021884073241593333,0.7,one_minus_alpha_power,738,True,26.0,26.0,256,1000000
10000,0.7,0.8,0.8174547223245107,7.368272297580948,0.11094252347227809,0.021884073241593333,0.7,one_minus_alpha_power,739,True,3.0,3.0,256,1000000
10000,0.7,0.8,0.8174547223245107,7.368272297580948,0.11094252347227809,0.021884073241593333,0.7,one_minus_alpha_power,740,True,95.0,95.0,256,1000000
10000,0.7,0.8,0.8174547223245107,7.368272297580948,0.11094252347227809,0.021884073241593333,0.7,one_minus_alpha_power,741,True,52.0,52.0,256,1000000
10000,0.7,0.8,0.8174547223245107,7.368272297580948,0.11094252347227809,0.021884073241593333,0.7,one_minus_alpha_power,742,True,11.0,11.0,256,1000000
10000,0.7,0.8,0.8174547223245107,7.368272297580948,0.11094252347227809,0.021884073241593333,0.7,one_minus_alpha_power,743,True,11.0,11.0,256,1000000
10000,0.7,0.8,0.8174547223245107,7.368272297580948,0.11094252347227809,0.021884073241593333,0.7,one_minus_alpha_power,744,True,45.0,45.0,256,1000000
10000,0.7,0.8,0.8174547223245107,7.368272297580948,0.11094252347227809,0.021884073241593333,0.7,one_minus_alpha_power,745,True,6.0,6.0,256,1000000
10000,0.7,0.8,0.8174547223245107,7.368272297580948,0.11094252347227809,0.021884073241593333,0.7,one_minus_alpha_power,746,True,8.0,8.0,256,1000000
10000,0.7,0.8,0.8174547223245107,7.368272297580948,0.11094252347227809,0.021884073241593333,0.7,one_minus_alpha_power,747,True,84.0,84.0,256,1000000
10000,0.7,0.8,0.8174547223245107,7.368272297580948,0.11094252347227809,0.021884073241593333,0.7,one_minus_alpha_power,748,True,90.0,90.0,256,1000000
10000,0.7,0.8,0.8174547223245107,7.368272297580948,0.11094252347227809,0.021884073241593333,0.7,one_minus_alpha_power,749,True,15.0,15.0,256,1000000
10000,0.7,0.8,0.8174547223245107,7.368272297580948,0.11094252347227809,0.021884073241593333,0.7,one_minus_alpha_power,750,True,2.0,2.0,256,1000000
10000,0.7,0.8,0.8174547223245107,7.368272297580948,0.11094252347227809,0.021884073241593333,0.7,one_minus_alpha_power,751,True,175.0,175.0,256,1000000
10000,0.7,0.8,0.8174547223245107,7.368272297580948,0.11094252347227809,0.021884073241593333,0.7,one_minus_alpha_power,752,True,7.0,7.0,256,1000000
10000,0.7,0.8,0.8174547223245107,7.368272297580948,0.11094252347227809,0.021884073241593333,0.7,one_minus_alpha_power,753,True,27.0,27.0,256,1000000
10000,0.7,0.8,0.8174547223245107,7.368272297580948,0.11094252347227809,0.021884073241593333,0.7,one_minus_alpha_power,754,True,37.0,37.0,256,1000000
10000,0.7,0.8,0.8174547223245107,7.368272297580948,0.11094252347227809,0.021884073241593333,0.7,one_minus_alpha_power,755,True,1.0,1.0,256,1000000
10000,0.7,0.8,0.8174547223245107,7.368272297580948,0.11094252347227809,0.021884073241593333,0.7,one_minus_alpha_power,756,True,16.0,16.0,256,1000000
10000,0.7,0.8,0.8174547223245107,7.368272297580948,0.11094252347227809,0.021884073241593333,0.7,one_minus_alpha_power,757,True,5.0,5.0,256,1000000
10000,0.7,0.8,0.8174547223245107,7.368272297580948,0.11094252347227809,0.021884073241593333,0.7,one_minus_alpha_power,758,True,26.0,26.0,256,1000000
10000,0.7,0.8,0.8174547223245107,7.368272297580948,0.11094252347227809,0.021884073241593333,0.7,one_minus_alpha_power,759,True,96.0,96.0,256,1000000
10000,0.7,0.8,0.8174547223245107,7.368272297580948,0.11094252347227809,0.021884073241593333,0.7,one_minus_alpha_power,760,True,2.0,2.0,256,1000000
10000,0.7,0.8,0.8174547223245107,7.368272297580948,0.11094252347227809,0.021884073241593333,0.7,one_minus_alpha_power,761,True,11.0,11.0,256,1000000
10000,0.7,0.8,0.8174547223245107,7.368272297580948,0.11094252347227809,0.021884073241593333,0.7,one_minus_alpha_power,762,True,98.0,98.0,256,1000000
10000,0.7,0.8,0.8174547223245107,7.368272297580948,0.11094252347227809,0.021884073241593333,0.7,one_minus_alpha_power,763,True,37.0,37.0,256,1000000
10000,0.7,0.8,0.8174547223245107,7.368272297580948,0.11094252347227809,0.021884073241593333,0.7,one_minus_alpha_power,764,True,15.0,15.0,256,1000000
10000,0.7,0.8,0.8174547223245107,7.368272297580948,0.11094252347227809,0.021884073241593333,0.7,one_minus_alpha_power,765,True,40.0,40.0,256,1000000
10000,0.7,0.8,0.8174547223245107,7.368272297580948,0.11094252347227809,0.021884073241593333,0.7,one_minus_alpha_power,766,True,55.0,55.0,256,1000000
10000,0.7,0.8,0.8174547223245107,7.368272297580948,0.11094252347227809,0.021884073241593333,0.7,one_minus_alpha_power,767,True,2.0,2.0,256,1000000
10000,0.7,0.8,0.8174547223245107,7.368272297580948,0.11094252347227809,0.021884073241593333,0.7,one_minus_alpha_power,768,True,13.0,13.0,256,1000000
10000,0.7,0.8,0.8174547223245107,7.368272297580948,0.11094252347227809,0.021884073241593333,0.7,one_minus_alpha_power,769,True,7.0,7.0,256,1000000
10000,0.7,0.8,0.8174547223245107,7.368272297580948,0.11094252347227809,0.021884073241593333,0.7,one_minus_alpha_power,770,True,4.0,4.0,256,1000000
10000,0.7,0.8,0.8174547223245107,7.368272297580948,0.11094252347227809,0.021884073241593333,0.7,one_minus_alpha_power,771,True,12.0,12.0,256,1000000
10000,0.7,0.8,0.8174547223245107,7.368272297580948,0.11094252347227809,0.021884073241593333,0.7,one_minus_alpha_power,772,True,27.0,27.0,256,1000000
10000,0.7,0.8,0.8174547223245107,7.368272297580948,0.11094252347227809,0.021884073241593333,0.7,one_minus_alpha_power,773,True,18.0,18.0,256,1000000
10000,0.7,0.8,0.8174547223245107,7.368272297580948,0.11094252347227809,0.021884073241593333,0.7,one_minus_alpha_power,774,True,150.0,150.0,256,1000000
10000,0.7,0.8,0.8174547223245107,7.368272297580948,0.11094252347227809,0.021884073241593333,0.7,one_minus_alpha_power,775,True,2.0,2.0,256,1000000
10000,0.7,0.8,0.8174547223245107,7.368272297580948,0.11094252347227809,0.021884073241593333,0.7,one_minus_alpha_power,776,True,2.0,2.0,256,1000000
10000,0.7,0.8,0.8174547223245107,7.368272297580948,0.11094252347227809,0.021884073241593333,0.7,one_minus_alpha_power,777,True,64.0,64.0,256,1000000
10000,0.7,0.8,0.8174547223245107,7.368272297580948,0.11094252347227809,0.021884073241593333,0.7,one_minus_alpha_power,778,True,11.0,11.0,256,1000000
10000,0.7,0.8,0.8174547223245107,7.368272297580948,0.11094252347227809,0.021884073241593333,0.7,one_minus_alpha_power,779,True,31.0,31.0,256,1000000
10000,0.7,0.8,0.8174547223245107,7.368272297580948,0.11094252347227809,0.021884073241593333,0.7,one_minus_alpha_power,780,True,9.0,9.0,256,1000000
10000,0.7,0.8,0.8174547223245107,7.368272297580948,0.11094252347227809,0.021884073241593333,0.7,one_minus_alpha_power,781,True,19.0,19.0,256,1000000
10000,0.7,0.8,0.8174547223245107,7.368272297580948,0.11094252347227809,0.021884073241593333,0.7,one_minus_alpha_power,782,True,207.0,207.0,256,1000000
10000,0.7,0.8,0.8174547223245107,7.368272297580948,0.11094252347227809,0.021884073241593333,0.7,one_minus_alpha_power,783,True,67.0,67.0,256,1000000
10000,0.7,0.8,0.8174547223245107,7.368272297580948,0.11094252347227809,0.021884073241593333,0.7,one_minus_alpha_power,784,True,94.0,94.0,256,1000000
10000,0.7,0.8,0.8174547223245107,7.368272297580948,0.11094252347227809,0.021884073241593333,0.7,one_minus_alpha_power,785,True,2.0,2.0,256,1000000
10000,0.7,0.8,0.8174547223245107,7.368272297580948,0.11094252347227809,0.021884073241593333,0.7,one_minus_alpha_power,786,True,235.0,235.0,256,1000000
10000,0.7,0.8,0.8174547223245107,7.368272297580948,0.11094252347227809,0.021884073241593333,0.7,one_minus_alpha_power,787,True,129.0,129.0,256,1000000
10000,0.7,0.8,0.8174547223245107,7.368272297580948,0.11094252347227809,0.021884073241593333,0.7,one_minus_alpha_power,788,True,42.0,42.0,256,1000000
10000,0.7,0.8,0.8174547223245107,7.368272297580948,0.11094252347227809,0.021884073241593333,0.7,one_minus_alpha_power,789,True,56.0,56.0,256,1000000
10000,0.7,0.8,0.8174547223245107,7.368272297580948,0.11094252347227809,0.021884073241593333,0.7,one_minus_alpha_power,790,True,34.0,34.0,256,1000000
10000,0.7,0.8,0.8174547223245107,7.368272297580948,0.11094252347227809,0.021884073241593333,0.7,one_minus_alpha_power,791,True,115.0,115.0,256,1000000
10000,0.7,0.8,0.8174547223245107,7.368272297580948,0.11094252347227809,0.021884073241593333,0.7,one_minus_alpha_power,792,True,33.0,33.0,256,1000000
10000,0.7,0.8,0.8174547223245107,7.368272297580948,0.11094252347227809,0.021884073241593333,0.7,one_minus_alpha_power,793,True,49.0,49.0,256,1000000
10000,0.7,0.8,0.8174547223245107,7.368272297580948,0.11094252347227809,0.021884073241593333,0.7,one_minus_alpha_power,794,True,1.0,1.0,256,1000000
10000,0.7,0.8,0.8174547223245107,7.368272297580948,0.11094252347227809,0.021884073241593333,0.7,one_minus_alpha_power,795,True,6.0,6.0,256,1000000
10000,0.7,0.8,0.8174547223245107,7.368272297580948,0.11094252347227809,0.021884073241593333,0.7,one_minus_alpha_power,796,True,43.0,43.0,256,1000000
10000,0.7,0.8,0.8174547223245107,7.368272297580948,0.11094252347227809,0.021884073241593333,0.7,one_minus_alpha_power,797,True,5.0,5.0,256,1000000
10000,0.7,0.8,0.8174547223245107,7.368272297580948,0.11094252347227809,0.021884073241593333,0.7,one_minus_alpha_power,798,True,7.0,7.0,256,1000000
10000,0.7,0.8,0.8174547223245107,7.368272297580948,0.11094252347227809,0.021884073241593333,0.7,one_minus_alpha_power,799,True,19.0,19.0,256,1000000
10000,0.7,0.8,0.8174547223245107,7.368272297580948,0.11094252347227809,0.021884073241593333,0.7,one_minus_alpha_power,800,True,27.0,27.0,256,1000000
10000,0.7,0.8,0.8174547223245107,7.368272297580948,0.11094252347227809,0.021884073241593333,0.7,one_minus_alpha_power,801,True,141.0,141.0,256,1000000
10000,0.7,0.8,0.8174547223245107,7.368272297580948,0.11094252347227809,0.021884073241593333,0.7,one_minus_alpha_power,802,True,39.0,39.0,256,1000000
10000,0.7,0.8,0.8174547223245107,7.368272297580948,0.11094252347227809,0.021884073241593333,0.7,one_minus_alpha_power,803,True,67.0,67.0,256,1000000
10000,0.7,0.8,0.8174547223245107,7.368272297580948,0.11094252347227809,0.021884073241593333,0.7,one_minus_alpha_power,804,True,79.0,79.0,256,1000000
10000,0.7,0.8,0.8174547223245107,7.368272297580948,0.11094252347227809,0.021884073241593333,0.7,one_minus_alpha_power,805,True,5.0,5.0,256,1000000
10000,0.7,0.8,0.8174547223245107,7.368272297580948,0.11094252347227809,0.021884073241593333,0.7,one_minus_alpha_power,806,True,183.0,183.0,256,1000000
10000,0.7,0.8,0.8174547223245107,7.368272297580948,0.11094252347227809,0.021884073241593333,0.7,one_minus_alpha_power,807,True,55.0,55.0,256,1000000
10000,0.7,0.8,0.8174547223245107,7.368272297580948,0.11094252347227809,0.021884073241593333,0.7,one_minus_alpha_power,808,True,20.0,20.0,256,1000000
10000,0.7,0.8,0.8174547223245107,7.368272297580948,0.11094252347227809,0.021884073241593333,0.7,one_minus_alpha_power,809,True,7.0,7.0,256,1000000
10000,0.7,0.8,0.8174547223245107,7.368272297580948,0.11094252347227809,0.021884073241593333,0.7,one_minus_alpha_power,810,True,8.0,8.0,256,1000000
10000,0.7,0.8,0.8174547223245107,7.368272297580948,0.11094252347227809,0.021884073241593333,0.7,one_minus_alpha_power,811,True,4.0,4.0,256,1000000
10000,0.7,0.8,0.8174547223245107,7.368272297580948,0.11094252347227809,0.021884073241593333,0.7,one_minus_alpha_power,812,True,43.0,43.0,256,1000000
10000,0.7,0.8,0.8174547223245107,7.368272297580948,0.11094252347227809,0.021884073241593333,0.7,one_minus_alpha_power,813,True,35.0,35.0,256,1000000
10000,0.7,0.8,0.8174547223245107,7.368272297580948,0.11094252347227809,0.021884073241593333,0.7,one_minus_alpha_power,814,True,45.0,45.0,256,1000000
10000,0.7,0.8,0.8174547223245107,7.368272297580948,0.11094252347227809,0.021884073241593333,0.7,one_minus_alpha_power,815,True,153.0,153.0,256,1000000
10000,0.7,0.8,0.8174547223245107,7.368272297580948,0.11094252347227809,0.021884073241593333,0.7,one_minus_alpha_power,816,True,12.0,12.0,256,1000000
10000,0.7,0.8,0.8174547223245107,7.368272297580948,0.11094252347227809,0.021884073241593333,0.7,one_minus_alpha_power,817,True,11.0,11.0,256,1000000
10000,0.7,0.8,0.8174547223245107,7.368272297580948,0.11094252347227809,0.021884073241593333,0.7,one_minus_alpha_power,818,True,261.0,261.0,256,1000000
10000,0.7,0.8,0.8174547223245107,7.368272297580948,0.11094252347227809,0.021884073241593333,0.7,one_minus_alpha_power,819,True,104.0,104.0,256,1000000
10000,0.7,0.8,0.8174547223245107,7.368272297580948,0.11094252347227809,0.021884073241593333,0.7,one_minus_alpha_power,820,True,48.0,48.0,256,1000000
10000,0.7,0.8,0.8174547223245107,7.368272297580948,0.11094252347227809,0.021884073241593333,0.7,one_minus_alpha_power,821,True,37.0,37.0,256,1000000
10000,0.7,0.8,0.8174547223245107,7.368272297580948,0.11094252347227809,0.021884073241593333,0.7,one_minus_alpha_power,822,True,7.0,7.0,256,1000000
10000,0.7,0.8,0.8174547223245107,7.368272297580948,0.11094252347227809,0.021884073241593333,0.7,one_minus_alpha_power,823,True,9.0,9.0,256,1000000
10000,0.7,0.8,0.8174547223245107,7.368272297580948,0.11094252347227809,0.021884073241593333,0.7,one_minus_alpha_power,824,True,32.0,32.0,256,1000000
10000,0.7,0.8,0.8174547223245107,7.368272297580948,0.11094252347227809,0.021884073241593333,0.7,one_minus_alpha_power,825,True,39.0,39.0,256,1000000
10000,0.7,0.8,0.8174547223245107,7.368272297580948,0.11094252347227809,0.021884073241593333,0.7,one_minus_alpha_power,826,True,58.0,58.0,256,1000000
10000,0.7,0.8,0.8174547223245107,7.368272297580948,0.11094252347227809,0.021884073241593333,0.7,one_minus_alpha_power,827,True,3.0,3.0,256,1000000
10000,0.7,0.8,0.8174547223245107,7.368272297580948,0.11094252347227809,0.021884073241593333,0.7,one_minus_alpha_power,828,True,9.0,9.0,256,1000000
10000,0.7,0.8,0.8174547223245107,7.368272297580948,0.11094252347227809,0.021884073241593333,0.7,one_minus_alpha_power,829,True,74.0,74.0,256,1000000
10000,0.7,0.8,0.8174547223245107,7.368272297580948,0.11094252347227809,0.021884073241593333,0.7,one_minus_alpha_power,830,True,122.0,122.0,256,1000000
10000,0.7,0.8,0.8174547223245107,7.368272297580948,0.11094252347227809,0.021884073241593333,0.7,one_minus_alpha_power,831,True,44.0,44.0,256,1000000
10000,0.7,0.8,0.8174547223245107,7.368272297580948,0.11094252347227809,0.021884073241593333,0.7,one_minus_alpha_power,832,True,53.0,53.0,256,1000000
10000,0.7,0.8,0.8174547223245107,7.368272297580948,0.11094252347227809,0.021884073241593333,0.7,one_minus_alpha_power,833,True,5.0,5.0,256,1000000
10000,0.7,0.8,0.8174547223245107,7.368272297580948,0.11094252347227809,0.021884073241593333,0.7,one_minus_alpha_power,834,True,69.0,69.0,256,1000000
10000,0.7,0.8,0.8174547223245107,7.368272297580948,0.11094252347227809,0.021884073241593333,0.7,one_minus_alpha_power,835,True,88.0,88.0,256,1000000
10000,0.7,0.8,0.8174547223245107,7.368272297580948,0.11094252347227809,0.021884073241593333,0.7,one_minus_alpha_power,836,True,50.0,50.0,256,1000000
10000,0.7,0.8,0.8174547223245107,7.368272297580948,0.11094252347227809,0.021884073241593333,0.7,one_minus_alpha_power,837,True,47.0,47.0,256,1000000
10000,0.7,0.8,0.8174547223245107,7.368272297580948,0.11094252347227809,0.021884073241593333,0.7,one_minus_alpha_power,838,True,7.0,7.0,256,1000000
10000,0.7,0.8,0.8174547223245107,7.368272297580948,0.11094252347227809,0.021884073241593333,0.7,one_minus_alpha_power,839,True,8.0,8.0,256,1000000
10000,0.7,0.8,0.8174547223245107,7.368272297580948,0.11094252347227809,0.021884073241593333,0.7,one_minus_alpha_power,840,True,34.0,34.0,256,1000000
10000,0.7,0.8,0.8174547223245107,7.368272297580948,0.11094252347227809,0.021884073241593333,0.7,one_minus_alpha_power,841,True,164.0,164.0,256,1000000
10000,0.7,0.8,0.8174547223245107,7.368272297580948,0.11094252347227809,0.021884073241593333,0.7,one_minus_alpha_power,842,True,140.0,140.0,256,1000000
10000,0.7,0.8,0.8174547223245107,7.368272297580948,0.11094252347227809,0.021884073241593333,0.7,one_minus_alpha_power,843,True,41.0,41.0,256,1000000
10000,0.7,0.8,0.8174547223245107,7.368272297580948,0.11094252347227809,0.021884073241593333,0.7,one_minus_alpha_power,844,True,81.0,81.0,256,1000000
10000,0.7,0.8,0.8174547223245107,7.368272297580948,0.11094252347227809,0.021884073241593333,0.7,one_minus_alpha_power,845,True,122.0,122.0,256,1000000
10000,0.7,0.8,0.8174547223245107,7.368272297580948,0.11094252347227809,0.021884073241593333,0.7,one_minus_alpha_power,846,True,14.0,14.0,256,1000000
10000,0.7,0.8,0.8174547223245107,7.368272297580948,0.11094252347227809,0.021884073241593333,0.7,one_minus_alpha_power,847,True,20.0,20.0,256,1000000
10000,0.7,0.8,0.8174547223245107,7.368272297580948,0.11094252347227809,0.021884073241593333,0.7,one_minus_alpha_power,848,True,3.0,3.0,256,1000000
10000,0.7,0.8,0.8174547223245107,7.368272297580948,0.11094252347227809,0.021884073241593333,0.7,one_minus_alpha_power,849,True,1.0,1.0,256,1000000
10000,0.7,0.8,0.8174547223245107,7.368272297580948,0.11094252347227809,0.021884073241593333,0.7,one_minus_alpha_power,850,True,115.0,115.0,256,1000000
10000,0.7,0.8,0.8174547223245107,7.368272297580948,0.11094252347227809,0.021884073241593333,0.7,one_minus_alpha_power,851,True,31.0,31.0,256,1000000
10000,0.7,0.8,0.8174547223245107,7.368272297580948,0.11094252347227809,0.021884073241593333,0.7,one_minus_alpha_power,852,True,117.0,117.0,256,1000000
10000,0.7,0.8,0.8174547223245107,7.368272297580948,0.11094252347227809,0.021884073241593333,0.7,one_minus_alpha_power,853,True,67.0,67.0,256,1000000
10000,0.7,0.8,0.8174547223245107,7.368272297580948,0.11094252347227809,0.021884073241593333,0.7,one_minus_alpha_power,854,True,3.0,3.0,256,1000000
10000,0.7,0.8,0.8174547223245107,7.368272297580948,0.11094252347227809,0.021884073241593333,0.7,one_minus_alpha_power,855,True,19.0,19.0,256,1000000
10000,0.7,0.8,0.8174547223245107,7.368272297580948,0.11094252347227809,0.021884073241593333,0.7,one_minus_alpha_power,856,True,46.0,46.0,256,1000000
10000,0.7,0.8,0.8174547223245107,7.368272297580948,0.11094252347227809,0.021884073241593333,0.7,one_minus_alpha_power,857,True,127.0,127.0,256,1000000
10000,0.7,0.8,0.8174547223245107,7.368272297580948,0.11094252347227809,0.021884073241593333,0.7,one_minus_alpha_power,858,True,51.0,51.0,256,1000000
10000,0.7,0.8,0.8174547223245107,7.368272297580948,0.11094252347227809,0.021884073241593333,0.7,one_minus_alpha_power,859,True,39.0,39.0,256,1000000
10000,0.7,0.8,0.8174547223245107,7.368272297580948,0.11094252347227809,0.021884073241593333,0.7,one_minus_alpha_power,860,True,68.0,68.0,256,1000000
10000,0.7,0.8,0.8174547223245107,7.368272297580948,0.11094252347227809,0.021884073241593333,0.7,one_minus_alpha_power,861,True,6.0,6.0,256,1000000
10000,0.7,0.8,0.8174547223245107,7.368272297580948,0.11094252347227809,0.021884073241593333,0.7,one_minus_alpha_power,862,True,12.0,12.0,256,1000000
10000,0.7,0.8,0.8174547223245107,7.368272297580948,0.11094252347227809,0.021884073241593333,0.7,one_minus_alpha_power,863,True,59.0,59.0,256,1000000
10000,0.7,0.8,0.8174547223245107,7.368272297580948,0.11094252347227809,0.021884073241593333,0.7,one_minus_alpha_power,864,True,12.0,12.0,256,1000000
10000,0.7,0.8,0.8174547223245107,7.368272297580948,0.11094252347227809,0.021884073241593333,0.7,one_minus_alpha_power,865,True,19.0,19.0,256,1000000
10000,0.7,0.8,0.8174547223245107,7.368272297580948,0.11094252347227809,0.021884073241593333,0.7,one_minus_alpha_power,866,True,28.0,28.0,256,1000000
10000,0.7,0.8,0.8174547223245107,7.368272297580948,0.11094252347227809,0.021884073241593333,0.7,one_minus_alpha_power,867,True,23.0,23.0,256,1000000
10000,0.7,0.8,0.8174547223245107,7.368272297580948,0.11094252347227809,0.021884073241593333,0.7,one_minus_alpha_power,868,True,18.0,18.0,256,1000000
10000,0.7,0.8,0.8174547223245107,7.368272297580948,0.11094252347227809,0.021884073241593333,0.7,one_minus_alpha_power,869,True,36.0,36.0,256,1000000
10000,0.7,0.8,0.8174547223245107,7.368272297580948,0.11094252347227809,0.021884073241593333,0.7,one_minus_alpha_power,870,True,9.0,9.0,256,1000000
10000,0.7,0.8,0.8174547223245107,7.368272297580948,0.11094252347227809,0.021884073241593333,0.7,one_minus_alpha_power,871,True,25.0,25.0,256,1000000
10000,0.7,0.8,0.8174547223245107,7.368272297580948,0.11094252347227809,0.021884073241593333,0.7,one_minus_alpha_power,872,True,35.0,35.0,256,1000000
10000,0.7,0.8,0.8174547223245107,7.368272297580948,0.11094252347227809,0.021884073241593333,0.7,one_minus_alpha_power,873,True,0.0,0.0,256,1000000
10000,0.7,0.8,0.8174547223245107,7.368272297580948,0.11094252347227809,0.021884073241593333,0.7,one_minus_alpha_power,874,True,18.0,18.0,256,1000000
10000,0.7,0.8,0.8174547223245107,7.368272297580948,0.11094252347227809,0.021884073241593333,0.7,one_minus_alpha_power,875,True,15.0,15.0,256,1000000
10000,0.7,0.8,0.8174547223245107,7.368272297580948,0.11094252347227809,0.021884073241593333,0.7,one_minus_alpha_power,876,True,20.0,20.0,256,1000000
10000,0.7,0.8,0.8174547223245107,7.368272297580948,0.11094252347227809,0.021884073241593333,0.7,one_minus_alpha_power,877,True,229.0,229.0,256,1000000
10000,0.7,0.8,0.8174547223245107,7.368272297580948,0.11094252347227809,0.021884073241593333,0.7,one_minus_alpha_power,878,True,10.0,10.0,256,1000000
10000,0.7,0.8,0.8174547223245107,7.368272297580948,0.11094252347227809,0.021884073241593333,0.7,one_minus_alpha_power,879,True,11.0,11.0,256,1000000
10000,0.7,0.8,0.8174547223245107,7.368272297580948,0.11094252347227809,0.021884073241593333,0.7,one_minus_alpha_power,880,True,135.0,135.0,256,1000000
10000,0.7,0.8,0.8174547223245107,7.368272297580948,0.11094252347227809,0.021884073241593333,0.7,one_minus_alpha_power,881,True,6.0,6.0,256,1000000
10000,0.7,0.8,0.8174547223245107,7.368272297580948,0.11094252347227809,0.021884073241593333,0.7,one_minus_alpha_power,882,True,28.0,28.0,256,1000000
10000,0.7,0.8,0.8174547223245107,7.368272297580948,0.11094252347227809,0.021884073241593333,0.7,one_minus_alpha_power,883,True,12.0,12.0,256,1000000
10000,0.7,0.8,0.8174547223245107,7.368272297580948,0.11094252347227809,0.021884073241593333,0.7,one_minus_alpha_power,884,True,6.0,6.0,256,1000000
10000,0.7,0.8,0.8174547223245107,7.368272297580948,0.11094252347227809,0.021884073241593333,0.7,one_minus_alpha_power,885,True,28.0,28.0,256,1000000
10000,0.7,0.8,0.8174547223245107,7.368272297580948,0.11094252347227809,0.021884073241593333,0.7,one_minus_alpha_power,886,True,246.0,246.0,256,1000000
10000,0.7,0.8,0.8174547223245107,7.368272297580948,0.11094252347227809,0.021884073241593333,0.7,one_minus_alpha_power,887,True,199.0,199.0,256,1000000
10000,0.7,0.8,0.8174547223245107,7.368272297580948,0.11094252347227809,0.021884073241593333,0.7,one_minus_alpha_power,888,True,34.0,34.0,256,1000000
10000,0.7,0.8,0.8174547223245107,7.368272297580948,0.11094252347227809,0.021884073241593333,0.7,one_minus_alpha_power,889,True,21.0,21.0,256,1000000
10000,0.7,0.8,0.8174547223245107,7.368272297580948,0.11094252347227809,0.021884073241593333,0.7,one_minus_alpha_power,890,True,8.0,8.0,256,1000000
10000,0.7,0.8,0.8174547223245107,7.368272297580948,0.11094252347227809,0.021884073241593333,0.7,one_minus_alpha_power,891,True,1.0,1.0,256,1000000
10000,0.7,0.8,0.8174547223245107,7.368272297580948,0.11094252347227809,0.021884073241593333,0.7,one_minus_alpha_power,892,True,18.0,18.0,256,1000000
10000,0.7,0.8,0.8174547223245107,7.368272297580948,0.11094252347227809,0.021884073241593333,0.7,one_minus_alpha_power,893,True,19.0,19.0,256,1000000
10000,0.7,0.8,0.8174547223245107,7.368272297580948,0.11094252347227809,0.021884073241593333,0.7,one_minus_alpha_power,894,True,8.0,8.0,256,1000000
10000,0.7,0.8,0.8174547223245107,7.368272297580948,0.11094252347227809,0.021884073241593333,0.7,one_minus_alpha_power,895,True,79.0,79.0,256,1000000
10000,0.7,0.8,0.8174547223245107,7.368272297580948,0.11094252347227809,0.021884073241593333,0.7,one_minus_alpha_power,896,True,6.0,6.0,256,1000000
10000,0.7,0.8,0.8174547223245107,7.368272297580948,0.11094252347227809,0.021884073241593333,0.7,one_minus_alpha_power,897,True,51.0,51.0,256,1000000
10000,0.7,0.8,0.8174547223245107,7.368272297580948,0.11094252347227809,0.021884073241593333,0.7,one_minus_alpha_power,898,True,5.0,5.0,256,1000000
10000,0.7,0.8,0.8174547223245107,7.368272297580948,0.11094252347227809,0.021884073241593333,0.7,one_minus_alpha_power,899,True,51.0,51.0,256,1000000
10000,0.7,0.8,0.8174547223245107,7.368272297580948,0.11094252347227809,0.021884073241593333,0.7,one_minus_alpha_power,900,True,116.0,116.0,256,1000000
10000,0.7,0.8,0.8174547223245107,7.368272297580948,0.11094252347227809,0.021884073241593333,0.7,one_minus_alpha_power,901,True,66.0,66.0,256,1000000
10000,0.7,0.8,0.8174547223245107,7.368272297580948,0.11094252347227809,0.021884073241593333,0.7,one_minus_alpha_power,902,True,5.0,5.0,256,1000000
10000,0.7,0.8,0.8174547223245107,7.368272297580948,0.11094252347227809,0.021884073241593333,0.7,one_minus_alpha_power,903,True,79.0,79.0,256,1000000
10000,0.7,0.8,0.8174547223245107,7.368272297580948,0.11094252347227809,0.021884073241593333,0.7,one_minus_alpha_power,904,True,23.0,23.0,256,1000000
10000,0.7,0.8,0.8174547223245107,7.368272297580948,0.11094252347227809,0.021884073241593333,0.7,one_minus_alpha_power,905,True,17.0,17.0,256,1000000
10000,0.7,0.8,0.8174547223245107,7.368272297580948,0.11094252347227809,0.021884073241593333,0.7,one_minus_alpha_power,906,True,18.0,18.0,256,1000000
10000,0.7,0.8,0.8174547223245107,7.368272297580948,0.11094252347227809,0.021884073241593333,0.7,one_minus_alpha_power,907,True,37.0,37.0,256,1000000
10000,0.7,0.8,0.8174547223245107,7.368272297580948,0.11094252347227809,0.021884073241593333,0.7,one_minus_alpha_power,908,True,20.0,20.0,256,1000000
10000,0.7,0.8,0.8174547223245107,7.368272297580948,0.11094252347227809,0.021884073241593333,0.7,one_minus_alpha_power,909,True,42.0,42.0,256,1000000
10000,0.7,0.8,0.8174547223245107,7.368272297580948,0.11094252347227809,0.021884073241593333,0.7,one_minus_alpha_power,910,True,30.0,30.0,256,1000000
10000,0.7,0.8,0.8174547223245107,7.368272297580948,0.11094252347227809,0.021884073241593333,0.7,one_minus_alpha_power,911,True,134.0,134.0,256,1000000
10000,0.7,0.8,0.8174547223245107,7.368272297580948,0.11094252347227809,0.021884073241593333,0.7,one_minus_alpha_power,912,True,23.0,23.0,256,1000000
10000,0.7,0.8,0.8174547223245107,7.368272297580948,0.11094252347227809,0.021884073241593333,0.7,one_minus_alpha_power,913,True,120.0,120.0,256,1000000
10000,0.7,0.8,0.8174547223245107,7.368272297580948,0.11094252347227809,0.021884073241593333,0.7,one_minus_alpha_power,914,True,4.0,4.0,256,1000000
10000,0.7,0.8,0.8174547223245107,7.368272297580948,0.11094252347227809,0.021884073241593333,0.7,one_minus_alpha_power,915,True,51.0,51.0,256,1000000
10000,0.7,0.8,0.8174547223245107,7.368272297580948,0.11094252347227809,0.021884073241593333,0.7,one_minus_alpha_power,916,True,50.0,50.0,256,1000000
10000,0.7,0.8,0.8174547223245107,7.368272297580948,0.11094252347227809,0.021884073241593333,0.7,one_minus_alpha_power,917,True,6.0,6.0,256,1000000
10000,0.7,0.8,0.8174547223245107,7.368272297580948,0.11094252347227809,0.021884073241593333,0.7,one_minus_alpha_power,918,True,85.0,85.0,256,1000000
10000,0.7,0.8,0.8174547223245107,7.368272297580948,0.11094252347227809,0.021884073241593333,0.7,one_minus_alpha_power,919,True,238.0,238.0,256,1000000
10000,0.7,0.8,0.8174547223245107,7.368272297580948,0.11094252347227809,0.021884073241593333,0.7,one_minus_alpha_power,920,True,102.0,102.0,256,1000000
10000,0.7,0.8,0.8174547223245107,7.368272297580948,0.11094252347227809,0.021884073241593333,0.7,one_minus_alpha_power,921,True,11.0,11.0,256,1000000
10000,0.7,0.8,0.8174547223245107,7.368272297580948,0.11094252347227809,0.021884073241593333,0.7,one_minus_alpha_power,922,True,81.0,81.0,256,1000000
10000,0.7,0.8,0.8174547223245107,7.368272297580948,0.11094252347227809,0.021884073241593333,0.7,one_minus_alpha_power,923,True,15.0,15.0,256,1000000
10000,0.7,0.8,0.8174547223245107,7.368272297580948,0.11094252347227809,0.021884073241593333,0.7,one_minus_alpha_power,924,True,21.0,21.0,256,1000000
10000,0.7,0.8,0.8174547223245107,7.368272297580948,0.11094252347227809,0.021884073241593333,0.7,one_minus_alpha_power,925,True,142.0,142.0,256,1000000
10000,0.7,0.8,0.8174547223245107,7.368272297580948,0.11094252347227809,0.021884073241593333,0.7,one_minus_alpha_power,926,True,10.0,10.0,256,1000000
10000,0.7,0.8,0.8174547223245107,7.368272297580948,0.11094252347227809,0.021884073241593333,0.7,one_minus_alpha_power,927,True,22.0,22.0,256,1000000
10000,0.7,0.8,0.8174547223245107,7.368272297580948,0.11094252347227809,0.021884073241593333,0.7,one_minus_alpha_power,928,True,39.0,39.0,256,1000000
10000,0.7,0.8,0.8174547223245107,7.368272297580948,0.11094252347227809,0.021884073241593333,0.7,one_minus_alpha_power,929,True,28.0,28.0,256,1000000
10000,0.7,0.8,0.8174547223245107,7.368272297580948,0.11094252347227809,0.021884073241593333,0.7,one_minus_alpha_power,930,True,37.0,37.0,256,1000000
10000,0.7,0.8,0.8174547223245107,7.368272297580948,0.11094252347227809,0.021884073241593333,0.7,one_minus_alpha_power,931,True,20.0,20.0,256,1000000
10000,0.7,0.8,0.8174547223245107,7.368272297580948,0.11094252347227809,0.021884073241593333,0.7,one_minus_alpha_power,932,True,34.0,34.0,256,1000000
10000,0.7,0.8,0.8174547223245107,7.368272297580948,0.11094252347227809,0.021884073241593333,0.7,one_minus_alpha_power,933,True,13.0,13.0,256,1000000
10000,0.7,0.8,0.8174547223245107,7.368272297580948,0.11094252347227809,0.021884073241593333,0.7,one_minus_alpha_power,934,True,56.0,56.0,256,1000000
10000,0.7,0.8,0.8174547223245107,7.368272297580948,0.11094252347227809,0.021884073241593333,0.7,one_minus_alpha_power,935,True,24.0,24.0,256,1000000
10000,0.7,0.8,0.8174547223245107,7.368272297580948,0.11094252347227809,0.021884073241593333,0.7,one_minus_alpha_power,936,True,100.0,100.0,256,1000000
10000,0.7,0.8,0.8174547223245107,7.368272297580948,0.11094252347227809,0.021884073241593333,0.7,one_minus_alpha_power,937,True,68.0,68.0,256,1000000
10000,0.7,0.8,0.8174547223245107,7.368272297580948,0.11094252347227809,0.021884073241593333,0.7,one_minus_alpha_power,938,True,87.0,87.0,256,1000000
10000,0.7,0.8,0.8174547223245107,7.368272297580948,0.11094252347227809,0.021884073241593333,0.7,one_minus_alpha_power,939,True,134.0,134.0,256,1000000
10000,0.7,0.8,0.8174547223245107,7.368272297580948,0.11094252347227809,0.021884073241593333,0.7,one_minus_alpha_power,940,True,45.0,45.0,256,1000000
10000,0.7,0.8,0.8174547223245107,7.368272297580948,0.11094252347227809,0.021884073241593333,0.7,one_minus_alpha_power,941,True,35.0,35.0,256,1000000
10000,0.7,0.8,0.8174547223245107,7.368272297580948,0.11094252347227809,0.021884073241593333,0.7,one_minus_alpha_power,942,True,35.0,35.0,256,1000000
10000,0.7,0.8,0.8174547223245107,7.368272297580948,0.11094252347227809,0.021884073241593333,0.7,one_minus_alpha_power,943,True,114.0,114.0,256,1000000
10000,0.7,0.8,0.8174547223245107,7.368272297580948,0.11094252347227809,0.021884073241593333,0.7,one_minus_alpha_power,944,True,75.0,75.0,256,1000000
10000,0.7,0.8,0.8174547223245107,7.368272297580948,0.11094252347227809,0.021884073241593333,0.7,one_minus_alpha_power,945,True,14.0,14.0,256,1000000
10000,0.7,0.8,0.8174547223245107,7.368272297580948,0.11094252347227809,0.021884073241593333,0.7,one_minus_alpha_power,946,True,117.0,117.0,256,1000000
10000,0.7,0.8,0.8174547223245107,7.368272297580948,0.11094252347227809,0.021884073241593333,0.7,one_minus_alpha_power,947,True,9.0,9.0,256,1000000
10000,0.7,0.8,0.8174547223245107,7.368272297580948,0.11094252347227809,0.021884073241593333,0.7,one_minus_alpha_power,948,True,128.0,128.0,256,1000000
10000,0.7,0.8,0.8174547223245107,7.368272297580948,0.11094252347227809,0.021884073241593333,0.7,one_minus_alpha_power,949,True,17.0,17.0,256,1000000
10000,0.7,0.8,0.8174547223245107,7.368272297580948,0.11094252347227809,0.021884073241593333,0.7,one_minus_alpha_power,950,True,59.0,59.0,256,1000000
10000,0.7,0.8,0.8174547223245107,7.368272297580948,0.11094252347227809,0.021884073241593333,0.7,one_minus_alpha_power,951,True,20.0,20.0,256,1000000
10000,0.7,0.8,0.8174547223245107,7.368272297580948,0.11094252347227809,0.021884073241593333,0.7,one_minus_alpha_power,952,True,6.0,6.0,256,1000000
10000,0.7,0.8,0.8174547223245107,7.368272297580948,0.11094252347227809,0.021884073241593333,0.7,one_minus_alpha_power,953,True,30.0,30.0,256,1000000
10000,0.7,0.8,0.8174547223245107,7.368272297580948,0.11094252347227809,0.021884073241593333,0.7,one_minus_alpha_power,954,True,120.0,120.0,256,1000000
10000,0.7,0.8,0.8174547223245107,7.368272297580948,0.11094252347227809,0.021884073241593333,0.7,one_minus_alpha_power,955,True,8.0,8.0,256,1000000
10000,0.7,0.8,0.8174547223245107,7.368272297580948,0.11094252347227809,0.021884073241593333,0.7,one_minus_alpha_power,956,True,70.0,70.0,256,1000000
10000,0.7,0.8,0.8174547223245107,7.368272297580948,0.11094252347227809,0.021884073241593333,0.7,one_minus_alpha_power,957,True,39.0,39.0,256,1000000
10000,0.7,0.8,0.8174547223245107,7.368272297580948,0.11094252347227809,0.021884073241593333,0.7,one_minus_alpha_power,958,True,79.0,79.0,256,1000000
10000,0.7,0.8,0.8174547223245107,7.368272297580948,0.11094252347227809,0.021884073241593333,0.7,one_minus_alpha_power,959,True,42.0,42.0,256,1000000
10000,0.7,0.8,0.8174547223245107,7.368272297580948,0.11094252347227809,0.021884073241593333,0.7,one_minus_alpha_power,960,True,14.0,14.0,256,1000000
10000,0.7,0.8,0.8174547223245107,7.368272297580948,0.11094252347227809,0.021884073241593333,0.7,one_minus_alpha_power,961,True,23.0,23.0,256,1000000
10000,0.7,0.8,0.8174547223245107,7.368272297580948,0.11094252347227809,0.021884073241593333,0.7,one_minus_alpha_power,962,True,121.0,121.0,256,1000000
10000,0.7,0.8,0.8174547223245107,7.368272297580948,0.11094252347227809,0.021884073241593333,0.7,one_minus_alpha_power,963,True,123.0,123.0,256,1000000
10000,0.7,0.8,0.8174547223245107,7.368272297580948,0.11094252347227809,0.021884073241593333,0.7,one_minus_alpha_power,964,True,14.0,14.0,256,1000000
10000,0.7,0.8,0.8174547223245107,7.368272297580948,0.11094252347227809,0.021884073241593333,0.7,one_minus_alpha_power,965,True,48.0,48.0,256,1000000
10000,0.7,0.8,0.8174547223245107,7.368272297580948,0.11094252347227809,0.021884073241593333,0.7,one_minus_alpha_power,966,True,67.0,67.0,256,1000000
10000,0.7,0.8,0.8174547223245107,7.368272297580948,0.11094252347227809,0.021884073241593333,0.7,one_minus_alpha_power,967,True,13.0,13.0,256,1000000
10000,0.7,0.8,0.8174547223245107,7.368272297580948,0.11094252347227809,0.021884073241593333,0.7,one_minus_alpha_power,968,True,8.0,8.0,256,1000000
10000,0.7,0.8,0.8174547223245107,7.368272297580948,0.11094252347227809,0.021884073241593333,0.7,one_minus_alpha_power,969,True,107.0,107.0,256,1000000
10000,0.7,0.8,0.8174547223245107,7.368272297580948,0.11094252347227809,0.021884073241593333,0.7,one_minus_alpha_power,970,True,44.0,44.0,256,1000000
10000,0.7,0.8,0.8174547223245107,7.368272297580948,0.11094252347227809,0.021884073241593333,0.7,one_minus_alpha_power,971,True,28.0,28.0,256,1000000
10000,0.7,0.8,0.8174547223245107,7.368272297580948,0.11094252347227809,0.021884073241593333,0.7,one_minus_alpha_power,972,True,40.0,40.0,256,1000000
10000,0.7,0.8,0.8174547223245107,7.368272297580948,0.11094252347227809,0.021884073241593333,0.7,one_minus_alpha_power,973,True,9.0,9.0,256,1000000
10000,0.7,0.8,0.8174547223245107,7.368272297580948,0.11094252347227809,0.021884073241593333,0.7,one_minus_alpha_power,974,True,43.0,43.0,256,1000000
10000,0.7,0.8,0.8174547223245107,7.368272297580948,0.11094252347227809,0.021884073241593333,0.7,one_minus_alpha_power,975,True,136.0,136.0,256,1000000
10000,0.7,0.8,0.8174547223245107,7.368272297580948,0.11094252347227809,0.021884073241593333,0.7,one_minus_alpha_power,976,True,63.0,63.0,256,1000000
10000,0.7,0.8,0.8174547223245107,7.368272297580948,0.11094252347227809,0.021884073241593333,0.7,one_minus_alpha_power,977,True,47.0,47.0,256,1000000
10000,0.7,0.8,0.8174547223245107,7.368272297580948,0.11094252347227809,0.021884073241593333,0.7,one_minus_alpha_power,978,True,39.0,39.0,256,1000000
10000,0.7,0.8,0.8174547223245107,7.368272297580948,0.11094252347227809,0.021884073241593333,0.7,one_minus_alpha_power,979,True,13.0,13.0,256,1000000
10000,0.7,0.8,0.8174547223245107,7.368272297580948,0.11094252347227809,0.021884073241593333,0.7,one_minus_alpha_power,980,True,147.0,147.0,256,1000000
10000,0.7,0.8,0.8174547223245107,7.368272297580948,0.11094252347227809,0.021884073241593333,0.7,one_minus_alpha_power,981,True,3.0,3.0,256,1000000
10000,0.7,0.8,0.8174547223245107,7.368272297580948,0.11094252347227809,0.021884073241593333,0.7,one_minus_alpha_power,982,True,34.0,34.0,256,1000000
10000,0.7,0.8,0.8174547223245107,7.368272297580948,0.11094252347227809,0.021884073241593333,0.7,one_minus_alpha_power,983,True,10.0,10.0,256,1000000
10000,0.7,0.8,0.8174547223245107,7.368272297580948,0.11094252347227809,0.021884073241593333,0.7,one_minus_alpha_power,984,True,37.0,37.0,256,1000000
10000,0.7,0.8,0.8174547223245107,7.368272297580948,0.11094252347227809,0.021884073241593333,0.7,one_minus_alpha_power,985,True,18.0,18.0,256,1000000
10000,0.7,0.8,0.8174547223245107,7.368272297580948,0.11094252347227809,0.021884073241593333,0.7,one_minus_alpha_power,986,True,93.0,93.0,256,1000000
10000,0.7,0.8,0.8174547223245107,7.368272297580948,0.11094252347227809,0.021884073241593333,0.7,one_minus_alpha_power,987,True,3.0,3.0,256,1000000
10000,0.7,0.8,0.8174547223245107,7.368272297580948,0.11094252347227809,0.021884073241593333,0.7,one_minus_alpha_power,988,True,20.0,20.0,256,1000000
10000,0.7,0.8,0.8174547223245107,7.368272297580948,0.11094252347227809,0.021884073241593333,0.7,one_minus_alpha_power,989,True,18.0,18.0,256,1000000
10000,0.7,0.8,0.8174547223245107,7.368272297580948,0.11094252347227809,0.021884073241593333,0.7,one_minus_alpha_power,990,True,10.0,10.0,256,1000000
10000,0.7,0.8,0.8174547223245107,7.368272297580948,0.11094252347227809,0.021884073241593333,0.7,one_minus_alpha_power,991,True,29.0,29.0,256,1000000
10000,0.7,0.8,0.8174547223245107,7.368272297580948,0.11094252347227809,0.021884073241593333,0.7,one_minus_alpha_power,992,True,42.0,42.0,256,1000000
10000,0.7,0.8,0.8174547223245107,7.368272297580948,0.11094252347227809,0.021884073241593333,0.7,one_minus_alpha_power,993,True,73.0,73.0,256,1000000
10000,0.7,0.8,0.8174547223245107,7.368272297580948,0.11094252347227809,0.021884073241593333,0.7,one_minus_alpha_power,994,True,86.0,86.0,256,1000000
10000,0.7,0.8,0.8174547223245107,7.368272297580948,0.11094252347227809,0.021884073241593333,0.7,one_minus_alpha_power,995,True,89.0,89.0,256,1000000
10000,0.7,0.8,0.8174547223245107,7.368272297580948,0.11094252347227809,0.021884073241593333,0.7,one_minus_alpha_power,996,True,31.0,31.0,256,1000000
10000,0.7,0.8,0.8174547223245107,7.368272297580948,0.11094252347227809,0.021884073241593333,0.7,one_minus_alpha_power,997,True,33.0,33.0,256,1000000
10000,0.7,0.8,0.8174547223245107,7.368272297580948,0.11094252347227809,0.021884073241593333,0.7,one_minus_alpha_power,998,True,60.0,60.0,256,1000000
10000,0.7,0.8,0.8174547223245107,7.368272297580948,0.11094252347227809,0.021884073241593333,0.7,one_minus_alpha_power,999,True,7.0,7.0,256,1000000
