N,psi,delta,u,u_div_s,s,effective_beta,psi_check,selection_mode,path_index,hit_x0_zero,t_0,first_loss_time,num_classes,T_MAX
10000,10.0,0.4,0.14666810181288348,3.684136148790474,0.039810717055349755,0.20841608216115287,10.0,one_minus_s_power,0,True,25056.0,25056.0,256,1000000
10000,10.0,0.4,0.14666810181288348,3.684136148790474,0.039810717055349755,0.20841608216115287,10.0,one_minus_s_power,1,True,21095.0,21095.0,256,1000000
10000,10.0,0.4,0.14666810181288348,3.684136148790474,0.039810717055349755,0.20841608216115287,10.0,one_minus_s_power,2,True,19293.0,19293.0,256,1000000
10000,10.0,0.4,0.14666810181288348,3.684136148790474,0.039810717055349755,0.20841608216115287,10.0,one_minus_s_power,3,True,23203.0,23203.0,256,1000000
10000,10.0,0.4,0.14666810181288348,3.684136148790474,0.039810717055349755,0.20841608216115287,10.0,one_minus_s_power,4,True,5657.0,5657.0,256,1000000
10000,10.0,0.4,0.14666810181288348,3.684136148790474,0.039810717055349755,0.20841608216115287,10.0,one_minus_s_power,5,True,16216.0,16216.0,256,1000000
10000,10.0,0.4,0.14666810181288348,3.684136148790474,0.039810717055349755,0.20841608216115287,10.0,one_minus_s_power,6,True,19386.0,19386.0,256,1000000
10000,10.0,0.4,0.14666810181288348,3.684136148790474,0.039810717055349755,0.20841608216115287,10.0,one_minus_s_power,7,True,24974.0,24974.0,256,1000000
10000,10.0,0.4,0.14666810181288348,3.684136148790474,0.039810717055349755,0.20841608216115287,10.0,one_minus_s_power,8,True,12928.0,12928.0,256,1000000
10000,10.0,0.4,0.14666810181288348,3.684136148790474,0.039810717055349755,0.20841608216115287,10.0,one_minus_s_power,9,True,46008.0,46008.0,256,1000000
10000,10.0,0.4,0.14666810181288348,3.684136148790474,0.039810717055349755,0.20841608216115287,10.0,one_minus_s_power,10,True,29709.0,29709.0,256,1000000
10000,10.0,0.4,0.14666810181288348,3.684136148790474,0.039810717055349755,0.20841608216115287,10.0,one_minus_s_power,11,True,3982.0,3982.0,256,1000000
10000,10.0,0.4,0.14666810181288348,3.684136148790474,0.039810717055349755,0.20841608216115287,10.0,one_minus_s_power,12,True,4690.0,4690.0,256,1000000
10000,10.0,0.4,0.14666810181288348,3.684136148790474,0.039810717055349755,0.20841608216115287,10.0,one_minus_s_power,13,True,7220.0,7220.0,256,1000000
10000,10.0,0.4,0.14666810181288348,3.684136148790474,0.039810717055349755,0.20841608216115287,10.0,one_minus_s_power,14,True,6704.0,6704.0,256,1000000
10000,10.0,0.4,0.14666810181288348,3.684136148790474,0.039810717055349755,0.20841608216115287,10.0,one_minus_s_power,15,True,28283.0,28283.0,256,1000000
10000,10.0,0.4,0.14666810181288348,3.684136148790474,0.039810717055349755,0.20841608216115287,10.0,one_minus_s_power,16,True,34621.0,34621.0,256,1000000
10000,10.0,0.4,0.14666810181288348,3.684136148790474,0.039810717055349755,0.20841608216115287,10.0,one_minus_s_power,17,True,3760.0,3760.0,256,1000000
10000,10.0,0.4,0.14666810181288348,3.684136148790474,0.039810717055349755,0.20841608216115287,10.0,one_minus_s_power,18,True,14836.0,14836.0,256,1000000
10000,10.0,0.4,0.14666810181288348,3.684136148790474,0.039810717055349755,0.20841608216115287,10.0,one_minus_s_power,19,True,10380.0,10380.0,256,1000000
10000,10.0,0.4,0.14666810181288348,3.684136148790474,0.039810717055349755,0.20841608216115287,10.0,one_minus_s_power,20,True,1220.0,1220.0,256,1000000
10000,10.0,0.4,0.14666810181288348,3.684136148790474,0.039810717055349755,0.20841608216115287,10.0,one_minus_s_power,21,True,964.0,964.0,256,1000000
10000,10.0,0.4,0.14666810181288348,3.684136148790474,0.039810717055349755,0.20841608216115287,10.0,one_minus_s_power,22,True,11502.0,11502.0,256,1000000
10000,10.0,0.4,0.14666810181288348,3.684136148790474,0.039810717055349755,0.20841608216115287,10.0,one_minus_s_power,23,True,8063.0,8063.0,256,1000000
10000,10.0,0.4,0.14666810181288348,3.684136148790474,0.039810717055349755,0.20841608216115287,10.0,one_minus_s_power,24,True,17406.0,17406.0,256,1000000
10000,10.0,0.4,0.14666810181288348,3.684136148790474,0.039810717055349755,0.20841608216115287,10.0,one_minus_s_power,25,True,840.0,840.0,256,1000000
10000,10.0,0.4,0.14666810181288348,3.684136148790474,0.039810717055349755,0.20841608216115287,10.0,one_minus_s_power,26,True,6648.0,6648.0,256,1000000
10000,10.0,0.4,0.14666810181288348,3.684136148790474,0.039810717055349755,0.20841608216115287,10.0,one_minus_s_power,27,True,21442.0,21442.0,256,1000000
10000,10.0,0.4,0.14666810181288348,3.684136148790474,0.039810717055349755,0.20841608216115287,10.0,one_minus_s_power,28,True,1908.0,1908.0,256,1000000
10000,10.0,0.4,0.14666810181288348,3.684136148790474,0.039810717055349755,0.20841608216115287,10.0,one_minus_s_power,29,True,11034.0,11034.0,256,1000000
10000,10.0,0.4,0.14666810181288348,3.684136148790474,0.039810717055349755,0.20841608216115287,10.0,one_minus_s_power,30,True,3560.0,3560.0,256,1000000
10000,10.0,0.4,0.14666810181288348,3.684136148790474,0.039810717055349755,0.20841608216115287,10.0,one_minus_s_power,31,True,542.0,542.0,256,1000000
10000,10.0,0.4,0.14666810181288348,3.684136148790474,0.039810717055349755,0.20841608216115287,10.0,one_minus_s_power,32,True,5865.0,5865.0,256,1000000
10000,10.0,0.4,0.14666810181288348,3.684136148790474,0.039810717055349755,0.20841608216115287,10.0,one_minus_s_power,33,True,27938.0,27938.0,256,1000000
10000,10.0,0.4,0.14666810181288348,3.684136148790474,0.039810717055349755,0.20841608216115287,10.0,one_minus_s_power,34,True,2981.0,2981.0,256,1000000
10000,10.0,0.4,0.14666810181288348,3.684136148790474,0.039810717055349755,0.20841608216115287,10.0,one_minus_s_power,35,True,10777.0,10777.0,256,1000000
10000,10.0,0.4,0.14666810181288348,3.684136148790474,0.039810717055349755,0.20841608216115287,10.0,one_minus_s_power,36,True,12791.0,12791.0,256,1000000
10000,10.0,0.4,0.14666810181288348,3.684136148790474,0.039810717055349755,0.20841608216115287,10.0,one_minus_s_power,37,True,21016.0,21016.0,256,1000000
10000,10.0,0.4,0.14666810181288348,3.684136148790474,0.039810717055349755,0.20841608216115287,10.0,one_minus_s_power,38,True,19873.0,19873.0,256,1000000
10000,10.0,0.4,0.14666810181288348,3.684136148790474,0.039810717055349755,0.20841608216115287,10.0,one_minus_s_power,39,True,13440.0,13440.0,256,1000000
10000,10.0,0.4,0.14666810181288348,3.684136148790474,0.039810717055349755,0.20841608216115287,10.0,one_minus_s_power,40,True,50306.0,50306.0,256,1000000
10000,10.0,0.4,0.14666810181288348,3.684136148790474,0.039810717055349755,0.20841608216115287,10.0,one_minus_s_power,41,True,8249.0,8249.0,256,1000000
10000,10.0,0.4,0.14666810181288348,3.684136148790474,0.039810717055349755,0.20841608216115287,10.0,one_minus_s_power,42,True,20400.0,20400.0,256,1000000
10000,10.0,0.4,0.14666810181288348,3.684136148790474,0.039810717055349755,0.20841608216115287,10.0,one_minus_s_power,43,True,12160.0,12160.0,256,1000000
10000,10.0,0.4,0.14666810181288348,3.684136148790474,0.039810717055349755,0.20841608216115287,10.0,one_minus_s_power,44,True,8417.0,8417.0,256,1000000
10000,10.0,0.4,0.14666810181288348,3.684136148790474,0.039810717055349755,0.20841608216115287,10.0,one_minus_s_power,45,True,22454.0,22454.0,256,1000000
10000,10.0,0.4,0.14666810181288348,3.684136148790474,0.039810717055349755,0.20841608216115287,10.0,one_minus_s_power,46,True,4199.0,4199.0,256,1000000
10000,10.0,0.4,0.14666810181288348,3.684136148790474,0.039810717055349755,0.20841608216115287,10.0,one_minus_s_power,47,True,7590.0,7590.0,256,1000000
10000,10.0,0.4,0.14666810181288348,3.684136148790474,0.039810717055349755,0.20841608216115287,10.0,one_minus_s_power,48,True,8432.0,8432.0,256,1000000
10000,10.0,0.4,0.14666810181288348,3.684136148790474,0.039810717055349755,0.20841608216115287,10.0,one_minus_s_power,49,True,1338.0,1338.0,256,1000000
10000,10.0,0.4,0.14666810181288348,3.684136148790474,0.039810717055349755,0.20841608216115287,10.0,one_minus_s_power,50,True,5641.0,5641.0,256,1000000
10000,10.0,0.4,0.14666810181288348,3.684136148790474,0.039810717055349755,0.20841608216115287,10.0,one_minus_s_power,51,True,19813.0,19813.0,256,1000000
10000,10.0,0.4,0.14666810181288348,3.684136148790474,0.039810717055349755,0.20841608216115287,10.0,one_minus_s_power,52,True,6751.0,6751.0,256,1000000
10000,10.0,0.4,0.14666810181288348,3.684136148790474,0.039810717055349755,0.20841608216115287,10.0,one_minus_s_power,53,True,26621.0,26621.0,256,1000000
10000,10.0,0.4,0.14666810181288348,3.684136148790474,0.039810717055349755,0.20841608216115287,10.0,one_minus_s_power,54,True,11315.0,11315.0,256,1000000
10000,10.0,0.4,0.14666810181288348,3.684136148790474,0.039810717055349755,0.20841608216115287,10.0,one_minus_s_power,55,True,26182.0,26182.0,256,1000000
10000,10.0,0.4,0.14666810181288348,3.684136148790474,0.039810717055349755,0.20841608216115287,10.0,one_minus_s_power,56,True,6101.0,6101.0,256,1000000
10000,10.0,0.4,0.14666810181288348,3.684136148790474,0.039810717055349755,0.20841608216115287,10.0,one_minus_s_power,57,True,14777.0,14777.0,256,1000000
10000,10.0,0.4,0.14666810181288348,3.684136148790474,0.039810717055349755,0.20841608216115287,10.0,one_minus_s_power,58,True,4991.0,4991.0,256,1000000
10000,10.0,0.4,0.14666810181288348,3.684136148790474,0.039810717055349755,0.20841608216115287,10.0,one_minus_s_power,59,True,5152.0,5152.0,256,1000000
10000,10.0,0.4,0.14666810181288348,3.684136148790474,0.039810717055349755,0.20841608216115287,10.0,one_minus_s_power,60,True,7506.0,7506.0,256,1000000
10000,10.0,0.4,0.14666810181288348,3.684136148790474,0.039810717055349755,0.20841608216115287,10.0,one_minus_s_power,61,True,75262.0,75262.0,256,1000000
10000,10.0,0.4,0.14666810181288348,3.684136148790474,0.039810717055349755,0.20841608216115287,10.0,one_minus_s_power,62,True,11205.0,11205.0,256,1000000
10000,10.0,0.4,0.14666810181288348,3.684136148790474,0.039810717055349755,0.20841608216115287,10.0,one_minus_s_power,63,True,8991.0,8991.0,256,1000000
10000,10.0,0.4,0.14666810181288348,3.684136148790474,0.039810717055349755,0.20841608216115287,10.0,one_minus_s_power,64,True,18157.0,18157.0,256,1000000
10000,10.0,0.4,0.14666810181288348,3.684136148790474,0.039810717055349755,0.20841608216115287,10.0,one_minus_s_power,65,True,21850.0,21850.0,256,1000000
10000,10.0,0.4,0.14666810181288348,3.684136148790474,0.039810717055349755,0.20841608216115287,10.0,one_minus_s_power,66,True,1595.0,1595.0,256,1000000
10000,10.0,0.4,0.14666810181288348,3.684136148790474,0.039810717055349755,0.20841608216115287,10.0,one_minus_s_power,67,True,6061.0,6061.0,256,1000000
10000,10.0,0.4,0.14666810181288348,3.684136148790474,0.039810717055349755,0.20841608216115287,10.0,one_minus_s_power,68,True,7083.0,7083.0,256,1000000
10000,10.0,0.4,0.14666810181288348,3.684136148790474,0.039810717055349755,0.20841608216115287,10.0,one_minus_s_power,69,True,14983.0,14983.0,256,1000000
10000,10.0,0.4,0.14666810181288348,3.684136148790474,0.039810717055349755,0.20841608216115287,10.0,one_minus_s_power,70,True,6502.0,6502.0,256,1000000
10000,10.0,0.4,0.14666810181288348,3.684136148790474,0.039810717055349755,0.20841608216115287,10.0,one_minus_s_power,71,True,3461.0,3461.0,256,1000000
10000,10.0,0.4,0.14666810181288348,3.684136148790474,0.039810717055349755,0.20841608216115287,10.0,one_minus_s_power,72,True,1014.0,1014.0,256,1000000
10000,10.0,0.4,0.14666810181288348,3.684136148790474,0.039810717055349755,0.20841608216115287,10.0,one_minus_s_power,73,True,3713.0,3713.0,256,1000000
10000,10.0,0.4,0.14666810181288348,3.684136148790474,0.039810717055349755,0.20841608216115287,10.0,one_minus_s_power,74,True,3614.0,3614.0,256,1000000
10000,10.0,0.4,0.14666810181288348,3.684136148790474,0.039810717055349755,0.20841608216115287,10.0,one_minus_s_power,75,True,2308.0,2308.0,256,1000000
10000,10.0,0.4,0.14666810181288348,3.684136148790474,0.039810717055349755,0.20841608216115287,10.0,one_minus_s_power,76,True,11796.0,11796.0,256,1000000
10000,10.0,0.4,0.14666810181288348,3.684136148790474,0.039810717055349755,0.20841608216115287,10.0,one_minus_s_power,77,True,11090.0,11090.0,256,1000000
10000,10.0,0.4,0.14666810181288348,3.684136148790474,0.039810717055349755,0.20841608216115287,10.0,one_minus_s_power,78,True,11668.0,11668.0,256,1000000
10000,10.0,0.4,0.14666810181288348,3.684136148790474,0.039810717055349755,0.20841608216115287,10.0,one_minus_s_power,79,True,4935.0,4935.0,256,1000000
10000,10.0,0.4,0.14666810181288348,3.684136148790474,0.039810717055349755,0.20841608216115287,10.0,one_minus_s_power,80,True,13282.0,13282.0,256,1000000
10000,10.0,0.4,0.14666810181288348,3.684136148790474,0.039810717055349755,0.20841608216115287,10.0,one_minus_s_power,81,True,878.0,878.0,256,1000000
10000,10.0,0.4,0.14666810181288348,3.684136148790474,0.039810717055349755,0.20841608216115287,10.0,one_minus_s_power,82,True,12663.0,12663.0,256,1000000
10000,10.0,0.4,0.14666810181288348,3.684136148790474,0.039810717055349755,0.20841608216115287,10.0,one_minus_s_power,83,True,31651.0,31651.0,256,1000000
10000,10.0,0.4,0.14666810181288348,3.684136148790474,0.039810717055349755,0.20841608216115287,10.0,one_minus_s_power,84,True,358.0,358.0,256,1000000
10000,10.0,0.4,0.14666810181288348,3.684136148790474,0.039810717055349755,0.20841608216115287,10.0,one_minus_s_power,85,True,411.0,411.0,256,1000000
10000,10.0,0.4,0.14666810181288348,3.684136148790474,0.039810717055349755,0.20841608216115287,10.0,one_minus_s_power,86,True,48358.0,48358.0,256,1000000
10000,10.0,0.4,0.14666810181288348,3.684136148790474,0.039810717055349755,0.20841608216115287,10.0,one_minus_s_power,87,True,6101.0,6101.0,256,1000000
10000,10.0,0.4,0.14666810181288348,3.684136148790474,0.039810717055349755,0.20841608216115287,10.0,one_minus_s_power,88,True,5953.0,5953.0,256,1000000
10000,10.0,0.4,0.14666810181288348,3.684136148790474,0.039810717055349755,0.20841608216115287,10.0,one_minus_s_power,89,True,17905.0,17905.0,256,1000000
10000,10.0,0.4,0.14666810181288348,3.684136148790474,0.039810717055349755,0.20841608216115287,10.0,one_minus_s_power,90,True,14595.0,14595.0,256,1000000
10000,10.0,0.4,0.14666810181288348,3.684136148790474,0.039810717055349755,0.20841608216115287,10.0,one_minus_s_power,91,True,468.0,468.0,256,1000000
10000,10.0,0.4,0.14666810181288348,3.684136148790474,0.039810717055349755,0.20841608216115287,10.0,one_minus_s_power,92,True,49211.0,49211.0,256,1000000
10000,10.0,0.4,0.14666810181288348,3.684136148790474,0.039810717055349755,0.20841608216115287,10.0,one_minus_s_power,93,True,7839.0,7839.0,256,1000000
10000,10.0,0.4,0.14666810181288348,3.684136148790474,0.039810717055349755,0.20841608216115287,10.0,one_minus_s_power,94,True,5087.0,5087.0,256,1000000
10000,10.0,0.4,0.14666810181288348,3.684136148790474,0.039810717055349755,0.20841608216115287,10.0,one_minus_s_power,95,True,585.0,585.0,256,1000000
10000,10.0,0.4,0.14666810181288348,3.684136148790474,0.039810717055349755,0.20841608216115287,10.0,one_minus_s_power,96,True,33135.0,33135.0,256,1000000
10000,10.0,0.4,0.14666810181288348,3.684136148790474,0.039810717055349755,0.20841608216115287,10.0,one_minus_s_power,97,True,7243.0,7243.0,256,1000000
10000,10.0,0.4,0.14666810181288348,3.684136148790474,0.039810717055349755,0.20841608216115287,10.0,one_minus_s_power,98,True,17459.0,17459.0,256,1000000
10000,10.0,0.4,0.14666810181288348,3.684136148790474,0.039810717055349755,0.20841608216115287,10.0,one_minus_s_power,99,True,9140.0,9140.0,256,1000000
10000,10.0,0.4,0.14666810181288348,3.684136148790474,0.039810717055349755,0.20841608216115287,10.0,one_minus_s_power,100,True,15576.0,15576.0,256,1000000
10000,10.0,0.4,0.14666810181288348,3.684136148790474,0.039810717055349755,0.20841608216115287,10.0,one_minus_s_power,101,True,39151.0,39151.0,256,1000000
10000,10.0,0.4,0.14666810181288348,3.684136148790474,0.039810717055349755,0.20841608216115287,10.0,one_minus_s_power,102,True,20584.0,20584.0,256,1000000
10000,10.0,0.4,0.14666810181288348,3.684136148790474,0.039810717055349755,0.20841608216115287,10.0,one_minus_s_power,103,True,19125.0,19125.0,256,1000000
10000,10.0,0.4,0.14666810181288348,3.684136148790474,0.039810717055349755,0.20841608216115287,10.0,one_minus_s_power,104,True,15110.0,15110.0,256,1000000
10000,10.0,0.4,0.14666810181288348,3.684136148790474,0.039810717055349755,0.20841608216115287,10.0,one_minus_s_power,105,True,2964.0,2964.0,256,1000000
10000,10.0,0.4,0.14666810181288348,3.684136148790474,0.039810717055349755,0.20841608216115287,10.0,one_minus_s_power,106,True,24690.0,24690.0,256,1000000
10000,10.0,0.4,0.14666810181288348,3.684136148790474,0.039810717055349755,0.20841608216115287,10.0,one_minus_s_power,107,True,5760.0,5760.0,256,1000000
10000,10.0,0.4,0.14666810181288348,3.684136148790474,0.039810717055349755,0.20841608216115287,10.0,one_minus_s_power,108,True,9523.0,9523.0,256,1000000
10000,10.0,0.4,0.14666810181288348,3.684136148790474,0.039810717055349755,0.20841608216115287,10.0,one_minus_s_power,109,True,12790.0,12790.0,256,1000000
10000,10.0,0.4,0.14666810181288348,3.684136148790474,0.039810717055349755,0.20841608216115287,10.0,one_minus_s_power,110,True,12497.0,12497.0,256,1000000
10000,10.0,0.4,0.14666810181288348,3.684136148790474,0.039810717055349755,0.20841608216115287,10.0,one_minus_s_power,111,True,43701.0,43701.0,256,1000000
10000,10.0,0.4,0.14666810181288348,3.684136148790474,0.039810717055349755,0.20841608216115287,10.0,one_minus_s_power,112,True,7647.0,7647.0,256,1000000
10000,10.0,0.4,0.14666810181288348,3.684136148790474,0.039810717055349755,0.20841608216115287,10.0,one_minus_s_power,113,True,39200.0,39200.0,256,1000000
10000,10.0,0.4,0.14666810181288348,3.684136148790474,0.039810717055349755,0.20841608216115287,10.0,one_minus_s_power,114,True,11172.0,11172.0,256,1000000
10000,10.0,0.4,0.14666810181288348,3.684136148790474,0.039810717055349755,0.20841608216115287,10.0,one_minus_s_power,115,True,23306.0,23306.0,256,1000000
10000,10.0,0.4,0.14666810181288348,3.684136148790474,0.039810717055349755,0.20841608216115287,10.0,one_minus_s_power,116,True,3489.0,3489.0,256,1000000
10000,10.0,0.4,0.14666810181288348,3.684136148790474,0.039810717055349755,0.20841608216115287,10.0,one_minus_s_power,117,True,22312.0,22312.0,256,1000000
10000,10.0,0.4,0.14666810181288348,3.684136148790474,0.039810717055349755,0.20841608216115287,10.0,one_minus_s_power,118,True,3438.0,3438.0,256,1000000
10000,10.0,0.4,0.14666810181288348,3.684136148790474,0.039810717055349755,0.20841608216115287,10.0,one_minus_s_power,119,True,39693.0,39693.0,256,1000000
10000,10.0,0.4,0.14666810181288348,3.684136148790474,0.039810717055349755,0.20841608216115287,10.0,one_minus_s_power,120,True,3675.0,3675.0,256,1000000
10000,10.0,0.4,0.14666810181288348,3.684136148790474,0.039810717055349755,0.20841608216115287,10.0,one_minus_s_power,121,True,29734.0,29734.0,256,1000000
10000,10.0,0.4,0.14666810181288348,3.684136148790474,0.039810717055349755,0.20841608216115287,10.0,one_minus_s_power,122,True,5174.0,5174.0,256,1000000
10000,10.0,0.4,0.14666810181288348,3.684136148790474,0.039810717055349755,0.20841608216115287,10.0,one_minus_s_power,123,True,5453.0,5453.0,256,1000000
10000,10.0,0.4,0.14666810181288348,3.684136148790474,0.039810717055349755,0.20841608216115287,10.0,one_minus_s_power,124,True,182.0,182.0,256,1000000
10000,10.0,0.4,0.14666810181288348,3.684136148790474,0.039810717055349755,0.20841608216115287,10.0,one_minus_s_power,125,True,21293.0,21293.0,256,1000000
10000,10.0,0.4,0.14666810181288348,3.684136148790474,0.039810717055349755,0.20841608216115287,10.0,one_minus_s_power,126,True,7998.0,7998.0,256,1000000
10000,10.0,0.4,0.14666810181288348,3.684136148790474,0.039810717055349755,0.20841608216115287,10.0,one_minus_s_power,127,True,47393.0,47393.0,256,1000000
10000,10.0,0.4,0.14666810181288348,3.684136148790474,0.039810717055349755,0.20841608216115287,10.0,one_minus_s_power,128,True,15127.0,15127.0,256,1000000
10000,10.0,0.4,0.14666810181288348,3.684136148790474,0.039810717055349755,0.20841608216115287,10.0,one_minus_s_power,129,True,1705.0,1705.0,256,1000000
10000,10.0,0.4,0.14666810181288348,3.684136148790474,0.039810717055349755,0.20841608216115287,10.0,one_minus_s_power,130,True,3145.0,3145.0,256,1000000
10000,10.0,0.4,0.14666810181288348,3.684136148790474,0.039810717055349755,0.20841608216115287,10.0,one_minus_s_power,131,True,8965.0,8965.0,256,1000000
10000,10.0,0.4,0.14666810181288348,3.684136148790474,0.039810717055349755,0.20841608216115287,10.0,one_minus_s_power,132,True,16472.0,16472.0,256,1000000
10000,10.0,0.4,0.14666810181288348,3.684136148790474,0.039810717055349755,0.20841608216115287,10.0,one_minus_s_power,133,True,1116.0,1116.0,256,1000000
10000,10.0,0.4,0.14666810181288348,3.684136148790474,0.039810717055349755,0.20841608216115287,10.0,one_minus_s_power,134,True,348.0,348.0,256,1000000
10000,10.0,0.4,0.14666810181288348,3.684136148790474,0.039810717055349755,0.20841608216115287,10.0,one_minus_s_power,135,True,4779.0,4779.0,256,1000000
10000,10.0,0.4,0.14666810181288348,3.684136148790474,0.039810717055349755,0.20841608216115287,10.0,one_minus_s_power,136,True,13540.0,13540.0,256,1000000
10000,10.0,0.4,0.14666810181288348,3.684136148790474,0.039810717055349755,0.20841608216115287,10.0,one_minus_s_power,137,True,1094.0,1094.0,256,1000000
10000,10.0,0.4,0.14666810181288348,3.684136148790474,0.039810717055349755,0.20841608216115287,10.0,one_minus_s_power,138,True,35489.0,35489.0,256,1000000
10000,10.0,0.4,0.14666810181288348,3.684136148790474,0.039810717055349755,0.20841608216115287,10.0,one_minus_s_power,139,True,973.0,973.0,256,1000000
10000,10.0,0.4,0.14666810181288348,3.684136148790474,0.039810717055349755,0.20841608216115287,10.0,one_minus_s_power,140,True,36087.0,36087.0,256,1000000
10000,10.0,0.4,0.14666810181288348,3.684136148790474,0.039810717055349755,0.20841608216115287,10.0,one_minus_s_power,141,True,2952.0,2952.0,256,1000000
10000,10.0,0.4,0.14666810181288348,3.684136148790474,0.039810717055349755,0.20841608216115287,10.0,one_minus_s_power,142,True,25889.0,25889.0,256,1000000
10000,10.0,0.4,0.14666810181288348,3.684136148790474,0.039810717055349755,0.20841608216115287,10.0,one_minus_s_power,143,True,10268.0,10268.0,256,1000000
10000,10.0,0.4,0.14666810181288348,3.684136148790474,0.039810717055349755,0.20841608216115287,10.0,one_minus_s_power,144,True,4743.0,4743.0,256,1000000
10000,10.0,0.4,0.14666810181288348,3.684136148790474,0.039810717055349755,0.20841608216115287,10.0,one_minus_s_power,145,True,681.0,681.0,256,1000000
10000,10.0,0.4,0.14666810181288348,3.684136148790474,0.039810717055349755,0.20841608216115287,10.0,one_minus_s_power,146,True,3031.0,3031.0,256,1000000
10000,10.0,0.4,0.14666810181288348,3.684136148790474,0.039810717055349755,0.20841608216115287,10.0,one_minus_s_power,147,True,6323.0,6323.0,256,1000000
10000,10.0,0.4,0.14666810181288348,3.684136148790474,0.039810717055349755,0.20841608216115287,10.0,one_minus_s_power,148,True,4742.0,4742.0,256,1000000
10000,10.0,0.4,0.14666810181288348,3.684136148790474,0.039810717055349755,0.20841608216115287,10.0,one_minus_s_power,149,True,39146.0,39146.0,256,1000000
10000,10.0,0.4,0.14666810181288348,3.684136148790474,0.039810717055349755,0.20841608216115287,10.0,one_minus_s_power,150,True,10692.0,10692.0,256,1000000
10000,10.0,0.4,0.14666810181288348,3.684136148790474,0.039810717055349755,0.20841608216115287,10.0,one_minus_s_power,151,True,2741.0,2741.0,256,1000000
10000,10.0,0.4,0.14666810181288348,3.684136148790474,0.039810717055349755,0.20841608216115287,10.0,one_minus_s_power,152,True,27402.0,27402.0,256,1000000
10000,10.0,0.4,0.14666810181288348,3.684136148790474,0.039810717055349755,0.20841608216115287,10.0,one_minus_s_power,153,True,22169.0,22169.0,256,1000000
10000,10.0,0.4,0.14666810181288348,3.684136148790474,0.039810717055349755,0.20841608216115287,10.0,one_minus_s_power,154,True,174.0,174.0,256,1000000
10000,10.0,0.4,0.14666810181288348,3.684136148790474,0.039810717055349755,0.20841608216115287,10.0,one_minus_s_power,155,True,44647.0,44647.0,256,1000000
10000,10.0,0.4,0.14666810181288348,3.684136148790474,0.039810717055349755,0.20841608216115287,10.0,one_minus_s_power,156,True,16023.0,16023.0,256,1000000
10000,10.0,0.4,0.14666810181288348,3.684136148790474,0.039810717055349755,0.20841608216115287,10.0,one_minus_s_power,157,True,4447.0,4447.0,256,1000000
10000,10.0,0.4,0.14666810181288348,3.684136148790474,0.039810717055349755,0.20841608216115287,10.0,one_minus_s_power,158,True,28037.0,28037.0,256,1000000
10000,10.0,0.4,0.14666810181288348,3.684136148790474,0.039810717055349755,0.20841608216115287,10.0,one_minus_s_power,159,True,197.0,197.0,256,1000000
10000,10.0,0.4,0.14666810181288348,3.684136148790474,0.039810717055349755,0.20841608216115287,10.0,one_minus_s_power,160,True,1545.0,1545.0,256,1000000
10000,10.0,0.4,0.14666810181288348,3.684136148790474,0.039810717055349755,0.20841608216115287,10.0,one_minus_s_power,161,True,28835.0,28835.0,256,1000000
10000,10.0,0.4,0.14666810181288348,3.684136148790474,0.039810717055349755,0.20841608216115287,10.0,one_minus_s_power,162,True,1508.0,1508.0,256,1000000
10000,10.0,0.4,0.14666810181288348,3.684136148790474,0.039810717055349755,0.20841608216115287,10.0,one_minus_s_power,163,True,11074.0,11074.0,256,1000000
10000,10.0,0.4,0.14666810181288348,3.684136148790474,0.039810717055349755,0.20841608216115287,10.0,one_minus_s_power,164,True,20554.0,20554.0,256,1000000
10000,10.0,0.4,0.14666810181288348,3.684136148790474,0.039810717055349755,0.20841608216115287,10.0,one_minus_s_power,165,True,21209.0,21209.0,256,1000000
10000,10.0,0.4,0.14666810181288348,3.684136148790474,0.039810717055349755,0.20841608216115287,10.0,one_minus_s_power,166,True,16827.0,16827.0,256,1000000
10000,10.0,0.4,0.14666810181288348,3.684136148790474,0.039810717055349755,0.20841608216115287,10.0,one_minus_s_power,167,True,4904.0,4904.0,256,1000000
10000,10.0,0.4,0.14666810181288348,3.684136148790474,0.039810717055349755,0.20841608216115287,10.0,one_minus_s_power,168,True,19684.0,19684.0,256,1000000
10000,10.0,0.4,0.14666810181288348,3.684136148790474,0.039810717055349755,0.20841608216115287,10.0,one_minus_s_power,169,True,14100.0,14100.0,256,1000000
10000,10.0,0.4,0.14666810181288348,3.684136148790474,0.039810717055349755,0.20841608216115287,10.0,one_minus_s_power,170,True,4159.0,4159.0,256,1000000
10000,10.0,0.4,0.14666810181288348,3.684136148790474,0.039810717055349755,0.20841608216115287,10.0,one_minus_s_power,171,True,22595.0,22595.0,256,1000000
10000,10.0,0.4,0.14666810181288348,3.684136148790474,0.039810717055349755,0.20841608216115287,10.0,one_minus_s_power,172,True,6336.0,6336.0,256,1000000
10000,10.0,0.4,0.14666810181288348,3.684136148790474,0.039810717055349755,0.20841608216115287,10.0,one_minus_s_power,173,True,27906.0,27906.0,256,1000000
10000,10.0,0.4,0.14666810181288348,3.684136148790474,0.039810717055349755,0.20841608216115287,10.0,one_minus_s_power,174,True,11840.0,11840.0,256,1000000
10000,10.0,0.4,0.14666810181288348,3.684136148790474,0.039810717055349755,0.20841608216115287,10.0,one_minus_s_power,175,True,13282.0,13282.0,256,1000000
10000,10.0,0.4,0.14666810181288348,3.684136148790474,0.039810717055349755,0.20841608216115287,10.0,one_minus_s_power,176,True,4895.0,4895.0,256,1000000
10000,10.0,0.4,0.14666810181288348,3.684136148790474,0.039810717055349755,0.20841608216115287,10.0,one_minus_s_power,177,True,6436.0,6436.0,256,1000000
10000,10.0,0.4,0.14666810181288348,3.684136148790474,0.039810717055349755,0.20841608216115287,10.0,one_minus_s_power,178,True,377.0,377.0,256,1000000
10000,10.0,0.4,0.14666810181288348,3.684136148790474,0.039810717055349755,0.20841608216115287,10.0,one_minus_s_power,179,True,4793.0,4793.0,256,1000000
10000,10.0,0.4,0.14666810181288348,3.684136148790474,0.039810717055349755,0.20841608216115287,10.0,one_minus_s_power,180,True,21842.0,21842.0,256,1000000
10000,10.0,0.4,0.14666810181288348,3.684136148790474,0.039810717055349755,0.20841608216115287,10.0,one_minus_s_power,181,True,12084.0,12084.0,256,1000000
10000,10.0,0.4,0.14666810181288348,3.684136148790474,0.039810717055349755,0.20841608216115287,10.0,one_minus_s_power,182,True,17081.0,17081.0,256,1000000
10000,10.0,0.4,0.14666810181288348,3.684136148790474,0.039810717055349755,0.20841608216115287,10.0,one_minus_s_power,183,True,13714.0,13714.0,256,1000000
10000,10.0,0.4,0.14666810181288348,3.684136148790474,0.039810717055349755,0.20841608216115287,10.0,one_minus_s_power,184,True,18609.0,18609.0,256,1000000
10000,10.0,0.4,0.14666810181288348,3.684136148790474,0.039810717055349755,0.20841608216115287,10.0,one_minus_s_power,185,True,7246.0,7246.0,256,1000000
10000,10.0,0.4,0.14666810181288348,3.684136148790474,0.039810717055349755,0.20841608216115287,10.0,one_minus_s_power,186,True,34557.0,34557.0,256,1000000
10000,10.0,0.4,0.14666810181288348,3.684136148790474,0.039810717055349755,0.20841608216115287,10.0,one_minus_s_power,187,True,68963.0,68963.0,256,1000000
10000,10.0,0.4,0.14666810181288348,3.684136148790474,0.039810717055349755,0.20841608216115287,10.0,one_minus_s_power,188,True,62581.0,62581.0,256,1000000
10000,10.0,0.4,0.14666810181288348,3.684136148790474,0.039810717055349755,0.20841608216115287,10.0,one_minus_s_power,189,True,10166.0,10166.0,256,1000000
10000,10.0,0.4,0.14666810181288348,3.684136148790474,0.039810717055349755,0.20841608216115287,10.0,one_minus_s_power,190,True,6205.0,6205.0,256,1000000
10000,10.0,0.4,0.14666810181288348,3.684136148790474,0.039810717055349755,0.20841608216115287,10.0,one_minus_s_power,191,True,29946.0,29946.0,256,1000000
10000,10.0,0.4,0.14666810181288348,3.684136148790474,0.039810717055349755,0.20841608216115287,10.0,one_minus_s_power,192,True,25390.0,25390.0,256,1000000
10000,10.0,0.4,0.14666810181288348,3.684136148790474,0.039810717055349755,0.20841608216115287,10.0,one_minus_s_power,193,True,12135.0,12135.0,256,1000000
10000,10.0,0.4,0.14666810181288348,3.684136148790474,0.039810717055349755,0.20841608216115287,10.0,one_minus_s_power,194,True,7402.0,7402.0,256,1000000
10000,10.0,0.4,0.14666810181288348,3.684136148790474,0.039810717055349755,0.20841608216115287,10.0,one_minus_s_power,195,True,15008.0,15008.0,256,1000000
10000,10.0,0.4,0.14666810181288348,3.684136148790474,0.039810717055349755,0.20841608216115287,10.0,one_minus_s_power,196,True,3703.0,3703.0,256,1000000
10000,10.0,0.4,0.14666810181288348,3.684136148790474,0.039810717055349755,0.20841608216115287,10.0,one_minus_s_power,197,True,18233.0,18233.0,256,1000000
10000,10.0,0.4,0.14666810181288348,3.684136148790474,0.039810717055349755,0.20841608216115287,10.0,one_minus_s_power,198,True,3944.0,3944.0,256,1000000
10000,10.0,0.4,0.14666810181288348,3.684136148790474,0.039810717055349755,0.20841608216115287,10.0,one_minus_s_power,199,True,2111.0,2111.0,256,1000000
10000,10.0,0.4,0.14666810181288348,3.684136148790474,0.039810717055349755,0.20841608216115287,10.0,one_minus_s_power,200,True,14315.0,14315.0,256,1000000
10000,10.0,0.4,0.14666810181288348,3.684136148790474,0.039810717055349755,0.20841608216115287,10.0,one_minus_s_power,201,True,9922.0,9922.0,256,1000000
10000,10.0,0.4,0.14666810181288348,3.684136148790474,0.039810717055349755,0.20841608216115287,10.0,one_minus_s_power,202,True,36558.0,36558.0,256,1000000
10000,10.0,0.4,0.14666810181288348,3.684136148790474,0.039810717055349755,0.20841608216115287,10.0,one_minus_s_power,203,True,6465.0,6465.0,256,1000000
10000,10.0,0.4,0.14666810181288348,3.684136148790474,0.039810717055349755,0.20841608216115287,10.0,one_minus_s_power,204,True,3808.0,3808.0,256,1000000
10000,10.0,0.4,0.14666810181288348,3.684136148790474,0.039810717055349755,0.20841608216115287,10.0,one_minus_s_power,205,True,198.0,198.0,256,1000000
10000,10.0,0.4,0.14666810181288348,3.684136148790474,0.039810717055349755,0.20841608216115287,10.0,one_minus_s_power,206,True,7449.0,7449.0,256,1000000
10000,10.0,0.4,0.14666810181288348,3.684136148790474,0.039810717055349755,0.20841608216115287,10.0,one_minus_s_power,207,True,16696.0,16696.0,256,1000000
10000,10.0,0.4,0.14666810181288348,3.684136148790474,0.039810717055349755,0.20841608216115287,10.0,one_minus_s_power,208,True,1755.0,1755.0,256,1000000
10000,10.0,0.4,0.14666810181288348,3.684136148790474,0.039810717055349755,0.20841608216115287,10.0,one_minus_s_power,209,True,3185.0,3185.0,256,1000000
10000,10.0,0.4,0.14666810181288348,3.684136148790474,0.039810717055349755,0.20841608216115287,10.0,one_minus_s_power,210,True,32401.0,32401.0,256,1000000
10000,10.0,0.4,0.14666810181288348,3.684136148790474,0.039810717055349755,0.20841608216115287,10.0,one_minus_s_power,211,True,21648.0,21648.0,256,1000000
10000,10.0,0.4,0.14666810181288348,3.684136148790474,0.039810717055349755,0.20841608216115287,10.0,one_minus_s_power,212,True,1597.0,1597.0,256,1000000
10000,10.0,0.4,0.14666810181288348,3.684136148790474,0.039810717055349755,0.20841608216115287,10.0,one_minus_s_power,213,True,6421.0,6421.0,256,1000000
10000,10.0,0.4,0.14666810181288348,3.684136148790474,0.039810717055349755,0.20841608216115287,10.0,one_minus_s_power,214,True,7676.0,7676.0,256,1000000
10000,10.0,0.4,0.14666810181288348,3.684136148790474,0.039810717055349755,0.20841608216115287,10.0,one_minus_s_power,215,True,20464.0,20464.0,256,1000000
10000,10.0,0.4,0.14666810181288348,3.684136148790474,0.039810717055349755,0.20841608216115287,10.0,one_minus_s_power,216,True,72697.0,72697.0,256,1000000
10000,10.0,0.4,0.14666810181288348,3.684136148790474,0.039810717055349755,0.20841608216115287,10.0,one_minus_s_power,217,True,34364.0,34364.0,256,1000000
10000,10.0,0.4,0.14666810181288348,3.684136148790474,0.039810717055349755,0.20841608216115287,10.0,one_minus_s_power,218,True,18658.0,18658.0,256,1000000
10000,10.0,0.4,0.14666810181288348,3.684136148790474,0.039810717055349755,0.20841608216115287,10.0,one_minus_s_power,219,True,1453.0,1453.0,256,1000000
10000,10.0,0.4,0.14666810181288348,3.684136148790474,0.039810717055349755,0.20841608216115287,10.0,one_minus_s_power,220,True,16436.0,16436.0,256,1000000
10000,10.0,0.4,0.14666810181288348,3.684136148790474,0.039810717055349755,0.20841608216115287,10.0,one_minus_s_power,221,True,5016.0,5016.0,256,1000000
10000,10.0,0.4,0.14666810181288348,3.684136148790474,0.039810717055349755,0.20841608216115287,10.0,one_minus_s_power,222,True,22145.0,22145.0,256,1000000
10000,10.0,0.4,0.14666810181288348,3.684136148790474,0.039810717055349755,0.20841608216115287,10.0,one_minus_s_power,223,True,55951.0,55951.0,256,1000000
10000,10.0,0.4,0.14666810181288348,3.684136148790474,0.039810717055349755,0.20841608216115287,10.0,one_minus_s_power,224,True,12254.0,12254.0,256,1000000
10000,10.0,0.4,0.14666810181288348,3.684136148790474,0.039810717055349755,0.20841608216115287,10.0,one_minus_s_power,225,True,940.0,940.0,256,1000000
10000,10.0,0.4,0.14666810181288348,3.684136148790474,0.039810717055349755,0.20841608216115287,10.0,one_minus_s_power,226,True,2834.0,2834.0,256,1000000
10000,10.0,0.4,0.14666810181288348,3.684136148790474,0.039810717055349755,0.20841608216115287,10.0,one_minus_s_power,227,True,1030.0,1030.0,256,1000000
10000,10.0,0.4,0.14666810181288348,3.684136148790474,0.039810717055349755,0.20841608216115287,10.0,one_minus_s_power,228,True,36875.0,36875.0,256,1000000
10000,10.0,0.4,0.14666810181288348,3.684136148790474,0.039810717055349755,0.20841608216115287,10.0,one_minus_s_power,229,True,8305.0,8305.0,256,1000000
10000,10.0,0.4,0.14666810181288348,3.684136148790474,0.039810717055349755,0.20841608216115287,10.0,one_minus_s_power,230,True,107.0,107.0,256,1000000
10000,10.0,0.4,0.14666810181288348,3.684136148790474,0.039810717055349755,0.20841608216115287,10.0,one_minus_s_power,231,True,5855.0,5855.0,256,1000000
10000,10.0,0.4,0.14666810181288348,3.684136148790474,0.039810717055349755,0.20841608216115287,10.0,one_minus_s_power,232,True,11581.0,11581.0,256,1000000
10000,10.0,0.4,0.14666810181288348,3.684136148790474,0.039810717055349755,0.20841608216115287,10.0,one_minus_s_power,233,True,5861.0,5861.0,256,1000000
10000,10.0,0.4,0.14666810181288348,3.684136148790474,0.039810717055349755,0.20841608216115287,10.0,one_minus_s_power,234,True,30024.0,30024.0,256,1000000
10000,10.0,0.4,0.14666810181288348,3.684136148790474,0.039810717055349755,0.20841608216115287,10.0,one_minus_s_power,235,True,2545.0,2545.0,256,1000000
10000,10.0,0.4,0.14666810181288348,3.684136148790474,0.039810717055349755,0.20841608216115287,10.0,one_minus_s_power,236,True,10438.0,10438.0,256,1000000
10000,10.0,0.4,0.14666810181288348,3.684136148790474,0.039810717055349755,0.20841608216115287,10.0,one_minus_s_power,237,True,168.0,168.0,256,1000000
10000,10.0,0.4,0.14666810181288348,3.684136148790474,0.039810717055349755,0.20841608216115287,10.0,one_minus_s_power,238,True,19999.0,19999.0,256,1000000
10000,10.0,0.4,0.14666810181288348,3.684136148790474,0.039810717055349755,0.20841608216115287,10.0,one_minus_s_power,239,True,3539.0,3539.0,256,1000000
10000,10.0,0.4,0.14666810181288348,3.684136148790474,0.039810717055349755,0.20841608216115287,10.0,one_minus_s_power,240,True,18359.0,18359.0,256,1000000
10000,10.0,0.4,0.14666810181288348,3.684136148790474,0.039810717055349755,0.20841608216115287,10.0,one_minus_s_power,241,True,4630.0,4630.0,256,1000000
10000,10.0,0.4,0.14666810181288348,3.684136148790474,0.039810717055349755,0.20841608216115287,10.0,one_minus_s_power,242,True,6543.0,6543.0,256,1000000
10000,10.0,0.4,0.14666810181288348,3.684136148790474,0.039810717055349755,0.20841608216115287,10.0,one_minus_s_power,243,True,1096.0,1096.0,256,1000000
10000,10.0,0.4,0.14666810181288348,3.684136148790474,0.039810717055349755,0.20841608216115287,10.0,one_minus_s_power,244,True,16786.0,16786.0,256,1000000
10000,10.0,0.4,0.14666810181288348,3.684136148790474,0.039810717055349755,0.20841608216115287,10.0,one_minus_s_power,245,True,3630.0,3630.0,256,1000000
10000,10.0,0.4,0.14666810181288348,3.684136148790474,0.039810717055349755,0.20841608216115287,10.0,one_minus_s_power,246,True,18428.0,18428.0,256,1000000
10000,10.0,0.4,0.14666810181288348,3.684136148790474,0.039810717055349755,0.20841608216115287,10.0,one_minus_s_power,247,True,27114.0,27114.0,256,1000000
10000,10.0,0.4,0.14666810181288348,3.684136148790474,0.039810717055349755,0.20841608216115287,10.0,one_minus_s_power,248,True,6403.0,6403.0,256,1000000
10000,10.0,0.4,0.14666810181288348,3.684136148790474,0.039810717055349755,0.20841608216115287,10.0,one_minus_s_power,249,True,1739.0,1739.0,256,1000000
10000,10.0,0.4,0.14666810181288348,3.684136148790474,0.039810717055349755,0.20841608216115287,10.0,one_minus_s_power,250,True,8631.0,8631.0,256,1000000
10000,10.0,0.4,0.14666810181288348,3.684136148790474,0.039810717055349755,0.20841608216115287,10.0,one_minus_s_power,251,True,33618.0,33618.0,256,1000000
10000,10.0,0.4,0.14666810181288348,3.684136148790474,0.039810717055349755,0.20841608216115287,10.0,one_minus_s_power,252,True,1610.0,1610.0,256,1000000
10000,10.0,0.4,0.14666810181288348,3.684136148790474,0.039810717055349755,0.20841608216115287,10.0,one_minus_s_power,253,True,20895.0,20895.0,256,1000000
10000,10.0,0.4,0.14666810181288348,3.684136148790474,0.039810717055349755,0.20841608216115287,10.0,one_minus_s_power,254,True,12222.0,12222.0,256,1000000
10000,10.0,0.4,0.14666810181288348,3.684136148790474,0.039810717055349755,0.20841608216115287,10.0,one_minus_s_power,255,True,2492.0,2492.0,256,1000000
10000,10.0,0.4,0.14666810181288348,3.684136148790474,0.039810717055349755,0.20841608216115287,10.0,one_minus_s_power,256,True,7603.0,7603.0,256,1000000
10000,10.0,0.4,0.14666810181288348,3.684136148790474,0.039810717055349755,0.20841608216115287,10.0,one_minus_s_power,257,True,742.0,742.0,256,1000000
10000,10.0,0.4,0.14666810181288348,3.684136148790474,0.039810717055349755,0.20841608216115287,10.0,one_minus_s_power,258,True,31497.0,31497.0,256,1000000
10000,10.0,0.4,0.14666810181288348,3.684136148790474,0.039810717055349755,0.20841608216115287,10.0,one_minus_s_power,259,True,20901.0,20901.0,256,1000000
10000,10.0,0.4,0.14666810181288348,3.684136148790474,0.039810717055349755,0.20841608216115287,10.0,one_minus_s_power,260,True,5549.0,5549.0,256,1000000
10000,10.0,0.4,0.14666810181288348,3.684136148790474,0.039810717055349755,0.20841608216115287,10.0,one_minus_s_power,261,True,4712.0,4712.0,256,1000000
10000,10.0,0.4,0.14666810181288348,3.684136148790474,0.039810717055349755,0.20841608216115287,10.0,one_minus_s_power,262,True,2647.0,2647.0,256,1000000
10000,10.0,0.4,0.14666810181288348,3.684136148790474,0.039810717055349755,0.20841608216115287,10.0,one_minus_s_power,263,True,22666.0,22666.0,256,1000000
10000,10.0,0.4,0.14666810181288348,3.684136148790474,0.039810717055349755,0.20841608216115287,10.0,one_minus_s_power,264,True,16731.0,16731.0,256,1000000
10000,10.0,0.4,0.14666810181288348,3.684136148790474,0.039810717055349755,0.20841608216115287,10.0,one_minus_s_power,265,True,6055.0,6055.0,256,1000000
10000,10.0,0.4,0.14666810181288348,3.684136148790474,0.039810717055349755,0.20841608216115287,10.0,one_minus_s_power,266,True,8636.0,8636.0,256,1000000
10000,10.0,0.4,0.14666810181288348,3.684136148790474,0.039810717055349755,0.20841608216115287,10.0,one_minus_s_power,267,True,19280.0,19280.0,256,1000000
10000,10.0,0.4,0.14666810181288348,3.684136148790474,0.039810717055349755,0.20841608216115287,10.0,one_minus_s_power,268,True,5773.0,5773.0,256,1000000
10000,10.0,0.4,0.14666810181288348,3.684136148790474,0.039810717055349755,0.20841608216115287,10.0,one_minus_s_power,269,True,3555.0,3555.0,256,1000000
10000,10.0,0.4,0.14666810181288348,3.684136148790474,0.039810717055349755,0.20841608216115287,10.0,one_minus_s_power,270,True,5086.0,5086.0,256,1000000
10000,10.0,0.4,0.14666810181288348,3.684136148790474,0.039810717055349755,0.20841608216115287,10.0,one_minus_s_power,271,True,2021.0,2021.0,256,1000000
10000,10.0,0.4,0.14666810181288348,3.684136148790474,0.039810717055349755,0.20841608216115287,10.0,one_minus_s_power,272,True,7651.0,7651.0,256,1000000
10000,10.0,0.4,0.14666810181288348,3.684136148790474,0.039810717055349755,0.20841608216115287,10.0,one_minus_s_power,273,True,20646.0,20646.0,256,1000000
10000,10.0,0.4,0.14666810181288348,3.684136148790474,0.039810717055349755,0.20841608216115287,10.0,one_minus_s_power,274,True,54755.0,54755.0,256,1000000
10000,10.0,0.4,0.14666810181288348,3.684136148790474,0.039810717055349755,0.20841608216115287,10.0,one_minus_s_power,275,True,12296.0,12296.0,256,1000000
10000,10.0,0.4,0.14666810181288348,3.684136148790474,0.039810717055349755,0.20841608216115287,10.0,one_minus_s_power,276,True,249.0,249.0,256,1000000
10000,10.0,0.4,0.14666810181288348,3.684136148790474,0.039810717055349755,0.20841608216115287,10.0,one_minus_s_power,277,True,257.0,257.0,256,1000000
10000,10.0,0.4,0.14666810181288348,3.684136148790474,0.039810717055349755,0.20841608216115287,10.0,one_minus_s_power,278,True,2822.0,2822.0,256,1000000
10000,10.0,0.4,0.14666810181288348,3.684136148790474,0.039810717055349755,0.20841608216115287,10.0,one_minus_s_power,279,True,11175.0,11175.0,256,1000000
10000,10.0,0.4,0.14666810181288348,3.684136148790474,0.039810717055349755,0.20841608216115287,10.0,one_minus_s_power,280,True,23210.0,23210.0,256,1000000
10000,10.0,0.4,0.14666810181288348,3.684136148790474,0.039810717055349755,0.20841608216115287,10.0,one_minus_s_power,281,True,1397.0,1397.0,256,1000000
10000,10.0,0.4,0.14666810181288348,3.684136148790474,0.039810717055349755,0.20841608216115287,10.0,one_minus_s_power,282,True,11157.0,11157.0,256,1000000
10000,10.0,0.4,0.14666810181288348,3.684136148790474,0.039810717055349755,0.20841608216115287,10.0,one_minus_s_power,283,True,6497.0,6497.0,256,1000000
10000,10.0,0.4,0.14666810181288348,3.684136148790474,0.039810717055349755,0.20841608216115287,10.0,one_minus_s_power,284,True,750.0,750.0,256,1000000
10000,10.0,0.4,0.14666810181288348,3.684136148790474,0.039810717055349755,0.20841608216115287,10.0,one_minus_s_power,285,True,26643.0,26643.0,256,1000000
10000,10.0,0.4,0.14666810181288348,3.684136148790474,0.039810717055349755,0.20841608216115287,10.0,one_minus_s_power,286,True,57001.0,57001.0,256,1000000
10000,10.0,0.4,0.14666810181288348,3.684136148790474,0.039810717055349755,0.20841608216115287,10.0,one_minus_s_power,287,True,2423.0,2423.0,256,1000000
10000,10.0,0.4,0.14666810181288348,3.684136148790474,0.039810717055349755,0.20841608216115287,10.0,one_minus_s_power,288,True,4894.0,4894.0,256,1000000
10000,10.0,0.4,0.14666810181288348,3.684136148790474,0.039810717055349755,0.20841608216115287,10.0,one_minus_s_power,289,True,1348.0,1348.0,256,1000000
10000,10.0,0.4,0.14666810181288348,3.684136148790474,0.039810717055349755,0.20841608216115287,10.0,one_minus_s_power,290,True,9502.0,9502.0,256,1000000
10000,10.0,0.4,0.14666810181288348,3.684136148790474,0.039810717055349755,0.20841608216115287,10.0,one_minus_s_power,291,True,7161.0,7161.0,256,1000000
10000,10.0,0.4,0.14666810181288348,3.684136148790474,0.039810717055349755,0.20841608216115287,10.0,one_minus_s_power,292,True,12867.0,12867.0,256,1000000
10000,10.0,0.4,0.14666810181288348,3.684136148790474,0.039810717055349755,0.20841608216115287,10.0,one_minus_s_power,293,True,35828.0,35828.0,256,1000000
10000,10.0,0.4,0.14666810181288348,3.684136148790474,0.039810717055349755,0.20841608216115287,10.0,one_minus_s_power,294,True,7844.0,7844.0,256,1000000
10000,10.0,0.4,0.14666810181288348,3.684136148790474,0.039810717055349755,0.20841608216115287,10.0,one_minus_s_power,295,True,11234.0,11234.0,256,1000000
10000,10.0,0.4,0.14666810181288348,3.684136148790474,0.039810717055349755,0.20841608216115287,10.0,one_minus_s_power,296,True,2454.0,2454.0,256,1000000
10000,10.0,0.4,0.14666810181288348,3.684136148790474,0.039810717055349755,0.20841608216115287,10.0,one_minus_s_power,297,True,9885.0,9885.0,256,1000000
10000,10.0,0.4,0.14666810181288348,3.684136148790474,0.039810717055349755,0.20841608216115287,10.0,one_minus_s_power,298,True,15748.0,15748.0,256,1000000
10000,10.0,0.4,0.14666810181288348,3.684136148790474,0.039810717055349755,0.20841608216115287,10.0,one_minus_s_power,299,True,11758.0,11758.0,256,1000000
10000,10.0,0.4,0.14666810181288348,3.684136148790474,0.039810717055349755,0.20841608216115287,10.0,one_minus_s_power,300,True,6956.0,6956.0,256,1000000
10000,10.0,0.4,0.14666810181288348,3.684136148790474,0.039810717055349755,0.20841608216115287,10.0,one_minus_s_power,301,True,22682.0,22682.0,256,1000000
10000,10.0,0.4,0.14666810181288348,3.684136148790474,0.039810717055349755,0.20841608216115287,10.0,one_minus_s_power,302,True,27387.0,27387.0,256,1000000
10000,10.0,0.4,0.14666810181288348,3.684136148790474,0.039810717055349755,0.20841608216115287,10.0,one_minus_s_power,303,True,4235.0,4235.0,256,1000000
10000,10.0,0.4,0.14666810181288348,3.684136148790474,0.039810717055349755,0.20841608216115287,10.0,one_minus_s_power,304,True,15932.0,15932.0,256,1000000
10000,10.0,0.4,0.14666810181288348,3.684136148790474,0.039810717055349755,0.20841608216115287,10.0,one_minus_s_power,305,True,8823.0,8823.0,256,1000000
10000,10.0,0.4,0.14666810181288348,3.684136148790474,0.039810717055349755,0.20841608216115287,10.0,one_minus_s_power,306,True,3161.0,3161.0,256,1000000
10000,10.0,0.4,0.14666810181288348,3.684136148790474,0.039810717055349755,0.20841608216115287,10.0,one_minus_s_power,307,True,63598.0,63598.0,256,1000000
10000,10.0,0.4,0.14666810181288348,3.684136148790474,0.039810717055349755,0.20841608216115287,10.0,one_minus_s_power,308,True,9159.0,9159.0,256,1000000
10000,10.0,0.4,0.14666810181288348,3.684136148790474,0.039810717055349755,0.20841608216115287,10.0,one_minus_s_power,309,True,19237.0,19237.0,256,1000000
10000,10.0,0.4,0.14666810181288348,3.684136148790474,0.039810717055349755,0.20841608216115287,10.0,one_minus_s_power,310,True,18642.0,18642.0,256,1000000
10000,10.0,0.4,0.14666810181288348,3.684136148790474,0.039810717055349755,0.20841608216115287,10.0,one_minus_s_power,311,True,13509.0,13509.0,256,1000000
10000,10.0,0.4,0.14666810181288348,3.684136148790474,0.039810717055349755,0.20841608216115287,10.0,one_minus_s_power,312,True,6223.0,6223.0,256,1000000
10000,10.0,0.4,0.14666810181288348,3.684136148790474,0.039810717055349755,0.20841608216115287,10.0,one_minus_s_power,313,True,7132.0,7132.0,256,1000000
10000,10.0,0.4,0.14666810181288348,3.684136148790474,0.039810717055349755,0.20841608216115287,10.0,one_minus_s_power,314,True,26650.0,26650.0,256,1000000
10000,10.0,0.4,0.14666810181288348,3.684136148790474,0.039810717055349755,0.20841608216115287,10.0,one_minus_s_power,315,True,24070.0,24070.0,256,1000000
10000,10.0,0.4,0.14666810181288348,3.684136148790474,0.039810717055349755,0.20841608216115287,10.0,one_minus_s_power,316,True,11830.0,11830.0,256,1000000
10000,10.0,0.4,0.14666810181288348,3.684136148790474,0.039810717055349755,0.20841608216115287,10.0,one_minus_s_power,317,True,8909.0,8909.0,256,1000000
10000,10.0,0.4,0.14666810181288348,3.684136148790474,0.039810717055349755,0.20841608216115287,10.0,one_minus_s_power,318,True,24850.0,24850.0,256,1000000
10000,10.0,0.4,0.14666810181288348,3.684136148790474,0.039810717055349755,0.20841608216115287,10.0,one_minus_s_power,319,True,11941.0,11941.0,256,1000000
10000,10.0,0.4,0.14666810181288348,3.684136148790474,0.039810717055349755,0.20841608216115287,10.0,one_minus_s_power,320,True,37570.0,37570.0,256,1000000
10000,10.0,0.4,0.14666810181288348,3.684136148790474,0.039810717055349755,0.20841608216115287,10.0,one_minus_s_power,321,True,20316.0,20316.0,256,1000000
10000,10.0,0.4,0.14666810181288348,3.684136148790474,0.039810717055349755,0.20841608216115287,10.0,one_minus_s_power,322,True,3877.0,3877.0,256,1000000
10000,10.0,0.4,0.14666810181288348,3.684136148790474,0.039810717055349755,0.20841608216115287,10.0,one_minus_s_power,323,True,11918.0,11918.0,256,1000000
10000,10.0,0.4,0.14666810181288348,3.684136148790474,0.039810717055349755,0.20841608216115287,10.0,one_minus_s_power,324,True,2134.0,2134.0,256,1000000
10000,10.0,0.4,0.14666810181288348,3.684136148790474,0.039810717055349755,0.20841608216115287,10.0,one_minus_s_power,325,True,6800.0,6800.0,256,1000000
10000,10.0,0.4,0.14666810181288348,3.684136148790474,0.039810717055349755,0.20841608216115287,10.0,one_minus_s_power,326,True,9655.0,9655.0,256,1000000
10000,10.0,0.4,0.14666810181288348,3.684136148790474,0.039810717055349755,0.20841608216115287,10.0,one_minus_s_power,327,True,24064.0,24064.0,256,1000000
10000,10.0,0.4,0.14666810181288348,3.684136148790474,0.039810717055349755,0.20841608216115287,10.0,one_minus_s_power,328,True,10717.0,10717.0,256,1000000
10000,10.0,0.4,0.14666810181288348,3.684136148790474,0.039810717055349755,0.20841608216115287,10.0,one_minus_s_power,329,True,21828.0,21828.0,256,1000000
10000,10.0,0.4,0.14666810181288348,3.684136148790474,0.039810717055349755,0.20841608216115287,10.0,one_minus_s_power,330,True,8140.0,8140.0,256,1000000
10000,10.0,0.4,0.14666810181288348,3.684136148790474,0.039810717055349755,0.20841608216115287,10.0,one_minus_s_power,331,True,16344.0,16344.0,256,1000000
10000,10.0,0.4,0.14666810181288348,3.684136148790474,0.039810717055349755,0.20841608216115287,10.0,one_minus_s_power,332,True,8864.0,8864.0,256,1000000
10000,10.0,0.4,0.14666810181288348,3.684136148790474,0.039810717055349755,0.20841608216115287,10.0,one_minus_s_power,333,True,15640.0,15640.0,256,1000000
10000,10.0,0.4,0.14666810181288348,3.684136148790474,0.039810717055349755,0.20841608216115287,10.0,one_minus_s_power,334,True,4883.0,4883.0,256,1000000
10000,10.0,0.4,0.14666810181288348,3.684136148790474,0.039810717055349755,0.20841608216115287,10.0,one_minus_s_power,335,True,35927.0,35927.0,256,1000000
10000,10.0,0.4,0.14666810181288348,3.684136148790474,0.039810717055349755,0.20841608216115287,10.0,one_minus_s_power,336,True,21573.0,21573.0,256,1000000
10000,10.0,0.4,0.14666810181288348,3.684136148790474,0.039810717055349755,0.20841608216115287,10.0,one_minus_s_power,337,True,5181.0,5181.0,256,1000000
10000,10.0,0.4,0.14666810181288348,3.684136148790474,0.039810717055349755,0.20841608216115287,10.0,one_minus_s_power,338,True,5077.0,5077.0,256,1000000
10000,10.0,0.4,0.14666810181288348,3.684136148790474,0.039810717055349755,0.20841608216115287,10.0,one_minus_s_power,339,True,3451.0,3451.0,256,1000000
10000,10.0,0.4,0.14666810181288348,3.684136148790474,0.039810717055349755,0.20841608216115287,10.0,one_minus_s_power,340,True,14741.0,14741.0,256,1000000
10000,10.0,0.4,0.14666810181288348,3.684136148790474,0.039810717055349755,0.20841608216115287,10.0,one_minus_s_power,341,True,21517.0,21517.0,256,1000000
10000,10.0,0.4,0.14666810181288348,3.684136148790474,0.039810717055349755,0.20841608216115287,10.0,one_minus_s_power,342,True,7197.0,7197.0,256,1000000
10000,10.0,0.4,0.14666810181288348,3.684136148790474,0.039810717055349755,0.20841608216115287,10.0,one_minus_s_power,343,True,15950.0,15950.0,256,1000000
10000,10.0,0.4,0.14666810181288348,3.684136148790474,0.039810717055349755,0.20841608216115287,10.0,one_minus_s_power,344,True,4559.0,4559.0,256,1000000
10000,10.0,0.4,0.14666810181288348,3.684136148790474,0.039810717055349755,0.20841608216115287,10.0,one_minus_s_power,345,True,4008.0,4008.0,256,1000000
10000,10.0,0.4,0.14666810181288348,3.684136148790474,0.039810717055349755,0.20841608216115287,10.0,one_minus_s_power,346,True,48054.0,48054.0,256,1000000
10000,10.0,0.4,0.14666810181288348,3.684136148790474,0.039810717055349755,0.20841608216115287,10.0,one_minus_s_power,347,True,29282.0,29282.0,256,1000000
10000,10.0,0.4,0.14666810181288348,3.684136148790474,0.039810717055349755,0.20841608216115287,10.0,one_minus_s_power,348,True,3482.0,3482.0,256,1000000
10000,10.0,0.4,0.14666810181288348,3.684136148790474,0.039810717055349755,0.20841608216115287,10.0,one_minus_s_power,349,True,3330.0,3330.0,256,1000000
10000,10.0,0.4,0.14666810181288348,3.684136148790474,0.039810717055349755,0.20841608216115287,10.0,one_minus_s_power,350,True,14640.0,14640.0,256,1000000
10000,10.0,0.4,0.14666810181288348,3.684136148790474,0.039810717055349755,0.20841608216115287,10.0,one_minus_s_power,351,True,9806.0,9806.0,256,1000000
10000,10.0,0.4,0.14666810181288348,3.684136148790474,0.039810717055349755,0.20841608216115287,10.0,one_minus_s_power,352,True,689.0,689.0,256,1000000
10000,10.0,0.4,0.14666810181288348,3.684136148790474,0.039810717055349755,0.20841608216115287,10.0,one_minus_s_power,353,True,9484.0,9484.0,256,1000000
10000,10.0,0.4,0.14666810181288348,3.684136148790474,0.039810717055349755,0.20841608216115287,10.0,one_minus_s_power,354,True,3822.0,3822.0,256,1000000
10000,10.0,0.4,0.14666810181288348,3.684136148790474,0.039810717055349755,0.20841608216115287,10.0,one_minus_s_power,355,True,15060.0,15060.0,256,1000000
10000,10.0,0.4,0.14666810181288348,3.684136148790474,0.039810717055349755,0.20841608216115287,10.0,one_minus_s_power,356,True,549.0,549.0,256,1000000
10000,10.0,0.4,0.14666810181288348,3.684136148790474,0.039810717055349755,0.20841608216115287,10.0,one_minus_s_power,357,True,21472.0,21472.0,256,1000000
10000,10.0,0.4,0.14666810181288348,3.684136148790474,0.039810717055349755,0.20841608216115287,10.0,one_minus_s_power,358,True,18779.0,18779.0,256,1000000
10000,10.0,0.4,0.14666810181288348,3.684136148790474,0.039810717055349755,0.20841608216115287,10.0,one_minus_s_power,359,True,2813.0,2813.0,256,1000000
10000,10.0,0.4,0.14666810181288348,3.684136148790474,0.039810717055349755,0.20841608216115287,10.0,one_minus_s_power,360,True,8648.0,8648.0,256,1000000
10000,10.0,0.4,0.14666810181288348,3.684136148790474,0.039810717055349755,0.20841608216115287,10.0,one_minus_s_power,361,True,830.0,830.0,256,1000000
10000,10.0,0.4,0.14666810181288348,3.684136148790474,0.039810717055349755,0.20841608216115287,10.0,one_minus_s_power,362,True,10845.0,10845.0,256,1000000
10000,10.0,0.4,0.14666810181288348,3.684136148790474,0.039810717055349755,0.20841608216115287,10.0,one_minus_s_power,363,True,1339.0,1339.0,256,1000000
10000,10.0,0.4,0.14666810181288348,3.684136148790474,0.039810717055349755,0.20841608216115287,10.0,one_minus_s_power,364,True,21056.0,21056.0,256,1000000
10000,10.0,0.4,0.14666810181288348,3.684136148790474,0.039810717055349755,0.20841608216115287,10.0,one_minus_s_power,365,True,7303.0,7303.0,256,1000000
10000,10.0,0.4,0.14666810181288348,3.684136148790474,0.039810717055349755,0.20841608216115287,10.0,one_minus_s_power,366,True,3454.0,3454.0,256,1000000
10000,10.0,0.4,0.14666810181288348,3.684136148790474,0.039810717055349755,0.20841608216115287,10.0,one_minus_s_power,367,True,1800.0,1800.0,256,1000000
10000,10.0,0.4,0.14666810181288348,3.684136148790474,0.039810717055349755,0.20841608216115287,10.0,one_minus_s_power,368,True,3317.0,3317.0,256,1000000
10000,10.0,0.4,0.14666810181288348,3.684136148790474,0.039810717055349755,0.20841608216115287,10.0,one_minus_s_power,369,True,7049.0,7049.0,256,1000000
10000,10.0,0.4,0.14666810181288348,3.684136148790474,0.039810717055349755,0.20841608216115287,10.0,one_minus_s_power,370,True,10768.0,10768.0,256,1000000
10000,10.0,0.4,0.14666810181288348,3.684136148790474,0.039810717055349755,0.20841608216115287,10.0,one_minus_s_power,371,True,34728.0,34728.0,256,1000000
10000,10.0,0.4,0.14666810181288348,3.684136148790474,0.039810717055349755,0.20841608216115287,10.0,one_minus_s_power,372,True,8148.0,8148.0,256,1000000
10000,10.0,0.4,0.14666810181288348,3.684136148790474,0.039810717055349755,0.20841608216115287,10.0,one_minus_s_power,373,True,57333.0,57333.0,256,1000000
10000,10.0,0.4,0.14666810181288348,3.684136148790474,0.039810717055349755,0.20841608216115287,10.0,one_minus_s_power,374,True,20259.0,20259.0,256,1000000
10000,10.0,0.4,0.14666810181288348,3.684136148790474,0.039810717055349755,0.20841608216115287,10.0,one_minus_s_power,375,True,3685.0,3685.0,256,1000000
10000,10.0,0.4,0.14666810181288348,3.684136148790474,0.039810717055349755,0.20841608216115287,10.0,one_minus_s_power,376,True,31707.0,31707.0,256,1000000
10000,10.0,0.4,0.14666810181288348,3.684136148790474,0.039810717055349755,0.20841608216115287,10.0,one_minus_s_power,377,True,1656.0,1656.0,256,1000000
10000,10.0,0.4,0.14666810181288348,3.684136148790474,0.039810717055349755,0.20841608216115287,10.0,one_minus_s_power,378,True,9004.0,9004.0,256,1000000
10000,10.0,0.4,0.14666810181288348,3.684136148790474,0.039810717055349755,0.20841608216115287,10.0,one_minus_s_power,379,True,3690.0,3690.0,256,1000000
10000,10.0,0.4,0.14666810181288348,3.684136148790474,0.039810717055349755,0.20841608216115287,10.0,one_minus_s_power,380,True,9201.0,9201.0,256,1000000
10000,10.0,0.4,0.14666810181288348,3.684136148790474,0.039810717055349755,0.20841608216115287,10.0,one_minus_s_power,381,True,347.0,347.0,256,1000000
10000,10.0,0.4,0.14666810181288348,3.684136148790474,0.039810717055349755,0.20841608216115287,10.0,one_minus_s_power,382,True,36116.0,36116.0,256,1000000
10000,10.0,0.4,0.14666810181288348,3.684136148790474,0.039810717055349755,0.20841608216115287,10.0,one_minus_s_power,383,True,2315.0,2315.0,256,1000000
10000,10.0,0.4,0.14666810181288348,3.684136148790474,0.039810717055349755,0.20841608216115287,10.0,one_minus_s_power,384,True,4636.0,4636.0,256,1000000
10000,10.0,0.4,0.14666810181288348,3.684136148790474,0.039810717055349755,0.20841608216115287,10.0,one_minus_s_power,385,True,27968.0,27968.0,256,1000000
10000,10.0,0.4,0.14666810181288348,3.684136148790474,0.039810717055349755,0.20841608216115287,10.0,one_minus_s_power,386,True,2209.0,2209.0,256,1000000
10000,10.0,0.4,0.14666810181288348,3.684136148790474,0.039810717055349755,0.20841608216115287,10.0,one_minus_s_power,387,True,13045.0,13045.0,256,1000000
10000,10.0,0.4,0.14666810181288348,3.684136148790474,0.039810717055349755,0.20841608216115287,10.0,one_minus_s_power,388,True,35697.0,35697.0,256,1000000
10000,10.0,0.4,0.14666810181288348,3.684136148790474,0.039810717055349755,0.20841608216115287,10.0,one_minus_s_power,389,True,496.0,496.0,256,1000000
10000,10.0,0.4,0.14666810181288348,3.684136148790474,0.039810717055349755,0.20841608216115287,10.0,one_minus_s_power,390,True,22679.0,22679.0,256,1000000
10000,10.0,0.4,0.14666810181288348,3.684136148790474,0.039810717055349755,0.20841608216115287,10.0,one_minus_s_power,391,True,28926.0,28926.0,256,1000000
10000,10.0,0.4,0.14666810181288348,3.684136148790474,0.039810717055349755,0.20841608216115287,10.0,one_minus_s_power,392,True,2522.0,2522.0,256,1000000
10000,10.0,0.4,0.14666810181288348,3.684136148790474,0.039810717055349755,0.20841608216115287,10.0,one_minus_s_power,393,True,1076.0,1076.0,256,1000000
10000,10.0,0.4,0.14666810181288348,3.684136148790474,0.039810717055349755,0.20841608216115287,10.0,one_minus_s_power,394,True,40749.0,40749.0,256,1000000
10000,10.0,0.4,0.14666810181288348,3.684136148790474,0.039810717055349755,0.20841608216115287,10.0,one_minus_s_power,395,True,15298.0,15298.0,256,1000000
10000,10.0,0.4,0.14666810181288348,3.684136148790474,0.039810717055349755,0.20841608216115287,10.0,one_minus_s_power,396,True,34665.0,34665.0,256,1000000
10000,10.0,0.4,0.14666810181288348,3.684136148790474,0.039810717055349755,0.20841608216115287,10.0,one_minus_s_power,397,True,8449.0,8449.0,256,1000000
10000,10.0,0.4,0.14666810181288348,3.684136148790474,0.039810717055349755,0.20841608216115287,10.0,one_minus_s_power,398,True,32079.0,32079.0,256,1000000
10000,10.0,0.4,0.14666810181288348,3.684136148790474,0.039810717055349755,0.20841608216115287,10.0,one_minus_s_power,399,True,340.0,340.0,256,1000000
10000,10.0,0.4,0.14666810181288348,3.684136148790474,0.039810717055349755,0.20841608216115287,10.0,one_minus_s_power,400,True,78562.0,78562.0,256,1000000
10000,10.0,0.4,0.14666810181288348,3.684136148790474,0.039810717055349755,0.20841608216115287,10.0,one_minus_s_power,401,True,14208.0,14208.0,256,1000000
10000,10.0,0.4,0.14666810181288348,3.684136148790474,0.039810717055349755,0.20841608216115287,10.0,one_minus_s_power,402,True,873.0,873.0,256,1000000
10000,10.0,0.4,0.14666810181288348,3.684136148790474,0.039810717055349755,0.20841608216115287,10.0,one_minus_s_power,403,True,15343.0,15343.0,256,1000000
10000,10.0,0.4,0.14666810181288348,3.684136148790474,0.039810717055349755,0.20841608216115287,10.0,one_minus_s_power,404,True,10130.0,10130.0,256,1000000
10000,10.0,0.4,0.14666810181288348,3.684136148790474,0.039810717055349755,0.20841608216115287,10.0,one_minus_s_power,405,True,9958.0,9958.0,256,1000000
10000,10.0,0.4,0.14666810181288348,3.684136148790474,0.039810717055349755,0.20841608216115287,10.0,one_minus_s_power,406,True,7903.0,7903.0,256,1000000
10000,10.0,0.4,0.14666810181288348,3.684136148790474,0.039810717055349755,0.20841608216115287,10.0,one_minus_s_power,407,True,1055.0,1055.0,256,1000000
10000,10.0,0.4,0.14666810181288348,3.684136148790474,0.039810717055349755,0.20841608216115287,10.0,one_minus_s_power,408,True,26037.0,26037.0,256,1000000
10000,10.0,0.4,0.14666810181288348,3.684136148790474,0.039810717055349755,0.20841608216115287,10.0,one_minus_s_power,409,True,3396.0,3396.0,256,1000000
10000,10.0,0.4,0.14666810181288348,3.684136148790474,0.039810717055349755,0.20841608216115287,10.0,one_minus_s_power,410,True,2844.0,2844.0,256,1000000
10000,10.0,0.4,0.14666810181288348,3.684136148790474,0.039810717055349755,0.20841608216115287,10.0,one_minus_s_power,411,True,17587.0,17587.0,256,1000000
10000,10.0,0.4,0.14666810181288348,3.684136148790474,0.039810717055349755,0.20841608216115287,10.0,one_minus_s_power,412,True,11063.0,11063.0,256,1000000
10000,10.0,0.4,0.14666810181288348,3.684136148790474,0.039810717055349755,0.20841608216115287,10.0,one_minus_s_power,413,True,11268.0,11268.0,256,1000000
10000,10.0,0.4,0.14666810181288348,3.684136148790474,0.039810717055349755,0.20841608216115287,10.0,one_minus_s_power,414,True,10966.0,10966.0,256,1000000
10000,10.0,0.4,0.14666810181288348,3.684136148790474,0.039810717055349755,0.20841608216115287,10.0,one_minus_s_power,415,True,704.0,704.0,256,1000000
10000,10.0,0.4,0.14666810181288348,3.684136148790474,0.039810717055349755,0.20841608216115287,10.0,one_minus_s_power,416,True,38567.0,38567.0,256,1000000
10000,10.0,0.4,0.14666810181288348,3.684136148790474,0.039810717055349755,0.20841608216115287,10.0,one_minus_s_power,417,True,10798.0,10798.0,256,1000000
10000,10.0,0.4,0.14666810181288348,3.684136148790474,0.039810717055349755,0.20841608216115287,10.0,one_minus_s_power,418,True,16761.0,16761.0,256,1000000
10000,10.0,0.4,0.14666810181288348,3.684136148790474,0.039810717055349755,0.20841608216115287,10.0,one_minus_s_power,419,True,18437.0,18437.0,256,1000000
10000,10.0,0.4,0.14666810181288348,3.684136148790474,0.039810717055349755,0.20841608216115287,10.0,one_minus_s_power,420,True,15710.0,15710.0,256,1000000
10000,10.0,0.4,0.14666810181288348,3.684136148790474,0.039810717055349755,0.20841608216115287,10.0,one_minus_s_power,421,True,46651.0,46651.0,256,1000000
10000,10.0,0.4,0.14666810181288348,3.684136148790474,0.039810717055349755,0.20841608216115287,10.0,one_minus_s_power,422,True,9291.0,9291.0,256,1000000
10000,10.0,0.4,0.14666810181288348,3.684136148790474,0.039810717055349755,0.20841608216115287,10.0,one_minus_s_power,423,True,11350.0,11350.0,256,1000000
10000,10.0,0.4,0.14666810181288348,3.684136148790474,0.039810717055349755,0.20841608216115287,10.0,one_minus_s_power,424,True,46254.0,46254.0,256,1000000
10000,10.0,0.4,0.14666810181288348,3.684136148790474,0.039810717055349755,0.20841608216115287,10.0,one_minus_s_power,425,True,15426.0,15426.0,256,1000000
10000,10.0,0.4,0.14666810181288348,3.684136148790474,0.039810717055349755,0.20841608216115287,10.0,one_minus_s_power,426,True,7325.0,7325.0,256,1000000
10000,10.0,0.4,0.14666810181288348,3.684136148790474,0.039810717055349755,0.20841608216115287,10.0,one_minus_s_power,427,True,1577.0,1577.0,256,1000000
10000,10.0,0.4,0.14666810181288348,3.684136148790474,0.039810717055349755,0.20841608216115287,10.0,one_minus_s_power,428,True,2339.0,2339.0,256,1000000
10000,10.0,0.4,0.14666810181288348,3.684136148790474,0.039810717055349755,0.20841608216115287,10.0,one_minus_s_power,429,True,11385.0,11385.0,256,1000000
10000,10.0,0.4,0.14666810181288348,3.684136148790474,0.039810717055349755,0.20841608216115287,10.0,one_minus_s_power,430,True,13335.0,13335.0,256,1000000
10000,10.0,0.4,0.14666810181288348,3.684136148790474,0.039810717055349755,0.20841608216115287,10.0,one_minus_s_power,431,True,18751.0,18751.0,256,1000000
10000,10.0,0.4,0.14666810181288348,3.684136148790474,0.039810717055349755,0.20841608216115287,10.0,one_minus_s_power,432,True,15686.0,15686.0,256,1000000
10000,10.0,0.4,0.14666810181288348,3.684136148790474,0.039810717055349755,0.20841608216115287,10.0,one_minus_s_power,433,True,11053.0,11053.0,256,1000000
10000,10.0,0.4,0.14666810181288348,3.684136148790474,0.039810717055349755,0.20841608216115287,10.0,one_minus_s_power,434,True,28908.0,28908.0,256,1000000
10000,10.0,0.4,0.14666810181288348,3.684136148790474,0.039810717055349755,0.20841608216115287,10.0,one_minus_s_power,435,True,3887.0,3887.0,256,1000000
10000,10.0,0.4,0.14666810181288348,3.684136148790474,0.039810717055349755,0.20841608216115287,10.0,one_minus_s_power,436,True,2775.0,2775.0,256,1000000
10000,10.0,0.4,0.14666810181288348,3.684136148790474,0.039810717055349755,0.20841608216115287,10.0,one_minus_s_power,437,True,11189.0,11189.0,256,1000000
10000,10.0,0.4,0.14666810181288348,3.684136148790474,0.039810717055349755,0.20841608216115287,10.0,one_minus_s_power,438,True,18141.0,18141.0,256,1000000
10000,10.0,0.4,0.14666810181288348,3.684136148790474,0.039810717055349755,0.20841608216115287,10.0,one_minus_s_power,439,True,4451.0,4451.0,256,1000000
10000,10.0,0.4,0.14666810181288348,3.684136148790474,0.039810717055349755,0.20841608216115287,10.0,one_minus_s_power,440,True,14974.0,14974.0,256,1000000
10000,10.0,0.4,0.14666810181288348,3.684136148790474,0.039810717055349755,0.20841608216115287,10.0,one_minus_s_power,441,True,6768.0,6768.0,256,1000000
10000,10.0,0.4,0.14666810181288348,3.684136148790474,0.039810717055349755,0.20841608216115287,10.0,one_minus_s_power,442,True,8543.0,8543.0,256,1000000
10000,10.0,0.4,0.14666810181288348,3.684136148790474,0.039810717055349755,0.20841608216115287,10.0,one_minus_s_power,443,True,124.0,124.0,256,1000000
10000,10.0,0.4,0.14666810181288348,3.684136148790474,0.039810717055349755,0.20841608216115287,10.0,one_minus_s_power,444,True,39862.0,39862.0,256,1000000
10000,10.0,0.4,0.14666810181288348,3.684136148790474,0.039810717055349755,0.20841608216115287,10.0,one_minus_s_power,445,True,9276.0,9276.0,256,1000000
10000,10.0,0.4,0.14666810181288348,3.684136148790474,0.039810717055349755,0.20841608216115287,10.0,one_minus_s_power,446,True,87.0,87.0,256,1000000
10000,10.0,0.4,0.14666810181288348,3.684136148790474,0.039810717055349755,0.20841608216115287,10.0,one_minus_s_power,447,True,27131.0,27131.0,256,1000000
10000,10.0,0.4,0.14666810181288348,3.684136148790474,0.039810717055349755,0.20841608216115287,10.0,one_minus_s_power,448,True,2791.0,2791.0,256,1000000
10000,10.0,0.4,0.14666810181288348,3.684136148790474,0.039810717055349755,0.20841608216115287,10.0,one_minus_s_power,449,True,5360.0,5360.0,256,1000000
10000,10.0,0.4,0.14666810181288348,3.684136148790474,0.039810717055349755,0.20841608216115287,10.0,one_minus_s_power,450,True,2908.0,2908.0,256,1000000
10000,10.0,0.4,0.14666810181288348,3.684136148790474,0.039810717055349755,0.20841608216115287,10.0,one_minus_s_power,451,True,8787.0,8787.0,256,1000000
10000,10.0,0.4,0.14666810181288348,3.684136148790474,0.039810717055349755,0.20841608216115287,10.0,one_minus_s_power,452,True,15707.0,15707.0,256,1000000
10000,10.0,0.4,0.14666810181288348,3.684136148790474,0.039810717055349755,0.20841608216115287,10.0,one_minus_s_power,453,True,21404.0,21404.0,256,1000000
10000,10.0,0.4,0.14666810181288348,3.684136148790474,0.039810717055349755,0.20841608216115287,10.0,one_minus_s_power,454,True,1108.0,1108.0,256,1000000
10000,10.0,0.4,0.14666810181288348,3.684136148790474,0.039810717055349755,0.20841608216115287,10.0,one_minus_s_power,455,True,13559.0,13559.0,256,1000000
10000,10.0,0.4,0.14666810181288348,3.684136148790474,0.039810717055349755,0.20841608216115287,10.0,one_minus_s_power,456,True,2520.0,2520.0,256,1000000
10000,10.0,0.4,0.14666810181288348,3.684136148790474,0.039810717055349755,0.20841608216115287,10.0,one_minus_s_power,457,True,3438.0,3438.0,256,1000000
10000,10.0,0.4,0.14666810181288348,3.684136148790474,0.039810717055349755,0.20841608216115287,10.0,one_minus_s_power,458,True,20971.0,20971.0,256,1000000
10000,10.0,0.4,0.14666810181288348,3.684136148790474,0.039810717055349755,0.20841608216115287,10.0,one_minus_s_power,459,True,28633.0,28633.0,256,1000000
10000,10.0,0.4,0.14666810181288348,3.684136148790474,0.039810717055349755,0.20841608216115287,10.0,one_minus_s_power,460,True,13863.0,13863.0,256,1000000
10000,10.0,0.4,0.14666810181288348,3.684136148790474,0.039810717055349755,0.20841608216115287,10.0,one_minus_s_power,461,True,14006.0,14006.0,256,1000000
10000,10.0,0.4,0.14666810181288348,3.684136148790474,0.039810717055349755,0.20841608216115287,10.0,one_minus_s_power,462,True,11278.0,11278.0,256,1000000
10000,10.0,0.4,0.14666810181288348,3.684136148790474,0.039810717055349755,0.20841608216115287,10.0,one_minus_s_power,463,True,22332.0,22332.0,256,1000000
10000,10.0,0.4,0.14666810181288348,3.684136148790474,0.039810717055349755,0.20841608216115287,10.0,one_minus_s_power,464,True,17744.0,17744.0,256,1000000
10000,10.0,0.4,0.14666810181288348,3.684136148790474,0.039810717055349755,0.20841608216115287,10.0,one_minus_s_power,465,True,29821.0,29821.0,256,1000000
10000,10.0,0.4,0.14666810181288348,3.684136148790474,0.039810717055349755,0.20841608216115287,10.0,one_minus_s_power,466,True,10076.0,10076.0,256,1000000
10000,10.0,0.4,0.14666810181288348,3.684136148790474,0.039810717055349755,0.20841608216115287,10.0,one_minus_s_power,467,True,10067.0,10067.0,256,1000000
10000,10.0,0.4,0.14666810181288348,3.684136148790474,0.039810717055349755,0.20841608216115287,10.0,one_minus_s_power,468,True,49130.0,49130.0,256,1000000
10000,10.0,0.4,0.14666810181288348,3.684136148790474,0.039810717055349755,0.20841608216115287,10.0,one_minus_s_power,469,True,13563.0,13563.0,256,1000000
10000,10.0,0.4,0.14666810181288348,3.684136148790474,0.039810717055349755,0.20841608216115287,10.0,one_minus_s_power,470,True,32268.0,32268.0,256,1000000
10000,10.0,0.4,0.14666810181288348,3.684136148790474,0.039810717055349755,0.20841608216115287,10.0,one_minus_s_power,471,True,16915.0,16915.0,256,1000000
10000,10.0,0.4,0.14666810181288348,3.684136148790474,0.039810717055349755,0.20841608216115287,10.0,one_minus_s_power,472,True,10244.0,10244.0,256,1000000
10000,10.0,0.4,0.14666810181288348,3.684136148790474,0.039810717055349755,0.20841608216115287,10.0,one_minus_s_power,473,True,20259.0,20259.0,256,1000000
10000,10.0,0.4,0.14666810181288348,3.684136148790474,0.039810717055349755,0.20841608216115287,10.0,one_minus_s_power,474,True,7030.0,7030.0,256,1000000
10000,10.0,0.4,0.14666810181288348,3.684136148790474,0.039810717055349755,0.20841608216115287,10.0,one_minus_s_power,475,True,11735.0,11735.0,256,1000000
10000,10.0,0.4,0.14666810181288348,3.684136148790474,0.039810717055349755,0.20841608216115287,10.0,one_minus_s_power,476,True,1231.0,1231.0,256,1000000
10000,10.0,0.4,0.14666810181288348,3.684136148790474,0.039810717055349755,0.20841608216115287,10.0,one_minus_s_power,477,True,7147.0,7147.0,256,1000000
10000,10.0,0.4,0.14666810181288348,3.684136148790474,0.039810717055349755,0.20841608216115287,10.0,one_minus_s_power,478,True,28995.0,28995.0,256,1000000
10000,10.0,0.4,0.14666810181288348,3.684136148790474,0.039810717055349755,0.20841608216115287,10.0,one_minus_s_power,479,True,677.0,677.0,256,1000000
10000,10.0,0.4,0.14666810181288348,3.684136148790474,0.039810717055349755,0.20841608216115287,10.0,one_minus_s_power,480,True,54839.0,54839.0,256,1000000
10000,10.0,0.4,0.14666810181288348,3.684136148790474,0.039810717055349755,0.20841608216115287,10.0,one_minus_s_power,481,True,15611.0,15611.0,256,1000000
10000,10.0,0.4,0.14666810181288348,3.684136148790474,0.039810717055349755,0.20841608216115287,10.0,one_minus_s_power,482,True,3505.0,3505.0,256,1000000
10000,10.0,0.4,0.14666810181288348,3.684136148790474,0.039810717055349755,0.20841608216115287,10.0,one_minus_s_power,483,True,3802.0,3802.0,256,1000000
10000,10.0,0.4,0.14666810181288348,3.684136148790474,0.039810717055349755,0.20841608216115287,10.0,one_minus_s_power,484,True,13115.0,13115.0,256,1000000
10000,10.0,0.4,0.14666810181288348,3.684136148790474,0.039810717055349755,0.20841608216115287,10.0,one_minus_s_power,485,True,11843.0,11843.0,256,1000000
10000,10.0,0.4,0.14666810181288348,3.684136148790474,0.039810717055349755,0.20841608216115287,10.0,one_minus_s_power,486,True,1565.0,1565.0,256,1000000
10000,10.0,0.4,0.14666810181288348,3.684136148790474,0.039810717055349755,0.20841608216115287,10.0,one_minus_s_power,487,True,818.0,818.0,256,1000000
10000,10.0,0.4,0.14666810181288348,3.684136148790474,0.039810717055349755,0.20841608216115287,10.0,one_minus_s_power,488,True,3510.0,3510.0,256,1000000
10000,10.0,0.4,0.14666810181288348,3.684136148790474,0.039810717055349755,0.20841608216115287,10.0,one_minus_s_power,489,True,4597.0,4597.0,256,1000000
10000,10.0,0.4,0.14666810181288348,3.684136148790474,0.039810717055349755,0.20841608216115287,10.0,one_minus_s_power,490,True,19974.0,19974.0,256,1000000
10000,10.0,0.4,0.14666810181288348,3.684136148790474,0.039810717055349755,0.20841608216115287,10.0,one_minus_s_power,491,True,59444.0,59444.0,256,1000000
10000,10.0,0.4,0.14666810181288348,3.684136148790474,0.039810717055349755,0.20841608216115287,10.0,one_minus_s_power,492,True,6546.0,6546.0,256,1000000
10000,10.0,0.4,0.14666810181288348,3.684136148790474,0.039810717055349755,0.20841608216115287,10.0,one_minus_s_power,493,True,529.0,529.0,256,1000000
10000,10.0,0.4,0.14666810181288348,3.684136148790474,0.039810717055349755,0.20841608216115287,10.0,one_minus_s_power,494,True,41940.0,41940.0,256,1000000
10000,10.0,0.4,0.14666810181288348,3.684136148790474,0.039810717055349755,0.20841608216115287,10.0,one_minus_s_power,495,True,2699.0,2699.0,256,1000000
10000,10.0,0.4,0.14666810181288348,3.684136148790474,0.039810717055349755,0.20841608216115287,10.0,one_minus_s_power,496,True,8516.0,8516.0,256,1000000
10000,10.0,0.4,0.14666810181288348,3.684136148790474,0.039810717055349755,0.20841608216115287,10.0,one_minus_s_power,497,True,2484.0,2484.0,256,1000000
10000,10.0,0.4,0.14666810181288348,3.684136148790474,0.039810717055349755,0.20841608216115287,10.0,one_minus_s_power,498,True,10648.0,10648.0,256,1000000
10000,10.0,0.4,0.14666810181288348,3.684136148790474,0.039810717055349755,0.20841608216115287,10.0,one_minus_s_power,499,True,3674.0,3674.0,256,1000000
10000,10.0,0.4,0.14666810181288348,3.684136148790474,0.039810717055349755,0.20841608216115287,10.0,one_minus_s_power,500,True,7737.0,7737.0,256,1000000
10000,10.0,0.4,0.14666810181288348,3.684136148790474,0.039810717055349755,0.20841608216115287,10.0,one_minus_s_power,501,True,8323.0,8323.0,256,1000000
10000,10.0,0.4,0.14666810181288348,3.684136148790474,0.039810717055349755,0.20841608216115287,10.0,one_minus_s_power,502,True,2574.0,2574.0,256,1000000
10000,10.0,0.4,0.14666810181288348,3.684136148790474,0.039810717055349755,0.20841608216115287,10.0,one_minus_s_power,503,True,18864.0,18864.0,256,1000000
10000,10.0,0.4,0.14666810181288348,3.684136148790474,0.039810717055349755,0.20841608216115287,10.0,one_minus_s_power,504,True,71396.0,71396.0,256,1000000
10000,10.0,0.4,0.14666810181288348,3.684136148790474,0.039810717055349755,0.20841608216115287,10.0,one_minus_s_power,505,True,11322.0,11322.0,256,1000000
10000,10.0,0.4,0.14666810181288348,3.684136148790474,0.039810717055349755,0.20841608216115287,10.0,one_minus_s_power,506,True,3093.0,3093.0,256,1000000
10000,10.0,0.4,0.14666810181288348,3.684136148790474,0.039810717055349755,0.20841608216115287,10.0,one_minus_s_power,507,True,11794.0,11794.0,256,1000000
10000,10.0,0.4,0.14666810181288348,3.684136148790474,0.039810717055349755,0.20841608216115287,10.0,one_minus_s_power,508,True,16154.0,16154.0,256,1000000
10000,10.0,0.4,0.14666810181288348,3.684136148790474,0.039810717055349755,0.20841608216115287,10.0,one_minus_s_power,509,True,17926.0,17926.0,256,1000000
10000,10.0,0.4,0.14666810181288348,3.684136148790474,0.039810717055349755,0.20841608216115287,10.0,one_minus_s_power,510,True,1819.0,1819.0,256,1000000
10000,10.0,0.4,0.14666810181288348,3.684136148790474,0.039810717055349755,0.20841608216115287,10.0,one_minus_s_power,511,True,756.0,756.0,256,1000000
10000,10.0,0.4,0.14666810181288348,3.684136148790474,0.039810717055349755,0.20841608216115287,10.0,one_minus_s_power,512,True,8466.0,8466.0,256,1000000
10000,10.0,0.4,0.14666810181288348,3.684136148790474,0.039810717055349755,0.20841608216115287,10.0,one_minus_s_power,513,True,3067.0,3067.0,256,1000000
10000,10.0,0.4,0.14666810181288348,3.684136148790474,0.039810717055349755,0.20841608216115287,10.0,one_minus_s_power,514,True,30273.0,30273.0,256,1000000
10000,10.0,0.4,0.14666810181288348,3.684136148790474,0.039810717055349755,0.20841608216115287,10.0,one_minus_s_power,515,True,10791.0,10791.0,256,1000000
10000,10.0,0.4,0.14666810181288348,3.684136148790474,0.039810717055349755,0.20841608216115287,10.0,one_minus_s_power,516,True,4599.0,4599.0,256,1000000
10000,10.0,0.4,0.14666810181288348,3.684136148790474,0.039810717055349755,0.20841608216115287,10.0,one_minus_s_power,517,True,8482.0,8482.0,256,1000000
10000,10.0,0.4,0.14666810181288348,3.684136148790474,0.039810717055349755,0.20841608216115287,10.0,one_minus_s_power,518,True,6621.0,6621.0,256,1000000
10000,10.0,0.4,0.14666810181288348,3.684136148790474,0.039810717055349755,0.20841608216115287,10.0,one_minus_s_power,519,True,1597.0,1597.0,256,1000000
10000,10.0,0.4,0.14666810181288348,3.684136148790474,0.039810717055349755,0.20841608216115287,10.0,one_minus_s_power,520,True,4292.0,4292.0,256,1000000
10000,10.0,0.4,0.14666810181288348,3.684136148790474,0.039810717055349755,0.20841608216115287,10.0,one_minus_s_power,521,True,29735.0,29735.0,256,1000000
10000,10.0,0.4,0.14666810181288348,3.684136148790474,0.039810717055349755,0.20841608216115287,10.0,one_minus_s_power,522,True,17351.0,17351.0,256,1000000
10000,10.0,0.4,0.14666810181288348,3.684136148790474,0.039810717055349755,0.20841608216115287,10.0,one_minus_s_power,523,True,9713.0,9713.0,256,1000000
10000,10.0,0.4,0.14666810181288348,3.684136148790474,0.039810717055349755,0.20841608216115287,10.0,one_minus_s_power,524,True,1013.0,1013.0,256,1000000
10000,10.0,0.4,0.14666810181288348,3.684136148790474,0.039810717055349755,0.20841608216115287,10.0,one_minus_s_power,525,True,496.0,496.0,256,1000000
10000,10.0,0.4,0.14666810181288348,3.684136148790474,0.039810717055349755,0.20841608216115287,10.0,one_minus_s_power,526,True,3613.0,3613.0,256,1000000
10000,10.0,0.4,0.14666810181288348,3.684136148790474,0.039810717055349755,0.20841608216115287,10.0,one_minus_s_power,527,True,4990.0,4990.0,256,1000000
10000,10.0,0.4,0.14666810181288348,3.684136148790474,0.039810717055349755,0.20841608216115287,10.0,one_minus_s_power,528,True,5736.0,5736.0,256,1000000
10000,10.0,0.4,0.14666810181288348,3.684136148790474,0.039810717055349755,0.20841608216115287,10.0,one_minus_s_power,529,True,10193.0,10193.0,256,1000000
10000,10.0,0.4,0.14666810181288348,3.684136148790474,0.039810717055349755,0.20841608216115287,10.0,one_minus_s_power,530,True,18336.0,18336.0,256,1000000
10000,10.0,0.4,0.14666810181288348,3.684136148790474,0.039810717055349755,0.20841608216115287,10.0,one_minus_s_power,531,True,3206.0,3206.0,256,1000000
10000,10.0,0.4,0.14666810181288348,3.684136148790474,0.039810717055349755,0.20841608216115287,10.0,one_minus_s_power,532,True,11365.0,11365.0,256,1000000
10000,10.0,0.4,0.14666810181288348,3.684136148790474,0.039810717055349755,0.20841608216115287,10.0,one_minus_s_power,533,True,2794.0,2794.0,256,1000000
10000,10.0,0.4,0.14666810181288348,3.684136148790474,0.039810717055349755,0.20841608216115287,10.0,one_minus_s_power,534,True,18698.0,18698.0,256,1000000
10000,10.0,0.4,0.14666810181288348,3.684136148790474,0.039810717055349755,0.20841608216115287,10.0,one_minus_s_power,535,True,8748.0,8748.0,256,1000000
10000,10.0,0.4,0.14666810181288348,3.684136148790474,0.039810717055349755,0.20841608216115287,10.0,one_minus_s_power,536,True,11595.0,11595.0,256,1000000
10000,10.0,0.4,0.14666810181288348,3.684136148790474,0.039810717055349755,0.20841608216115287,10.0,one_minus_s_power,537,True,22924.0,22924.0,256,1000000
10000,10.0,0.4,0.14666810181288348,3.684136148790474,0.039810717055349755,0.20841608216115287,10.0,one_minus_s_power,538,True,14187.0,14187.0,256,1000000
10000,10.0,0.4,0.14666810181288348,3.684136148790474,0.039810717055349755,0.20841608216115287,10.0,one_minus_s_power,539,True,6429.0,6429.0,256,1000000
10000,10.0,0.4,0.14666810181288348,3.684136148790474,0.039810717055349755,0.20841608216115287,10.0,one_minus_s_power,540,True,26710.0,26710.0,256,1000000
10000,10.0,0.4,0.14666810181288348,3.684136148790474,0.039810717055349755,0.20841608216115287,10.0,one_minus_s_power,541,True,20344.0,20344.0,256,1000000
10000,10.0,0.4,0.14666810181288348,3.684136148790474,0.039810717055349755,0.20841608216115287,10.0,one_minus_s_power,542,True,498.0,498.0,256,1000000
10000,10.0,0.4,0.14666810181288348,3.684136148790474,0.039810717055349755,0.20841608216115287,10.0,one_minus_s_power,543,True,21377.0,21377.0,256,1000000
10000,10.0,0.4,0.14666810181288348,3.684136148790474,0.039810717055349755,0.20841608216115287,10.0,one_minus_s_power,544,True,26241.0,26241.0,256,1000000
10000,10.0,0.4,0.14666810181288348,3.684136148790474,0.039810717055349755,0.20841608216115287,10.0,one_minus_s_power,545,True,7622.0,7622.0,256,1000000
10000,10.0,0.4,0.14666810181288348,3.684136148790474,0.039810717055349755,0.20841608216115287,10.0,one_minus_s_power,546,True,6003.0,6003.0,256,1000000
10000,10.0,0.4,0.14666810181288348,3.684136148790474,0.039810717055349755,0.20841608216115287,10.0,one_minus_s_power,547,True,18025.0,18025.0,256,1000000
10000,10.0,0.4,0.14666810181288348,3.684136148790474,0.039810717055349755,0.20841608216115287,10.0,one_minus_s_power,548,True,3602.0,3602.0,256,1000000
10000,10.0,0.4,0.14666810181288348,3.684136148790474,0.039810717055349755,0.20841608216115287,10.0,one_minus_s_power,549,True,53081.0,53081.0,256,1000000
10000,10.0,0.4,0.14666810181288348,3.684136148790474,0.039810717055349755,0.20841608216115287,10.0,one_minus_s_power,550,True,24398.0,24398.0,256,1000000
10000,10.0,0.4,0.14666810181288348,3.684136148790474,0.039810717055349755,0.20841608216115287,10.0,one_minus_s_power,551,True,5328.0,5328.0,256,1000000
10000,10.0,0.4,0.14666810181288348,3.684136148790474,0.039810717055349755,0.20841608216115287,10.0,one_minus_s_power,552,True,528.0,528.0,256,1000000
10000,10.0,0.4,0.14666810181288348,3.684136148790474,0.039810717055349755,0.20841608216115287,10.0,one_minus_s_power,553,True,25824.0,25824.0,256,1000000
10000,10.0,0.4,0.14666810181288348,3.684136148790474,0.039810717055349755,0.20841608216115287,10.0,one_minus_s_power,554,True,2318.0,2318.0,256,1000000
10000,10.0,0.4,0.14666810181288348,3.684136148790474,0.039810717055349755,0.20841608216115287,10.0,one_minus_s_power,555,True,25340.0,25340.0,256,1000000
10000,10.0,0.4,0.14666810181288348,3.684136148790474,0.039810717055349755,0.20841608216115287,10.0,one_minus_s_power,556,True,13621.0,13621.0,256,1000000
10000,10.0,0.4,0.14666810181288348,3.684136148790474,0.039810717055349755,0.20841608216115287,10.0,one_minus_s_power,557,True,6158.0,6158.0,256,1000000
10000,10.0,0.4,0.14666810181288348,3.684136148790474,0.039810717055349755,0.20841608216115287,10.0,one_minus_s_power,558,True,12537.0,12537.0,256,1000000
10000,10.0,0.4,0.14666810181288348,3.684136148790474,0.039810717055349755,0.20841608216115287,10.0,one_minus_s_power,559,True,21425.0,21425.0,256,1000000
10000,10.0,0.4,0.14666810181288348,3.684136148790474,0.039810717055349755,0.20841608216115287,10.0,one_minus_s_power,560,True,16058.0,16058.0,256,1000000
10000,10.0,0.4,0.14666810181288348,3.684136148790474,0.039810717055349755,0.20841608216115287,10.0,one_minus_s_power,561,True,1292.0,1292.0,256,1000000
10000,10.0,0.4,0.14666810181288348,3.684136148790474,0.039810717055349755,0.20841608216115287,10.0,one_minus_s_power,562,True,462.0,462.0,256,1000000
10000,10.0,0.4,0.14666810181288348,3.684136148790474,0.039810717055349755,0.20841608216115287,10.0,one_minus_s_power,563,True,1012.0,1012.0,256,1000000
10000,10.0,0.4,0.14666810181288348,3.684136148790474,0.039810717055349755,0.20841608216115287,10.0,one_minus_s_power,564,True,1679.0,1679.0,256,1000000
10000,10.0,0.4,0.14666810181288348,3.684136148790474,0.039810717055349755,0.20841608216115287,10.0,one_minus_s_power,565,True,21479.0,21479.0,256,1000000
10000,10.0,0.4,0.14666810181288348,3.684136148790474,0.039810717055349755,0.20841608216115287,10.0,one_minus_s_power,566,True,5586.0,5586.0,256,1000000
10000,10.0,0.4,0.14666810181288348,3.684136148790474,0.039810717055349755,0.20841608216115287,10.0,one_minus_s_power,567,True,17434.0,17434.0,256,1000000
10000,10.0,0.4,0.14666810181288348,3.684136148790474,0.039810717055349755,0.20841608216115287,10.0,one_minus_s_power,568,True,2846.0,2846.0,256,1000000
10000,10.0,0.4,0.14666810181288348,3.684136148790474,0.039810717055349755,0.20841608216115287,10.0,one_minus_s_power,569,True,4257.0,4257.0,256,1000000
10000,10.0,0.4,0.14666810181288348,3.684136148790474,0.039810717055349755,0.20841608216115287,10.0,one_minus_s_power,570,True,22074.0,22074.0,256,1000000
10000,10.0,0.4,0.14666810181288348,3.684136148790474,0.039810717055349755,0.20841608216115287,10.0,one_minus_s_power,571,True,8134.0,8134.0,256,1000000
10000,10.0,0.4,0.14666810181288348,3.684136148790474,0.039810717055349755,0.20841608216115287,10.0,one_minus_s_power,572,True,31062.0,31062.0,256,1000000
10000,10.0,0.4,0.14666810181288348,3.684136148790474,0.039810717055349755,0.20841608216115287,10.0,one_minus_s_power,573,True,12432.0,12432.0,256,1000000
10000,10.0,0.4,0.14666810181288348,3.684136148790474,0.039810717055349755,0.20841608216115287,10.0,one_minus_s_power,574,True,32586.0,32586.0,256,1000000
10000,10.0,0.4,0.14666810181288348,3.684136148790474,0.039810717055349755,0.20841608216115287,10.0,one_minus_s_power,575,True,9240.0,9240.0,256,1000000
10000,10.0,0.4,0.14666810181288348,3.684136148790474,0.039810717055349755,0.20841608216115287,10.0,one_minus_s_power,576,True,14189.0,14189.0,256,1000000
10000,10.0,0.4,0.14666810181288348,3.684136148790474,0.039810717055349755,0.20841608216115287,10.0,one_minus_s_power,577,True,9926.0,9926.0,256,1000000
10000,10.0,0.4,0.14666810181288348,3.684136148790474,0.039810717055349755,0.20841608216115287,10.0,one_minus_s_power,578,True,9019.0,9019.0,256,1000000
10000,10.0,0.4,0.14666810181288348,3.684136148790474,0.039810717055349755,0.20841608216115287,10.0,one_minus_s_power,579,True,4974.0,4974.0,256,1000000
10000,10.0,0.4,0.14666810181288348,3.684136148790474,0.039810717055349755,0.20841608216115287,10.0,one_minus_s_power,580,True,195.0,195.0,256,1000000
10000,10.0,0.4,0.14666810181288348,3.684136148790474,0.039810717055349755,0.20841608216115287,10.0,one_minus_s_power,581,True,17233.0,17233.0,256,1000000
10000,10.0,0.4,0.14666810181288348,3.684136148790474,0.039810717055349755,0.20841608216115287,10.0,one_minus_s_power,582,True,12141.0,12141.0,256,1000000
10000,10.0,0.4,0.14666810181288348,3.684136148790474,0.039810717055349755,0.20841608216115287,10.0,one_minus_s_power,583,True,2789.0,2789.0,256,1000000
10000,10.0,0.4,0.14666810181288348,3.684136148790474,0.039810717055349755,0.20841608216115287,10.0,one_minus_s_power,584,True,36831.0,36831.0,256,1000000
10000,10.0,0.4,0.14666810181288348,3.684136148790474,0.039810717055349755,0.20841608216115287,10.0,one_minus_s_power,585,True,1488.0,1488.0,256,1000000
10000,10.0,0.4,0.14666810181288348,3.684136148790474,0.039810717055349755,0.20841608216115287,10.0,one_minus_s_power,586,True,6472.0,6472.0,256,1000000
10000,10.0,0.4,0.14666810181288348,3.684136148790474,0.039810717055349755,0.20841608216115287,10.0,one_minus_s_power,587,True,12372.0,12372.0,256,1000000
10000,10.0,0.4,0.14666810181288348,3.684136148790474,0.039810717055349755,0.20841608216115287,10.0,one_minus_s_power,588,True,2601.0,2601.0,256,1000000
10000,10.0,0.4,0.14666810181288348,3.684136148790474,0.039810717055349755,0.20841608216115287,10.0,one_minus_s_power,589,True,3585.0,3585.0,256,1000000
10000,10.0,0.4,0.14666810181288348,3.684136148790474,0.039810717055349755,0.20841608216115287,10.0,one_minus_s_power,590,True,2073.0,2073.0,256,1000000
10000,10.0,0.4,0.14666810181288348,3.684136148790474,0.039810717055349755,0.20841608216115287,10.0,one_minus_s_power,591,True,8435.0,8435.0,256,1000000
10000,10.0,0.4,0.14666810181288348,3.684136148790474,0.039810717055349755,0.20841608216115287,10.0,one_minus_s_power,592,True,19829.0,19829.0,256,1000000
10000,10.0,0.4,0.14666810181288348,3.684136148790474,0.039810717055349755,0.20841608216115287,10.0,one_minus_s_power,593,True,1738.0,1738.0,256,1000000
10000,10.0,0.4,0.14666810181288348,3.684136148790474,0.039810717055349755,0.20841608216115287,10.0,one_minus_s_power,594,True,19533.0,19533.0,256,1000000
10000,10.0,0.4,0.14666810181288348,3.684136148790474,0.039810717055349755,0.20841608216115287,10.0,one_minus_s_power,595,True,32345.0,32345.0,256,1000000
10000,10.0,0.4,0.14666810181288348,3.684136148790474,0.039810717055349755,0.20841608216115287,10.0,one_minus_s_power,596,True,19344.0,19344.0,256,1000000
10000,10.0,0.4,0.14666810181288348,3.684136148790474,0.039810717055349755,0.20841608216115287,10.0,one_minus_s_power,597,True,30510.0,30510.0,256,1000000
10000,10.0,0.4,0.14666810181288348,3.684136148790474,0.039810717055349755,0.20841608216115287,10.0,one_minus_s_power,598,True,5582.0,5582.0,256,1000000
10000,10.0,0.4,0.14666810181288348,3.684136148790474,0.039810717055349755,0.20841608216115287,10.0,one_minus_s_power,599,True,14253.0,14253.0,256,1000000
10000,10.0,0.4,0.14666810181288348,3.684136148790474,0.039810717055349755,0.20841608216115287,10.0,one_minus_s_power,600,True,69148.0,69148.0,256,1000000
10000,10.0,0.4,0.14666810181288348,3.684136148790474,0.039810717055349755,0.20841608216115287,10.0,one_minus_s_power,601,True,25914.0,25914.0,256,1000000
10000,10.0,0.4,0.14666810181288348,3.684136148790474,0.039810717055349755,0.20841608216115287,10.0,one_minus_s_power,602,True,4466.0,4466.0,256,1000000
10000,10.0,0.4,0.14666810181288348,3.684136148790474,0.039810717055349755,0.20841608216115287,10.0,one_minus_s_power,603,True,28290.0,28290.0,256,1000000
10000,10.0,0.4,0.14666810181288348,3.684136148790474,0.039810717055349755,0.20841608216115287,10.0,one_minus_s_power,604,True,36330.0,36330.0,256,1000000
10000,10.0,0.4,0.14666810181288348,3.684136148790474,0.039810717055349755,0.20841608216115287,10.0,one_minus_s_power,605,True,8550.0,8550.0,256,1000000
10000,10.0,0.4,0.14666810181288348,3.684136148790474,0.039810717055349755,0.20841608216115287,10.0,one_minus_s_power,606,True,7508.0,7508.0,256,1000000
10000,10.0,0.4,0.14666810181288348,3.684136148790474,0.039810717055349755,0.20841608216115287,10.0,one_minus_s_power,607,True,12680.0,12680.0,256,1000000
10000,10.0,0.4,0.14666810181288348,3.684136148790474,0.039810717055349755,0.20841608216115287,10.0,one_minus_s_power,608,True,3226.0,3226.0,256,1000000
10000,10.0,0.4,0.14666810181288348,3.684136148790474,0.039810717055349755,0.20841608216115287,10.0,one_minus_s_power,609,True,6543.0,6543.0,256,1000000
10000,10.0,0.4,0.14666810181288348,3.684136148790474,0.039810717055349755,0.20841608216115287,10.0,one_minus_s_power,610,True,24339.0,24339.0,256,1000000
10000,10.0,0.4,0.14666810181288348,3.684136148790474,0.039810717055349755,0.20841608216115287,10.0,one_minus_s_power,611,True,794.0,794.0,256,1000000
10000,10.0,0.4,0.14666810181288348,3.684136148790474,0.039810717055349755,0.20841608216115287,10.0,one_minus_s_power,612,True,2987.0,2987.0,256,1000000
10000,10.0,0.4,0.14666810181288348,3.684136148790474,0.039810717055349755,0.20841608216115287,10.0,one_minus_s_power,613,True,2272.0,2272.0,256,1000000
10000,10.0,0.4,0.14666810181288348,3.684136148790474,0.039810717055349755,0.20841608216115287,10.0,one_minus_s_power,614,True,1274.0,1274.0,256,1000000
10000,10.0,0.4,0.14666810181288348,3.684136148790474,0.039810717055349755,0.20841608216115287,10.0,one_minus_s_power,615,True,4956.0,4956.0,256,1000000
10000,10.0,0.4,0.14666810181288348,3.684136148790474,0.039810717055349755,0.20841608216115287,10.0,one_minus_s_power,616,True,21543.0,21543.0,256,1000000
10000,10.0,0.4,0.14666810181288348,3.684136148790474,0.039810717055349755,0.20841608216115287,10.0,one_minus_s_power,617,True,61944.0,61944.0,256,1000000
10000,10.0,0.4,0.14666810181288348,3.684136148790474,0.039810717055349755,0.20841608216115287,10.0,one_minus_s_power,618,True,7981.0,7981.0,256,1000000
10000,10.0,0.4,0.14666810181288348,3.684136148790474,0.039810717055349755,0.20841608216115287,10.0,one_minus_s_power,619,True,10488.0,10488.0,256,1000000
10000,10.0,0.4,0.14666810181288348,3.684136148790474,0.039810717055349755,0.20841608216115287,10.0,one_minus_s_power,620,True,4889.0,4889.0,256,1000000
10000,10.0,0.4,0.14666810181288348,3.684136148790474,0.039810717055349755,0.20841608216115287,10.0,one_minus_s_power,621,True,10881.0,10881.0,256,1000000
10000,10.0,0.4,0.14666810181288348,3.684136148790474,0.039810717055349755,0.20841608216115287,10.0,one_minus_s_power,622,True,2602.0,2602.0,256,1000000
10000,10.0,0.4,0.14666810181288348,3.684136148790474,0.039810717055349755,0.20841608216115287,10.0,one_minus_s_power,623,True,17754.0,17754.0,256,1000000
10000,10.0,0.4,0.14666810181288348,3.684136148790474,0.039810717055349755,0.20841608216115287,10.0,one_minus_s_power,624,True,23545.0,23545.0,256,1000000
10000,10.0,0.4,0.14666810181288348,3.684136148790474,0.039810717055349755,0.20841608216115287,10.0,one_minus_s_power,625,True,1771.0,1771.0,256,1000000
10000,10.0,0.4,0.14666810181288348,3.684136148790474,0.039810717055349755,0.20841608216115287,10.0,one_minus_s_power,626,True,7018.0,7018.0,256,1000000
10000,10.0,0.4,0.14666810181288348,3.684136148790474,0.039810717055349755,0.20841608216115287,10.0,one_minus_s_power,627,True,4256.0,4256.0,256,1000000
10000,10.0,0.4,0.14666810181288348,3.684136148790474,0.039810717055349755,0.20841608216115287,10.0,one_minus_s_power,628,True,9209.0,9209.0,256,1000000
10000,10.0,0.4,0.14666810181288348,3.684136148790474,0.039810717055349755,0.20841608216115287,10.0,one_minus_s_power,629,True,35550.0,35550.0,256,1000000
10000,10.0,0.4,0.14666810181288348,3.684136148790474,0.039810717055349755,0.20841608216115287,10.0,one_minus_s_power,630,True,8412.0,8412.0,256,1000000
10000,10.0,0.4,0.14666810181288348,3.684136148790474,0.039810717055349755,0.20841608216115287,10.0,one_minus_s_power,631,True,30005.0,30005.0,256,1000000
10000,10.0,0.4,0.14666810181288348,3.684136148790474,0.039810717055349755,0.20841608216115287,10.0,one_minus_s_power,632,True,15690.0,15690.0,256,1000000
10000,10.0,0.4,0.14666810181288348,3.684136148790474,0.039810717055349755,0.20841608216115287,10.0,one_minus_s_power,633,True,4982.0,4982.0,256,1000000
10000,10.0,0.4,0.14666810181288348,3.684136148790474,0.039810717055349755,0.20841608216115287,10.0,one_minus_s_power,634,True,14850.0,14850.0,256,1000000
10000,10.0,0.4,0.14666810181288348,3.684136148790474,0.039810717055349755,0.20841608216115287,10.0,one_minus_s_power,635,True,12657.0,12657.0,256,1000000
10000,10.0,0.4,0.14666810181288348,3.684136148790474,0.039810717055349755,0.20841608216115287,10.0,one_minus_s_power,636,True,8789.0,8789.0,256,1000000
10000,10.0,0.4,0.14666810181288348,3.684136148790474,0.039810717055349755,0.20841608216115287,10.0,one_minus_s_power,637,True,2910.0,2910.0,256,1000000
10000,10.0,0.4,0.14666810181288348,3.684136148790474,0.039810717055349755,0.20841608216115287,10.0,one_minus_s_power,638,True,10046.0,10046.0,256,1000000
10000,10.0,0.4,0.14666810181288348,3.684136148790474,0.039810717055349755,0.20841608216115287,10.0,one_minus_s_power,639,True,8577.0,8577.0,256,1000000
10000,10.0,0.4,0.14666810181288348,3.684136148790474,0.039810717055349755,0.20841608216115287,10.0,one_minus_s_power,640,True,21178.0,21178.0,256,1000000
10000,10.0,0.4,0.14666810181288348,3.684136148790474,0.039810717055349755,0.20841608216115287,10.0,one_minus_s_power,641,True,59328.0,59328.0,256,1000000
10000,10.0,0.4,0.14666810181288348,3.684136148790474,0.039810717055349755,0.20841608216115287,10.0,one_minus_s_power,642,True,6782.0,6782.0,256,1000000
10000,10.0,0.4,0.14666810181288348,3.684136148790474,0.039810717055349755,0.20841608216115287,10.0,one_minus_s_power,643,True,15164.0,15164.0,256,1000000
10000,10.0,0.4,0.14666810181288348,3.684136148790474,0.039810717055349755,0.20841608216115287,10.0,one_minus_s_power,644,True,5729.0,5729.0,256,1000000
10000,10.0,0.4,0.14666810181288348,3.684136148790474,0.039810717055349755,0.20841608216115287,10.0,one_minus_s_power,645,True,29219.0,29219.0,256,1000000
10000,10.0,0.4,0.14666810181288348,3.684136148790474,0.039810717055349755,0.20841608216115287,10.0,one_minus_s_power,646,True,8787.0,8787.0,256,1000000
10000,10.0,0.4,0.14666810181288348,3.684136148790474,0.039810717055349755,0.20841608216115287,10.0,one_minus_s_power,647,True,15704.0,15704.0,256,1000000
10000,10.0,0.4,0.14666810181288348,3.684136148790474,0.039810717055349755,0.20841608216115287,10.0,one_minus_s_power,648,True,28521.0,28521.0,256,1000000
10000,10.0,0.4,0.14666810181288348,3.684136148790474,0.039810717055349755,0.20841608216115287,10.0,one_minus_s_power,649,True,44248.0,44248.0,256,1000000
10000,10.0,0.4,0.14666810181288348,3.684136148790474,0.039810717055349755,0.20841608216115287,10.0,one_minus_s_power,650,True,7222.0,7222.0,256,1000000
10000,10.0,0.4,0.14666810181288348,3.684136148790474,0.039810717055349755,0.20841608216115287,10.0,one_minus_s_power,651,True,24690.0,24690.0,256,1000000
10000,10.0,0.4,0.14666810181288348,3.684136148790474,0.039810717055349755,0.20841608216115287,10.0,one_minus_s_power,652,True,5123.0,5123.0,256,1000000
10000,10.0,0.4,0.14666810181288348,3.684136148790474,0.039810717055349755,0.20841608216115287,10.0,one_minus_s_power,653,True,15249.0,15249.0,256,1000000
10000,10.0,0.4,0.14666810181288348,3.684136148790474,0.039810717055349755,0.20841608216115287,10.0,one_minus_s_power,654,True,14238.0,14238.0,256,1000000
10000,10.0,0.4,0.14666810181288348,3.684136148790474,0.039810717055349755,0.20841608216115287,10.0,one_minus_s_power,655,True,38530.0,38530.0,256,1000000
10000,10.0,0.4,0.14666810181288348,3.684136148790474,0.039810717055349755,0.20841608216115287,10.0,one_minus_s_power,656,True,14035.0,14035.0,256,1000000
10000,10.0,0.4,0.14666810181288348,3.684136148790474,0.039810717055349755,0.20841608216115287,10.0,one_minus_s_power,657,True,45217.0,45217.0,256,1000000
10000,10.0,0.4,0.14666810181288348,3.684136148790474,0.039810717055349755,0.20841608216115287,10.0,one_minus_s_power,658,True,23723.0,23723.0,256,1000000
10000,10.0,0.4,0.14666810181288348,3.684136148790474,0.039810717055349755,0.20841608216115287,10.0,one_minus_s_power,659,True,5540.0,5540.0,256,1000000
10000,10.0,0.4,0.14666810181288348,3.684136148790474,0.039810717055349755,0.20841608216115287,10.0,one_minus_s_power,660,True,9464.0,9464.0,256,1000000
10000,10.0,0.4,0.14666810181288348,3.684136148790474,0.039810717055349755,0.20841608216115287,10.0,one_minus_s_power,661,True,6717.0,6717.0,256,1000000
10000,10.0,0.4,0.14666810181288348,3.684136148790474,0.039810717055349755,0.20841608216115287,10.0,one_minus_s_power,662,True,9433.0,9433.0,256,1000000
10000,10.0,0.4,0.14666810181288348,3.684136148790474,0.039810717055349755,0.20841608216115287,10.0,one_minus_s_power,663,True,20149.0,20149.0,256,1000000
10000,10.0,0.4,0.14666810181288348,3.684136148790474,0.039810717055349755,0.20841608216115287,10.0,one_minus_s_power,664,True,29846.0,29846.0,256,1000000
10000,10.0,0.4,0.14666810181288348,3.684136148790474,0.039810717055349755,0.20841608216115287,10.0,one_minus_s_power,665,True,5986.0,5986.0,256,1000000
10000,10.0,0.4,0.14666810181288348,3.684136148790474,0.039810717055349755,0.20841608216115287,10.0,one_minus_s_power,666,True,7728.0,7728.0,256,1000000
10000,10.0,0.4,0.14666810181288348,3.684136148790474,0.039810717055349755,0.20841608216115287,10.0,one_minus_s_power,667,True,440.0,440.0,256,1000000
10000,10.0,0.4,0.14666810181288348,3.684136148790474,0.039810717055349755,0.20841608216115287,10.0,one_minus_s_power,668,True,2779.0,2779.0,256,1000000
10000,10.0,0.4,0.14666810181288348,3.684136148790474,0.039810717055349755,0.20841608216115287,10.0,one_minus_s_power,669,True,3501.0,3501.0,256,1000000
10000,10.0,0.4,0.14666810181288348,3.684136148790474,0.039810717055349755,0.20841608216115287,10.0,one_minus_s_power,670,True,20660.0,20660.0,256,1000000
10000,10.0,0.4,0.14666810181288348,3.684136148790474,0.039810717055349755,0.20841608216115287,10.0,one_minus_s_power,671,True,10316.0,10316.0,256,1000000
10000,10.0,0.4,0.14666810181288348,3.684136148790474,0.039810717055349755,0.20841608216115287,10.0,one_minus_s_power,672,True,4585.0,4585.0,256,1000000
10000,10.0,0.4,0.14666810181288348,3.684136148790474,0.039810717055349755,0.20841608216115287,10.0,one_minus_s_power,673,True,38805.0,38805.0,256,1000000
10000,10.0,0.4,0.14666810181288348,3.684136148790474,0.039810717055349755,0.20841608216115287,10.0,one_minus_s_power,674,True,7790.0,7790.0,256,1000000
10000,10.0,0.4,0.14666810181288348,3.684136148790474,0.039810717055349755,0.20841608216115287,10.0,one_minus_s_power,675,True,27559.0,27559.0,256,1000000
10000,10.0,0.4,0.14666810181288348,3.684136148790474,0.039810717055349755,0.20841608216115287,10.0,one_minus_s_power,676,True,2635.0,2635.0,256,1000000
10000,10.0,0.4,0.14666810181288348,3.684136148790474,0.039810717055349755,0.20841608216115287,10.0,one_minus_s_power,677,True,12967.0,12967.0,256,1000000
10000,10.0,0.4,0.14666810181288348,3.684136148790474,0.039810717055349755,0.20841608216115287,10.0,one_minus_s_power,678,True,3089.0,3089.0,256,1000000
10000,10.0,0.4,0.14666810181288348,3.684136148790474,0.039810717055349755,0.20841608216115287,10.0,one_minus_s_power,679,True,1338.0,1338.0,256,1000000
10000,10.0,0.4,0.14666810181288348,3.684136148790474,0.039810717055349755,0.20841608216115287,10.0,one_minus_s_power,680,True,7367.0,7367.0,256,1000000
10000,10.0,0.4,0.14666810181288348,3.684136148790474,0.039810717055349755,0.20841608216115287,10.0,one_minus_s_power,681,True,21572.0,21572.0,256,1000000
10000,10.0,0.4,0.14666810181288348,3.684136148790474,0.039810717055349755,0.20841608216115287,10.0,one_minus_s_power,682,True,18368.0,18368.0,256,1000000
10000,10.0,0.4,0.14666810181288348,3.684136148790474,0.039810717055349755,0.20841608216115287,10.0,one_minus_s_power,683,True,10844.0,10844.0,256,1000000
10000,10.0,0.4,0.14666810181288348,3.684136148790474,0.039810717055349755,0.20841608216115287,10.0,one_minus_s_power,684,True,5895.0,5895.0,256,1000000
10000,10.0,0.4,0.14666810181288348,3.684136148790474,0.039810717055349755,0.20841608216115287,10.0,one_minus_s_power,685,True,7338.0,7338.0,256,1000000
10000,10.0,0.4,0.14666810181288348,3.684136148790474,0.039810717055349755,0.20841608216115287,10.0,one_minus_s_power,686,True,8001.0,8001.0,256,1000000
10000,10.0,0.4,0.14666810181288348,3.684136148790474,0.039810717055349755,0.20841608216115287,10.0,one_minus_s_power,687,True,32413.0,32413.0,256,1000000
10000,10.0,0.4,0.14666810181288348,3.684136148790474,0.039810717055349755,0.20841608216115287,10.0,one_minus_s_power,688,True,50906.0,50906.0,256,1000000
10000,10.0,0.4,0.14666810181288348,3.684136148790474,0.039810717055349755,0.20841608216115287,10.0,one_minus_s_power,689,True,8310.0,8310.0,256,1000000
10000,10.0,0.4,0.14666810181288348,3.684136148790474,0.039810717055349755,0.20841608216115287,10.0,one_minus_s_power,690,True,7796.0,7796.0,256,1000000
10000,10.0,0.4,0.14666810181288348,3.684136148790474,0.039810717055349755,0.20841608216115287,10.0,one_minus_s_power,691,True,58760.0,58760.0,256,1000000
10000,10.0,0.4,0.14666810181288348,3.684136148790474,0.039810717055349755,0.20841608216115287,10.0,one_minus_s_power,692,True,19134.0,19134.0,256,1000000
10000,10.0,0.4,0.14666810181288348,3.684136148790474,0.039810717055349755,0.20841608216115287,10.0,one_minus_s_power,693,True,16431.0,16431.0,256,1000000
10000,10.0,0.4,0.14666810181288348,3.684136148790474,0.039810717055349755,0.20841608216115287,10.0,one_minus_s_power,694,True,5985.0,5985.0,256,1000000
10000,10.0,0.4,0.14666810181288348,3.684136148790474,0.039810717055349755,0.20841608216115287,10.0,one_minus_s_power,695,True,20193.0,20193.0,256,1000000
10000,10.0,0.4,0.14666810181288348,3.684136148790474,0.039810717055349755,0.20841608216115287,10.0,one_minus_s_power,696,True,8685.0,8685.0,256,1000000
10000,10.0,0.4,0.14666810181288348,3.684136148790474,0.039810717055349755,0.20841608216115287,10.0,one_minus_s_power,697,True,23145.0,23145.0,256,1000000
10000,10.0,0.4,0.14666810181288348,3.684136148790474,0.039810717055349755,0.20841608216115287,10.0,one_minus_s_power,698,True,4839.0,4839.0,256,1000000
10000,10.0,0.4,0.14666810181288348,3.684136148790474,0.039810717055349755,0.20841608216115287,10.0,one_minus_s_power,699,True,3557.0,3557.0,256,1000000
10000,10.0,0.4,0.14666810181288348,3.684136148790474,0.039810717055349755,0.20841608216115287,10.0,one_minus_s_power,700,True,17038.0,17038.0,256,1000000
10000,10.0,0.4,0.14666810181288348,3.684136148790474,0.039810717055349755,0.20841608216115287,10.0,one_minus_s_power,701,True,1559.0,1559.0,256,1000000
10000,10.0,0.4,0.14666810181288348,3.684136148790474,0.039810717055349755,0.20841608216115287,10.0,one_minus_s_power,702,True,27811.0,27811.0,256,1000000
10000,10.0,0.4,0.14666810181288348,3.684136148790474,0.039810717055349755,0.20841608216115287,10.0,one_minus_s_power,703,True,40317.0,40317.0,256,1000000
10000,10.0,0.4,0.14666810181288348,3.684136148790474,0.039810717055349755,0.20841608216115287,10.0,one_minus_s_power,704,True,16648.0,16648.0,256,1000000
10000,10.0,0.4,0.14666810181288348,3.684136148790474,0.039810717055349755,0.20841608216115287,10.0,one_minus_s_power,705,True,2910.0,2910.0,256,1000000
10000,10.0,0.4,0.14666810181288348,3.684136148790474,0.039810717055349755,0.20841608216115287,10.0,one_minus_s_power,706,True,1451.0,1451.0,256,1000000
10000,10.0,0.4,0.14666810181288348,3.684136148790474,0.039810717055349755,0.20841608216115287,10.0,one_minus_s_power,707,True,12421.0,12421.0,256,1000000
10000,10.0,0.4,0.14666810181288348,3.684136148790474,0.039810717055349755,0.20841608216115287,10.0,one_minus_s_power,708,True,5207.0,5207.0,256,1000000
10000,10.0,0.4,0.14666810181288348,3.684136148790474,0.039810717055349755,0.20841608216115287,10.0,one_minus_s_power,709,True,1043.0,1043.0,256,1000000
10000,10.0,0.4,0.14666810181288348,3.684136148790474,0.039810717055349755,0.20841608216115287,10.0,one_minus_s_power,710,True,1515.0,1515.0,256,1000000
10000,10.0,0.4,0.14666810181288348,3.684136148790474,0.039810717055349755,0.20841608216115287,10.0,one_minus_s_power,711,True,11010.0,11010.0,256,1000000
10000,10.0,0.4,0.14666810181288348,3.684136148790474,0.039810717055349755,0.20841608216115287,10.0,one_minus_s_power,712,True,10480.0,10480.0,256,1000000
10000,10.0,0.4,0.14666810181288348,3.684136148790474,0.039810717055349755,0.20841608216115287,10.0,one_minus_s_power,713,True,1663.0,1663.0,256,1000000
10000,10.0,0.4,0.14666810181288348,3.684136148790474,0.039810717055349755,0.20841608216115287,10.0,one_minus_s_power,714,True,14899.0,14899.0,256,1000000
10000,10.0,0.4,0.14666810181288348,3.684136148790474,0.039810717055349755,0.20841608216115287,10.0,one_minus_s_power,715,True,7343.0,7343.0,256,1000000
10000,10.0,0.4,0.14666810181288348,3.684136148790474,0.039810717055349755,0.20841608216115287,10.0,one_minus_s_power,716,True,15493.0,15493.0,256,1000000
10000,10.0,0.4,0.14666810181288348,3.684136148790474,0.039810717055349755,0.20841608216115287,10.0,one_minus_s_power,717,True,27898.0,27898.0,256,1000000
10000,10.0,0.4,0.14666810181288348,3.684136148790474,0.039810717055349755,0.20841608216115287,10.0,one_minus_s_power,718,True,13783.0,13783.0,256,1000000
10000,10.0,0.4,0.14666810181288348,3.684136148790474,0.039810717055349755,0.20841608216115287,10.0,one_minus_s_power,719,True,10993.0,10993.0,256,1000000
10000,10.0,0.4,0.14666810181288348,3.684136148790474,0.039810717055349755,0.20841608216115287,10.0,one_minus_s_power,720,True,2923.0,2923.0,256,1000000
10000,10.0,0.4,0.14666810181288348,3.684136148790474,0.039810717055349755,0.20841608216115287,10.0,one_minus_s_power,721,True,6106.0,6106.0,256,1000000
10000,10.0,0.4,0.14666810181288348,3.684136148790474,0.039810717055349755,0.20841608216115287,10.0,one_minus_s_power,722,True,24784.0,24784.0,256,1000000
10000,10.0,0.4,0.14666810181288348,3.684136148790474,0.039810717055349755,0.20841608216115287,10.0,one_minus_s_power,723,True,2718.0,2718.0,256,1000000
10000,10.0,0.4,0.14666810181288348,3.684136148790474,0.039810717055349755,0.20841608216115287,10.0,one_minus_s_power,724,True,25638.0,25638.0,256,1000000
10000,10.0,0.4,0.14666810181288348,3.684136148790474,0.039810717055349755,0.20841608216115287,10.0,one_minus_s_power,725,True,3909.0,3909.0,256,1000000
10000,10.0,0.4,0.14666810181288348,3.684136148790474,0.039810717055349755,0.20841608216115287,10.0,one_minus_s_power,726,True,13065.0,13065.0,256,1000000
10000,10.0,0.4,0.14666810181288348,3.684136148790474,0.039810717055349755,0.20841608216115287,10.0,one_minus_s_power,727,True,1465.0,1465.0,256,1000000
10000,10.0,0.4,0.14666810181288348,3.684136148790474,0.039810717055349755,0.20841608216115287,10.0,one_minus_s_power,728,True,18854.0,18854.0,256,1000000
10000,10.0,0.4,0.14666810181288348,3.684136148790474,0.039810717055349755,0.20841608216115287,10.0,one_minus_s_power,729,True,4349.0,4349.0,256,1000000
10000,10.0,0.4,0.14666810181288348,3.684136148790474,0.039810717055349755,0.20841608216115287,10.0,one_minus_s_power,730,True,4448.0,4448.0,256,1000000
10000,10.0,0.4,0.14666810181288348,3.684136148790474,0.039810717055349755,0.20841608216115287,10.0,one_minus_s_power,731,True,29266.0,29266.0,256,1000000
10000,10.0,0.4,0.14666810181288348,3.684136148790474,0.039810717055349755,0.20841608216115287,10.0,one_minus_s_power,732,True,30972.0,30972.0,256,1000000
10000,10.0,0.4,0.14666810181288348,3.684136148790474,0.039810717055349755,0.20841608216115287,10.0,one_minus_s_power,733,True,15056.0,15056.0,256,1000000
10000,10.0,0.4,0.14666810181288348,3.684136148790474,0.039810717055349755,0.20841608216115287,10.0,one_minus_s_power,734,True,13339.0,13339.0,256,1000000
10000,10.0,0.4,0.14666810181288348,3.684136148790474,0.039810717055349755,0.20841608216115287,10.0,one_minus_s_power,735,True,51748.0,51748.0,256,1000000
10000,10.0,0.4,0.14666810181288348,3.684136148790474,0.039810717055349755,0.20841608216115287,10.0,one_minus_s_power,736,True,27945.0,27945.0,256,1000000
10000,10.0,0.4,0.14666810181288348,3.684136148790474,0.039810717055349755,0.20841608216115287,10.0,one_minus_s_power,737,True,18308.0,18308.0,256,1000000
10000,10.0,0.4,0.14666810181288348,3.684136148790474,0.039810717055349755,0.20841608216115287,10.0,one_minus_s_power,738,True,2700.0,2700.0,256,1000000
10000,10.0,0.4,0.14666810181288348,3.684136148790474,0.039810717055349755,0.20841608216115287,10.0,one_minus_s_power,739,True,1045.0,1045.0,256,1000000
10000,10.0,0.4,0.14666810181288348,3.684136148790474,0.039810717055349755,0.20841608216115287,10.0,one_minus_s_power,740,True,2001.0,2001.0,256,1000000
10000,10.0,0.4,0.14666810181288348,3.684136148790474,0.039810717055349755,0.20841608216115287,10.0,one_minus_s_power,741,True,6500.0,6500.0,256,1000000
10000,10.0,0.4,0.14666810181288348,3.684136148790474,0.039810717055349755,0.20841608216115287,10.0,one_minus_s_power,742,True,6299.0,6299.0,256,1000000
10000,10.0,0.4,0.14666810181288348,3.684136148790474,0.039810717055349755,0.20841608216115287,10.0,one_minus_s_power,743,True,9957.0,9957.0,256,1000000
10000,10.0,0.4,0.14666810181288348,3.684136148790474,0.039810717055349755,0.20841608216115287,10.0,one_minus_s_power,744,True,14762.0,14762.0,256,1000000
10000,10.0,0.4,0.14666810181288348,3.684136148790474,0.039810717055349755,0.20841608216115287,10.0,one_minus_s_power,745,True,26199.0,26199.0,256,1000000
10000,10.0,0.4,0.14666810181288348,3.684136148790474,0.039810717055349755,0.20841608216115287,10.0,one_minus_s_power,746,True,2453.0,2453.0,256,1000000
10000,10.0,0.4,0.14666810181288348,3.684136148790474,0.039810717055349755,0.20841608216115287,10.0,one_minus_s_power,747,True,791.0,791.0,256,1000000
10000,10.0,0.4,0.14666810181288348,3.684136148790474,0.039810717055349755,0.20841608216115287,10.0,one_minus_s_power,748,True,1747.0,1747.0,256,1000000
10000,10.0,0.4,0.14666810181288348,3.684136148790474,0.039810717055349755,0.20841608216115287,10.0,one_minus_s_power,749,True,14085.0,14085.0,256,1000000
10000,10.0,0.4,0.14666810181288348,3.684136148790474,0.039810717055349755,0.20841608216115287,10.0,one_minus_s_power,750,True,11426.0,11426.0,256,1000000
10000,10.0,0.4,0.14666810181288348,3.684136148790474,0.039810717055349755,0.20841608216115287,10.0,one_minus_s_power,751,True,25499.0,25499.0,256,1000000
10000,10.0,0.4,0.14666810181288348,3.684136148790474,0.039810717055349755,0.20841608216115287,10.0,one_minus_s_power,752,True,39449.0,39449.0,256,1000000
10000,10.0,0.4,0.14666810181288348,3.684136148790474,0.039810717055349755,0.20841608216115287,10.0,one_minus_s_power,753,True,31632.0,31632.0,256,1000000
10000,10.0,0.4,0.14666810181288348,3.684136148790474,0.039810717055349755,0.20841608216115287,10.0,one_minus_s_power,754,True,50573.0,50573.0,256,1000000
10000,10.0,0.4,0.14666810181288348,3.684136148790474,0.039810717055349755,0.20841608216115287,10.0,one_minus_s_power,755,True,2609.0,2609.0,256,1000000
10000,10.0,0.4,0.14666810181288348,3.684136148790474,0.039810717055349755,0.20841608216115287,10.0,one_minus_s_power,756,True,1192.0,1192.0,256,1000000
10000,10.0,0.4,0.14666810181288348,3.684136148790474,0.039810717055349755,0.20841608216115287,10.0,one_minus_s_power,757,True,3504.0,3504.0,256,1000000
10000,10.0,0.4,0.14666810181288348,3.684136148790474,0.039810717055349755,0.20841608216115287,10.0,one_minus_s_power,758,True,4974.0,4974.0,256,1000000
10000,10.0,0.4,0.14666810181288348,3.684136148790474,0.039810717055349755,0.20841608216115287,10.0,one_minus_s_power,759,True,1957.0,1957.0,256,1000000
10000,10.0,0.4,0.14666810181288348,3.684136148790474,0.039810717055349755,0.20841608216115287,10.0,one_minus_s_power,760,True,7701.0,7701.0,256,1000000
10000,10.0,0.4,0.14666810181288348,3.684136148790474,0.039810717055349755,0.20841608216115287,10.0,one_minus_s_power,761,True,42957.0,42957.0,256,1000000
10000,10.0,0.4,0.14666810181288348,3.684136148790474,0.039810717055349755,0.20841608216115287,10.0,one_minus_s_power,762,True,7393.0,7393.0,256,1000000
10000,10.0,0.4,0.14666810181288348,3.684136148790474,0.039810717055349755,0.20841608216115287,10.0,one_minus_s_power,763,True,21389.0,21389.0,256,1000000
10000,10.0,0.4,0.14666810181288348,3.684136148790474,0.039810717055349755,0.20841608216115287,10.0,one_minus_s_power,764,True,2074.0,2074.0,256,1000000
10000,10.0,0.4,0.14666810181288348,3.684136148790474,0.039810717055349755,0.20841608216115287,10.0,one_minus_s_power,765,True,5352.0,5352.0,256,1000000
10000,10.0,0.4,0.14666810181288348,3.684136148790474,0.039810717055349755,0.20841608216115287,10.0,one_minus_s_power,766,True,6331.0,6331.0,256,1000000
10000,10.0,0.4,0.14666810181288348,3.684136148790474,0.039810717055349755,0.20841608216115287,10.0,one_minus_s_power,767,True,2391.0,2391.0,256,1000000
10000,10.0,0.4,0.14666810181288348,3.684136148790474,0.039810717055349755,0.20841608216115287,10.0,one_minus_s_power,768,True,2501.0,2501.0,256,1000000
10000,10.0,0.4,0.14666810181288348,3.684136148790474,0.039810717055349755,0.20841608216115287,10.0,one_minus_s_power,769,True,7676.0,7676.0,256,1000000
10000,10.0,0.4,0.14666810181288348,3.684136148790474,0.039810717055349755,0.20841608216115287,10.0,one_minus_s_power,770,True,1132.0,1132.0,256,1000000
10000,10.0,0.4,0.14666810181288348,3.684136148790474,0.039810717055349755,0.20841608216115287,10.0,one_minus_s_power,771,True,3824.0,3824.0,256,1000000
10000,10.0,0.4,0.14666810181288348,3.684136148790474,0.039810717055349755,0.20841608216115287,10.0,one_minus_s_power,772,True,9790.0,9790.0,256,1000000
10000,10.0,0.4,0.14666810181288348,3.684136148790474,0.039810717055349755,0.20841608216115287,10.0,one_minus_s_power,773,True,3200.0,3200.0,256,1000000
10000,10.0,0.4,0.14666810181288348,3.684136148790474,0.039810717055349755,0.20841608216115287,10.0,one_minus_s_power,774,True,7889.0,7889.0,256,1000000
10000,10.0,0.4,0.14666810181288348,3.684136148790474,0.039810717055349755,0.20841608216115287,10.0,one_minus_s_power,775,True,23589.0,23589.0,256,1000000
10000,10.0,0.4,0.14666810181288348,3.684136148790474,0.039810717055349755,0.20841608216115287,10.0,one_minus_s_power,776,True,11177.0,11177.0,256,1000000
10000,10.0,0.4,0.14666810181288348,3.684136148790474,0.039810717055349755,0.20841608216115287,10.0,one_minus_s_power,777,True,34206.0,34206.0,256,1000000
10000,10.0,0.4,0.14666810181288348,3.684136148790474,0.039810717055349755,0.20841608216115287,10.0,one_minus_s_power,778,True,27130.0,27130.0,256,1000000
10000,10.0,0.4,0.14666810181288348,3.684136148790474,0.039810717055349755,0.20841608216115287,10.0,one_minus_s_power,779,True,1052.0,1052.0,256,1000000
10000,10.0,0.4,0.14666810181288348,3.684136148790474,0.039810717055349755,0.20841608216115287,10.0,one_minus_s_power,780,True,889.0,889.0,256,1000000
10000,10.0,0.4,0.14666810181288348,3.684136148790474,0.039810717055349755,0.20841608216115287,10.0,one_minus_s_power,781,True,10898.0,10898.0,256,1000000
10000,10.0,0.4,0.14666810181288348,3.684136148790474,0.039810717055349755,0.20841608216115287,10.0,one_minus_s_power,782,True,6977.0,6977.0,256,1000000
10000,10.0,0.4,0.14666810181288348,3.684136148790474,0.039810717055349755,0.20841608216115287,10.0,one_minus_s_power,783,True,3176.0,3176.0,256,1000000
10000,10.0,0.4,0.14666810181288348,3.684136148790474,0.039810717055349755,0.20841608216115287,10.0,one_minus_s_power,784,True,5584.0,5584.0,256,1000000
10000,10.0,0.4,0.14666810181288348,3.684136148790474,0.039810717055349755,0.20841608216115287,10.0,one_minus_s_power,785,True,18612.0,18612.0,256,1000000
10000,10.0,0.4,0.14666810181288348,3.684136148790474,0.039810717055349755,0.20841608216115287,10.0,one_minus_s_power,786,True,2443.0,2443.0,256,1000000
10000,10.0,0.4,0.14666810181288348,3.684136148790474,0.039810717055349755,0.20841608216115287,10.0,one_minus_s_power,787,True,1502.0,1502.0,256,1000000
10000,10.0,0.4,0.14666810181288348,3.684136148790474,0.039810717055349755,0.20841608216115287,10.0,one_minus_s_power,788,True,3172.0,3172.0,256,1000000
10000,10.0,0.4,0.14666810181288348,3.684136148790474,0.039810717055349755,0.20841608216115287,10.0,one_minus_s_power,789,True,15886.0,15886.0,256,1000000
10000,10.0,0.4,0.14666810181288348,3.684136148790474,0.039810717055349755,0.20841608216115287,10.0,one_minus_s_power,790,True,6116.0,6116.0,256,1000000
10000,10.0,0.4,0.14666810181288348,3.684136148790474,0.039810717055349755,0.20841608216115287,10.0,one_minus_s_power,791,True,3014.0,3014.0,256,1000000
10000,10.0,0.4,0.14666810181288348,3.684136148790474,0.039810717055349755,0.20841608216115287,10.0,one_minus_s_power,792,True,12926.0,12926.0,256,1000000
10000,10.0,0.4,0.14666810181288348,3.684136148790474,0.039810717055349755,0.20841608216115287,10.0,one_minus_s_power,793,True,13517.0,13517.0,256,1000000
10000,10.0,0.4,0.14666810181288348,3.684136148790474,0.039810717055349755,0.20841608216115287,10.0,one_minus_s_power,794,True,51684.0,51684.0,256,1000000
10000,10.0,0.4,0.14666810181288348,3.684136148790474,0.039810717055349755,0.20841608216115287,10.0,one_minus_s_power,795,True,4537.0,4537.0,256,1000000
10000,10.0,0.4,0.14666810181288348,3.684136148790474,0.039810717055349755,0.20841608216115287,10.0,one_minus_s_power,796,True,8313.0,8313.0,256,1000000
10000,10.0,0.4,0.14666810181288348,3.684136148790474,0.039810717055349755,0.20841608216115287,10.0,one_minus_s_power,797,True,10870.0,10870.0,256,1000000
10000,10.0,0.4,0.14666810181288348,3.684136148790474,0.039810717055349755,0.20841608216115287,10.0,one_minus_s_power,798,True,4225.0,4225.0,256,1000000
10000,10.0,0.4,0.14666810181288348,3.684136148790474,0.039810717055349755,0.20841608216115287,10.0,one_minus_s_power,799,True,15011.0,15011.0,256,1000000
10000,10.0,0.4,0.14666810181288348,3.684136148790474,0.039810717055349755,0.20841608216115287,10.0,one_minus_s_power,800,True,8058.0,8058.0,256,1000000
10000,10.0,0.4,0.14666810181288348,3.684136148790474,0.039810717055349755,0.20841608216115287,10.0,one_minus_s_power,801,True,45387.0,45387.0,256,1000000
10000,10.0,0.4,0.14666810181288348,3.684136148790474,0.039810717055349755,0.20841608216115287,10.0,one_minus_s_power,802,True,15548.0,15548.0,256,1000000
10000,10.0,0.4,0.14666810181288348,3.684136148790474,0.039810717055349755,0.20841608216115287,10.0,one_minus_s_power,803,True,31861.0,31861.0,256,1000000
10000,10.0,0.4,0.14666810181288348,3.684136148790474,0.039810717055349755,0.20841608216115287,10.0,one_minus_s_power,804,True,2874.0,2874.0,256,1000000
10000,10.0,0.4,0.14666810181288348,3.684136148790474,0.039810717055349755,0.20841608216115287,10.0,one_minus_s_power,805,True,2052.0,2052.0,256,1000000
10000,10.0,0.4,0.14666810181288348,3.684136148790474,0.039810717055349755,0.20841608216115287,10.0,one_minus_s_power,806,True,2855.0,2855.0,256,1000000
10000,10.0,0.4,0.14666810181288348,3.684136148790474,0.039810717055349755,0.20841608216115287,10.0,one_minus_s_power,807,True,988.0,988.0,256,1000000
10000,10.0,0.4,0.14666810181288348,3.684136148790474,0.039810717055349755,0.20841608216115287,10.0,one_minus_s_power,808,True,2804.0,2804.0,256,1000000
10000,10.0,0.4,0.14666810181288348,3.684136148790474,0.039810717055349755,0.20841608216115287,10.0,one_minus_s_power,809,True,9198.0,9198.0,256,1000000
10000,10.0,0.4,0.14666810181288348,3.684136148790474,0.039810717055349755,0.20841608216115287,10.0,one_minus_s_power,810,True,30289.0,30289.0,256,1000000
10000,10.0,0.4,0.14666810181288348,3.684136148790474,0.039810717055349755,0.20841608216115287,10.0,one_minus_s_power,811,True,10216.0,10216.0,256,1000000
10000,10.0,0.4,0.14666810181288348,3.684136148790474,0.039810717055349755,0.20841608216115287,10.0,one_minus_s_power,812,True,19663.0,19663.0,256,1000000
10000,10.0,0.4,0.14666810181288348,3.684136148790474,0.039810717055349755,0.20841608216115287,10.0,one_minus_s_power,813,True,4225.0,4225.0,256,1000000
10000,10.0,0.4,0.14666810181288348,3.684136148790474,0.039810717055349755,0.20841608216115287,10.0,one_minus_s_power,814,True,3690.0,3690.0,256,1000000
10000,10.0,0.4,0.14666810181288348,3.684136148790474,0.039810717055349755,0.20841608216115287,10.0,one_minus_s_power,815,True,6386.0,6386.0,256,1000000
10000,10.0,0.4,0.14666810181288348,3.684136148790474,0.039810717055349755,0.20841608216115287,10.0,one_minus_s_power,816,True,33926.0,33926.0,256,1000000
10000,10.0,0.4,0.14666810181288348,3.684136148790474,0.039810717055349755,0.20841608216115287,10.0,one_minus_s_power,817,True,10963.0,10963.0,256,1000000
10000,10.0,0.4,0.14666810181288348,3.684136148790474,0.039810717055349755,0.20841608216115287,10.0,one_minus_s_power,818,True,1465.0,1465.0,256,1000000
10000,10.0,0.4,0.14666810181288348,3.684136148790474,0.039810717055349755,0.20841608216115287,10.0,one_minus_s_power,819,True,8950.0,8950.0,256,1000000
10000,10.0,0.4,0.14666810181288348,3.684136148790474,0.039810717055349755,0.20841608216115287,10.0,one_minus_s_power,820,True,4571.0,4571.0,256,1000000
10000,10.0,0.4,0.14666810181288348,3.684136148790474,0.039810717055349755,0.20841608216115287,10.0,one_minus_s_power,821,True,4414.0,4414.0,256,1000000
10000,10.0,0.4,0.14666810181288348,3.684136148790474,0.039810717055349755,0.20841608216115287,10.0,one_minus_s_power,822,True,15962.0,15962.0,256,1000000
10000,10.0,0.4,0.14666810181288348,3.684136148790474,0.039810717055349755,0.20841608216115287,10.0,one_minus_s_power,823,True,4440.0,4440.0,256,1000000
10000,10.0,0.4,0.14666810181288348,3.684136148790474,0.039810717055349755,0.20841608216115287,10.0,one_minus_s_power,824,True,74111.0,74111.0,256,1000000
10000,10.0,0.4,0.14666810181288348,3.684136148790474,0.039810717055349755,0.20841608216115287,10.0,one_minus_s_power,825,True,25717.0,25717.0,256,1000000
10000,10.0,0.4,0.14666810181288348,3.684136148790474,0.039810717055349755,0.20841608216115287,10.0,one_minus_s_power,826,True,7917.0,7917.0,256,1000000
10000,10.0,0.4,0.14666810181288348,3.684136148790474,0.039810717055349755,0.20841608216115287,10.0,one_minus_s_power,827,True,9385.0,9385.0,256,1000000
10000,10.0,0.4,0.14666810181288348,3.684136148790474,0.039810717055349755,0.20841608216115287,10.0,one_minus_s_power,828,True,16598.0,16598.0,256,1000000
10000,10.0,0.4,0.14666810181288348,3.684136148790474,0.039810717055349755,0.20841608216115287,10.0,one_minus_s_power,829,True,2173.0,2173.0,256,1000000
10000,10.0,0.4,0.14666810181288348,3.684136148790474,0.039810717055349755,0.20841608216115287,10.0,one_minus_s_power,830,True,5877.0,5877.0,256,1000000
10000,10.0,0.4,0.14666810181288348,3.684136148790474,0.039810717055349755,0.20841608216115287,10.0,one_minus_s_power,831,True,2806.0,2806.0,256,1000000
10000,10.0,0.4,0.14666810181288348,3.684136148790474,0.039810717055349755,0.20841608216115287,10.0,one_minus_s_power,832,True,16442.0,16442.0,256,1000000
10000,10.0,0.4,0.14666810181288348,3.684136148790474,0.039810717055349755,0.20841608216115287,10.0,one_minus_s_power,833,True,22798.0,22798.0,256,1000000
10000,10.0,0.4,0.14666810181288348,3.684136148790474,0.039810717055349755,0.20841608216115287,10.0,one_minus_s_power,834,True,7049.0,7049.0,256,1000000
10000,10.0,0.4,0.14666810181288348,3.684136148790474,0.039810717055349755,0.20841608216115287,10.0,one_minus_s_power,835,True,3502.0,3502.0,256,1000000
10000,10.0,0.4,0.14666810181288348,3.684136148790474,0.039810717055349755,0.20841608216115287,10.0,one_minus_s_power,836,True,10375.0,10375.0,256,1000000
10000,10.0,0.4,0.14666810181288348,3.684136148790474,0.039810717055349755,0.20841608216115287,10.0,one_minus_s_power,837,True,23299.0,23299.0,256,1000000
10000,10.0,0.4,0.14666810181288348,3.684136148790474,0.039810717055349755,0.20841608216115287,10.0,one_minus_s_power,838,True,23163.0,23163.0,256,1000000
10000,10.0,0.4,0.14666810181288348,3.684136148790474,0.039810717055349755,0.20841608216115287,10.0,one_minus_s_power,839,True,19447.0,19447.0,256,1000000
10000,10.0,0.4,0.14666810181288348,3.684136148790474,0.039810717055349755,0.20841608216115287,10.0,one_minus_s_power,840,True,19784.0,19784.0,256,1000000
10000,10.0,0.4,0.14666810181288348,3.684136148790474,0.039810717055349755,0.20841608216115287,10.0,one_minus_s_power,841,True,15472.0,15472.0,256,1000000
10000,10.0,0.4,0.14666810181288348,3.684136148790474,0.039810717055349755,0.20841608216115287,10.0,one_minus_s_power,842,True,1745.0,1745.0,256,1000000
10000,10.0,0.4,0.14666810181288348,3.684136148790474,0.039810717055349755,0.20841608216115287,10.0,one_minus_s_power,843,True,9527.0,9527.0,256,1000000
10000,10.0,0.4,0.14666810181288348,3.684136148790474,0.039810717055349755,0.20841608216115287,10.0,one_minus_s_power,844,True,13065.0,13065.0,256,1000000
10000,10.0,0.4,0.14666810181288348,3.684136148790474,0.039810717055349755,0.20841608216115287,10.0,one_minus_s_power,845,True,1776.0,1776.0,256,1000000
10000,10.0,0.4,0.14666810181288348,3.684136148790474,0.039810717055349755,0.20841608216115287,10.0,one_minus_s_power,846,True,9588.0,9588.0,256,1000000
10000,10.0,0.4,0.14666810181288348,3.684136148790474,0.039810717055349755,0.20841608216115287,10.0,one_minus_s_power,847,True,18926.0,18926.0,256,1000000
10000,10.0,0.4,0.14666810181288348,3.684136148790474,0.039810717055349755,0.20841608216115287,10.0,one_minus_s_power,848,True,7221.0,7221.0,256,1000000
10000,10.0,0.4,0.14666810181288348,3.684136148790474,0.039810717055349755,0.20841608216115287,10.0,one_minus_s_power,849,True,28849.0,28849.0,256,1000000
10000,10.0,0.4,0.14666810181288348,3.684136148790474,0.039810717055349755,0.20841608216115287,10.0,one_minus_s_power,850,True,4357.0,4357.0,256,1000000
10000,10.0,0.4,0.14666810181288348,3.684136148790474,0.039810717055349755,0.20841608216115287,10.0,one_minus_s_power,851,True,51726.0,51726.0,256,1000000
10000,10.0,0.4,0.14666810181288348,3.684136148790474,0.039810717055349755,0.20841608216115287,10.0,one_minus_s_power,852,True,2919.0,2919.0,256,1000000
10000,10.0,0.4,0.14666810181288348,3.684136148790474,0.039810717055349755,0.20841608216115287,10.0,one_minus_s_power,853,True,16464.0,16464.0,256,1000000
10000,10.0,0.4,0.14666810181288348,3.684136148790474,0.039810717055349755,0.20841608216115287,10.0,one_minus_s_power,854,True,6508.0,6508.0,256,1000000
10000,10.0,0.4,0.14666810181288348,3.684136148790474,0.039810717055349755,0.20841608216115287,10.0,one_minus_s_power,855,True,89.0,89.0,256,1000000
10000,10.0,0.4,0.14666810181288348,3.684136148790474,0.039810717055349755,0.20841608216115287,10.0,one_minus_s_power,856,True,9040.0,9040.0,256,1000000
10000,10.0,0.4,0.14666810181288348,3.684136148790474,0.039810717055349755,0.20841608216115287,10.0,one_minus_s_power,857,True,1286.0,1286.0,256,1000000
10000,10.0,0.4,0.14666810181288348,3.684136148790474,0.039810717055349755,0.20841608216115287,10.0,one_minus_s_power,858,True,7286.0,7286.0,256,1000000
10000,10.0,0.4,0.14666810181288348,3.684136148790474,0.039810717055349755,0.20841608216115287,10.0,one_minus_s_power,859,True,2738.0,2738.0,256,1000000
10000,10.0,0.4,0.14666810181288348,3.684136148790474,0.039810717055349755,0.20841608216115287,10.0,one_minus_s_power,860,True,5856.0,5856.0,256,1000000
10000,10.0,0.4,0.14666810181288348,3.684136148790474,0.039810717055349755,0.20841608216115287,10.0,one_minus_s_power,861,True,46123.0,46123.0,256,1000000
10000,10.0,0.4,0.14666810181288348,3.684136148790474,0.039810717055349755,0.20841608216115287,10.0,one_minus_s_power,862,True,48854.0,48854.0,256,1000000
10000,10.0,0.4,0.14666810181288348,3.684136148790474,0.039810717055349755,0.20841608216115287,10.0,one_minus_s_power,863,True,14605.0,14605.0,256,1000000
10000,10.0,0.4,0.14666810181288348,3.684136148790474,0.039810717055349755,0.20841608216115287,10.0,one_minus_s_power,864,True,3094.0,3094.0,256,1000000
10000,10.0,0.4,0.14666810181288348,3.684136148790474,0.039810717055349755,0.20841608216115287,10.0,one_minus_s_power,865,True,14285.0,14285.0,256,1000000
10000,10.0,0.4,0.14666810181288348,3.684136148790474,0.039810717055349755,0.20841608216115287,10.0,one_minus_s_power,866,True,2068.0,2068.0,256,1000000
10000,10.0,0.4,0.14666810181288348,3.684136148790474,0.039810717055349755,0.20841608216115287,10.0,one_minus_s_power,867,True,4544.0,4544.0,256,1000000
10000,10.0,0.4,0.14666810181288348,3.684136148790474,0.039810717055349755,0.20841608216115287,10.0,one_minus_s_power,868,True,5868.0,5868.0,256,1000000
10000,10.0,0.4,0.14666810181288348,3.684136148790474,0.039810717055349755,0.20841608216115287,10.0,one_minus_s_power,869,True,17684.0,17684.0,256,1000000
10000,10.0,0.4,0.14666810181288348,3.684136148790474,0.039810717055349755,0.20841608216115287,10.0,one_minus_s_power,870,True,7206.0,7206.0,256,1000000
10000,10.0,0.4,0.14666810181288348,3.684136148790474,0.039810717055349755,0.20841608216115287,10.0,one_minus_s_power,871,True,6964.0,6964.0,256,1000000
10000,10.0,0.4,0.14666810181288348,3.684136148790474,0.039810717055349755,0.20841608216115287,10.0,one_minus_s_power,872,True,25940.0,25940.0,256,1000000
10000,10.0,0.4,0.14666810181288348,3.684136148790474,0.039810717055349755,0.20841608216115287,10.0,one_minus_s_power,873,True,4639.0,4639.0,256,1000000
10000,10.0,0.4,0.14666810181288348,3.684136148790474,0.039810717055349755,0.20841608216115287,10.0,one_minus_s_power,874,True,14125.0,14125.0,256,1000000
10000,10.0,0.4,0.14666810181288348,3.684136148790474,0.039810717055349755,0.20841608216115287,10.0,one_minus_s_power,875,True,6186.0,6186.0,256,1000000
10000,10.0,0.4,0.14666810181288348,3.684136148790474,0.039810717055349755,0.20841608216115287,10.0,one_minus_s_power,876,True,9390.0,9390.0,256,1000000
10000,10.0,0.4,0.14666810181288348,3.684136148790474,0.039810717055349755,0.20841608216115287,10.0,one_minus_s_power,877,True,11004.0,11004.0,256,1000000
10000,10.0,0.4,0.14666810181288348,3.684136148790474,0.039810717055349755,0.20841608216115287,10.0,one_minus_s_power,878,True,2304.0,2304.0,256,1000000
10000,10.0,0.4,0.14666810181288348,3.684136148790474,0.039810717055349755,0.20841608216115287,10.0,one_minus_s_power,879,True,4747.0,4747.0,256,1000000
10000,10.0,0.4,0.14666810181288348,3.684136148790474,0.039810717055349755,0.20841608216115287,10.0,one_minus_s_power,880,True,10177.0,10177.0,256,1000000
10000,10.0,0.4,0.14666810181288348,3.684136148790474,0.039810717055349755,0.20841608216115287,10.0,one_minus_s_power,881,True,12648.0,12648.0,256,1000000
10000,10.0,0.4,0.14666810181288348,3.684136148790474,0.039810717055349755,0.20841608216115287,10.0,one_minus_s_power,882,True,705.0,705.0,256,1000000
10000,10.0,0.4,0.14666810181288348,3.684136148790474,0.039810717055349755,0.20841608216115287,10.0,one_minus_s_power,883,True,2612.0,2612.0,256,1000000
10000,10.0,0.4,0.14666810181288348,3.684136148790474,0.039810717055349755,0.20841608216115287,10.0,one_minus_s_power,884,True,9816.0,9816.0,256,1000000
10000,10.0,0.4,0.14666810181288348,3.684136148790474,0.039810717055349755,0.20841608216115287,10.0,one_minus_s_power,885,True,770.0,770.0,256,1000000
10000,10.0,0.4,0.14666810181288348,3.684136148790474,0.039810717055349755,0.20841608216115287,10.0,one_minus_s_power,886,True,33392.0,33392.0,256,1000000
10000,10.0,0.4,0.14666810181288348,3.684136148790474,0.039810717055349755,0.20841608216115287,10.0,one_minus_s_power,887,True,14623.0,14623.0,256,1000000
10000,10.0,0.4,0.14666810181288348,3.684136148790474,0.039810717055349755,0.20841608216115287,10.0,one_minus_s_power,888,True,3897.0,3897.0,256,1000000
10000,10.0,0.4,0.14666810181288348,3.684136148790474,0.039810717055349755,0.20841608216115287,10.0,one_minus_s_power,889,True,7641.0,7641.0,256,1000000
10000,10.0,0.4,0.14666810181288348,3.684136148790474,0.039810717055349755,0.20841608216115287,10.0,one_minus_s_power,890,True,36922.0,36922.0,256,1000000
10000,10.0,0.4,0.14666810181288348,3.684136148790474,0.039810717055349755,0.20841608216115287,10.0,one_minus_s_power,891,True,17371.0,17371.0,256,1000000
10000,10.0,0.4,0.14666810181288348,3.684136148790474,0.039810717055349755,0.20841608216115287,10.0,one_minus_s_power,892,True,11863.0,11863.0,256,1000000
10000,10.0,0.4,0.14666810181288348,3.684136148790474,0.039810717055349755,0.20841608216115287,10.0,one_minus_s_power,893,True,8406.0,8406.0,256,1000000
10000,10.0,0.4,0.14666810181288348,3.684136148790474,0.039810717055349755,0.20841608216115287,10.0,one_minus_s_power,894,True,48629.0,48629.0,256,1000000
10000,10.0,0.4,0.14666810181288348,3.684136148790474,0.039810717055349755,0.20841608216115287,10.0,one_minus_s_power,895,True,13792.0,13792.0,256,1000000
10000,10.0,0.4,0.14666810181288348,3.684136148790474,0.039810717055349755,0.20841608216115287,10.0,one_minus_s_power,896,True,35397.0,35397.0,256,1000000
10000,10.0,0.4,0.14666810181288348,3.684136148790474,0.039810717055349755,0.20841608216115287,10.0,one_minus_s_power,897,True,38176.0,38176.0,256,1000000
10000,10.0,0.4,0.14666810181288348,3.684136148790474,0.039810717055349755,0.20841608216115287,10.0,one_minus_s_power,898,True,24258.0,24258.0,256,1000000
10000,10.0,0.4,0.14666810181288348,3.684136148790474,0.039810717055349755,0.20841608216115287,10.0,one_minus_s_power,899,True,646.0,646.0,256,1000000
10000,10.0,0.4,0.14666810181288348,3.684136148790474,0.039810717055349755,0.20841608216115287,10.0,one_minus_s_power,900,True,13440.0,13440.0,256,1000000
10000,10.0,0.4,0.14666810181288348,3.684136148790474,0.039810717055349755,0.20841608216115287,10.0,one_minus_s_power,901,True,25432.0,25432.0,256,1000000
10000,10.0,0.4,0.14666810181288348,3.684136148790474,0.039810717055349755,0.20841608216115287,10.0,one_minus_s_power,902,True,13684.0,13684.0,256,1000000
10000,10.0,0.4,0.14666810181288348,3.684136148790474,0.039810717055349755,0.20841608216115287,10.0,one_minus_s_power,903,True,1802.0,1802.0,256,1000000
10000,10.0,0.4,0.14666810181288348,3.684136148790474,0.039810717055349755,0.20841608216115287,10.0,one_minus_s_power,904,True,24636.0,24636.0,256,1000000
10000,10.0,0.4,0.14666810181288348,3.684136148790474,0.039810717055349755,0.20841608216115287,10.0,one_minus_s_power,905,True,20367.0,20367.0,256,1000000
10000,10.0,0.4,0.14666810181288348,3.684136148790474,0.039810717055349755,0.20841608216115287,10.0,one_minus_s_power,906,True,2507.0,2507.0,256,1000000
10000,10.0,0.4,0.14666810181288348,3.684136148790474,0.039810717055349755,0.20841608216115287,10.0,one_minus_s_power,907,True,5388.0,5388.0,256,1000000
10000,10.0,0.4,0.14666810181288348,3.684136148790474,0.039810717055349755,0.20841608216115287,10.0,one_minus_s_power,908,True,12011.0,12011.0,256,1000000
10000,10.0,0.4,0.14666810181288348,3.684136148790474,0.039810717055349755,0.20841608216115287,10.0,one_minus_s_power,909,True,13325.0,13325.0,256,1000000
10000,10.0,0.4,0.14666810181288348,3.684136148790474,0.039810717055349755,0.20841608216115287,10.0,one_minus_s_power,910,True,1357.0,1357.0,256,1000000
10000,10.0,0.4,0.14666810181288348,3.684136148790474,0.039810717055349755,0.20841608216115287,10.0,one_minus_s_power,911,True,16388.0,16388.0,256,1000000
10000,10.0,0.4,0.14666810181288348,3.684136148790474,0.039810717055349755,0.20841608216115287,10.0,one_minus_s_power,912,True,26169.0,26169.0,256,1000000
10000,10.0,0.4,0.14666810181288348,3.684136148790474,0.039810717055349755,0.20841608216115287,10.0,one_minus_s_power,913,True,8981.0,8981.0,256,1000000
10000,10.0,0.4,0.14666810181288348,3.684136148790474,0.039810717055349755,0.20841608216115287,10.0,one_minus_s_power,914,True,2504.0,2504.0,256,1000000
10000,10.0,0.4,0.14666810181288348,3.684136148790474,0.039810717055349755,0.20841608216115287,10.0,one_minus_s_power,915,True,18542.0,18542.0,256,1000000
10000,10.0,0.4,0.14666810181288348,3.684136148790474,0.039810717055349755,0.20841608216115287,10.0,one_minus_s_power,916,True,9802.0,9802.0,256,1000000
10000,10.0,0.4,0.14666810181288348,3.684136148790474,0.039810717055349755,0.20841608216115287,10.0,one_minus_s_power,917,True,22644.0,22644.0,256,1000000
10000,10.0,0.4,0.14666810181288348,3.684136148790474,0.039810717055349755,0.20841608216115287,10.0,one_minus_s_power,918,True,8348.0,8348.0,256,1000000
10000,10.0,0.4,0.14666810181288348,3.684136148790474,0.039810717055349755,0.20841608216115287,10.0,one_minus_s_power,919,True,7146.0,7146.0,256,1000000
10000,10.0,0.4,0.14666810181288348,3.684136148790474,0.039810717055349755,0.20841608216115287,10.0,one_minus_s_power,920,True,12765.0,12765.0,256,1000000
10000,10.0,0.4,0.14666810181288348,3.684136148790474,0.039810717055349755,0.20841608216115287,10.0,one_minus_s_power,921,True,16812.0,16812.0,256,1000000
10000,10.0,0.4,0.14666810181288348,3.684136148790474,0.039810717055349755,0.20841608216115287,10.0,one_minus_s_power,922,True,681.0,681.0,256,1000000
10000,10.0,0.4,0.14666810181288348,3.684136148790474,0.039810717055349755,0.20841608216115287,10.0,one_minus_s_power,923,True,4554.0,4554.0,256,1000000
10000,10.0,0.4,0.14666810181288348,3.684136148790474,0.039810717055349755,0.20841608216115287,10.0,one_minus_s_power,924,True,3670.0,3670.0,256,1000000
10000,10.0,0.4,0.14666810181288348,3.684136148790474,0.039810717055349755,0.20841608216115287,10.0,one_minus_s_power,925,True,3793.0,3793.0,256,1000000
10000,10.0,0.4,0.14666810181288348,3.684136148790474,0.039810717055349755,0.20841608216115287,10.0,one_minus_s_power,926,True,34689.0,34689.0,256,1000000
10000,10.0,0.4,0.14666810181288348,3.684136148790474,0.039810717055349755,0.20841608216115287,10.0,one_minus_s_power,927,True,27065.0,27065.0,256,1000000
10000,10.0,0.4,0.14666810181288348,3.684136148790474,0.039810717055349755,0.20841608216115287,10.0,one_minus_s_power,928,True,12611.0,12611.0,256,1000000
10000,10.0,0.4,0.14666810181288348,3.684136148790474,0.039810717055349755,0.20841608216115287,10.0,one_minus_s_power,929,True,5666.0,5666.0,256,1000000
10000,10.0,0.4,0.14666810181288348,3.684136148790474,0.039810717055349755,0.20841608216115287,10.0,one_minus_s_power,930,True,12933.0,12933.0,256,1000000
10000,10.0,0.4,0.14666810181288348,3.684136148790474,0.039810717055349755,0.20841608216115287,10.0,one_minus_s_power,931,True,19661.0,19661.0,256,1000000
10000,10.0,0.4,0.14666810181288348,3.684136148790474,0.039810717055349755,0.20841608216115287,10.0,one_minus_s_power,932,True,1269.0,1269.0,256,1000000
10000,10.0,0.4,0.14666810181288348,3.684136148790474,0.039810717055349755,0.20841608216115287,10.0,one_minus_s_power,933,True,2222.0,2222.0,256,1000000
10000,10.0,0.4,0.14666810181288348,3.684136148790474,0.039810717055349755,0.20841608216115287,10.0,one_minus_s_power,934,True,22172.0,22172.0,256,1000000
10000,10.0,0.4,0.14666810181288348,3.684136148790474,0.039810717055349755,0.20841608216115287,10.0,one_minus_s_power,935,True,9115.0,9115.0,256,1000000
10000,10.0,0.4,0.14666810181288348,3.684136148790474,0.039810717055349755,0.20841608216115287,10.0,one_minus_s_power,936,True,18292.0,18292.0,256,1000000
10000,10.0,0.4,0.14666810181288348,3.684136148790474,0.039810717055349755,0.20841608216115287,10.0,one_minus_s_power,937,True,20209.0,20209.0,256,1000000
10000,10.0,0.4,0.14666810181288348,3.684136148790474,0.039810717055349755,0.20841608216115287,10.0,one_minus_s_power,938,True,22639.0,22639.0,256,1000000
10000,10.0,0.4,0.14666810181288348,3.684136148790474,0.039810717055349755,0.20841608216115287,10.0,one_minus_s_power,939,True,12963.0,12963.0,256,1000000
10000,10.0,0.4,0.14666810181288348,3.684136148790474,0.039810717055349755,0.20841608216115287,10.0,one_minus_s_power,940,True,1172.0,1172.0,256,1000000
10000,10.0,0.4,0.14666810181288348,3.684136148790474,0.039810717055349755,0.20841608216115287,10.0,one_minus_s_power,941,True,7506.0,7506.0,256,1000000
10000,10.0,0.4,0.14666810181288348,3.684136148790474,0.039810717055349755,0.20841608216115287,10.0,one_minus_s_power,942,True,9355.0,9355.0,256,1000000
10000,10.0,0.4,0.14666810181288348,3.684136148790474,0.039810717055349755,0.20841608216115287,10.0,one_minus_s_power,943,True,20279.0,20279.0,256,1000000
10000,10.0,0.4,0.14666810181288348,3.684136148790474,0.039810717055349755,0.20841608216115287,10.0,one_minus_s_power,944,True,29368.0,29368.0,256,1000000
10000,10.0,0.4,0.14666810181288348,3.684136148790474,0.039810717055349755,0.20841608216115287,10.0,one_minus_s_power,945,True,864.0,864.0,256,1000000
10000,10.0,0.4,0.14666810181288348,3.684136148790474,0.039810717055349755,0.20841608216115287,10.0,one_minus_s_power,946,True,462.0,462.0,256,1000000
10000,10.0,0.4,0.14666810181288348,3.684136148790474,0.039810717055349755,0.20841608216115287,10.0,one_minus_s_power,947,True,6298.0,6298.0,256,1000000
10000,10.0,0.4,0.14666810181288348,3.684136148790474,0.039810717055349755,0.20841608216115287,10.0,one_minus_s_power,948,True,45283.0,45283.0,256,1000000
10000,10.0,0.4,0.14666810181288348,3.684136148790474,0.039810717055349755,0.20841608216115287,10.0,one_minus_s_power,949,True,5961.0,5961.0,256,1000000
10000,10.0,0.4,0.14666810181288348,3.684136148790474,0.039810717055349755,0.20841608216115287,10.0,one_minus_s_power,950,True,7187.0,7187.0,256,1000000
10000,10.0,0.4,0.14666810181288348,3.684136148790474,0.039810717055349755,0.20841608216115287,10.0,one_minus_s_power,951,True,27619.0,27619.0,256,1000000
10000,10.0,0.4,0.14666810181288348,3.684136148790474,0.039810717055349755,0.20841608216115287,10.0,one_minus_s_power,952,True,246.0,246.0,256,1000000
10000,10.0,0.4,0.14666810181288348,3.684136148790474,0.039810717055349755,0.20841608216115287,10.0,one_minus_s_power,953,True,20227.0,20227.0,256,1000000
10000,10.0,0.4,0.14666810181288348,3.684136148790474,0.039810717055349755,0.20841608216115287,10.0,one_minus_s_power,954,True,1106.0,1106.0,256,1000000
10000,10.0,0.4,0.14666810181288348,3.684136148790474,0.039810717055349755,0.20841608216115287,10.0,one_minus_s_power,955,True,7060.0,7060.0,256,1000000
10000,10.0,0.4,0.14666810181288348,3.684136148790474,0.039810717055349755,0.20841608216115287,10.0,one_minus_s_power,956,True,7154.0,7154.0,256,1000000
10000,10.0,0.4,0.14666810181288348,3.684136148790474,0.039810717055349755,0.20841608216115287,10.0,one_minus_s_power,957,True,2428.0,2428.0,256,1000000
10000,10.0,0.4,0.14666810181288348,3.684136148790474,0.039810717055349755,0.20841608216115287,10.0,one_minus_s_power,958,True,40047.0,40047.0,256,1000000
10000,10.0,0.4,0.14666810181288348,3.684136148790474,0.039810717055349755,0.20841608216115287,10.0,one_minus_s_power,959,True,750.0,750.0,256,1000000
10000,10.0,0.4,0.14666810181288348,3.684136148790474,0.039810717055349755,0.20841608216115287,10.0,one_minus_s_power,960,True,12391.0,12391.0,256,1000000
10000,10.0,0.4,0.14666810181288348,3.684136148790474,0.039810717055349755,0.20841608216115287,10.0,one_minus_s_power,961,True,3395.0,3395.0,256,1000000
10000,10.0,0.4,0.14666810181288348,3.684136148790474,0.039810717055349755,0.20841608216115287,10.0,one_minus_s_power,962,True,15488.0,15488.0,256,1000000
10000,10.0,0.4,0.14666810181288348,3.684136148790474,0.039810717055349755,0.20841608216115287,10.0,one_minus_s_power,963,True,16345.0,16345.0,256,1000000
10000,10.0,0.4,0.14666810181288348,3.684136148790474,0.039810717055349755,0.20841608216115287,10.0,one_minus_s_power,964,True,236.0,236.0,256,1000000
10000,10.0,0.4,0.14666810181288348,3.684136148790474,0.039810717055349755,0.20841608216115287,10.0,one_minus_s_power,965,True,23639.0,23639.0,256,1000000
10000,10.0,0.4,0.14666810181288348,3.684136148790474,0.039810717055349755,0.20841608216115287,10.0,one_minus_s_power,966,True,49827.0,49827.0,256,1000000
10000,10.0,0.4,0.14666810181288348,3.684136148790474,0.039810717055349755,0.20841608216115287,10.0,one_minus_s_power,967,True,10570.0,10570.0,256,1000000
10000,10.0,0.4,0.14666810181288348,3.684136148790474,0.039810717055349755,0.20841608216115287,10.0,one_minus_s_power,968,True,6861.0,6861.0,256,1000000
10000,10.0,0.4,0.14666810181288348,3.684136148790474,0.039810717055349755,0.20841608216115287,10.0,one_minus_s_power,969,True,42058.0,42058.0,256,1000000
10000,10.0,0.4,0.14666810181288348,3.684136148790474,0.039810717055349755,0.20841608216115287,10.0,one_minus_s_power,970,True,176.0,176.0,256,1000000
10000,10.0,0.4,0.14666810181288348,3.684136148790474,0.039810717055349755,0.20841608216115287,10.0,one_minus_s_power,971,True,29067.0,29067.0,256,1000000
10000,10.0,0.4,0.14666810181288348,3.684136148790474,0.039810717055349755,0.20841608216115287,10.0,one_minus_s_power,972,True,10465.0,10465.0,256,1000000
10000,10.0,0.4,0.14666810181288348,3.684136148790474,0.039810717055349755,0.20841608216115287,10.0,one_minus_s_power,973,True,15959.0,15959.0,256,1000000
10000,10.0,0.4,0.14666810181288348,3.684136148790474,0.039810717055349755,0.20841608216115287,10.0,one_minus_s_power,974,True,32585.0,32585.0,256,1000000
10000,10.0,0.4,0.14666810181288348,3.684136148790474,0.039810717055349755,0.20841608216115287,10.0,one_minus_s_power,975,True,2072.0,2072.0,256,1000000
10000,10.0,0.4,0.14666810181288348,3.684136148790474,0.039810717055349755,0.20841608216115287,10.0,one_minus_s_power,976,True,26026.0,26026.0,256,1000000
10000,10.0,0.4,0.14666810181288348,3.684136148790474,0.039810717055349755,0.20841608216115287,10.0,one_minus_s_power,977,True,21936.0,21936.0,256,1000000
10000,10.0,0.4,0.14666810181288348,3.684136148790474,0.039810717055349755,0.20841608216115287,10.0,one_minus_s_power,978,True,12147.0,12147.0,256,1000000
10000,10.0,0.4,0.14666810181288348,3.684136148790474,0.039810717055349755,0.20841608216115287,10.0,one_minus_s_power,979,True,19976.0,19976.0,256,1000000
10000,10.0,0.4,0.14666810181288348,3.684136148790474,0.039810717055349755,0.20841608216115287,10.0,one_minus_s_power,980,True,4261.0,4261.0,256,1000000
10000,10.0,0.4,0.14666810181288348,3.684136148790474,0.039810717055349755,0.20841608216115287,10.0,one_minus_s_power,981,True,3237.0,3237.0,256,1000000
10000,10.0,0.4,0.14666810181288348,3.684136148790474,0.039810717055349755,0.20841608216115287,10.0,one_minus_s_power,982,True,11456.0,11456.0,256,1000000
10000,10.0,0.4,0.14666810181288348,3.684136148790474,0.039810717055349755,0.20841608216115287,10.0,one_minus_s_power,983,True,12693.0,12693.0,256,1000000
10000,10.0,0.4,0.14666810181288348,3.684136148790474,0.039810717055349755,0.20841608216115287,10.0,one_minus_s_power,984,True,14210.0,14210.0,256,1000000
10000,10.0,0.4,0.14666810181288348,3.684136148790474,0.039810717055349755,0.20841608216115287,10.0,one_minus_s_power,985,True,18657.0,18657.0,256,1000000
10000,10.0,0.4,0.14666810181288348,3.684136148790474,0.039810717055349755,0.20841608216115287,10.0,one_minus_s_power,986,True,94.0,94.0,256,1000000
10000,10.0,0.4,0.14666810181288348,3.684136148790474,0.039810717055349755,0.20841608216115287,10.0,one_minus_s_power,987,True,18581.0,18581.0,256,1000000
10000,10.0,0.4,0.14666810181288348,3.684136148790474,0.039810717055349755,0.20841608216115287,10.0,one_minus_s_power,988,True,28854.0,28854.0,256,1000000
10000,10.0,0.4,0.14666810181288348,3.684136148790474,0.039810717055349755,0.20841608216115287,10.0,one_minus_s_power,989,True,33441.0,33441.0,256,1000000
10000,10.0,0.4,0.14666810181288348,3.684136148790474,0.039810717055349755,0.20841608216115287,10.0,one_minus_s_power,990,True,5260.0,5260.0,256,1000000
10000,10.0,0.4,0.14666810181288348,3.684136148790474,0.039810717055349755,0.20841608216115287,10.0,one_minus_s_power,991,True,21208.0,21208.0,256,1000000
10000,10.0,0.4,0.14666810181288348,3.684136148790474,0.039810717055349755,0.20841608216115287,10.0,one_minus_s_power,992,True,6564.0,6564.0,256,1000000
10000,10.0,0.4,0.14666810181288348,3.684136148790474,0.039810717055349755,0.20841608216115287,10.0,one_minus_s_power,993,True,3301.0,3301.0,256,1000000
10000,10.0,0.4,0.14666810181288348,3.684136148790474,0.039810717055349755,0.20841608216115287,10.0,one_minus_s_power,994,True,20628.0,20628.0,256,1000000
10000,10.0,0.4,0.14666810181288348,3.684136148790474,0.039810717055349755,0.20841608216115287,10.0,one_minus_s_power,995,True,3350.0,3350.0,256,1000000
10000,10.0,0.4,0.14666810181288348,3.684136148790474,0.039810717055349755,0.20841608216115287,10.0,one_minus_s_power,996,True,13943.0,13943.0,256,1000000
10000,10.0,0.4,0.14666810181288348,3.684136148790474,0.039810717055349755,0.20841608216115287,10.0,one_minus_s_power,997,True,15529.0,15529.0,256,1000000
10000,10.0,0.4,0.14666810181288348,3.684136148790474,0.039810717055349755,0.20841608216115287,10.0,one_minus_s_power,998,True,27255.0,27255.0,256,1000000
10000,10.0,0.4,0.14666810181288348,3.684136148790474,0.039810717055349755,0.20841608216115287,10.0,one_minus_s_power,999,True,15265.0,15265.0,256,1000000
