N,psi,delta,u,u_div_s,s,effective_beta,psi_check,selection_mode,path_index,hit_x0_zero,t_0,first_loss_time,num_classes,T_MAX
10000,1.3,0.3,0.005692988244759978,2.763102111592855,0.002060361150199448,0.5611649282365188,1.3000000000000003,one_minus_s_power,0,True,2241.0,2241.0,256,1000000
10000,1.3,0.3,0.005692988244759978,2.763102111592855,0.002060361150199448,0.5611649282365188,1.3000000000000003,one_minus_s_power,1,True,4985.0,4985.0,256,1000000
10000,1.3,0.3,0.005692988244759978,2.763102111592855,0.002060361150199448,0.5611649282365188,1.3000000000000003,one_minus_s_power,2,True,2431.0,2431.0,256,1000000
10000,1.3,0.3,0.005692988244759978,2.763102111592855,0.002060361150199448,0.5611649282365188,1.3000000000000003,one_minus_s_power,3,True,13497.0,13497.0,256,1000000
10000,1.3,0.3,0.005692988244759978,2.763102111592855,0.002060361150199448,0.5611649282365188,1.3000000000000003,one_minus_s_power,4,True,967.0,967.0,256,1000000
10000,1.3,0.3,0.005692988244759978,2.763102111592855,0.002060361150199448,0.5611649282365188,1.3000000000000003,one_minus_s_power,5,True,1370.0,1370.0,256,1000000
10000,1.3,0.3,0.005692988244759978,2.763102111592855,0.002060361150199448,0.5611649282365188,1.3000000000000003,one_minus_s_power,6,True,1253.0,1253.0,256,1000000
10000,1.3,0.3,0.005692988244759978,2.763102111592855,0.002060361150199448,0.5611649282365188,1.3000000000000003,one_minus_s_power,7,True,602.0,602.0,256,1000000
10000,1.3,0.3,0.005692988244759978,2.763102111592855,0.002060361150199448,0.5611649282365188,1.3000000000000003,one_minus_s_power,8,True,3822.0,3822.0,256,1000000
10000,1.3,0.3,0.005692988244759978,2.763102111592855,0.002060361150199448,0.5611649282365188,1.3000000000000003,one_minus_s_power,9,True,639.0,639.0,256,1000000
10000,1.3,0.3,0.005692988244759978,2.763102111592855,0.002060361150199448,0.5611649282365188,1.3000000000000003,one_minus_s_power,10,True,766.0,766.0,256,1000000
10000,1.3,0.3,0.005692988244759978,2.763102111592855,0.002060361150199448,0.5611649282365188,1.3000000000000003,one_minus_s_power,11,True,503.0,503.0,256,1000000
10000,1.3,0.3,0.005692988244759978,2.763102111592855,0.002060361150199448,0.5611649282365188,1.3000000000000003,one_minus_s_power,12,True,4147.0,4147.0,256,1000000
10000,1.3,0.3,0.005692988244759978,2.763102111592855,0.002060361150199448,0.5611649282365188,1.3000000000000003,one_minus_s_power,13,True,1365.0,1365.0,256,1000000
10000,1.3,0.3,0.005692988244759978,2.763102111592855,0.002060361150199448,0.5611649282365188,1.3000000000000003,one_minus_s_power,14,True,2411.0,2411.0,256,1000000
10000,1.3,0.3,0.005692988244759978,2.763102111592855,0.002060361150199448,0.5611649282365188,1.3000000000000003,one_minus_s_power,15,True,1165.0,1165.0,256,1000000
10000,1.3,0.3,0.005692988244759978,2.763102111592855,0.002060361150199448,0.5611649282365188,1.3000000000000003,one_minus_s_power,16,True,433.0,433.0,256,1000000
10000,1.3,0.3,0.005692988244759978,2.763102111592855,0.002060361150199448,0.5611649282365188,1.3000000000000003,one_minus_s_power,17,True,3827.0,3827.0,256,1000000
10000,1.3,0.3,0.005692988244759978,2.763102111592855,0.002060361150199448,0.5611649282365188,1.3000000000000003,one_minus_s_power,18,True,9192.0,9192.0,256,1000000
10000,1.3,0.3,0.005692988244759978,2.763102111592855,0.002060361150199448,0.5611649282365188,1.3000000000000003,one_minus_s_power,19,True,1460.0,1460.0,256,1000000
10000,1.3,0.3,0.005692988244759978,2.763102111592855,0.002060361150199448,0.5611649282365188,1.3000000000000003,one_minus_s_power,20,True,2373.0,2373.0,256,1000000
10000,1.3,0.3,0.005692988244759978,2.763102111592855,0.002060361150199448,0.5611649282365188,1.3000000000000003,one_minus_s_power,21,True,3347.0,3347.0,256,1000000
10000,1.3,0.3,0.005692988244759978,2.763102111592855,0.002060361150199448,0.5611649282365188,1.3000000000000003,one_minus_s_power,22,True,950.0,950.0,256,1000000
10000,1.3,0.3,0.005692988244759978,2.763102111592855,0.002060361150199448,0.5611649282365188,1.3000000000000003,one_minus_s_power,23,True,894.0,894.0,256,1000000
10000,1.3,0.3,0.005692988244759978,2.763102111592855,0.002060361150199448,0.5611649282365188,1.3000000000000003,one_minus_s_power,24,True,880.0,880.0,256,1000000
10000,1.3,0.3,0.005692988244759978,2.763102111592855,0.002060361150199448,0.5611649282365188,1.3000000000000003,one_minus_s_power,25,True,1508.0,1508.0,256,1000000
10000,1.3,0.3,0.005692988244759978,2.763102111592855,0.002060361150199448,0.5611649282365188,1.3000000000000003,one_minus_s_power,26,True,1547.0,1547.0,256,1000000
10000,1.3,0.3,0.005692988244759978,2.763102111592855,0.002060361150199448,0.5611649282365188,1.3000000000000003,one_minus_s_power,27,True,4099.0,4099.0,256,1000000
10000,1.3,0.3,0.005692988244759978,2.763102111592855,0.002060361150199448,0.5611649282365188,1.3000000000000003,one_minus_s_power,28,True,661.0,661.0,256,1000000
10000,1.3,0.3,0.005692988244759978,2.763102111592855,0.002060361150199448,0.5611649282365188,1.3000000000000003,one_minus_s_power,29,True,6465.0,6465.0,256,1000000
10000,1.3,0.3,0.005692988244759978,2.763102111592855,0.002060361150199448,0.5611649282365188,1.3000000000000003,one_minus_s_power,30,True,2644.0,2644.0,256,1000000
10000,1.3,0.3,0.005692988244759978,2.763102111592855,0.002060361150199448,0.5611649282365188,1.3000000000000003,one_minus_s_power,31,True,6431.0,6431.0,256,1000000
10000,1.3,0.3,0.005692988244759978,2.763102111592855,0.002060361150199448,0.5611649282365188,1.3000000000000003,one_minus_s_power,32,True,7129.0,7129.0,256,1000000
10000,1.3,0.3,0.005692988244759978,2.763102111592855,0.002060361150199448,0.5611649282365188,1.3000000000000003,one_minus_s_power,33,True,1327.0,1327.0,256,1000000
10000,1.3,0.3,0.005692988244759978,2.763102111592855,0.002060361150199448,0.5611649282365188,1.3000000000000003,one_minus_s_power,34,True,3177.0,3177.0,256,1000000
10000,1.3,0.3,0.005692988244759978,2.763102111592855,0.002060361150199448,0.5611649282365188,1.3000000000000003,one_minus_s_power,35,True,385.0,385.0,256,1000000
10000,1.3,0.3,0.005692988244759978,2.763102111592855,0.002060361150199448,0.5611649282365188,1.3000000000000003,one_minus_s_power,36,True,3221.0,3221.0,256,1000000
10000,1.3,0.3,0.005692988244759978,2.763102111592855,0.002060361150199448,0.5611649282365188,1.3000000000000003,one_minus_s_power,37,True,1763.0,1763.0,256,1000000
10000,1.3,0.3,0.005692988244759978,2.763102111592855,0.002060361150199448,0.5611649282365188,1.3000000000000003,one_minus_s_power,38,True,1967.0,1967.0,256,1000000
10000,1.3,0.3,0.005692988244759978,2.763102111592855,0.002060361150199448,0.5611649282365188,1.3000000000000003,one_minus_s_power,39,True,1773.0,1773.0,256,1000000
10000,1.3,0.3,0.005692988244759978,2.763102111592855,0.002060361150199448,0.5611649282365188,1.3000000000000003,one_minus_s_power,40,True,1631.0,1631.0,256,1000000
10000,1.3,0.3,0.005692988244759978,2.763102111592855,0.002060361150199448,0.5611649282365188,1.3000000000000003,one_minus_s_power,41,True,10332.0,10332.0,256,1000000
10000,1.3,0.3,0.005692988244759978,2.763102111592855,0.002060361150199448,0.5611649282365188,1.3000000000000003,one_minus_s_power,42,True,2688.0,2688.0,256,1000000
10000,1.3,0.3,0.005692988244759978,2.763102111592855,0.002060361150199448,0.5611649282365188,1.3000000000000003,one_minus_s_power,43,True,6825.0,6825.0,256,1000000
10000,1.3,0.3,0.005692988244759978,2.763102111592855,0.002060361150199448,0.5611649282365188,1.3000000000000003,one_minus_s_power,44,True,760.0,760.0,256,1000000
10000,1.3,0.3,0.005692988244759978,2.763102111592855,0.002060361150199448,0.5611649282365188,1.3000000000000003,one_minus_s_power,45,True,1077.0,1077.0,256,1000000
10000,1.3,0.3,0.005692988244759978,2.763102111592855,0.002060361150199448,0.5611649282365188,1.3000000000000003,one_minus_s_power,46,True,515.0,515.0,256,1000000
10000,1.3,0.3,0.005692988244759978,2.763102111592855,0.002060361150199448,0.5611649282365188,1.3000000000000003,one_minus_s_power,47,True,510.0,510.0,256,1000000
10000,1.3,0.3,0.005692988244759978,2.763102111592855,0.002060361150199448,0.5611649282365188,1.3000000000000003,one_minus_s_power,48,True,1642.0,1642.0,256,1000000
10000,1.3,0.3,0.005692988244759978,2.763102111592855,0.002060361150199448,0.5611649282365188,1.3000000000000003,one_minus_s_power,49,True,1475.0,1475.0,256,1000000
10000,1.3,0.3,0.005692988244759978,2.763102111592855,0.002060361150199448,0.5611649282365188,1.3000000000000003,one_minus_s_power,50,True,2273.0,2273.0,256,1000000
10000,1.3,0.3,0.005692988244759978,2.763102111592855,0.002060361150199448,0.5611649282365188,1.3000000000000003,one_minus_s_power,51,True,6328.0,6328.0,256,1000000
10000,1.3,0.3,0.005692988244759978,2.763102111592855,0.002060361150199448,0.5611649282365188,1.3000000000000003,one_minus_s_power,52,True,2341.0,2341.0,256,1000000
10000,1.3,0.3,0.005692988244759978,2.763102111592855,0.002060361150199448,0.5611649282365188,1.3000000000000003,one_minus_s_power,53,True,5762.0,5762.0,256,1000000
10000,1.3,0.3,0.005692988244759978,2.763102111592855,0.002060361150199448,0.5611649282365188,1.3000000000000003,one_minus_s_power,54,True,9013.0,9013.0,256,1000000
10000,1.3,0.3,0.005692988244759978,2.763102111592855,0.002060361150199448,0.5611649282365188,1.3000000000000003,one_minus_s_power,55,True,3596.0,3596.0,256,1000000
10000,1.3,0.3,0.005692988244759978,2.763102111592855,0.002060361150199448,0.5611649282365188,1.3000000000000003,one_minus_s_power,56,True,3884.0,3884.0,256,1000000
10000,1.3,0.3,0.005692988244759978,2.763102111592855,0.002060361150199448,0.5611649282365188,1.3000000000000003,one_minus_s_power,57,True,14701.0,14701.0,256,1000000
10000,1.3,0.3,0.005692988244759978,2.763102111592855,0.002060361150199448,0.5611649282365188,1.3000000000000003,one_minus_s_power,58,True,525.0,525.0,256,1000000
10000,1.3,0.3,0.005692988244759978,2.763102111592855,0.002060361150199448,0.5611649282365188,1.3000000000000003,one_minus_s_power,59,True,366.0,366.0,256,1000000
10000,1.3,0.3,0.005692988244759978,2.763102111592855,0.002060361150199448,0.5611649282365188,1.3000000000000003,one_minus_s_power,60,True,735.0,735.0,256,1000000
10000,1.3,0.3,0.005692988244759978,2.763102111592855,0.002060361150199448,0.5611649282365188,1.3000000000000003,one_minus_s_power,61,True,701.0,701.0,256,1000000
10000,1.3,0.3,0.005692988244759978,2.763102111592855,0.002060361150199448,0.5611649282365188,1.3000000000000003,one_minus_s_power,62,True,1276.0,1276.0,256,1000000
10000,1.3,0.3,0.005692988244759978,2.763102111592855,0.002060361150199448,0.5611649282365188,1.3000000000000003,one_minus_s_power,63,True,5830.0,5830.0,256,1000000
10000,1.3,0.3,0.005692988244759978,2.763102111592855,0.002060361150199448,0.5611649282365188,1.3000000000000003,one_minus_s_power,64,True,1247.0,1247.0,256,1000000
10000,1.3,0.3,0.005692988244759978,2.763102111592855,0.002060361150199448,0.5611649282365188,1.3000000000000003,one_minus_s_power,65,True,1037.0,1037.0,256,1000000
10000,1.3,0.3,0.005692988244759978,2.763102111592855,0.002060361150199448,0.5611649282365188,1.3000000000000003,one_minus_s_power,66,True,766.0,766.0,256,1000000
10000,1.3,0.3,0.005692988244759978,2.763102111592855,0.002060361150199448,0.5611649282365188,1.3000000000000003,one_minus_s_power,67,True,269.0,269.0,256,1000000
10000,1.3,0.3,0.005692988244759978,2.763102111592855,0.002060361150199448,0.5611649282365188,1.3000000000000003,one_minus_s_power,68,True,2582.0,2582.0,256,1000000
10000,1.3,0.3,0.005692988244759978,2.763102111592855,0.002060361150199448,0.5611649282365188,1.3000000000000003,one_minus_s_power,69,True,3656.0,3656.0,256,1000000
10000,1.3,0.3,0.005692988244759978,2.763102111592855,0.002060361150199448,0.5611649282365188,1.3000000000000003,one_minus_s_power,70,True,286.0,286.0,256,1000000
10000,1.3,0.3,0.005692988244759978,2.763102111592855,0.002060361150199448,0.5611649282365188,1.3000000000000003,one_minus_s_power,71,True,396.0,396.0,256,1000000
10000,1.3,0.3,0.005692988244759978,2.763102111592855,0.002060361150199448,0.5611649282365188,1.3000000000000003,one_minus_s_power,72,True,2461.0,2461.0,256,1000000
10000,1.3,0.3,0.005692988244759978,2.763102111592855,0.002060361150199448,0.5611649282365188,1.3000000000000003,one_minus_s_power,73,True,1749.0,1749.0,256,1000000
10000,1.3,0.3,0.005692988244759978,2.763102111592855,0.002060361150199448,0.5611649282365188,1.3000000000000003,one_minus_s_power,74,True,5497.0,5497.0,256,1000000
10000,1.3,0.3,0.005692988244759978,2.763102111592855,0.002060361150199448,0.5611649282365188,1.3000000000000003,one_minus_s_power,75,True,2222.0,2222.0,256,1000000
10000,1.3,0.3,0.005692988244759978,2.763102111592855,0.002060361150199448,0.5611649282365188,1.3000000000000003,one_minus_s_power,76,True,809.0,809.0,256,1000000
10000,1.3,0.3,0.005692988244759978,2.763102111592855,0.002060361150199448,0.5611649282365188,1.3000000000000003,one_minus_s_power,77,True,7649.0,7649.0,256,1000000
10000,1.3,0.3,0.005692988244759978,2.763102111592855,0.002060361150199448,0.5611649282365188,1.3000000000000003,one_minus_s_power,78,True,2355.0,2355.0,256,1000000
10000,1.3,0.3,0.005692988244759978,2.763102111592855,0.002060361150199448,0.5611649282365188,1.3000000000000003,one_minus_s_power,79,True,895.0,895.0,256,1000000
10000,1.3,0.3,0.005692988244759978,2.763102111592855,0.002060361150199448,0.5611649282365188,1.3000000000000003,one_minus_s_power,80,True,687.0,687.0,256,1000000
10000,1.3,0.3,0.005692988244759978,2.763102111592855,0.002060361150199448,0.5611649282365188,1.3000000000000003,one_minus_s_power,81,True,976.0,976.0,256,1000000
10000,1.3,0.3,0.005692988244759978,2.763102111592855,0.002060361150199448,0.5611649282365188,1.3000000000000003,one_minus_s_power,82,True,3558.0,3558.0,256,1000000
10000,1.3,0.3,0.005692988244759978,2.763102111592855,0.002060361150199448,0.5611649282365188,1.3000000000000003,one_minus_s_power,83,True,991.0,991.0,256,1000000
10000,1.3,0.3,0.005692988244759978,2.763102111592855,0.002060361150199448,0.5611649282365188,1.3000000000000003,one_minus_s_power,84,True,1878.0,1878.0,256,1000000
10000,1.3,0.3,0.005692988244759978,2.763102111592855,0.002060361150199448,0.5611649282365188,1.3000000000000003,one_minus_s_power,85,True,428.0,428.0,256,1000000
10000,1.3,0.3,0.005692988244759978,2.763102111592855,0.002060361150199448,0.5611649282365188,1.3000000000000003,one_minus_s_power,86,True,4578.0,4578.0,256,1000000
10000,1.3,0.3,0.005692988244759978,2.763102111592855,0.002060361150199448,0.5611649282365188,1.3000000000000003,one_minus_s_power,87,True,1969.0,1969.0,256,1000000
10000,1.3,0.3,0.005692988244759978,2.763102111592855,0.002060361150199448,0.5611649282365188,1.3000000000000003,one_minus_s_power,88,True,1403.0,1403.0,256,1000000
10000,1.3,0.3,0.005692988244759978,2.763102111592855,0.002060361150199448,0.5611649282365188,1.3000000000000003,one_minus_s_power,89,True,4603.0,4603.0,256,1000000
10000,1.3,0.3,0.005692988244759978,2.763102111592855,0.002060361150199448,0.5611649282365188,1.3000000000000003,one_minus_s_power,90,True,3721.0,3721.0,256,1000000
10000,1.3,0.3,0.005692988244759978,2.763102111592855,0.002060361150199448,0.5611649282365188,1.3000000000000003,one_minus_s_power,91,True,1801.0,1801.0,256,1000000
10000,1.3,0.3,0.005692988244759978,2.763102111592855,0.002060361150199448,0.5611649282365188,1.3000000000000003,one_minus_s_power,92,True,6337.0,6337.0,256,1000000
10000,1.3,0.3,0.005692988244759978,2.763102111592855,0.002060361150199448,0.5611649282365188,1.3000000000000003,one_minus_s_power,93,True,6283.0,6283.0,256,1000000
10000,1.3,0.3,0.005692988244759978,2.763102111592855,0.002060361150199448,0.5611649282365188,1.3000000000000003,one_minus_s_power,94,True,2361.0,2361.0,256,1000000
10000,1.3,0.3,0.005692988244759978,2.763102111592855,0.002060361150199448,0.5611649282365188,1.3000000000000003,one_minus_s_power,95,True,4928.0,4928.0,256,1000000
10000,1.3,0.3,0.005692988244759978,2.763102111592855,0.002060361150199448,0.5611649282365188,1.3000000000000003,one_minus_s_power,96,True,2520.0,2520.0,256,1000000
10000,1.3,0.3,0.005692988244759978,2.763102111592855,0.002060361150199448,0.5611649282365188,1.3000000000000003,one_minus_s_power,97,True,1874.0,1874.0,256,1000000
10000,1.3,0.3,0.005692988244759978,2.763102111592855,0.002060361150199448,0.5611649282365188,1.3000000000000003,one_minus_s_power,98,True,3247.0,3247.0,256,1000000
10000,1.3,0.3,0.005692988244759978,2.763102111592855,0.002060361150199448,0.5611649282365188,1.3000000000000003,one_minus_s_power,99,True,2554.0,2554.0,256,1000000
10000,1.3,0.3,0.005692988244759978,2.763102111592855,0.002060361150199448,0.5611649282365188,1.3000000000000003,one_minus_s_power,100,True,545.0,545.0,256,1000000
10000,1.3,0.3,0.005692988244759978,2.763102111592855,0.002060361150199448,0.5611649282365188,1.3000000000000003,one_minus_s_power,101,True,1373.0,1373.0,256,1000000
10000,1.3,0.3,0.005692988244759978,2.763102111592855,0.002060361150199448,0.5611649282365188,1.3000000000000003,one_minus_s_power,102,True,8075.0,8075.0,256,1000000
10000,1.3,0.3,0.005692988244759978,2.763102111592855,0.002060361150199448,0.5611649282365188,1.3000000000000003,one_minus_s_power,103,True,381.0,381.0,256,1000000
10000,1.3,0.3,0.005692988244759978,2.763102111592855,0.002060361150199448,0.5611649282365188,1.3000000000000003,one_minus_s_power,104,True,1880.0,1880.0,256,1000000
10000,1.3,0.3,0.005692988244759978,2.763102111592855,0.002060361150199448,0.5611649282365188,1.3000000000000003,one_minus_s_power,105,True,1486.0,1486.0,256,1000000
10000,1.3,0.3,0.005692988244759978,2.763102111592855,0.002060361150199448,0.5611649282365188,1.3000000000000003,one_minus_s_power,106,True,541.0,541.0,256,1000000
10000,1.3,0.3,0.005692988244759978,2.763102111592855,0.002060361150199448,0.5611649282365188,1.3000000000000003,one_minus_s_power,107,True,4694.0,4694.0,256,1000000
10000,1.3,0.3,0.005692988244759978,2.763102111592855,0.002060361150199448,0.5611649282365188,1.3000000000000003,one_minus_s_power,108,True,5345.0,5345.0,256,1000000
10000,1.3,0.3,0.005692988244759978,2.763102111592855,0.002060361150199448,0.5611649282365188,1.3000000000000003,one_minus_s_power,109,True,596.0,596.0,256,1000000
10000,1.3,0.3,0.005692988244759978,2.763102111592855,0.002060361150199448,0.5611649282365188,1.3000000000000003,one_minus_s_power,110,True,2796.0,2796.0,256,1000000
10000,1.3,0.3,0.005692988244759978,2.763102111592855,0.002060361150199448,0.5611649282365188,1.3000000000000003,one_minus_s_power,111,True,5579.0,5579.0,256,1000000
10000,1.3,0.3,0.005692988244759978,2.763102111592855,0.002060361150199448,0.5611649282365188,1.3000000000000003,one_minus_s_power,112,True,1317.0,1317.0,256,1000000
10000,1.3,0.3,0.005692988244759978,2.763102111592855,0.002060361150199448,0.5611649282365188,1.3000000000000003,one_minus_s_power,113,True,471.0,471.0,256,1000000
10000,1.3,0.3,0.005692988244759978,2.763102111592855,0.002060361150199448,0.5611649282365188,1.3000000000000003,one_minus_s_power,114,True,690.0,690.0,256,1000000
10000,1.3,0.3,0.005692988244759978,2.763102111592855,0.002060361150199448,0.5611649282365188,1.3000000000000003,one_minus_s_power,115,True,3413.0,3413.0,256,1000000
10000,1.3,0.3,0.005692988244759978,2.763102111592855,0.002060361150199448,0.5611649282365188,1.3000000000000003,one_minus_s_power,116,True,521.0,521.0,256,1000000
10000,1.3,0.3,0.005692988244759978,2.763102111592855,0.002060361150199448,0.5611649282365188,1.3000000000000003,one_minus_s_power,117,True,3439.0,3439.0,256,1000000
10000,1.3,0.3,0.005692988244759978,2.763102111592855,0.002060361150199448,0.5611649282365188,1.3000000000000003,one_minus_s_power,118,True,3271.0,3271.0,256,1000000
10000,1.3,0.3,0.005692988244759978,2.763102111592855,0.002060361150199448,0.5611649282365188,1.3000000000000003,one_minus_s_power,119,True,5741.0,5741.0,256,1000000
10000,1.3,0.3,0.005692988244759978,2.763102111592855,0.002060361150199448,0.5611649282365188,1.3000000000000003,one_minus_s_power,120,True,4278.0,4278.0,256,1000000
10000,1.3,0.3,0.005692988244759978,2.763102111592855,0.002060361150199448,0.5611649282365188,1.3000000000000003,one_minus_s_power,121,True,5288.0,5288.0,256,1000000
10000,1.3,0.3,0.005692988244759978,2.763102111592855,0.002060361150199448,0.5611649282365188,1.3000000000000003,one_minus_s_power,122,True,597.0,597.0,256,1000000
10000,1.3,0.3,0.005692988244759978,2.763102111592855,0.002060361150199448,0.5611649282365188,1.3000000000000003,one_minus_s_power,123,True,567.0,567.0,256,1000000
10000,1.3,0.3,0.005692988244759978,2.763102111592855,0.002060361150199448,0.5611649282365188,1.3000000000000003,one_minus_s_power,124,True,1398.0,1398.0,256,1000000
10000,1.3,0.3,0.005692988244759978,2.763102111592855,0.002060361150199448,0.5611649282365188,1.3000000000000003,one_minus_s_power,125,True,4369.0,4369.0,256,1000000
10000,1.3,0.3,0.005692988244759978,2.763102111592855,0.002060361150199448,0.5611649282365188,1.3000000000000003,one_minus_s_power,126,True,3339.0,3339.0,256,1000000
10000,1.3,0.3,0.005692988244759978,2.763102111592855,0.002060361150199448,0.5611649282365188,1.3000000000000003,one_minus_s_power,127,True,367.0,367.0,256,1000000
10000,1.3,0.3,0.005692988244759978,2.763102111592855,0.002060361150199448,0.5611649282365188,1.3000000000000003,one_minus_s_power,128,True,4217.0,4217.0,256,1000000
10000,1.3,0.3,0.005692988244759978,2.763102111592855,0.002060361150199448,0.5611649282365188,1.3000000000000003,one_minus_s_power,129,True,1812.0,1812.0,256,1000000
10000,1.3,0.3,0.005692988244759978,2.763102111592855,0.002060361150199448,0.5611649282365188,1.3000000000000003,one_minus_s_power,130,True,3333.0,3333.0,256,1000000
10000,1.3,0.3,0.005692988244759978,2.763102111592855,0.002060361150199448,0.5611649282365188,1.3000000000000003,one_minus_s_power,131,True,7371.0,7371.0,256,1000000
10000,1.3,0.3,0.005692988244759978,2.763102111592855,0.002060361150199448,0.5611649282365188,1.3000000000000003,one_minus_s_power,132,True,639.0,639.0,256,1000000
10000,1.3,0.3,0.005692988244759978,2.763102111592855,0.002060361150199448,0.5611649282365188,1.3000000000000003,one_minus_s_power,133,True,2747.0,2747.0,256,1000000
10000,1.3,0.3,0.005692988244759978,2.763102111592855,0.002060361150199448,0.5611649282365188,1.3000000000000003,one_minus_s_power,134,True,1900.0,1900.0,256,1000000
10000,1.3,0.3,0.005692988244759978,2.763102111592855,0.002060361150199448,0.5611649282365188,1.3000000000000003,one_minus_s_power,135,True,2351.0,2351.0,256,1000000
10000,1.3,0.3,0.005692988244759978,2.763102111592855,0.002060361150199448,0.5611649282365188,1.3000000000000003,one_minus_s_power,136,True,722.0,722.0,256,1000000
10000,1.3,0.3,0.005692988244759978,2.763102111592855,0.002060361150199448,0.5611649282365188,1.3000000000000003,one_minus_s_power,137,True,432.0,432.0,256,1000000
10000,1.3,0.3,0.005692988244759978,2.763102111592855,0.002060361150199448,0.5611649282365188,1.3000000000000003,one_minus_s_power,138,True,441.0,441.0,256,1000000
10000,1.3,0.3,0.005692988244759978,2.763102111592855,0.002060361150199448,0.5611649282365188,1.3000000000000003,one_minus_s_power,139,True,912.0,912.0,256,1000000
10000,1.3,0.3,0.005692988244759978,2.763102111592855,0.002060361150199448,0.5611649282365188,1.3000000000000003,one_minus_s_power,140,True,693.0,693.0,256,1000000
10000,1.3,0.3,0.005692988244759978,2.763102111592855,0.002060361150199448,0.5611649282365188,1.3000000000000003,one_minus_s_power,141,True,5411.0,5411.0,256,1000000
10000,1.3,0.3,0.005692988244759978,2.763102111592855,0.002060361150199448,0.5611649282365188,1.3000000000000003,one_minus_s_power,142,True,2615.0,2615.0,256,1000000
10000,1.3,0.3,0.005692988244759978,2.763102111592855,0.002060361150199448,0.5611649282365188,1.3000000000000003,one_minus_s_power,143,True,913.0,913.0,256,1000000
10000,1.3,0.3,0.005692988244759978,2.763102111592855,0.002060361150199448,0.5611649282365188,1.3000000000000003,one_minus_s_power,144,True,1504.0,1504.0,256,1000000
10000,1.3,0.3,0.005692988244759978,2.763102111592855,0.002060361150199448,0.5611649282365188,1.3000000000000003,one_minus_s_power,145,True,1546.0,1546.0,256,1000000
10000,1.3,0.3,0.005692988244759978,2.763102111592855,0.002060361150199448,0.5611649282365188,1.3000000000000003,one_minus_s_power,146,True,598.0,598.0,256,1000000
10000,1.3,0.3,0.005692988244759978,2.763102111592855,0.002060361150199448,0.5611649282365188,1.3000000000000003,one_minus_s_power,147,True,434.0,434.0,256,1000000
10000,1.3,0.3,0.005692988244759978,2.763102111592855,0.002060361150199448,0.5611649282365188,1.3000000000000003,one_minus_s_power,148,True,586.0,586.0,256,1000000
10000,1.3,0.3,0.005692988244759978,2.763102111592855,0.002060361150199448,0.5611649282365188,1.3000000000000003,one_minus_s_power,149,True,1414.0,1414.0,256,1000000
10000,1.3,0.3,0.005692988244759978,2.763102111592855,0.002060361150199448,0.5611649282365188,1.3000000000000003,one_minus_s_power,150,True,4387.0,4387.0,256,1000000
10000,1.3,0.3,0.005692988244759978,2.763102111592855,0.002060361150199448,0.5611649282365188,1.3000000000000003,one_minus_s_power,151,True,4195.0,4195.0,256,1000000
10000,1.3,0.3,0.005692988244759978,2.763102111592855,0.002060361150199448,0.5611649282365188,1.3000000000000003,one_minus_s_power,152,True,942.0,942.0,256,1000000
10000,1.3,0.3,0.005692988244759978,2.763102111592855,0.002060361150199448,0.5611649282365188,1.3000000000000003,one_minus_s_power,153,True,2801.0,2801.0,256,1000000
10000,1.3,0.3,0.005692988244759978,2.763102111592855,0.002060361150199448,0.5611649282365188,1.3000000000000003,one_minus_s_power,154,True,351.0,351.0,256,1000000
10000,1.3,0.3,0.005692988244759978,2.763102111592855,0.002060361150199448,0.5611649282365188,1.3000000000000003,one_minus_s_power,155,True,878.0,878.0,256,1000000
10000,1.3,0.3,0.005692988244759978,2.763102111592855,0.002060361150199448,0.5611649282365188,1.3000000000000003,one_minus_s_power,156,True,3351.0,3351.0,256,1000000
10000,1.3,0.3,0.005692988244759978,2.763102111592855,0.002060361150199448,0.5611649282365188,1.3000000000000003,one_minus_s_power,157,True,3070.0,3070.0,256,1000000
10000,1.3,0.3,0.005692988244759978,2.763102111592855,0.002060361150199448,0.5611649282365188,1.3000000000000003,one_minus_s_power,158,True,5328.0,5328.0,256,1000000
10000,1.3,0.3,0.005692988244759978,2.763102111592855,0.002060361150199448,0.5611649282365188,1.3000000000000003,one_minus_s_power,159,True,6043.0,6043.0,256,1000000
10000,1.3,0.3,0.005692988244759978,2.763102111592855,0.002060361150199448,0.5611649282365188,1.3000000000000003,one_minus_s_power,160,True,2508.0,2508.0,256,1000000
10000,1.3,0.3,0.005692988244759978,2.763102111592855,0.002060361150199448,0.5611649282365188,1.3000000000000003,one_minus_s_power,161,True,6091.0,6091.0,256,1000000
10000,1.3,0.3,0.005692988244759978,2.763102111592855,0.002060361150199448,0.5611649282365188,1.3000000000000003,one_minus_s_power,162,True,4857.0,4857.0,256,1000000
10000,1.3,0.3,0.005692988244759978,2.763102111592855,0.002060361150199448,0.5611649282365188,1.3000000000000003,one_minus_s_power,163,True,323.0,323.0,256,1000000
10000,1.3,0.3,0.005692988244759978,2.763102111592855,0.002060361150199448,0.5611649282365188,1.3000000000000003,one_minus_s_power,164,True,4504.0,4504.0,256,1000000
10000,1.3,0.3,0.005692988244759978,2.763102111592855,0.002060361150199448,0.5611649282365188,1.3000000000000003,one_minus_s_power,165,True,1872.0,1872.0,256,1000000
10000,1.3,0.3,0.005692988244759978,2.763102111592855,0.002060361150199448,0.5611649282365188,1.3000000000000003,one_minus_s_power,166,True,3435.0,3435.0,256,1000000
10000,1.3,0.3,0.005692988244759978,2.763102111592855,0.002060361150199448,0.5611649282365188,1.3000000000000003,one_minus_s_power,167,True,2917.0,2917.0,256,1000000
10000,1.3,0.3,0.005692988244759978,2.763102111592855,0.002060361150199448,0.5611649282365188,1.3000000000000003,one_minus_s_power,168,True,2018.0,2018.0,256,1000000
10000,1.3,0.3,0.005692988244759978,2.763102111592855,0.002060361150199448,0.5611649282365188,1.3000000000000003,one_minus_s_power,169,True,2352.0,2352.0,256,1000000
10000,1.3,0.3,0.005692988244759978,2.763102111592855,0.002060361150199448,0.5611649282365188,1.3000000000000003,one_minus_s_power,170,True,3537.0,3537.0,256,1000000
10000,1.3,0.3,0.005692988244759978,2.763102111592855,0.002060361150199448,0.5611649282365188,1.3000000000000003,one_minus_s_power,171,True,6106.0,6106.0,256,1000000
10000,1.3,0.3,0.005692988244759978,2.763102111592855,0.002060361150199448,0.5611649282365188,1.3000000000000003,one_minus_s_power,172,True,1041.0,1041.0,256,1000000
10000,1.3,0.3,0.005692988244759978,2.763102111592855,0.002060361150199448,0.5611649282365188,1.3000000000000003,one_minus_s_power,173,True,1551.0,1551.0,256,1000000
10000,1.3,0.3,0.005692988244759978,2.763102111592855,0.002060361150199448,0.5611649282365188,1.3000000000000003,one_minus_s_power,174,True,1490.0,1490.0,256,1000000
10000,1.3,0.3,0.005692988244759978,2.763102111592855,0.002060361150199448,0.5611649282365188,1.3000000000000003,one_minus_s_power,175,True,3606.0,3606.0,256,1000000
10000,1.3,0.3,0.005692988244759978,2.763102111592855,0.002060361150199448,0.5611649282365188,1.3000000000000003,one_minus_s_power,176,True,1966.0,1966.0,256,1000000
10000,1.3,0.3,0.005692988244759978,2.763102111592855,0.002060361150199448,0.5611649282365188,1.3000000000000003,one_minus_s_power,177,True,762.0,762.0,256,1000000
10000,1.3,0.3,0.005692988244759978,2.763102111592855,0.002060361150199448,0.5611649282365188,1.3000000000000003,one_minus_s_power,178,True,7424.0,7424.0,256,1000000
10000,1.3,0.3,0.005692988244759978,2.763102111592855,0.002060361150199448,0.5611649282365188,1.3000000000000003,one_minus_s_power,179,True,1762.0,1762.0,256,1000000
10000,1.3,0.3,0.005692988244759978,2.763102111592855,0.002060361150199448,0.5611649282365188,1.3000000000000003,one_minus_s_power,180,True,4339.0,4339.0,256,1000000
10000,1.3,0.3,0.005692988244759978,2.763102111592855,0.002060361150199448,0.5611649282365188,1.3000000000000003,one_minus_s_power,181,True,10377.0,10377.0,256,1000000
10000,1.3,0.3,0.005692988244759978,2.763102111592855,0.002060361150199448,0.5611649282365188,1.3000000000000003,one_minus_s_power,182,True,3107.0,3107.0,256,1000000
10000,1.3,0.3,0.005692988244759978,2.763102111592855,0.002060361150199448,0.5611649282365188,1.3000000000000003,one_minus_s_power,183,True,597.0,597.0,256,1000000
10000,1.3,0.3,0.005692988244759978,2.763102111592855,0.002060361150199448,0.5611649282365188,1.3000000000000003,one_minus_s_power,184,True,1223.0,1223.0,256,1000000
10000,1.3,0.3,0.005692988244759978,2.763102111592855,0.002060361150199448,0.5611649282365188,1.3000000000000003,one_minus_s_power,185,True,1056.0,1056.0,256,1000000
10000,1.3,0.3,0.005692988244759978,2.763102111592855,0.002060361150199448,0.5611649282365188,1.3000000000000003,one_minus_s_power,186,True,1069.0,1069.0,256,1000000
10000,1.3,0.3,0.005692988244759978,2.763102111592855,0.002060361150199448,0.5611649282365188,1.3000000000000003,one_minus_s_power,187,True,1965.0,1965.0,256,1000000
10000,1.3,0.3,0.005692988244759978,2.763102111592855,0.002060361150199448,0.5611649282365188,1.3000000000000003,one_minus_s_power,188,True,7977.0,7977.0,256,1000000
10000,1.3,0.3,0.005692988244759978,2.763102111592855,0.002060361150199448,0.5611649282365188,1.3000000000000003,one_minus_s_power,189,True,1554.0,1554.0,256,1000000
10000,1.3,0.3,0.005692988244759978,2.763102111592855,0.002060361150199448,0.5611649282365188,1.3000000000000003,one_minus_s_power,190,True,3667.0,3667.0,256,1000000
10000,1.3,0.3,0.005692988244759978,2.763102111592855,0.002060361150199448,0.5611649282365188,1.3000000000000003,one_minus_s_power,191,True,5795.0,5795.0,256,1000000
10000,1.3,0.3,0.005692988244759978,2.763102111592855,0.002060361150199448,0.5611649282365188,1.3000000000000003,one_minus_s_power,192,True,3882.0,3882.0,256,1000000
10000,1.3,0.3,0.005692988244759978,2.763102111592855,0.002060361150199448,0.5611649282365188,1.3000000000000003,one_minus_s_power,193,True,421.0,421.0,256,1000000
10000,1.3,0.3,0.005692988244759978,2.763102111592855,0.002060361150199448,0.5611649282365188,1.3000000000000003,one_minus_s_power,194,True,1071.0,1071.0,256,1000000
10000,1.3,0.3,0.005692988244759978,2.763102111592855,0.002060361150199448,0.5611649282365188,1.3000000000000003,one_minus_s_power,195,True,530.0,530.0,256,1000000
10000,1.3,0.3,0.005692988244759978,2.763102111592855,0.002060361150199448,0.5611649282365188,1.3000000000000003,one_minus_s_power,196,True,8888.0,8888.0,256,1000000
10000,1.3,0.3,0.005692988244759978,2.763102111592855,0.002060361150199448,0.5611649282365188,1.3000000000000003,one_minus_s_power,197,True,2140.0,2140.0,256,1000000
10000,1.3,0.3,0.005692988244759978,2.763102111592855,0.002060361150199448,0.5611649282365188,1.3000000000000003,one_minus_s_power,198,True,660.0,660.0,256,1000000
10000,1.3,0.3,0.005692988244759978,2.763102111592855,0.002060361150199448,0.5611649282365188,1.3000000000000003,one_minus_s_power,199,True,736.0,736.0,256,1000000
10000,1.3,0.3,0.005692988244759978,2.763102111592855,0.002060361150199448,0.5611649282365188,1.3000000000000003,one_minus_s_power,200,True,1613.0,1613.0,256,1000000
10000,1.3,0.3,0.005692988244759978,2.763102111592855,0.002060361150199448,0.5611649282365188,1.3000000000000003,one_minus_s_power,201,True,5461.0,5461.0,256,1000000
10000,1.3,0.3,0.005692988244759978,2.763102111592855,0.002060361150199448,0.5611649282365188,1.3000000000000003,one_minus_s_power,202,True,3678.0,3678.0,256,1000000
10000,1.3,0.3,0.005692988244759978,2.763102111592855,0.002060361150199448,0.5611649282365188,1.3000000000000003,one_minus_s_power,203,True,1673.0,1673.0,256,1000000
10000,1.3,0.3,0.005692988244759978,2.763102111592855,0.002060361150199448,0.5611649282365188,1.3000000000000003,one_minus_s_power,204,True,3390.0,3390.0,256,1000000
10000,1.3,0.3,0.005692988244759978,2.763102111592855,0.002060361150199448,0.5611649282365188,1.3000000000000003,one_minus_s_power,205,True,3840.0,3840.0,256,1000000
10000,1.3,0.3,0.005692988244759978,2.763102111592855,0.002060361150199448,0.5611649282365188,1.3000000000000003,one_minus_s_power,206,True,1759.0,1759.0,256,1000000
10000,1.3,0.3,0.005692988244759978,2.763102111592855,0.002060361150199448,0.5611649282365188,1.3000000000000003,one_minus_s_power,207,True,1681.0,1681.0,256,1000000
10000,1.3,0.3,0.005692988244759978,2.763102111592855,0.002060361150199448,0.5611649282365188,1.3000000000000003,one_minus_s_power,208,True,1612.0,1612.0,256,1000000
10000,1.3,0.3,0.005692988244759978,2.763102111592855,0.002060361150199448,0.5611649282365188,1.3000000000000003,one_minus_s_power,209,True,5707.0,5707.0,256,1000000
10000,1.3,0.3,0.005692988244759978,2.763102111592855,0.002060361150199448,0.5611649282365188,1.3000000000000003,one_minus_s_power,210,True,4925.0,4925.0,256,1000000
10000,1.3,0.3,0.005692988244759978,2.763102111592855,0.002060361150199448,0.5611649282365188,1.3000000000000003,one_minus_s_power,211,True,1422.0,1422.0,256,1000000
10000,1.3,0.3,0.005692988244759978,2.763102111592855,0.002060361150199448,0.5611649282365188,1.3000000000000003,one_minus_s_power,212,True,822.0,822.0,256,1000000
10000,1.3,0.3,0.005692988244759978,2.763102111592855,0.002060361150199448,0.5611649282365188,1.3000000000000003,one_minus_s_power,213,True,1791.0,1791.0,256,1000000
10000,1.3,0.3,0.005692988244759978,2.763102111592855,0.002060361150199448,0.5611649282365188,1.3000000000000003,one_minus_s_power,214,True,1333.0,1333.0,256,1000000
10000,1.3,0.3,0.005692988244759978,2.763102111592855,0.002060361150199448,0.5611649282365188,1.3000000000000003,one_minus_s_power,215,True,10402.0,10402.0,256,1000000
10000,1.3,0.3,0.005692988244759978,2.763102111592855,0.002060361150199448,0.5611649282365188,1.3000000000000003,one_minus_s_power,216,True,1242.0,1242.0,256,1000000
10000,1.3,0.3,0.005692988244759978,2.763102111592855,0.002060361150199448,0.5611649282365188,1.3000000000000003,one_minus_s_power,217,True,1630.0,1630.0,256,1000000
10000,1.3,0.3,0.005692988244759978,2.763102111592855,0.002060361150199448,0.5611649282365188,1.3000000000000003,one_minus_s_power,218,True,7989.0,7989.0,256,1000000
10000,1.3,0.3,0.005692988244759978,2.763102111592855,0.002060361150199448,0.5611649282365188,1.3000000000000003,one_minus_s_power,219,True,4802.0,4802.0,256,1000000
10000,1.3,0.3,0.005692988244759978,2.763102111592855,0.002060361150199448,0.5611649282365188,1.3000000000000003,one_minus_s_power,220,True,2688.0,2688.0,256,1000000
10000,1.3,0.3,0.005692988244759978,2.763102111592855,0.002060361150199448,0.5611649282365188,1.3000000000000003,one_minus_s_power,221,True,3808.0,3808.0,256,1000000
10000,1.3,0.3,0.005692988244759978,2.763102111592855,0.002060361150199448,0.5611649282365188,1.3000000000000003,one_minus_s_power,222,True,1667.0,1667.0,256,1000000
10000,1.3,0.3,0.005692988244759978,2.763102111592855,0.002060361150199448,0.5611649282365188,1.3000000000000003,one_minus_s_power,223,True,938.0,938.0,256,1000000
10000,1.3,0.3,0.005692988244759978,2.763102111592855,0.002060361150199448,0.5611649282365188,1.3000000000000003,one_minus_s_power,224,True,2173.0,2173.0,256,1000000
10000,1.3,0.3,0.005692988244759978,2.763102111592855,0.002060361150199448,0.5611649282365188,1.3000000000000003,one_minus_s_power,225,True,1028.0,1028.0,256,1000000
10000,1.3,0.3,0.005692988244759978,2.763102111592855,0.002060361150199448,0.5611649282365188,1.3000000000000003,one_minus_s_power,226,True,1325.0,1325.0,256,1000000
10000,1.3,0.3,0.005692988244759978,2.763102111592855,0.002060361150199448,0.5611649282365188,1.3000000000000003,one_minus_s_power,227,True,2756.0,2756.0,256,1000000
10000,1.3,0.3,0.005692988244759978,2.763102111592855,0.002060361150199448,0.5611649282365188,1.3000000000000003,one_minus_s_power,228,True,7833.0,7833.0,256,1000000
10000,1.3,0.3,0.005692988244759978,2.763102111592855,0.002060361150199448,0.5611649282365188,1.3000000000000003,one_minus_s_power,229,True,2245.0,2245.0,256,1000000
10000,1.3,0.3,0.005692988244759978,2.763102111592855,0.002060361150199448,0.5611649282365188,1.3000000000000003,one_minus_s_power,230,True,2323.0,2323.0,256,1000000
10000,1.3,0.3,0.005692988244759978,2.763102111592855,0.002060361150199448,0.5611649282365188,1.3000000000000003,one_minus_s_power,231,True,5635.0,5635.0,256,1000000
10000,1.3,0.3,0.005692988244759978,2.763102111592855,0.002060361150199448,0.5611649282365188,1.3000000000000003,one_minus_s_power,232,True,2369.0,2369.0,256,1000000
10000,1.3,0.3,0.005692988244759978,2.763102111592855,0.002060361150199448,0.5611649282365188,1.3000000000000003,one_minus_s_power,233,True,2754.0,2754.0,256,1000000
10000,1.3,0.3,0.005692988244759978,2.763102111592855,0.002060361150199448,0.5611649282365188,1.3000000000000003,one_minus_s_power,234,True,2882.0,2882.0,256,1000000
10000,1.3,0.3,0.005692988244759978,2.763102111592855,0.002060361150199448,0.5611649282365188,1.3000000000000003,one_minus_s_power,235,True,2364.0,2364.0,256,1000000
10000,1.3,0.3,0.005692988244759978,2.763102111592855,0.002060361150199448,0.5611649282365188,1.3000000000000003,one_minus_s_power,236,True,5606.0,5606.0,256,1000000
10000,1.3,0.3,0.005692988244759978,2.763102111592855,0.002060361150199448,0.5611649282365188,1.3000000000000003,one_minus_s_power,237,True,2825.0,2825.0,256,1000000
10000,1.3,0.3,0.005692988244759978,2.763102111592855,0.002060361150199448,0.5611649282365188,1.3000000000000003,one_minus_s_power,238,True,679.0,679.0,256,1000000
10000,1.3,0.3,0.005692988244759978,2.763102111592855,0.002060361150199448,0.5611649282365188,1.3000000000000003,one_minus_s_power,239,True,6698.0,6698.0,256,1000000
10000,1.3,0.3,0.005692988244759978,2.763102111592855,0.002060361150199448,0.5611649282365188,1.3000000000000003,one_minus_s_power,240,True,2020.0,2020.0,256,1000000
10000,1.3,0.3,0.005692988244759978,2.763102111592855,0.002060361150199448,0.5611649282365188,1.3000000000000003,one_minus_s_power,241,True,1917.0,1917.0,256,1000000
10000,1.3,0.3,0.005692988244759978,2.763102111592855,0.002060361150199448,0.5611649282365188,1.3000000000000003,one_minus_s_power,242,True,8986.0,8986.0,256,1000000
10000,1.3,0.3,0.005692988244759978,2.763102111592855,0.002060361150199448,0.5611649282365188,1.3000000000000003,one_minus_s_power,243,True,654.0,654.0,256,1000000
10000,1.3,0.3,0.005692988244759978,2.763102111592855,0.002060361150199448,0.5611649282365188,1.3000000000000003,one_minus_s_power,244,True,362.0,362.0,256,1000000
10000,1.3,0.3,0.005692988244759978,2.763102111592855,0.002060361150199448,0.5611649282365188,1.3000000000000003,one_minus_s_power,245,True,2481.0,2481.0,256,1000000
10000,1.3,0.3,0.005692988244759978,2.763102111592855,0.002060361150199448,0.5611649282365188,1.3000000000000003,one_minus_s_power,246,True,2084.0,2084.0,256,1000000
10000,1.3,0.3,0.005692988244759978,2.763102111592855,0.002060361150199448,0.5611649282365188,1.3000000000000003,one_minus_s_power,247,True,1063.0,1063.0,256,1000000
10000,1.3,0.3,0.005692988244759978,2.763102111592855,0.002060361150199448,0.5611649282365188,1.3000000000000003,one_minus_s_power,248,True,424.0,424.0,256,1000000
10000,1.3,0.3,0.005692988244759978,2.763102111592855,0.002060361150199448,0.5611649282365188,1.3000000000000003,one_minus_s_power,249,True,1197.0,1197.0,256,1000000
10000,1.3,0.3,0.005692988244759978,2.763102111592855,0.002060361150199448,0.5611649282365188,1.3000000000000003,one_minus_s_power,250,True,3035.0,3035.0,256,1000000
10000,1.3,0.3,0.005692988244759978,2.763102111592855,0.002060361150199448,0.5611649282365188,1.3000000000000003,one_minus_s_power,251,True,459.0,459.0,256,1000000
10000,1.3,0.3,0.005692988244759978,2.763102111592855,0.002060361150199448,0.5611649282365188,1.3000000000000003,one_minus_s_power,252,True,606.0,606.0,256,1000000
10000,1.3,0.3,0.005692988244759978,2.763102111592855,0.002060361150199448,0.5611649282365188,1.3000000000000003,one_minus_s_power,253,True,491.0,491.0,256,1000000
10000,1.3,0.3,0.005692988244759978,2.763102111592855,0.002060361150199448,0.5611649282365188,1.3000000000000003,one_minus_s_power,254,True,1634.0,1634.0,256,1000000
10000,1.3,0.3,0.005692988244759978,2.763102111592855,0.002060361150199448,0.5611649282365188,1.3000000000000003,one_minus_s_power,255,True,3211.0,3211.0,256,1000000
10000,1.3,0.3,0.005692988244759978,2.763102111592855,0.002060361150199448,0.5611649282365188,1.3000000000000003,one_minus_s_power,256,True,2044.0,2044.0,256,1000000
10000,1.3,0.3,0.005692988244759978,2.763102111592855,0.002060361150199448,0.5611649282365188,1.3000000000000003,one_minus_s_power,257,True,2221.0,2221.0,256,1000000
10000,1.3,0.3,0.005692988244759978,2.763102111592855,0.002060361150199448,0.5611649282365188,1.3000000000000003,one_minus_s_power,258,True,4590.0,4590.0,256,1000000
10000,1.3,0.3,0.005692988244759978,2.763102111592855,0.002060361150199448,0.5611649282365188,1.3000000000000003,one_minus_s_power,259,True,3470.0,3470.0,256,1000000
10000,1.3,0.3,0.005692988244759978,2.763102111592855,0.002060361150199448,0.5611649282365188,1.3000000000000003,one_minus_s_power,260,True,2877.0,2877.0,256,1000000
10000,1.3,0.3,0.005692988244759978,2.763102111592855,0.002060361150199448,0.5611649282365188,1.3000000000000003,one_minus_s_power,261,True,1817.0,1817.0,256,1000000
10000,1.3,0.3,0.005692988244759978,2.763102111592855,0.002060361150199448,0.5611649282365188,1.3000000000000003,one_minus_s_power,262,True,3140.0,3140.0,256,1000000
10000,1.3,0.3,0.005692988244759978,2.763102111592855,0.002060361150199448,0.5611649282365188,1.3000000000000003,one_minus_s_power,263,True,6410.0,6410.0,256,1000000
10000,1.3,0.3,0.005692988244759978,2.763102111592855,0.002060361150199448,0.5611649282365188,1.3000000000000003,one_minus_s_power,264,True,9157.0,9157.0,256,1000000
10000,1.3,0.3,0.005692988244759978,2.763102111592855,0.002060361150199448,0.5611649282365188,1.3000000000000003,one_minus_s_power,265,True,9410.0,9410.0,256,1000000
10000,1.3,0.3,0.005692988244759978,2.763102111592855,0.002060361150199448,0.5611649282365188,1.3000000000000003,one_minus_s_power,266,True,835.0,835.0,256,1000000
10000,1.3,0.3,0.005692988244759978,2.763102111592855,0.002060361150199448,0.5611649282365188,1.3000000000000003,one_minus_s_power,267,True,2233.0,2233.0,256,1000000
10000,1.3,0.3,0.005692988244759978,2.763102111592855,0.002060361150199448,0.5611649282365188,1.3000000000000003,one_minus_s_power,268,True,3494.0,3494.0,256,1000000
10000,1.3,0.3,0.005692988244759978,2.763102111592855,0.002060361150199448,0.5611649282365188,1.3000000000000003,one_minus_s_power,269,True,818.0,818.0,256,1000000
10000,1.3,0.3,0.005692988244759978,2.763102111592855,0.002060361150199448,0.5611649282365188,1.3000000000000003,one_minus_s_power,270,True,5683.0,5683.0,256,1000000
10000,1.3,0.3,0.005692988244759978,2.763102111592855,0.002060361150199448,0.5611649282365188,1.3000000000000003,one_minus_s_power,271,True,2953.0,2953.0,256,1000000
10000,1.3,0.3,0.005692988244759978,2.763102111592855,0.002060361150199448,0.5611649282365188,1.3000000000000003,one_minus_s_power,272,True,1155.0,1155.0,256,1000000
10000,1.3,0.3,0.005692988244759978,2.763102111592855,0.002060361150199448,0.5611649282365188,1.3000000000000003,one_minus_s_power,273,True,3233.0,3233.0,256,1000000
10000,1.3,0.3,0.005692988244759978,2.763102111592855,0.002060361150199448,0.5611649282365188,1.3000000000000003,one_minus_s_power,274,True,5228.0,5228.0,256,1000000
10000,1.3,0.3,0.005692988244759978,2.763102111592855,0.002060361150199448,0.5611649282365188,1.3000000000000003,one_minus_s_power,275,True,3183.0,3183.0,256,1000000
10000,1.3,0.3,0.005692988244759978,2.763102111592855,0.002060361150199448,0.5611649282365188,1.3000000000000003,one_minus_s_power,276,True,653.0,653.0,256,1000000
10000,1.3,0.3,0.005692988244759978,2.763102111592855,0.002060361150199448,0.5611649282365188,1.3000000000000003,one_minus_s_power,277,True,1888.0,1888.0,256,1000000
10000,1.3,0.3,0.005692988244759978,2.763102111592855,0.002060361150199448,0.5611649282365188,1.3000000000000003,one_minus_s_power,278,True,1833.0,1833.0,256,1000000
10000,1.3,0.3,0.005692988244759978,2.763102111592855,0.002060361150199448,0.5611649282365188,1.3000000000000003,one_minus_s_power,279,True,2733.0,2733.0,256,1000000
10000,1.3,0.3,0.005692988244759978,2.763102111592855,0.002060361150199448,0.5611649282365188,1.3000000000000003,one_minus_s_power,280,True,662.0,662.0,256,1000000
10000,1.3,0.3,0.005692988244759978,2.763102111592855,0.002060361150199448,0.5611649282365188,1.3000000000000003,one_minus_s_power,281,True,2133.0,2133.0,256,1000000
10000,1.3,0.3,0.005692988244759978,2.763102111592855,0.002060361150199448,0.5611649282365188,1.3000000000000003,one_minus_s_power,282,True,327.0,327.0,256,1000000
10000,1.3,0.3,0.005692988244759978,2.763102111592855,0.002060361150199448,0.5611649282365188,1.3000000000000003,one_minus_s_power,283,True,978.0,978.0,256,1000000
10000,1.3,0.3,0.005692988244759978,2.763102111592855,0.002060361150199448,0.5611649282365188,1.3000000000000003,one_minus_s_power,284,True,8366.0,8366.0,256,1000000
10000,1.3,0.3,0.005692988244759978,2.763102111592855,0.002060361150199448,0.5611649282365188,1.3000000000000003,one_minus_s_power,285,True,284.0,284.0,256,1000000
10000,1.3,0.3,0.005692988244759978,2.763102111592855,0.002060361150199448,0.5611649282365188,1.3000000000000003,one_minus_s_power,286,True,5393.0,5393.0,256,1000000
10000,1.3,0.3,0.005692988244759978,2.763102111592855,0.002060361150199448,0.5611649282365188,1.3000000000000003,one_minus_s_power,287,True,8063.0,8063.0,256,1000000
10000,1.3,0.3,0.005692988244759978,2.763102111592855,0.002060361150199448,0.5611649282365188,1.3000000000000003,one_minus_s_power,288,True,325.0,325.0,256,1000000
10000,1.3,0.3,0.005692988244759978,2.763102111592855,0.002060361150199448,0.5611649282365188,1.3000000000000003,one_minus_s_power,289,True,5525.0,5525.0,256,1000000
10000,1.3,0.3,0.005692988244759978,2.763102111592855,0.002060361150199448,0.5611649282365188,1.3000000000000003,one_minus_s_power,290,True,4581.0,4581.0,256,1000000
10000,1.3,0.3,0.005692988244759978,2.763102111592855,0.002060361150199448,0.5611649282365188,1.3000000000000003,one_minus_s_power,291,True,2080.0,2080.0,256,1000000
10000,1.3,0.3,0.005692988244759978,2.763102111592855,0.002060361150199448,0.5611649282365188,1.3000000000000003,one_minus_s_power,292,True,2597.0,2597.0,256,1000000
10000,1.3,0.3,0.005692988244759978,2.763102111592855,0.002060361150199448,0.5611649282365188,1.3000000000000003,one_minus_s_power,293,True,1241.0,1241.0,256,1000000
10000,1.3,0.3,0.005692988244759978,2.763102111592855,0.002060361150199448,0.5611649282365188,1.3000000000000003,one_minus_s_power,294,True,3758.0,3758.0,256,1000000
10000,1.3,0.3,0.005692988244759978,2.763102111592855,0.002060361150199448,0.5611649282365188,1.3000000000000003,one_minus_s_power,295,True,13139.0,13139.0,256,1000000
10000,1.3,0.3,0.005692988244759978,2.763102111592855,0.002060361150199448,0.5611649282365188,1.3000000000000003,one_minus_s_power,296,True,859.0,859.0,256,1000000
10000,1.3,0.3,0.005692988244759978,2.763102111592855,0.002060361150199448,0.5611649282365188,1.3000000000000003,one_minus_s_power,297,True,4589.0,4589.0,256,1000000
10000,1.3,0.3,0.005692988244759978,2.763102111592855,0.002060361150199448,0.5611649282365188,1.3000000000000003,one_minus_s_power,298,True,2059.0,2059.0,256,1000000
10000,1.3,0.3,0.005692988244759978,2.763102111592855,0.002060361150199448,0.5611649282365188,1.3000000000000003,one_minus_s_power,299,True,1889.0,1889.0,256,1000000
10000,1.3,0.3,0.005692988244759978,2.763102111592855,0.002060361150199448,0.5611649282365188,1.3000000000000003,one_minus_s_power,300,True,1110.0,1110.0,256,1000000
10000,1.3,0.3,0.005692988244759978,2.763102111592855,0.002060361150199448,0.5611649282365188,1.3000000000000003,one_minus_s_power,301,True,2163.0,2163.0,256,1000000
10000,1.3,0.3,0.005692988244759978,2.763102111592855,0.002060361150199448,0.5611649282365188,1.3000000000000003,one_minus_s_power,302,True,1075.0,1075.0,256,1000000
10000,1.3,0.3,0.005692988244759978,2.763102111592855,0.002060361150199448,0.5611649282365188,1.3000000000000003,one_minus_s_power,303,True,830.0,830.0,256,1000000
10000,1.3,0.3,0.005692988244759978,2.763102111592855,0.002060361150199448,0.5611649282365188,1.3000000000000003,one_minus_s_power,304,True,2917.0,2917.0,256,1000000
10000,1.3,0.3,0.005692988244759978,2.763102111592855,0.002060361150199448,0.5611649282365188,1.3000000000000003,one_minus_s_power,305,True,4610.0,4610.0,256,1000000
10000,1.3,0.3,0.005692988244759978,2.763102111592855,0.002060361150199448,0.5611649282365188,1.3000000000000003,one_minus_s_power,306,True,1298.0,1298.0,256,1000000
10000,1.3,0.3,0.005692988244759978,2.763102111592855,0.002060361150199448,0.5611649282365188,1.3000000000000003,one_minus_s_power,307,True,409.0,409.0,256,1000000
10000,1.3,0.3,0.005692988244759978,2.763102111592855,0.002060361150199448,0.5611649282365188,1.3000000000000003,one_minus_s_power,308,True,1245.0,1245.0,256,1000000
10000,1.3,0.3,0.005692988244759978,2.763102111592855,0.002060361150199448,0.5611649282365188,1.3000000000000003,one_minus_s_power,309,True,3155.0,3155.0,256,1000000
10000,1.3,0.3,0.005692988244759978,2.763102111592855,0.002060361150199448,0.5611649282365188,1.3000000000000003,one_minus_s_power,310,True,1777.0,1777.0,256,1000000
10000,1.3,0.3,0.005692988244759978,2.763102111592855,0.002060361150199448,0.5611649282365188,1.3000000000000003,one_minus_s_power,311,True,6159.0,6159.0,256,1000000
10000,1.3,0.3,0.005692988244759978,2.763102111592855,0.002060361150199448,0.5611649282365188,1.3000000000000003,one_minus_s_power,312,True,528.0,528.0,256,1000000
10000,1.3,0.3,0.005692988244759978,2.763102111592855,0.002060361150199448,0.5611649282365188,1.3000000000000003,one_minus_s_power,313,True,1211.0,1211.0,256,1000000
10000,1.3,0.3,0.005692988244759978,2.763102111592855,0.002060361150199448,0.5611649282365188,1.3000000000000003,one_minus_s_power,314,True,2513.0,2513.0,256,1000000
10000,1.3,0.3,0.005692988244759978,2.763102111592855,0.002060361150199448,0.5611649282365188,1.3000000000000003,one_minus_s_power,315,True,1223.0,1223.0,256,1000000
10000,1.3,0.3,0.005692988244759978,2.763102111592855,0.002060361150199448,0.5611649282365188,1.3000000000000003,one_minus_s_power,316,True,5937.0,5937.0,256,1000000
10000,1.3,0.3,0.005692988244759978,2.763102111592855,0.002060361150199448,0.5611649282365188,1.3000000000000003,one_minus_s_power,317,True,1173.0,1173.0,256,1000000
10000,1.3,0.3,0.005692988244759978,2.763102111592855,0.002060361150199448,0.5611649282365188,1.3000000000000003,one_minus_s_power,318,True,582.0,582.0,256,1000000
10000,1.3,0.3,0.005692988244759978,2.763102111592855,0.002060361150199448,0.5611649282365188,1.3000000000000003,one_minus_s_power,319,True,6369.0,6369.0,256,1000000
10000,1.3,0.3,0.005692988244759978,2.763102111592855,0.002060361150199448,0.5611649282365188,1.3000000000000003,one_minus_s_power,320,True,199.0,199.0,256,1000000
10000,1.3,0.3,0.005692988244759978,2.763102111592855,0.002060361150199448,0.5611649282365188,1.3000000000000003,one_minus_s_power,321,True,363.0,363.0,256,1000000
10000,1.3,0.3,0.005692988244759978,2.763102111592855,0.002060361150199448,0.5611649282365188,1.3000000000000003,one_minus_s_power,322,True,3997.0,3997.0,256,1000000
10000,1.3,0.3,0.005692988244759978,2.763102111592855,0.002060361150199448,0.5611649282365188,1.3000000000000003,one_minus_s_power,323,True,4580.0,4580.0,256,1000000
10000,1.3,0.3,0.005692988244759978,2.763102111592855,0.002060361150199448,0.5611649282365188,1.3000000000000003,one_minus_s_power,324,True,1323.0,1323.0,256,1000000
10000,1.3,0.3,0.005692988244759978,2.763102111592855,0.002060361150199448,0.5611649282365188,1.3000000000000003,one_minus_s_power,325,True,715.0,715.0,256,1000000
10000,1.3,0.3,0.005692988244759978,2.763102111592855,0.002060361150199448,0.5611649282365188,1.3000000000000003,one_minus_s_power,326,True,1744.0,1744.0,256,1000000
10000,1.3,0.3,0.005692988244759978,2.763102111592855,0.002060361150199448,0.5611649282365188,1.3000000000000003,one_minus_s_power,327,True,3021.0,3021.0,256,1000000
10000,1.3,0.3,0.005692988244759978,2.763102111592855,0.002060361150199448,0.5611649282365188,1.3000000000000003,one_minus_s_power,328,True,6114.0,6114.0,256,1000000
10000,1.3,0.3,0.005692988244759978,2.763102111592855,0.002060361150199448,0.5611649282365188,1.3000000000000003,one_minus_s_power,329,True,1215.0,1215.0,256,1000000
10000,1.3,0.3,0.005692988244759978,2.763102111592855,0.002060361150199448,0.5611649282365188,1.3000000000000003,one_minus_s_power,330,True,3393.0,3393.0,256,1000000
10000,1.3,0.3,0.005692988244759978,2.763102111592855,0.002060361150199448,0.5611649282365188,1.3000000000000003,one_minus_s_power,331,True,2987.0,2987.0,256,1000000
10000,1.3,0.3,0.005692988244759978,2.763102111592855,0.002060361150199448,0.5611649282365188,1.3000000000000003,one_minus_s_power,332,True,1888.0,1888.0,256,1000000
10000,1.3,0.3,0.005692988244759978,2.763102111592855,0.002060361150199448,0.5611649282365188,1.3000000000000003,one_minus_s_power,333,True,2385.0,2385.0,256,1000000
10000,1.3,0.3,0.005692988244759978,2.763102111592855,0.002060361150199448,0.5611649282365188,1.3000000000000003,one_minus_s_power,334,True,645.0,645.0,256,1000000
10000,1.3,0.3,0.005692988244759978,2.763102111592855,0.002060361150199448,0.5611649282365188,1.3000000000000003,one_minus_s_power,335,True,358.0,358.0,256,1000000
10000,1.3,0.3,0.005692988244759978,2.763102111592855,0.002060361150199448,0.5611649282365188,1.3000000000000003,one_minus_s_power,336,True,3923.0,3923.0,256,1000000
10000,1.3,0.3,0.005692988244759978,2.763102111592855,0.002060361150199448,0.5611649282365188,1.3000000000000003,one_minus_s_power,337,True,6004.0,6004.0,256,1000000
10000,1.3,0.3,0.005692988244759978,2.763102111592855,0.002060361150199448,0.5611649282365188,1.3000000000000003,one_minus_s_power,338,True,2637.0,2637.0,256,1000000
10000,1.3,0.3,0.005692988244759978,2.763102111592855,0.002060361150199448,0.5611649282365188,1.3000000000000003,one_minus_s_power,339,True,2837.0,2837.0,256,1000000
10000,1.3,0.3,0.005692988244759978,2.763102111592855,0.002060361150199448,0.5611649282365188,1.3000000000000003,one_minus_s_power,340,True,795.0,795.0,256,1000000
10000,1.3,0.3,0.005692988244759978,2.763102111592855,0.002060361150199448,0.5611649282365188,1.3000000000000003,one_minus_s_power,341,True,3012.0,3012.0,256,1000000
10000,1.3,0.3,0.005692988244759978,2.763102111592855,0.002060361150199448,0.5611649282365188,1.3000000000000003,one_minus_s_power,342,True,661.0,661.0,256,1000000
10000,1.3,0.3,0.005692988244759978,2.763102111592855,0.002060361150199448,0.5611649282365188,1.3000000000000003,one_minus_s_power,343,True,2822.0,2822.0,256,1000000
10000,1.3,0.3,0.005692988244759978,2.763102111592855,0.002060361150199448,0.5611649282365188,1.3000000000000003,one_minus_s_power,344,True,871.0,871.0,256,1000000
10000,1.3,0.3,0.005692988244759978,2.763102111592855,0.002060361150199448,0.5611649282365188,1.3000000000000003,one_minus_s_power,345,True,2923.0,2923.0,256,1000000
10000,1.3,0.3,0.005692988244759978,2.763102111592855,0.002060361150199448,0.5611649282365188,1.3000000000000003,one_minus_s_power,346,True,713.0,713.0,256,1000000
10000,1.3,0.3,0.005692988244759978,2.763102111592855,0.002060361150199448,0.5611649282365188,1.3000000000000003,one_minus_s_power,347,True,1680.0,1680.0,256,1000000
10000,1.3,0.3,0.005692988244759978,2.763102111592855,0.002060361150199448,0.5611649282365188,1.3000000000000003,one_minus_s_power,348,True,2818.0,2818.0,256,1000000
10000,1.3,0.3,0.005692988244759978,2.763102111592855,0.002060361150199448,0.5611649282365188,1.3000000000000003,one_minus_s_power,349,True,1906.0,1906.0,256,1000000
10000,1.3,0.3,0.005692988244759978,2.763102111592855,0.002060361150199448,0.5611649282365188,1.3000000000000003,one_minus_s_power,350,True,1578.0,1578.0,256,1000000
10000,1.3,0.3,0.005692988244759978,2.763102111592855,0.002060361150199448,0.5611649282365188,1.3000000000000003,one_minus_s_power,351,True,4468.0,4468.0,256,1000000
10000,1.3,0.3,0.005692988244759978,2.763102111592855,0.002060361150199448,0.5611649282365188,1.3000000000000003,one_minus_s_power,352,True,692.0,692.0,256,1000000
10000,1.3,0.3,0.005692988244759978,2.763102111592855,0.002060361150199448,0.5611649282365188,1.3000000000000003,one_minus_s_power,353,True,762.0,762.0,256,1000000
10000,1.3,0.3,0.005692988244759978,2.763102111592855,0.002060361150199448,0.5611649282365188,1.3000000000000003,one_minus_s_power,354,True,860.0,860.0,256,1000000
10000,1.3,0.3,0.005692988244759978,2.763102111592855,0.002060361150199448,0.5611649282365188,1.3000000000000003,one_minus_s_power,355,True,940.0,940.0,256,1000000
10000,1.3,0.3,0.005692988244759978,2.763102111592855,0.002060361150199448,0.5611649282365188,1.3000000000000003,one_minus_s_power,356,True,864.0,864.0,256,1000000
10000,1.3,0.3,0.005692988244759978,2.763102111592855,0.002060361150199448,0.5611649282365188,1.3000000000000003,one_minus_s_power,357,True,11643.0,11643.0,256,1000000
10000,1.3,0.3,0.005692988244759978,2.763102111592855,0.002060361150199448,0.5611649282365188,1.3000000000000003,one_minus_s_power,358,True,3579.0,3579.0,256,1000000
10000,1.3,0.3,0.005692988244759978,2.763102111592855,0.002060361150199448,0.5611649282365188,1.3000000000000003,one_minus_s_power,359,True,3244.0,3244.0,256,1000000
10000,1.3,0.3,0.005692988244759978,2.763102111592855,0.002060361150199448,0.5611649282365188,1.3000000000000003,one_minus_s_power,360,True,2374.0,2374.0,256,1000000
10000,1.3,0.3,0.005692988244759978,2.763102111592855,0.002060361150199448,0.5611649282365188,1.3000000000000003,one_minus_s_power,361,True,2248.0,2248.0,256,1000000
10000,1.3,0.3,0.005692988244759978,2.763102111592855,0.002060361150199448,0.5611649282365188,1.3000000000000003,one_minus_s_power,362,True,4505.0,4505.0,256,1000000
10000,1.3,0.3,0.005692988244759978,2.763102111592855,0.002060361150199448,0.5611649282365188,1.3000000000000003,one_minus_s_power,363,True,1296.0,1296.0,256,1000000
10000,1.3,0.3,0.005692988244759978,2.763102111592855,0.002060361150199448,0.5611649282365188,1.3000000000000003,one_minus_s_power,364,True,2453.0,2453.0,256,1000000
10000,1.3,0.3,0.005692988244759978,2.763102111592855,0.002060361150199448,0.5611649282365188,1.3000000000000003,one_minus_s_power,365,True,2666.0,2666.0,256,1000000
10000,1.3,0.3,0.005692988244759978,2.763102111592855,0.002060361150199448,0.5611649282365188,1.3000000000000003,one_minus_s_power,366,True,3010.0,3010.0,256,1000000
10000,1.3,0.3,0.005692988244759978,2.763102111592855,0.002060361150199448,0.5611649282365188,1.3000000000000003,one_minus_s_power,367,True,2195.0,2195.0,256,1000000
10000,1.3,0.3,0.005692988244759978,2.763102111592855,0.002060361150199448,0.5611649282365188,1.3000000000000003,one_minus_s_power,368,True,5540.0,5540.0,256,1000000
10000,1.3,0.3,0.005692988244759978,2.763102111592855,0.002060361150199448,0.5611649282365188,1.3000000000000003,one_minus_s_power,369,True,7683.0,7683.0,256,1000000
10000,1.3,0.3,0.005692988244759978,2.763102111592855,0.002060361150199448,0.5611649282365188,1.3000000000000003,one_minus_s_power,370,True,11091.0,11091.0,256,1000000
10000,1.3,0.3,0.005692988244759978,2.763102111592855,0.002060361150199448,0.5611649282365188,1.3000000000000003,one_minus_s_power,371,True,797.0,797.0,256,1000000
10000,1.3,0.3,0.005692988244759978,2.763102111592855,0.002060361150199448,0.5611649282365188,1.3000000000000003,one_minus_s_power,372,True,6266.0,6266.0,256,1000000
10000,1.3,0.3,0.005692988244759978,2.763102111592855,0.002060361150199448,0.5611649282365188,1.3000000000000003,one_minus_s_power,373,True,10444.0,10444.0,256,1000000
10000,1.3,0.3,0.005692988244759978,2.763102111592855,0.002060361150199448,0.5611649282365188,1.3000000000000003,one_minus_s_power,374,True,2055.0,2055.0,256,1000000
10000,1.3,0.3,0.005692988244759978,2.763102111592855,0.002060361150199448,0.5611649282365188,1.3000000000000003,one_minus_s_power,375,True,5606.0,5606.0,256,1000000
10000,1.3,0.3,0.005692988244759978,2.763102111592855,0.002060361150199448,0.5611649282365188,1.3000000000000003,one_minus_s_power,376,True,425.0,425.0,256,1000000
10000,1.3,0.3,0.005692988244759978,2.763102111592855,0.002060361150199448,0.5611649282365188,1.3000000000000003,one_minus_s_power,377,True,672.0,672.0,256,1000000
10000,1.3,0.3,0.005692988244759978,2.763102111592855,0.002060361150199448,0.5611649282365188,1.3000000000000003,one_minus_s_power,378,True,4280.0,4280.0,256,1000000
10000,1.3,0.3,0.005692988244759978,2.763102111592855,0.002060361150199448,0.5611649282365188,1.3000000000000003,one_minus_s_power,379,True,1085.0,1085.0,256,1000000
10000,1.3,0.3,0.005692988244759978,2.763102111592855,0.002060361150199448,0.5611649282365188,1.3000000000000003,one_minus_s_power,380,True,1924.0,1924.0,256,1000000
10000,1.3,0.3,0.005692988244759978,2.763102111592855,0.002060361150199448,0.5611649282365188,1.3000000000000003,one_minus_s_power,381,True,6866.0,6866.0,256,1000000
10000,1.3,0.3,0.005692988244759978,2.763102111592855,0.002060361150199448,0.5611649282365188,1.3000000000000003,one_minus_s_power,382,True,1223.0,1223.0,256,1000000
10000,1.3,0.3,0.005692988244759978,2.763102111592855,0.002060361150199448,0.5611649282365188,1.3000000000000003,one_minus_s_power,383,True,784.0,784.0,256,1000000
10000,1.3,0.3,0.005692988244759978,2.763102111592855,0.002060361150199448,0.5611649282365188,1.3000000000000003,one_minus_s_power,384,True,2685.0,2685.0,256,1000000
10000,1.3,0.3,0.005692988244759978,2.763102111592855,0.002060361150199448,0.5611649282365188,1.3000000000000003,one_minus_s_power,385,True,3152.0,3152.0,256,1000000
10000,1.3,0.3,0.005692988244759978,2.763102111592855,0.002060361150199448,0.5611649282365188,1.3000000000000003,one_minus_s_power,386,True,1637.0,1637.0,256,1000000
10000,1.3,0.3,0.005692988244759978,2.763102111592855,0.002060361150199448,0.5611649282365188,1.3000000000000003,one_minus_s_power,387,True,3786.0,3786.0,256,1000000
10000,1.3,0.3,0.005692988244759978,2.763102111592855,0.002060361150199448,0.5611649282365188,1.3000000000000003,one_minus_s_power,388,True,2222.0,2222.0,256,1000000
10000,1.3,0.3,0.005692988244759978,2.763102111592855,0.002060361150199448,0.5611649282365188,1.3000000000000003,one_minus_s_power,389,True,679.0,679.0,256,1000000
10000,1.3,0.3,0.005692988244759978,2.763102111592855,0.002060361150199448,0.5611649282365188,1.3000000000000003,one_minus_s_power,390,True,318.0,318.0,256,1000000
10000,1.3,0.3,0.005692988244759978,2.763102111592855,0.002060361150199448,0.5611649282365188,1.3000000000000003,one_minus_s_power,391,True,1029.0,1029.0,256,1000000
10000,1.3,0.3,0.005692988244759978,2.763102111592855,0.002060361150199448,0.5611649282365188,1.3000000000000003,one_minus_s_power,392,True,1194.0,1194.0,256,1000000
10000,1.3,0.3,0.005692988244759978,2.763102111592855,0.002060361150199448,0.5611649282365188,1.3000000000000003,one_minus_s_power,393,True,2055.0,2055.0,256,1000000
10000,1.3,0.3,0.005692988244759978,2.763102111592855,0.002060361150199448,0.5611649282365188,1.3000000000000003,one_minus_s_power,394,True,3658.0,3658.0,256,1000000
10000,1.3,0.3,0.005692988244759978,2.763102111592855,0.002060361150199448,0.5611649282365188,1.3000000000000003,one_minus_s_power,395,True,2928.0,2928.0,256,1000000
10000,1.3,0.3,0.005692988244759978,2.763102111592855,0.002060361150199448,0.5611649282365188,1.3000000000000003,one_minus_s_power,396,True,5075.0,5075.0,256,1000000
10000,1.3,0.3,0.005692988244759978,2.763102111592855,0.002060361150199448,0.5611649282365188,1.3000000000000003,one_minus_s_power,397,True,3118.0,3118.0,256,1000000
10000,1.3,0.3,0.005692988244759978,2.763102111592855,0.002060361150199448,0.5611649282365188,1.3000000000000003,one_minus_s_power,398,True,1534.0,1534.0,256,1000000
10000,1.3,0.3,0.005692988244759978,2.763102111592855,0.002060361150199448,0.5611649282365188,1.3000000000000003,one_minus_s_power,399,True,4037.0,4037.0,256,1000000
10000,1.3,0.3,0.005692988244759978,2.763102111592855,0.002060361150199448,0.5611649282365188,1.3000000000000003,one_minus_s_power,400,True,1950.0,1950.0,256,1000000
10000,1.3,0.3,0.005692988244759978,2.763102111592855,0.002060361150199448,0.5611649282365188,1.3000000000000003,one_minus_s_power,401,True,533.0,533.0,256,1000000
10000,1.3,0.3,0.005692988244759978,2.763102111592855,0.002060361150199448,0.5611649282365188,1.3000000000000003,one_minus_s_power,402,True,2470.0,2470.0,256,1000000
10000,1.3,0.3,0.005692988244759978,2.763102111592855,0.002060361150199448,0.5611649282365188,1.3000000000000003,one_minus_s_power,403,True,2590.0,2590.0,256,1000000
10000,1.3,0.3,0.005692988244759978,2.763102111592855,0.002060361150199448,0.5611649282365188,1.3000000000000003,one_minus_s_power,404,True,4457.0,4457.0,256,1000000
10000,1.3,0.3,0.005692988244759978,2.763102111592855,0.002060361150199448,0.5611649282365188,1.3000000000000003,one_minus_s_power,405,True,1157.0,1157.0,256,1000000
10000,1.3,0.3,0.005692988244759978,2.763102111592855,0.002060361150199448,0.5611649282365188,1.3000000000000003,one_minus_s_power,406,True,8088.0,8088.0,256,1000000
10000,1.3,0.3,0.005692988244759978,2.763102111592855,0.002060361150199448,0.5611649282365188,1.3000000000000003,one_minus_s_power,407,True,5314.0,5314.0,256,1000000
10000,1.3,0.3,0.005692988244759978,2.763102111592855,0.002060361150199448,0.5611649282365188,1.3000000000000003,one_minus_s_power,408,True,950.0,950.0,256,1000000
10000,1.3,0.3,0.005692988244759978,2.763102111592855,0.002060361150199448,0.5611649282365188,1.3000000000000003,one_minus_s_power,409,True,4070.0,4070.0,256,1000000
10000,1.3,0.3,0.005692988244759978,2.763102111592855,0.002060361150199448,0.5611649282365188,1.3000000000000003,one_minus_s_power,410,True,442.0,442.0,256,1000000
10000,1.3,0.3,0.005692988244759978,2.763102111592855,0.002060361150199448,0.5611649282365188,1.3000000000000003,one_minus_s_power,411,True,1258.0,1258.0,256,1000000
10000,1.3,0.3,0.005692988244759978,2.763102111592855,0.002060361150199448,0.5611649282365188,1.3000000000000003,one_minus_s_power,412,True,3524.0,3524.0,256,1000000
10000,1.3,0.3,0.005692988244759978,2.763102111592855,0.002060361150199448,0.5611649282365188,1.3000000000000003,one_minus_s_power,413,True,1994.0,1994.0,256,1000000
10000,1.3,0.3,0.005692988244759978,2.763102111592855,0.002060361150199448,0.5611649282365188,1.3000000000000003,one_minus_s_power,414,True,417.0,417.0,256,1000000
10000,1.3,0.3,0.005692988244759978,2.763102111592855,0.002060361150199448,0.5611649282365188,1.3000000000000003,one_minus_s_power,415,True,1397.0,1397.0,256,1000000
10000,1.3,0.3,0.005692988244759978,2.763102111592855,0.002060361150199448,0.5611649282365188,1.3000000000000003,one_minus_s_power,416,True,4214.0,4214.0,256,1000000
10000,1.3,0.3,0.005692988244759978,2.763102111592855,0.002060361150199448,0.5611649282365188,1.3000000000000003,one_minus_s_power,417,True,831.0,831.0,256,1000000
10000,1.3,0.3,0.005692988244759978,2.763102111592855,0.002060361150199448,0.5611649282365188,1.3000000000000003,one_minus_s_power,418,True,6185.0,6185.0,256,1000000
10000,1.3,0.3,0.005692988244759978,2.763102111592855,0.002060361150199448,0.5611649282365188,1.3000000000000003,one_minus_s_power,419,True,3535.0,3535.0,256,1000000
10000,1.3,0.3,0.005692988244759978,2.763102111592855,0.002060361150199448,0.5611649282365188,1.3000000000000003,one_minus_s_power,420,True,760.0,760.0,256,1000000
10000,1.3,0.3,0.005692988244759978,2.763102111592855,0.002060361150199448,0.5611649282365188,1.3000000000000003,one_minus_s_power,421,True,1844.0,1844.0,256,1000000
10000,1.3,0.3,0.005692988244759978,2.763102111592855,0.002060361150199448,0.5611649282365188,1.3000000000000003,one_minus_s_power,422,True,1947.0,1947.0,256,1000000
10000,1.3,0.3,0.005692988244759978,2.763102111592855,0.002060361150199448,0.5611649282365188,1.3000000000000003,one_minus_s_power,423,True,611.0,611.0,256,1000000
10000,1.3,0.3,0.005692988244759978,2.763102111592855,0.002060361150199448,0.5611649282365188,1.3000000000000003,one_minus_s_power,424,True,3313.0,3313.0,256,1000000
10000,1.3,0.3,0.005692988244759978,2.763102111592855,0.002060361150199448,0.5611649282365188,1.3000000000000003,one_minus_s_power,425,True,4760.0,4760.0,256,1000000
10000,1.3,0.3,0.005692988244759978,2.763102111592855,0.002060361150199448,0.5611649282365188,1.3000000000000003,one_minus_s_power,426,True,2115.0,2115.0,256,1000000
10000,1.3,0.3,0.005692988244759978,2.763102111592855,0.002060361150199448,0.5611649282365188,1.3000000000000003,one_minus_s_power,427,True,1628.0,1628.0,256,1000000
10000,1.3,0.3,0.005692988244759978,2.763102111592855,0.002060361150199448,0.5611649282365188,1.3000000000000003,one_minus_s_power,428,True,2835.0,2835.0,256,1000000
10000,1.3,0.3,0.005692988244759978,2.763102111592855,0.002060361150199448,0.5611649282365188,1.3000000000000003,one_minus_s_power,429,True,1322.0,1322.0,256,1000000
10000,1.3,0.3,0.005692988244759978,2.763102111592855,0.002060361150199448,0.5611649282365188,1.3000000000000003,one_minus_s_power,430,True,1151.0,1151.0,256,1000000
10000,1.3,0.3,0.005692988244759978,2.763102111592855,0.002060361150199448,0.5611649282365188,1.3000000000000003,one_minus_s_power,431,True,1473.0,1473.0,256,1000000
10000,1.3,0.3,0.005692988244759978,2.763102111592855,0.002060361150199448,0.5611649282365188,1.3000000000000003,one_minus_s_power,432,True,833.0,833.0,256,1000000
10000,1.3,0.3,0.005692988244759978,2.763102111592855,0.002060361150199448,0.5611649282365188,1.3000000000000003,one_minus_s_power,433,True,738.0,738.0,256,1000000
10000,1.3,0.3,0.005692988244759978,2.763102111592855,0.002060361150199448,0.5611649282365188,1.3000000000000003,one_minus_s_power,434,True,1115.0,1115.0,256,1000000
10000,1.3,0.3,0.005692988244759978,2.763102111592855,0.002060361150199448,0.5611649282365188,1.3000000000000003,one_minus_s_power,435,True,1940.0,1940.0,256,1000000
10000,1.3,0.3,0.005692988244759978,2.763102111592855,0.002060361150199448,0.5611649282365188,1.3000000000000003,one_minus_s_power,436,True,2857.0,2857.0,256,1000000
10000,1.3,0.3,0.005692988244759978,2.763102111592855,0.002060361150199448,0.5611649282365188,1.3000000000000003,one_minus_s_power,437,True,3527.0,3527.0,256,1000000
10000,1.3,0.3,0.005692988244759978,2.763102111592855,0.002060361150199448,0.5611649282365188,1.3000000000000003,one_minus_s_power,438,True,568.0,568.0,256,1000000
10000,1.3,0.3,0.005692988244759978,2.763102111592855,0.002060361150199448,0.5611649282365188,1.3000000000000003,one_minus_s_power,439,True,986.0,986.0,256,1000000
10000,1.3,0.3,0.005692988244759978,2.763102111592855,0.002060361150199448,0.5611649282365188,1.3000000000000003,one_minus_s_power,440,True,4771.0,4771.0,256,1000000
10000,1.3,0.3,0.005692988244759978,2.763102111592855,0.002060361150199448,0.5611649282365188,1.3000000000000003,one_minus_s_power,441,True,1820.0,1820.0,256,1000000
10000,1.3,0.3,0.005692988244759978,2.763102111592855,0.002060361150199448,0.5611649282365188,1.3000000000000003,one_minus_s_power,442,True,4071.0,4071.0,256,1000000
10000,1.3,0.3,0.005692988244759978,2.763102111592855,0.002060361150199448,0.5611649282365188,1.3000000000000003,one_minus_s_power,443,True,903.0,903.0,256,1000000
10000,1.3,0.3,0.005692988244759978,2.763102111592855,0.002060361150199448,0.5611649282365188,1.3000000000000003,one_minus_s_power,444,True,2902.0,2902.0,256,1000000
10000,1.3,0.3,0.005692988244759978,2.763102111592855,0.002060361150199448,0.5611649282365188,1.3000000000000003,one_minus_s_power,445,True,3860.0,3860.0,256,1000000
10000,1.3,0.3,0.005692988244759978,2.763102111592855,0.002060361150199448,0.5611649282365188,1.3000000000000003,one_minus_s_power,446,True,2034.0,2034.0,256,1000000
10000,1.3,0.3,0.005692988244759978,2.763102111592855,0.002060361150199448,0.5611649282365188,1.3000000000000003,one_minus_s_power,447,True,1693.0,1693.0,256,1000000
10000,1.3,0.3,0.005692988244759978,2.763102111592855,0.002060361150199448,0.5611649282365188,1.3000000000000003,one_minus_s_power,448,True,1440.0,1440.0,256,1000000
10000,1.3,0.3,0.005692988244759978,2.763102111592855,0.002060361150199448,0.5611649282365188,1.3000000000000003,one_minus_s_power,449,True,1860.0,1860.0,256,1000000
10000,1.3,0.3,0.005692988244759978,2.763102111592855,0.002060361150199448,0.5611649282365188,1.3000000000000003,one_minus_s_power,450,True,2240.0,2240.0,256,1000000
10000,1.3,0.3,0.005692988244759978,2.763102111592855,0.002060361150199448,0.5611649282365188,1.3000000000000003,one_minus_s_power,451,True,6644.0,6644.0,256,1000000
10000,1.3,0.3,0.005692988244759978,2.763102111592855,0.002060361150199448,0.5611649282365188,1.3000000000000003,one_minus_s_power,452,True,3634.0,3634.0,256,1000000
10000,1.3,0.3,0.005692988244759978,2.763102111592855,0.002060361150199448,0.5611649282365188,1.3000000000000003,one_minus_s_power,453,True,4517.0,4517.0,256,1000000
10000,1.3,0.3,0.005692988244759978,2.763102111592855,0.002060361150199448,0.5611649282365188,1.3000000000000003,one_minus_s_power,454,True,2048.0,2048.0,256,1000000
10000,1.3,0.3,0.005692988244759978,2.763102111592855,0.002060361150199448,0.5611649282365188,1.3000000000000003,one_minus_s_power,455,True,7723.0,7723.0,256,1000000
10000,1.3,0.3,0.005692988244759978,2.763102111592855,0.002060361150199448,0.5611649282365188,1.3000000000000003,one_minus_s_power,456,True,390.0,390.0,256,1000000
10000,1.3,0.3,0.005692988244759978,2.763102111592855,0.002060361150199448,0.5611649282365188,1.3000000000000003,one_minus_s_power,457,True,5161.0,5161.0,256,1000000
10000,1.3,0.3,0.005692988244759978,2.763102111592855,0.002060361150199448,0.5611649282365188,1.3000000000000003,one_minus_s_power,458,True,3738.0,3738.0,256,1000000
10000,1.3,0.3,0.005692988244759978,2.763102111592855,0.002060361150199448,0.5611649282365188,1.3000000000000003,one_minus_s_power,459,True,1045.0,1045.0,256,1000000
10000,1.3,0.3,0.005692988244759978,2.763102111592855,0.002060361150199448,0.5611649282365188,1.3000000000000003,one_minus_s_power,460,True,2513.0,2513.0,256,1000000
10000,1.3,0.3,0.005692988244759978,2.763102111592855,0.002060361150199448,0.5611649282365188,1.3000000000000003,one_minus_s_power,461,True,375.0,375.0,256,1000000
10000,1.3,0.3,0.005692988244759978,2.763102111592855,0.002060361150199448,0.5611649282365188,1.3000000000000003,one_minus_s_power,462,True,2616.0,2616.0,256,1000000
10000,1.3,0.3,0.005692988244759978,2.763102111592855,0.002060361150199448,0.5611649282365188,1.3000000000000003,one_minus_s_power,463,True,570.0,570.0,256,1000000
10000,1.3,0.3,0.005692988244759978,2.763102111592855,0.002060361150199448,0.5611649282365188,1.3000000000000003,one_minus_s_power,464,True,986.0,986.0,256,1000000
10000,1.3,0.3,0.005692988244759978,2.763102111592855,0.002060361150199448,0.5611649282365188,1.3000000000000003,one_minus_s_power,465,True,2254.0,2254.0,256,1000000
10000,1.3,0.3,0.005692988244759978,2.763102111592855,0.002060361150199448,0.5611649282365188,1.3000000000000003,one_minus_s_power,466,True,6427.0,6427.0,256,1000000
10000,1.3,0.3,0.005692988244759978,2.763102111592855,0.002060361150199448,0.5611649282365188,1.3000000000000003,one_minus_s_power,467,True,1867.0,1867.0,256,1000000
10000,1.3,0.3,0.005692988244759978,2.763102111592855,0.002060361150199448,0.5611649282365188,1.3000000000000003,one_minus_s_power,468,True,2507.0,2507.0,256,1000000
10000,1.3,0.3,0.005692988244759978,2.763102111592855,0.002060361150199448,0.5611649282365188,1.3000000000000003,one_minus_s_power,469,True,1405.0,1405.0,256,1000000
10000,1.3,0.3,0.005692988244759978,2.763102111592855,0.002060361150199448,0.5611649282365188,1.3000000000000003,one_minus_s_power,470,True,4254.0,4254.0,256,1000000
10000,1.3,0.3,0.005692988244759978,2.763102111592855,0.002060361150199448,0.5611649282365188,1.3000000000000003,one_minus_s_power,471,True,981.0,981.0,256,1000000
10000,1.3,0.3,0.005692988244759978,2.763102111592855,0.002060361150199448,0.5611649282365188,1.3000000000000003,one_minus_s_power,472,True,3458.0,3458.0,256,1000000
10000,1.3,0.3,0.005692988244759978,2.763102111592855,0.002060361150199448,0.5611649282365188,1.3000000000000003,one_minus_s_power,473,True,750.0,750.0,256,1000000
10000,1.3,0.3,0.005692988244759978,2.763102111592855,0.002060361150199448,0.5611649282365188,1.3000000000000003,one_minus_s_power,474,True,1942.0,1942.0,256,1000000
10000,1.3,0.3,0.005692988244759978,2.763102111592855,0.002060361150199448,0.5611649282365188,1.3000000000000003,one_minus_s_power,475,True,3342.0,3342.0,256,1000000
10000,1.3,0.3,0.005692988244759978,2.763102111592855,0.002060361150199448,0.5611649282365188,1.3000000000000003,one_minus_s_power,476,True,4196.0,4196.0,256,1000000
10000,1.3,0.3,0.005692988244759978,2.763102111592855,0.002060361150199448,0.5611649282365188,1.3000000000000003,one_minus_s_power,477,True,1137.0,1137.0,256,1000000
10000,1.3,0.3,0.005692988244759978,2.763102111592855,0.002060361150199448,0.5611649282365188,1.3000000000000003,one_minus_s_power,478,True,5758.0,5758.0,256,1000000
10000,1.3,0.3,0.005692988244759978,2.763102111592855,0.002060361150199448,0.5611649282365188,1.3000000000000003,one_minus_s_power,479,True,2480.0,2480.0,256,1000000
10000,1.3,0.3,0.005692988244759978,2.763102111592855,0.002060361150199448,0.5611649282365188,1.3000000000000003,one_minus_s_power,480,True,2285.0,2285.0,256,1000000
10000,1.3,0.3,0.005692988244759978,2.763102111592855,0.002060361150199448,0.5611649282365188,1.3000000000000003,one_minus_s_power,481,True,452.0,452.0,256,1000000
10000,1.3,0.3,0.005692988244759978,2.763102111592855,0.002060361150199448,0.5611649282365188,1.3000000000000003,one_minus_s_power,482,True,1088.0,1088.0,256,1000000
10000,1.3,0.3,0.005692988244759978,2.763102111592855,0.002060361150199448,0.5611649282365188,1.3000000000000003,one_minus_s_power,483,True,2836.0,2836.0,256,1000000
10000,1.3,0.3,0.005692988244759978,2.763102111592855,0.002060361150199448,0.5611649282365188,1.3000000000000003,one_minus_s_power,484,True,1384.0,1384.0,256,1000000
10000,1.3,0.3,0.005692988244759978,2.763102111592855,0.002060361150199448,0.5611649282365188,1.3000000000000003,one_minus_s_power,485,True,2559.0,2559.0,256,1000000
10000,1.3,0.3,0.005692988244759978,2.763102111592855,0.002060361150199448,0.5611649282365188,1.3000000000000003,one_minus_s_power,486,True,2766.0,2766.0,256,1000000
10000,1.3,0.3,0.005692988244759978,2.763102111592855,0.002060361150199448,0.5611649282365188,1.3000000000000003,one_minus_s_power,487,True,4977.0,4977.0,256,1000000
10000,1.3,0.3,0.005692988244759978,2.763102111592855,0.002060361150199448,0.5611649282365188,1.3000000000000003,one_minus_s_power,488,True,5179.0,5179.0,256,1000000
10000,1.3,0.3,0.005692988244759978,2.763102111592855,0.002060361150199448,0.5611649282365188,1.3000000000000003,one_minus_s_power,489,True,1840.0,1840.0,256,1000000
10000,1.3,0.3,0.005692988244759978,2.763102111592855,0.002060361150199448,0.5611649282365188,1.3000000000000003,one_minus_s_power,490,True,2417.0,2417.0,256,1000000
10000,1.3,0.3,0.005692988244759978,2.763102111592855,0.002060361150199448,0.5611649282365188,1.3000000000000003,one_minus_s_power,491,True,3943.0,3943.0,256,1000000
10000,1.3,0.3,0.005692988244759978,2.763102111592855,0.002060361150199448,0.5611649282365188,1.3000000000000003,one_minus_s_power,492,True,1791.0,1791.0,256,1000000
10000,1.3,0.3,0.005692988244759978,2.763102111592855,0.002060361150199448,0.5611649282365188,1.3000000000000003,one_minus_s_power,493,True,6221.0,6221.0,256,1000000
10000,1.3,0.3,0.005692988244759978,2.763102111592855,0.002060361150199448,0.5611649282365188,1.3000000000000003,one_minus_s_power,494,True,4854.0,4854.0,256,1000000
10000,1.3,0.3,0.005692988244759978,2.763102111592855,0.002060361150199448,0.5611649282365188,1.3000000000000003,one_minus_s_power,495,True,1038.0,1038.0,256,1000000
10000,1.3,0.3,0.005692988244759978,2.763102111592855,0.002060361150199448,0.5611649282365188,1.3000000000000003,one_minus_s_power,496,True,2742.0,2742.0,256,1000000
10000,1.3,0.3,0.005692988244759978,2.763102111592855,0.002060361150199448,0.5611649282365188,1.3000000000000003,one_minus_s_power,497,True,3673.0,3673.0,256,1000000
10000,1.3,0.3,0.005692988244759978,2.763102111592855,0.002060361150199448,0.5611649282365188,1.3000000000000003,one_minus_s_power,498,True,1725.0,1725.0,256,1000000
10000,1.3,0.3,0.005692988244759978,2.763102111592855,0.002060361150199448,0.5611649282365188,1.3000000000000003,one_minus_s_power,499,True,3690.0,3690.0,256,1000000
10000,1.3,0.3,0.005692988244759978,2.763102111592855,0.002060361150199448,0.5611649282365188,1.3000000000000003,one_minus_s_power,500,True,7455.0,7455.0,256,1000000
10000,1.3,0.3,0.005692988244759978,2.763102111592855,0.002060361150199448,0.5611649282365188,1.3000000000000003,one_minus_s_power,501,True,4028.0,4028.0,256,1000000
10000,1.3,0.3,0.005692988244759978,2.763102111592855,0.002060361150199448,0.5611649282365188,1.3000000000000003,one_minus_s_power,502,True,4167.0,4167.0,256,1000000
10000,1.3,0.3,0.005692988244759978,2.763102111592855,0.002060361150199448,0.5611649282365188,1.3000000000000003,one_minus_s_power,503,True,1479.0,1479.0,256,1000000
10000,1.3,0.3,0.005692988244759978,2.763102111592855,0.002060361150199448,0.5611649282365188,1.3000000000000003,one_minus_s_power,504,True,4463.0,4463.0,256,1000000
10000,1.3,0.3,0.005692988244759978,2.763102111592855,0.002060361150199448,0.5611649282365188,1.3000000000000003,one_minus_s_power,505,True,3217.0,3217.0,256,1000000
10000,1.3,0.3,0.005692988244759978,2.763102111592855,0.002060361150199448,0.5611649282365188,1.3000000000000003,one_minus_s_power,506,True,9060.0,9060.0,256,1000000
10000,1.3,0.3,0.005692988244759978,2.763102111592855,0.002060361150199448,0.5611649282365188,1.3000000000000003,one_minus_s_power,507,True,2605.0,2605.0,256,1000000
10000,1.3,0.3,0.005692988244759978,2.763102111592855,0.002060361150199448,0.5611649282365188,1.3000000000000003,one_minus_s_power,508,True,2222.0,2222.0,256,1000000
10000,1.3,0.3,0.005692988244759978,2.763102111592855,0.002060361150199448,0.5611649282365188,1.3000000000000003,one_minus_s_power,509,True,2346.0,2346.0,256,1000000
10000,1.3,0.3,0.005692988244759978,2.763102111592855,0.002060361150199448,0.5611649282365188,1.3000000000000003,one_minus_s_power,510,True,3182.0,3182.0,256,1000000
10000,1.3,0.3,0.005692988244759978,2.763102111592855,0.002060361150199448,0.5611649282365188,1.3000000000000003,one_minus_s_power,511,True,7221.0,7221.0,256,1000000
10000,1.3,0.3,0.005692988244759978,2.763102111592855,0.002060361150199448,0.5611649282365188,1.3000000000000003,one_minus_s_power,512,True,10116.0,10116.0,256,1000000
10000,1.3,0.3,0.005692988244759978,2.763102111592855,0.002060361150199448,0.5611649282365188,1.3000000000000003,one_minus_s_power,513,True,5515.0,5515.0,256,1000000
10000,1.3,0.3,0.005692988244759978,2.763102111592855,0.002060361150199448,0.5611649282365188,1.3000000000000003,one_minus_s_power,514,True,2034.0,2034.0,256,1000000
10000,1.3,0.3,0.005692988244759978,2.763102111592855,0.002060361150199448,0.5611649282365188,1.3000000000000003,one_minus_s_power,515,True,1118.0,1118.0,256,1000000
10000,1.3,0.3,0.005692988244759978,2.763102111592855,0.002060361150199448,0.5611649282365188,1.3000000000000003,one_minus_s_power,516,True,5217.0,5217.0,256,1000000
10000,1.3,0.3,0.005692988244759978,2.763102111592855,0.002060361150199448,0.5611649282365188,1.3000000000000003,one_minus_s_power,517,True,1684.0,1684.0,256,1000000
10000,1.3,0.3,0.005692988244759978,2.763102111592855,0.002060361150199448,0.5611649282365188,1.3000000000000003,one_minus_s_power,518,True,674.0,674.0,256,1000000
10000,1.3,0.3,0.005692988244759978,2.763102111592855,0.002060361150199448,0.5611649282365188,1.3000000000000003,one_minus_s_power,519,True,7883.0,7883.0,256,1000000
10000,1.3,0.3,0.005692988244759978,2.763102111592855,0.002060361150199448,0.5611649282365188,1.3000000000000003,one_minus_s_power,520,True,1074.0,1074.0,256,1000000
10000,1.3,0.3,0.005692988244759978,2.763102111592855,0.002060361150199448,0.5611649282365188,1.3000000000000003,one_minus_s_power,521,True,1774.0,1774.0,256,1000000
10000,1.3,0.3,0.005692988244759978,2.763102111592855,0.002060361150199448,0.5611649282365188,1.3000000000000003,one_minus_s_power,522,True,674.0,674.0,256,1000000
10000,1.3,0.3,0.005692988244759978,2.763102111592855,0.002060361150199448,0.5611649282365188,1.3000000000000003,one_minus_s_power,523,True,2721.0,2721.0,256,1000000
10000,1.3,0.3,0.005692988244759978,2.763102111592855,0.002060361150199448,0.5611649282365188,1.3000000000000003,one_minus_s_power,524,True,3633.0,3633.0,256,1000000
10000,1.3,0.3,0.005692988244759978,2.763102111592855,0.002060361150199448,0.5611649282365188,1.3000000000000003,one_minus_s_power,525,True,762.0,762.0,256,1000000
10000,1.3,0.3,0.005692988244759978,2.763102111592855,0.002060361150199448,0.5611649282365188,1.3000000000000003,one_minus_s_power,526,True,722.0,722.0,256,1000000
10000,1.3,0.3,0.005692988244759978,2.763102111592855,0.002060361150199448,0.5611649282365188,1.3000000000000003,one_minus_s_power,527,True,560.0,560.0,256,1000000
10000,1.3,0.3,0.005692988244759978,2.763102111592855,0.002060361150199448,0.5611649282365188,1.3000000000000003,one_minus_s_power,528,True,1868.0,1868.0,256,1000000
10000,1.3,0.3,0.005692988244759978,2.763102111592855,0.002060361150199448,0.5611649282365188,1.3000000000000003,one_minus_s_power,529,True,436.0,436.0,256,1000000
10000,1.3,0.3,0.005692988244759978,2.763102111592855,0.002060361150199448,0.5611649282365188,1.3000000000000003,one_minus_s_power,530,True,1906.0,1906.0,256,1000000
10000,1.3,0.3,0.005692988244759978,2.763102111592855,0.002060361150199448,0.5611649282365188,1.3000000000000003,one_minus_s_power,531,True,15693.0,15693.0,256,1000000
10000,1.3,0.3,0.005692988244759978,2.763102111592855,0.002060361150199448,0.5611649282365188,1.3000000000000003,one_minus_s_power,532,True,1755.0,1755.0,256,1000000
10000,1.3,0.3,0.005692988244759978,2.763102111592855,0.002060361150199448,0.5611649282365188,1.3000000000000003,one_minus_s_power,533,True,3196.0,3196.0,256,1000000
10000,1.3,0.3,0.005692988244759978,2.763102111592855,0.002060361150199448,0.5611649282365188,1.3000000000000003,one_minus_s_power,534,True,1554.0,1554.0,256,1000000
10000,1.3,0.3,0.005692988244759978,2.763102111592855,0.002060361150199448,0.5611649282365188,1.3000000000000003,one_minus_s_power,535,True,5387.0,5387.0,256,1000000
10000,1.3,0.3,0.005692988244759978,2.763102111592855,0.002060361150199448,0.5611649282365188,1.3000000000000003,one_minus_s_power,536,True,1135.0,1135.0,256,1000000
10000,1.3,0.3,0.005692988244759978,2.763102111592855,0.002060361150199448,0.5611649282365188,1.3000000000000003,one_minus_s_power,537,True,241.0,241.0,256,1000000
10000,1.3,0.3,0.005692988244759978,2.763102111592855,0.002060361150199448,0.5611649282365188,1.3000000000000003,one_minus_s_power,538,True,528.0,528.0,256,1000000
10000,1.3,0.3,0.005692988244759978,2.763102111592855,0.002060361150199448,0.5611649282365188,1.3000000000000003,one_minus_s_power,539,True,584.0,584.0,256,1000000
10000,1.3,0.3,0.005692988244759978,2.763102111592855,0.002060361150199448,0.5611649282365188,1.3000000000000003,one_minus_s_power,540,True,758.0,758.0,256,1000000
10000,1.3,0.3,0.005692988244759978,2.763102111592855,0.002060361150199448,0.5611649282365188,1.3000000000000003,one_minus_s_power,541,True,1665.0,1665.0,256,1000000
10000,1.3,0.3,0.005692988244759978,2.763102111592855,0.002060361150199448,0.5611649282365188,1.3000000000000003,one_minus_s_power,542,True,1493.0,1493.0,256,1000000
10000,1.3,0.3,0.005692988244759978,2.763102111592855,0.002060361150199448,0.5611649282365188,1.3000000000000003,one_minus_s_power,543,True,1297.0,1297.0,256,1000000
10000,1.3,0.3,0.005692988244759978,2.763102111592855,0.002060361150199448,0.5611649282365188,1.3000000000000003,one_minus_s_power,544,True,3626.0,3626.0,256,1000000
10000,1.3,0.3,0.005692988244759978,2.763102111592855,0.002060361150199448,0.5611649282365188,1.3000000000000003,one_minus_s_power,545,True,746.0,746.0,256,1000000
10000,1.3,0.3,0.005692988244759978,2.763102111592855,0.002060361150199448,0.5611649282365188,1.3000000000000003,one_minus_s_power,546,True,919.0,919.0,256,1000000
10000,1.3,0.3,0.005692988244759978,2.763102111592855,0.002060361150199448,0.5611649282365188,1.3000000000000003,one_minus_s_power,547,True,5673.0,5673.0,256,1000000
10000,1.3,0.3,0.005692988244759978,2.763102111592855,0.002060361150199448,0.5611649282365188,1.3000000000000003,one_minus_s_power,548,True,1997.0,1997.0,256,1000000
10000,1.3,0.3,0.005692988244759978,2.763102111592855,0.002060361150199448,0.5611649282365188,1.3000000000000003,one_minus_s_power,549,True,1279.0,1279.0,256,1000000
10000,1.3,0.3,0.005692988244759978,2.763102111592855,0.002060361150199448,0.5611649282365188,1.3000000000000003,one_minus_s_power,550,True,1943.0,1943.0,256,1000000
10000,1.3,0.3,0.005692988244759978,2.763102111592855,0.002060361150199448,0.5611649282365188,1.3000000000000003,one_minus_s_power,551,True,2478.0,2478.0,256,1000000
10000,1.3,0.3,0.005692988244759978,2.763102111592855,0.002060361150199448,0.5611649282365188,1.3000000000000003,one_minus_s_power,552,True,915.0,915.0,256,1000000
10000,1.3,0.3,0.005692988244759978,2.763102111592855,0.002060361150199448,0.5611649282365188,1.3000000000000003,one_minus_s_power,553,True,10259.0,10259.0,256,1000000
10000,1.3,0.3,0.005692988244759978,2.763102111592855,0.002060361150199448,0.5611649282365188,1.3000000000000003,one_minus_s_power,554,True,2072.0,2072.0,256,1000000
10000,1.3,0.3,0.005692988244759978,2.763102111592855,0.002060361150199448,0.5611649282365188,1.3000000000000003,one_minus_s_power,555,True,2558.0,2558.0,256,1000000
10000,1.3,0.3,0.005692988244759978,2.763102111592855,0.002060361150199448,0.5611649282365188,1.3000000000000003,one_minus_s_power,556,True,2131.0,2131.0,256,1000000
10000,1.3,0.3,0.005692988244759978,2.763102111592855,0.002060361150199448,0.5611649282365188,1.3000000000000003,one_minus_s_power,557,True,1346.0,1346.0,256,1000000
10000,1.3,0.3,0.005692988244759978,2.763102111592855,0.002060361150199448,0.5611649282365188,1.3000000000000003,one_minus_s_power,558,True,4031.0,4031.0,256,1000000
10000,1.3,0.3,0.005692988244759978,2.763102111592855,0.002060361150199448,0.5611649282365188,1.3000000000000003,one_minus_s_power,559,True,484.0,484.0,256,1000000
10000,1.3,0.3,0.005692988244759978,2.763102111592855,0.002060361150199448,0.5611649282365188,1.3000000000000003,one_minus_s_power,560,True,581.0,581.0,256,1000000
10000,1.3,0.3,0.005692988244759978,2.763102111592855,0.002060361150199448,0.5611649282365188,1.3000000000000003,one_minus_s_power,561,True,1958.0,1958.0,256,1000000
10000,1.3,0.3,0.005692988244759978,2.763102111592855,0.002060361150199448,0.5611649282365188,1.3000000000000003,one_minus_s_power,562,True,4613.0,4613.0,256,1000000
10000,1.3,0.3,0.005692988244759978,2.763102111592855,0.002060361150199448,0.5611649282365188,1.3000000000000003,one_minus_s_power,563,True,10551.0,10551.0,256,1000000
10000,1.3,0.3,0.005692988244759978,2.763102111592855,0.002060361150199448,0.5611649282365188,1.3000000000000003,one_minus_s_power,564,True,1650.0,1650.0,256,1000000
10000,1.3,0.3,0.005692988244759978,2.763102111592855,0.002060361150199448,0.5611649282365188,1.3000000000000003,one_minus_s_power,565,True,2958.0,2958.0,256,1000000
10000,1.3,0.3,0.005692988244759978,2.763102111592855,0.002060361150199448,0.5611649282365188,1.3000000000000003,one_minus_s_power,566,True,1587.0,1587.0,256,1000000
10000,1.3,0.3,0.005692988244759978,2.763102111592855,0.002060361150199448,0.5611649282365188,1.3000000000000003,one_minus_s_power,567,True,1163.0,1163.0,256,1000000
10000,1.3,0.3,0.005692988244759978,2.763102111592855,0.002060361150199448,0.5611649282365188,1.3000000000000003,one_minus_s_power,568,True,501.0,501.0,256,1000000
10000,1.3,0.3,0.005692988244759978,2.763102111592855,0.002060361150199448,0.5611649282365188,1.3000000000000003,one_minus_s_power,569,True,2945.0,2945.0,256,1000000
10000,1.3,0.3,0.005692988244759978,2.763102111592855,0.002060361150199448,0.5611649282365188,1.3000000000000003,one_minus_s_power,570,True,3798.0,3798.0,256,1000000
10000,1.3,0.3,0.005692988244759978,2.763102111592855,0.002060361150199448,0.5611649282365188,1.3000000000000003,one_minus_s_power,571,True,700.0,700.0,256,1000000
10000,1.3,0.3,0.005692988244759978,2.763102111592855,0.002060361150199448,0.5611649282365188,1.3000000000000003,one_minus_s_power,572,True,987.0,987.0,256,1000000
10000,1.3,0.3,0.005692988244759978,2.763102111592855,0.002060361150199448,0.5611649282365188,1.3000000000000003,one_minus_s_power,573,True,511.0,511.0,256,1000000
10000,1.3,0.3,0.005692988244759978,2.763102111592855,0.002060361150199448,0.5611649282365188,1.3000000000000003,one_minus_s_power,574,True,5594.0,5594.0,256,1000000
10000,1.3,0.3,0.005692988244759978,2.763102111592855,0.002060361150199448,0.5611649282365188,1.3000000000000003,one_minus_s_power,575,True,979.0,979.0,256,1000000
10000,1.3,0.3,0.005692988244759978,2.763102111592855,0.002060361150199448,0.5611649282365188,1.3000000000000003,one_minus_s_power,576,True,7173.0,7173.0,256,1000000
10000,1.3,0.3,0.005692988244759978,2.763102111592855,0.002060361150199448,0.5611649282365188,1.3000000000000003,one_minus_s_power,577,True,2310.0,2310.0,256,1000000
10000,1.3,0.3,0.005692988244759978,2.763102111592855,0.002060361150199448,0.5611649282365188,1.3000000000000003,one_minus_s_power,578,True,632.0,632.0,256,1000000
10000,1.3,0.3,0.005692988244759978,2.763102111592855,0.002060361150199448,0.5611649282365188,1.3000000000000003,one_minus_s_power,579,True,6208.0,6208.0,256,1000000
10000,1.3,0.3,0.005692988244759978,2.763102111592855,0.002060361150199448,0.5611649282365188,1.3000000000000003,one_minus_s_power,580,True,1165.0,1165.0,256,1000000
10000,1.3,0.3,0.005692988244759978,2.763102111592855,0.002060361150199448,0.5611649282365188,1.3000000000000003,one_minus_s_power,581,True,3403.0,3403.0,256,1000000
10000,1.3,0.3,0.005692988244759978,2.763102111592855,0.002060361150199448,0.5611649282365188,1.3000000000000003,one_minus_s_power,582,True,1376.0,1376.0,256,1000000
10000,1.3,0.3,0.005692988244759978,2.763102111592855,0.002060361150199448,0.5611649282365188,1.3000000000000003,one_minus_s_power,583,True,5035.0,5035.0,256,1000000
10000,1.3,0.3,0.005692988244759978,2.763102111592855,0.002060361150199448,0.5611649282365188,1.3000000000000003,one_minus_s_power,584,True,2129.0,2129.0,256,1000000
10000,1.3,0.3,0.005692988244759978,2.763102111592855,0.002060361150199448,0.5611649282365188,1.3000000000000003,one_minus_s_power,585,True,5177.0,5177.0,256,1000000
10000,1.3,0.3,0.005692988244759978,2.763102111592855,0.002060361150199448,0.5611649282365188,1.3000000000000003,one_minus_s_power,586,True,2725.0,2725.0,256,1000000
10000,1.3,0.3,0.005692988244759978,2.763102111592855,0.002060361150199448,0.5611649282365188,1.3000000000000003,one_minus_s_power,587,True,945.0,945.0,256,1000000
10000,1.3,0.3,0.005692988244759978,2.763102111592855,0.002060361150199448,0.5611649282365188,1.3000000000000003,one_minus_s_power,588,True,1120.0,1120.0,256,1000000
10000,1.3,0.3,0.005692988244759978,2.763102111592855,0.002060361150199448,0.5611649282365188,1.3000000000000003,one_minus_s_power,589,True,2748.0,2748.0,256,1000000
10000,1.3,0.3,0.005692988244759978,2.763102111592855,0.002060361150199448,0.5611649282365188,1.3000000000000003,one_minus_s_power,590,True,2074.0,2074.0,256,1000000
10000,1.3,0.3,0.005692988244759978,2.763102111592855,0.002060361150199448,0.5611649282365188,1.3000000000000003,one_minus_s_power,591,True,3637.0,3637.0,256,1000000
10000,1.3,0.3,0.005692988244759978,2.763102111592855,0.002060361150199448,0.5611649282365188,1.3000000000000003,one_minus_s_power,592,True,3453.0,3453.0,256,1000000
10000,1.3,0.3,0.005692988244759978,2.763102111592855,0.002060361150199448,0.5611649282365188,1.3000000000000003,one_minus_s_power,593,True,974.0,974.0,256,1000000
10000,1.3,0.3,0.005692988244759978,2.763102111592855,0.002060361150199448,0.5611649282365188,1.3000000000000003,one_minus_s_power,594,True,705.0,705.0,256,1000000
10000,1.3,0.3,0.005692988244759978,2.763102111592855,0.002060361150199448,0.5611649282365188,1.3000000000000003,one_minus_s_power,595,True,1090.0,1090.0,256,1000000
10000,1.3,0.3,0.005692988244759978,2.763102111592855,0.002060361150199448,0.5611649282365188,1.3000000000000003,one_minus_s_power,596,True,650.0,650.0,256,1000000
10000,1.3,0.3,0.005692988244759978,2.763102111592855,0.002060361150199448,0.5611649282365188,1.3000000000000003,one_minus_s_power,597,True,1934.0,1934.0,256,1000000
10000,1.3,0.3,0.005692988244759978,2.763102111592855,0.002060361150199448,0.5611649282365188,1.3000000000000003,one_minus_s_power,598,True,5532.0,5532.0,256,1000000
10000,1.3,0.3,0.005692988244759978,2.763102111592855,0.002060361150199448,0.5611649282365188,1.3000000000000003,one_minus_s_power,599,True,748.0,748.0,256,1000000
10000,1.3,0.3,0.005692988244759978,2.763102111592855,0.002060361150199448,0.5611649282365188,1.3000000000000003,one_minus_s_power,600,True,3746.0,3746.0,256,1000000
10000,1.3,0.3,0.005692988244759978,2.763102111592855,0.002060361150199448,0.5611649282365188,1.3000000000000003,one_minus_s_power,601,True,12448.0,12448.0,256,1000000
10000,1.3,0.3,0.005692988244759978,2.763102111592855,0.002060361150199448,0.5611649282365188,1.3000000000000003,one_minus_s_power,602,True,5920.0,5920.0,256,1000000
10000,1.3,0.3,0.005692988244759978,2.763102111592855,0.002060361150199448,0.5611649282365188,1.3000000000000003,one_minus_s_power,603,True,1384.0,1384.0,256,1000000
10000,1.3,0.3,0.005692988244759978,2.763102111592855,0.002060361150199448,0.5611649282365188,1.3000000000000003,one_minus_s_power,604,True,3001.0,3001.0,256,1000000
10000,1.3,0.3,0.005692988244759978,2.763102111592855,0.002060361150199448,0.5611649282365188,1.3000000000000003,one_minus_s_power,605,True,1841.0,1841.0,256,1000000
10000,1.3,0.3,0.005692988244759978,2.763102111592855,0.002060361150199448,0.5611649282365188,1.3000000000000003,one_minus_s_power,606,True,3705.0,3705.0,256,1000000
10000,1.3,0.3,0.005692988244759978,2.763102111592855,0.002060361150199448,0.5611649282365188,1.3000000000000003,one_minus_s_power,607,True,2373.0,2373.0,256,1000000
10000,1.3,0.3,0.005692988244759978,2.763102111592855,0.002060361150199448,0.5611649282365188,1.3000000000000003,one_minus_s_power,608,True,1842.0,1842.0,256,1000000
10000,1.3,0.3,0.005692988244759978,2.763102111592855,0.002060361150199448,0.5611649282365188,1.3000000000000003,one_minus_s_power,609,True,1744.0,1744.0,256,1000000
10000,1.3,0.3,0.005692988244759978,2.763102111592855,0.002060361150199448,0.5611649282365188,1.3000000000000003,one_minus_s_power,610,True,1075.0,1075.0,256,1000000
10000,1.3,0.3,0.005692988244759978,2.763102111592855,0.002060361150199448,0.5611649282365188,1.3000000000000003,one_minus_s_power,611,True,696.0,696.0,256,1000000
10000,1.3,0.3,0.005692988244759978,2.763102111592855,0.002060361150199448,0.5611649282365188,1.3000000000000003,one_minus_s_power,612,True,1171.0,1171.0,256,1000000
10000,1.3,0.3,0.005692988244759978,2.763102111592855,0.002060361150199448,0.5611649282365188,1.3000000000000003,one_minus_s_power,613,True,2234.0,2234.0,256,1000000
10000,1.3,0.3,0.005692988244759978,2.763102111592855,0.002060361150199448,0.5611649282365188,1.3000000000000003,one_minus_s_power,614,True,766.0,766.0,256,1000000
10000,1.3,0.3,0.005692988244759978,2.763102111592855,0.002060361150199448,0.5611649282365188,1.3000000000000003,one_minus_s_power,615,True,12950.0,12950.0,256,1000000
10000,1.3,0.3,0.005692988244759978,2.763102111592855,0.002060361150199448,0.5611649282365188,1.3000000000000003,one_minus_s_power,616,True,669.0,669.0,256,1000000
10000,1.3,0.3,0.005692988244759978,2.763102111592855,0.002060361150199448,0.5611649282365188,1.3000000000000003,one_minus_s_power,617,True,2496.0,2496.0,256,1000000
10000,1.3,0.3,0.005692988244759978,2.763102111592855,0.002060361150199448,0.5611649282365188,1.3000000000000003,one_minus_s_power,618,True,5957.0,5957.0,256,1000000
10000,1.3,0.3,0.005692988244759978,2.763102111592855,0.002060361150199448,0.5611649282365188,1.3000000000000003,one_minus_s_power,619,True,12066.0,12066.0,256,1000000
10000,1.3,0.3,0.005692988244759978,2.763102111592855,0.002060361150199448,0.5611649282365188,1.3000000000000003,one_minus_s_power,620,True,2469.0,2469.0,256,1000000
10000,1.3,0.3,0.005692988244759978,2.763102111592855,0.002060361150199448,0.5611649282365188,1.3000000000000003,one_minus_s_power,621,True,509.0,509.0,256,1000000
10000,1.3,0.3,0.005692988244759978,2.763102111592855,0.002060361150199448,0.5611649282365188,1.3000000000000003,one_minus_s_power,622,True,1860.0,1860.0,256,1000000
10000,1.3,0.3,0.005692988244759978,2.763102111592855,0.002060361150199448,0.5611649282365188,1.3000000000000003,one_minus_s_power,623,True,823.0,823.0,256,1000000
10000,1.3,0.3,0.005692988244759978,2.763102111592855,0.002060361150199448,0.5611649282365188,1.3000000000000003,one_minus_s_power,624,True,2194.0,2194.0,256,1000000
10000,1.3,0.3,0.005692988244759978,2.763102111592855,0.002060361150199448,0.5611649282365188,1.3000000000000003,one_minus_s_power,625,True,1152.0,1152.0,256,1000000
10000,1.3,0.3,0.005692988244759978,2.763102111592855,0.002060361150199448,0.5611649282365188,1.3000000000000003,one_minus_s_power,626,True,1841.0,1841.0,256,1000000
10000,1.3,0.3,0.005692988244759978,2.763102111592855,0.002060361150199448,0.5611649282365188,1.3000000000000003,one_minus_s_power,627,True,3317.0,3317.0,256,1000000
10000,1.3,0.3,0.005692988244759978,2.763102111592855,0.002060361150199448,0.5611649282365188,1.3000000000000003,one_minus_s_power,628,True,363.0,363.0,256,1000000
10000,1.3,0.3,0.005692988244759978,2.763102111592855,0.002060361150199448,0.5611649282365188,1.3000000000000003,one_minus_s_power,629,True,1572.0,1572.0,256,1000000
10000,1.3,0.3,0.005692988244759978,2.763102111592855,0.002060361150199448,0.5611649282365188,1.3000000000000003,one_minus_s_power,630,True,777.0,777.0,256,1000000
10000,1.3,0.3,0.005692988244759978,2.763102111592855,0.002060361150199448,0.5611649282365188,1.3000000000000003,one_minus_s_power,631,True,6931.0,6931.0,256,1000000
10000,1.3,0.3,0.005692988244759978,2.763102111592855,0.002060361150199448,0.5611649282365188,1.3000000000000003,one_minus_s_power,632,True,5255.0,5255.0,256,1000000
10000,1.3,0.3,0.005692988244759978,2.763102111592855,0.002060361150199448,0.5611649282365188,1.3000000000000003,one_minus_s_power,633,True,1002.0,1002.0,256,1000000
10000,1.3,0.3,0.005692988244759978,2.763102111592855,0.002060361150199448,0.5611649282365188,1.3000000000000003,one_minus_s_power,634,True,11796.0,11796.0,256,1000000
10000,1.3,0.3,0.005692988244759978,2.763102111592855,0.002060361150199448,0.5611649282365188,1.3000000000000003,one_minus_s_power,635,True,7243.0,7243.0,256,1000000
10000,1.3,0.3,0.005692988244759978,2.763102111592855,0.002060361150199448,0.5611649282365188,1.3000000000000003,one_minus_s_power,636,True,2089.0,2089.0,256,1000000
10000,1.3,0.3,0.005692988244759978,2.763102111592855,0.002060361150199448,0.5611649282365188,1.3000000000000003,one_minus_s_power,637,True,4969.0,4969.0,256,1000000
10000,1.3,0.3,0.005692988244759978,2.763102111592855,0.002060361150199448,0.5611649282365188,1.3000000000000003,one_minus_s_power,638,True,528.0,528.0,256,1000000
10000,1.3,0.3,0.005692988244759978,2.763102111592855,0.002060361150199448,0.5611649282365188,1.3000000000000003,one_minus_s_power,639,True,6789.0,6789.0,256,1000000
10000,1.3,0.3,0.005692988244759978,2.763102111592855,0.002060361150199448,0.5611649282365188,1.3000000000000003,one_minus_s_power,640,True,2559.0,2559.0,256,1000000
10000,1.3,0.3,0.005692988244759978,2.763102111592855,0.002060361150199448,0.5611649282365188,1.3000000000000003,one_minus_s_power,641,True,361.0,361.0,256,1000000
10000,1.3,0.3,0.005692988244759978,2.763102111592855,0.002060361150199448,0.5611649282365188,1.3000000000000003,one_minus_s_power,642,True,2056.0,2056.0,256,1000000
10000,1.3,0.3,0.005692988244759978,2.763102111592855,0.002060361150199448,0.5611649282365188,1.3000000000000003,one_minus_s_power,643,True,3735.0,3735.0,256,1000000
10000,1.3,0.3,0.005692988244759978,2.763102111592855,0.002060361150199448,0.5611649282365188,1.3000000000000003,one_minus_s_power,644,True,1621.0,1621.0,256,1000000
10000,1.3,0.3,0.005692988244759978,2.763102111592855,0.002060361150199448,0.5611649282365188,1.3000000000000003,one_minus_s_power,645,True,612.0,612.0,256,1000000
10000,1.3,0.3,0.005692988244759978,2.763102111592855,0.002060361150199448,0.5611649282365188,1.3000000000000003,one_minus_s_power,646,True,1681.0,1681.0,256,1000000
10000,1.3,0.3,0.005692988244759978,2.763102111592855,0.002060361150199448,0.5611649282365188,1.3000000000000003,one_minus_s_power,647,True,1505.0,1505.0,256,1000000
10000,1.3,0.3,0.005692988244759978,2.763102111592855,0.002060361150199448,0.5611649282365188,1.3000000000000003,one_minus_s_power,648,True,709.0,709.0,256,1000000
10000,1.3,0.3,0.005692988244759978,2.763102111592855,0.002060361150199448,0.5611649282365188,1.3000000000000003,one_minus_s_power,649,True,631.0,631.0,256,1000000
10000,1.3,0.3,0.005692988244759978,2.763102111592855,0.002060361150199448,0.5611649282365188,1.3000000000000003,one_minus_s_power,650,True,2996.0,2996.0,256,1000000
10000,1.3,0.3,0.005692988244759978,2.763102111592855,0.002060361150199448,0.5611649282365188,1.3000000000000003,one_minus_s_power,651,True,689.0,689.0,256,1000000
10000,1.3,0.3,0.005692988244759978,2.763102111592855,0.002060361150199448,0.5611649282365188,1.3000000000000003,one_minus_s_power,652,True,1686.0,1686.0,256,1000000
10000,1.3,0.3,0.005692988244759978,2.763102111592855,0.002060361150199448,0.5611649282365188,1.3000000000000003,one_minus_s_power,653,True,707.0,707.0,256,1000000
10000,1.3,0.3,0.005692988244759978,2.763102111592855,0.002060361150199448,0.5611649282365188,1.3000000000000003,one_minus_s_power,654,True,2316.0,2316.0,256,1000000
10000,1.3,0.3,0.005692988244759978,2.763102111592855,0.002060361150199448,0.5611649282365188,1.3000000000000003,one_minus_s_power,655,True,756.0,756.0,256,1000000
10000,1.3,0.3,0.005692988244759978,2.763102111592855,0.002060361150199448,0.5611649282365188,1.3000000000000003,one_minus_s_power,656,True,1922.0,1922.0,256,1000000
10000,1.3,0.3,0.005692988244759978,2.763102111592855,0.002060361150199448,0.5611649282365188,1.3000000000000003,one_minus_s_power,657,True,692.0,692.0,256,1000000
10000,1.3,0.3,0.005692988244759978,2.763102111592855,0.002060361150199448,0.5611649282365188,1.3000000000000003,one_minus_s_power,658,True,2638.0,2638.0,256,1000000
10000,1.3,0.3,0.005692988244759978,2.763102111592855,0.002060361150199448,0.5611649282365188,1.3000000000000003,one_minus_s_power,659,True,779.0,779.0,256,1000000
10000,1.3,0.3,0.005692988244759978,2.763102111592855,0.002060361150199448,0.5611649282365188,1.3000000000000003,one_minus_s_power,660,True,1862.0,1862.0,256,1000000
10000,1.3,0.3,0.005692988244759978,2.763102111592855,0.002060361150199448,0.5611649282365188,1.3000000000000003,one_minus_s_power,661,True,1379.0,1379.0,256,1000000
10000,1.3,0.3,0.005692988244759978,2.763102111592855,0.002060361150199448,0.5611649282365188,1.3000000000000003,one_minus_s_power,662,True,4078.0,4078.0,256,1000000
10000,1.3,0.3,0.005692988244759978,2.763102111592855,0.002060361150199448,0.5611649282365188,1.3000000000000003,one_minus_s_power,663,True,9182.0,9182.0,256,1000000
10000,1.3,0.3,0.005692988244759978,2.763102111592855,0.002060361150199448,0.5611649282365188,1.3000000000000003,one_minus_s_power,664,True,1089.0,1089.0,256,1000000
10000,1.3,0.3,0.005692988244759978,2.763102111592855,0.002060361150199448,0.5611649282365188,1.3000000000000003,one_minus_s_power,665,True,761.0,761.0,256,1000000
10000,1.3,0.3,0.005692988244759978,2.763102111592855,0.002060361150199448,0.5611649282365188,1.3000000000000003,one_minus_s_power,666,True,2970.0,2970.0,256,1000000
10000,1.3,0.3,0.005692988244759978,2.763102111592855,0.002060361150199448,0.5611649282365188,1.3000000000000003,one_minus_s_power,667,True,1871.0,1871.0,256,1000000
10000,1.3,0.3,0.005692988244759978,2.763102111592855,0.002060361150199448,0.5611649282365188,1.3000000000000003,one_minus_s_power,668,True,340.0,340.0,256,1000000
10000,1.3,0.3,0.005692988244759978,2.763102111592855,0.002060361150199448,0.5611649282365188,1.3000000000000003,one_minus_s_power,669,True,1821.0,1821.0,256,1000000
10000,1.3,0.3,0.005692988244759978,2.763102111592855,0.002060361150199448,0.5611649282365188,1.3000000000000003,one_minus_s_power,670,True,413.0,413.0,256,1000000
10000,1.3,0.3,0.005692988244759978,2.763102111592855,0.002060361150199448,0.5611649282365188,1.3000000000000003,one_minus_s_power,671,True,1234.0,1234.0,256,1000000
10000,1.3,0.3,0.005692988244759978,2.763102111592855,0.002060361150199448,0.5611649282365188,1.3000000000000003,one_minus_s_power,672,True,852.0,852.0,256,1000000
10000,1.3,0.3,0.005692988244759978,2.763102111592855,0.002060361150199448,0.5611649282365188,1.3000000000000003,one_minus_s_power,673,True,5225.0,5225.0,256,1000000
10000,1.3,0.3,0.005692988244759978,2.763102111592855,0.002060361150199448,0.5611649282365188,1.3000000000000003,one_minus_s_power,674,True,1239.0,1239.0,256,1000000
10000,1.3,0.3,0.005692988244759978,2.763102111592855,0.002060361150199448,0.5611649282365188,1.3000000000000003,one_minus_s_power,675,True,3016.0,3016.0,256,1000000
10000,1.3,0.3,0.005692988244759978,2.763102111592855,0.002060361150199448,0.5611649282365188,1.3000000000000003,one_minus_s_power,676,True,1028.0,1028.0,256,1000000
10000,1.3,0.3,0.005692988244759978,2.763102111592855,0.002060361150199448,0.5611649282365188,1.3000000000000003,one_minus_s_power,677,True,2239.0,2239.0,256,1000000
10000,1.3,0.3,0.005692988244759978,2.763102111592855,0.002060361150199448,0.5611649282365188,1.3000000000000003,one_minus_s_power,678,True,2163.0,2163.0,256,1000000
10000,1.3,0.3,0.005692988244759978,2.763102111592855,0.002060361150199448,0.5611649282365188,1.3000000000000003,one_minus_s_power,679,True,2549.0,2549.0,256,1000000
10000,1.3,0.3,0.005692988244759978,2.763102111592855,0.002060361150199448,0.5611649282365188,1.3000000000000003,one_minus_s_power,680,True,1403.0,1403.0,256,1000000
10000,1.3,0.3,0.005692988244759978,2.763102111592855,0.002060361150199448,0.5611649282365188,1.3000000000000003,one_minus_s_power,681,True,670.0,670.0,256,1000000
10000,1.3,0.3,0.005692988244759978,2.763102111592855,0.002060361150199448,0.5611649282365188,1.3000000000000003,one_minus_s_power,682,True,1495.0,1495.0,256,1000000
10000,1.3,0.3,0.005692988244759978,2.763102111592855,0.002060361150199448,0.5611649282365188,1.3000000000000003,one_minus_s_power,683,True,1623.0,1623.0,256,1000000
10000,1.3,0.3,0.005692988244759978,2.763102111592855,0.002060361150199448,0.5611649282365188,1.3000000000000003,one_minus_s_power,684,True,599.0,599.0,256,1000000
10000,1.3,0.3,0.005692988244759978,2.763102111592855,0.002060361150199448,0.5611649282365188,1.3000000000000003,one_minus_s_power,685,True,1158.0,1158.0,256,1000000
10000,1.3,0.3,0.005692988244759978,2.763102111592855,0.002060361150199448,0.5611649282365188,1.3000000000000003,one_minus_s_power,686,True,4909.0,4909.0,256,1000000
10000,1.3,0.3,0.005692988244759978,2.763102111592855,0.002060361150199448,0.5611649282365188,1.3000000000000003,one_minus_s_power,687,True,4055.0,4055.0,256,1000000
10000,1.3,0.3,0.005692988244759978,2.763102111592855,0.002060361150199448,0.5611649282365188,1.3000000000000003,one_minus_s_power,688,True,2800.0,2800.0,256,1000000
10000,1.3,0.3,0.005692988244759978,2.763102111592855,0.002060361150199448,0.5611649282365188,1.3000000000000003,one_minus_s_power,689,True,2488.0,2488.0,256,1000000
10000,1.3,0.3,0.005692988244759978,2.763102111592855,0.002060361150199448,0.5611649282365188,1.3000000000000003,one_minus_s_power,690,True,2276.0,2276.0,256,1000000
10000,1.3,0.3,0.005692988244759978,2.763102111592855,0.002060361150199448,0.5611649282365188,1.3000000000000003,one_minus_s_power,691,True,376.0,376.0,256,1000000
10000,1.3,0.3,0.005692988244759978,2.763102111592855,0.002060361150199448,0.5611649282365188,1.3000000000000003,one_minus_s_power,692,True,8765.0,8765.0,256,1000000
10000,1.3,0.3,0.005692988244759978,2.763102111592855,0.002060361150199448,0.5611649282365188,1.3000000000000003,one_minus_s_power,693,True,2913.0,2913.0,256,1000000
10000,1.3,0.3,0.005692988244759978,2.763102111592855,0.002060361150199448,0.5611649282365188,1.3000000000000003,one_minus_s_power,694,True,1893.0,1893.0,256,1000000
10000,1.3,0.3,0.005692988244759978,2.763102111592855,0.002060361150199448,0.5611649282365188,1.3000000000000003,one_minus_s_power,695,True,1539.0,1539.0,256,1000000
10000,1.3,0.3,0.005692988244759978,2.763102111592855,0.002060361150199448,0.5611649282365188,1.3000000000000003,one_minus_s_power,696,True,1235.0,1235.0,256,1000000
10000,1.3,0.3,0.005692988244759978,2.763102111592855,0.002060361150199448,0.5611649282365188,1.3000000000000003,one_minus_s_power,697,True,1560.0,1560.0,256,1000000
10000,1.3,0.3,0.005692988244759978,2.763102111592855,0.002060361150199448,0.5611649282365188,1.3000000000000003,one_minus_s_power,698,True,1947.0,1947.0,256,1000000
10000,1.3,0.3,0.005692988244759978,2.763102111592855,0.002060361150199448,0.5611649282365188,1.3000000000000003,one_minus_s_power,699,True,2011.0,2011.0,256,1000000
10000,1.3,0.3,0.005692988244759978,2.763102111592855,0.002060361150199448,0.5611649282365188,1.3000000000000003,one_minus_s_power,700,True,2252.0,2252.0,256,1000000
10000,1.3,0.3,0.005692988244759978,2.763102111592855,0.002060361150199448,0.5611649282365188,1.3000000000000003,one_minus_s_power,701,True,2585.0,2585.0,256,1000000
10000,1.3,0.3,0.005692988244759978,2.763102111592855,0.002060361150199448,0.5611649282365188,1.3000000000000003,one_minus_s_power,702,True,3222.0,3222.0,256,1000000
10000,1.3,0.3,0.005692988244759978,2.763102111592855,0.002060361150199448,0.5611649282365188,1.3000000000000003,one_minus_s_power,703,True,5123.0,5123.0,256,1000000
10000,1.3,0.3,0.005692988244759978,2.763102111592855,0.002060361150199448,0.5611649282365188,1.3000000000000003,one_minus_s_power,704,True,4772.0,4772.0,256,1000000
10000,1.3,0.3,0.005692988244759978,2.763102111592855,0.002060361150199448,0.5611649282365188,1.3000000000000003,one_minus_s_power,705,True,2868.0,2868.0,256,1000000
10000,1.3,0.3,0.005692988244759978,2.763102111592855,0.002060361150199448,0.5611649282365188,1.3000000000000003,one_minus_s_power,706,True,455.0,455.0,256,1000000
10000,1.3,0.3,0.005692988244759978,2.763102111592855,0.002060361150199448,0.5611649282365188,1.3000000000000003,one_minus_s_power,707,True,1664.0,1664.0,256,1000000
10000,1.3,0.3,0.005692988244759978,2.763102111592855,0.002060361150199448,0.5611649282365188,1.3000000000000003,one_minus_s_power,708,True,3347.0,3347.0,256,1000000
10000,1.3,0.3,0.005692988244759978,2.763102111592855,0.002060361150199448,0.5611649282365188,1.3000000000000003,one_minus_s_power,709,True,758.0,758.0,256,1000000
10000,1.3,0.3,0.005692988244759978,2.763102111592855,0.002060361150199448,0.5611649282365188,1.3000000000000003,one_minus_s_power,710,True,2274.0,2274.0,256,1000000
10000,1.3,0.3,0.005692988244759978,2.763102111592855,0.002060361150199448,0.5611649282365188,1.3000000000000003,one_minus_s_power,711,True,966.0,966.0,256,1000000
10000,1.3,0.3,0.005692988244759978,2.763102111592855,0.002060361150199448,0.5611649282365188,1.3000000000000003,one_minus_s_power,712,True,1611.0,1611.0,256,1000000
10000,1.3,0.3,0.005692988244759978,2.763102111592855,0.002060361150199448,0.5611649282365188,1.3000000000000003,one_minus_s_power,713,True,1786.0,1786.0,256,1000000
10000,1.3,0.3,0.005692988244759978,2.763102111592855,0.002060361150199448,0.5611649282365188,1.3000000000000003,one_minus_s_power,714,True,3965.0,3965.0,256,1000000
10000,1.3,0.3,0.005692988244759978,2.763102111592855,0.002060361150199448,0.5611649282365188,1.3000000000000003,one_minus_s_power,715,True,3171.0,3171.0,256,1000000
10000,1.3,0.3,0.005692988244759978,2.763102111592855,0.002060361150199448,0.5611649282365188,1.3000000000000003,one_minus_s_power,716,True,2158.0,2158.0,256,1000000
10000,1.3,0.3,0.005692988244759978,2.763102111592855,0.002060361150199448,0.5611649282365188,1.3000000000000003,one_minus_s_power,717,True,3133.0,3133.0,256,1000000
10000,1.3,0.3,0.005692988244759978,2.763102111592855,0.002060361150199448,0.5611649282365188,1.3000000000000003,one_minus_s_power,718,True,9205.0,9205.0,256,1000000
10000,1.3,0.3,0.005692988244759978,2.763102111592855,0.002060361150199448,0.5611649282365188,1.3000000000000003,one_minus_s_power,719,True,2434.0,2434.0,256,1000000
10000,1.3,0.3,0.005692988244759978,2.763102111592855,0.002060361150199448,0.5611649282365188,1.3000000000000003,one_minus_s_power,720,True,325.0,325.0,256,1000000
10000,1.3,0.3,0.005692988244759978,2.763102111592855,0.002060361150199448,0.5611649282365188,1.3000000000000003,one_minus_s_power,721,True,2388.0,2388.0,256,1000000
10000,1.3,0.3,0.005692988244759978,2.763102111592855,0.002060361150199448,0.5611649282365188,1.3000000000000003,one_minus_s_power,722,True,10198.0,10198.0,256,1000000
10000,1.3,0.3,0.005692988244759978,2.763102111592855,0.002060361150199448,0.5611649282365188,1.3000000000000003,one_minus_s_power,723,True,2404.0,2404.0,256,1000000
10000,1.3,0.3,0.005692988244759978,2.763102111592855,0.002060361150199448,0.5611649282365188,1.3000000000000003,one_minus_s_power,724,True,545.0,545.0,256,1000000
10000,1.3,0.3,0.005692988244759978,2.763102111592855,0.002060361150199448,0.5611649282365188,1.3000000000000003,one_minus_s_power,725,True,2012.0,2012.0,256,1000000
10000,1.3,0.3,0.005692988244759978,2.763102111592855,0.002060361150199448,0.5611649282365188,1.3000000000000003,one_minus_s_power,726,True,393.0,393.0,256,1000000
10000,1.3,0.3,0.005692988244759978,2.763102111592855,0.002060361150199448,0.5611649282365188,1.3000000000000003,one_minus_s_power,727,True,944.0,944.0,256,1000000
10000,1.3,0.3,0.005692988244759978,2.763102111592855,0.002060361150199448,0.5611649282365188,1.3000000000000003,one_minus_s_power,728,True,2554.0,2554.0,256,1000000
10000,1.3,0.3,0.005692988244759978,2.763102111592855,0.002060361150199448,0.5611649282365188,1.3000000000000003,one_minus_s_power,729,True,2665.0,2665.0,256,1000000
10000,1.3,0.3,0.005692988244759978,2.763102111592855,0.002060361150199448,0.5611649282365188,1.3000000000000003,one_minus_s_power,730,True,484.0,484.0,256,1000000
10000,1.3,0.3,0.005692988244759978,2.763102111592855,0.002060361150199448,0.5611649282365188,1.3000000000000003,one_minus_s_power,731,True,2358.0,2358.0,256,1000000
10000,1.3,0.3,0.005692988244759978,2.763102111592855,0.002060361150199448,0.5611649282365188,1.3000000000000003,one_minus_s_power,732,True,957.0,957.0,256,1000000
10000,1.3,0.3,0.005692988244759978,2.763102111592855,0.002060361150199448,0.5611649282365188,1.3000000000000003,one_minus_s_power,733,True,1051.0,1051.0,256,1000000
10000,1.3,0.3,0.005692988244759978,2.763102111592855,0.002060361150199448,0.5611649282365188,1.3000000000000003,one_minus_s_power,734,True,1527.0,1527.0,256,1000000
10000,1.3,0.3,0.005692988244759978,2.763102111592855,0.002060361150199448,0.5611649282365188,1.3000000000000003,one_minus_s_power,735,True,1782.0,1782.0,256,1000000
10000,1.3,0.3,0.005692988244759978,2.763102111592855,0.002060361150199448,0.5611649282365188,1.3000000000000003,one_minus_s_power,736,True,3287.0,3287.0,256,1000000
10000,1.3,0.3,0.005692988244759978,2.763102111592855,0.002060361150199448,0.5611649282365188,1.3000000000000003,one_minus_s_power,737,True,385.0,385.0,256,1000000
10000,1.3,0.3,0.005692988244759978,2.763102111592855,0.002060361150199448,0.5611649282365188,1.3000000000000003,one_minus_s_power,738,True,864.0,864.0,256,1000000
10000,1.3,0.3,0.005692988244759978,2.763102111592855,0.002060361150199448,0.5611649282365188,1.3000000000000003,one_minus_s_power,739,True,835.0,835.0,256,1000000
10000,1.3,0.3,0.005692988244759978,2.763102111592855,0.002060361150199448,0.5611649282365188,1.3000000000000003,one_minus_s_power,740,True,497.0,497.0,256,1000000
10000,1.3,0.3,0.005692988244759978,2.763102111592855,0.002060361150199448,0.5611649282365188,1.3000000000000003,one_minus_s_power,741,True,2305.0,2305.0,256,1000000
10000,1.3,0.3,0.005692988244759978,2.763102111592855,0.002060361150199448,0.5611649282365188,1.3000000000000003,one_minus_s_power,742,True,282.0,282.0,256,1000000
10000,1.3,0.3,0.005692988244759978,2.763102111592855,0.002060361150199448,0.5611649282365188,1.3000000000000003,one_minus_s_power,743,True,2100.0,2100.0,256,1000000
10000,1.3,0.3,0.005692988244759978,2.763102111592855,0.002060361150199448,0.5611649282365188,1.3000000000000003,one_minus_s_power,744,True,1210.0,1210.0,256,1000000
10000,1.3,0.3,0.005692988244759978,2.763102111592855,0.002060361150199448,0.5611649282365188,1.3000000000000003,one_minus_s_power,745,True,2771.0,2771.0,256,1000000
10000,1.3,0.3,0.005692988244759978,2.763102111592855,0.002060361150199448,0.5611649282365188,1.3000000000000003,one_minus_s_power,746,True,5026.0,5026.0,256,1000000
10000,1.3,0.3,0.005692988244759978,2.763102111592855,0.002060361150199448,0.5611649282365188,1.3000000000000003,one_minus_s_power,747,True,5517.0,5517.0,256,1000000
10000,1.3,0.3,0.005692988244759978,2.763102111592855,0.002060361150199448,0.5611649282365188,1.3000000000000003,one_minus_s_power,748,True,1860.0,1860.0,256,1000000
10000,1.3,0.3,0.005692988244759978,2.763102111592855,0.002060361150199448,0.5611649282365188,1.3000000000000003,one_minus_s_power,749,True,2874.0,2874.0,256,1000000
10000,1.3,0.3,0.005692988244759978,2.763102111592855,0.002060361150199448,0.5611649282365188,1.3000000000000003,one_minus_s_power,750,True,2144.0,2144.0,256,1000000
10000,1.3,0.3,0.005692988244759978,2.763102111592855,0.002060361150199448,0.5611649282365188,1.3000000000000003,one_minus_s_power,751,True,2636.0,2636.0,256,1000000
10000,1.3,0.3,0.005692988244759978,2.763102111592855,0.002060361150199448,0.5611649282365188,1.3000000000000003,one_minus_s_power,752,True,4116.0,4116.0,256,1000000
10000,1.3,0.3,0.005692988244759978,2.763102111592855,0.002060361150199448,0.5611649282365188,1.3000000000000003,one_minus_s_power,753,True,2865.0,2865.0,256,1000000
10000,1.3,0.3,0.005692988244759978,2.763102111592855,0.002060361150199448,0.5611649282365188,1.3000000000000003,one_minus_s_power,754,True,4881.0,4881.0,256,1000000
10000,1.3,0.3,0.005692988244759978,2.763102111592855,0.002060361150199448,0.5611649282365188,1.3000000000000003,one_minus_s_power,755,True,2317.0,2317.0,256,1000000
10000,1.3,0.3,0.005692988244759978,2.763102111592855,0.002060361150199448,0.5611649282365188,1.3000000000000003,one_minus_s_power,756,True,2224.0,2224.0,256,1000000
10000,1.3,0.3,0.005692988244759978,2.763102111592855,0.002060361150199448,0.5611649282365188,1.3000000000000003,one_minus_s_power,757,True,4968.0,4968.0,256,1000000
10000,1.3,0.3,0.005692988244759978,2.763102111592855,0.002060361150199448,0.5611649282365188,1.3000000000000003,one_minus_s_power,758,True,4305.0,4305.0,256,1000000
10000,1.3,0.3,0.005692988244759978,2.763102111592855,0.002060361150199448,0.5611649282365188,1.3000000000000003,one_minus_s_power,759,True,6349.0,6349.0,256,1000000
10000,1.3,0.3,0.005692988244759978,2.763102111592855,0.002060361150199448,0.5611649282365188,1.3000000000000003,one_minus_s_power,760,True,5190.0,5190.0,256,1000000
10000,1.3,0.3,0.005692988244759978,2.763102111592855,0.002060361150199448,0.5611649282365188,1.3000000000000003,one_minus_s_power,761,True,5854.0,5854.0,256,1000000
10000,1.3,0.3,0.005692988244759978,2.763102111592855,0.002060361150199448,0.5611649282365188,1.3000000000000003,one_minus_s_power,762,True,1112.0,1112.0,256,1000000
10000,1.3,0.3,0.005692988244759978,2.763102111592855,0.002060361150199448,0.5611649282365188,1.3000000000000003,one_minus_s_power,763,True,5163.0,5163.0,256,1000000
10000,1.3,0.3,0.005692988244759978,2.763102111592855,0.002060361150199448,0.5611649282365188,1.3000000000000003,one_minus_s_power,764,True,576.0,576.0,256,1000000
10000,1.3,0.3,0.005692988244759978,2.763102111592855,0.002060361150199448,0.5611649282365188,1.3000000000000003,one_minus_s_power,765,True,1661.0,1661.0,256,1000000
10000,1.3,0.3,0.005692988244759978,2.763102111592855,0.002060361150199448,0.5611649282365188,1.3000000000000003,one_minus_s_power,766,True,1406.0,1406.0,256,1000000
10000,1.3,0.3,0.005692988244759978,2.763102111592855,0.002060361150199448,0.5611649282365188,1.3000000000000003,one_minus_s_power,767,True,2708.0,2708.0,256,1000000
10000,1.3,0.3,0.005692988244759978,2.763102111592855,0.002060361150199448,0.5611649282365188,1.3000000000000003,one_minus_s_power,768,True,1778.0,1778.0,256,1000000
10000,1.3,0.3,0.005692988244759978,2.763102111592855,0.002060361150199448,0.5611649282365188,1.3000000000000003,one_minus_s_power,769,True,687.0,687.0,256,1000000
10000,1.3,0.3,0.005692988244759978,2.763102111592855,0.002060361150199448,0.5611649282365188,1.3000000000000003,one_minus_s_power,770,True,6160.0,6160.0,256,1000000
10000,1.3,0.3,0.005692988244759978,2.763102111592855,0.002060361150199448,0.5611649282365188,1.3000000000000003,one_minus_s_power,771,True,3353.0,3353.0,256,1000000
10000,1.3,0.3,0.005692988244759978,2.763102111592855,0.002060361150199448,0.5611649282365188,1.3000000000000003,one_minus_s_power,772,True,2266.0,2266.0,256,1000000
10000,1.3,0.3,0.005692988244759978,2.763102111592855,0.002060361150199448,0.5611649282365188,1.3000000000000003,one_minus_s_power,773,True,750.0,750.0,256,1000000
10000,1.3,0.3,0.005692988244759978,2.763102111592855,0.002060361150199448,0.5611649282365188,1.3000000000000003,one_minus_s_power,774,True,1381.0,1381.0,256,1000000
10000,1.3,0.3,0.005692988244759978,2.763102111592855,0.002060361150199448,0.5611649282365188,1.3000000000000003,one_minus_s_power,775,True,3302.0,3302.0,256,1000000
10000,1.3,0.3,0.005692988244759978,2.763102111592855,0.002060361150199448,0.5611649282365188,1.3000000000000003,one_minus_s_power,776,True,1337.0,1337.0,256,1000000
10000,1.3,0.3,0.005692988244759978,2.763102111592855,0.002060361150199448,0.5611649282365188,1.3000000000000003,one_minus_s_power,777,True,510.0,510.0,256,1000000
10000,1.3,0.3,0.005692988244759978,2.763102111592855,0.002060361150199448,0.5611649282365188,1.3000000000000003,one_minus_s_power,778,True,1890.0,1890.0,256,1000000
10000,1.3,0.3,0.005692988244759978,2.763102111592855,0.002060361150199448,0.5611649282365188,1.3000000000000003,one_minus_s_power,779,True,4167.0,4167.0,256,1000000
10000,1.3,0.3,0.005692988244759978,2.763102111592855,0.002060361150199448,0.5611649282365188,1.3000000000000003,one_minus_s_power,780,True,860.0,860.0,256,1000000
10000,1.3,0.3,0.005692988244759978,2.763102111592855,0.002060361150199448,0.5611649282365188,1.3000000000000003,one_minus_s_power,781,True,981.0,981.0,256,1000000
10000,1.3,0.3,0.005692988244759978,2.763102111592855,0.002060361150199448,0.5611649282365188,1.3000000000000003,one_minus_s_power,782,True,1515.0,1515.0,256,1000000
10000,1.3,0.3,0.005692988244759978,2.763102111592855,0.002060361150199448,0.5611649282365188,1.3000000000000003,one_minus_s_power,783,True,3520.0,3520.0,256,1000000
10000,1.3,0.3,0.005692988244759978,2.763102111592855,0.002060361150199448,0.5611649282365188,1.3000000000000003,one_minus_s_power,784,True,5558.0,5558.0,256,1000000
10000,1.3,0.3,0.005692988244759978,2.763102111592855,0.002060361150199448,0.5611649282365188,1.3000000000000003,one_minus_s_power,785,True,3768.0,3768.0,256,1000000
10000,1.3,0.3,0.005692988244759978,2.763102111592855,0.002060361150199448,0.5611649282365188,1.3000000000000003,one_minus_s_power,786,True,3632.0,3632.0,256,1000000
10000,1.3,0.3,0.005692988244759978,2.763102111592855,0.002060361150199448,0.5611649282365188,1.3000000000000003,one_minus_s_power,787,True,2047.0,2047.0,256,1000000
10000,1.3,0.3,0.005692988244759978,2.763102111592855,0.002060361150199448,0.5611649282365188,1.3000000000000003,one_minus_s_power,788,True,5271.0,5271.0,256,1000000
10000,1.3,0.3,0.005692988244759978,2.763102111592855,0.002060361150199448,0.5611649282365188,1.3000000000000003,one_minus_s_power,789,True,277.0,277.0,256,1000000
10000,1.3,0.3,0.005692988244759978,2.763102111592855,0.002060361150199448,0.5611649282365188,1.3000000000000003,one_minus_s_power,790,True,2307.0,2307.0,256,1000000
10000,1.3,0.3,0.005692988244759978,2.763102111592855,0.002060361150199448,0.5611649282365188,1.3000000000000003,one_minus_s_power,791,True,2066.0,2066.0,256,1000000
10000,1.3,0.3,0.005692988244759978,2.763102111592855,0.002060361150199448,0.5611649282365188,1.3000000000000003,one_minus_s_power,792,True,1001.0,1001.0,256,1000000
10000,1.3,0.3,0.005692988244759978,2.763102111592855,0.002060361150199448,0.5611649282365188,1.3000000000000003,one_minus_s_power,793,True,703.0,703.0,256,1000000
10000,1.3,0.3,0.005692988244759978,2.763102111592855,0.002060361150199448,0.5611649282365188,1.3000000000000003,one_minus_s_power,794,True,962.0,962.0,256,1000000
10000,1.3,0.3,0.005692988244759978,2.763102111592855,0.002060361150199448,0.5611649282365188,1.3000000000000003,one_minus_s_power,795,True,1180.0,1180.0,256,1000000
10000,1.3,0.3,0.005692988244759978,2.763102111592855,0.002060361150199448,0.5611649282365188,1.3000000000000003,one_minus_s_power,796,True,592.0,592.0,256,1000000
10000,1.3,0.3,0.005692988244759978,2.763102111592855,0.002060361150199448,0.5611649282365188,1.3000000000000003,one_minus_s_power,797,True,651.0,651.0,256,1000000
10000,1.3,0.3,0.005692988244759978,2.763102111592855,0.002060361150199448,0.5611649282365188,1.3000000000000003,one_minus_s_power,798,True,2967.0,2967.0,256,1000000
10000,1.3,0.3,0.005692988244759978,2.763102111592855,0.002060361150199448,0.5611649282365188,1.3000000000000003,one_minus_s_power,799,True,1952.0,1952.0,256,1000000
10000,1.3,0.3,0.005692988244759978,2.763102111592855,0.002060361150199448,0.5611649282365188,1.3000000000000003,one_minus_s_power,800,True,9513.0,9513.0,256,1000000
10000,1.3,0.3,0.005692988244759978,2.763102111592855,0.002060361150199448,0.5611649282365188,1.3000000000000003,one_minus_s_power,801,True,600.0,600.0,256,1000000
10000,1.3,0.3,0.005692988244759978,2.763102111592855,0.002060361150199448,0.5611649282365188,1.3000000000000003,one_minus_s_power,802,True,6412.0,6412.0,256,1000000
10000,1.3,0.3,0.005692988244759978,2.763102111592855,0.002060361150199448,0.5611649282365188,1.3000000000000003,one_minus_s_power,803,True,4017.0,4017.0,256,1000000
10000,1.3,0.3,0.005692988244759978,2.763102111592855,0.002060361150199448,0.5611649282365188,1.3000000000000003,one_minus_s_power,804,True,8967.0,8967.0,256,1000000
10000,1.3,0.3,0.005692988244759978,2.763102111592855,0.002060361150199448,0.5611649282365188,1.3000000000000003,one_minus_s_power,805,True,2431.0,2431.0,256,1000000
10000,1.3,0.3,0.005692988244759978,2.763102111592855,0.002060361150199448,0.5611649282365188,1.3000000000000003,one_minus_s_power,806,True,3387.0,3387.0,256,1000000
10000,1.3,0.3,0.005692988244759978,2.763102111592855,0.002060361150199448,0.5611649282365188,1.3000000000000003,one_minus_s_power,807,True,1340.0,1340.0,256,1000000
10000,1.3,0.3,0.005692988244759978,2.763102111592855,0.002060361150199448,0.5611649282365188,1.3000000000000003,one_minus_s_power,808,True,355.0,355.0,256,1000000
10000,1.3,0.3,0.005692988244759978,2.763102111592855,0.002060361150199448,0.5611649282365188,1.3000000000000003,one_minus_s_power,809,True,1602.0,1602.0,256,1000000
10000,1.3,0.3,0.005692988244759978,2.763102111592855,0.002060361150199448,0.5611649282365188,1.3000000000000003,one_minus_s_power,810,True,8242.0,8242.0,256,1000000
10000,1.3,0.3,0.005692988244759978,2.763102111592855,0.002060361150199448,0.5611649282365188,1.3000000000000003,one_minus_s_power,811,True,605.0,605.0,256,1000000
10000,1.3,0.3,0.005692988244759978,2.763102111592855,0.002060361150199448,0.5611649282365188,1.3000000000000003,one_minus_s_power,812,True,1730.0,1730.0,256,1000000
10000,1.3,0.3,0.005692988244759978,2.763102111592855,0.002060361150199448,0.5611649282365188,1.3000000000000003,one_minus_s_power,813,True,663.0,663.0,256,1000000
10000,1.3,0.3,0.005692988244759978,2.763102111592855,0.002060361150199448,0.5611649282365188,1.3000000000000003,one_minus_s_power,814,True,3195.0,3195.0,256,1000000
10000,1.3,0.3,0.005692988244759978,2.763102111592855,0.002060361150199448,0.5611649282365188,1.3000000000000003,one_minus_s_power,815,True,426.0,426.0,256,1000000
10000,1.3,0.3,0.005692988244759978,2.763102111592855,0.002060361150199448,0.5611649282365188,1.3000000000000003,one_minus_s_power,816,True,1939.0,1939.0,256,1000000
10000,1.3,0.3,0.005692988244759978,2.763102111592855,0.002060361150199448,0.5611649282365188,1.3000000000000003,one_minus_s_power,817,True,1145.0,1145.0,256,1000000
10000,1.3,0.3,0.005692988244759978,2.763102111592855,0.002060361150199448,0.5611649282365188,1.3000000000000003,one_minus_s_power,818,True,1358.0,1358.0,256,1000000
10000,1.3,0.3,0.005692988244759978,2.763102111592855,0.002060361150199448,0.5611649282365188,1.3000000000000003,one_minus_s_power,819,True,5551.0,5551.0,256,1000000
10000,1.3,0.3,0.005692988244759978,2.763102111592855,0.002060361150199448,0.5611649282365188,1.3000000000000003,one_minus_s_power,820,True,1361.0,1361.0,256,1000000
10000,1.3,0.3,0.005692988244759978,2.763102111592855,0.002060361150199448,0.5611649282365188,1.3000000000000003,one_minus_s_power,821,True,2042.0,2042.0,256,1000000
10000,1.3,0.3,0.005692988244759978,2.763102111592855,0.002060361150199448,0.5611649282365188,1.3000000000000003,one_minus_s_power,822,True,624.0,624.0,256,1000000
10000,1.3,0.3,0.005692988244759978,2.763102111592855,0.002060361150199448,0.5611649282365188,1.3000000000000003,one_minus_s_power,823,True,1702.0,1702.0,256,1000000
10000,1.3,0.3,0.005692988244759978,2.763102111592855,0.002060361150199448,0.5611649282365188,1.3000000000000003,one_minus_s_power,824,True,1719.0,1719.0,256,1000000
10000,1.3,0.3,0.005692988244759978,2.763102111592855,0.002060361150199448,0.5611649282365188,1.3000000000000003,one_minus_s_power,825,True,750.0,750.0,256,1000000
10000,1.3,0.3,0.005692988244759978,2.763102111592855,0.002060361150199448,0.5611649282365188,1.3000000000000003,one_minus_s_power,826,True,802.0,802.0,256,1000000
10000,1.3,0.3,0.005692988244759978,2.763102111592855,0.002060361150199448,0.5611649282365188,1.3000000000000003,one_minus_s_power,827,True,467.0,467.0,256,1000000
10000,1.3,0.3,0.005692988244759978,2.763102111592855,0.002060361150199448,0.5611649282365188,1.3000000000000003,one_minus_s_power,828,True,3001.0,3001.0,256,1000000
10000,1.3,0.3,0.005692988244759978,2.763102111592855,0.002060361150199448,0.5611649282365188,1.3000000000000003,one_minus_s_power,829,True,3668.0,3668.0,256,1000000
10000,1.3,0.3,0.005692988244759978,2.763102111592855,0.002060361150199448,0.5611649282365188,1.3000000000000003,one_minus_s_power,830,True,3390.0,3390.0,256,1000000
10000,1.3,0.3,0.005692988244759978,2.763102111592855,0.002060361150199448,0.5611649282365188,1.3000000000000003,one_minus_s_power,831,True,919.0,919.0,256,1000000
10000,1.3,0.3,0.005692988244759978,2.763102111592855,0.002060361150199448,0.5611649282365188,1.3000000000000003,one_minus_s_power,832,True,7230.0,7230.0,256,1000000
10000,1.3,0.3,0.005692988244759978,2.763102111592855,0.002060361150199448,0.5611649282365188,1.3000000000000003,one_minus_s_power,833,True,9224.0,9224.0,256,1000000
10000,1.3,0.3,0.005692988244759978,2.763102111592855,0.002060361150199448,0.5611649282365188,1.3000000000000003,one_minus_s_power,834,True,1698.0,1698.0,256,1000000
10000,1.3,0.3,0.005692988244759978,2.763102111592855,0.002060361150199448,0.5611649282365188,1.3000000000000003,one_minus_s_power,835,True,1060.0,1060.0,256,1000000
10000,1.3,0.3,0.005692988244759978,2.763102111592855,0.002060361150199448,0.5611649282365188,1.3000000000000003,one_minus_s_power,836,True,888.0,888.0,256,1000000
10000,1.3,0.3,0.005692988244759978,2.763102111592855,0.002060361150199448,0.5611649282365188,1.3000000000000003,one_minus_s_power,837,True,4849.0,4849.0,256,1000000
10000,1.3,0.3,0.005692988244759978,2.763102111592855,0.002060361150199448,0.5611649282365188,1.3000000000000003,one_minus_s_power,838,True,1532.0,1532.0,256,1000000
10000,1.3,0.3,0.005692988244759978,2.763102111592855,0.002060361150199448,0.5611649282365188,1.3000000000000003,one_minus_s_power,839,True,7435.0,7435.0,256,1000000
10000,1.3,0.3,0.005692988244759978,2.763102111592855,0.002060361150199448,0.5611649282365188,1.3000000000000003,one_minus_s_power,840,True,2440.0,2440.0,256,1000000
10000,1.3,0.3,0.005692988244759978,2.763102111592855,0.002060361150199448,0.5611649282365188,1.3000000000000003,one_minus_s_power,841,True,4021.0,4021.0,256,1000000
10000,1.3,0.3,0.005692988244759978,2.763102111592855,0.002060361150199448,0.5611649282365188,1.3000000000000003,one_minus_s_power,842,True,2285.0,2285.0,256,1000000
10000,1.3,0.3,0.005692988244759978,2.763102111592855,0.002060361150199448,0.5611649282365188,1.3000000000000003,one_minus_s_power,843,True,6793.0,6793.0,256,1000000
10000,1.3,0.3,0.005692988244759978,2.763102111592855,0.002060361150199448,0.5611649282365188,1.3000000000000003,one_minus_s_power,844,True,9012.0,9012.0,256,1000000
10000,1.3,0.3,0.005692988244759978,2.763102111592855,0.002060361150199448,0.5611649282365188,1.3000000000000003,one_minus_s_power,845,True,4856.0,4856.0,256,1000000
10000,1.3,0.3,0.005692988244759978,2.763102111592855,0.002060361150199448,0.5611649282365188,1.3000000000000003,one_minus_s_power,846,True,736.0,736.0,256,1000000
10000,1.3,0.3,0.005692988244759978,2.763102111592855,0.002060361150199448,0.5611649282365188,1.3000000000000003,one_minus_s_power,847,True,1480.0,1480.0,256,1000000
10000,1.3,0.3,0.005692988244759978,2.763102111592855,0.002060361150199448,0.5611649282365188,1.3000000000000003,one_minus_s_power,848,True,3415.0,3415.0,256,1000000
10000,1.3,0.3,0.005692988244759978,2.763102111592855,0.002060361150199448,0.5611649282365188,1.3000000000000003,one_minus_s_power,849,True,396.0,396.0,256,1000000
10000,1.3,0.3,0.005692988244759978,2.763102111592855,0.002060361150199448,0.5611649282365188,1.3000000000000003,one_minus_s_power,850,True,2108.0,2108.0,256,1000000
10000,1.3,0.3,0.005692988244759978,2.763102111592855,0.002060361150199448,0.5611649282365188,1.3000000000000003,one_minus_s_power,851,True,1532.0,1532.0,256,1000000
10000,1.3,0.3,0.005692988244759978,2.763102111592855,0.002060361150199448,0.5611649282365188,1.3000000000000003,one_minus_s_power,852,True,1544.0,1544.0,256,1000000
10000,1.3,0.3,0.005692988244759978,2.763102111592855,0.002060361150199448,0.5611649282365188,1.3000000000000003,one_minus_s_power,853,True,626.0,626.0,256,1000000
10000,1.3,0.3,0.005692988244759978,2.763102111592855,0.002060361150199448,0.5611649282365188,1.3000000000000003,one_minus_s_power,854,True,5311.0,5311.0,256,1000000
10000,1.3,0.3,0.005692988244759978,2.763102111592855,0.002060361150199448,0.5611649282365188,1.3000000000000003,one_minus_s_power,855,True,3981.0,3981.0,256,1000000
10000,1.3,0.3,0.005692988244759978,2.763102111592855,0.002060361150199448,0.5611649282365188,1.3000000000000003,one_minus_s_power,856,True,5721.0,5721.0,256,1000000
10000,1.3,0.3,0.005692988244759978,2.763102111592855,0.002060361150199448,0.5611649282365188,1.3000000000000003,one_minus_s_power,857,True,3916.0,3916.0,256,1000000
10000,1.3,0.3,0.005692988244759978,2.763102111592855,0.002060361150199448,0.5611649282365188,1.3000000000000003,one_minus_s_power,858,True,2441.0,2441.0,256,1000000
10000,1.3,0.3,0.005692988244759978,2.763102111592855,0.002060361150199448,0.5611649282365188,1.3000000000000003,one_minus_s_power,859,True,3818.0,3818.0,256,1000000
10000,1.3,0.3,0.005692988244759978,2.763102111592855,0.002060361150199448,0.5611649282365188,1.3000000000000003,one_minus_s_power,860,True,804.0,804.0,256,1000000
10000,1.3,0.3,0.005692988244759978,2.763102111592855,0.002060361150199448,0.5611649282365188,1.3000000000000003,one_minus_s_power,861,True,2311.0,2311.0,256,1000000
10000,1.3,0.3,0.005692988244759978,2.763102111592855,0.002060361150199448,0.5611649282365188,1.3000000000000003,one_minus_s_power,862,True,3979.0,3979.0,256,1000000
10000,1.3,0.3,0.005692988244759978,2.763102111592855,0.002060361150199448,0.5611649282365188,1.3000000000000003,one_minus_s_power,863,True,2191.0,2191.0,256,1000000
10000,1.3,0.3,0.005692988244759978,2.763102111592855,0.002060361150199448,0.5611649282365188,1.3000000000000003,one_minus_s_power,864,True,1582.0,1582.0,256,1000000
10000,1.3,0.3,0.005692988244759978,2.763102111592855,0.002060361150199448,0.5611649282365188,1.3000000000000003,one_minus_s_power,865,True,1690.0,1690.0,256,1000000
10000,1.3,0.3,0.005692988244759978,2.763102111592855,0.002060361150199448,0.5611649282365188,1.3000000000000003,one_minus_s_power,866,True,6336.0,6336.0,256,1000000
10000,1.3,0.3,0.005692988244759978,2.763102111592855,0.002060361150199448,0.5611649282365188,1.3000000000000003,one_minus_s_power,867,True,905.0,905.0,256,1000000
10000,1.3,0.3,0.005692988244759978,2.763102111592855,0.002060361150199448,0.5611649282365188,1.3000000000000003,one_minus_s_power,868,True,3962.0,3962.0,256,1000000
10000,1.3,0.3,0.005692988244759978,2.763102111592855,0.002060361150199448,0.5611649282365188,1.3000000000000003,one_minus_s_power,869,True,877.0,877.0,256,1000000
10000,1.3,0.3,0.005692988244759978,2.763102111592855,0.002060361150199448,0.5611649282365188,1.3000000000000003,one_minus_s_power,870,True,2320.0,2320.0,256,1000000
10000,1.3,0.3,0.005692988244759978,2.763102111592855,0.002060361150199448,0.5611649282365188,1.3000000000000003,one_minus_s_power,871,True,1268.0,1268.0,256,1000000
10000,1.3,0.3,0.005692988244759978,2.763102111592855,0.002060361150199448,0.5611649282365188,1.3000000000000003,one_minus_s_power,872,True,2215.0,2215.0,256,1000000
10000,1.3,0.3,0.005692988244759978,2.763102111592855,0.002060361150199448,0.5611649282365188,1.3000000000000003,one_minus_s_power,873,True,1090.0,1090.0,256,1000000
10000,1.3,0.3,0.005692988244759978,2.763102111592855,0.002060361150199448,0.5611649282365188,1.3000000000000003,one_minus_s_power,874,True,451.0,451.0,256,1000000
10000,1.3,0.3,0.005692988244759978,2.763102111592855,0.002060361150199448,0.5611649282365188,1.3000000000000003,one_minus_s_power,875,True,2993.0,2993.0,256,1000000
10000,1.3,0.3,0.005692988244759978,2.763102111592855,0.002060361150199448,0.5611649282365188,1.3000000000000003,one_minus_s_power,876,True,896.0,896.0,256,1000000
10000,1.3,0.3,0.005692988244759978,2.763102111592855,0.002060361150199448,0.5611649282365188,1.3000000000000003,one_minus_s_power,877,True,2335.0,2335.0,256,1000000
10000,1.3,0.3,0.005692988244759978,2.763102111592855,0.002060361150199448,0.5611649282365188,1.3000000000000003,one_minus_s_power,878,True,1684.0,1684.0,256,1000000
10000,1.3,0.3,0.005692988244759978,2.763102111592855,0.002060361150199448,0.5611649282365188,1.3000000000000003,one_minus_s_power,879,True,16218.0,16218.0,256,1000000
10000,1.3,0.3,0.005692988244759978,2.763102111592855,0.002060361150199448,0.5611649282365188,1.3000000000000003,one_minus_s_power,880,True,7836.0,7836.0,256,1000000
10000,1.3,0.3,0.005692988244759978,2.763102111592855,0.002060361150199448,0.5611649282365188,1.3000000000000003,one_minus_s_power,881,True,6290.0,6290.0,256,1000000
10000,1.3,0.3,0.005692988244759978,2.763102111592855,0.002060361150199448,0.5611649282365188,1.3000000000000003,one_minus_s_power,882,True,5036.0,5036.0,256,1000000
10000,1.3,0.3,0.005692988244759978,2.763102111592855,0.002060361150199448,0.5611649282365188,1.3000000000000003,one_minus_s_power,883,True,1253.0,1253.0,256,1000000
10000,1.3,0.3,0.005692988244759978,2.763102111592855,0.002060361150199448,0.5611649282365188,1.3000000000000003,one_minus_s_power,884,True,3865.0,3865.0,256,1000000
10000,1.3,0.3,0.005692988244759978,2.763102111592855,0.002060361150199448,0.5611649282365188,1.3000000000000003,one_minus_s_power,885,True,6914.0,6914.0,256,1000000
10000,1.3,0.3,0.005692988244759978,2.763102111592855,0.002060361150199448,0.5611649282365188,1.3000000000000003,one_minus_s_power,886,True,508.0,508.0,256,1000000
10000,1.3,0.3,0.005692988244759978,2.763102111592855,0.002060361150199448,0.5611649282365188,1.3000000000000003,one_minus_s_power,887,True,7544.0,7544.0,256,1000000
10000,1.3,0.3,0.005692988244759978,2.763102111592855,0.002060361150199448,0.5611649282365188,1.3000000000000003,one_minus_s_power,888,True,318.0,318.0,256,1000000
10000,1.3,0.3,0.005692988244759978,2.763102111592855,0.002060361150199448,0.5611649282365188,1.3000000000000003,one_minus_s_power,889,True,3732.0,3732.0,256,1000000
10000,1.3,0.3,0.005692988244759978,2.763102111592855,0.002060361150199448,0.5611649282365188,1.3000000000000003,one_minus_s_power,890,True,10846.0,10846.0,256,1000000
10000,1.3,0.3,0.005692988244759978,2.763102111592855,0.002060361150199448,0.5611649282365188,1.3000000000000003,one_minus_s_power,891,True,701.0,701.0,256,1000000
10000,1.3,0.3,0.005692988244759978,2.763102111592855,0.002060361150199448,0.5611649282365188,1.3000000000000003,one_minus_s_power,892,True,1503.0,1503.0,256,1000000
10000,1.3,0.3,0.005692988244759978,2.763102111592855,0.002060361150199448,0.5611649282365188,1.3000000000000003,one_minus_s_power,893,True,2216.0,2216.0,256,1000000
10000,1.3,0.3,0.005692988244759978,2.763102111592855,0.002060361150199448,0.5611649282365188,1.3000000000000003,one_minus_s_power,894,True,501.0,501.0,256,1000000
10000,1.3,0.3,0.005692988244759978,2.763102111592855,0.002060361150199448,0.5611649282365188,1.3000000000000003,one_minus_s_power,895,True,1798.0,1798.0,256,1000000
10000,1.3,0.3,0.005692988244759978,2.763102111592855,0.002060361150199448,0.5611649282365188,1.3000000000000003,one_minus_s_power,896,True,3696.0,3696.0,256,1000000
10000,1.3,0.3,0.005692988244759978,2.763102111592855,0.002060361150199448,0.5611649282365188,1.3000000000000003,one_minus_s_power,897,True,3596.0,3596.0,256,1000000
10000,1.3,0.3,0.005692988244759978,2.763102111592855,0.002060361150199448,0.5611649282365188,1.3000000000000003,one_minus_s_power,898,True,3726.0,3726.0,256,1000000
10000,1.3,0.3,0.005692988244759978,2.763102111592855,0.002060361150199448,0.5611649282365188,1.3000000000000003,one_minus_s_power,899,True,2281.0,2281.0,256,1000000
10000,1.3,0.3,0.005692988244759978,2.763102111592855,0.002060361150199448,0.5611649282365188,1.3000000000000003,one_minus_s_power,900,True,9389.0,9389.0,256,1000000
10000,1.3,0.3,0.005692988244759978,2.763102111592855,0.002060361150199448,0.5611649282365188,1.3000000000000003,one_minus_s_power,901,True,655.0,655.0,256,1000000
10000,1.3,0.3,0.005692988244759978,2.763102111592855,0.002060361150199448,0.5611649282365188,1.3000000000000003,one_minus_s_power,902,True,721.0,721.0,256,1000000
10000,1.3,0.3,0.005692988244759978,2.763102111592855,0.002060361150199448,0.5611649282365188,1.3000000000000003,one_minus_s_power,903,True,4296.0,4296.0,256,1000000
10000,1.3,0.3,0.005692988244759978,2.763102111592855,0.002060361150199448,0.5611649282365188,1.3000000000000003,one_minus_s_power,904,True,2723.0,2723.0,256,1000000
10000,1.3,0.3,0.005692988244759978,2.763102111592855,0.002060361150199448,0.5611649282365188,1.3000000000000003,one_minus_s_power,905,True,3327.0,3327.0,256,1000000
10000,1.3,0.3,0.005692988244759978,2.763102111592855,0.002060361150199448,0.5611649282365188,1.3000000000000003,one_minus_s_power,906,True,467.0,467.0,256,1000000
10000,1.3,0.3,0.005692988244759978,2.763102111592855,0.002060361150199448,0.5611649282365188,1.3000000000000003,one_minus_s_power,907,True,1600.0,1600.0,256,1000000
10000,1.3,0.3,0.005692988244759978,2.763102111592855,0.002060361150199448,0.5611649282365188,1.3000000000000003,one_minus_s_power,908,True,668.0,668.0,256,1000000
10000,1.3,0.3,0.005692988244759978,2.763102111592855,0.002060361150199448,0.5611649282365188,1.3000000000000003,one_minus_s_power,909,True,1631.0,1631.0,256,1000000
10000,1.3,0.3,0.005692988244759978,2.763102111592855,0.002060361150199448,0.5611649282365188,1.3000000000000003,one_minus_s_power,910,True,2194.0,2194.0,256,1000000
10000,1.3,0.3,0.005692988244759978,2.763102111592855,0.002060361150199448,0.5611649282365188,1.3000000000000003,one_minus_s_power,911,True,1977.0,1977.0,256,1000000
10000,1.3,0.3,0.005692988244759978,2.763102111592855,0.002060361150199448,0.5611649282365188,1.3000000000000003,one_minus_s_power,912,True,1904.0,1904.0,256,1000000
10000,1.3,0.3,0.005692988244759978,2.763102111592855,0.002060361150199448,0.5611649282365188,1.3000000000000003,one_minus_s_power,913,True,6162.0,6162.0,256,1000000
10000,1.3,0.3,0.005692988244759978,2.763102111592855,0.002060361150199448,0.5611649282365188,1.3000000000000003,one_minus_s_power,914,True,2169.0,2169.0,256,1000000
10000,1.3,0.3,0.005692988244759978,2.763102111592855,0.002060361150199448,0.5611649282365188,1.3000000000000003,one_minus_s_power,915,True,1959.0,1959.0,256,1000000
10000,1.3,0.3,0.005692988244759978,2.763102111592855,0.002060361150199448,0.5611649282365188,1.3000000000000003,one_minus_s_power,916,True,1427.0,1427.0,256,1000000
10000,1.3,0.3,0.005692988244759978,2.763102111592855,0.002060361150199448,0.5611649282365188,1.3000000000000003,one_minus_s_power,917,True,1750.0,1750.0,256,1000000
10000,1.3,0.3,0.005692988244759978,2.763102111592855,0.002060361150199448,0.5611649282365188,1.3000000000000003,one_minus_s_power,918,True,453.0,453.0,256,1000000
10000,1.3,0.3,0.005692988244759978,2.763102111592855,0.002060361150199448,0.5611649282365188,1.3000000000000003,one_minus_s_power,919,True,2115.0,2115.0,256,1000000
10000,1.3,0.3,0.005692988244759978,2.763102111592855,0.002060361150199448,0.5611649282365188,1.3000000000000003,one_minus_s_power,920,True,1270.0,1270.0,256,1000000
10000,1.3,0.3,0.005692988244759978,2.763102111592855,0.002060361150199448,0.5611649282365188,1.3000000000000003,one_minus_s_power,921,True,909.0,909.0,256,1000000
10000,1.3,0.3,0.005692988244759978,2.763102111592855,0.002060361150199448,0.5611649282365188,1.3000000000000003,one_minus_s_power,922,True,415.0,415.0,256,1000000
10000,1.3,0.3,0.005692988244759978,2.763102111592855,0.002060361150199448,0.5611649282365188,1.3000000000000003,one_minus_s_power,923,True,6150.0,6150.0,256,1000000
10000,1.3,0.3,0.005692988244759978,2.763102111592855,0.002060361150199448,0.5611649282365188,1.3000000000000003,one_minus_s_power,924,True,2070.0,2070.0,256,1000000
10000,1.3,0.3,0.005692988244759978,2.763102111592855,0.002060361150199448,0.5611649282365188,1.3000000000000003,one_minus_s_power,925,True,1184.0,1184.0,256,1000000
10000,1.3,0.3,0.005692988244759978,2.763102111592855,0.002060361150199448,0.5611649282365188,1.3000000000000003,one_minus_s_power,926,True,5833.0,5833.0,256,1000000
10000,1.3,0.3,0.005692988244759978,2.763102111592855,0.002060361150199448,0.5611649282365188,1.3000000000000003,one_minus_s_power,927,True,8589.0,8589.0,256,1000000
10000,1.3,0.3,0.005692988244759978,2.763102111592855,0.002060361150199448,0.5611649282365188,1.3000000000000003,one_minus_s_power,928,True,3201.0,3201.0,256,1000000
10000,1.3,0.3,0.005692988244759978,2.763102111592855,0.002060361150199448,0.5611649282365188,1.3000000000000003,one_minus_s_power,929,True,1879.0,1879.0,256,1000000
10000,1.3,0.3,0.005692988244759978,2.763102111592855,0.002060361150199448,0.5611649282365188,1.3000000000000003,one_minus_s_power,930,True,2968.0,2968.0,256,1000000
10000,1.3,0.3,0.005692988244759978,2.763102111592855,0.002060361150199448,0.5611649282365188,1.3000000000000003,one_minus_s_power,931,True,11899.0,11899.0,256,1000000
10000,1.3,0.3,0.005692988244759978,2.763102111592855,0.002060361150199448,0.5611649282365188,1.3000000000000003,one_minus_s_power,932,True,3362.0,3362.0,256,1000000
10000,1.3,0.3,0.005692988244759978,2.763102111592855,0.002060361150199448,0.5611649282365188,1.3000000000000003,one_minus_s_power,933,True,2535.0,2535.0,256,1000000
10000,1.3,0.3,0.005692988244759978,2.763102111592855,0.002060361150199448,0.5611649282365188,1.3000000000000003,one_minus_s_power,934,True,1482.0,1482.0,256,1000000
10000,1.3,0.3,0.005692988244759978,2.763102111592855,0.002060361150199448,0.5611649282365188,1.3000000000000003,one_minus_s_power,935,True,1726.0,1726.0,256,1000000
10000,1.3,0.3,0.005692988244759978,2.763102111592855,0.002060361150199448,0.5611649282365188,1.3000000000000003,one_minus_s_power,936,True,1951.0,1951.0,256,1000000
10000,1.3,0.3,0.005692988244759978,2.763102111592855,0.002060361150199448,0.5611649282365188,1.3000000000000003,one_minus_s_power,937,True,722.0,722.0,256,1000000
10000,1.3,0.3,0.005692988244759978,2.763102111592855,0.002060361150199448,0.5611649282365188,1.3000000000000003,one_minus_s_power,938,True,985.0,985.0,256,1000000
10000,1.3,0.3,0.005692988244759978,2.763102111592855,0.002060361150199448,0.5611649282365188,1.3000000000000003,one_minus_s_power,939,True,1060.0,1060.0,256,1000000
10000,1.3,0.3,0.005692988244759978,2.763102111592855,0.002060361150199448,0.5611649282365188,1.3000000000000003,one_minus_s_power,940,True,481.0,481.0,256,1000000
10000,1.3,0.3,0.005692988244759978,2.763102111592855,0.002060361150199448,0.5611649282365188,1.3000000000000003,one_minus_s_power,941,True,673.0,673.0,256,1000000
10000,1.3,0.3,0.005692988244759978,2.763102111592855,0.002060361150199448,0.5611649282365188,1.3000000000000003,one_minus_s_power,942,True,2027.0,2027.0,256,1000000
10000,1.3,0.3,0.005692988244759978,2.763102111592855,0.002060361150199448,0.5611649282365188,1.3000000000000003,one_minus_s_power,943,True,2285.0,2285.0,256,1000000
10000,1.3,0.3,0.005692988244759978,2.763102111592855,0.002060361150199448,0.5611649282365188,1.3000000000000003,one_minus_s_power,944,True,1798.0,1798.0,256,1000000
10000,1.3,0.3,0.005692988244759978,2.763102111592855,0.002060361150199448,0.5611649282365188,1.3000000000000003,one_minus_s_power,945,True,4806.0,4806.0,256,1000000
10000,1.3,0.3,0.005692988244759978,2.763102111592855,0.002060361150199448,0.5611649282365188,1.3000000000000003,one_minus_s_power,946,True,736.0,736.0,256,1000000
10000,1.3,0.3,0.005692988244759978,2.763102111592855,0.002060361150199448,0.5611649282365188,1.3000000000000003,one_minus_s_power,947,True,1525.0,1525.0,256,1000000
10000,1.3,0.3,0.005692988244759978,2.763102111592855,0.002060361150199448,0.5611649282365188,1.3000000000000003,one_minus_s_power,948,True,1189.0,1189.0,256,1000000
10000,1.3,0.3,0.005692988244759978,2.763102111592855,0.002060361150199448,0.5611649282365188,1.3000000000000003,one_minus_s_power,949,True,662.0,662.0,256,1000000
10000,1.3,0.3,0.005692988244759978,2.763102111592855,0.002060361150199448,0.5611649282365188,1.3000000000000003,one_minus_s_power,950,True,1914.0,1914.0,256,1000000
10000,1.3,0.3,0.005692988244759978,2.763102111592855,0.002060361150199448,0.5611649282365188,1.3000000000000003,one_minus_s_power,951,True,1020.0,1020.0,256,1000000
10000,1.3,0.3,0.005692988244759978,2.763102111592855,0.002060361150199448,0.5611649282365188,1.3000000000000003,one_minus_s_power,952,True,1892.0,1892.0,256,1000000
10000,1.3,0.3,0.005692988244759978,2.763102111592855,0.002060361150199448,0.5611649282365188,1.3000000000000003,one_minus_s_power,953,True,718.0,718.0,256,1000000
10000,1.3,0.3,0.005692988244759978,2.763102111592855,0.002060361150199448,0.5611649282365188,1.3000000000000003,one_minus_s_power,954,True,4740.0,4740.0,256,1000000
10000,1.3,0.3,0.005692988244759978,2.763102111592855,0.002060361150199448,0.5611649282365188,1.3000000000000003,one_minus_s_power,955,True,407.0,407.0,256,1000000
10000,1.3,0.3,0.005692988244759978,2.763102111592855,0.002060361150199448,0.5611649282365188,1.3000000000000003,one_minus_s_power,956,True,1505.0,1505.0,256,1000000
10000,1.3,0.3,0.005692988244759978,2.763102111592855,0.002060361150199448,0.5611649282365188,1.3000000000000003,one_minus_s_power,957,True,1929.0,1929.0,256,1000000
10000,1.3,0.3,0.005692988244759978,2.763102111592855,0.002060361150199448,0.5611649282365188,1.3000000000000003,one_minus_s_power,958,True,1909.0,1909.0,256,1000000
10000,1.3,0.3,0.005692988244759978,2.763102111592855,0.002060361150199448,0.5611649282365188,1.3000000000000003,one_minus_s_power,959,True,1428.0,1428.0,256,1000000
10000,1.3,0.3,0.005692988244759978,2.763102111592855,0.002060361150199448,0.5611649282365188,1.3000000000000003,one_minus_s_power,960,True,590.0,590.0,256,1000000
10000,1.3,0.3,0.005692988244759978,2.763102111592855,0.002060361150199448,0.5611649282365188,1.3000000000000003,one_minus_s_power,961,True,1872.0,1872.0,256,1000000
10000,1.3,0.3,0.005692988244759978,2.763102111592855,0.002060361150199448,0.5611649282365188,1.3000000000000003,one_minus_s_power,962,True,1860.0,1860.0,256,1000000
10000,1.3,0.3,0.005692988244759978,2.763102111592855,0.002060361150199448,0.5611649282365188,1.3000000000000003,one_minus_s_power,963,True,4898.0,4898.0,256,1000000
10000,1.3,0.3,0.005692988244759978,2.763102111592855,0.002060361150199448,0.5611649282365188,1.3000000000000003,one_minus_s_power,964,True,554.0,554.0,256,1000000
10000,1.3,0.3,0.005692988244759978,2.763102111592855,0.002060361150199448,0.5611649282365188,1.3000000000000003,one_minus_s_power,965,True,1478.0,1478.0,256,1000000
10000,1.3,0.3,0.005692988244759978,2.763102111592855,0.002060361150199448,0.5611649282365188,1.3000000000000003,one_minus_s_power,966,True,3212.0,3212.0,256,1000000
10000,1.3,0.3,0.005692988244759978,2.763102111592855,0.002060361150199448,0.5611649282365188,1.3000000000000003,one_minus_s_power,967,True,4893.0,4893.0,256,1000000
10000,1.3,0.3,0.005692988244759978,2.763102111592855,0.002060361150199448,0.5611649282365188,1.3000000000000003,one_minus_s_power,968,True,4453.0,4453.0,256,1000000
10000,1.3,0.3,0.005692988244759978,2.763102111592855,0.002060361150199448,0.5611649282365188,1.3000000000000003,one_minus_s_power,969,True,1558.0,1558.0,256,1000000
10000,1.3,0.3,0.005692988244759978,2.763102111592855,0.002060361150199448,0.5611649282365188,1.3000000000000003,one_minus_s_power,970,True,7992.0,7992.0,256,1000000
10000,1.3,0.3,0.005692988244759978,2.763102111592855,0.002060361150199448,0.5611649282365188,1.3000000000000003,one_minus_s_power,971,True,719.0,719.0,256,1000000
10000,1.3,0.3,0.005692988244759978,2.763102111592855,0.002060361150199448,0.5611649282365188,1.3000000000000003,one_minus_s_power,972,True,1331.0,1331.0,256,1000000
10000,1.3,0.3,0.005692988244759978,2.763102111592855,0.002060361150199448,0.5611649282365188,1.3000000000000003,one_minus_s_power,973,True,4997.0,4997.0,256,1000000
10000,1.3,0.3,0.005692988244759978,2.763102111592855,0.002060361150199448,0.5611649282365188,1.3000000000000003,one_minus_s_power,974,True,2702.0,2702.0,256,1000000
10000,1.3,0.3,0.005692988244759978,2.763102111592855,0.002060361150199448,0.5611649282365188,1.3000000000000003,one_minus_s_power,975,True,1559.0,1559.0,256,1000000
10000,1.3,0.3,0.005692988244759978,2.763102111592855,0.002060361150199448,0.5611649282365188,1.3000000000000003,one_minus_s_power,976,True,2209.0,2209.0,256,1000000
10000,1.3,0.3,0.005692988244759978,2.763102111592855,0.002060361150199448,0.5611649282365188,1.3000000000000003,one_minus_s_power,977,True,2770.0,2770.0,256,1000000
10000,1.3,0.3,0.005692988244759978,2.763102111592855,0.002060361150199448,0.5611649282365188,1.3000000000000003,one_minus_s_power,978,True,3347.0,3347.0,256,1000000
10000,1.3,0.3,0.005692988244759978,2.763102111592855,0.002060361150199448,0.5611649282365188,1.3000000000000003,one_minus_s_power,979,True,840.0,840.0,256,1000000
10000,1.3,0.3,0.005692988244759978,2.763102111592855,0.002060361150199448,0.5611649282365188,1.3000000000000003,one_minus_s_power,980,True,437.0,437.0,256,1000000
10000,1.3,0.3,0.005692988244759978,2.763102111592855,0.002060361150199448,0.5611649282365188,1.3000000000000003,one_minus_s_power,981,True,9211.0,9211.0,256,1000000
10000,1.3,0.3,0.005692988244759978,2.763102111592855,0.002060361150199448,0.5611649282365188,1.3000000000000003,one_minus_s_power,982,True,3359.0,3359.0,256,1000000
10000,1.3,0.3,0.005692988244759978,2.763102111592855,0.002060361150199448,0.5611649282365188,1.3000000000000003,one_minus_s_power,983,True,6570.0,6570.0,256,1000000
10000,1.3,0.3,0.005692988244759978,2.763102111592855,0.002060361150199448,0.5611649282365188,1.3000000000000003,one_minus_s_power,984,True,654.0,654.0,256,1000000
10000,1.3,0.3,0.005692988244759978,2.763102111592855,0.002060361150199448,0.5611649282365188,1.3000000000000003,one_minus_s_power,985,True,809.0,809.0,256,1000000
10000,1.3,0.3,0.005692988244759978,2.763102111592855,0.002060361150199448,0.5611649282365188,1.3000000000000003,one_minus_s_power,986,True,1137.0,1137.0,256,1000000
10000,1.3,0.3,0.005692988244759978,2.763102111592855,0.002060361150199448,0.5611649282365188,1.3000000000000003,one_minus_s_power,987,True,1980.0,1980.0,256,1000000
10000,1.3,0.3,0.005692988244759978,2.763102111592855,0.002060361150199448,0.5611649282365188,1.3000000000000003,one_minus_s_power,988,True,2022.0,2022.0,256,1000000
10000,1.3,0.3,0.005692988244759978,2.763102111592855,0.002060361150199448,0.5611649282365188,1.3000000000000003,one_minus_s_power,989,True,13537.0,13537.0,256,1000000
10000,1.3,0.3,0.005692988244759978,2.763102111592855,0.002060361150199448,0.5611649282365188,1.3000000000000003,one_minus_s_power,990,True,6376.0,6376.0,256,1000000
10000,1.3,0.3,0.005692988244759978,2.763102111592855,0.002060361150199448,0.5611649282365188,1.3000000000000003,one_minus_s_power,991,True,1280.0,1280.0,256,1000000
10000,1.3,0.3,0.005692988244759978,2.763102111592855,0.002060361150199448,0.5611649282365188,1.3000000000000003,one_minus_s_power,992,True,521.0,521.0,256,1000000
10000,1.3,0.3,0.005692988244759978,2.763102111592855,0.002060361150199448,0.5611649282365188,1.3000000000000003,one_minus_s_power,993,True,9965.0,9965.0,256,1000000
10000,1.3,0.3,0.005692988244759978,2.763102111592855,0.002060361150199448,0.5611649282365188,1.3000000000000003,one_minus_s_power,994,True,2743.0,2743.0,256,1000000
10000,1.3,0.3,0.005692988244759978,2.763102111592855,0.002060361150199448,0.5611649282365188,1.3000000000000003,one_minus_s_power,995,True,1149.0,1149.0,256,1000000
10000,1.3,0.3,0.005692988244759978,2.763102111592855,0.002060361150199448,0.5611649282365188,1.3000000000000003,one_minus_s_power,996,True,2321.0,2321.0,256,1000000
10000,1.3,0.3,0.005692988244759978,2.763102111592855,0.002060361150199448,0.5611649282365188,1.3000000000000003,one_minus_s_power,997,True,973.0,973.0,256,1000000
10000,1.3,0.3,0.005692988244759978,2.763102111592855,0.002060361150199448,0.5611649282365188,1.3000000000000003,one_minus_s_power,998,True,3703.0,3703.0,256,1000000
10000,1.3,0.3,0.005692988244759978,2.763102111592855,0.002060361150199448,0.5611649282365188,1.3000000000000003,one_minus_s_power,999,True,358.0,358.0,256,1000000
