N,psi,delta,u,u_div_s,s,effective_beta,psi_check,selection_mode,path_index,hit_x0_zero,t_0,first_loss_time,num_classes,T_MAX
10000,2.0,0.5,0.09210340371976188,4.605170185988092,0.020000000000000007,0.2589310799931435,1.9999999999999998,one_minus_s_power,0,True,91.0,91.0,256,1000000
10000,2.0,0.5,0.09210340371976188,4.605170185988092,0.020000000000000007,0.2589310799931435,1.9999999999999998,one_minus_s_power,1,True,1150.0,1150.0,256,1000000
10000,2.0,0.5,0.09210340371976188,4.605170185988092,0.020000000000000007,0.2589310799931435,1.9999999999999998,one_minus_s_power,2,True,935.0,935.0,256,1000000
10000,2.0,0.5,0.09210340371976188,4.605170185988092,0.020000000000000007,0.2589310799931435,1.9999999999999998,one_minus_s_power,3,True,1475.0,1475.0,256,1000000
10000,2.0,0.5,0.09210340371976188,4.605170185988092,0.020000000000000007,0.2589310799931435,1.9999999999999998,one_minus_s_power,4,True,2150.0,2150.0,256,1000000
10000,2.0,0.5,0.09210340371976188,4.605170185988092,0.020000000000000007,0.2589310799931435,1.9999999999999998,one_minus_s_power,5,True,291.0,291.0,256,1000000
10000,2.0,0.5,0.09210340371976188,4.605170185988092,0.020000000000000007,0.2589310799931435,1.9999999999999998,one_minus_s_power,6,True,112.0,112.0,256,1000000
10000,2.0,0.5,0.09210340371976188,4.605170185988092,0.020000000000000007,0.2589310799931435,1.9999999999999998,one_minus_s_power,7,True,609.0,609.0,256,1000000
10000,2.0,0.5,0.09210340371976188,4.605170185988092,0.020000000000000007,0.2589310799931435,1.9999999999999998,one_minus_s_power,8,True,668.0,668.0,256,1000000
10000,2.0,0.5,0.09210340371976188,4.605170185988092,0.020000000000000007,0.2589310799931435,1.9999999999999998,one_minus_s_power,9,True,616.0,616.0,256,1000000
10000,2.0,0.5,0.09210340371976188,4.605170185988092,0.020000000000000007,0.2589310799931435,1.9999999999999998,one_minus_s_power,10,True,155.0,155.0,256,1000000
10000,2.0,0.5,0.09210340371976188,4.605170185988092,0.020000000000000007,0.2589310799931435,1.9999999999999998,one_minus_s_power,11,True,238.0,238.0,256,1000000
10000,2.0,0.5,0.09210340371976188,4.605170185988092,0.020000000000000007,0.2589310799931435,1.9999999999999998,one_minus_s_power,12,True,461.0,461.0,256,1000000
10000,2.0,0.5,0.09210340371976188,4.605170185988092,0.020000000000000007,0.2589310799931435,1.9999999999999998,one_minus_s_power,13,True,584.0,584.0,256,1000000
10000,2.0,0.5,0.09210340371976188,4.605170185988092,0.020000000000000007,0.2589310799931435,1.9999999999999998,one_minus_s_power,14,True,111.0,111.0,256,1000000
10000,2.0,0.5,0.09210340371976188,4.605170185988092,0.020000000000000007,0.2589310799931435,1.9999999999999998,one_minus_s_power,15,True,310.0,310.0,256,1000000
10000,2.0,0.5,0.09210340371976188,4.605170185988092,0.020000000000000007,0.2589310799931435,1.9999999999999998,one_minus_s_power,16,True,94.0,94.0,256,1000000
10000,2.0,0.5,0.09210340371976188,4.605170185988092,0.020000000000000007,0.2589310799931435,1.9999999999999998,one_minus_s_power,17,True,687.0,687.0,256,1000000
10000,2.0,0.5,0.09210340371976188,4.605170185988092,0.020000000000000007,0.2589310799931435,1.9999999999999998,one_minus_s_power,18,True,251.0,251.0,256,1000000
10000,2.0,0.5,0.09210340371976188,4.605170185988092,0.020000000000000007,0.2589310799931435,1.9999999999999998,one_minus_s_power,19,True,1097.0,1097.0,256,1000000
10000,2.0,0.5,0.09210340371976188,4.605170185988092,0.020000000000000007,0.2589310799931435,1.9999999999999998,one_minus_s_power,20,True,194.0,194.0,256,1000000
10000,2.0,0.5,0.09210340371976188,4.605170185988092,0.020000000000000007,0.2589310799931435,1.9999999999999998,one_minus_s_power,21,True,211.0,211.0,256,1000000
10000,2.0,0.5,0.09210340371976188,4.605170185988092,0.020000000000000007,0.2589310799931435,1.9999999999999998,one_minus_s_power,22,True,219.0,219.0,256,1000000
10000,2.0,0.5,0.09210340371976188,4.605170185988092,0.020000000000000007,0.2589310799931435,1.9999999999999998,one_minus_s_power,23,True,603.0,603.0,256,1000000
10000,2.0,0.5,0.09210340371976188,4.605170185988092,0.020000000000000007,0.2589310799931435,1.9999999999999998,one_minus_s_power,24,True,91.0,91.0,256,1000000
10000,2.0,0.5,0.09210340371976188,4.605170185988092,0.020000000000000007,0.2589310799931435,1.9999999999999998,one_minus_s_power,25,True,728.0,728.0,256,1000000
10000,2.0,0.5,0.09210340371976188,4.605170185988092,0.020000000000000007,0.2589310799931435,1.9999999999999998,one_minus_s_power,26,True,508.0,508.0,256,1000000
10000,2.0,0.5,0.09210340371976188,4.605170185988092,0.020000000000000007,0.2589310799931435,1.9999999999999998,one_minus_s_power,27,True,866.0,866.0,256,1000000
10000,2.0,0.5,0.09210340371976188,4.605170185988092,0.020000000000000007,0.2589310799931435,1.9999999999999998,one_minus_s_power,28,True,302.0,302.0,256,1000000
10000,2.0,0.5,0.09210340371976188,4.605170185988092,0.020000000000000007,0.2589310799931435,1.9999999999999998,one_minus_s_power,29,True,979.0,979.0,256,1000000
10000,2.0,0.5,0.09210340371976188,4.605170185988092,0.020000000000000007,0.2589310799931435,1.9999999999999998,one_minus_s_power,30,True,73.0,73.0,256,1000000
10000,2.0,0.5,0.09210340371976188,4.605170185988092,0.020000000000000007,0.2589310799931435,1.9999999999999998,one_minus_s_power,31,True,658.0,658.0,256,1000000
10000,2.0,0.5,0.09210340371976188,4.605170185988092,0.020000000000000007,0.2589310799931435,1.9999999999999998,one_minus_s_power,32,True,371.0,371.0,256,1000000
10000,2.0,0.5,0.09210340371976188,4.605170185988092,0.020000000000000007,0.2589310799931435,1.9999999999999998,one_minus_s_power,33,True,247.0,247.0,256,1000000
10000,2.0,0.5,0.09210340371976188,4.605170185988092,0.020000000000000007,0.2589310799931435,1.9999999999999998,one_minus_s_power,34,True,1056.0,1056.0,256,1000000
10000,2.0,0.5,0.09210340371976188,4.605170185988092,0.020000000000000007,0.2589310799931435,1.9999999999999998,one_minus_s_power,35,True,479.0,479.0,256,1000000
10000,2.0,0.5,0.09210340371976188,4.605170185988092,0.020000000000000007,0.2589310799931435,1.9999999999999998,one_minus_s_power,36,True,259.0,259.0,256,1000000
10000,2.0,0.5,0.09210340371976188,4.605170185988092,0.020000000000000007,0.2589310799931435,1.9999999999999998,one_minus_s_power,37,True,416.0,416.0,256,1000000
10000,2.0,0.5,0.09210340371976188,4.605170185988092,0.020000000000000007,0.2589310799931435,1.9999999999999998,one_minus_s_power,38,True,248.0,248.0,256,1000000
10000,2.0,0.5,0.09210340371976188,4.605170185988092,0.020000000000000007,0.2589310799931435,1.9999999999999998,one_minus_s_power,39,True,183.0,183.0,256,1000000
10000,2.0,0.5,0.09210340371976188,4.605170185988092,0.020000000000000007,0.2589310799931435,1.9999999999999998,one_minus_s_power,40,True,213.0,213.0,256,1000000
10000,2.0,0.5,0.09210340371976188,4.605170185988092,0.020000000000000007,0.2589310799931435,1.9999999999999998,one_minus_s_power,41,True,137.0,137.0,256,1000000
10000,2.0,0.5,0.09210340371976188,4.605170185988092,0.020000000000000007,0.2589310799931435,1.9999999999999998,one_minus_s_power,42,True,90.0,90.0,256,1000000
10000,2.0,0.5,0.09210340371976188,4.605170185988092,0.020000000000000007,0.2589310799931435,1.9999999999999998,one_minus_s_power,43,True,773.0,773.0,256,1000000
10000,2.0,0.5,0.09210340371976188,4.605170185988092,0.020000000000000007,0.2589310799931435,1.9999999999999998,one_minus_s_power,44,True,613.0,613.0,256,1000000
10000,2.0,0.5,0.09210340371976188,4.605170185988092,0.020000000000000007,0.2589310799931435,1.9999999999999998,one_minus_s_power,45,True,468.0,468.0,256,1000000
10000,2.0,0.5,0.09210340371976188,4.605170185988092,0.020000000000000007,0.2589310799931435,1.9999999999999998,one_minus_s_power,46,True,126.0,126.0,256,1000000
10000,2.0,0.5,0.09210340371976188,4.605170185988092,0.020000000000000007,0.2589310799931435,1.9999999999999998,one_minus_s_power,47,True,75.0,75.0,256,1000000
10000,2.0,0.5,0.09210340371976188,4.605170185988092,0.020000000000000007,0.2589310799931435,1.9999999999999998,one_minus_s_power,48,True,896.0,896.0,256,1000000
10000,2.0,0.5,0.09210340371976188,4.605170185988092,0.020000000000000007,0.2589310799931435,1.9999999999999998,one_minus_s_power,49,True,331.0,331.0,256,1000000
10000,2.0,0.5,0.09210340371976188,4.605170185988092,0.020000000000000007,0.2589310799931435,1.9999999999999998,one_minus_s_power,50,True,325.0,325.0,256,1000000
10000,2.0,0.5,0.09210340371976188,4.605170185988092,0.020000000000000007,0.2589310799931435,1.9999999999999998,one_minus_s_power,51,True,48.0,48.0,256,1000000
10000,2.0,0.5,0.09210340371976188,4.605170185988092,0.020000000000000007,0.2589310799931435,1.9999999999999998,one_minus_s_power,52,True,1590.0,1590.0,256,1000000
10000,2.0,0.5,0.09210340371976188,4.605170185988092,0.020000000000000007,0.2589310799931435,1.9999999999999998,one_minus_s_power,53,True,121.0,121.0,256,1000000
10000,2.0,0.5,0.09210340371976188,4.605170185988092,0.020000000000000007,0.2589310799931435,1.9999999999999998,one_minus_s_power,54,True,106.0,106.0,256,1000000
10000,2.0,0.5,0.09210340371976188,4.605170185988092,0.020000000000000007,0.2589310799931435,1.9999999999999998,one_minus_s_power,55,True,109.0,109.0,256,1000000
10000,2.0,0.5,0.09210340371976188,4.605170185988092,0.020000000000000007,0.2589310799931435,1.9999999999999998,one_minus_s_power,56,True,581.0,581.0,256,1000000
10000,2.0,0.5,0.09210340371976188,4.605170185988092,0.020000000000000007,0.2589310799931435,1.9999999999999998,one_minus_s_power,57,True,818.0,818.0,256,1000000
10000,2.0,0.5,0.09210340371976188,4.605170185988092,0.020000000000000007,0.2589310799931435,1.9999999999999998,one_minus_s_power,58,True,1441.0,1441.0,256,1000000
10000,2.0,0.5,0.09210340371976188,4.605170185988092,0.020000000000000007,0.2589310799931435,1.9999999999999998,one_minus_s_power,59,True,807.0,807.0,256,1000000
10000,2.0,0.5,0.09210340371976188,4.605170185988092,0.020000000000000007,0.2589310799931435,1.9999999999999998,one_minus_s_power,60,True,182.0,182.0,256,1000000
10000,2.0,0.5,0.09210340371976188,4.605170185988092,0.020000000000000007,0.2589310799931435,1.9999999999999998,one_minus_s_power,61,True,140.0,140.0,256,1000000
10000,2.0,0.5,0.09210340371976188,4.605170185988092,0.020000000000000007,0.2589310799931435,1.9999999999999998,one_minus_s_power,62,True,938.0,938.0,256,1000000
10000,2.0,0.5,0.09210340371976188,4.605170185988092,0.020000000000000007,0.2589310799931435,1.9999999999999998,one_minus_s_power,63,True,86.0,86.0,256,1000000
10000,2.0,0.5,0.09210340371976188,4.605170185988092,0.020000000000000007,0.2589310799931435,1.9999999999999998,one_minus_s_power,64,True,249.0,249.0,256,1000000
10000,2.0,0.5,0.09210340371976188,4.605170185988092,0.020000000000000007,0.2589310799931435,1.9999999999999998,one_minus_s_power,65,True,461.0,461.0,256,1000000
10000,2.0,0.5,0.09210340371976188,4.605170185988092,0.020000000000000007,0.2589310799931435,1.9999999999999998,one_minus_s_power,66,True,142.0,142.0,256,1000000
10000,2.0,0.5,0.09210340371976188,4.605170185988092,0.020000000000000007,0.2589310799931435,1.9999999999999998,one_minus_s_power,67,True,364.0,364.0,256,1000000
10000,2.0,0.5,0.09210340371976188,4.605170185988092,0.020000000000000007,0.2589310799931435,1.9999999999999998,one_minus_s_power,68,True,104.0,104.0,256,1000000
10000,2.0,0.5,0.09210340371976188,4.605170185988092,0.020000000000000007,0.2589310799931435,1.9999999999999998,one_minus_s_power,69,True,145.0,145.0,256,1000000
10000,2.0,0.5,0.09210340371976188,4.605170185988092,0.020000000000000007,0.2589310799931435,1.9999999999999998,one_minus_s_power,70,True,928.0,928.0,256,1000000
10000,2.0,0.5,0.09210340371976188,4.605170185988092,0.020000000000000007,0.2589310799931435,1.9999999999999998,one_minus_s_power,71,True,311.0,311.0,256,1000000
10000,2.0,0.5,0.09210340371976188,4.605170185988092,0.020000000000000007,0.2589310799931435,1.9999999999999998,one_minus_s_power,72,True,1110.0,1110.0,256,1000000
10000,2.0,0.5,0.09210340371976188,4.605170185988092,0.020000000000000007,0.2589310799931435,1.9999999999999998,one_minus_s_power,73,True,77.0,77.0,256,1000000
10000,2.0,0.5,0.09210340371976188,4.605170185988092,0.020000000000000007,0.2589310799931435,1.9999999999999998,one_minus_s_power,74,True,537.0,537.0,256,1000000
10000,2.0,0.5,0.09210340371976188,4.605170185988092,0.020000000000000007,0.2589310799931435,1.9999999999999998,one_minus_s_power,75,True,545.0,545.0,256,1000000
10000,2.0,0.5,0.09210340371976188,4.605170185988092,0.020000000000000007,0.2589310799931435,1.9999999999999998,one_minus_s_power,76,True,222.0,222.0,256,1000000
10000,2.0,0.5,0.09210340371976188,4.605170185988092,0.020000000000000007,0.2589310799931435,1.9999999999999998,one_minus_s_power,77,True,95.0,95.0,256,1000000
10000,2.0,0.5,0.09210340371976188,4.605170185988092,0.020000000000000007,0.2589310799931435,1.9999999999999998,one_minus_s_power,78,True,295.0,295.0,256,1000000
10000,2.0,0.5,0.09210340371976188,4.605170185988092,0.020000000000000007,0.2589310799931435,1.9999999999999998,one_minus_s_power,79,True,66.0,66.0,256,1000000
10000,2.0,0.5,0.09210340371976188,4.605170185988092,0.020000000000000007,0.2589310799931435,1.9999999999999998,one_minus_s_power,80,True,91.0,91.0,256,1000000
10000,2.0,0.5,0.09210340371976188,4.605170185988092,0.020000000000000007,0.2589310799931435,1.9999999999999998,one_minus_s_power,81,True,1005.0,1005.0,256,1000000
10000,2.0,0.5,0.09210340371976188,4.605170185988092,0.020000000000000007,0.2589310799931435,1.9999999999999998,one_minus_s_power,82,True,136.0,136.0,256,1000000
10000,2.0,0.5,0.09210340371976188,4.605170185988092,0.020000000000000007,0.2589310799931435,1.9999999999999998,one_minus_s_power,83,True,256.0,256.0,256,1000000
10000,2.0,0.5,0.09210340371976188,4.605170185988092,0.020000000000000007,0.2589310799931435,1.9999999999999998,one_minus_s_power,84,True,381.0,381.0,256,1000000
10000,2.0,0.5,0.09210340371976188,4.605170185988092,0.020000000000000007,0.2589310799931435,1.9999999999999998,one_minus_s_power,85,True,133.0,133.0,256,1000000
10000,2.0,0.5,0.09210340371976188,4.605170185988092,0.020000000000000007,0.2589310799931435,1.9999999999999998,one_minus_s_power,86,True,538.0,538.0,256,1000000
10000,2.0,0.5,0.09210340371976188,4.605170185988092,0.020000000000000007,0.2589310799931435,1.9999999999999998,one_minus_s_power,87,True,137.0,137.0,256,1000000
10000,2.0,0.5,0.09210340371976188,4.605170185988092,0.020000000000000007,0.2589310799931435,1.9999999999999998,one_minus_s_power,88,True,172.0,172.0,256,1000000
10000,2.0,0.5,0.09210340371976188,4.605170185988092,0.020000000000000007,0.2589310799931435,1.9999999999999998,one_minus_s_power,89,True,422.0,422.0,256,1000000
10000,2.0,0.5,0.09210340371976188,4.605170185988092,0.020000000000000007,0.2589310799931435,1.9999999999999998,one_minus_s_power,90,True,432.0,432.0,256,1000000
10000,2.0,0.5,0.09210340371976188,4.605170185988092,0.020000000000000007,0.2589310799931435,1.9999999999999998,one_minus_s_power,91,True,466.0,466.0,256,1000000
10000,2.0,0.5,0.09210340371976188,4.605170185988092,0.020000000000000007,0.2589310799931435,1.9999999999999998,one_minus_s_power,92,True,656.0,656.0,256,1000000
10000,2.0,0.5,0.09210340371976188,4.605170185988092,0.020000000000000007,0.2589310799931435,1.9999999999999998,one_minus_s_power,93,True,52.0,52.0,256,1000000
10000,2.0,0.5,0.09210340371976188,4.605170185988092,0.020000000000000007,0.2589310799931435,1.9999999999999998,one_minus_s_power,94,True,198.0,198.0,256,1000000
10000,2.0,0.5,0.09210340371976188,4.605170185988092,0.020000000000000007,0.2589310799931435,1.9999999999999998,one_minus_s_power,95,True,539.0,539.0,256,1000000
10000,2.0,0.5,0.09210340371976188,4.605170185988092,0.020000000000000007,0.2589310799931435,1.9999999999999998,one_minus_s_power,96,True,97.0,97.0,256,1000000
10000,2.0,0.5,0.09210340371976188,4.605170185988092,0.020000000000000007,0.2589310799931435,1.9999999999999998,one_minus_s_power,97,True,518.0,518.0,256,1000000
10000,2.0,0.5,0.09210340371976188,4.605170185988092,0.020000000000000007,0.2589310799931435,1.9999999999999998,one_minus_s_power,98,True,299.0,299.0,256,1000000
10000,2.0,0.5,0.09210340371976188,4.605170185988092,0.020000000000000007,0.2589310799931435,1.9999999999999998,one_minus_s_power,99,True,343.0,343.0,256,1000000
10000,2.0,0.5,0.09210340371976188,4.605170185988092,0.020000000000000007,0.2589310799931435,1.9999999999999998,one_minus_s_power,100,True,741.0,741.0,256,1000000
10000,2.0,0.5,0.09210340371976188,4.605170185988092,0.020000000000000007,0.2589310799931435,1.9999999999999998,one_minus_s_power,101,True,240.0,240.0,256,1000000
10000,2.0,0.5,0.09210340371976188,4.605170185988092,0.020000000000000007,0.2589310799931435,1.9999999999999998,one_minus_s_power,102,True,148.0,148.0,256,1000000
10000,2.0,0.5,0.09210340371976188,4.605170185988092,0.020000000000000007,0.2589310799931435,1.9999999999999998,one_minus_s_power,103,True,527.0,527.0,256,1000000
10000,2.0,0.5,0.09210340371976188,4.605170185988092,0.020000000000000007,0.2589310799931435,1.9999999999999998,one_minus_s_power,104,True,31.0,31.0,256,1000000
10000,2.0,0.5,0.09210340371976188,4.605170185988092,0.020000000000000007,0.2589310799931435,1.9999999999999998,one_minus_s_power,105,True,135.0,135.0,256,1000000
10000,2.0,0.5,0.09210340371976188,4.605170185988092,0.020000000000000007,0.2589310799931435,1.9999999999999998,one_minus_s_power,106,True,91.0,91.0,256,1000000
10000,2.0,0.5,0.09210340371976188,4.605170185988092,0.020000000000000007,0.2589310799931435,1.9999999999999998,one_minus_s_power,107,True,902.0,902.0,256,1000000
10000,2.0,0.5,0.09210340371976188,4.605170185988092,0.020000000000000007,0.2589310799931435,1.9999999999999998,one_minus_s_power,108,True,79.0,79.0,256,1000000
10000,2.0,0.5,0.09210340371976188,4.605170185988092,0.020000000000000007,0.2589310799931435,1.9999999999999998,one_minus_s_power,109,True,233.0,233.0,256,1000000
10000,2.0,0.5,0.09210340371976188,4.605170185988092,0.020000000000000007,0.2589310799931435,1.9999999999999998,one_minus_s_power,110,True,222.0,222.0,256,1000000
10000,2.0,0.5,0.09210340371976188,4.605170185988092,0.020000000000000007,0.2589310799931435,1.9999999999999998,one_minus_s_power,111,True,659.0,659.0,256,1000000
10000,2.0,0.5,0.09210340371976188,4.605170185988092,0.020000000000000007,0.2589310799931435,1.9999999999999998,one_minus_s_power,112,True,1536.0,1536.0,256,1000000
10000,2.0,0.5,0.09210340371976188,4.605170185988092,0.020000000000000007,0.2589310799931435,1.9999999999999998,one_minus_s_power,113,True,550.0,550.0,256,1000000
10000,2.0,0.5,0.09210340371976188,4.605170185988092,0.020000000000000007,0.2589310799931435,1.9999999999999998,one_minus_s_power,114,True,365.0,365.0,256,1000000
10000,2.0,0.5,0.09210340371976188,4.605170185988092,0.020000000000000007,0.2589310799931435,1.9999999999999998,one_minus_s_power,115,True,684.0,684.0,256,1000000
10000,2.0,0.5,0.09210340371976188,4.605170185988092,0.020000000000000007,0.2589310799931435,1.9999999999999998,one_minus_s_power,116,True,1733.0,1733.0,256,1000000
10000,2.0,0.5,0.09210340371976188,4.605170185988092,0.020000000000000007,0.2589310799931435,1.9999999999999998,one_minus_s_power,117,True,225.0,225.0,256,1000000
10000,2.0,0.5,0.09210340371976188,4.605170185988092,0.020000000000000007,0.2589310799931435,1.9999999999999998,one_minus_s_power,118,True,647.0,647.0,256,1000000
10000,2.0,0.5,0.09210340371976188,4.605170185988092,0.020000000000000007,0.2589310799931435,1.9999999999999998,one_minus_s_power,119,True,1144.0,1144.0,256,1000000
10000,2.0,0.5,0.09210340371976188,4.605170185988092,0.020000000000000007,0.2589310799931435,1.9999999999999998,one_minus_s_power,120,True,377.0,377.0,256,1000000
10000,2.0,0.5,0.09210340371976188,4.605170185988092,0.020000000000000007,0.2589310799931435,1.9999999999999998,one_minus_s_power,121,True,285.0,285.0,256,1000000
10000,2.0,0.5,0.09210340371976188,4.605170185988092,0.020000000000000007,0.2589310799931435,1.9999999999999998,one_minus_s_power,122,True,106.0,106.0,256,1000000
10000,2.0,0.5,0.09210340371976188,4.605170185988092,0.020000000000000007,0.2589310799931435,1.9999999999999998,one_minus_s_power,123,True,1501.0,1501.0,256,1000000
10000,2.0,0.5,0.09210340371976188,4.605170185988092,0.020000000000000007,0.2589310799931435,1.9999999999999998,one_minus_s_power,124,True,51.0,51.0,256,1000000
10000,2.0,0.5,0.09210340371976188,4.605170185988092,0.020000000000000007,0.2589310799931435,1.9999999999999998,one_minus_s_power,125,True,508.0,508.0,256,1000000
10000,2.0,0.5,0.09210340371976188,4.605170185988092,0.020000000000000007,0.2589310799931435,1.9999999999999998,one_minus_s_power,126,True,257.0,257.0,256,1000000
10000,2.0,0.5,0.09210340371976188,4.605170185988092,0.020000000000000007,0.2589310799931435,1.9999999999999998,one_minus_s_power,127,True,531.0,531.0,256,1000000
10000,2.0,0.5,0.09210340371976188,4.605170185988092,0.020000000000000007,0.2589310799931435,1.9999999999999998,one_minus_s_power,128,True,1251.0,1251.0,256,1000000
10000,2.0,0.5,0.09210340371976188,4.605170185988092,0.020000000000000007,0.2589310799931435,1.9999999999999998,one_minus_s_power,129,True,1441.0,1441.0,256,1000000
10000,2.0,0.5,0.09210340371976188,4.605170185988092,0.020000000000000007,0.2589310799931435,1.9999999999999998,one_minus_s_power,130,True,375.0,375.0,256,1000000
10000,2.0,0.5,0.09210340371976188,4.605170185988092,0.020000000000000007,0.2589310799931435,1.9999999999999998,one_minus_s_power,131,True,1513.0,1513.0,256,1000000
10000,2.0,0.5,0.09210340371976188,4.605170185988092,0.020000000000000007,0.2589310799931435,1.9999999999999998,one_minus_s_power,132,True,448.0,448.0,256,1000000
10000,2.0,0.5,0.09210340371976188,4.605170185988092,0.020000000000000007,0.2589310799931435,1.9999999999999998,one_minus_s_power,133,True,291.0,291.0,256,1000000
10000,2.0,0.5,0.09210340371976188,4.605170185988092,0.020000000000000007,0.2589310799931435,1.9999999999999998,one_minus_s_power,134,True,302.0,302.0,256,1000000
10000,2.0,0.5,0.09210340371976188,4.605170185988092,0.020000000000000007,0.2589310799931435,1.9999999999999998,one_minus_s_power,135,True,428.0,428.0,256,1000000
10000,2.0,0.5,0.09210340371976188,4.605170185988092,0.020000000000000007,0.2589310799931435,1.9999999999999998,one_minus_s_power,136,True,569.0,569.0,256,1000000
10000,2.0,0.5,0.09210340371976188,4.605170185988092,0.020000000000000007,0.2589310799931435,1.9999999999999998,one_minus_s_power,137,True,163.0,163.0,256,1000000
10000,2.0,0.5,0.09210340371976188,4.605170185988092,0.020000000000000007,0.2589310799931435,1.9999999999999998,one_minus_s_power,138,True,239.0,239.0,256,1000000
10000,2.0,0.5,0.09210340371976188,4.605170185988092,0.020000000000000007,0.2589310799931435,1.9999999999999998,one_minus_s_power,139,True,556.0,556.0,256,1000000
10000,2.0,0.5,0.09210340371976188,4.605170185988092,0.020000000000000007,0.2589310799931435,1.9999999999999998,one_minus_s_power,140,True,615.0,615.0,256,1000000
10000,2.0,0.5,0.09210340371976188,4.605170185988092,0.020000000000000007,0.2589310799931435,1.9999999999999998,one_minus_s_power,141,True,526.0,526.0,256,1000000
10000,2.0,0.5,0.09210340371976188,4.605170185988092,0.020000000000000007,0.2589310799931435,1.9999999999999998,one_minus_s_power,142,True,316.0,316.0,256,1000000
10000,2.0,0.5,0.09210340371976188,4.605170185988092,0.020000000000000007,0.2589310799931435,1.9999999999999998,one_minus_s_power,143,True,391.0,391.0,256,1000000
10000,2.0,0.5,0.09210340371976188,4.605170185988092,0.020000000000000007,0.2589310799931435,1.9999999999999998,one_minus_s_power,144,True,562.0,562.0,256,1000000
10000,2.0,0.5,0.09210340371976188,4.605170185988092,0.020000000000000007,0.2589310799931435,1.9999999999999998,one_minus_s_power,145,True,113.0,113.0,256,1000000
10000,2.0,0.5,0.09210340371976188,4.605170185988092,0.020000000000000007,0.2589310799931435,1.9999999999999998,one_minus_s_power,146,True,478.0,478.0,256,1000000
10000,2.0,0.5,0.09210340371976188,4.605170185988092,0.020000000000000007,0.2589310799931435,1.9999999999999998,one_minus_s_power,147,True,671.0,671.0,256,1000000
10000,2.0,0.5,0.09210340371976188,4.605170185988092,0.020000000000000007,0.2589310799931435,1.9999999999999998,one_minus_s_power,148,True,490.0,490.0,256,1000000
10000,2.0,0.5,0.09210340371976188,4.605170185988092,0.020000000000000007,0.2589310799931435,1.9999999999999998,one_minus_s_power,149,True,344.0,344.0,256,1000000
10000,2.0,0.5,0.09210340371976188,4.605170185988092,0.020000000000000007,0.2589310799931435,1.9999999999999998,one_minus_s_power,150,True,111.0,111.0,256,1000000
10000,2.0,0.5,0.09210340371976188,4.605170185988092,0.020000000000000007,0.2589310799931435,1.9999999999999998,one_minus_s_power,151,True,1042.0,1042.0,256,1000000
10000,2.0,0.5,0.09210340371976188,4.605170185988092,0.020000000000000007,0.2589310799931435,1.9999999999999998,one_minus_s_power,152,True,623.0,623.0,256,1000000
10000,2.0,0.5,0.09210340371976188,4.605170185988092,0.020000000000000007,0.2589310799931435,1.9999999999999998,one_minus_s_power,153,True,178.0,178.0,256,1000000
10000,2.0,0.5,0.09210340371976188,4.605170185988092,0.020000000000000007,0.2589310799931435,1.9999999999999998,one_minus_s_power,154,True,619.0,619.0,256,1000000
10000,2.0,0.5,0.09210340371976188,4.605170185988092,0.020000000000000007,0.2589310799931435,1.9999999999999998,one_minus_s_power,155,True,763.0,763.0,256,1000000
10000,2.0,0.5,0.09210340371976188,4.605170185988092,0.020000000000000007,0.2589310799931435,1.9999999999999998,one_minus_s_power,156,True,349.0,349.0,256,1000000
10000,2.0,0.5,0.09210340371976188,4.605170185988092,0.020000000000000007,0.2589310799931435,1.9999999999999998,one_minus_s_power,157,True,202.0,202.0,256,1000000
10000,2.0,0.5,0.09210340371976188,4.605170185988092,0.020000000000000007,0.2589310799931435,1.9999999999999998,one_minus_s_power,158,True,1037.0,1037.0,256,1000000
10000,2.0,0.5,0.09210340371976188,4.605170185988092,0.020000000000000007,0.2589310799931435,1.9999999999999998,one_minus_s_power,159,True,136.0,136.0,256,1000000
10000,2.0,0.5,0.09210340371976188,4.605170185988092,0.020000000000000007,0.2589310799931435,1.9999999999999998,one_minus_s_power,160,True,242.0,242.0,256,1000000
10000,2.0,0.5,0.09210340371976188,4.605170185988092,0.020000000000000007,0.2589310799931435,1.9999999999999998,one_minus_s_power,161,True,526.0,526.0,256,1000000
10000,2.0,0.5,0.09210340371976188,4.605170185988092,0.020000000000000007,0.2589310799931435,1.9999999999999998,one_minus_s_power,162,True,157.0,157.0,256,1000000
10000,2.0,0.5,0.09210340371976188,4.605170185988092,0.020000000000000007,0.2589310799931435,1.9999999999999998,one_minus_s_power,163,True,334.0,334.0,256,1000000
10000,2.0,0.5,0.09210340371976188,4.605170185988092,0.020000000000000007,0.2589310799931435,1.9999999999999998,one_minus_s_power,164,True,264.0,264.0,256,1000000
10000,2.0,0.5,0.09210340371976188,4.605170185988092,0.020000000000000007,0.2589310799931435,1.9999999999999998,one_minus_s_power,165,True,543.0,543.0,256,1000000
10000,2.0,0.5,0.09210340371976188,4.605170185988092,0.020000000000000007,0.2589310799931435,1.9999999999999998,one_minus_s_power,166,True,198.0,198.0,256,1000000
10000,2.0,0.5,0.09210340371976188,4.605170185988092,0.020000000000000007,0.2589310799931435,1.9999999999999998,one_minus_s_power,167,True,392.0,392.0,256,1000000
10000,2.0,0.5,0.09210340371976188,4.605170185988092,0.020000000000000007,0.2589310799931435,1.9999999999999998,one_minus_s_power,168,True,663.0,663.0,256,1000000
10000,2.0,0.5,0.09210340371976188,4.605170185988092,0.020000000000000007,0.2589310799931435,1.9999999999999998,one_minus_s_power,169,True,121.0,121.0,256,1000000
10000,2.0,0.5,0.09210340371976188,4.605170185988092,0.020000000000000007,0.2589310799931435,1.9999999999999998,one_minus_s_power,170,True,537.0,537.0,256,1000000
10000,2.0,0.5,0.09210340371976188,4.605170185988092,0.020000000000000007,0.2589310799931435,1.9999999999999998,one_minus_s_power,171,True,603.0,603.0,256,1000000
10000,2.0,0.5,0.09210340371976188,4.605170185988092,0.020000000000000007,0.2589310799931435,1.9999999999999998,one_minus_s_power,172,True,622.0,622.0,256,1000000
10000,2.0,0.5,0.09210340371976188,4.605170185988092,0.020000000000000007,0.2589310799931435,1.9999999999999998,one_minus_s_power,173,True,186.0,186.0,256,1000000
10000,2.0,0.5,0.09210340371976188,4.605170185988092,0.020000000000000007,0.2589310799931435,1.9999999999999998,one_minus_s_power,174,True,129.0,129.0,256,1000000
10000,2.0,0.5,0.09210340371976188,4.605170185988092,0.020000000000000007,0.2589310799931435,1.9999999999999998,one_minus_s_power,175,True,782.0,782.0,256,1000000
10000,2.0,0.5,0.09210340371976188,4.605170185988092,0.020000000000000007,0.2589310799931435,1.9999999999999998,one_minus_s_power,176,True,1162.0,1162.0,256,1000000
10000,2.0,0.5,0.09210340371976188,4.605170185988092,0.020000000000000007,0.2589310799931435,1.9999999999999998,one_minus_s_power,177,True,576.0,576.0,256,1000000
10000,2.0,0.5,0.09210340371976188,4.605170185988092,0.020000000000000007,0.2589310799931435,1.9999999999999998,one_minus_s_power,178,True,257.0,257.0,256,1000000
10000,2.0,0.5,0.09210340371976188,4.605170185988092,0.020000000000000007,0.2589310799931435,1.9999999999999998,one_minus_s_power,179,True,103.0,103.0,256,1000000
10000,2.0,0.5,0.09210340371976188,4.605170185988092,0.020000000000000007,0.2589310799931435,1.9999999999999998,one_minus_s_power,180,True,237.0,237.0,256,1000000
10000,2.0,0.5,0.09210340371976188,4.605170185988092,0.020000000000000007,0.2589310799931435,1.9999999999999998,one_minus_s_power,181,True,62.0,62.0,256,1000000
10000,2.0,0.5,0.09210340371976188,4.605170185988092,0.020000000000000007,0.2589310799931435,1.9999999999999998,one_minus_s_power,182,True,1374.0,1374.0,256,1000000
10000,2.0,0.5,0.09210340371976188,4.605170185988092,0.020000000000000007,0.2589310799931435,1.9999999999999998,one_minus_s_power,183,True,631.0,631.0,256,1000000
10000,2.0,0.5,0.09210340371976188,4.605170185988092,0.020000000000000007,0.2589310799931435,1.9999999999999998,one_minus_s_power,184,True,287.0,287.0,256,1000000
10000,2.0,0.5,0.09210340371976188,4.605170185988092,0.020000000000000007,0.2589310799931435,1.9999999999999998,one_minus_s_power,185,True,271.0,271.0,256,1000000
10000,2.0,0.5,0.09210340371976188,4.605170185988092,0.020000000000000007,0.2589310799931435,1.9999999999999998,one_minus_s_power,186,True,517.0,517.0,256,1000000
10000,2.0,0.5,0.09210340371976188,4.605170185988092,0.020000000000000007,0.2589310799931435,1.9999999999999998,one_minus_s_power,187,True,1653.0,1653.0,256,1000000
10000,2.0,0.5,0.09210340371976188,4.605170185988092,0.020000000000000007,0.2589310799931435,1.9999999999999998,one_minus_s_power,188,True,223.0,223.0,256,1000000
10000,2.0,0.5,0.09210340371976188,4.605170185988092,0.020000000000000007,0.2589310799931435,1.9999999999999998,one_minus_s_power,189,True,725.0,725.0,256,1000000
10000,2.0,0.5,0.09210340371976188,4.605170185988092,0.020000000000000007,0.2589310799931435,1.9999999999999998,one_minus_s_power,190,True,711.0,711.0,256,1000000
10000,2.0,0.5,0.09210340371976188,4.605170185988092,0.020000000000000007,0.2589310799931435,1.9999999999999998,one_minus_s_power,191,True,685.0,685.0,256,1000000
10000,2.0,0.5,0.09210340371976188,4.605170185988092,0.020000000000000007,0.2589310799931435,1.9999999999999998,one_minus_s_power,192,True,290.0,290.0,256,1000000
10000,2.0,0.5,0.09210340371976188,4.605170185988092,0.020000000000000007,0.2589310799931435,1.9999999999999998,one_minus_s_power,193,True,75.0,75.0,256,1000000
10000,2.0,0.5,0.09210340371976188,4.605170185988092,0.020000000000000007,0.2589310799931435,1.9999999999999998,one_minus_s_power,194,True,158.0,158.0,256,1000000
10000,2.0,0.5,0.09210340371976188,4.605170185988092,0.020000000000000007,0.2589310799931435,1.9999999999999998,one_minus_s_power,195,True,149.0,149.0,256,1000000
10000,2.0,0.5,0.09210340371976188,4.605170185988092,0.020000000000000007,0.2589310799931435,1.9999999999999998,one_minus_s_power,196,True,39.0,39.0,256,1000000
10000,2.0,0.5,0.09210340371976188,4.605170185988092,0.020000000000000007,0.2589310799931435,1.9999999999999998,one_minus_s_power,197,True,206.0,206.0,256,1000000
10000,2.0,0.5,0.09210340371976188,4.605170185988092,0.020000000000000007,0.2589310799931435,1.9999999999999998,one_minus_s_power,198,True,276.0,276.0,256,1000000
10000,2.0,0.5,0.09210340371976188,4.605170185988092,0.020000000000000007,0.2589310799931435,1.9999999999999998,one_minus_s_power,199,True,469.0,469.0,256,1000000
10000,2.0,0.5,0.09210340371976188,4.605170185988092,0.020000000000000007,0.2589310799931435,1.9999999999999998,one_minus_s_power,200,True,370.0,370.0,256,1000000
10000,2.0,0.5,0.09210340371976188,4.605170185988092,0.020000000000000007,0.2589310799931435,1.9999999999999998,one_minus_s_power,201,True,340.0,340.0,256,1000000
10000,2.0,0.5,0.09210340371976188,4.605170185988092,0.020000000000000007,0.2589310799931435,1.9999999999999998,one_minus_s_power,202,True,1061.0,1061.0,256,1000000
10000,2.0,0.5,0.09210340371976188,4.605170185988092,0.020000000000000007,0.2589310799931435,1.9999999999999998,one_minus_s_power,203,True,479.0,479.0,256,1000000
10000,2.0,0.5,0.09210340371976188,4.605170185988092,0.020000000000000007,0.2589310799931435,1.9999999999999998,one_minus_s_power,204,True,344.0,344.0,256,1000000
10000,2.0,0.5,0.09210340371976188,4.605170185988092,0.020000000000000007,0.2589310799931435,1.9999999999999998,one_minus_s_power,205,True,914.0,914.0,256,1000000
10000,2.0,0.5,0.09210340371976188,4.605170185988092,0.020000000000000007,0.2589310799931435,1.9999999999999998,one_minus_s_power,206,True,386.0,386.0,256,1000000
10000,2.0,0.5,0.09210340371976188,4.605170185988092,0.020000000000000007,0.2589310799931435,1.9999999999999998,one_minus_s_power,207,True,217.0,217.0,256,1000000
10000,2.0,0.5,0.09210340371976188,4.605170185988092,0.020000000000000007,0.2589310799931435,1.9999999999999998,one_minus_s_power,208,True,415.0,415.0,256,1000000
10000,2.0,0.5,0.09210340371976188,4.605170185988092,0.020000000000000007,0.2589310799931435,1.9999999999999998,one_minus_s_power,209,True,981.0,981.0,256,1000000
10000,2.0,0.5,0.09210340371976188,4.605170185988092,0.020000000000000007,0.2589310799931435,1.9999999999999998,one_minus_s_power,210,True,353.0,353.0,256,1000000
10000,2.0,0.5,0.09210340371976188,4.605170185988092,0.020000000000000007,0.2589310799931435,1.9999999999999998,one_minus_s_power,211,True,287.0,287.0,256,1000000
10000,2.0,0.5,0.09210340371976188,4.605170185988092,0.020000000000000007,0.2589310799931435,1.9999999999999998,one_minus_s_power,212,True,508.0,508.0,256,1000000
10000,2.0,0.5,0.09210340371976188,4.605170185988092,0.020000000000000007,0.2589310799931435,1.9999999999999998,one_minus_s_power,213,True,384.0,384.0,256,1000000
10000,2.0,0.5,0.09210340371976188,4.605170185988092,0.020000000000000007,0.2589310799931435,1.9999999999999998,one_minus_s_power,214,True,58.0,58.0,256,1000000
10000,2.0,0.5,0.09210340371976188,4.605170185988092,0.020000000000000007,0.2589310799931435,1.9999999999999998,one_minus_s_power,215,True,68.0,68.0,256,1000000
10000,2.0,0.5,0.09210340371976188,4.605170185988092,0.020000000000000007,0.2589310799931435,1.9999999999999998,one_minus_s_power,216,True,47.0,47.0,256,1000000
10000,2.0,0.5,0.09210340371976188,4.605170185988092,0.020000000000000007,0.2589310799931435,1.9999999999999998,one_minus_s_power,217,True,858.0,858.0,256,1000000
10000,2.0,0.5,0.09210340371976188,4.605170185988092,0.020000000000000007,0.2589310799931435,1.9999999999999998,one_minus_s_power,218,True,830.0,830.0,256,1000000
10000,2.0,0.5,0.09210340371976188,4.605170185988092,0.020000000000000007,0.2589310799931435,1.9999999999999998,one_minus_s_power,219,True,293.0,293.0,256,1000000
10000,2.0,0.5,0.09210340371976188,4.605170185988092,0.020000000000000007,0.2589310799931435,1.9999999999999998,one_minus_s_power,220,True,148.0,148.0,256,1000000
10000,2.0,0.5,0.09210340371976188,4.605170185988092,0.020000000000000007,0.2589310799931435,1.9999999999999998,one_minus_s_power,221,True,240.0,240.0,256,1000000
10000,2.0,0.5,0.09210340371976188,4.605170185988092,0.020000000000000007,0.2589310799931435,1.9999999999999998,one_minus_s_power,222,True,35.0,35.0,256,1000000
10000,2.0,0.5,0.09210340371976188,4.605170185988092,0.020000000000000007,0.2589310799931435,1.9999999999999998,one_minus_s_power,223,True,87.0,87.0,256,1000000
10000,2.0,0.5,0.09210340371976188,4.605170185988092,0.020000000000000007,0.2589310799931435,1.9999999999999998,one_minus_s_power,224,True,509.0,509.0,256,1000000
10000,2.0,0.5,0.09210340371976188,4.605170185988092,0.020000000000000007,0.2589310799931435,1.9999999999999998,one_minus_s_power,225,True,233.0,233.0,256,1000000
10000,2.0,0.5,0.09210340371976188,4.605170185988092,0.020000000000000007,0.2589310799931435,1.9999999999999998,one_minus_s_power,226,True,263.0,263.0,256,1000000
10000,2.0,0.5,0.09210340371976188,4.605170185988092,0.020000000000000007,0.2589310799931435,1.9999999999999998,one_minus_s_power,227,True,109.0,109.0,256,1000000
10000,2.0,0.5,0.09210340371976188,4.605170185988092,0.020000000000000007,0.2589310799931435,1.9999999999999998,one_minus_s_power,228,True,659.0,659.0,256,1000000
10000,2.0,0.5,0.09210340371976188,4.605170185988092,0.020000000000000007,0.2589310799931435,1.9999999999999998,one_minus_s_power,229,True,2132.0,2132.0,256,1000000
10000,2.0,0.5,0.09210340371976188,4.605170185988092,0.020000000000000007,0.2589310799931435,1.9999999999999998,one_minus_s_power,230,True,824.0,824.0,256,1000000
10000,2.0,0.5,0.09210340371976188,4.605170185988092,0.020000000000000007,0.2589310799931435,1.9999999999999998,one_minus_s_power,231,True,421.0,421.0,256,1000000
10000,2.0,0.5,0.09210340371976188,4.605170185988092,0.020000000000000007,0.2589310799931435,1.9999999999999998,one_minus_s_power,232,True,54.0,54.0,256,1000000
10000,2.0,0.5,0.09210340371976188,4.605170185988092,0.020000000000000007,0.2589310799931435,1.9999999999999998,one_minus_s_power,233,True,94.0,94.0,256,1000000
10000,2.0,0.5,0.09210340371976188,4.605170185988092,0.020000000000000007,0.2589310799931435,1.9999999999999998,one_minus_s_power,234,True,374.0,374.0,256,1000000
10000,2.0,0.5,0.09210340371976188,4.605170185988092,0.020000000000000007,0.2589310799931435,1.9999999999999998,one_minus_s_power,235,True,961.0,961.0,256,1000000
10000,2.0,0.5,0.09210340371976188,4.605170185988092,0.020000000000000007,0.2589310799931435,1.9999999999999998,one_minus_s_power,236,True,340.0,340.0,256,1000000
10000,2.0,0.5,0.09210340371976188,4.605170185988092,0.020000000000000007,0.2589310799931435,1.9999999999999998,one_minus_s_power,237,True,529.0,529.0,256,1000000
10000,2.0,0.5,0.09210340371976188,4.605170185988092,0.020000000000000007,0.2589310799931435,1.9999999999999998,one_minus_s_power,238,True,114.0,114.0,256,1000000
10000,2.0,0.5,0.09210340371976188,4.605170185988092,0.020000000000000007,0.2589310799931435,1.9999999999999998,one_minus_s_power,239,True,273.0,273.0,256,1000000
10000,2.0,0.5,0.09210340371976188,4.605170185988092,0.020000000000000007,0.2589310799931435,1.9999999999999998,one_minus_s_power,240,True,963.0,963.0,256,1000000
10000,2.0,0.5,0.09210340371976188,4.605170185988092,0.020000000000000007,0.2589310799931435,1.9999999999999998,one_minus_s_power,241,True,296.0,296.0,256,1000000
10000,2.0,0.5,0.09210340371976188,4.605170185988092,0.020000000000000007,0.2589310799931435,1.9999999999999998,one_minus_s_power,242,True,173.0,173.0,256,1000000
10000,2.0,0.5,0.09210340371976188,4.605170185988092,0.020000000000000007,0.2589310799931435,1.9999999999999998,one_minus_s_power,243,True,309.0,309.0,256,1000000
10000,2.0,0.5,0.09210340371976188,4.605170185988092,0.020000000000000007,0.2589310799931435,1.9999999999999998,one_minus_s_power,244,True,1264.0,1264.0,256,1000000
10000,2.0,0.5,0.09210340371976188,4.605170185988092,0.020000000000000007,0.2589310799931435,1.9999999999999998,one_minus_s_power,245,True,204.0,204.0,256,1000000
10000,2.0,0.5,0.09210340371976188,4.605170185988092,0.020000000000000007,0.2589310799931435,1.9999999999999998,one_minus_s_power,246,True,727.0,727.0,256,1000000
10000,2.0,0.5,0.09210340371976188,4.605170185988092,0.020000000000000007,0.2589310799931435,1.9999999999999998,one_minus_s_power,247,True,317.0,317.0,256,1000000
10000,2.0,0.5,0.09210340371976188,4.605170185988092,0.020000000000000007,0.2589310799931435,1.9999999999999998,one_minus_s_power,248,True,270.0,270.0,256,1000000
10000,2.0,0.5,0.09210340371976188,4.605170185988092,0.020000000000000007,0.2589310799931435,1.9999999999999998,one_minus_s_power,249,True,898.0,898.0,256,1000000
10000,2.0,0.5,0.09210340371976188,4.605170185988092,0.020000000000000007,0.2589310799931435,1.9999999999999998,one_minus_s_power,250,True,84.0,84.0,256,1000000
10000,2.0,0.5,0.09210340371976188,4.605170185988092,0.020000000000000007,0.2589310799931435,1.9999999999999998,one_minus_s_power,251,True,73.0,73.0,256,1000000
10000,2.0,0.5,0.09210340371976188,4.605170185988092,0.020000000000000007,0.2589310799931435,1.9999999999999998,one_minus_s_power,252,True,584.0,584.0,256,1000000
10000,2.0,0.5,0.09210340371976188,4.605170185988092,0.020000000000000007,0.2589310799931435,1.9999999999999998,one_minus_s_power,253,True,512.0,512.0,256,1000000
10000,2.0,0.5,0.09210340371976188,4.605170185988092,0.020000000000000007,0.2589310799931435,1.9999999999999998,one_minus_s_power,254,True,186.0,186.0,256,1000000
10000,2.0,0.5,0.09210340371976188,4.605170185988092,0.020000000000000007,0.2589310799931435,1.9999999999999998,one_minus_s_power,255,True,431.0,431.0,256,1000000
10000,2.0,0.5,0.09210340371976188,4.605170185988092,0.020000000000000007,0.2589310799931435,1.9999999999999998,one_minus_s_power,256,True,319.0,319.0,256,1000000
10000,2.0,0.5,0.09210340371976188,4.605170185988092,0.020000000000000007,0.2589310799931435,1.9999999999999998,one_minus_s_power,257,True,461.0,461.0,256,1000000
10000,2.0,0.5,0.09210340371976188,4.605170185988092,0.020000000000000007,0.2589310799931435,1.9999999999999998,one_minus_s_power,258,True,597.0,597.0,256,1000000
10000,2.0,0.5,0.09210340371976188,4.605170185988092,0.020000000000000007,0.2589310799931435,1.9999999999999998,one_minus_s_power,259,True,922.0,922.0,256,1000000
10000,2.0,0.5,0.09210340371976188,4.605170185988092,0.020000000000000007,0.2589310799931435,1.9999999999999998,one_minus_s_power,260,True,237.0,237.0,256,1000000
10000,2.0,0.5,0.09210340371976188,4.605170185988092,0.020000000000000007,0.2589310799931435,1.9999999999999998,one_minus_s_power,261,True,101.0,101.0,256,1000000
10000,2.0,0.5,0.09210340371976188,4.605170185988092,0.020000000000000007,0.2589310799931435,1.9999999999999998,one_minus_s_power,262,True,1034.0,1034.0,256,1000000
10000,2.0,0.5,0.09210340371976188,4.605170185988092,0.020000000000000007,0.2589310799931435,1.9999999999999998,one_minus_s_power,263,True,296.0,296.0,256,1000000
10000,2.0,0.5,0.09210340371976188,4.605170185988092,0.020000000000000007,0.2589310799931435,1.9999999999999998,one_minus_s_power,264,True,270.0,270.0,256,1000000
10000,2.0,0.5,0.09210340371976188,4.605170185988092,0.020000000000000007,0.2589310799931435,1.9999999999999998,one_minus_s_power,265,True,273.0,273.0,256,1000000
10000,2.0,0.5,0.09210340371976188,4.605170185988092,0.020000000000000007,0.2589310799931435,1.9999999999999998,one_minus_s_power,266,True,979.0,979.0,256,1000000
10000,2.0,0.5,0.09210340371976188,4.605170185988092,0.020000000000000007,0.2589310799931435,1.9999999999999998,one_minus_s_power,267,True,893.0,893.0,256,1000000
10000,2.0,0.5,0.09210340371976188,4.605170185988092,0.020000000000000007,0.2589310799931435,1.9999999999999998,one_minus_s_power,268,True,1657.0,1657.0,256,1000000
10000,2.0,0.5,0.09210340371976188,4.605170185988092,0.020000000000000007,0.2589310799931435,1.9999999999999998,one_minus_s_power,269,True,1951.0,1951.0,256,1000000
10000,2.0,0.5,0.09210340371976188,4.605170185988092,0.020000000000000007,0.2589310799931435,1.9999999999999998,one_minus_s_power,270,True,1303.0,1303.0,256,1000000
10000,2.0,0.5,0.09210340371976188,4.605170185988092,0.020000000000000007,0.2589310799931435,1.9999999999999998,one_minus_s_power,271,True,153.0,153.0,256,1000000
10000,2.0,0.5,0.09210340371976188,4.605170185988092,0.020000000000000007,0.2589310799931435,1.9999999999999998,one_minus_s_power,272,True,165.0,165.0,256,1000000
10000,2.0,0.5,0.09210340371976188,4.605170185988092,0.020000000000000007,0.2589310799931435,1.9999999999999998,one_minus_s_power,273,True,123.0,123.0,256,1000000
10000,2.0,0.5,0.09210340371976188,4.605170185988092,0.020000000000000007,0.2589310799931435,1.9999999999999998,one_minus_s_power,274,True,478.0,478.0,256,1000000
10000,2.0,0.5,0.09210340371976188,4.605170185988092,0.020000000000000007,0.2589310799931435,1.9999999999999998,one_minus_s_power,275,True,398.0,398.0,256,1000000
10000,2.0,0.5,0.09210340371976188,4.605170185988092,0.020000000000000007,0.2589310799931435,1.9999999999999998,one_minus_s_power,276,True,483.0,483.0,256,1000000
10000,2.0,0.5,0.09210340371976188,4.605170185988092,0.020000000000000007,0.2589310799931435,1.9999999999999998,one_minus_s_power,277,True,76.0,76.0,256,1000000
10000,2.0,0.5,0.09210340371976188,4.605170185988092,0.020000000000000007,0.2589310799931435,1.9999999999999998,one_minus_s_power,278,True,25.0,25.0,256,1000000
10000,2.0,0.5,0.09210340371976188,4.605170185988092,0.020000000000000007,0.2589310799931435,1.9999999999999998,one_minus_s_power,279,True,157.0,157.0,256,1000000
10000,2.0,0.5,0.09210340371976188,4.605170185988092,0.020000000000000007,0.2589310799931435,1.9999999999999998,one_minus_s_power,280,True,259.0,259.0,256,1000000
10000,2.0,0.5,0.09210340371976188,4.605170185988092,0.020000000000000007,0.2589310799931435,1.9999999999999998,one_minus_s_power,281,True,273.0,273.0,256,1000000
10000,2.0,0.5,0.09210340371976188,4.605170185988092,0.020000000000000007,0.2589310799931435,1.9999999999999998,one_minus_s_power,282,True,606.0,606.0,256,1000000
10000,2.0,0.5,0.09210340371976188,4.605170185988092,0.020000000000000007,0.2589310799931435,1.9999999999999998,one_minus_s_power,283,True,331.0,331.0,256,1000000
10000,2.0,0.5,0.09210340371976188,4.605170185988092,0.020000000000000007,0.2589310799931435,1.9999999999999998,one_minus_s_power,284,True,537.0,537.0,256,1000000
10000,2.0,0.5,0.09210340371976188,4.605170185988092,0.020000000000000007,0.2589310799931435,1.9999999999999998,one_minus_s_power,285,True,282.0,282.0,256,1000000
10000,2.0,0.5,0.09210340371976188,4.605170185988092,0.020000000000000007,0.2589310799931435,1.9999999999999998,one_minus_s_power,286,True,205.0,205.0,256,1000000
10000,2.0,0.5,0.09210340371976188,4.605170185988092,0.020000000000000007,0.2589310799931435,1.9999999999999998,one_minus_s_power,287,True,274.0,274.0,256,1000000
10000,2.0,0.5,0.09210340371976188,4.605170185988092,0.020000000000000007,0.2589310799931435,1.9999999999999998,one_minus_s_power,288,True,709.0,709.0,256,1000000
10000,2.0,0.5,0.09210340371976188,4.605170185988092,0.020000000000000007,0.2589310799931435,1.9999999999999998,one_minus_s_power,289,True,277.0,277.0,256,1000000
10000,2.0,0.5,0.09210340371976188,4.605170185988092,0.020000000000000007,0.2589310799931435,1.9999999999999998,one_minus_s_power,290,True,175.0,175.0,256,1000000
10000,2.0,0.5,0.09210340371976188,4.605170185988092,0.020000000000000007,0.2589310799931435,1.9999999999999998,one_minus_s_power,291,True,122.0,122.0,256,1000000
10000,2.0,0.5,0.09210340371976188,4.605170185988092,0.020000000000000007,0.2589310799931435,1.9999999999999998,one_minus_s_power,292,True,154.0,154.0,256,1000000
10000,2.0,0.5,0.09210340371976188,4.605170185988092,0.020000000000000007,0.2589310799931435,1.9999999999999998,one_minus_s_power,293,True,694.0,694.0,256,1000000
10000,2.0,0.5,0.09210340371976188,4.605170185988092,0.020000000000000007,0.2589310799931435,1.9999999999999998,one_minus_s_power,294,True,299.0,299.0,256,1000000
10000,2.0,0.5,0.09210340371976188,4.605170185988092,0.020000000000000007,0.2589310799931435,1.9999999999999998,one_minus_s_power,295,True,823.0,823.0,256,1000000
10000,2.0,0.5,0.09210340371976188,4.605170185988092,0.020000000000000007,0.2589310799931435,1.9999999999999998,one_minus_s_power,296,True,276.0,276.0,256,1000000
10000,2.0,0.5,0.09210340371976188,4.605170185988092,0.020000000000000007,0.2589310799931435,1.9999999999999998,one_minus_s_power,297,True,52.0,52.0,256,1000000
10000,2.0,0.5,0.09210340371976188,4.605170185988092,0.020000000000000007,0.2589310799931435,1.9999999999999998,one_minus_s_power,298,True,434.0,434.0,256,1000000
10000,2.0,0.5,0.09210340371976188,4.605170185988092,0.020000000000000007,0.2589310799931435,1.9999999999999998,one_minus_s_power,299,True,336.0,336.0,256,1000000
10000,2.0,0.5,0.09210340371976188,4.605170185988092,0.020000000000000007,0.2589310799931435,1.9999999999999998,one_minus_s_power,300,True,79.0,79.0,256,1000000
10000,2.0,0.5,0.09210340371976188,4.605170185988092,0.020000000000000007,0.2589310799931435,1.9999999999999998,one_minus_s_power,301,True,148.0,148.0,256,1000000
10000,2.0,0.5,0.09210340371976188,4.605170185988092,0.020000000000000007,0.2589310799931435,1.9999999999999998,one_minus_s_power,302,True,260.0,260.0,256,1000000
10000,2.0,0.5,0.09210340371976188,4.605170185988092,0.020000000000000007,0.2589310799931435,1.9999999999999998,one_minus_s_power,303,True,894.0,894.0,256,1000000
10000,2.0,0.5,0.09210340371976188,4.605170185988092,0.020000000000000007,0.2589310799931435,1.9999999999999998,one_minus_s_power,304,True,85.0,85.0,256,1000000
10000,2.0,0.5,0.09210340371976188,4.605170185988092,0.020000000000000007,0.2589310799931435,1.9999999999999998,one_minus_s_power,305,True,177.0,177.0,256,1000000
10000,2.0,0.5,0.09210340371976188,4.605170185988092,0.020000000000000007,0.2589310799931435,1.9999999999999998,one_minus_s_power,306,True,152.0,152.0,256,1000000
10000,2.0,0.5,0.09210340371976188,4.605170185988092,0.020000000000000007,0.2589310799931435,1.9999999999999998,one_minus_s_power,307,True,2015.0,2015.0,256,1000000
10000,2.0,0.5,0.09210340371976188,4.605170185988092,0.020000000000000007,0.2589310799931435,1.9999999999999998,one_minus_s_power,308,True,1335.0,1335.0,256,1000000
10000,2.0,0.5,0.09210340371976188,4.605170185988092,0.020000000000000007,0.2589310799931435,1.9999999999999998,one_minus_s_power,309,True,560.0,560.0,256,1000000
10000,2.0,0.5,0.09210340371976188,4.605170185988092,0.020000000000000007,0.2589310799931435,1.9999999999999998,one_minus_s_power,310,True,588.0,588.0,256,1000000
10000,2.0,0.5,0.09210340371976188,4.605170185988092,0.020000000000000007,0.2589310799931435,1.9999999999999998,one_minus_s_power,311,True,526.0,526.0,256,1000000
10000,2.0,0.5,0.09210340371976188,4.605170185988092,0.020000000000000007,0.2589310799931435,1.9999999999999998,one_minus_s_power,312,True,384.0,384.0,256,1000000
10000,2.0,0.5,0.09210340371976188,4.605170185988092,0.020000000000000007,0.2589310799931435,1.9999999999999998,one_minus_s_power,313,True,435.0,435.0,256,1000000
10000,2.0,0.5,0.09210340371976188,4.605170185988092,0.020000000000000007,0.2589310799931435,1.9999999999999998,one_minus_s_power,314,True,324.0,324.0,256,1000000
10000,2.0,0.5,0.09210340371976188,4.605170185988092,0.020000000000000007,0.2589310799931435,1.9999999999999998,one_minus_s_power,315,True,63.0,63.0,256,1000000
10000,2.0,0.5,0.09210340371976188,4.605170185988092,0.020000000000000007,0.2589310799931435,1.9999999999999998,one_minus_s_power,316,True,985.0,985.0,256,1000000
10000,2.0,0.5,0.09210340371976188,4.605170185988092,0.020000000000000007,0.2589310799931435,1.9999999999999998,one_minus_s_power,317,True,1249.0,1249.0,256,1000000
10000,2.0,0.5,0.09210340371976188,4.605170185988092,0.020000000000000007,0.2589310799931435,1.9999999999999998,one_minus_s_power,318,True,85.0,85.0,256,1000000
10000,2.0,0.5,0.09210340371976188,4.605170185988092,0.020000000000000007,0.2589310799931435,1.9999999999999998,one_minus_s_power,319,True,936.0,936.0,256,1000000
10000,2.0,0.5,0.09210340371976188,4.605170185988092,0.020000000000000007,0.2589310799931435,1.9999999999999998,one_minus_s_power,320,True,506.0,506.0,256,1000000
10000,2.0,0.5,0.09210340371976188,4.605170185988092,0.020000000000000007,0.2589310799931435,1.9999999999999998,one_minus_s_power,321,True,557.0,557.0,256,1000000
10000,2.0,0.5,0.09210340371976188,4.605170185988092,0.020000000000000007,0.2589310799931435,1.9999999999999998,one_minus_s_power,322,True,162.0,162.0,256,1000000
10000,2.0,0.5,0.09210340371976188,4.605170185988092,0.020000000000000007,0.2589310799931435,1.9999999999999998,one_minus_s_power,323,True,194.0,194.0,256,1000000
10000,2.0,0.5,0.09210340371976188,4.605170185988092,0.020000000000000007,0.2589310799931435,1.9999999999999998,one_minus_s_power,324,True,1661.0,1661.0,256,1000000
10000,2.0,0.5,0.09210340371976188,4.605170185988092,0.020000000000000007,0.2589310799931435,1.9999999999999998,one_minus_s_power,325,True,263.0,263.0,256,1000000
10000,2.0,0.5,0.09210340371976188,4.605170185988092,0.020000000000000007,0.2589310799931435,1.9999999999999998,one_minus_s_power,326,True,338.0,338.0,256,1000000
10000,2.0,0.5,0.09210340371976188,4.605170185988092,0.020000000000000007,0.2589310799931435,1.9999999999999998,one_minus_s_power,327,True,122.0,122.0,256,1000000
10000,2.0,0.5,0.09210340371976188,4.605170185988092,0.020000000000000007,0.2589310799931435,1.9999999999999998,one_minus_s_power,328,True,50.0,50.0,256,1000000
10000,2.0,0.5,0.09210340371976188,4.605170185988092,0.020000000000000007,0.2589310799931435,1.9999999999999998,one_minus_s_power,329,True,387.0,387.0,256,1000000
10000,2.0,0.5,0.09210340371976188,4.605170185988092,0.020000000000000007,0.2589310799931435,1.9999999999999998,one_minus_s_power,330,True,324.0,324.0,256,1000000
10000,2.0,0.5,0.09210340371976188,4.605170185988092,0.020000000000000007,0.2589310799931435,1.9999999999999998,one_minus_s_power,331,True,482.0,482.0,256,1000000
10000,2.0,0.5,0.09210340371976188,4.605170185988092,0.020000000000000007,0.2589310799931435,1.9999999999999998,one_minus_s_power,332,True,212.0,212.0,256,1000000
10000,2.0,0.5,0.09210340371976188,4.605170185988092,0.020000000000000007,0.2589310799931435,1.9999999999999998,one_minus_s_power,333,True,540.0,540.0,256,1000000
10000,2.0,0.5,0.09210340371976188,4.605170185988092,0.020000000000000007,0.2589310799931435,1.9999999999999998,one_minus_s_power,334,True,352.0,352.0,256,1000000
10000,2.0,0.5,0.09210340371976188,4.605170185988092,0.020000000000000007,0.2589310799931435,1.9999999999999998,one_minus_s_power,335,True,117.0,117.0,256,1000000
10000,2.0,0.5,0.09210340371976188,4.605170185988092,0.020000000000000007,0.2589310799931435,1.9999999999999998,one_minus_s_power,336,True,325.0,325.0,256,1000000
10000,2.0,0.5,0.09210340371976188,4.605170185988092,0.020000000000000007,0.2589310799931435,1.9999999999999998,one_minus_s_power,337,True,631.0,631.0,256,1000000
10000,2.0,0.5,0.09210340371976188,4.605170185988092,0.020000000000000007,0.2589310799931435,1.9999999999999998,one_minus_s_power,338,True,469.0,469.0,256,1000000
10000,2.0,0.5,0.09210340371976188,4.605170185988092,0.020000000000000007,0.2589310799931435,1.9999999999999998,one_minus_s_power,339,True,549.0,549.0,256,1000000
10000,2.0,0.5,0.09210340371976188,4.605170185988092,0.020000000000000007,0.2589310799931435,1.9999999999999998,one_minus_s_power,340,True,160.0,160.0,256,1000000
10000,2.0,0.5,0.09210340371976188,4.605170185988092,0.020000000000000007,0.2589310799931435,1.9999999999999998,one_minus_s_power,341,True,114.0,114.0,256,1000000
10000,2.0,0.5,0.09210340371976188,4.605170185988092,0.020000000000000007,0.2589310799931435,1.9999999999999998,one_minus_s_power,342,True,406.0,406.0,256,1000000
10000,2.0,0.5,0.09210340371976188,4.605170185988092,0.020000000000000007,0.2589310799931435,1.9999999999999998,one_minus_s_power,343,True,483.0,483.0,256,1000000
10000,2.0,0.5,0.09210340371976188,4.605170185988092,0.020000000000000007,0.2589310799931435,1.9999999999999998,one_minus_s_power,344,True,309.0,309.0,256,1000000
10000,2.0,0.5,0.09210340371976188,4.605170185988092,0.020000000000000007,0.2589310799931435,1.9999999999999998,one_minus_s_power,345,True,68.0,68.0,256,1000000
10000,2.0,0.5,0.09210340371976188,4.605170185988092,0.020000000000000007,0.2589310799931435,1.9999999999999998,one_minus_s_power,346,True,113.0,113.0,256,1000000
10000,2.0,0.5,0.09210340371976188,4.605170185988092,0.020000000000000007,0.2589310799931435,1.9999999999999998,one_minus_s_power,347,True,360.0,360.0,256,1000000
10000,2.0,0.5,0.09210340371976188,4.605170185988092,0.020000000000000007,0.2589310799931435,1.9999999999999998,one_minus_s_power,348,True,227.0,227.0,256,1000000
10000,2.0,0.5,0.09210340371976188,4.605170185988092,0.020000000000000007,0.2589310799931435,1.9999999999999998,one_minus_s_power,349,True,590.0,590.0,256,1000000
10000,2.0,0.5,0.09210340371976188,4.605170185988092,0.020000000000000007,0.2589310799931435,1.9999999999999998,one_minus_s_power,350,True,155.0,155.0,256,1000000
10000,2.0,0.5,0.09210340371976188,4.605170185988092,0.020000000000000007,0.2589310799931435,1.9999999999999998,one_minus_s_power,351,True,222.0,222.0,256,1000000
10000,2.0,0.5,0.09210340371976188,4.605170185988092,0.020000000000000007,0.2589310799931435,1.9999999999999998,one_minus_s_power,352,True,669.0,669.0,256,1000000
10000,2.0,0.5,0.09210340371976188,4.605170185988092,0.020000000000000007,0.2589310799931435,1.9999999999999998,one_minus_s_power,353,True,102.0,102.0,256,1000000
10000,2.0,0.5,0.09210340371976188,4.605170185988092,0.020000000000000007,0.2589310799931435,1.9999999999999998,one_minus_s_power,354,True,154.0,154.0,256,1000000
10000,2.0,0.5,0.09210340371976188,4.605170185988092,0.020000000000000007,0.2589310799931435,1.9999999999999998,one_minus_s_power,355,True,407.0,407.0,256,1000000
10000,2.0,0.5,0.09210340371976188,4.605170185988092,0.020000000000000007,0.2589310799931435,1.9999999999999998,one_minus_s_power,356,True,279.0,279.0,256,1000000
10000,2.0,0.5,0.09210340371976188,4.605170185988092,0.020000000000000007,0.2589310799931435,1.9999999999999998,one_minus_s_power,357,True,274.0,274.0,256,1000000
10000,2.0,0.5,0.09210340371976188,4.605170185988092,0.020000000000000007,0.2589310799931435,1.9999999999999998,one_minus_s_power,358,True,2970.0,2970.0,256,1000000
10000,2.0,0.5,0.09210340371976188,4.605170185988092,0.020000000000000007,0.2589310799931435,1.9999999999999998,one_minus_s_power,359,True,149.0,149.0,256,1000000
10000,2.0,0.5,0.09210340371976188,4.605170185988092,0.020000000000000007,0.2589310799931435,1.9999999999999998,one_minus_s_power,360,True,465.0,465.0,256,1000000
10000,2.0,0.5,0.09210340371976188,4.605170185988092,0.020000000000000007,0.2589310799931435,1.9999999999999998,one_minus_s_power,361,True,56.0,56.0,256,1000000
10000,2.0,0.5,0.09210340371976188,4.605170185988092,0.020000000000000007,0.2589310799931435,1.9999999999999998,one_minus_s_power,362,True,82.0,82.0,256,1000000
10000,2.0,0.5,0.09210340371976188,4.605170185988092,0.020000000000000007,0.2589310799931435,1.9999999999999998,one_minus_s_power,363,True,1249.0,1249.0,256,1000000
10000,2.0,0.5,0.09210340371976188,4.605170185988092,0.020000000000000007,0.2589310799931435,1.9999999999999998,one_minus_s_power,364,True,108.0,108.0,256,1000000
10000,2.0,0.5,0.09210340371976188,4.605170185988092,0.020000000000000007,0.2589310799931435,1.9999999999999998,one_minus_s_power,365,True,63.0,63.0,256,1000000
10000,2.0,0.5,0.09210340371976188,4.605170185988092,0.020000000000000007,0.2589310799931435,1.9999999999999998,one_minus_s_power,366,True,61.0,61.0,256,1000000
10000,2.0,0.5,0.09210340371976188,4.605170185988092,0.020000000000000007,0.2589310799931435,1.9999999999999998,one_minus_s_power,367,True,554.0,554.0,256,1000000
10000,2.0,0.5,0.09210340371976188,4.605170185988092,0.020000000000000007,0.2589310799931435,1.9999999999999998,one_minus_s_power,368,True,203.0,203.0,256,1000000
10000,2.0,0.5,0.09210340371976188,4.605170185988092,0.020000000000000007,0.2589310799931435,1.9999999999999998,one_minus_s_power,369,True,150.0,150.0,256,1000000
10000,2.0,0.5,0.09210340371976188,4.605170185988092,0.020000000000000007,0.2589310799931435,1.9999999999999998,one_minus_s_power,370,True,1708.0,1708.0,256,1000000
10000,2.0,0.5,0.09210340371976188,4.605170185988092,0.020000000000000007,0.2589310799931435,1.9999999999999998,one_minus_s_power,371,True,363.0,363.0,256,1000000
10000,2.0,0.5,0.09210340371976188,4.605170185988092,0.020000000000000007,0.2589310799931435,1.9999999999999998,one_minus_s_power,372,True,1123.0,1123.0,256,1000000
10000,2.0,0.5,0.09210340371976188,4.605170185988092,0.020000000000000007,0.2589310799931435,1.9999999999999998,one_minus_s_power,373,True,202.0,202.0,256,1000000
10000,2.0,0.5,0.09210340371976188,4.605170185988092,0.020000000000000007,0.2589310799931435,1.9999999999999998,one_minus_s_power,374,True,427.0,427.0,256,1000000
10000,2.0,0.5,0.09210340371976188,4.605170185988092,0.020000000000000007,0.2589310799931435,1.9999999999999998,one_minus_s_power,375,True,171.0,171.0,256,1000000
10000,2.0,0.5,0.09210340371976188,4.605170185988092,0.020000000000000007,0.2589310799931435,1.9999999999999998,one_minus_s_power,376,True,154.0,154.0,256,1000000
10000,2.0,0.5,0.09210340371976188,4.605170185988092,0.020000000000000007,0.2589310799931435,1.9999999999999998,one_minus_s_power,377,True,373.0,373.0,256,1000000
10000,2.0,0.5,0.09210340371976188,4.605170185988092,0.020000000000000007,0.2589310799931435,1.9999999999999998,one_minus_s_power,378,True,126.0,126.0,256,1000000
10000,2.0,0.5,0.09210340371976188,4.605170185988092,0.020000000000000007,0.2589310799931435,1.9999999999999998,one_minus_s_power,379,True,794.0,794.0,256,1000000
10000,2.0,0.5,0.09210340371976188,4.605170185988092,0.020000000000000007,0.2589310799931435,1.9999999999999998,one_minus_s_power,380,True,287.0,287.0,256,1000000
10000,2.0,0.5,0.09210340371976188,4.605170185988092,0.020000000000000007,0.2589310799931435,1.9999999999999998,one_minus_s_power,381,True,581.0,581.0,256,1000000
10000,2.0,0.5,0.09210340371976188,4.605170185988092,0.020000000000000007,0.2589310799931435,1.9999999999999998,one_minus_s_power,382,True,412.0,412.0,256,1000000
10000,2.0,0.5,0.09210340371976188,4.605170185988092,0.020000000000000007,0.2589310799931435,1.9999999999999998,one_minus_s_power,383,True,291.0,291.0,256,1000000
10000,2.0,0.5,0.09210340371976188,4.605170185988092,0.020000000000000007,0.2589310799931435,1.9999999999999998,one_minus_s_power,384,True,795.0,795.0,256,1000000
10000,2.0,0.5,0.09210340371976188,4.605170185988092,0.020000000000000007,0.2589310799931435,1.9999999999999998,one_minus_s_power,385,True,937.0,937.0,256,1000000
10000,2.0,0.5,0.09210340371976188,4.605170185988092,0.020000000000000007,0.2589310799931435,1.9999999999999998,one_minus_s_power,386,True,546.0,546.0,256,1000000
10000,2.0,0.5,0.09210340371976188,4.605170185988092,0.020000000000000007,0.2589310799931435,1.9999999999999998,one_minus_s_power,387,True,206.0,206.0,256,1000000
10000,2.0,0.5,0.09210340371976188,4.605170185988092,0.020000000000000007,0.2589310799931435,1.9999999999999998,one_minus_s_power,388,True,317.0,317.0,256,1000000
10000,2.0,0.5,0.09210340371976188,4.605170185988092,0.020000000000000007,0.2589310799931435,1.9999999999999998,one_minus_s_power,389,True,110.0,110.0,256,1000000
10000,2.0,0.5,0.09210340371976188,4.605170185988092,0.020000000000000007,0.2589310799931435,1.9999999999999998,one_minus_s_power,390,True,815.0,815.0,256,1000000
10000,2.0,0.5,0.09210340371976188,4.605170185988092,0.020000000000000007,0.2589310799931435,1.9999999999999998,one_minus_s_power,391,True,886.0,886.0,256,1000000
10000,2.0,0.5,0.09210340371976188,4.605170185988092,0.020000000000000007,0.2589310799931435,1.9999999999999998,one_minus_s_power,392,True,585.0,585.0,256,1000000
10000,2.0,0.5,0.09210340371976188,4.605170185988092,0.020000000000000007,0.2589310799931435,1.9999999999999998,one_minus_s_power,393,True,635.0,635.0,256,1000000
10000,2.0,0.5,0.09210340371976188,4.605170185988092,0.020000000000000007,0.2589310799931435,1.9999999999999998,one_minus_s_power,394,True,277.0,277.0,256,1000000
10000,2.0,0.5,0.09210340371976188,4.605170185988092,0.020000000000000007,0.2589310799931435,1.9999999999999998,one_minus_s_power,395,True,267.0,267.0,256,1000000
10000,2.0,0.5,0.09210340371976188,4.605170185988092,0.020000000000000007,0.2589310799931435,1.9999999999999998,one_minus_s_power,396,True,368.0,368.0,256,1000000
10000,2.0,0.5,0.09210340371976188,4.605170185988092,0.020000000000000007,0.2589310799931435,1.9999999999999998,one_minus_s_power,397,True,476.0,476.0,256,1000000
10000,2.0,0.5,0.09210340371976188,4.605170185988092,0.020000000000000007,0.2589310799931435,1.9999999999999998,one_minus_s_power,398,True,366.0,366.0,256,1000000
10000,2.0,0.5,0.09210340371976188,4.605170185988092,0.020000000000000007,0.2589310799931435,1.9999999999999998,one_minus_s_power,399,True,770.0,770.0,256,1000000
10000,2.0,0.5,0.09210340371976188,4.605170185988092,0.020000000000000007,0.2589310799931435,1.9999999999999998,one_minus_s_power,400,True,732.0,732.0,256,1000000
10000,2.0,0.5,0.09210340371976188,4.605170185988092,0.020000000000000007,0.2589310799931435,1.9999999999999998,one_minus_s_power,401,True,1537.0,1537.0,256,1000000
10000,2.0,0.5,0.09210340371976188,4.605170185988092,0.020000000000000007,0.2589310799931435,1.9999999999999998,one_minus_s_power,402,True,177.0,177.0,256,1000000
10000,2.0,0.5,0.09210340371976188,4.605170185988092,0.020000000000000007,0.2589310799931435,1.9999999999999998,one_minus_s_power,403,True,281.0,281.0,256,1000000
10000,2.0,0.5,0.09210340371976188,4.605170185988092,0.020000000000000007,0.2589310799931435,1.9999999999999998,one_minus_s_power,404,True,437.0,437.0,256,1000000
10000,2.0,0.5,0.09210340371976188,4.605170185988092,0.020000000000000007,0.2589310799931435,1.9999999999999998,one_minus_s_power,405,True,255.0,255.0,256,1000000
10000,2.0,0.5,0.09210340371976188,4.605170185988092,0.020000000000000007,0.2589310799931435,1.9999999999999998,one_minus_s_power,406,True,2555.0,2555.0,256,1000000
10000,2.0,0.5,0.09210340371976188,4.605170185988092,0.020000000000000007,0.2589310799931435,1.9999999999999998,one_minus_s_power,407,True,719.0,719.0,256,1000000
10000,2.0,0.5,0.09210340371976188,4.605170185988092,0.020000000000000007,0.2589310799931435,1.9999999999999998,one_minus_s_power,408,True,448.0,448.0,256,1000000
10000,2.0,0.5,0.09210340371976188,4.605170185988092,0.020000000000000007,0.2589310799931435,1.9999999999999998,one_minus_s_power,409,True,386.0,386.0,256,1000000
10000,2.0,0.5,0.09210340371976188,4.605170185988092,0.020000000000000007,0.2589310799931435,1.9999999999999998,one_minus_s_power,410,True,268.0,268.0,256,1000000
10000,2.0,0.5,0.09210340371976188,4.605170185988092,0.020000000000000007,0.2589310799931435,1.9999999999999998,one_minus_s_power,411,True,134.0,134.0,256,1000000
10000,2.0,0.5,0.09210340371976188,4.605170185988092,0.020000000000000007,0.2589310799931435,1.9999999999999998,one_minus_s_power,412,True,846.0,846.0,256,1000000
10000,2.0,0.5,0.09210340371976188,4.605170185988092,0.020000000000000007,0.2589310799931435,1.9999999999999998,one_minus_s_power,413,True,112.0,112.0,256,1000000
10000,2.0,0.5,0.09210340371976188,4.605170185988092,0.020000000000000007,0.2589310799931435,1.9999999999999998,one_minus_s_power,414,True,1752.0,1752.0,256,1000000
10000,2.0,0.5,0.09210340371976188,4.605170185988092,0.020000000000000007,0.2589310799931435,1.9999999999999998,one_minus_s_power,415,True,1106.0,1106.0,256,1000000
10000,2.0,0.5,0.09210340371976188,4.605170185988092,0.020000000000000007,0.2589310799931435,1.9999999999999998,one_minus_s_power,416,True,43.0,43.0,256,1000000
10000,2.0,0.5,0.09210340371976188,4.605170185988092,0.020000000000000007,0.2589310799931435,1.9999999999999998,one_minus_s_power,417,True,139.0,139.0,256,1000000
10000,2.0,0.5,0.09210340371976188,4.605170185988092,0.020000000000000007,0.2589310799931435,1.9999999999999998,one_minus_s_power,418,True,643.0,643.0,256,1000000
10000,2.0,0.5,0.09210340371976188,4.605170185988092,0.020000000000000007,0.2589310799931435,1.9999999999999998,one_minus_s_power,419,True,161.0,161.0,256,1000000
10000,2.0,0.5,0.09210340371976188,4.605170185988092,0.020000000000000007,0.2589310799931435,1.9999999999999998,one_minus_s_power,420,True,161.0,161.0,256,1000000
10000,2.0,0.5,0.09210340371976188,4.605170185988092,0.020000000000000007,0.2589310799931435,1.9999999999999998,one_minus_s_power,421,True,591.0,591.0,256,1000000
10000,2.0,0.5,0.09210340371976188,4.605170185988092,0.020000000000000007,0.2589310799931435,1.9999999999999998,one_minus_s_power,422,True,39.0,39.0,256,1000000
10000,2.0,0.5,0.09210340371976188,4.605170185988092,0.020000000000000007,0.2589310799931435,1.9999999999999998,one_minus_s_power,423,True,595.0,595.0,256,1000000
10000,2.0,0.5,0.09210340371976188,4.605170185988092,0.020000000000000007,0.2589310799931435,1.9999999999999998,one_minus_s_power,424,True,685.0,685.0,256,1000000
10000,2.0,0.5,0.09210340371976188,4.605170185988092,0.020000000000000007,0.2589310799931435,1.9999999999999998,one_minus_s_power,425,True,1267.0,1267.0,256,1000000
10000,2.0,0.5,0.09210340371976188,4.605170185988092,0.020000000000000007,0.2589310799931435,1.9999999999999998,one_minus_s_power,426,True,397.0,397.0,256,1000000
10000,2.0,0.5,0.09210340371976188,4.605170185988092,0.020000000000000007,0.2589310799931435,1.9999999999999998,one_minus_s_power,427,True,150.0,150.0,256,1000000
10000,2.0,0.5,0.09210340371976188,4.605170185988092,0.020000000000000007,0.2589310799931435,1.9999999999999998,one_minus_s_power,428,True,262.0,262.0,256,1000000
10000,2.0,0.5,0.09210340371976188,4.605170185988092,0.020000000000000007,0.2589310799931435,1.9999999999999998,one_minus_s_power,429,True,568.0,568.0,256,1000000
10000,2.0,0.5,0.09210340371976188,4.605170185988092,0.020000000000000007,0.2589310799931435,1.9999999999999998,one_minus_s_power,430,True,680.0,680.0,256,1000000
10000,2.0,0.5,0.09210340371976188,4.605170185988092,0.020000000000000007,0.2589310799931435,1.9999999999999998,one_minus_s_power,431,True,119.0,119.0,256,1000000
10000,2.0,0.5,0.09210340371976188,4.605170185988092,0.020000000000000007,0.2589310799931435,1.9999999999999998,one_minus_s_power,432,True,701.0,701.0,256,1000000
10000,2.0,0.5,0.09210340371976188,4.605170185988092,0.020000000000000007,0.2589310799931435,1.9999999999999998,one_minus_s_power,433,True,60.0,60.0,256,1000000
10000,2.0,0.5,0.09210340371976188,4.605170185988092,0.020000000000000007,0.2589310799931435,1.9999999999999998,one_minus_s_power,434,True,1504.0,1504.0,256,1000000
10000,2.0,0.5,0.09210340371976188,4.605170185988092,0.020000000000000007,0.2589310799931435,1.9999999999999998,one_minus_s_power,435,True,112.0,112.0,256,1000000
10000,2.0,0.5,0.09210340371976188,4.605170185988092,0.020000000000000007,0.2589310799931435,1.9999999999999998,one_minus_s_power,436,True,80.0,80.0,256,1000000
10000,2.0,0.5,0.09210340371976188,4.605170185988092,0.020000000000000007,0.2589310799931435,1.9999999999999998,one_minus_s_power,437,True,148.0,148.0,256,1000000
10000,2.0,0.5,0.09210340371976188,4.605170185988092,0.020000000000000007,0.2589310799931435,1.9999999999999998,one_minus_s_power,438,True,337.0,337.0,256,1000000
10000,2.0,0.5,0.09210340371976188,4.605170185988092,0.020000000000000007,0.2589310799931435,1.9999999999999998,one_minus_s_power,439,True,106.0,106.0,256,1000000
10000,2.0,0.5,0.09210340371976188,4.605170185988092,0.020000000000000007,0.2589310799931435,1.9999999999999998,one_minus_s_power,440,True,194.0,194.0,256,1000000
10000,2.0,0.5,0.09210340371976188,4.605170185988092,0.020000000000000007,0.2589310799931435,1.9999999999999998,one_minus_s_power,441,True,289.0,289.0,256,1000000
10000,2.0,0.5,0.09210340371976188,4.605170185988092,0.020000000000000007,0.2589310799931435,1.9999999999999998,one_minus_s_power,442,True,529.0,529.0,256,1000000
10000,2.0,0.5,0.09210340371976188,4.605170185988092,0.020000000000000007,0.2589310799931435,1.9999999999999998,one_minus_s_power,443,True,946.0,946.0,256,1000000
10000,2.0,0.5,0.09210340371976188,4.605170185988092,0.020000000000000007,0.2589310799931435,1.9999999999999998,one_minus_s_power,444,True,146.0,146.0,256,1000000
10000,2.0,0.5,0.09210340371976188,4.605170185988092,0.020000000000000007,0.2589310799931435,1.9999999999999998,one_minus_s_power,445,True,400.0,400.0,256,1000000
10000,2.0,0.5,0.09210340371976188,4.605170185988092,0.020000000000000007,0.2589310799931435,1.9999999999999998,one_minus_s_power,446,True,467.0,467.0,256,1000000
10000,2.0,0.5,0.09210340371976188,4.605170185988092,0.020000000000000007,0.2589310799931435,1.9999999999999998,one_minus_s_power,447,True,254.0,254.0,256,1000000
10000,2.0,0.5,0.09210340371976188,4.605170185988092,0.020000000000000007,0.2589310799931435,1.9999999999999998,one_minus_s_power,448,True,83.0,83.0,256,1000000
10000,2.0,0.5,0.09210340371976188,4.605170185988092,0.020000000000000007,0.2589310799931435,1.9999999999999998,one_minus_s_power,449,True,450.0,450.0,256,1000000
10000,2.0,0.5,0.09210340371976188,4.605170185988092,0.020000000000000007,0.2589310799931435,1.9999999999999998,one_minus_s_power,450,True,625.0,625.0,256,1000000
10000,2.0,0.5,0.09210340371976188,4.605170185988092,0.020000000000000007,0.2589310799931435,1.9999999999999998,one_minus_s_power,451,True,446.0,446.0,256,1000000
10000,2.0,0.5,0.09210340371976188,4.605170185988092,0.020000000000000007,0.2589310799931435,1.9999999999999998,one_minus_s_power,452,True,1413.0,1413.0,256,1000000
10000,2.0,0.5,0.09210340371976188,4.605170185988092,0.020000000000000007,0.2589310799931435,1.9999999999999998,one_minus_s_power,453,True,68.0,68.0,256,1000000
10000,2.0,0.5,0.09210340371976188,4.605170185988092,0.020000000000000007,0.2589310799931435,1.9999999999999998,one_minus_s_power,454,True,699.0,699.0,256,1000000
10000,2.0,0.5,0.09210340371976188,4.605170185988092,0.020000000000000007,0.2589310799931435,1.9999999999999998,one_minus_s_power,455,True,410.0,410.0,256,1000000
10000,2.0,0.5,0.09210340371976188,4.605170185988092,0.020000000000000007,0.2589310799931435,1.9999999999999998,one_minus_s_power,456,True,559.0,559.0,256,1000000
10000,2.0,0.5,0.09210340371976188,4.605170185988092,0.020000000000000007,0.2589310799931435,1.9999999999999998,one_minus_s_power,457,True,245.0,245.0,256,1000000
10000,2.0,0.5,0.09210340371976188,4.605170185988092,0.020000000000000007,0.2589310799931435,1.9999999999999998,one_minus_s_power,458,True,315.0,315.0,256,1000000
10000,2.0,0.5,0.09210340371976188,4.605170185988092,0.020000000000000007,0.2589310799931435,1.9999999999999998,one_minus_s_power,459,True,476.0,476.0,256,1000000
10000,2.0,0.5,0.09210340371976188,4.605170185988092,0.020000000000000007,0.2589310799931435,1.9999999999999998,one_minus_s_power,460,True,255.0,255.0,256,1000000
10000,2.0,0.5,0.09210340371976188,4.605170185988092,0.020000000000000007,0.2589310799931435,1.9999999999999998,one_minus_s_power,461,True,308.0,308.0,256,1000000
10000,2.0,0.5,0.09210340371976188,4.605170185988092,0.020000000000000007,0.2589310799931435,1.9999999999999998,one_minus_s_power,462,True,116.0,116.0,256,1000000
10000,2.0,0.5,0.09210340371976188,4.605170185988092,0.020000000000000007,0.2589310799931435,1.9999999999999998,one_minus_s_power,463,True,261.0,261.0,256,1000000
10000,2.0,0.5,0.09210340371976188,4.605170185988092,0.020000000000000007,0.2589310799931435,1.9999999999999998,one_minus_s_power,464,True,41.0,41.0,256,1000000
10000,2.0,0.5,0.09210340371976188,4.605170185988092,0.020000000000000007,0.2589310799931435,1.9999999999999998,one_minus_s_power,465,True,115.0,115.0,256,1000000
10000,2.0,0.5,0.09210340371976188,4.605170185988092,0.020000000000000007,0.2589310799931435,1.9999999999999998,one_minus_s_power,466,True,564.0,564.0,256,1000000
10000,2.0,0.5,0.09210340371976188,4.605170185988092,0.020000000000000007,0.2589310799931435,1.9999999999999998,one_minus_s_power,467,True,99.0,99.0,256,1000000
10000,2.0,0.5,0.09210340371976188,4.605170185988092,0.020000000000000007,0.2589310799931435,1.9999999999999998,one_minus_s_power,468,True,545.0,545.0,256,1000000
10000,2.0,0.5,0.09210340371976188,4.605170185988092,0.020000000000000007,0.2589310799931435,1.9999999999999998,one_minus_s_power,469,True,1006.0,1006.0,256,1000000
10000,2.0,0.5,0.09210340371976188,4.605170185988092,0.020000000000000007,0.2589310799931435,1.9999999999999998,one_minus_s_power,470,True,469.0,469.0,256,1000000
10000,2.0,0.5,0.09210340371976188,4.605170185988092,0.020000000000000007,0.2589310799931435,1.9999999999999998,one_minus_s_power,471,True,788.0,788.0,256,1000000
10000,2.0,0.5,0.09210340371976188,4.605170185988092,0.020000000000000007,0.2589310799931435,1.9999999999999998,one_minus_s_power,472,True,768.0,768.0,256,1000000
10000,2.0,0.5,0.09210340371976188,4.605170185988092,0.020000000000000007,0.2589310799931435,1.9999999999999998,one_minus_s_power,473,True,2073.0,2073.0,256,1000000
10000,2.0,0.5,0.09210340371976188,4.605170185988092,0.020000000000000007,0.2589310799931435,1.9999999999999998,one_minus_s_power,474,True,726.0,726.0,256,1000000
10000,2.0,0.5,0.09210340371976188,4.605170185988092,0.020000000000000007,0.2589310799931435,1.9999999999999998,one_minus_s_power,475,True,490.0,490.0,256,1000000
10000,2.0,0.5,0.09210340371976188,4.605170185988092,0.020000000000000007,0.2589310799931435,1.9999999999999998,one_minus_s_power,476,True,432.0,432.0,256,1000000
10000,2.0,0.5,0.09210340371976188,4.605170185988092,0.020000000000000007,0.2589310799931435,1.9999999999999998,one_minus_s_power,477,True,364.0,364.0,256,1000000
10000,2.0,0.5,0.09210340371976188,4.605170185988092,0.020000000000000007,0.2589310799931435,1.9999999999999998,one_minus_s_power,478,True,1019.0,1019.0,256,1000000
10000,2.0,0.5,0.09210340371976188,4.605170185988092,0.020000000000000007,0.2589310799931435,1.9999999999999998,one_minus_s_power,479,True,496.0,496.0,256,1000000
10000,2.0,0.5,0.09210340371976188,4.605170185988092,0.020000000000000007,0.2589310799931435,1.9999999999999998,one_minus_s_power,480,True,1790.0,1790.0,256,1000000
10000,2.0,0.5,0.09210340371976188,4.605170185988092,0.020000000000000007,0.2589310799931435,1.9999999999999998,one_minus_s_power,481,True,80.0,80.0,256,1000000
10000,2.0,0.5,0.09210340371976188,4.605170185988092,0.020000000000000007,0.2589310799931435,1.9999999999999998,one_minus_s_power,482,True,324.0,324.0,256,1000000
10000,2.0,0.5,0.09210340371976188,4.605170185988092,0.020000000000000007,0.2589310799931435,1.9999999999999998,one_minus_s_power,483,True,219.0,219.0,256,1000000
10000,2.0,0.5,0.09210340371976188,4.605170185988092,0.020000000000000007,0.2589310799931435,1.9999999999999998,one_minus_s_power,484,True,47.0,47.0,256,1000000
10000,2.0,0.5,0.09210340371976188,4.605170185988092,0.020000000000000007,0.2589310799931435,1.9999999999999998,one_minus_s_power,485,True,183.0,183.0,256,1000000
10000,2.0,0.5,0.09210340371976188,4.605170185988092,0.020000000000000007,0.2589310799931435,1.9999999999999998,one_minus_s_power,486,True,114.0,114.0,256,1000000
10000,2.0,0.5,0.09210340371976188,4.605170185988092,0.020000000000000007,0.2589310799931435,1.9999999999999998,one_minus_s_power,487,True,584.0,584.0,256,1000000
10000,2.0,0.5,0.09210340371976188,4.605170185988092,0.020000000000000007,0.2589310799931435,1.9999999999999998,one_minus_s_power,488,True,652.0,652.0,256,1000000
10000,2.0,0.5,0.09210340371976188,4.605170185988092,0.020000000000000007,0.2589310799931435,1.9999999999999998,one_minus_s_power,489,True,133.0,133.0,256,1000000
10000,2.0,0.5,0.09210340371976188,4.605170185988092,0.020000000000000007,0.2589310799931435,1.9999999999999998,one_minus_s_power,490,True,932.0,932.0,256,1000000
10000,2.0,0.5,0.09210340371976188,4.605170185988092,0.020000000000000007,0.2589310799931435,1.9999999999999998,one_minus_s_power,491,True,112.0,112.0,256,1000000
10000,2.0,0.5,0.09210340371976188,4.605170185988092,0.020000000000000007,0.2589310799931435,1.9999999999999998,one_minus_s_power,492,True,94.0,94.0,256,1000000
10000,2.0,0.5,0.09210340371976188,4.605170185988092,0.020000000000000007,0.2589310799931435,1.9999999999999998,one_minus_s_power,493,True,355.0,355.0,256,1000000
10000,2.0,0.5,0.09210340371976188,4.605170185988092,0.020000000000000007,0.2589310799931435,1.9999999999999998,one_minus_s_power,494,True,582.0,582.0,256,1000000
10000,2.0,0.5,0.09210340371976188,4.605170185988092,0.020000000000000007,0.2589310799931435,1.9999999999999998,one_minus_s_power,495,True,55.0,55.0,256,1000000
10000,2.0,0.5,0.09210340371976188,4.605170185988092,0.020000000000000007,0.2589310799931435,1.9999999999999998,one_minus_s_power,496,True,519.0,519.0,256,1000000
10000,2.0,0.5,0.09210340371976188,4.605170185988092,0.020000000000000007,0.2589310799931435,1.9999999999999998,one_minus_s_power,497,True,235.0,235.0,256,1000000
10000,2.0,0.5,0.09210340371976188,4.605170185988092,0.020000000000000007,0.2589310799931435,1.9999999999999998,one_minus_s_power,498,True,296.0,296.0,256,1000000
10000,2.0,0.5,0.09210340371976188,4.605170185988092,0.020000000000000007,0.2589310799931435,1.9999999999999998,one_minus_s_power,499,True,71.0,71.0,256,1000000
10000,2.0,0.5,0.09210340371976188,4.605170185988092,0.020000000000000007,0.2589310799931435,1.9999999999999998,one_minus_s_power,500,True,438.0,438.0,256,1000000
10000,2.0,0.5,0.09210340371976188,4.605170185988092,0.020000000000000007,0.2589310799931435,1.9999999999999998,one_minus_s_power,501,True,1098.0,1098.0,256,1000000
10000,2.0,0.5,0.09210340371976188,4.605170185988092,0.020000000000000007,0.2589310799931435,1.9999999999999998,one_minus_s_power,502,True,762.0,762.0,256,1000000
10000,2.0,0.5,0.09210340371976188,4.605170185988092,0.020000000000000007,0.2589310799931435,1.9999999999999998,one_minus_s_power,503,True,359.0,359.0,256,1000000
10000,2.0,0.5,0.09210340371976188,4.605170185988092,0.020000000000000007,0.2589310799931435,1.9999999999999998,one_minus_s_power,504,True,1020.0,1020.0,256,1000000
10000,2.0,0.5,0.09210340371976188,4.605170185988092,0.020000000000000007,0.2589310799931435,1.9999999999999998,one_minus_s_power,505,True,898.0,898.0,256,1000000
10000,2.0,0.5,0.09210340371976188,4.605170185988092,0.020000000000000007,0.2589310799931435,1.9999999999999998,one_minus_s_power,506,True,78.0,78.0,256,1000000
10000,2.0,0.5,0.09210340371976188,4.605170185988092,0.020000000000000007,0.2589310799931435,1.9999999999999998,one_minus_s_power,507,True,1677.0,1677.0,256,1000000
10000,2.0,0.5,0.09210340371976188,4.605170185988092,0.020000000000000007,0.2589310799931435,1.9999999999999998,one_minus_s_power,508,True,599.0,599.0,256,1000000
10000,2.0,0.5,0.09210340371976188,4.605170185988092,0.020000000000000007,0.2589310799931435,1.9999999999999998,one_minus_s_power,509,True,262.0,262.0,256,1000000
10000,2.0,0.5,0.09210340371976188,4.605170185988092,0.020000000000000007,0.2589310799931435,1.9999999999999998,one_minus_s_power,510,True,174.0,174.0,256,1000000
10000,2.0,0.5,0.09210340371976188,4.605170185988092,0.020000000000000007,0.2589310799931435,1.9999999999999998,one_minus_s_power,511,True,1336.0,1336.0,256,1000000
10000,2.0,0.5,0.09210340371976188,4.605170185988092,0.020000000000000007,0.2589310799931435,1.9999999999999998,one_minus_s_power,512,True,411.0,411.0,256,1000000
10000,2.0,0.5,0.09210340371976188,4.605170185988092,0.020000000000000007,0.2589310799931435,1.9999999999999998,one_minus_s_power,513,True,111.0,111.0,256,1000000
10000,2.0,0.5,0.09210340371976188,4.605170185988092,0.020000000000000007,0.2589310799931435,1.9999999999999998,one_minus_s_power,514,True,1434.0,1434.0,256,1000000
10000,2.0,0.5,0.09210340371976188,4.605170185988092,0.020000000000000007,0.2589310799931435,1.9999999999999998,one_minus_s_power,515,True,66.0,66.0,256,1000000
10000,2.0,0.5,0.09210340371976188,4.605170185988092,0.020000000000000007,0.2589310799931435,1.9999999999999998,one_minus_s_power,516,True,586.0,586.0,256,1000000
10000,2.0,0.5,0.09210340371976188,4.605170185988092,0.020000000000000007,0.2589310799931435,1.9999999999999998,one_minus_s_power,517,True,1115.0,1115.0,256,1000000
10000,2.0,0.5,0.09210340371976188,4.605170185988092,0.020000000000000007,0.2589310799931435,1.9999999999999998,one_minus_s_power,518,True,410.0,410.0,256,1000000
10000,2.0,0.5,0.09210340371976188,4.605170185988092,0.020000000000000007,0.2589310799931435,1.9999999999999998,one_minus_s_power,519,True,197.0,197.0,256,1000000
10000,2.0,0.5,0.09210340371976188,4.605170185988092,0.020000000000000007,0.2589310799931435,1.9999999999999998,one_minus_s_power,520,True,89.0,89.0,256,1000000
10000,2.0,0.5,0.09210340371976188,4.605170185988092,0.020000000000000007,0.2589310799931435,1.9999999999999998,one_minus_s_power,521,True,243.0,243.0,256,1000000
10000,2.0,0.5,0.09210340371976188,4.605170185988092,0.020000000000000007,0.2589310799931435,1.9999999999999998,one_minus_s_power,522,True,499.0,499.0,256,1000000
10000,2.0,0.5,0.09210340371976188,4.605170185988092,0.020000000000000007,0.2589310799931435,1.9999999999999998,one_minus_s_power,523,True,943.0,943.0,256,1000000
10000,2.0,0.5,0.09210340371976188,4.605170185988092,0.020000000000000007,0.2589310799931435,1.9999999999999998,one_minus_s_power,524,True,630.0,630.0,256,1000000
10000,2.0,0.5,0.09210340371976188,4.605170185988092,0.020000000000000007,0.2589310799931435,1.9999999999999998,one_minus_s_power,525,True,475.0,475.0,256,1000000
10000,2.0,0.5,0.09210340371976188,4.605170185988092,0.020000000000000007,0.2589310799931435,1.9999999999999998,one_minus_s_power,526,True,149.0,149.0,256,1000000
10000,2.0,0.5,0.09210340371976188,4.605170185988092,0.020000000000000007,0.2589310799931435,1.9999999999999998,one_minus_s_power,527,True,425.0,425.0,256,1000000
10000,2.0,0.5,0.09210340371976188,4.605170185988092,0.020000000000000007,0.2589310799931435,1.9999999999999998,one_minus_s_power,528,True,453.0,453.0,256,1000000
10000,2.0,0.5,0.09210340371976188,4.605170185988092,0.020000000000000007,0.2589310799931435,1.9999999999999998,one_minus_s_power,529,True,195.0,195.0,256,1000000
10000,2.0,0.5,0.09210340371976188,4.605170185988092,0.020000000000000007,0.2589310799931435,1.9999999999999998,one_minus_s_power,530,True,305.0,305.0,256,1000000
10000,2.0,0.5,0.09210340371976188,4.605170185988092,0.020000000000000007,0.2589310799931435,1.9999999999999998,one_minus_s_power,531,True,434.0,434.0,256,1000000
10000,2.0,0.5,0.09210340371976188,4.605170185988092,0.020000000000000007,0.2589310799931435,1.9999999999999998,one_minus_s_power,532,True,578.0,578.0,256,1000000
10000,2.0,0.5,0.09210340371976188,4.605170185988092,0.020000000000000007,0.2589310799931435,1.9999999999999998,one_minus_s_power,533,True,849.0,849.0,256,1000000
10000,2.0,0.5,0.09210340371976188,4.605170185988092,0.020000000000000007,0.2589310799931435,1.9999999999999998,one_minus_s_power,534,True,596.0,596.0,256,1000000
10000,2.0,0.5,0.09210340371976188,4.605170185988092,0.020000000000000007,0.2589310799931435,1.9999999999999998,one_minus_s_power,535,True,401.0,401.0,256,1000000
10000,2.0,0.5,0.09210340371976188,4.605170185988092,0.020000000000000007,0.2589310799931435,1.9999999999999998,one_minus_s_power,536,True,594.0,594.0,256,1000000
10000,2.0,0.5,0.09210340371976188,4.605170185988092,0.020000000000000007,0.2589310799931435,1.9999999999999998,one_minus_s_power,537,True,118.0,118.0,256,1000000
10000,2.0,0.5,0.09210340371976188,4.605170185988092,0.020000000000000007,0.2589310799931435,1.9999999999999998,one_minus_s_power,538,True,1176.0,1176.0,256,1000000
10000,2.0,0.5,0.09210340371976188,4.605170185988092,0.020000000000000007,0.2589310799931435,1.9999999999999998,one_minus_s_power,539,True,149.0,149.0,256,1000000
10000,2.0,0.5,0.09210340371976188,4.605170185988092,0.020000000000000007,0.2589310799931435,1.9999999999999998,one_minus_s_power,540,True,403.0,403.0,256,1000000
10000,2.0,0.5,0.09210340371976188,4.605170185988092,0.020000000000000007,0.2589310799931435,1.9999999999999998,one_minus_s_power,541,True,94.0,94.0,256,1000000
10000,2.0,0.5,0.09210340371976188,4.605170185988092,0.020000000000000007,0.2589310799931435,1.9999999999999998,one_minus_s_power,542,True,83.0,83.0,256,1000000
10000,2.0,0.5,0.09210340371976188,4.605170185988092,0.020000000000000007,0.2589310799931435,1.9999999999999998,one_minus_s_power,543,True,403.0,403.0,256,1000000
10000,2.0,0.5,0.09210340371976188,4.605170185988092,0.020000000000000007,0.2589310799931435,1.9999999999999998,one_minus_s_power,544,True,1061.0,1061.0,256,1000000
10000,2.0,0.5,0.09210340371976188,4.605170185988092,0.020000000000000007,0.2589310799931435,1.9999999999999998,one_minus_s_power,545,True,296.0,296.0,256,1000000
10000,2.0,0.5,0.09210340371976188,4.605170185988092,0.020000000000000007,0.2589310799931435,1.9999999999999998,one_minus_s_power,546,True,66.0,66.0,256,1000000
10000,2.0,0.5,0.09210340371976188,4.605170185988092,0.020000000000000007,0.2589310799931435,1.9999999999999998,one_minus_s_power,547,True,71.0,71.0,256,1000000
10000,2.0,0.5,0.09210340371976188,4.605170185988092,0.020000000000000007,0.2589310799931435,1.9999999999999998,one_minus_s_power,548,True,158.0,158.0,256,1000000
10000,2.0,0.5,0.09210340371976188,4.605170185988092,0.020000000000000007,0.2589310799931435,1.9999999999999998,one_minus_s_power,549,True,271.0,271.0,256,1000000
10000,2.0,0.5,0.09210340371976188,4.605170185988092,0.020000000000000007,0.2589310799931435,1.9999999999999998,one_minus_s_power,550,True,488.0,488.0,256,1000000
10000,2.0,0.5,0.09210340371976188,4.605170185988092,0.020000000000000007,0.2589310799931435,1.9999999999999998,one_minus_s_power,551,True,955.0,955.0,256,1000000
10000,2.0,0.5,0.09210340371976188,4.605170185988092,0.020000000000000007,0.2589310799931435,1.9999999999999998,one_minus_s_power,552,True,750.0,750.0,256,1000000
10000,2.0,0.5,0.09210340371976188,4.605170185988092,0.020000000000000007,0.2589310799931435,1.9999999999999998,one_minus_s_power,553,True,85.0,85.0,256,1000000
10000,2.0,0.5,0.09210340371976188,4.605170185988092,0.020000000000000007,0.2589310799931435,1.9999999999999998,one_minus_s_power,554,True,367.0,367.0,256,1000000
10000,2.0,0.5,0.09210340371976188,4.605170185988092,0.020000000000000007,0.2589310799931435,1.9999999999999998,one_minus_s_power,555,True,728.0,728.0,256,1000000
10000,2.0,0.5,0.09210340371976188,4.605170185988092,0.020000000000000007,0.2589310799931435,1.9999999999999998,one_minus_s_power,556,True,67.0,67.0,256,1000000
10000,2.0,0.5,0.09210340371976188,4.605170185988092,0.020000000000000007,0.2589310799931435,1.9999999999999998,one_minus_s_power,557,True,311.0,311.0,256,1000000
10000,2.0,0.5,0.09210340371976188,4.605170185988092,0.020000000000000007,0.2589310799931435,1.9999999999999998,one_minus_s_power,558,True,1136.0,1136.0,256,1000000
10000,2.0,0.5,0.09210340371976188,4.605170185988092,0.020000000000000007,0.2589310799931435,1.9999999999999998,one_minus_s_power,559,True,78.0,78.0,256,1000000
10000,2.0,0.5,0.09210340371976188,4.605170185988092,0.020000000000000007,0.2589310799931435,1.9999999999999998,one_minus_s_power,560,True,359.0,359.0,256,1000000
10000,2.0,0.5,0.09210340371976188,4.605170185988092,0.020000000000000007,0.2589310799931435,1.9999999999999998,one_minus_s_power,561,True,160.0,160.0,256,1000000
10000,2.0,0.5,0.09210340371976188,4.605170185988092,0.020000000000000007,0.2589310799931435,1.9999999999999998,one_minus_s_power,562,True,882.0,882.0,256,1000000
10000,2.0,0.5,0.09210340371976188,4.605170185988092,0.020000000000000007,0.2589310799931435,1.9999999999999998,one_minus_s_power,563,True,492.0,492.0,256,1000000
10000,2.0,0.5,0.09210340371976188,4.605170185988092,0.020000000000000007,0.2589310799931435,1.9999999999999998,one_minus_s_power,564,True,247.0,247.0,256,1000000
10000,2.0,0.5,0.09210340371976188,4.605170185988092,0.020000000000000007,0.2589310799931435,1.9999999999999998,one_minus_s_power,565,True,764.0,764.0,256,1000000
10000,2.0,0.5,0.09210340371976188,4.605170185988092,0.020000000000000007,0.2589310799931435,1.9999999999999998,one_minus_s_power,566,True,385.0,385.0,256,1000000
10000,2.0,0.5,0.09210340371976188,4.605170185988092,0.020000000000000007,0.2589310799931435,1.9999999999999998,one_minus_s_power,567,True,306.0,306.0,256,1000000
10000,2.0,0.5,0.09210340371976188,4.605170185988092,0.020000000000000007,0.2589310799931435,1.9999999999999998,one_minus_s_power,568,True,143.0,143.0,256,1000000
10000,2.0,0.5,0.09210340371976188,4.605170185988092,0.020000000000000007,0.2589310799931435,1.9999999999999998,one_minus_s_power,569,True,1111.0,1111.0,256,1000000
10000,2.0,0.5,0.09210340371976188,4.605170185988092,0.020000000000000007,0.2589310799931435,1.9999999999999998,one_minus_s_power,570,True,632.0,632.0,256,1000000
10000,2.0,0.5,0.09210340371976188,4.605170185988092,0.020000000000000007,0.2589310799931435,1.9999999999999998,one_minus_s_power,571,True,452.0,452.0,256,1000000
10000,2.0,0.5,0.09210340371976188,4.605170185988092,0.020000000000000007,0.2589310799931435,1.9999999999999998,one_minus_s_power,572,True,811.0,811.0,256,1000000
10000,2.0,0.5,0.09210340371976188,4.605170185988092,0.020000000000000007,0.2589310799931435,1.9999999999999998,one_minus_s_power,573,True,883.0,883.0,256,1000000
10000,2.0,0.5,0.09210340371976188,4.605170185988092,0.020000000000000007,0.2589310799931435,1.9999999999999998,one_minus_s_power,574,True,101.0,101.0,256,1000000
10000,2.0,0.5,0.09210340371976188,4.605170185988092,0.020000000000000007,0.2589310799931435,1.9999999999999998,one_minus_s_power,575,True,572.0,572.0,256,1000000
10000,2.0,0.5,0.09210340371976188,4.605170185988092,0.020000000000000007,0.2589310799931435,1.9999999999999998,one_minus_s_power,576,True,514.0,514.0,256,1000000
10000,2.0,0.5,0.09210340371976188,4.605170185988092,0.020000000000000007,0.2589310799931435,1.9999999999999998,one_minus_s_power,577,True,521.0,521.0,256,1000000
10000,2.0,0.5,0.09210340371976188,4.605170185988092,0.020000000000000007,0.2589310799931435,1.9999999999999998,one_minus_s_power,578,True,250.0,250.0,256,1000000
10000,2.0,0.5,0.09210340371976188,4.605170185988092,0.020000000000000007,0.2589310799931435,1.9999999999999998,one_minus_s_power,579,True,254.0,254.0,256,1000000
10000,2.0,0.5,0.09210340371976188,4.605170185988092,0.020000000000000007,0.2589310799931435,1.9999999999999998,one_minus_s_power,580,True,417.0,417.0,256,1000000
10000,2.0,0.5,0.09210340371976188,4.605170185988092,0.020000000000000007,0.2589310799931435,1.9999999999999998,one_minus_s_power,581,True,1481.0,1481.0,256,1000000
10000,2.0,0.5,0.09210340371976188,4.605170185988092,0.020000000000000007,0.2589310799931435,1.9999999999999998,one_minus_s_power,582,True,625.0,625.0,256,1000000
10000,2.0,0.5,0.09210340371976188,4.605170185988092,0.020000000000000007,0.2589310799931435,1.9999999999999998,one_minus_s_power,583,True,297.0,297.0,256,1000000
10000,2.0,0.5,0.09210340371976188,4.605170185988092,0.020000000000000007,0.2589310799931435,1.9999999999999998,one_minus_s_power,584,True,1144.0,1144.0,256,1000000
10000,2.0,0.5,0.09210340371976188,4.605170185988092,0.020000000000000007,0.2589310799931435,1.9999999999999998,one_minus_s_power,585,True,102.0,102.0,256,1000000
10000,2.0,0.5,0.09210340371976188,4.605170185988092,0.020000000000000007,0.2589310799931435,1.9999999999999998,one_minus_s_power,586,True,94.0,94.0,256,1000000
10000,2.0,0.5,0.09210340371976188,4.605170185988092,0.020000000000000007,0.2589310799931435,1.9999999999999998,one_minus_s_power,587,True,186.0,186.0,256,1000000
10000,2.0,0.5,0.09210340371976188,4.605170185988092,0.020000000000000007,0.2589310799931435,1.9999999999999998,one_minus_s_power,588,True,433.0,433.0,256,1000000
10000,2.0,0.5,0.09210340371976188,4.605170185988092,0.020000000000000007,0.2589310799931435,1.9999999999999998,one_minus_s_power,589,True,1049.0,1049.0,256,1000000
10000,2.0,0.5,0.09210340371976188,4.605170185988092,0.020000000000000007,0.2589310799931435,1.9999999999999998,one_minus_s_power,590,True,199.0,199.0,256,1000000
10000,2.0,0.5,0.09210340371976188,4.605170185988092,0.020000000000000007,0.2589310799931435,1.9999999999999998,one_minus_s_power,591,True,189.0,189.0,256,1000000
10000,2.0,0.5,0.09210340371976188,4.605170185988092,0.020000000000000007,0.2589310799931435,1.9999999999999998,one_minus_s_power,592,True,366.0,366.0,256,1000000
10000,2.0,0.5,0.09210340371976188,4.605170185988092,0.020000000000000007,0.2589310799931435,1.9999999999999998,one_minus_s_power,593,True,153.0,153.0,256,1000000
10000,2.0,0.5,0.09210340371976188,4.605170185988092,0.020000000000000007,0.2589310799931435,1.9999999999999998,one_minus_s_power,594,True,329.0,329.0,256,1000000
10000,2.0,0.5,0.09210340371976188,4.605170185988092,0.020000000000000007,0.2589310799931435,1.9999999999999998,one_minus_s_power,595,True,531.0,531.0,256,1000000
10000,2.0,0.5,0.09210340371976188,4.605170185988092,0.020000000000000007,0.2589310799931435,1.9999999999999998,one_minus_s_power,596,True,324.0,324.0,256,1000000
10000,2.0,0.5,0.09210340371976188,4.605170185988092,0.020000000000000007,0.2589310799931435,1.9999999999999998,one_minus_s_power,597,True,389.0,389.0,256,1000000
10000,2.0,0.5,0.09210340371976188,4.605170185988092,0.020000000000000007,0.2589310799931435,1.9999999999999998,one_minus_s_power,598,True,331.0,331.0,256,1000000
10000,2.0,0.5,0.09210340371976188,4.605170185988092,0.020000000000000007,0.2589310799931435,1.9999999999999998,one_minus_s_power,599,True,294.0,294.0,256,1000000
10000,2.0,0.5,0.09210340371976188,4.605170185988092,0.020000000000000007,0.2589310799931435,1.9999999999999998,one_minus_s_power,600,True,678.0,678.0,256,1000000
10000,2.0,0.5,0.09210340371976188,4.605170185988092,0.020000000000000007,0.2589310799931435,1.9999999999999998,one_minus_s_power,601,True,1969.0,1969.0,256,1000000
10000,2.0,0.5,0.09210340371976188,4.605170185988092,0.020000000000000007,0.2589310799931435,1.9999999999999998,one_minus_s_power,602,True,378.0,378.0,256,1000000
10000,2.0,0.5,0.09210340371976188,4.605170185988092,0.020000000000000007,0.2589310799931435,1.9999999999999998,one_minus_s_power,603,True,307.0,307.0,256,1000000
10000,2.0,0.5,0.09210340371976188,4.605170185988092,0.020000000000000007,0.2589310799931435,1.9999999999999998,one_minus_s_power,604,True,1890.0,1890.0,256,1000000
10000,2.0,0.5,0.09210340371976188,4.605170185988092,0.020000000000000007,0.2589310799931435,1.9999999999999998,one_minus_s_power,605,True,213.0,213.0,256,1000000
10000,2.0,0.5,0.09210340371976188,4.605170185988092,0.020000000000000007,0.2589310799931435,1.9999999999999998,one_minus_s_power,606,True,456.0,456.0,256,1000000
10000,2.0,0.5,0.09210340371976188,4.605170185988092,0.020000000000000007,0.2589310799931435,1.9999999999999998,one_minus_s_power,607,True,97.0,97.0,256,1000000
10000,2.0,0.5,0.09210340371976188,4.605170185988092,0.020000000000000007,0.2589310799931435,1.9999999999999998,one_minus_s_power,608,True,135.0,135.0,256,1000000
10000,2.0,0.5,0.09210340371976188,4.605170185988092,0.020000000000000007,0.2589310799931435,1.9999999999999998,one_minus_s_power,609,True,1322.0,1322.0,256,1000000
10000,2.0,0.5,0.09210340371976188,4.605170185988092,0.020000000000000007,0.2589310799931435,1.9999999999999998,one_minus_s_power,610,True,161.0,161.0,256,1000000
10000,2.0,0.5,0.09210340371976188,4.605170185988092,0.020000000000000007,0.2589310799931435,1.9999999999999998,one_minus_s_power,611,True,71.0,71.0,256,1000000
10000,2.0,0.5,0.09210340371976188,4.605170185988092,0.020000000000000007,0.2589310799931435,1.9999999999999998,one_minus_s_power,612,True,305.0,305.0,256,1000000
10000,2.0,0.5,0.09210340371976188,4.605170185988092,0.020000000000000007,0.2589310799931435,1.9999999999999998,one_minus_s_power,613,True,525.0,525.0,256,1000000
10000,2.0,0.5,0.09210340371976188,4.605170185988092,0.020000000000000007,0.2589310799931435,1.9999999999999998,one_minus_s_power,614,True,148.0,148.0,256,1000000
10000,2.0,0.5,0.09210340371976188,4.605170185988092,0.020000000000000007,0.2589310799931435,1.9999999999999998,one_minus_s_power,615,True,122.0,122.0,256,1000000
10000,2.0,0.5,0.09210340371976188,4.605170185988092,0.020000000000000007,0.2589310799931435,1.9999999999999998,one_minus_s_power,616,True,774.0,774.0,256,1000000
10000,2.0,0.5,0.09210340371976188,4.605170185988092,0.020000000000000007,0.2589310799931435,1.9999999999999998,one_minus_s_power,617,True,325.0,325.0,256,1000000
10000,2.0,0.5,0.09210340371976188,4.605170185988092,0.020000000000000007,0.2589310799931435,1.9999999999999998,one_minus_s_power,618,True,539.0,539.0,256,1000000
10000,2.0,0.5,0.09210340371976188,4.605170185988092,0.020000000000000007,0.2589310799931435,1.9999999999999998,one_minus_s_power,619,True,111.0,111.0,256,1000000
10000,2.0,0.5,0.09210340371976188,4.605170185988092,0.020000000000000007,0.2589310799931435,1.9999999999999998,one_minus_s_power,620,True,745.0,745.0,256,1000000
10000,2.0,0.5,0.09210340371976188,4.605170185988092,0.020000000000000007,0.2589310799931435,1.9999999999999998,one_minus_s_power,621,True,210.0,210.0,256,1000000
10000,2.0,0.5,0.09210340371976188,4.605170185988092,0.020000000000000007,0.2589310799931435,1.9999999999999998,one_minus_s_power,622,True,533.0,533.0,256,1000000
10000,2.0,0.5,0.09210340371976188,4.605170185988092,0.020000000000000007,0.2589310799931435,1.9999999999999998,one_minus_s_power,623,True,362.0,362.0,256,1000000
10000,2.0,0.5,0.09210340371976188,4.605170185988092,0.020000000000000007,0.2589310799931435,1.9999999999999998,one_minus_s_power,624,True,371.0,371.0,256,1000000
10000,2.0,0.5,0.09210340371976188,4.605170185988092,0.020000000000000007,0.2589310799931435,1.9999999999999998,one_minus_s_power,625,True,287.0,287.0,256,1000000
10000,2.0,0.5,0.09210340371976188,4.605170185988092,0.020000000000000007,0.2589310799931435,1.9999999999999998,one_minus_s_power,626,True,579.0,579.0,256,1000000
10000,2.0,0.5,0.09210340371976188,4.605170185988092,0.020000000000000007,0.2589310799931435,1.9999999999999998,one_minus_s_power,627,True,738.0,738.0,256,1000000
10000,2.0,0.5,0.09210340371976188,4.605170185988092,0.020000000000000007,0.2589310799931435,1.9999999999999998,one_minus_s_power,628,True,373.0,373.0,256,1000000
10000,2.0,0.5,0.09210340371976188,4.605170185988092,0.020000000000000007,0.2589310799931435,1.9999999999999998,one_minus_s_power,629,True,160.0,160.0,256,1000000
10000,2.0,0.5,0.09210340371976188,4.605170185988092,0.020000000000000007,0.2589310799931435,1.9999999999999998,one_minus_s_power,630,True,536.0,536.0,256,1000000
10000,2.0,0.5,0.09210340371976188,4.605170185988092,0.020000000000000007,0.2589310799931435,1.9999999999999998,one_minus_s_power,631,True,1311.0,1311.0,256,1000000
10000,2.0,0.5,0.09210340371976188,4.605170185988092,0.020000000000000007,0.2589310799931435,1.9999999999999998,one_minus_s_power,632,True,774.0,774.0,256,1000000
10000,2.0,0.5,0.09210340371976188,4.605170185988092,0.020000000000000007,0.2589310799931435,1.9999999999999998,one_minus_s_power,633,True,1101.0,1101.0,256,1000000
10000,2.0,0.5,0.09210340371976188,4.605170185988092,0.020000000000000007,0.2589310799931435,1.9999999999999998,one_minus_s_power,634,True,441.0,441.0,256,1000000
10000,2.0,0.5,0.09210340371976188,4.605170185988092,0.020000000000000007,0.2589310799931435,1.9999999999999998,one_minus_s_power,635,True,1379.0,1379.0,256,1000000
10000,2.0,0.5,0.09210340371976188,4.605170185988092,0.020000000000000007,0.2589310799931435,1.9999999999999998,one_minus_s_power,636,True,240.0,240.0,256,1000000
10000,2.0,0.5,0.09210340371976188,4.605170185988092,0.020000000000000007,0.2589310799931435,1.9999999999999998,one_minus_s_power,637,True,210.0,210.0,256,1000000
10000,2.0,0.5,0.09210340371976188,4.605170185988092,0.020000000000000007,0.2589310799931435,1.9999999999999998,one_minus_s_power,638,True,123.0,123.0,256,1000000
10000,2.0,0.5,0.09210340371976188,4.605170185988092,0.020000000000000007,0.2589310799931435,1.9999999999999998,one_minus_s_power,639,True,328.0,328.0,256,1000000
10000,2.0,0.5,0.09210340371976188,4.605170185988092,0.020000000000000007,0.2589310799931435,1.9999999999999998,one_minus_s_power,640,True,257.0,257.0,256,1000000
10000,2.0,0.5,0.09210340371976188,4.605170185988092,0.020000000000000007,0.2589310799931435,1.9999999999999998,one_minus_s_power,641,True,250.0,250.0,256,1000000
10000,2.0,0.5,0.09210340371976188,4.605170185988092,0.020000000000000007,0.2589310799931435,1.9999999999999998,one_minus_s_power,642,True,164.0,164.0,256,1000000
10000,2.0,0.5,0.09210340371976188,4.605170185988092,0.020000000000000007,0.2589310799931435,1.9999999999999998,one_minus_s_power,643,True,330.0,330.0,256,1000000
10000,2.0,0.5,0.09210340371976188,4.605170185988092,0.020000000000000007,0.2589310799931435,1.9999999999999998,one_minus_s_power,644,True,826.0,826.0,256,1000000
10000,2.0,0.5,0.09210340371976188,4.605170185988092,0.020000000000000007,0.2589310799931435,1.9999999999999998,one_minus_s_power,645,True,548.0,548.0,256,1000000
10000,2.0,0.5,0.09210340371976188,4.605170185988092,0.020000000000000007,0.2589310799931435,1.9999999999999998,one_minus_s_power,646,True,530.0,530.0,256,1000000
10000,2.0,0.5,0.09210340371976188,4.605170185988092,0.020000000000000007,0.2589310799931435,1.9999999999999998,one_minus_s_power,647,True,655.0,655.0,256,1000000
10000,2.0,0.5,0.09210340371976188,4.605170185988092,0.020000000000000007,0.2589310799931435,1.9999999999999998,one_minus_s_power,648,True,349.0,349.0,256,1000000
10000,2.0,0.5,0.09210340371976188,4.605170185988092,0.020000000000000007,0.2589310799931435,1.9999999999999998,one_minus_s_power,649,True,326.0,326.0,256,1000000
10000,2.0,0.5,0.09210340371976188,4.605170185988092,0.020000000000000007,0.2589310799931435,1.9999999999999998,one_minus_s_power,650,True,1026.0,1026.0,256,1000000
10000,2.0,0.5,0.09210340371976188,4.605170185988092,0.020000000000000007,0.2589310799931435,1.9999999999999998,one_minus_s_power,651,True,878.0,878.0,256,1000000
10000,2.0,0.5,0.09210340371976188,4.605170185988092,0.020000000000000007,0.2589310799931435,1.9999999999999998,one_minus_s_power,652,True,481.0,481.0,256,1000000
10000,2.0,0.5,0.09210340371976188,4.605170185988092,0.020000000000000007,0.2589310799931435,1.9999999999999998,one_minus_s_power,653,True,106.0,106.0,256,1000000
10000,2.0,0.5,0.09210340371976188,4.605170185988092,0.020000000000000007,0.2589310799931435,1.9999999999999998,one_minus_s_power,654,True,122.0,122.0,256,1000000
10000,2.0,0.5,0.09210340371976188,4.605170185988092,0.020000000000000007,0.2589310799931435,1.9999999999999998,one_minus_s_power,655,True,714.0,714.0,256,1000000
10000,2.0,0.5,0.09210340371976188,4.605170185988092,0.020000000000000007,0.2589310799931435,1.9999999999999998,one_minus_s_power,656,True,573.0,573.0,256,1000000
10000,2.0,0.5,0.09210340371976188,4.605170185988092,0.020000000000000007,0.2589310799931435,1.9999999999999998,one_minus_s_power,657,True,1275.0,1275.0,256,1000000
10000,2.0,0.5,0.09210340371976188,4.605170185988092,0.020000000000000007,0.2589310799931435,1.9999999999999998,one_minus_s_power,658,True,143.0,143.0,256,1000000
10000,2.0,0.5,0.09210340371976188,4.605170185988092,0.020000000000000007,0.2589310799931435,1.9999999999999998,one_minus_s_power,659,True,180.0,180.0,256,1000000
10000,2.0,0.5,0.09210340371976188,4.605170185988092,0.020000000000000007,0.2589310799931435,1.9999999999999998,one_minus_s_power,660,True,565.0,565.0,256,1000000
10000,2.0,0.5,0.09210340371976188,4.605170185988092,0.020000000000000007,0.2589310799931435,1.9999999999999998,one_minus_s_power,661,True,322.0,322.0,256,1000000
10000,2.0,0.5,0.09210340371976188,4.605170185988092,0.020000000000000007,0.2589310799931435,1.9999999999999998,one_minus_s_power,662,True,241.0,241.0,256,1000000
10000,2.0,0.5,0.09210340371976188,4.605170185988092,0.020000000000000007,0.2589310799931435,1.9999999999999998,one_minus_s_power,663,True,172.0,172.0,256,1000000
10000,2.0,0.5,0.09210340371976188,4.605170185988092,0.020000000000000007,0.2589310799931435,1.9999999999999998,one_minus_s_power,664,True,559.0,559.0,256,1000000
10000,2.0,0.5,0.09210340371976188,4.605170185988092,0.020000000000000007,0.2589310799931435,1.9999999999999998,one_minus_s_power,665,True,822.0,822.0,256,1000000
10000,2.0,0.5,0.09210340371976188,4.605170185988092,0.020000000000000007,0.2589310799931435,1.9999999999999998,one_minus_s_power,666,True,717.0,717.0,256,1000000
10000,2.0,0.5,0.09210340371976188,4.605170185988092,0.020000000000000007,0.2589310799931435,1.9999999999999998,one_minus_s_power,667,True,305.0,305.0,256,1000000
10000,2.0,0.5,0.09210340371976188,4.605170185988092,0.020000000000000007,0.2589310799931435,1.9999999999999998,one_minus_s_power,668,True,298.0,298.0,256,1000000
10000,2.0,0.5,0.09210340371976188,4.605170185988092,0.020000000000000007,0.2589310799931435,1.9999999999999998,one_minus_s_power,669,True,927.0,927.0,256,1000000
10000,2.0,0.5,0.09210340371976188,4.605170185988092,0.020000000000000007,0.2589310799931435,1.9999999999999998,one_minus_s_power,670,True,350.0,350.0,256,1000000
10000,2.0,0.5,0.09210340371976188,4.605170185988092,0.020000000000000007,0.2589310799931435,1.9999999999999998,one_minus_s_power,671,True,120.0,120.0,256,1000000
10000,2.0,0.5,0.09210340371976188,4.605170185988092,0.020000000000000007,0.2589310799931435,1.9999999999999998,one_minus_s_power,672,True,112.0,112.0,256,1000000
10000,2.0,0.5,0.09210340371976188,4.605170185988092,0.020000000000000007,0.2589310799931435,1.9999999999999998,one_minus_s_power,673,True,109.0,109.0,256,1000000
10000,2.0,0.5,0.09210340371976188,4.605170185988092,0.020000000000000007,0.2589310799931435,1.9999999999999998,one_minus_s_power,674,True,220.0,220.0,256,1000000
10000,2.0,0.5,0.09210340371976188,4.605170185988092,0.020000000000000007,0.2589310799931435,1.9999999999999998,one_minus_s_power,675,True,75.0,75.0,256,1000000
10000,2.0,0.5,0.09210340371976188,4.605170185988092,0.020000000000000007,0.2589310799931435,1.9999999999999998,one_minus_s_power,676,True,150.0,150.0,256,1000000
10000,2.0,0.5,0.09210340371976188,4.605170185988092,0.020000000000000007,0.2589310799931435,1.9999999999999998,one_minus_s_power,677,True,228.0,228.0,256,1000000
10000,2.0,0.5,0.09210340371976188,4.605170185988092,0.020000000000000007,0.2589310799931435,1.9999999999999998,one_minus_s_power,678,True,327.0,327.0,256,1000000
10000,2.0,0.5,0.09210340371976188,4.605170185988092,0.020000000000000007,0.2589310799931435,1.9999999999999998,one_minus_s_power,679,True,116.0,116.0,256,1000000
10000,2.0,0.5,0.09210340371976188,4.605170185988092,0.020000000000000007,0.2589310799931435,1.9999999999999998,one_minus_s_power,680,True,154.0,154.0,256,1000000
10000,2.0,0.5,0.09210340371976188,4.605170185988092,0.020000000000000007,0.2589310799931435,1.9999999999999998,one_minus_s_power,681,True,347.0,347.0,256,1000000
10000,2.0,0.5,0.09210340371976188,4.605170185988092,0.020000000000000007,0.2589310799931435,1.9999999999999998,one_minus_s_power,682,True,426.0,426.0,256,1000000
10000,2.0,0.5,0.09210340371976188,4.605170185988092,0.020000000000000007,0.2589310799931435,1.9999999999999998,one_minus_s_power,683,True,509.0,509.0,256,1000000
10000,2.0,0.5,0.09210340371976188,4.605170185988092,0.020000000000000007,0.2589310799931435,1.9999999999999998,one_minus_s_power,684,True,504.0,504.0,256,1000000
10000,2.0,0.5,0.09210340371976188,4.605170185988092,0.020000000000000007,0.2589310799931435,1.9999999999999998,one_minus_s_power,685,True,1318.0,1318.0,256,1000000
10000,2.0,0.5,0.09210340371976188,4.605170185988092,0.020000000000000007,0.2589310799931435,1.9999999999999998,one_minus_s_power,686,True,1115.0,1115.0,256,1000000
10000,2.0,0.5,0.09210340371976188,4.605170185988092,0.020000000000000007,0.2589310799931435,1.9999999999999998,one_minus_s_power,687,True,72.0,72.0,256,1000000
10000,2.0,0.5,0.09210340371976188,4.605170185988092,0.020000000000000007,0.2589310799931435,1.9999999999999998,one_minus_s_power,688,True,87.0,87.0,256,1000000
10000,2.0,0.5,0.09210340371976188,4.605170185988092,0.020000000000000007,0.2589310799931435,1.9999999999999998,one_minus_s_power,689,True,265.0,265.0,256,1000000
10000,2.0,0.5,0.09210340371976188,4.605170185988092,0.020000000000000007,0.2589310799931435,1.9999999999999998,one_minus_s_power,690,True,99.0,99.0,256,1000000
10000,2.0,0.5,0.09210340371976188,4.605170185988092,0.020000000000000007,0.2589310799931435,1.9999999999999998,one_minus_s_power,691,True,755.0,755.0,256,1000000
10000,2.0,0.5,0.09210340371976188,4.605170185988092,0.020000000000000007,0.2589310799931435,1.9999999999999998,one_minus_s_power,692,True,226.0,226.0,256,1000000
10000,2.0,0.5,0.09210340371976188,4.605170185988092,0.020000000000000007,0.2589310799931435,1.9999999999999998,one_minus_s_power,693,True,210.0,210.0,256,1000000
10000,2.0,0.5,0.09210340371976188,4.605170185988092,0.020000000000000007,0.2589310799931435,1.9999999999999998,one_minus_s_power,694,True,298.0,298.0,256,1000000
10000,2.0,0.5,0.09210340371976188,4.605170185988092,0.020000000000000007,0.2589310799931435,1.9999999999999998,one_minus_s_power,695,True,203.0,203.0,256,1000000
10000,2.0,0.5,0.09210340371976188,4.605170185988092,0.020000000000000007,0.2589310799931435,1.9999999999999998,one_minus_s_power,696,True,688.0,688.0,256,1000000
10000,2.0,0.5,0.09210340371976188,4.605170185988092,0.020000000000000007,0.2589310799931435,1.9999999999999998,one_minus_s_power,697,True,231.0,231.0,256,1000000
10000,2.0,0.5,0.09210340371976188,4.605170185988092,0.020000000000000007,0.2589310799931435,1.9999999999999998,one_minus_s_power,698,True,51.0,51.0,256,1000000
10000,2.0,0.5,0.09210340371976188,4.605170185988092,0.020000000000000007,0.2589310799931435,1.9999999999999998,one_minus_s_power,699,True,1193.0,1193.0,256,1000000
10000,2.0,0.5,0.09210340371976188,4.605170185988092,0.020000000000000007,0.2589310799931435,1.9999999999999998,one_minus_s_power,700,True,1261.0,1261.0,256,1000000
10000,2.0,0.5,0.09210340371976188,4.605170185988092,0.020000000000000007,0.2589310799931435,1.9999999999999998,one_minus_s_power,701,True,131.0,131.0,256,1000000
10000,2.0,0.5,0.09210340371976188,4.605170185988092,0.020000000000000007,0.2589310799931435,1.9999999999999998,one_minus_s_power,702,True,719.0,719.0,256,1000000
10000,2.0,0.5,0.09210340371976188,4.605170185988092,0.020000000000000007,0.2589310799931435,1.9999999999999998,one_minus_s_power,703,True,662.0,662.0,256,1000000
10000,2.0,0.5,0.09210340371976188,4.605170185988092,0.020000000000000007,0.2589310799931435,1.9999999999999998,one_minus_s_power,704,True,285.0,285.0,256,1000000
10000,2.0,0.5,0.09210340371976188,4.605170185988092,0.020000000000000007,0.2589310799931435,1.9999999999999998,one_minus_s_power,705,True,729.0,729.0,256,1000000
10000,2.0,0.5,0.09210340371976188,4.605170185988092,0.020000000000000007,0.2589310799931435,1.9999999999999998,one_minus_s_power,706,True,496.0,496.0,256,1000000
10000,2.0,0.5,0.09210340371976188,4.605170185988092,0.020000000000000007,0.2589310799931435,1.9999999999999998,one_minus_s_power,707,True,298.0,298.0,256,1000000
10000,2.0,0.5,0.09210340371976188,4.605170185988092,0.020000000000000007,0.2589310799931435,1.9999999999999998,one_minus_s_power,708,True,814.0,814.0,256,1000000
10000,2.0,0.5,0.09210340371976188,4.605170185988092,0.020000000000000007,0.2589310799931435,1.9999999999999998,one_minus_s_power,709,True,385.0,385.0,256,1000000
10000,2.0,0.5,0.09210340371976188,4.605170185988092,0.020000000000000007,0.2589310799931435,1.9999999999999998,one_minus_s_power,710,True,1105.0,1105.0,256,1000000
10000,2.0,0.5,0.09210340371976188,4.605170185988092,0.020000000000000007,0.2589310799931435,1.9999999999999998,one_minus_s_power,711,True,465.0,465.0,256,1000000
10000,2.0,0.5,0.09210340371976188,4.605170185988092,0.020000000000000007,0.2589310799931435,1.9999999999999998,one_minus_s_power,712,True,521.0,521.0,256,1000000
10000,2.0,0.5,0.09210340371976188,4.605170185988092,0.020000000000000007,0.2589310799931435,1.9999999999999998,one_minus_s_power,713,True,28.0,28.0,256,1000000
10000,2.0,0.5,0.09210340371976188,4.605170185988092,0.020000000000000007,0.2589310799931435,1.9999999999999998,one_minus_s_power,714,True,205.0,205.0,256,1000000
10000,2.0,0.5,0.09210340371976188,4.605170185988092,0.020000000000000007,0.2589310799931435,1.9999999999999998,one_minus_s_power,715,True,412.0,412.0,256,1000000
10000,2.0,0.5,0.09210340371976188,4.605170185988092,0.020000000000000007,0.2589310799931435,1.9999999999999998,one_minus_s_power,716,True,420.0,420.0,256,1000000
10000,2.0,0.5,0.09210340371976188,4.605170185988092,0.020000000000000007,0.2589310799931435,1.9999999999999998,one_minus_s_power,717,True,119.0,119.0,256,1000000
10000,2.0,0.5,0.09210340371976188,4.605170185988092,0.020000000000000007,0.2589310799931435,1.9999999999999998,one_minus_s_power,718,True,221.0,221.0,256,1000000
10000,2.0,0.5,0.09210340371976188,4.605170185988092,0.020000000000000007,0.2589310799931435,1.9999999999999998,one_minus_s_power,719,True,274.0,274.0,256,1000000
10000,2.0,0.5,0.09210340371976188,4.605170185988092,0.020000000000000007,0.2589310799931435,1.9999999999999998,one_minus_s_power,720,True,123.0,123.0,256,1000000
10000,2.0,0.5,0.09210340371976188,4.605170185988092,0.020000000000000007,0.2589310799931435,1.9999999999999998,one_minus_s_power,721,True,153.0,153.0,256,1000000
10000,2.0,0.5,0.09210340371976188,4.605170185988092,0.020000000000000007,0.2589310799931435,1.9999999999999998,one_minus_s_power,722,True,741.0,741.0,256,1000000
10000,2.0,0.5,0.09210340371976188,4.605170185988092,0.020000000000000007,0.2589310799931435,1.9999999999999998,one_minus_s_power,723,True,729.0,729.0,256,1000000
10000,2.0,0.5,0.09210340371976188,4.605170185988092,0.020000000000000007,0.2589310799931435,1.9999999999999998,one_minus_s_power,724,True,1252.0,1252.0,256,1000000
10000,2.0,0.5,0.09210340371976188,4.605170185988092,0.020000000000000007,0.2589310799931435,1.9999999999999998,one_minus_s_power,725,True,121.0,121.0,256,1000000
10000,2.0,0.5,0.09210340371976188,4.605170185988092,0.020000000000000007,0.2589310799931435,1.9999999999999998,one_minus_s_power,726,True,61.0,61.0,256,1000000
10000,2.0,0.5,0.09210340371976188,4.605170185988092,0.020000000000000007,0.2589310799931435,1.9999999999999998,one_minus_s_power,727,True,637.0,637.0,256,1000000
10000,2.0,0.5,0.09210340371976188,4.605170185988092,0.020000000000000007,0.2589310799931435,1.9999999999999998,one_minus_s_power,728,True,266.0,266.0,256,1000000
10000,2.0,0.5,0.09210340371976188,4.605170185988092,0.020000000000000007,0.2589310799931435,1.9999999999999998,one_minus_s_power,729,True,895.0,895.0,256,1000000
10000,2.0,0.5,0.09210340371976188,4.605170185988092,0.020000000000000007,0.2589310799931435,1.9999999999999998,one_minus_s_power,730,True,447.0,447.0,256,1000000
10000,2.0,0.5,0.09210340371976188,4.605170185988092,0.020000000000000007,0.2589310799931435,1.9999999999999998,one_minus_s_power,731,True,88.0,88.0,256,1000000
10000,2.0,0.5,0.09210340371976188,4.605170185988092,0.020000000000000007,0.2589310799931435,1.9999999999999998,one_minus_s_power,732,True,326.0,326.0,256,1000000
10000,2.0,0.5,0.09210340371976188,4.605170185988092,0.020000000000000007,0.2589310799931435,1.9999999999999998,one_minus_s_power,733,True,469.0,469.0,256,1000000
10000,2.0,0.5,0.09210340371976188,4.605170185988092,0.020000000000000007,0.2589310799931435,1.9999999999999998,one_minus_s_power,734,True,257.0,257.0,256,1000000
10000,2.0,0.5,0.09210340371976188,4.605170185988092,0.020000000000000007,0.2589310799931435,1.9999999999999998,one_minus_s_power,735,True,475.0,475.0,256,1000000
10000,2.0,0.5,0.09210340371976188,4.605170185988092,0.020000000000000007,0.2589310799931435,1.9999999999999998,one_minus_s_power,736,True,2611.0,2611.0,256,1000000
10000,2.0,0.5,0.09210340371976188,4.605170185988092,0.020000000000000007,0.2589310799931435,1.9999999999999998,one_minus_s_power,737,True,476.0,476.0,256,1000000
10000,2.0,0.5,0.09210340371976188,4.605170185988092,0.020000000000000007,0.2589310799931435,1.9999999999999998,one_minus_s_power,738,True,517.0,517.0,256,1000000
10000,2.0,0.5,0.09210340371976188,4.605170185988092,0.020000000000000007,0.2589310799931435,1.9999999999999998,one_minus_s_power,739,True,267.0,267.0,256,1000000
10000,2.0,0.5,0.09210340371976188,4.605170185988092,0.020000000000000007,0.2589310799931435,1.9999999999999998,one_minus_s_power,740,True,887.0,887.0,256,1000000
10000,2.0,0.5,0.09210340371976188,4.605170185988092,0.020000000000000007,0.2589310799931435,1.9999999999999998,one_minus_s_power,741,True,2692.0,2692.0,256,1000000
10000,2.0,0.5,0.09210340371976188,4.605170185988092,0.020000000000000007,0.2589310799931435,1.9999999999999998,one_minus_s_power,742,True,86.0,86.0,256,1000000
10000,2.0,0.5,0.09210340371976188,4.605170185988092,0.020000000000000007,0.2589310799931435,1.9999999999999998,one_minus_s_power,743,True,1574.0,1574.0,256,1000000
10000,2.0,0.5,0.09210340371976188,4.605170185988092,0.020000000000000007,0.2589310799931435,1.9999999999999998,one_minus_s_power,744,True,713.0,713.0,256,1000000
10000,2.0,0.5,0.09210340371976188,4.605170185988092,0.020000000000000007,0.2589310799931435,1.9999999999999998,one_minus_s_power,745,True,246.0,246.0,256,1000000
10000,2.0,0.5,0.09210340371976188,4.605170185988092,0.020000000000000007,0.2589310799931435,1.9999999999999998,one_minus_s_power,746,True,442.0,442.0,256,1000000
10000,2.0,0.5,0.09210340371976188,4.605170185988092,0.020000000000000007,0.2589310799931435,1.9999999999999998,one_minus_s_power,747,True,1612.0,1612.0,256,1000000
10000,2.0,0.5,0.09210340371976188,4.605170185988092,0.020000000000000007,0.2589310799931435,1.9999999999999998,one_minus_s_power,748,True,225.0,225.0,256,1000000
10000,2.0,0.5,0.09210340371976188,4.605170185988092,0.020000000000000007,0.2589310799931435,1.9999999999999998,one_minus_s_power,749,True,514.0,514.0,256,1000000
10000,2.0,0.5,0.09210340371976188,4.605170185988092,0.020000000000000007,0.2589310799931435,1.9999999999999998,one_minus_s_power,750,True,545.0,545.0,256,1000000
10000,2.0,0.5,0.09210340371976188,4.605170185988092,0.020000000000000007,0.2589310799931435,1.9999999999999998,one_minus_s_power,751,True,65.0,65.0,256,1000000
10000,2.0,0.5,0.09210340371976188,4.605170185988092,0.020000000000000007,0.2589310799931435,1.9999999999999998,one_minus_s_power,752,True,317.0,317.0,256,1000000
10000,2.0,0.5,0.09210340371976188,4.605170185988092,0.020000000000000007,0.2589310799931435,1.9999999999999998,one_minus_s_power,753,True,607.0,607.0,256,1000000
10000,2.0,0.5,0.09210340371976188,4.605170185988092,0.020000000000000007,0.2589310799931435,1.9999999999999998,one_minus_s_power,754,True,584.0,584.0,256,1000000
10000,2.0,0.5,0.09210340371976188,4.605170185988092,0.020000000000000007,0.2589310799931435,1.9999999999999998,one_minus_s_power,755,True,652.0,652.0,256,1000000
10000,2.0,0.5,0.09210340371976188,4.605170185988092,0.020000000000000007,0.2589310799931435,1.9999999999999998,one_minus_s_power,756,True,280.0,280.0,256,1000000
10000,2.0,0.5,0.09210340371976188,4.605170185988092,0.020000000000000007,0.2589310799931435,1.9999999999999998,one_minus_s_power,757,True,455.0,455.0,256,1000000
10000,2.0,0.5,0.09210340371976188,4.605170185988092,0.020000000000000007,0.2589310799931435,1.9999999999999998,one_minus_s_power,758,True,162.0,162.0,256,1000000
10000,2.0,0.5,0.09210340371976188,4.605170185988092,0.020000000000000007,0.2589310799931435,1.9999999999999998,one_minus_s_power,759,True,309.0,309.0,256,1000000
10000,2.0,0.5,0.09210340371976188,4.605170185988092,0.020000000000000007,0.2589310799931435,1.9999999999999998,one_minus_s_power,760,True,1886.0,1886.0,256,1000000
10000,2.0,0.5,0.09210340371976188,4.605170185988092,0.020000000000000007,0.2589310799931435,1.9999999999999998,one_minus_s_power,761,True,613.0,613.0,256,1000000
10000,2.0,0.5,0.09210340371976188,4.605170185988092,0.020000000000000007,0.2589310799931435,1.9999999999999998,one_minus_s_power,762,True,144.0,144.0,256,1000000
10000,2.0,0.5,0.09210340371976188,4.605170185988092,0.020000000000000007,0.2589310799931435,1.9999999999999998,one_minus_s_power,763,True,247.0,247.0,256,1000000
10000,2.0,0.5,0.09210340371976188,4.605170185988092,0.020000000000000007,0.2589310799931435,1.9999999999999998,one_minus_s_power,764,True,148.0,148.0,256,1000000
10000,2.0,0.5,0.09210340371976188,4.605170185988092,0.020000000000000007,0.2589310799931435,1.9999999999999998,one_minus_s_power,765,True,124.0,124.0,256,1000000
10000,2.0,0.5,0.09210340371976188,4.605170185988092,0.020000000000000007,0.2589310799931435,1.9999999999999998,one_minus_s_power,766,True,124.0,124.0,256,1000000
10000,2.0,0.5,0.09210340371976188,4.605170185988092,0.020000000000000007,0.2589310799931435,1.9999999999999998,one_minus_s_power,767,True,119.0,119.0,256,1000000
10000,2.0,0.5,0.09210340371976188,4.605170185988092,0.020000000000000007,0.2589310799931435,1.9999999999999998,one_minus_s_power,768,True,248.0,248.0,256,1000000
10000,2.0,0.5,0.09210340371976188,4.605170185988092,0.020000000000000007,0.2589310799931435,1.9999999999999998,one_minus_s_power,769,True,240.0,240.0,256,1000000
10000,2.0,0.5,0.09210340371976188,4.605170185988092,0.020000000000000007,0.2589310799931435,1.9999999999999998,one_minus_s_power,770,True,1514.0,1514.0,256,1000000
10000,2.0,0.5,0.09210340371976188,4.605170185988092,0.020000000000000007,0.2589310799931435,1.9999999999999998,one_minus_s_power,771,True,173.0,173.0,256,1000000
10000,2.0,0.5,0.09210340371976188,4.605170185988092,0.020000000000000007,0.2589310799931435,1.9999999999999998,one_minus_s_power,772,True,261.0,261.0,256,1000000
10000,2.0,0.5,0.09210340371976188,4.605170185988092,0.020000000000000007,0.2589310799931435,1.9999999999999998,one_minus_s_power,773,True,611.0,611.0,256,1000000
10000,2.0,0.5,0.09210340371976188,4.605170185988092,0.020000000000000007,0.2589310799931435,1.9999999999999998,one_minus_s_power,774,True,669.0,669.0,256,1000000
10000,2.0,0.5,0.09210340371976188,4.605170185988092,0.020000000000000007,0.2589310799931435,1.9999999999999998,one_minus_s_power,775,True,78.0,78.0,256,1000000
10000,2.0,0.5,0.09210340371976188,4.605170185988092,0.020000000000000007,0.2589310799931435,1.9999999999999998,one_minus_s_power,776,True,79.0,79.0,256,1000000
10000,2.0,0.5,0.09210340371976188,4.605170185988092,0.020000000000000007,0.2589310799931435,1.9999999999999998,one_minus_s_power,777,True,677.0,677.0,256,1000000
10000,2.0,0.5,0.09210340371976188,4.605170185988092,0.020000000000000007,0.2589310799931435,1.9999999999999998,one_minus_s_power,778,True,102.0,102.0,256,1000000
10000,2.0,0.5,0.09210340371976188,4.605170185988092,0.020000000000000007,0.2589310799931435,1.9999999999999998,one_minus_s_power,779,True,282.0,282.0,256,1000000
10000,2.0,0.5,0.09210340371976188,4.605170185988092,0.020000000000000007,0.2589310799931435,1.9999999999999998,one_minus_s_power,780,True,70.0,70.0,256,1000000
10000,2.0,0.5,0.09210340371976188,4.605170185988092,0.020000000000000007,0.2589310799931435,1.9999999999999998,one_minus_s_power,781,True,272.0,272.0,256,1000000
10000,2.0,0.5,0.09210340371976188,4.605170185988092,0.020000000000000007,0.2589310799931435,1.9999999999999998,one_minus_s_power,782,True,278.0,278.0,256,1000000
10000,2.0,0.5,0.09210340371976188,4.605170185988092,0.020000000000000007,0.2589310799931435,1.9999999999999998,one_minus_s_power,783,True,267.0,267.0,256,1000000
10000,2.0,0.5,0.09210340371976188,4.605170185988092,0.020000000000000007,0.2589310799931435,1.9999999999999998,one_minus_s_power,784,True,215.0,215.0,256,1000000
10000,2.0,0.5,0.09210340371976188,4.605170185988092,0.020000000000000007,0.2589310799931435,1.9999999999999998,one_minus_s_power,785,True,763.0,763.0,256,1000000
10000,2.0,0.5,0.09210340371976188,4.605170185988092,0.020000000000000007,0.2589310799931435,1.9999999999999998,one_minus_s_power,786,True,135.0,135.0,256,1000000
10000,2.0,0.5,0.09210340371976188,4.605170185988092,0.020000000000000007,0.2589310799931435,1.9999999999999998,one_minus_s_power,787,True,103.0,103.0,256,1000000
10000,2.0,0.5,0.09210340371976188,4.605170185988092,0.020000000000000007,0.2589310799931435,1.9999999999999998,one_minus_s_power,788,True,915.0,915.0,256,1000000
10000,2.0,0.5,0.09210340371976188,4.605170185988092,0.020000000000000007,0.2589310799931435,1.9999999999999998,one_minus_s_power,789,True,489.0,489.0,256,1000000
10000,2.0,0.5,0.09210340371976188,4.605170185988092,0.020000000000000007,0.2589310799931435,1.9999999999999998,one_minus_s_power,790,True,213.0,213.0,256,1000000
10000,2.0,0.5,0.09210340371976188,4.605170185988092,0.020000000000000007,0.2589310799931435,1.9999999999999998,one_minus_s_power,791,True,79.0,79.0,256,1000000
10000,2.0,0.5,0.09210340371976188,4.605170185988092,0.020000000000000007,0.2589310799931435,1.9999999999999998,one_minus_s_power,792,True,42.0,42.0,256,1000000
10000,2.0,0.5,0.09210340371976188,4.605170185988092,0.020000000000000007,0.2589310799931435,1.9999999999999998,one_minus_s_power,793,True,564.0,564.0,256,1000000
10000,2.0,0.5,0.09210340371976188,4.605170185988092,0.020000000000000007,0.2589310799931435,1.9999999999999998,one_minus_s_power,794,True,642.0,642.0,256,1000000
10000,2.0,0.5,0.09210340371976188,4.605170185988092,0.020000000000000007,0.2589310799931435,1.9999999999999998,one_minus_s_power,795,True,798.0,798.0,256,1000000
10000,2.0,0.5,0.09210340371976188,4.605170185988092,0.020000000000000007,0.2589310799931435,1.9999999999999998,one_minus_s_power,796,True,87.0,87.0,256,1000000
10000,2.0,0.5,0.09210340371976188,4.605170185988092,0.020000000000000007,0.2589310799931435,1.9999999999999998,one_minus_s_power,797,True,365.0,365.0,256,1000000
10000,2.0,0.5,0.09210340371976188,4.605170185988092,0.020000000000000007,0.2589310799931435,1.9999999999999998,one_minus_s_power,798,True,500.0,500.0,256,1000000
10000,2.0,0.5,0.09210340371976188,4.605170185988092,0.020000000000000007,0.2589310799931435,1.9999999999999998,one_minus_s_power,799,True,210.0,210.0,256,1000000
10000,2.0,0.5,0.09210340371976188,4.605170185988092,0.020000000000000007,0.2589310799931435,1.9999999999999998,one_minus_s_power,800,True,623.0,623.0,256,1000000
10000,2.0,0.5,0.09210340371976188,4.605170185988092,0.020000000000000007,0.2589310799931435,1.9999999999999998,one_minus_s_power,801,True,699.0,699.0,256,1000000
10000,2.0,0.5,0.09210340371976188,4.605170185988092,0.020000000000000007,0.2589310799931435,1.9999999999999998,one_minus_s_power,802,True,68.0,68.0,256,1000000
10000,2.0,0.5,0.09210340371976188,4.605170185988092,0.020000000000000007,0.2589310799931435,1.9999999999999998,one_minus_s_power,803,True,433.0,433.0,256,1000000
10000,2.0,0.5,0.09210340371976188,4.605170185988092,0.020000000000000007,0.2589310799931435,1.9999999999999998,one_minus_s_power,804,True,96.0,96.0,256,1000000
10000,2.0,0.5,0.09210340371976188,4.605170185988092,0.020000000000000007,0.2589310799931435,1.9999999999999998,one_minus_s_power,805,True,59.0,59.0,256,1000000
10000,2.0,0.5,0.09210340371976188,4.605170185988092,0.020000000000000007,0.2589310799931435,1.9999999999999998,one_minus_s_power,806,True,60.0,60.0,256,1000000
10000,2.0,0.5,0.09210340371976188,4.605170185988092,0.020000000000000007,0.2589310799931435,1.9999999999999998,one_minus_s_power,807,True,173.0,173.0,256,1000000
10000,2.0,0.5,0.09210340371976188,4.605170185988092,0.020000000000000007,0.2589310799931435,1.9999999999999998,one_minus_s_power,808,True,694.0,694.0,256,1000000
10000,2.0,0.5,0.09210340371976188,4.605170185988092,0.020000000000000007,0.2589310799931435,1.9999999999999998,one_minus_s_power,809,True,409.0,409.0,256,1000000
10000,2.0,0.5,0.09210340371976188,4.605170185988092,0.020000000000000007,0.2589310799931435,1.9999999999999998,one_minus_s_power,810,True,984.0,984.0,256,1000000
10000,2.0,0.5,0.09210340371976188,4.605170185988092,0.020000000000000007,0.2589310799931435,1.9999999999999998,one_minus_s_power,811,True,197.0,197.0,256,1000000
10000,2.0,0.5,0.09210340371976188,4.605170185988092,0.020000000000000007,0.2589310799931435,1.9999999999999998,one_minus_s_power,812,True,153.0,153.0,256,1000000
10000,2.0,0.5,0.09210340371976188,4.605170185988092,0.020000000000000007,0.2589310799931435,1.9999999999999998,one_minus_s_power,813,True,756.0,756.0,256,1000000
10000,2.0,0.5,0.09210340371976188,4.605170185988092,0.020000000000000007,0.2589310799931435,1.9999999999999998,one_minus_s_power,814,True,710.0,710.0,256,1000000
10000,2.0,0.5,0.09210340371976188,4.605170185988092,0.020000000000000007,0.2589310799931435,1.9999999999999998,one_minus_s_power,815,True,219.0,219.0,256,1000000
10000,2.0,0.5,0.09210340371976188,4.605170185988092,0.020000000000000007,0.2589310799931435,1.9999999999999998,one_minus_s_power,816,True,292.0,292.0,256,1000000
10000,2.0,0.5,0.09210340371976188,4.605170185988092,0.020000000000000007,0.2589310799931435,1.9999999999999998,one_minus_s_power,817,True,874.0,874.0,256,1000000
10000,2.0,0.5,0.09210340371976188,4.605170185988092,0.020000000000000007,0.2589310799931435,1.9999999999999998,one_minus_s_power,818,True,144.0,144.0,256,1000000
10000,2.0,0.5,0.09210340371976188,4.605170185988092,0.020000000000000007,0.2589310799931435,1.9999999999999998,one_minus_s_power,819,True,87.0,87.0,256,1000000
10000,2.0,0.5,0.09210340371976188,4.605170185988092,0.020000000000000007,0.2589310799931435,1.9999999999999998,one_minus_s_power,820,True,774.0,774.0,256,1000000
10000,2.0,0.5,0.09210340371976188,4.605170185988092,0.020000000000000007,0.2589310799931435,1.9999999999999998,one_minus_s_power,821,True,747.0,747.0,256,1000000
10000,2.0,0.5,0.09210340371976188,4.605170185988092,0.020000000000000007,0.2589310799931435,1.9999999999999998,one_minus_s_power,822,True,250.0,250.0,256,1000000
10000,2.0,0.5,0.09210340371976188,4.605170185988092,0.020000000000000007,0.2589310799931435,1.9999999999999998,one_minus_s_power,823,True,81.0,81.0,256,1000000
10000,2.0,0.5,0.09210340371976188,4.605170185988092,0.020000000000000007,0.2589310799931435,1.9999999999999998,one_minus_s_power,824,True,797.0,797.0,256,1000000
10000,2.0,0.5,0.09210340371976188,4.605170185988092,0.020000000000000007,0.2589310799931435,1.9999999999999998,one_minus_s_power,825,True,789.0,789.0,256,1000000
10000,2.0,0.5,0.09210340371976188,4.605170185988092,0.020000000000000007,0.2589310799931435,1.9999999999999998,one_minus_s_power,826,True,410.0,410.0,256,1000000
10000,2.0,0.5,0.09210340371976188,4.605170185988092,0.020000000000000007,0.2589310799931435,1.9999999999999998,one_minus_s_power,827,True,315.0,315.0,256,1000000
10000,2.0,0.5,0.09210340371976188,4.605170185988092,0.020000000000000007,0.2589310799931435,1.9999999999999998,one_minus_s_power,828,True,191.0,191.0,256,1000000
10000,2.0,0.5,0.09210340371976188,4.605170185988092,0.020000000000000007,0.2589310799931435,1.9999999999999998,one_minus_s_power,829,True,59.0,59.0,256,1000000
10000,2.0,0.5,0.09210340371976188,4.605170185988092,0.020000000000000007,0.2589310799931435,1.9999999999999998,one_minus_s_power,830,True,134.0,134.0,256,1000000
10000,2.0,0.5,0.09210340371976188,4.605170185988092,0.020000000000000007,0.2589310799931435,1.9999999999999998,one_minus_s_power,831,True,321.0,321.0,256,1000000
10000,2.0,0.5,0.09210340371976188,4.605170185988092,0.020000000000000007,0.2589310799931435,1.9999999999999998,one_minus_s_power,832,True,252.0,252.0,256,1000000
10000,2.0,0.5,0.09210340371976188,4.605170185988092,0.020000000000000007,0.2589310799931435,1.9999999999999998,one_minus_s_power,833,True,324.0,324.0,256,1000000
10000,2.0,0.5,0.09210340371976188,4.605170185988092,0.020000000000000007,0.2589310799931435,1.9999999999999998,one_minus_s_power,834,True,86.0,86.0,256,1000000
10000,2.0,0.5,0.09210340371976188,4.605170185988092,0.020000000000000007,0.2589310799931435,1.9999999999999998,one_minus_s_power,835,True,107.0,107.0,256,1000000
10000,2.0,0.5,0.09210340371976188,4.605170185988092,0.020000000000000007,0.2589310799931435,1.9999999999999998,one_minus_s_power,836,True,118.0,118.0,256,1000000
10000,2.0,0.5,0.09210340371976188,4.605170185988092,0.020000000000000007,0.2589310799931435,1.9999999999999998,one_minus_s_power,837,True,147.0,147.0,256,1000000
10000,2.0,0.5,0.09210340371976188,4.605170185988092,0.020000000000000007,0.2589310799931435,1.9999999999999998,one_minus_s_power,838,True,1032.0,1032.0,256,1000000
10000,2.0,0.5,0.09210340371976188,4.605170185988092,0.020000000000000007,0.2589310799931435,1.9999999999999998,one_minus_s_power,839,True,533.0,533.0,256,1000000
10000,2.0,0.5,0.09210340371976188,4.605170185988092,0.020000000000000007,0.2589310799931435,1.9999999999999998,one_minus_s_power,840,True,114.0,114.0,256,1000000
10000,2.0,0.5,0.09210340371976188,4.605170185988092,0.020000000000000007,0.2589310799931435,1.9999999999999998,one_minus_s_power,841,True,768.0,768.0,256,1000000
10000,2.0,0.5,0.09210340371976188,4.605170185988092,0.020000000000000007,0.2589310799931435,1.9999999999999998,one_minus_s_power,842,True,168.0,168.0,256,1000000
10000,2.0,0.5,0.09210340371976188,4.605170185988092,0.020000000000000007,0.2589310799931435,1.9999999999999998,one_minus_s_power,843,True,136.0,136.0,256,1000000
10000,2.0,0.5,0.09210340371976188,4.605170185988092,0.020000000000000007,0.2589310799931435,1.9999999999999998,one_minus_s_power,844,True,81.0,81.0,256,1000000
10000,2.0,0.5,0.09210340371976188,4.605170185988092,0.020000000000000007,0.2589310799931435,1.9999999999999998,one_minus_s_power,845,True,275.0,275.0,256,1000000
10000,2.0,0.5,0.09210340371976188,4.605170185988092,0.020000000000000007,0.2589310799931435,1.9999999999999998,one_minus_s_power,846,True,208.0,208.0,256,1000000
10000,2.0,0.5,0.09210340371976188,4.605170185988092,0.020000000000000007,0.2589310799931435,1.9999999999999998,one_minus_s_power,847,True,509.0,509.0,256,1000000
10000,2.0,0.5,0.09210340371976188,4.605170185988092,0.020000000000000007,0.2589310799931435,1.9999999999999998,one_minus_s_power,848,True,124.0,124.0,256,1000000
10000,2.0,0.5,0.09210340371976188,4.605170185988092,0.020000000000000007,0.2589310799931435,1.9999999999999998,one_minus_s_power,849,True,613.0,613.0,256,1000000
10000,2.0,0.5,0.09210340371976188,4.605170185988092,0.020000000000000007,0.2589310799931435,1.9999999999999998,one_minus_s_power,850,True,210.0,210.0,256,1000000
10000,2.0,0.5,0.09210340371976188,4.605170185988092,0.020000000000000007,0.2589310799931435,1.9999999999999998,one_minus_s_power,851,True,139.0,139.0,256,1000000
10000,2.0,0.5,0.09210340371976188,4.605170185988092,0.020000000000000007,0.2589310799931435,1.9999999999999998,one_minus_s_power,852,True,695.0,695.0,256,1000000
10000,2.0,0.5,0.09210340371976188,4.605170185988092,0.020000000000000007,0.2589310799931435,1.9999999999999998,one_minus_s_power,853,True,569.0,569.0,256,1000000
10000,2.0,0.5,0.09210340371976188,4.605170185988092,0.020000000000000007,0.2589310799931435,1.9999999999999998,one_minus_s_power,854,True,130.0,130.0,256,1000000
10000,2.0,0.5,0.09210340371976188,4.605170185988092,0.020000000000000007,0.2589310799931435,1.9999999999999998,one_minus_s_power,855,True,105.0,105.0,256,1000000
10000,2.0,0.5,0.09210340371976188,4.605170185988092,0.020000000000000007,0.2589310799931435,1.9999999999999998,one_minus_s_power,856,True,419.0,419.0,256,1000000
10000,2.0,0.5,0.09210340371976188,4.605170185988092,0.020000000000000007,0.2589310799931435,1.9999999999999998,one_minus_s_power,857,True,222.0,222.0,256,1000000
10000,2.0,0.5,0.09210340371976188,4.605170185988092,0.020000000000000007,0.2589310799931435,1.9999999999999998,one_minus_s_power,858,True,323.0,323.0,256,1000000
10000,2.0,0.5,0.09210340371976188,4.605170185988092,0.020000000000000007,0.2589310799931435,1.9999999999999998,one_minus_s_power,859,True,541.0,541.0,256,1000000
10000,2.0,0.5,0.09210340371976188,4.605170185988092,0.020000000000000007,0.2589310799931435,1.9999999999999998,one_minus_s_power,860,True,1925.0,1925.0,256,1000000
10000,2.0,0.5,0.09210340371976188,4.605170185988092,0.020000000000000007,0.2589310799931435,1.9999999999999998,one_minus_s_power,861,True,134.0,134.0,256,1000000
10000,2.0,0.5,0.09210340371976188,4.605170185988092,0.020000000000000007,0.2589310799931435,1.9999999999999998,one_minus_s_power,862,True,593.0,593.0,256,1000000
10000,2.0,0.5,0.09210340371976188,4.605170185988092,0.020000000000000007,0.2589310799931435,1.9999999999999998,one_minus_s_power,863,True,157.0,157.0,256,1000000
10000,2.0,0.5,0.09210340371976188,4.605170185988092,0.020000000000000007,0.2589310799931435,1.9999999999999998,one_minus_s_power,864,True,1348.0,1348.0,256,1000000
10000,2.0,0.5,0.09210340371976188,4.605170185988092,0.020000000000000007,0.2589310799931435,1.9999999999999998,one_minus_s_power,865,True,131.0,131.0,256,1000000
10000,2.0,0.5,0.09210340371976188,4.605170185988092,0.020000000000000007,0.2589310799931435,1.9999999999999998,one_minus_s_power,866,True,87.0,87.0,256,1000000
10000,2.0,0.5,0.09210340371976188,4.605170185988092,0.020000000000000007,0.2589310799931435,1.9999999999999998,one_minus_s_power,867,True,967.0,967.0,256,1000000
10000,2.0,0.5,0.09210340371976188,4.605170185988092,0.020000000000000007,0.2589310799931435,1.9999999999999998,one_minus_s_power,868,True,181.0,181.0,256,1000000
10000,2.0,0.5,0.09210340371976188,4.605170185988092,0.020000000000000007,0.2589310799931435,1.9999999999999998,one_minus_s_power,869,True,1592.0,1592.0,256,1000000
10000,2.0,0.5,0.09210340371976188,4.605170185988092,0.020000000000000007,0.2589310799931435,1.9999999999999998,one_minus_s_power,870,True,460.0,460.0,256,1000000
10000,2.0,0.5,0.09210340371976188,4.605170185988092,0.020000000000000007,0.2589310799931435,1.9999999999999998,one_minus_s_power,871,True,128.0,128.0,256,1000000
10000,2.0,0.5,0.09210340371976188,4.605170185988092,0.020000000000000007,0.2589310799931435,1.9999999999999998,one_minus_s_power,872,True,887.0,887.0,256,1000000
10000,2.0,0.5,0.09210340371976188,4.605170185988092,0.020000000000000007,0.2589310799931435,1.9999999999999998,one_minus_s_power,873,True,592.0,592.0,256,1000000
10000,2.0,0.5,0.09210340371976188,4.605170185988092,0.020000000000000007,0.2589310799931435,1.9999999999999998,one_minus_s_power,874,True,70.0,70.0,256,1000000
10000,2.0,0.5,0.09210340371976188,4.605170185988092,0.020000000000000007,0.2589310799931435,1.9999999999999998,one_minus_s_power,875,True,133.0,133.0,256,1000000
10000,2.0,0.5,0.09210340371976188,4.605170185988092,0.020000000000000007,0.2589310799931435,1.9999999999999998,one_minus_s_power,876,True,206.0,206.0,256,1000000
10000,2.0,0.5,0.09210340371976188,4.605170185988092,0.020000000000000007,0.2589310799931435,1.9999999999999998,one_minus_s_power,877,True,2154.0,2154.0,256,1000000
10000,2.0,0.5,0.09210340371976188,4.605170185988092,0.020000000000000007,0.2589310799931435,1.9999999999999998,one_minus_s_power,878,True,117.0,117.0,256,1000000
10000,2.0,0.5,0.09210340371976188,4.605170185988092,0.020000000000000007,0.2589310799931435,1.9999999999999998,one_minus_s_power,879,True,935.0,935.0,256,1000000
10000,2.0,0.5,0.09210340371976188,4.605170185988092,0.020000000000000007,0.2589310799931435,1.9999999999999998,one_minus_s_power,880,True,93.0,93.0,256,1000000
10000,2.0,0.5,0.09210340371976188,4.605170185988092,0.020000000000000007,0.2589310799931435,1.9999999999999998,one_minus_s_power,881,True,378.0,378.0,256,1000000
10000,2.0,0.5,0.09210340371976188,4.605170185988092,0.020000000000000007,0.2589310799931435,1.9999999999999998,one_minus_s_power,882,True,464.0,464.0,256,1000000
10000,2.0,0.5,0.09210340371976188,4.605170185988092,0.020000000000000007,0.2589310799931435,1.9999999999999998,one_minus_s_power,883,True,762.0,762.0,256,1000000
10000,2.0,0.5,0.09210340371976188,4.605170185988092,0.020000000000000007,0.2589310799931435,1.9999999999999998,one_minus_s_power,884,True,474.0,474.0,256,1000000
10000,2.0,0.5,0.09210340371976188,4.605170185988092,0.020000000000000007,0.2589310799931435,1.9999999999999998,one_minus_s_power,885,True,938.0,938.0,256,1000000
10000,2.0,0.5,0.09210340371976188,4.605170185988092,0.020000000000000007,0.2589310799931435,1.9999999999999998,one_minus_s_power,886,True,1124.0,1124.0,256,1000000
10000,2.0,0.5,0.09210340371976188,4.605170185988092,0.020000000000000007,0.2589310799931435,1.9999999999999998,one_minus_s_power,887,True,638.0,638.0,256,1000000
10000,2.0,0.5,0.09210340371976188,4.605170185988092,0.020000000000000007,0.2589310799931435,1.9999999999999998,one_minus_s_power,888,True,526.0,526.0,256,1000000
10000,2.0,0.5,0.09210340371976188,4.605170185988092,0.020000000000000007,0.2589310799931435,1.9999999999999998,one_minus_s_power,889,True,135.0,135.0,256,1000000
10000,2.0,0.5,0.09210340371976188,4.605170185988092,0.020000000000000007,0.2589310799931435,1.9999999999999998,one_minus_s_power,890,True,610.0,610.0,256,1000000
10000,2.0,0.5,0.09210340371976188,4.605170185988092,0.020000000000000007,0.2589310799931435,1.9999999999999998,one_minus_s_power,891,True,527.0,527.0,256,1000000
10000,2.0,0.5,0.09210340371976188,4.605170185988092,0.020000000000000007,0.2589310799931435,1.9999999999999998,one_minus_s_power,892,True,924.0,924.0,256,1000000
10000,2.0,0.5,0.09210340371976188,4.605170185988092,0.020000000000000007,0.2589310799931435,1.9999999999999998,one_minus_s_power,893,True,203.0,203.0,256,1000000
10000,2.0,0.5,0.09210340371976188,4.605170185988092,0.020000000000000007,0.2589310799931435,1.9999999999999998,one_minus_s_power,894,True,528.0,528.0,256,1000000
10000,2.0,0.5,0.09210340371976188,4.605170185988092,0.020000000000000007,0.2589310799931435,1.9999999999999998,one_minus_s_power,895,True,148.0,148.0,256,1000000
10000,2.0,0.5,0.09210340371976188,4.605170185988092,0.020000000000000007,0.2589310799931435,1.9999999999999998,one_minus_s_power,896,True,905.0,905.0,256,1000000
10000,2.0,0.5,0.09210340371976188,4.605170185988092,0.020000000000000007,0.2589310799931435,1.9999999999999998,one_minus_s_power,897,True,442.0,442.0,256,1000000
10000,2.0,0.5,0.09210340371976188,4.605170185988092,0.020000000000000007,0.2589310799931435,1.9999999999999998,one_minus_s_power,898,True,661.0,661.0,256,1000000
10000,2.0,0.5,0.09210340371976188,4.605170185988092,0.020000000000000007,0.2589310799931435,1.9999999999999998,one_minus_s_power,899,True,414.0,414.0,256,1000000
10000,2.0,0.5,0.09210340371976188,4.605170185988092,0.020000000000000007,0.2589310799931435,1.9999999999999998,one_minus_s_power,900,True,348.0,348.0,256,1000000
10000,2.0,0.5,0.09210340371976188,4.605170185988092,0.020000000000000007,0.2589310799931435,1.9999999999999998,one_minus_s_power,901,True,455.0,455.0,256,1000000
10000,2.0,0.5,0.09210340371976188,4.605170185988092,0.020000000000000007,0.2589310799931435,1.9999999999999998,one_minus_s_power,902,True,381.0,381.0,256,1000000
10000,2.0,0.5,0.09210340371976188,4.605170185988092,0.020000000000000007,0.2589310799931435,1.9999999999999998,one_minus_s_power,903,True,220.0,220.0,256,1000000
10000,2.0,0.5,0.09210340371976188,4.605170185988092,0.020000000000000007,0.2589310799931435,1.9999999999999998,one_minus_s_power,904,True,101.0,101.0,256,1000000
10000,2.0,0.5,0.09210340371976188,4.605170185988092,0.020000000000000007,0.2589310799931435,1.9999999999999998,one_minus_s_power,905,True,873.0,873.0,256,1000000
10000,2.0,0.5,0.09210340371976188,4.605170185988092,0.020000000000000007,0.2589310799931435,1.9999999999999998,one_minus_s_power,906,True,1469.0,1469.0,256,1000000
10000,2.0,0.5,0.09210340371976188,4.605170185988092,0.020000000000000007,0.2589310799931435,1.9999999999999998,one_minus_s_power,907,True,124.0,124.0,256,1000000
10000,2.0,0.5,0.09210340371976188,4.605170185988092,0.020000000000000007,0.2589310799931435,1.9999999999999998,one_minus_s_power,908,True,185.0,185.0,256,1000000
10000,2.0,0.5,0.09210340371976188,4.605170185988092,0.020000000000000007,0.2589310799931435,1.9999999999999998,one_minus_s_power,909,True,284.0,284.0,256,1000000
10000,2.0,0.5,0.09210340371976188,4.605170185988092,0.020000000000000007,0.2589310799931435,1.9999999999999998,one_minus_s_power,910,True,827.0,827.0,256,1000000
10000,2.0,0.5,0.09210340371976188,4.605170185988092,0.020000000000000007,0.2589310799931435,1.9999999999999998,one_minus_s_power,911,True,65.0,65.0,256,1000000
10000,2.0,0.5,0.09210340371976188,4.605170185988092,0.020000000000000007,0.2589310799931435,1.9999999999999998,one_minus_s_power,912,True,38.0,38.0,256,1000000
10000,2.0,0.5,0.09210340371976188,4.605170185988092,0.020000000000000007,0.2589310799931435,1.9999999999999998,one_minus_s_power,913,True,408.0,408.0,256,1000000
10000,2.0,0.5,0.09210340371976188,4.605170185988092,0.020000000000000007,0.2589310799931435,1.9999999999999998,one_minus_s_power,914,True,77.0,77.0,256,1000000
10000,2.0,0.5,0.09210340371976188,4.605170185988092,0.020000000000000007,0.2589310799931435,1.9999999999999998,one_minus_s_power,915,True,127.0,127.0,256,1000000
10000,2.0,0.5,0.09210340371976188,4.605170185988092,0.020000000000000007,0.2589310799931435,1.9999999999999998,one_minus_s_power,916,True,443.0,443.0,256,1000000
10000,2.0,0.5,0.09210340371976188,4.605170185988092,0.020000000000000007,0.2589310799931435,1.9999999999999998,one_minus_s_power,917,True,483.0,483.0,256,1000000
10000,2.0,0.5,0.09210340371976188,4.605170185988092,0.020000000000000007,0.2589310799931435,1.9999999999999998,one_minus_s_power,918,True,285.0,285.0,256,1000000
10000,2.0,0.5,0.09210340371976188,4.605170185988092,0.020000000000000007,0.2589310799931435,1.9999999999999998,one_minus_s_power,919,True,501.0,501.0,256,1000000
10000,2.0,0.5,0.09210340371976188,4.605170185988092,0.020000000000000007,0.2589310799931435,1.9999999999999998,one_minus_s_power,920,True,129.0,129.0,256,1000000
10000,2.0,0.5,0.09210340371976188,4.605170185988092,0.020000000000000007,0.2589310799931435,1.9999999999999998,one_minus_s_power,921,True,325.0,325.0,256,1000000
10000,2.0,0.5,0.09210340371976188,4.605170185988092,0.020000000000000007,0.2589310799931435,1.9999999999999998,one_minus_s_power,922,True,179.0,179.0,256,1000000
10000,2.0,0.5,0.09210340371976188,4.605170185988092,0.020000000000000007,0.2589310799931435,1.9999999999999998,one_minus_s_power,923,True,867.0,867.0,256,1000000
10000,2.0,0.5,0.09210340371976188,4.605170185988092,0.020000000000000007,0.2589310799931435,1.9999999999999998,one_minus_s_power,924,True,312.0,312.0,256,1000000
10000,2.0,0.5,0.09210340371976188,4.605170185988092,0.020000000000000007,0.2589310799931435,1.9999999999999998,one_minus_s_power,925,True,1388.0,1388.0,256,1000000
10000,2.0,0.5,0.09210340371976188,4.605170185988092,0.020000000000000007,0.2589310799931435,1.9999999999999998,one_minus_s_power,926,True,115.0,115.0,256,1000000
10000,2.0,0.5,0.09210340371976188,4.605170185988092,0.020000000000000007,0.2589310799931435,1.9999999999999998,one_minus_s_power,927,True,1114.0,1114.0,256,1000000
10000,2.0,0.5,0.09210340371976188,4.605170185988092,0.020000000000000007,0.2589310799931435,1.9999999999999998,one_minus_s_power,928,True,597.0,597.0,256,1000000
10000,2.0,0.5,0.09210340371976188,4.605170185988092,0.020000000000000007,0.2589310799931435,1.9999999999999998,one_minus_s_power,929,True,569.0,569.0,256,1000000
10000,2.0,0.5,0.09210340371976188,4.605170185988092,0.020000000000000007,0.2589310799931435,1.9999999999999998,one_minus_s_power,930,True,403.0,403.0,256,1000000
10000,2.0,0.5,0.09210340371976188,4.605170185988092,0.020000000000000007,0.2589310799931435,1.9999999999999998,one_minus_s_power,931,True,1151.0,1151.0,256,1000000
10000,2.0,0.5,0.09210340371976188,4.605170185988092,0.020000000000000007,0.2589310799931435,1.9999999999999998,one_minus_s_power,932,True,505.0,505.0,256,1000000
10000,2.0,0.5,0.09210340371976188,4.605170185988092,0.020000000000000007,0.2589310799931435,1.9999999999999998,one_minus_s_power,933,True,721.0,721.0,256,1000000
10000,2.0,0.5,0.09210340371976188,4.605170185988092,0.020000000000000007,0.2589310799931435,1.9999999999999998,one_minus_s_power,934,True,56.0,56.0,256,1000000
10000,2.0,0.5,0.09210340371976188,4.605170185988092,0.020000000000000007,0.2589310799931435,1.9999999999999998,one_minus_s_power,935,True,149.0,149.0,256,1000000
10000,2.0,0.5,0.09210340371976188,4.605170185988092,0.020000000000000007,0.2589310799931435,1.9999999999999998,one_minus_s_power,936,True,591.0,591.0,256,1000000
10000,2.0,0.5,0.09210340371976188,4.605170185988092,0.020000000000000007,0.2589310799931435,1.9999999999999998,one_minus_s_power,937,True,584.0,584.0,256,1000000
10000,2.0,0.5,0.09210340371976188,4.605170185988092,0.020000000000000007,0.2589310799931435,1.9999999999999998,one_minus_s_power,938,True,196.0,196.0,256,1000000
10000,2.0,0.5,0.09210340371976188,4.605170185988092,0.020000000000000007,0.2589310799931435,1.9999999999999998,one_minus_s_power,939,True,366.0,366.0,256,1000000
10000,2.0,0.5,0.09210340371976188,4.605170185988092,0.020000000000000007,0.2589310799931435,1.9999999999999998,one_minus_s_power,940,True,440.0,440.0,256,1000000
10000,2.0,0.5,0.09210340371976188,4.605170185988092,0.020000000000000007,0.2589310799931435,1.9999999999999998,one_minus_s_power,941,True,92.0,92.0,256,1000000
10000,2.0,0.5,0.09210340371976188,4.605170185988092,0.020000000000000007,0.2589310799931435,1.9999999999999998,one_minus_s_power,942,True,959.0,959.0,256,1000000
10000,2.0,0.5,0.09210340371976188,4.605170185988092,0.020000000000000007,0.2589310799931435,1.9999999999999998,one_minus_s_power,943,True,493.0,493.0,256,1000000
10000,2.0,0.5,0.09210340371976188,4.605170185988092,0.020000000000000007,0.2589310799931435,1.9999999999999998,one_minus_s_power,944,True,191.0,191.0,256,1000000
10000,2.0,0.5,0.09210340371976188,4.605170185988092,0.020000000000000007,0.2589310799931435,1.9999999999999998,one_minus_s_power,945,True,172.0,172.0,256,1000000
10000,2.0,0.5,0.09210340371976188,4.605170185988092,0.020000000000000007,0.2589310799931435,1.9999999999999998,one_minus_s_power,946,True,85.0,85.0,256,1000000
10000,2.0,0.5,0.09210340371976188,4.605170185988092,0.020000000000000007,0.2589310799931435,1.9999999999999998,one_minus_s_power,947,True,477.0,477.0,256,1000000
10000,2.0,0.5,0.09210340371976188,4.605170185988092,0.020000000000000007,0.2589310799931435,1.9999999999999998,one_minus_s_power,948,True,506.0,506.0,256,1000000
10000,2.0,0.5,0.09210340371976188,4.605170185988092,0.020000000000000007,0.2589310799931435,1.9999999999999998,one_minus_s_power,949,True,583.0,583.0,256,1000000
10000,2.0,0.5,0.09210340371976188,4.605170185988092,0.020000000000000007,0.2589310799931435,1.9999999999999998,one_minus_s_power,950,True,546.0,546.0,256,1000000
10000,2.0,0.5,0.09210340371976188,4.605170185988092,0.020000000000000007,0.2589310799931435,1.9999999999999998,one_minus_s_power,951,True,168.0,168.0,256,1000000
10000,2.0,0.5,0.09210340371976188,4.605170185988092,0.020000000000000007,0.2589310799931435,1.9999999999999998,one_minus_s_power,952,True,198.0,198.0,256,1000000
10000,2.0,0.5,0.09210340371976188,4.605170185988092,0.020000000000000007,0.2589310799931435,1.9999999999999998,one_minus_s_power,953,True,576.0,576.0,256,1000000
10000,2.0,0.5,0.09210340371976188,4.605170185988092,0.020000000000000007,0.2589310799931435,1.9999999999999998,one_minus_s_power,954,True,109.0,109.0,256,1000000
10000,2.0,0.5,0.09210340371976188,4.605170185988092,0.020000000000000007,0.2589310799931435,1.9999999999999998,one_minus_s_power,955,True,176.0,176.0,256,1000000
10000,2.0,0.5,0.09210340371976188,4.605170185988092,0.020000000000000007,0.2589310799931435,1.9999999999999998,one_minus_s_power,956,True,551.0,551.0,256,1000000
10000,2.0,0.5,0.09210340371976188,4.605170185988092,0.020000000000000007,0.2589310799931435,1.9999999999999998,one_minus_s_power,957,True,47.0,47.0,256,1000000
10000,2.0,0.5,0.09210340371976188,4.605170185988092,0.020000000000000007,0.2589310799931435,1.9999999999999998,one_minus_s_power,958,True,108.0,108.0,256,1000000
10000,2.0,0.5,0.09210340371976188,4.605170185988092,0.020000000000000007,0.2589310799931435,1.9999999999999998,one_minus_s_power,959,True,301.0,301.0,256,1000000
10000,2.0,0.5,0.09210340371976188,4.605170185988092,0.020000000000000007,0.2589310799931435,1.9999999999999998,one_minus_s_power,960,True,215.0,215.0,256,1000000
10000,2.0,0.5,0.09210340371976188,4.605170185988092,0.020000000000000007,0.2589310799931435,1.9999999999999998,one_minus_s_power,961,True,486.0,486.0,256,1000000
10000,2.0,0.5,0.09210340371976188,4.605170185988092,0.020000000000000007,0.2589310799931435,1.9999999999999998,one_minus_s_power,962,True,412.0,412.0,256,1000000
10000,2.0,0.5,0.09210340371976188,4.605170185988092,0.020000000000000007,0.2589310799931435,1.9999999999999998,one_minus_s_power,963,True,201.0,201.0,256,1000000
10000,2.0,0.5,0.09210340371976188,4.605170185988092,0.020000000000000007,0.2589310799931435,1.9999999999999998,one_minus_s_power,964,True,570.0,570.0,256,1000000
10000,2.0,0.5,0.09210340371976188,4.605170185988092,0.020000000000000007,0.2589310799931435,1.9999999999999998,one_minus_s_power,965,True,958.0,958.0,256,1000000
10000,2.0,0.5,0.09210340371976188,4.605170185988092,0.020000000000000007,0.2589310799931435,1.9999999999999998,one_minus_s_power,966,True,180.0,180.0,256,1000000
10000,2.0,0.5,0.09210340371976188,4.605170185988092,0.020000000000000007,0.2589310799931435,1.9999999999999998,one_minus_s_power,967,True,201.0,201.0,256,1000000
10000,2.0,0.5,0.09210340371976188,4.605170185988092,0.020000000000000007,0.2589310799931435,1.9999999999999998,one_minus_s_power,968,True,222.0,222.0,256,1000000
10000,2.0,0.5,0.09210340371976188,4.605170185988092,0.020000000000000007,0.2589310799931435,1.9999999999999998,one_minus_s_power,969,True,673.0,673.0,256,1000000
10000,2.0,0.5,0.09210340371976188,4.605170185988092,0.020000000000000007,0.2589310799931435,1.9999999999999998,one_minus_s_power,970,True,384.0,384.0,256,1000000
10000,2.0,0.5,0.09210340371976188,4.605170185988092,0.020000000000000007,0.2589310799931435,1.9999999999999998,one_minus_s_power,971,True,233.0,233.0,256,1000000
10000,2.0,0.5,0.09210340371976188,4.605170185988092,0.020000000000000007,0.2589310799931435,1.9999999999999998,one_minus_s_power,972,True,154.0,154.0,256,1000000
10000,2.0,0.5,0.09210340371976188,4.605170185988092,0.020000000000000007,0.2589310799931435,1.9999999999999998,one_minus_s_power,973,True,1088.0,1088.0,256,1000000
10000,2.0,0.5,0.09210340371976188,4.605170185988092,0.020000000000000007,0.2589310799931435,1.9999999999999998,one_minus_s_power,974,True,157.0,157.0,256,1000000
10000,2.0,0.5,0.09210340371976188,4.605170185988092,0.020000000000000007,0.2589310799931435,1.9999999999999998,one_minus_s_power,975,True,341.0,341.0,256,1000000
10000,2.0,0.5,0.09210340371976188,4.605170185988092,0.020000000000000007,0.2589310799931435,1.9999999999999998,one_minus_s_power,976,True,707.0,707.0,256,1000000
10000,2.0,0.5,0.09210340371976188,4.605170185988092,0.020000000000000007,0.2589310799931435,1.9999999999999998,one_minus_s_power,977,True,569.0,569.0,256,1000000
10000,2.0,0.5,0.09210340371976188,4.605170185988092,0.020000000000000007,0.2589310799931435,1.9999999999999998,one_minus_s_power,978,True,706.0,706.0,256,1000000
10000,2.0,0.5,0.09210340371976188,4.605170185988092,0.020000000000000007,0.2589310799931435,1.9999999999999998,one_minus_s_power,979,True,197.0,197.0,256,1000000
10000,2.0,0.5,0.09210340371976188,4.605170185988092,0.020000000000000007,0.2589310799931435,1.9999999999999998,one_minus_s_power,980,True,372.0,372.0,256,1000000
10000,2.0,0.5,0.09210340371976188,4.605170185988092,0.020000000000000007,0.2589310799931435,1.9999999999999998,one_minus_s_power,981,True,207.0,207.0,256,1000000
10000,2.0,0.5,0.09210340371976188,4.605170185988092,0.020000000000000007,0.2589310799931435,1.9999999999999998,one_minus_s_power,982,True,842.0,842.0,256,1000000
10000,2.0,0.5,0.09210340371976188,4.605170185988092,0.020000000000000007,0.2589310799931435,1.9999999999999998,one_minus_s_power,983,True,211.0,211.0,256,1000000
10000,2.0,0.5,0.09210340371976188,4.605170185988092,0.020000000000000007,0.2589310799931435,1.9999999999999998,one_minus_s_power,984,True,351.0,351.0,256,1000000
10000,2.0,0.5,0.09210340371976188,4.605170185988092,0.020000000000000007,0.2589310799931435,1.9999999999999998,one_minus_s_power,985,True,1798.0,1798.0,256,1000000
10000,2.0,0.5,0.09210340371976188,4.605170185988092,0.020000000000000007,0.2589310799931435,1.9999999999999998,one_minus_s_power,986,True,65.0,65.0,256,1000000
10000,2.0,0.5,0.09210340371976188,4.605170185988092,0.020000000000000007,0.2589310799931435,1.9999999999999998,one_minus_s_power,987,True,489.0,489.0,256,1000000
10000,2.0,0.5,0.09210340371976188,4.605170185988092,0.020000000000000007,0.2589310799931435,1.9999999999999998,one_minus_s_power,988,True,778.0,778.0,256,1000000
10000,2.0,0.5,0.09210340371976188,4.605170185988092,0.020000000000000007,0.2589310799931435,1.9999999999999998,one_minus_s_power,989,True,49.0,49.0,256,1000000
10000,2.0,0.5,0.09210340371976188,4.605170185988092,0.020000000000000007,0.2589310799931435,1.9999999999999998,one_minus_s_power,990,True,176.0,176.0,256,1000000
10000,2.0,0.5,0.09210340371976188,4.605170185988092,0.020000000000000007,0.2589310799931435,1.9999999999999998,one_minus_s_power,991,True,685.0,685.0,256,1000000
10000,2.0,0.5,0.09210340371976188,4.605170185988092,0.020000000000000007,0.2589310799931435,1.9999999999999998,one_minus_s_power,992,True,199.0,199.0,256,1000000
10000,2.0,0.5,0.09210340371976188,4.605170185988092,0.020000000000000007,0.2589310799931435,1.9999999999999998,one_minus_s_power,993,True,123.0,123.0,256,1000000
10000,2.0,0.5,0.09210340371976188,4.605170185988092,0.020000000000000007,0.2589310799931435,1.9999999999999998,one_minus_s_power,994,True,316.0,316.0,256,1000000
10000,2.0,0.5,0.09210340371976188,4.605170185988092,0.020000000000000007,0.2589310799931435,1.9999999999999998,one_minus_s_power,995,True,1293.0,1293.0,256,1000000
10000,2.0,0.5,0.09210340371976188,4.605170185988092,0.020000000000000007,0.2589310799931435,1.9999999999999998,one_minus_s_power,996,True,243.0,243.0,256,1000000
10000,2.0,0.5,0.09210340371976188,4.605170185988092,0.020000000000000007,0.2589310799931435,1.9999999999999998,one_minus_s_power,997,True,326.0,326.0,256,1000000
10000,2.0,0.5,0.09210340371976188,4.605170185988092,0.020000000000000007,0.2589310799931435,1.9999999999999998,one_minus_s_power,998,True,816.0,816.0,256,1000000
10000,2.0,0.5,0.09210340371976188,4.605170185988092,0.020000000000000007,0.2589310799931435,1.9999999999999998,one_minus_s_power,999,True,1380.0,1380.0,256,1000000
