N,psi,delta,u,u_div_s,s,effective_beta,psi_check,selection_mode,path_index,hit_x0_zero,t_0,first_loss_time,num_classes,T_MAX
10000,10.0,0.3,0.04379221726738444,2.763102111592855,0.015848931924611138,0.33965076631322794,10.0,one_minus_s_power,0,True,14850.0,14850.0,256,1000000
10000,10.0,0.3,0.04379221726738444,2.763102111592855,0.015848931924611138,0.33965076631322794,10.0,one_minus_s_power,1,True,96182.0,96182.0,256,1000000
10000,10.0,0.3,0.04379221726738444,2.763102111592855,0.015848931924611138,0.33965076631322794,10.0,one_minus_s_power,2,True,15664.0,15664.0,256,1000000
10000,10.0,0.3,0.04379221726738444,2.763102111592855,0.015848931924611138,0.33965076631322794,10.0,one_minus_s_power,3,True,14742.0,14742.0,256,1000000
10000,10.0,0.3,0.04379221726738444,2.763102111592855,0.015848931924611138,0.33965076631322794,10.0,one_minus_s_power,4,True,32593.0,32593.0,256,1000000
10000,10.0,0.3,0.04379221726738444,2.763102111592855,0.015848931924611138,0.33965076631322794,10.0,one_minus_s_power,5,True,239042.0,239042.0,256,1000000
10000,10.0,0.3,0.04379221726738444,2.763102111592855,0.015848931924611138,0.33965076631322794,10.0,one_minus_s_power,6,True,104976.0,104976.0,256,1000000
10000,10.0,0.3,0.04379221726738444,2.763102111592855,0.015848931924611138,0.33965076631322794,10.0,one_minus_s_power,7,True,3337.0,3337.0,256,1000000
10000,10.0,0.3,0.04379221726738444,2.763102111592855,0.015848931924611138,0.33965076631322794,10.0,one_minus_s_power,8,True,151269.0,151269.0,256,1000000
10000,10.0,0.3,0.04379221726738444,2.763102111592855,0.015848931924611138,0.33965076631322794,10.0,one_minus_s_power,9,True,11288.0,11288.0,256,1000000
10000,10.0,0.3,0.04379221726738444,2.763102111592855,0.015848931924611138,0.33965076631322794,10.0,one_minus_s_power,10,True,24987.0,24987.0,256,1000000
10000,10.0,0.3,0.04379221726738444,2.763102111592855,0.015848931924611138,0.33965076631322794,10.0,one_minus_s_power,11,True,22998.0,22998.0,256,1000000
10000,10.0,0.3,0.04379221726738444,2.763102111592855,0.015848931924611138,0.33965076631322794,10.0,one_minus_s_power,12,True,148412.0,148412.0,256,1000000
10000,10.0,0.3,0.04379221726738444,2.763102111592855,0.015848931924611138,0.33965076631322794,10.0,one_minus_s_power,13,True,48197.0,48197.0,256,1000000
10000,10.0,0.3,0.04379221726738444,2.763102111592855,0.015848931924611138,0.33965076631322794,10.0,one_minus_s_power,14,True,41420.0,41420.0,256,1000000
10000,10.0,0.3,0.04379221726738444,2.763102111592855,0.015848931924611138,0.33965076631322794,10.0,one_minus_s_power,15,True,67289.0,67289.0,256,1000000
10000,10.0,0.3,0.04379221726738444,2.763102111592855,0.015848931924611138,0.33965076631322794,10.0,one_minus_s_power,16,True,139037.0,139037.0,256,1000000
10000,10.0,0.3,0.04379221726738444,2.763102111592855,0.015848931924611138,0.33965076631322794,10.0,one_minus_s_power,17,True,15226.0,15226.0,256,1000000
10000,10.0,0.3,0.04379221726738444,2.763102111592855,0.015848931924611138,0.33965076631322794,10.0,one_minus_s_power,18,True,132957.0,132957.0,256,1000000
10000,10.0,0.3,0.04379221726738444,2.763102111592855,0.015848931924611138,0.33965076631322794,10.0,one_minus_s_power,19,True,32322.0,32322.0,256,1000000
10000,10.0,0.3,0.04379221726738444,2.763102111592855,0.015848931924611138,0.33965076631322794,10.0,one_minus_s_power,20,True,13677.0,13677.0,256,1000000
10000,10.0,0.3,0.04379221726738444,2.763102111592855,0.015848931924611138,0.33965076631322794,10.0,one_minus_s_power,21,True,17705.0,17705.0,256,1000000
10000,10.0,0.3,0.04379221726738444,2.763102111592855,0.015848931924611138,0.33965076631322794,10.0,one_minus_s_power,22,True,1737.0,1737.0,256,1000000
10000,10.0,0.3,0.04379221726738444,2.763102111592855,0.015848931924611138,0.33965076631322794,10.0,one_minus_s_power,23,True,24017.0,24017.0,256,1000000
10000,10.0,0.3,0.04379221726738444,2.763102111592855,0.015848931924611138,0.33965076631322794,10.0,one_minus_s_power,24,True,61331.0,61331.0,256,1000000
10000,10.0,0.3,0.04379221726738444,2.763102111592855,0.015848931924611138,0.33965076631322794,10.0,one_minus_s_power,25,True,8888.0,8888.0,256,1000000
10000,10.0,0.3,0.04379221726738444,2.763102111592855,0.015848931924611138,0.33965076631322794,10.0,one_minus_s_power,26,True,69201.0,69201.0,256,1000000
10000,10.0,0.3,0.04379221726738444,2.763102111592855,0.015848931924611138,0.33965076631322794,10.0,one_minus_s_power,27,True,2744.0,2744.0,256,1000000
10000,10.0,0.3,0.04379221726738444,2.763102111592855,0.015848931924611138,0.33965076631322794,10.0,one_minus_s_power,28,True,93595.0,93595.0,256,1000000
10000,10.0,0.3,0.04379221726738444,2.763102111592855,0.015848931924611138,0.33965076631322794,10.0,one_minus_s_power,29,True,43605.0,43605.0,256,1000000
10000,10.0,0.3,0.04379221726738444,2.763102111592855,0.015848931924611138,0.33965076631322794,10.0,one_minus_s_power,30,True,92620.0,92620.0,256,1000000
10000,10.0,0.3,0.04379221726738444,2.763102111592855,0.015848931924611138,0.33965076631322794,10.0,one_minus_s_power,31,True,143683.0,143683.0,256,1000000
10000,10.0,0.3,0.04379221726738444,2.763102111592855,0.015848931924611138,0.33965076631322794,10.0,one_minus_s_power,32,True,10531.0,10531.0,256,1000000
10000,10.0,0.3,0.04379221726738444,2.763102111592855,0.015848931924611138,0.33965076631322794,10.0,one_minus_s_power,33,True,36722.0,36722.0,256,1000000
10000,10.0,0.3,0.04379221726738444,2.763102111592855,0.015848931924611138,0.33965076631322794,10.0,one_minus_s_power,34,True,8453.0,8453.0,256,1000000
10000,10.0,0.3,0.04379221726738444,2.763102111592855,0.015848931924611138,0.33965076631322794,10.0,one_minus_s_power,35,True,57236.0,57236.0,256,1000000
10000,10.0,0.3,0.04379221726738444,2.763102111592855,0.015848931924611138,0.33965076631322794,10.0,one_minus_s_power,36,True,9550.0,9550.0,256,1000000
10000,10.0,0.3,0.04379221726738444,2.763102111592855,0.015848931924611138,0.33965076631322794,10.0,one_minus_s_power,37,True,183258.0,183258.0,256,1000000
10000,10.0,0.3,0.04379221726738444,2.763102111592855,0.015848931924611138,0.33965076631322794,10.0,one_minus_s_power,38,True,93089.0,93089.0,256,1000000
10000,10.0,0.3,0.04379221726738444,2.763102111592855,0.015848931924611138,0.33965076631322794,10.0,one_minus_s_power,39,True,14521.0,14521.0,256,1000000
10000,10.0,0.3,0.04379221726738444,2.763102111592855,0.015848931924611138,0.33965076631322794,10.0,one_minus_s_power,40,True,42804.0,42804.0,256,1000000
10000,10.0,0.3,0.04379221726738444,2.763102111592855,0.015848931924611138,0.33965076631322794,10.0,one_minus_s_power,41,True,5925.0,5925.0,256,1000000
10000,10.0,0.3,0.04379221726738444,2.763102111592855,0.015848931924611138,0.33965076631322794,10.0,one_minus_s_power,42,True,90818.0,90818.0,256,1000000
10000,10.0,0.3,0.04379221726738444,2.763102111592855,0.015848931924611138,0.33965076631322794,10.0,one_minus_s_power,43,True,107245.0,107245.0,256,1000000
10000,10.0,0.3,0.04379221726738444,2.763102111592855,0.015848931924611138,0.33965076631322794,10.0,one_minus_s_power,44,True,15416.0,15416.0,256,1000000
10000,10.0,0.3,0.04379221726738444,2.763102111592855,0.015848931924611138,0.33965076631322794,10.0,one_minus_s_power,45,True,47413.0,47413.0,256,1000000
10000,10.0,0.3,0.04379221726738444,2.763102111592855,0.015848931924611138,0.33965076631322794,10.0,one_minus_s_power,46,True,5717.0,5717.0,256,1000000
10000,10.0,0.3,0.04379221726738444,2.763102111592855,0.015848931924611138,0.33965076631322794,10.0,one_minus_s_power,47,True,98160.0,98160.0,256,1000000
10000,10.0,0.3,0.04379221726738444,2.763102111592855,0.015848931924611138,0.33965076631322794,10.0,one_minus_s_power,48,True,40626.0,40626.0,256,1000000
10000,10.0,0.3,0.04379221726738444,2.763102111592855,0.015848931924611138,0.33965076631322794,10.0,one_minus_s_power,49,True,51929.0,51929.0,256,1000000
10000,10.0,0.3,0.04379221726738444,2.763102111592855,0.015848931924611138,0.33965076631322794,10.0,one_minus_s_power,50,True,3436.0,3436.0,256,1000000
10000,10.0,0.3,0.04379221726738444,2.763102111592855,0.015848931924611138,0.33965076631322794,10.0,one_minus_s_power,51,True,131847.0,131847.0,256,1000000
10000,10.0,0.3,0.04379221726738444,2.763102111592855,0.015848931924611138,0.33965076631322794,10.0,one_minus_s_power,52,True,52741.0,52741.0,256,1000000
10000,10.0,0.3,0.04379221726738444,2.763102111592855,0.015848931924611138,0.33965076631322794,10.0,one_minus_s_power,53,True,48557.0,48557.0,256,1000000
10000,10.0,0.3,0.04379221726738444,2.763102111592855,0.015848931924611138,0.33965076631322794,10.0,one_minus_s_power,54,True,41626.0,41626.0,256,1000000
10000,10.0,0.3,0.04379221726738444,2.763102111592855,0.015848931924611138,0.33965076631322794,10.0,one_minus_s_power,55,True,22741.0,22741.0,256,1000000
10000,10.0,0.3,0.04379221726738444,2.763102111592855,0.015848931924611138,0.33965076631322794,10.0,one_minus_s_power,56,True,240065.0,240065.0,256,1000000
10000,10.0,0.3,0.04379221726738444,2.763102111592855,0.015848931924611138,0.33965076631322794,10.0,one_minus_s_power,57,True,27493.0,27493.0,256,1000000
10000,10.0,0.3,0.04379221726738444,2.763102111592855,0.015848931924611138,0.33965076631322794,10.0,one_minus_s_power,58,True,27566.0,27566.0,256,1000000
10000,10.0,0.3,0.04379221726738444,2.763102111592855,0.015848931924611138,0.33965076631322794,10.0,one_minus_s_power,59,True,29157.0,29157.0,256,1000000
10000,10.0,0.3,0.04379221726738444,2.763102111592855,0.015848931924611138,0.33965076631322794,10.0,one_minus_s_power,60,True,30395.0,30395.0,256,1000000
10000,10.0,0.3,0.04379221726738444,2.763102111592855,0.015848931924611138,0.33965076631322794,10.0,one_minus_s_power,61,True,162747.0,162747.0,256,1000000
10000,10.0,0.3,0.04379221726738444,2.763102111592855,0.015848931924611138,0.33965076631322794,10.0,one_minus_s_power,62,True,12679.0,12679.0,256,1000000
10000,10.0,0.3,0.04379221726738444,2.763102111592855,0.015848931924611138,0.33965076631322794,10.0,one_minus_s_power,63,True,3649.0,3649.0,256,1000000
10000,10.0,0.3,0.04379221726738444,2.763102111592855,0.015848931924611138,0.33965076631322794,10.0,one_minus_s_power,64,True,88042.0,88042.0,256,1000000
10000,10.0,0.3,0.04379221726738444,2.763102111592855,0.015848931924611138,0.33965076631322794,10.0,one_minus_s_power,65,True,5195.0,5195.0,256,1000000
10000,10.0,0.3,0.04379221726738444,2.763102111592855,0.015848931924611138,0.33965076631322794,10.0,one_minus_s_power,66,True,60842.0,60842.0,256,1000000
10000,10.0,0.3,0.04379221726738444,2.763102111592855,0.015848931924611138,0.33965076631322794,10.0,one_minus_s_power,67,True,11796.0,11796.0,256,1000000
10000,10.0,0.3,0.04379221726738444,2.763102111592855,0.015848931924611138,0.33965076631322794,10.0,one_minus_s_power,68,True,20013.0,20013.0,256,1000000
10000,10.0,0.3,0.04379221726738444,2.763102111592855,0.015848931924611138,0.33965076631322794,10.0,one_minus_s_power,69,True,20338.0,20338.0,256,1000000
10000,10.0,0.3,0.04379221726738444,2.763102111592855,0.015848931924611138,0.33965076631322794,10.0,one_minus_s_power,70,True,63244.0,63244.0,256,1000000
10000,10.0,0.3,0.04379221726738444,2.763102111592855,0.015848931924611138,0.33965076631322794,10.0,one_minus_s_power,71,True,581.0,581.0,256,1000000
10000,10.0,0.3,0.04379221726738444,2.763102111592855,0.015848931924611138,0.33965076631322794,10.0,one_minus_s_power,72,True,126487.0,126487.0,256,1000000
10000,10.0,0.3,0.04379221726738444,2.763102111592855,0.015848931924611138,0.33965076631322794,10.0,one_minus_s_power,73,True,46683.0,46683.0,256,1000000
10000,10.0,0.3,0.04379221726738444,2.763102111592855,0.015848931924611138,0.33965076631322794,10.0,one_minus_s_power,74,True,14669.0,14669.0,256,1000000
10000,10.0,0.3,0.04379221726738444,2.763102111592855,0.015848931924611138,0.33965076631322794,10.0,one_minus_s_power,75,True,2782.0,2782.0,256,1000000
10000,10.0,0.3,0.04379221726738444,2.763102111592855,0.015848931924611138,0.33965076631322794,10.0,one_minus_s_power,76,True,55792.0,55792.0,256,1000000
10000,10.0,0.3,0.04379221726738444,2.763102111592855,0.015848931924611138,0.33965076631322794,10.0,one_minus_s_power,77,True,345804.0,345804.0,256,1000000
10000,10.0,0.3,0.04379221726738444,2.763102111592855,0.015848931924611138,0.33965076631322794,10.0,one_minus_s_power,78,True,4683.0,4683.0,256,1000000
10000,10.0,0.3,0.04379221726738444,2.763102111592855,0.015848931924611138,0.33965076631322794,10.0,one_minus_s_power,79,True,9876.0,9876.0,256,1000000
10000,10.0,0.3,0.04379221726738444,2.763102111592855,0.015848931924611138,0.33965076631322794,10.0,one_minus_s_power,80,True,19150.0,19150.0,256,1000000
10000,10.0,0.3,0.04379221726738444,2.763102111592855,0.015848931924611138,0.33965076631322794,10.0,one_minus_s_power,81,True,2422.0,2422.0,256,1000000
10000,10.0,0.3,0.04379221726738444,2.763102111592855,0.015848931924611138,0.33965076631322794,10.0,one_minus_s_power,82,True,41129.0,41129.0,256,1000000
10000,10.0,0.3,0.04379221726738444,2.763102111592855,0.015848931924611138,0.33965076631322794,10.0,one_minus_s_power,83,True,81313.0,81313.0,256,1000000
10000,10.0,0.3,0.04379221726738444,2.763102111592855,0.015848931924611138,0.33965076631322794,10.0,one_minus_s_power,84,True,55731.0,55731.0,256,1000000
10000,10.0,0.3,0.04379221726738444,2.763102111592855,0.015848931924611138,0.33965076631322794,10.0,one_minus_s_power,85,True,92687.0,92687.0,256,1000000
10000,10.0,0.3,0.04379221726738444,2.763102111592855,0.015848931924611138,0.33965076631322794,10.0,one_minus_s_power,86,True,7933.0,7933.0,256,1000000
10000,10.0,0.3,0.04379221726738444,2.763102111592855,0.015848931924611138,0.33965076631322794,10.0,one_minus_s_power,87,True,59924.0,59924.0,256,1000000
10000,10.0,0.3,0.04379221726738444,2.763102111592855,0.015848931924611138,0.33965076631322794,10.0,one_minus_s_power,88,True,77555.0,77555.0,256,1000000
10000,10.0,0.3,0.04379221726738444,2.763102111592855,0.015848931924611138,0.33965076631322794,10.0,one_minus_s_power,89,True,219280.0,219280.0,256,1000000
10000,10.0,0.3,0.04379221726738444,2.763102111592855,0.015848931924611138,0.33965076631322794,10.0,one_minus_s_power,90,True,298867.0,298867.0,256,1000000
10000,10.0,0.3,0.04379221726738444,2.763102111592855,0.015848931924611138,0.33965076631322794,10.0,one_minus_s_power,91,True,30115.0,30115.0,256,1000000
10000,10.0,0.3,0.04379221726738444,2.763102111592855,0.015848931924611138,0.33965076631322794,10.0,one_minus_s_power,92,True,24222.0,24222.0,256,1000000
10000,10.0,0.3,0.04379221726738444,2.763102111592855,0.015848931924611138,0.33965076631322794,10.0,one_minus_s_power,93,True,52889.0,52889.0,256,1000000
10000,10.0,0.3,0.04379221726738444,2.763102111592855,0.015848931924611138,0.33965076631322794,10.0,one_minus_s_power,94,True,126332.0,126332.0,256,1000000
10000,10.0,0.3,0.04379221726738444,2.763102111592855,0.015848931924611138,0.33965076631322794,10.0,one_minus_s_power,95,True,46715.0,46715.0,256,1000000
10000,10.0,0.3,0.04379221726738444,2.763102111592855,0.015848931924611138,0.33965076631322794,10.0,one_minus_s_power,96,True,190667.0,190667.0,256,1000000
10000,10.0,0.3,0.04379221726738444,2.763102111592855,0.015848931924611138,0.33965076631322794,10.0,one_minus_s_power,97,True,40655.0,40655.0,256,1000000
10000,10.0,0.3,0.04379221726738444,2.763102111592855,0.015848931924611138,0.33965076631322794,10.0,one_minus_s_power,98,True,65952.0,65952.0,256,1000000
10000,10.0,0.3,0.04379221726738444,2.763102111592855,0.015848931924611138,0.33965076631322794,10.0,one_minus_s_power,99,True,71187.0,71187.0,256,1000000
10000,10.0,0.3,0.04379221726738444,2.763102111592855,0.015848931924611138,0.33965076631322794,10.0,one_minus_s_power,100,True,5047.0,5047.0,256,1000000
10000,10.0,0.3,0.04379221726738444,2.763102111592855,0.015848931924611138,0.33965076631322794,10.0,one_minus_s_power,101,True,175980.0,175980.0,256,1000000
10000,10.0,0.3,0.04379221726738444,2.763102111592855,0.015848931924611138,0.33965076631322794,10.0,one_minus_s_power,102,True,1594.0,1594.0,256,1000000
10000,10.0,0.3,0.04379221726738444,2.763102111592855,0.015848931924611138,0.33965076631322794,10.0,one_minus_s_power,103,True,36810.0,36810.0,256,1000000
10000,10.0,0.3,0.04379221726738444,2.763102111592855,0.015848931924611138,0.33965076631322794,10.0,one_minus_s_power,104,True,18289.0,18289.0,256,1000000
10000,10.0,0.3,0.04379221726738444,2.763102111592855,0.015848931924611138,0.33965076631322794,10.0,one_minus_s_power,105,True,74365.0,74365.0,256,1000000
10000,10.0,0.3,0.04379221726738444,2.763102111592855,0.015848931924611138,0.33965076631322794,10.0,one_minus_s_power,106,True,41760.0,41760.0,256,1000000
10000,10.0,0.3,0.04379221726738444,2.763102111592855,0.015848931924611138,0.33965076631322794,10.0,one_minus_s_power,107,True,10121.0,10121.0,256,1000000
10000,10.0,0.3,0.04379221726738444,2.763102111592855,0.015848931924611138,0.33965076631322794,10.0,one_minus_s_power,108,True,46764.0,46764.0,256,1000000
10000,10.0,0.3,0.04379221726738444,2.763102111592855,0.015848931924611138,0.33965076631322794,10.0,one_minus_s_power,109,True,28471.0,28471.0,256,1000000
10000,10.0,0.3,0.04379221726738444,2.763102111592855,0.015848931924611138,0.33965076631322794,10.0,one_minus_s_power,110,True,182656.0,182656.0,256,1000000
10000,10.0,0.3,0.04379221726738444,2.763102111592855,0.015848931924611138,0.33965076631322794,10.0,one_minus_s_power,111,True,72112.0,72112.0,256,1000000
10000,10.0,0.3,0.04379221726738444,2.763102111592855,0.015848931924611138,0.33965076631322794,10.0,one_minus_s_power,112,True,34757.0,34757.0,256,1000000
10000,10.0,0.3,0.04379221726738444,2.763102111592855,0.015848931924611138,0.33965076631322794,10.0,one_minus_s_power,113,True,40010.0,40010.0,256,1000000
10000,10.0,0.3,0.04379221726738444,2.763102111592855,0.015848931924611138,0.33965076631322794,10.0,one_minus_s_power,114,True,42229.0,42229.0,256,1000000
10000,10.0,0.3,0.04379221726738444,2.763102111592855,0.015848931924611138,0.33965076631322794,10.0,one_minus_s_power,115,True,19071.0,19071.0,256,1000000
10000,10.0,0.3,0.04379221726738444,2.763102111592855,0.015848931924611138,0.33965076631322794,10.0,one_minus_s_power,116,True,45543.0,45543.0,256,1000000
10000,10.0,0.3,0.04379221726738444,2.763102111592855,0.015848931924611138,0.33965076631322794,10.0,one_minus_s_power,117,True,50276.0,50276.0,256,1000000
10000,10.0,0.3,0.04379221726738444,2.763102111592855,0.015848931924611138,0.33965076631322794,10.0,one_minus_s_power,118,True,27810.0,27810.0,256,1000000
10000,10.0,0.3,0.04379221726738444,2.763102111592855,0.015848931924611138,0.33965076631322794,10.0,one_minus_s_power,119,True,146787.0,146787.0,256,1000000
10000,10.0,0.3,0.04379221726738444,2.763102111592855,0.015848931924611138,0.33965076631322794,10.0,one_minus_s_power,120,True,6129.0,6129.0,256,1000000
10000,10.0,0.3,0.04379221726738444,2.763102111592855,0.015848931924611138,0.33965076631322794,10.0,one_minus_s_power,121,True,145275.0,145275.0,256,1000000
10000,10.0,0.3,0.04379221726738444,2.763102111592855,0.015848931924611138,0.33965076631322794,10.0,one_minus_s_power,122,True,26417.0,26417.0,256,1000000
10000,10.0,0.3,0.04379221726738444,2.763102111592855,0.015848931924611138,0.33965076631322794,10.0,one_minus_s_power,123,True,67782.0,67782.0,256,1000000
10000,10.0,0.3,0.04379221726738444,2.763102111592855,0.015848931924611138,0.33965076631322794,10.0,one_minus_s_power,124,True,94861.0,94861.0,256,1000000
10000,10.0,0.3,0.04379221726738444,2.763102111592855,0.015848931924611138,0.33965076631322794,10.0,one_minus_s_power,125,True,1413.0,1413.0,256,1000000
10000,10.0,0.3,0.04379221726738444,2.763102111592855,0.015848931924611138,0.33965076631322794,10.0,one_minus_s_power,126,True,78955.0,78955.0,256,1000000
10000,10.0,0.3,0.04379221726738444,2.763102111592855,0.015848931924611138,0.33965076631322794,10.0,one_minus_s_power,127,True,120020.0,120020.0,256,1000000
10000,10.0,0.3,0.04379221726738444,2.763102111592855,0.015848931924611138,0.33965076631322794,10.0,one_minus_s_power,128,True,52821.0,52821.0,256,1000000
10000,10.0,0.3,0.04379221726738444,2.763102111592855,0.015848931924611138,0.33965076631322794,10.0,one_minus_s_power,129,True,23900.0,23900.0,256,1000000
10000,10.0,0.3,0.04379221726738444,2.763102111592855,0.015848931924611138,0.33965076631322794,10.0,one_minus_s_power,130,True,12173.0,12173.0,256,1000000
10000,10.0,0.3,0.04379221726738444,2.763102111592855,0.015848931924611138,0.33965076631322794,10.0,one_minus_s_power,131,True,94986.0,94986.0,256,1000000
10000,10.0,0.3,0.04379221726738444,2.763102111592855,0.015848931924611138,0.33965076631322794,10.0,one_minus_s_power,132,True,159915.0,159915.0,256,1000000
10000,10.0,0.3,0.04379221726738444,2.763102111592855,0.015848931924611138,0.33965076631322794,10.0,one_minus_s_power,133,True,5810.0,5810.0,256,1000000
10000,10.0,0.3,0.04379221726738444,2.763102111592855,0.015848931924611138,0.33965076631322794,10.0,one_minus_s_power,134,True,24824.0,24824.0,256,1000000
10000,10.0,0.3,0.04379221726738444,2.763102111592855,0.015848931924611138,0.33965076631322794,10.0,one_minus_s_power,135,True,90536.0,90536.0,256,1000000
10000,10.0,0.3,0.04379221726738444,2.763102111592855,0.015848931924611138,0.33965076631322794,10.0,one_minus_s_power,136,True,57375.0,57375.0,256,1000000
10000,10.0,0.3,0.04379221726738444,2.763102111592855,0.015848931924611138,0.33965076631322794,10.0,one_minus_s_power,137,True,65377.0,65377.0,256,1000000
10000,10.0,0.3,0.04379221726738444,2.763102111592855,0.015848931924611138,0.33965076631322794,10.0,one_minus_s_power,138,True,72736.0,72736.0,256,1000000
10000,10.0,0.3,0.04379221726738444,2.763102111592855,0.015848931924611138,0.33965076631322794,10.0,one_minus_s_power,139,True,6436.0,6436.0,256,1000000
10000,10.0,0.3,0.04379221726738444,2.763102111592855,0.015848931924611138,0.33965076631322794,10.0,one_minus_s_power,140,True,165037.0,165037.0,256,1000000
10000,10.0,0.3,0.04379221726738444,2.763102111592855,0.015848931924611138,0.33965076631322794,10.0,one_minus_s_power,141,True,3726.0,3726.0,256,1000000
10000,10.0,0.3,0.04379221726738444,2.763102111592855,0.015848931924611138,0.33965076631322794,10.0,one_minus_s_power,142,True,171406.0,171406.0,256,1000000
10000,10.0,0.3,0.04379221726738444,2.763102111592855,0.015848931924611138,0.33965076631322794,10.0,one_minus_s_power,143,True,80106.0,80106.0,256,1000000
10000,10.0,0.3,0.04379221726738444,2.763102111592855,0.015848931924611138,0.33965076631322794,10.0,one_minus_s_power,144,True,79364.0,79364.0,256,1000000
10000,10.0,0.3,0.04379221726738444,2.763102111592855,0.015848931924611138,0.33965076631322794,10.0,one_minus_s_power,145,True,18640.0,18640.0,256,1000000
10000,10.0,0.3,0.04379221726738444,2.763102111592855,0.015848931924611138,0.33965076631322794,10.0,one_minus_s_power,146,True,75864.0,75864.0,256,1000000
10000,10.0,0.3,0.04379221726738444,2.763102111592855,0.015848931924611138,0.33965076631322794,10.0,one_minus_s_power,147,True,38356.0,38356.0,256,1000000
10000,10.0,0.3,0.04379221726738444,2.763102111592855,0.015848931924611138,0.33965076631322794,10.0,one_minus_s_power,148,True,39876.0,39876.0,256,1000000
10000,10.0,0.3,0.04379221726738444,2.763102111592855,0.015848931924611138,0.33965076631322794,10.0,one_minus_s_power,149,True,50380.0,50380.0,256,1000000
10000,10.0,0.3,0.04379221726738444,2.763102111592855,0.015848931924611138,0.33965076631322794,10.0,one_minus_s_power,150,True,5848.0,5848.0,256,1000000
10000,10.0,0.3,0.04379221726738444,2.763102111592855,0.015848931924611138,0.33965076631322794,10.0,one_minus_s_power,151,True,7099.0,7099.0,256,1000000
10000,10.0,0.3,0.04379221726738444,2.763102111592855,0.015848931924611138,0.33965076631322794,10.0,one_minus_s_power,152,True,153486.0,153486.0,256,1000000
10000,10.0,0.3,0.04379221726738444,2.763102111592855,0.015848931924611138,0.33965076631322794,10.0,one_minus_s_power,153,True,43488.0,43488.0,256,1000000
10000,10.0,0.3,0.04379221726738444,2.763102111592855,0.015848931924611138,0.33965076631322794,10.0,one_minus_s_power,154,True,155682.0,155682.0,256,1000000
10000,10.0,0.3,0.04379221726738444,2.763102111592855,0.015848931924611138,0.33965076631322794,10.0,one_minus_s_power,155,True,4812.0,4812.0,256,1000000
10000,10.0,0.3,0.04379221726738444,2.763102111592855,0.015848931924611138,0.33965076631322794,10.0,one_minus_s_power,156,True,53428.0,53428.0,256,1000000
10000,10.0,0.3,0.04379221726738444,2.763102111592855,0.015848931924611138,0.33965076631322794,10.0,one_minus_s_power,157,True,26626.0,26626.0,256,1000000
10000,10.0,0.3,0.04379221726738444,2.763102111592855,0.015848931924611138,0.33965076631322794,10.0,one_minus_s_power,158,True,33749.0,33749.0,256,1000000
10000,10.0,0.3,0.04379221726738444,2.763102111592855,0.015848931924611138,0.33965076631322794,10.0,one_minus_s_power,159,True,19009.0,19009.0,256,1000000
10000,10.0,0.3,0.04379221726738444,2.763102111592855,0.015848931924611138,0.33965076631322794,10.0,one_minus_s_power,160,True,29543.0,29543.0,256,1000000
10000,10.0,0.3,0.04379221726738444,2.763102111592855,0.015848931924611138,0.33965076631322794,10.0,one_minus_s_power,161,True,10911.0,10911.0,256,1000000
10000,10.0,0.3,0.04379221726738444,2.763102111592855,0.015848931924611138,0.33965076631322794,10.0,one_minus_s_power,162,True,19421.0,19421.0,256,1000000
10000,10.0,0.3,0.04379221726738444,2.763102111592855,0.015848931924611138,0.33965076631322794,10.0,one_minus_s_power,163,True,65666.0,65666.0,256,1000000
10000,10.0,0.3,0.04379221726738444,2.763102111592855,0.015848931924611138,0.33965076631322794,10.0,one_minus_s_power,164,True,57997.0,57997.0,256,1000000
10000,10.0,0.3,0.04379221726738444,2.763102111592855,0.015848931924611138,0.33965076631322794,10.0,one_minus_s_power,165,True,13189.0,13189.0,256,1000000
10000,10.0,0.3,0.04379221726738444,2.763102111592855,0.015848931924611138,0.33965076631322794,10.0,one_minus_s_power,166,True,59377.0,59377.0,256,1000000
10000,10.0,0.3,0.04379221726738444,2.763102111592855,0.015848931924611138,0.33965076631322794,10.0,one_minus_s_power,167,True,28656.0,28656.0,256,1000000
10000,10.0,0.3,0.04379221726738444,2.763102111592855,0.015848931924611138,0.33965076631322794,10.0,one_minus_s_power,168,True,182934.0,182934.0,256,1000000
10000,10.0,0.3,0.04379221726738444,2.763102111592855,0.015848931924611138,0.33965076631322794,10.0,one_minus_s_power,169,True,41488.0,41488.0,256,1000000
10000,10.0,0.3,0.04379221726738444,2.763102111592855,0.015848931924611138,0.33965076631322794,10.0,one_minus_s_power,170,True,11161.0,11161.0,256,1000000
10000,10.0,0.3,0.04379221726738444,2.763102111592855,0.015848931924611138,0.33965076631322794,10.0,one_minus_s_power,171,True,21979.0,21979.0,256,1000000
10000,10.0,0.3,0.04379221726738444,2.763102111592855,0.015848931924611138,0.33965076631322794,10.0,one_minus_s_power,172,True,117463.0,117463.0,256,1000000
10000,10.0,0.3,0.04379221726738444,2.763102111592855,0.015848931924611138,0.33965076631322794,10.0,one_minus_s_power,173,True,10948.0,10948.0,256,1000000
10000,10.0,0.3,0.04379221726738444,2.763102111592855,0.015848931924611138,0.33965076631322794,10.0,one_minus_s_power,174,True,21200.0,21200.0,256,1000000
10000,10.0,0.3,0.04379221726738444,2.763102111592855,0.015848931924611138,0.33965076631322794,10.0,one_minus_s_power,175,True,343213.0,343213.0,256,1000000
10000,10.0,0.3,0.04379221726738444,2.763102111592855,0.015848931924611138,0.33965076631322794,10.0,one_minus_s_power,176,True,26809.0,26809.0,256,1000000
10000,10.0,0.3,0.04379221726738444,2.763102111592855,0.015848931924611138,0.33965076631322794,10.0,one_minus_s_power,177,True,389566.0,389566.0,256,1000000
10000,10.0,0.3,0.04379221726738444,2.763102111592855,0.015848931924611138,0.33965076631322794,10.0,one_minus_s_power,178,True,20678.0,20678.0,256,1000000
10000,10.0,0.3,0.04379221726738444,2.763102111592855,0.015848931924611138,0.33965076631322794,10.0,one_minus_s_power,179,True,144435.0,144435.0,256,1000000
10000,10.0,0.3,0.04379221726738444,2.763102111592855,0.015848931924611138,0.33965076631322794,10.0,one_minus_s_power,180,True,12613.0,12613.0,256,1000000
10000,10.0,0.3,0.04379221726738444,2.763102111592855,0.015848931924611138,0.33965076631322794,10.0,one_minus_s_power,181,True,114365.0,114365.0,256,1000000
10000,10.0,0.3,0.04379221726738444,2.763102111592855,0.015848931924611138,0.33965076631322794,10.0,one_minus_s_power,182,True,10100.0,10100.0,256,1000000
10000,10.0,0.3,0.04379221726738444,2.763102111592855,0.015848931924611138,0.33965076631322794,10.0,one_minus_s_power,183,True,55275.0,55275.0,256,1000000
10000,10.0,0.3,0.04379221726738444,2.763102111592855,0.015848931924611138,0.33965076631322794,10.0,one_minus_s_power,184,True,23818.0,23818.0,256,1000000
10000,10.0,0.3,0.04379221726738444,2.763102111592855,0.015848931924611138,0.33965076631322794,10.0,one_minus_s_power,185,True,82057.0,82057.0,256,1000000
10000,10.0,0.3,0.04379221726738444,2.763102111592855,0.015848931924611138,0.33965076631322794,10.0,one_minus_s_power,186,True,3665.0,3665.0,256,1000000
10000,10.0,0.3,0.04379221726738444,2.763102111592855,0.015848931924611138,0.33965076631322794,10.0,one_minus_s_power,187,True,3680.0,3680.0,256,1000000
10000,10.0,0.3,0.04379221726738444,2.763102111592855,0.015848931924611138,0.33965076631322794,10.0,one_minus_s_power,188,True,77604.0,77604.0,256,1000000
10000,10.0,0.3,0.04379221726738444,2.763102111592855,0.015848931924611138,0.33965076631322794,10.0,one_minus_s_power,189,True,21815.0,21815.0,256,1000000
10000,10.0,0.3,0.04379221726738444,2.763102111592855,0.015848931924611138,0.33965076631322794,10.0,one_minus_s_power,190,True,16840.0,16840.0,256,1000000
10000,10.0,0.3,0.04379221726738444,2.763102111592855,0.015848931924611138,0.33965076631322794,10.0,one_minus_s_power,191,True,24354.0,24354.0,256,1000000
10000,10.0,0.3,0.04379221726738444,2.763102111592855,0.015848931924611138,0.33965076631322794,10.0,one_minus_s_power,192,True,207778.0,207778.0,256,1000000
10000,10.0,0.3,0.04379221726738444,2.763102111592855,0.015848931924611138,0.33965076631322794,10.0,one_minus_s_power,193,True,3140.0,3140.0,256,1000000
10000,10.0,0.3,0.04379221726738444,2.763102111592855,0.015848931924611138,0.33965076631322794,10.0,one_minus_s_power,194,True,13364.0,13364.0,256,1000000
10000,10.0,0.3,0.04379221726738444,2.763102111592855,0.015848931924611138,0.33965076631322794,10.0,one_minus_s_power,195,True,121332.0,121332.0,256,1000000
10000,10.0,0.3,0.04379221726738444,2.763102111592855,0.015848931924611138,0.33965076631322794,10.0,one_minus_s_power,196,True,1012.0,1012.0,256,1000000
10000,10.0,0.3,0.04379221726738444,2.763102111592855,0.015848931924611138,0.33965076631322794,10.0,one_minus_s_power,197,True,60033.0,60033.0,256,1000000
10000,10.0,0.3,0.04379221726738444,2.763102111592855,0.015848931924611138,0.33965076631322794,10.0,one_minus_s_power,198,True,35836.0,35836.0,256,1000000
10000,10.0,0.3,0.04379221726738444,2.763102111592855,0.015848931924611138,0.33965076631322794,10.0,one_minus_s_power,199,True,76429.0,76429.0,256,1000000
10000,10.0,0.3,0.04379221726738444,2.763102111592855,0.015848931924611138,0.33965076631322794,10.0,one_minus_s_power,200,True,11648.0,11648.0,256,1000000
10000,10.0,0.3,0.04379221726738444,2.763102111592855,0.015848931924611138,0.33965076631322794,10.0,one_minus_s_power,201,True,64604.0,64604.0,256,1000000
10000,10.0,0.3,0.04379221726738444,2.763102111592855,0.015848931924611138,0.33965076631322794,10.0,one_minus_s_power,202,True,1704.0,1704.0,256,1000000
10000,10.0,0.3,0.04379221726738444,2.763102111592855,0.015848931924611138,0.33965076631322794,10.0,one_minus_s_power,203,True,143368.0,143368.0,256,1000000
10000,10.0,0.3,0.04379221726738444,2.763102111592855,0.015848931924611138,0.33965076631322794,10.0,one_minus_s_power,204,True,3480.0,3480.0,256,1000000
10000,10.0,0.3,0.04379221726738444,2.763102111592855,0.015848931924611138,0.33965076631322794,10.0,one_minus_s_power,205,True,16305.0,16305.0,256,1000000
10000,10.0,0.3,0.04379221726738444,2.763102111592855,0.015848931924611138,0.33965076631322794,10.0,one_minus_s_power,206,True,44203.0,44203.0,256,1000000
10000,10.0,0.3,0.04379221726738444,2.763102111592855,0.015848931924611138,0.33965076631322794,10.0,one_minus_s_power,207,True,8357.0,8357.0,256,1000000
10000,10.0,0.3,0.04379221726738444,2.763102111592855,0.015848931924611138,0.33965076631322794,10.0,one_minus_s_power,208,True,63631.0,63631.0,256,1000000
10000,10.0,0.3,0.04379221726738444,2.763102111592855,0.015848931924611138,0.33965076631322794,10.0,one_minus_s_power,209,True,221045.0,221045.0,256,1000000
10000,10.0,0.3,0.04379221726738444,2.763102111592855,0.015848931924611138,0.33965076631322794,10.0,one_minus_s_power,210,True,153616.0,153616.0,256,1000000
10000,10.0,0.3,0.04379221726738444,2.763102111592855,0.015848931924611138,0.33965076631322794,10.0,one_minus_s_power,211,True,36535.0,36535.0,256,1000000
10000,10.0,0.3,0.04379221726738444,2.763102111592855,0.015848931924611138,0.33965076631322794,10.0,one_minus_s_power,212,True,9784.0,9784.0,256,1000000
10000,10.0,0.3,0.04379221726738444,2.763102111592855,0.015848931924611138,0.33965076631322794,10.0,one_minus_s_power,213,True,462.0,462.0,256,1000000
10000,10.0,0.3,0.04379221726738444,2.763102111592855,0.015848931924611138,0.33965076631322794,10.0,one_minus_s_power,214,True,24759.0,24759.0,256,1000000
10000,10.0,0.3,0.04379221726738444,2.763102111592855,0.015848931924611138,0.33965076631322794,10.0,one_minus_s_power,215,True,13614.0,13614.0,256,1000000
10000,10.0,0.3,0.04379221726738444,2.763102111592855,0.015848931924611138,0.33965076631322794,10.0,one_minus_s_power,216,True,59970.0,59970.0,256,1000000
10000,10.0,0.3,0.04379221726738444,2.763102111592855,0.015848931924611138,0.33965076631322794,10.0,one_minus_s_power,217,True,153973.0,153973.0,256,1000000
10000,10.0,0.3,0.04379221726738444,2.763102111592855,0.015848931924611138,0.33965076631322794,10.0,one_minus_s_power,218,True,42137.0,42137.0,256,1000000
10000,10.0,0.3,0.04379221726738444,2.763102111592855,0.015848931924611138,0.33965076631322794,10.0,one_minus_s_power,219,True,39751.0,39751.0,256,1000000
10000,10.0,0.3,0.04379221726738444,2.763102111592855,0.015848931924611138,0.33965076631322794,10.0,one_minus_s_power,220,True,257932.0,257932.0,256,1000000
10000,10.0,0.3,0.04379221726738444,2.763102111592855,0.015848931924611138,0.33965076631322794,10.0,one_minus_s_power,221,True,18463.0,18463.0,256,1000000
10000,10.0,0.3,0.04379221726738444,2.763102111592855,0.015848931924611138,0.33965076631322794,10.0,one_minus_s_power,222,True,18545.0,18545.0,256,1000000
10000,10.0,0.3,0.04379221726738444,2.763102111592855,0.015848931924611138,0.33965076631322794,10.0,one_minus_s_power,223,True,13140.0,13140.0,256,1000000
10000,10.0,0.3,0.04379221726738444,2.763102111592855,0.015848931924611138,0.33965076631322794,10.0,one_minus_s_power,224,True,19971.0,19971.0,256,1000000
10000,10.0,0.3,0.04379221726738444,2.763102111592855,0.015848931924611138,0.33965076631322794,10.0,one_minus_s_power,225,True,17119.0,17119.0,256,1000000
10000,10.0,0.3,0.04379221726738444,2.763102111592855,0.015848931924611138,0.33965076631322794,10.0,one_minus_s_power,226,True,132488.0,132488.0,256,1000000
10000,10.0,0.3,0.04379221726738444,2.763102111592855,0.015848931924611138,0.33965076631322794,10.0,one_minus_s_power,227,True,12829.0,12829.0,256,1000000
10000,10.0,0.3,0.04379221726738444,2.763102111592855,0.015848931924611138,0.33965076631322794,10.0,one_minus_s_power,228,True,118140.0,118140.0,256,1000000
10000,10.0,0.3,0.04379221726738444,2.763102111592855,0.015848931924611138,0.33965076631322794,10.0,one_minus_s_power,229,True,63950.0,63950.0,256,1000000
10000,10.0,0.3,0.04379221726738444,2.763102111592855,0.015848931924611138,0.33965076631322794,10.0,one_minus_s_power,230,True,44406.0,44406.0,256,1000000
10000,10.0,0.3,0.04379221726738444,2.763102111592855,0.015848931924611138,0.33965076631322794,10.0,one_minus_s_power,231,True,64627.0,64627.0,256,1000000
10000,10.0,0.3,0.04379221726738444,2.763102111592855,0.015848931924611138,0.33965076631322794,10.0,one_minus_s_power,232,True,82916.0,82916.0,256,1000000
10000,10.0,0.3,0.04379221726738444,2.763102111592855,0.015848931924611138,0.33965076631322794,10.0,one_minus_s_power,233,True,99985.0,99985.0,256,1000000
10000,10.0,0.3,0.04379221726738444,2.763102111592855,0.015848931924611138,0.33965076631322794,10.0,one_minus_s_power,234,True,8411.0,8411.0,256,1000000
10000,10.0,0.3,0.04379221726738444,2.763102111592855,0.015848931924611138,0.33965076631322794,10.0,one_minus_s_power,235,True,48833.0,48833.0,256,1000000
10000,10.0,0.3,0.04379221726738444,2.763102111592855,0.015848931924611138,0.33965076631322794,10.0,one_minus_s_power,236,True,4436.0,4436.0,256,1000000
10000,10.0,0.3,0.04379221726738444,2.763102111592855,0.015848931924611138,0.33965076631322794,10.0,one_minus_s_power,237,True,39468.0,39468.0,256,1000000
10000,10.0,0.3,0.04379221726738444,2.763102111592855,0.015848931924611138,0.33965076631322794,10.0,one_minus_s_power,238,True,263448.0,263448.0,256,1000000
10000,10.0,0.3,0.04379221726738444,2.763102111592855,0.015848931924611138,0.33965076631322794,10.0,one_minus_s_power,239,True,13963.0,13963.0,256,1000000
10000,10.0,0.3,0.04379221726738444,2.763102111592855,0.015848931924611138,0.33965076631322794,10.0,one_minus_s_power,240,True,50245.0,50245.0,256,1000000
10000,10.0,0.3,0.04379221726738444,2.763102111592855,0.015848931924611138,0.33965076631322794,10.0,one_minus_s_power,241,True,50181.0,50181.0,256,1000000
10000,10.0,0.3,0.04379221726738444,2.763102111592855,0.015848931924611138,0.33965076631322794,10.0,one_minus_s_power,242,True,57683.0,57683.0,256,1000000
10000,10.0,0.3,0.04379221726738444,2.763102111592855,0.015848931924611138,0.33965076631322794,10.0,one_minus_s_power,243,True,29528.0,29528.0,256,1000000
10000,10.0,0.3,0.04379221726738444,2.763102111592855,0.015848931924611138,0.33965076631322794,10.0,one_minus_s_power,244,True,919.0,919.0,256,1000000
10000,10.0,0.3,0.04379221726738444,2.763102111592855,0.015848931924611138,0.33965076631322794,10.0,one_minus_s_power,245,True,54530.0,54530.0,256,1000000
10000,10.0,0.3,0.04379221726738444,2.763102111592855,0.015848931924611138,0.33965076631322794,10.0,one_minus_s_power,246,True,51278.0,51278.0,256,1000000
10000,10.0,0.3,0.04379221726738444,2.763102111592855,0.015848931924611138,0.33965076631322794,10.0,one_minus_s_power,247,True,307.0,307.0,256,1000000
10000,10.0,0.3,0.04379221726738444,2.763102111592855,0.015848931924611138,0.33965076631322794,10.0,one_minus_s_power,248,True,138407.0,138407.0,256,1000000
10000,10.0,0.3,0.04379221726738444,2.763102111592855,0.015848931924611138,0.33965076631322794,10.0,one_minus_s_power,249,True,6268.0,6268.0,256,1000000
10000,10.0,0.3,0.04379221726738444,2.763102111592855,0.015848931924611138,0.33965076631322794,10.0,one_minus_s_power,250,True,31881.0,31881.0,256,1000000
10000,10.0,0.3,0.04379221726738444,2.763102111592855,0.015848931924611138,0.33965076631322794,10.0,one_minus_s_power,251,True,71427.0,71427.0,256,1000000
10000,10.0,0.3,0.04379221726738444,2.763102111592855,0.015848931924611138,0.33965076631322794,10.0,one_minus_s_power,252,True,5968.0,5968.0,256,1000000
10000,10.0,0.3,0.04379221726738444,2.763102111592855,0.015848931924611138,0.33965076631322794,10.0,one_minus_s_power,253,True,5841.0,5841.0,256,1000000
10000,10.0,0.3,0.04379221726738444,2.763102111592855,0.015848931924611138,0.33965076631322794,10.0,one_minus_s_power,254,True,3247.0,3247.0,256,1000000
10000,10.0,0.3,0.04379221726738444,2.763102111592855,0.015848931924611138,0.33965076631322794,10.0,one_minus_s_power,255,True,50262.0,50262.0,256,1000000
10000,10.0,0.3,0.04379221726738444,2.763102111592855,0.015848931924611138,0.33965076631322794,10.0,one_minus_s_power,256,True,8716.0,8716.0,256,1000000
10000,10.0,0.3,0.04379221726738444,2.763102111592855,0.015848931924611138,0.33965076631322794,10.0,one_minus_s_power,257,True,30632.0,30632.0,256,1000000
10000,10.0,0.3,0.04379221726738444,2.763102111592855,0.015848931924611138,0.33965076631322794,10.0,one_minus_s_power,258,True,226183.0,226183.0,256,1000000
10000,10.0,0.3,0.04379221726738444,2.763102111592855,0.015848931924611138,0.33965076631322794,10.0,one_minus_s_power,259,True,74395.0,74395.0,256,1000000
10000,10.0,0.3,0.04379221726738444,2.763102111592855,0.015848931924611138,0.33965076631322794,10.0,one_minus_s_power,260,True,31829.0,31829.0,256,1000000
10000,10.0,0.3,0.04379221726738444,2.763102111592855,0.015848931924611138,0.33965076631322794,10.0,one_minus_s_power,261,True,32907.0,32907.0,256,1000000
10000,10.0,0.3,0.04379221726738444,2.763102111592855,0.015848931924611138,0.33965076631322794,10.0,one_minus_s_power,262,True,1186.0,1186.0,256,1000000
10000,10.0,0.3,0.04379221726738444,2.763102111592855,0.015848931924611138,0.33965076631322794,10.0,one_minus_s_power,263,True,94027.0,94027.0,256,1000000
10000,10.0,0.3,0.04379221726738444,2.763102111592855,0.015848931924611138,0.33965076631322794,10.0,one_minus_s_power,264,True,8232.0,8232.0,256,1000000
10000,10.0,0.3,0.04379221726738444,2.763102111592855,0.015848931924611138,0.33965076631322794,10.0,one_minus_s_power,265,True,60555.0,60555.0,256,1000000
10000,10.0,0.3,0.04379221726738444,2.763102111592855,0.015848931924611138,0.33965076631322794,10.0,one_minus_s_power,266,True,54275.0,54275.0,256,1000000
10000,10.0,0.3,0.04379221726738444,2.763102111592855,0.015848931924611138,0.33965076631322794,10.0,one_minus_s_power,267,True,75961.0,75961.0,256,1000000
10000,10.0,0.3,0.04379221726738444,2.763102111592855,0.015848931924611138,0.33965076631322794,10.0,one_minus_s_power,268,True,11012.0,11012.0,256,1000000
10000,10.0,0.3,0.04379221726738444,2.763102111592855,0.015848931924611138,0.33965076631322794,10.0,one_minus_s_power,269,True,21203.0,21203.0,256,1000000
10000,10.0,0.3,0.04379221726738444,2.763102111592855,0.015848931924611138,0.33965076631322794,10.0,one_minus_s_power,270,True,104037.0,104037.0,256,1000000
10000,10.0,0.3,0.04379221726738444,2.763102111592855,0.015848931924611138,0.33965076631322794,10.0,one_minus_s_power,271,True,5683.0,5683.0,256,1000000
10000,10.0,0.3,0.04379221726738444,2.763102111592855,0.015848931924611138,0.33965076631322794,10.0,one_minus_s_power,272,True,232353.0,232353.0,256,1000000
10000,10.0,0.3,0.04379221726738444,2.763102111592855,0.015848931924611138,0.33965076631322794,10.0,one_minus_s_power,273,True,10644.0,10644.0,256,1000000
10000,10.0,0.3,0.04379221726738444,2.763102111592855,0.015848931924611138,0.33965076631322794,10.0,one_minus_s_power,274,True,79997.0,79997.0,256,1000000
10000,10.0,0.3,0.04379221726738444,2.763102111592855,0.015848931924611138,0.33965076631322794,10.0,one_minus_s_power,275,True,76156.0,76156.0,256,1000000
10000,10.0,0.3,0.04379221726738444,2.763102111592855,0.015848931924611138,0.33965076631322794,10.0,one_minus_s_power,276,True,27347.0,27347.0,256,1000000
10000,10.0,0.3,0.04379221726738444,2.763102111592855,0.015848931924611138,0.33965076631322794,10.0,one_minus_s_power,277,True,46258.0,46258.0,256,1000000
10000,10.0,0.3,0.04379221726738444,2.763102111592855,0.015848931924611138,0.33965076631322794,10.0,one_minus_s_power,278,True,35110.0,35110.0,256,1000000
10000,10.0,0.3,0.04379221726738444,2.763102111592855,0.015848931924611138,0.33965076631322794,10.0,one_minus_s_power,279,True,9624.0,9624.0,256,1000000
10000,10.0,0.3,0.04379221726738444,2.763102111592855,0.015848931924611138,0.33965076631322794,10.0,one_minus_s_power,280,True,28431.0,28431.0,256,1000000
10000,10.0,0.3,0.04379221726738444,2.763102111592855,0.015848931924611138,0.33965076631322794,10.0,one_minus_s_power,281,True,128303.0,128303.0,256,1000000
10000,10.0,0.3,0.04379221726738444,2.763102111592855,0.015848931924611138,0.33965076631322794,10.0,one_minus_s_power,282,True,39917.0,39917.0,256,1000000
10000,10.0,0.3,0.04379221726738444,2.763102111592855,0.015848931924611138,0.33965076631322794,10.0,one_minus_s_power,283,True,38016.0,38016.0,256,1000000
10000,10.0,0.3,0.04379221726738444,2.763102111592855,0.015848931924611138,0.33965076631322794,10.0,one_minus_s_power,284,True,47947.0,47947.0,256,1000000
10000,10.0,0.3,0.04379221726738444,2.763102111592855,0.015848931924611138,0.33965076631322794,10.0,one_minus_s_power,285,True,49902.0,49902.0,256,1000000
10000,10.0,0.3,0.04379221726738444,2.763102111592855,0.015848931924611138,0.33965076631322794,10.0,one_minus_s_power,286,True,118977.0,118977.0,256,1000000
10000,10.0,0.3,0.04379221726738444,2.763102111592855,0.015848931924611138,0.33965076631322794,10.0,one_minus_s_power,287,True,35266.0,35266.0,256,1000000
10000,10.0,0.3,0.04379221726738444,2.763102111592855,0.015848931924611138,0.33965076631322794,10.0,one_minus_s_power,288,True,18883.0,18883.0,256,1000000
10000,10.0,0.3,0.04379221726738444,2.763102111592855,0.015848931924611138,0.33965076631322794,10.0,one_minus_s_power,289,True,62558.0,62558.0,256,1000000
10000,10.0,0.3,0.04379221726738444,2.763102111592855,0.015848931924611138,0.33965076631322794,10.0,one_minus_s_power,290,True,240611.0,240611.0,256,1000000
10000,10.0,0.3,0.04379221726738444,2.763102111592855,0.015848931924611138,0.33965076631322794,10.0,one_minus_s_power,291,True,34862.0,34862.0,256,1000000
10000,10.0,0.3,0.04379221726738444,2.763102111592855,0.015848931924611138,0.33965076631322794,10.0,one_minus_s_power,292,True,87784.0,87784.0,256,1000000
10000,10.0,0.3,0.04379221726738444,2.763102111592855,0.015848931924611138,0.33965076631322794,10.0,one_minus_s_power,293,True,68059.0,68059.0,256,1000000
10000,10.0,0.3,0.04379221726738444,2.763102111592855,0.015848931924611138,0.33965076631322794,10.0,one_minus_s_power,294,True,64229.0,64229.0,256,1000000
10000,10.0,0.3,0.04379221726738444,2.763102111592855,0.015848931924611138,0.33965076631322794,10.0,one_minus_s_power,295,True,74733.0,74733.0,256,1000000
10000,10.0,0.3,0.04379221726738444,2.763102111592855,0.015848931924611138,0.33965076631322794,10.0,one_minus_s_power,296,True,13627.0,13627.0,256,1000000
10000,10.0,0.3,0.04379221726738444,2.763102111592855,0.015848931924611138,0.33965076631322794,10.0,one_minus_s_power,297,True,23759.0,23759.0,256,1000000
10000,10.0,0.3,0.04379221726738444,2.763102111592855,0.015848931924611138,0.33965076631322794,10.0,one_minus_s_power,298,True,23505.0,23505.0,256,1000000
10000,10.0,0.3,0.04379221726738444,2.763102111592855,0.015848931924611138,0.33965076631322794,10.0,one_minus_s_power,299,True,36729.0,36729.0,256,1000000
10000,10.0,0.3,0.04379221726738444,2.763102111592855,0.015848931924611138,0.33965076631322794,10.0,one_minus_s_power,300,True,37790.0,37790.0,256,1000000
10000,10.0,0.3,0.04379221726738444,2.763102111592855,0.015848931924611138,0.33965076631322794,10.0,one_minus_s_power,301,True,41590.0,41590.0,256,1000000
10000,10.0,0.3,0.04379221726738444,2.763102111592855,0.015848931924611138,0.33965076631322794,10.0,one_minus_s_power,302,True,31002.0,31002.0,256,1000000
10000,10.0,0.3,0.04379221726738444,2.763102111592855,0.015848931924611138,0.33965076631322794,10.0,one_minus_s_power,303,True,15735.0,15735.0,256,1000000
10000,10.0,0.3,0.04379221726738444,2.763102111592855,0.015848931924611138,0.33965076631322794,10.0,one_minus_s_power,304,True,18989.0,18989.0,256,1000000
10000,10.0,0.3,0.04379221726738444,2.763102111592855,0.015848931924611138,0.33965076631322794,10.0,one_minus_s_power,305,True,22552.0,22552.0,256,1000000
10000,10.0,0.3,0.04379221726738444,2.763102111592855,0.015848931924611138,0.33965076631322794,10.0,one_minus_s_power,306,True,24235.0,24235.0,256,1000000
10000,10.0,0.3,0.04379221726738444,2.763102111592855,0.015848931924611138,0.33965076631322794,10.0,one_minus_s_power,307,True,56280.0,56280.0,256,1000000
10000,10.0,0.3,0.04379221726738444,2.763102111592855,0.015848931924611138,0.33965076631322794,10.0,one_minus_s_power,308,True,36139.0,36139.0,256,1000000
10000,10.0,0.3,0.04379221726738444,2.763102111592855,0.015848931924611138,0.33965076631322794,10.0,one_minus_s_power,309,True,3573.0,3573.0,256,1000000
10000,10.0,0.3,0.04379221726738444,2.763102111592855,0.015848931924611138,0.33965076631322794,10.0,one_minus_s_power,310,True,40019.0,40019.0,256,1000000
10000,10.0,0.3,0.04379221726738444,2.763102111592855,0.015848931924611138,0.33965076631322794,10.0,one_minus_s_power,311,True,58768.0,58768.0,256,1000000
10000,10.0,0.3,0.04379221726738444,2.763102111592855,0.015848931924611138,0.33965076631322794,10.0,one_minus_s_power,312,True,19114.0,19114.0,256,1000000
10000,10.0,0.3,0.04379221726738444,2.763102111592855,0.015848931924611138,0.33965076631322794,10.0,one_minus_s_power,313,True,71577.0,71577.0,256,1000000
10000,10.0,0.3,0.04379221726738444,2.763102111592855,0.015848931924611138,0.33965076631322794,10.0,one_minus_s_power,314,True,7525.0,7525.0,256,1000000
10000,10.0,0.3,0.04379221726738444,2.763102111592855,0.015848931924611138,0.33965076631322794,10.0,one_minus_s_power,315,True,14678.0,14678.0,256,1000000
10000,10.0,0.3,0.04379221726738444,2.763102111592855,0.015848931924611138,0.33965076631322794,10.0,one_minus_s_power,316,True,111764.0,111764.0,256,1000000
10000,10.0,0.3,0.04379221726738444,2.763102111592855,0.015848931924611138,0.33965076631322794,10.0,one_minus_s_power,317,True,119712.0,119712.0,256,1000000
10000,10.0,0.3,0.04379221726738444,2.763102111592855,0.015848931924611138,0.33965076631322794,10.0,one_minus_s_power,318,True,15538.0,15538.0,256,1000000
10000,10.0,0.3,0.04379221726738444,2.763102111592855,0.015848931924611138,0.33965076631322794,10.0,one_minus_s_power,319,True,5544.0,5544.0,256,1000000
10000,10.0,0.3,0.04379221726738444,2.763102111592855,0.015848931924611138,0.33965076631322794,10.0,one_minus_s_power,320,True,117222.0,117222.0,256,1000000
10000,10.0,0.3,0.04379221726738444,2.763102111592855,0.015848931924611138,0.33965076631322794,10.0,one_minus_s_power,321,True,80067.0,80067.0,256,1000000
10000,10.0,0.3,0.04379221726738444,2.763102111592855,0.015848931924611138,0.33965076631322794,10.0,one_minus_s_power,322,True,109604.0,109604.0,256,1000000
10000,10.0,0.3,0.04379221726738444,2.763102111592855,0.015848931924611138,0.33965076631322794,10.0,one_minus_s_power,323,True,31845.0,31845.0,256,1000000
10000,10.0,0.3,0.04379221726738444,2.763102111592855,0.015848931924611138,0.33965076631322794,10.0,one_minus_s_power,324,True,3469.0,3469.0,256,1000000
10000,10.0,0.3,0.04379221726738444,2.763102111592855,0.015848931924611138,0.33965076631322794,10.0,one_minus_s_power,325,True,214072.0,214072.0,256,1000000
10000,10.0,0.3,0.04379221726738444,2.763102111592855,0.015848931924611138,0.33965076631322794,10.0,one_minus_s_power,326,True,21582.0,21582.0,256,1000000
10000,10.0,0.3,0.04379221726738444,2.763102111592855,0.015848931924611138,0.33965076631322794,10.0,one_minus_s_power,327,True,57080.0,57080.0,256,1000000
10000,10.0,0.3,0.04379221726738444,2.763102111592855,0.015848931924611138,0.33965076631322794,10.0,one_minus_s_power,328,True,54630.0,54630.0,256,1000000
10000,10.0,0.3,0.04379221726738444,2.763102111592855,0.015848931924611138,0.33965076631322794,10.0,one_minus_s_power,329,True,73982.0,73982.0,256,1000000
10000,10.0,0.3,0.04379221726738444,2.763102111592855,0.015848931924611138,0.33965076631322794,10.0,one_minus_s_power,330,True,62362.0,62362.0,256,1000000
10000,10.0,0.3,0.04379221726738444,2.763102111592855,0.015848931924611138,0.33965076631322794,10.0,one_minus_s_power,331,True,171500.0,171500.0,256,1000000
10000,10.0,0.3,0.04379221726738444,2.763102111592855,0.015848931924611138,0.33965076631322794,10.0,one_minus_s_power,332,True,12242.0,12242.0,256,1000000
10000,10.0,0.3,0.04379221726738444,2.763102111592855,0.015848931924611138,0.33965076631322794,10.0,one_minus_s_power,333,True,139240.0,139240.0,256,1000000
10000,10.0,0.3,0.04379221726738444,2.763102111592855,0.015848931924611138,0.33965076631322794,10.0,one_minus_s_power,334,True,85604.0,85604.0,256,1000000
10000,10.0,0.3,0.04379221726738444,2.763102111592855,0.015848931924611138,0.33965076631322794,10.0,one_minus_s_power,335,True,254444.0,254444.0,256,1000000
10000,10.0,0.3,0.04379221726738444,2.763102111592855,0.015848931924611138,0.33965076631322794,10.0,one_minus_s_power,336,True,77708.0,77708.0,256,1000000
10000,10.0,0.3,0.04379221726738444,2.763102111592855,0.015848931924611138,0.33965076631322794,10.0,one_minus_s_power,337,True,33263.0,33263.0,256,1000000
10000,10.0,0.3,0.04379221726738444,2.763102111592855,0.015848931924611138,0.33965076631322794,10.0,one_minus_s_power,338,True,36521.0,36521.0,256,1000000
10000,10.0,0.3,0.04379221726738444,2.763102111592855,0.015848931924611138,0.33965076631322794,10.0,one_minus_s_power,339,True,6034.0,6034.0,256,1000000
10000,10.0,0.3,0.04379221726738444,2.763102111592855,0.015848931924611138,0.33965076631322794,10.0,one_minus_s_power,340,True,49911.0,49911.0,256,1000000
10000,10.0,0.3,0.04379221726738444,2.763102111592855,0.015848931924611138,0.33965076631322794,10.0,one_minus_s_power,341,True,5654.0,5654.0,256,1000000
10000,10.0,0.3,0.04379221726738444,2.763102111592855,0.015848931924611138,0.33965076631322794,10.0,one_minus_s_power,342,True,102258.0,102258.0,256,1000000
10000,10.0,0.3,0.04379221726738444,2.763102111592855,0.015848931924611138,0.33965076631322794,10.0,one_minus_s_power,343,True,53835.0,53835.0,256,1000000
10000,10.0,0.3,0.04379221726738444,2.763102111592855,0.015848931924611138,0.33965076631322794,10.0,one_minus_s_power,344,True,14491.0,14491.0,256,1000000
10000,10.0,0.3,0.04379221726738444,2.763102111592855,0.015848931924611138,0.33965076631322794,10.0,one_minus_s_power,345,True,152435.0,152435.0,256,1000000
10000,10.0,0.3,0.04379221726738444,2.763102111592855,0.015848931924611138,0.33965076631322794,10.0,one_minus_s_power,346,True,52354.0,52354.0,256,1000000
10000,10.0,0.3,0.04379221726738444,2.763102111592855,0.015848931924611138,0.33965076631322794,10.0,one_minus_s_power,347,True,96801.0,96801.0,256,1000000
10000,10.0,0.3,0.04379221726738444,2.763102111592855,0.015848931924611138,0.33965076631322794,10.0,one_minus_s_power,348,True,9095.0,9095.0,256,1000000
10000,10.0,0.3,0.04379221726738444,2.763102111592855,0.015848931924611138,0.33965076631322794,10.0,one_minus_s_power,349,True,3146.0,3146.0,256,1000000
10000,10.0,0.3,0.04379221726738444,2.763102111592855,0.015848931924611138,0.33965076631322794,10.0,one_minus_s_power,350,True,70283.0,70283.0,256,1000000
10000,10.0,0.3,0.04379221726738444,2.763102111592855,0.015848931924611138,0.33965076631322794,10.0,one_minus_s_power,351,True,14886.0,14886.0,256,1000000
10000,10.0,0.3,0.04379221726738444,2.763102111592855,0.015848931924611138,0.33965076631322794,10.0,one_minus_s_power,352,True,11341.0,11341.0,256,1000000
10000,10.0,0.3,0.04379221726738444,2.763102111592855,0.015848931924611138,0.33965076631322794,10.0,one_minus_s_power,353,True,102063.0,102063.0,256,1000000
10000,10.0,0.3,0.04379221726738444,2.763102111592855,0.015848931924611138,0.33965076631322794,10.0,one_minus_s_power,354,True,80808.0,80808.0,256,1000000
10000,10.0,0.3,0.04379221726738444,2.763102111592855,0.015848931924611138,0.33965076631322794,10.0,one_minus_s_power,355,True,83711.0,83711.0,256,1000000
10000,10.0,0.3,0.04379221726738444,2.763102111592855,0.015848931924611138,0.33965076631322794,10.0,one_minus_s_power,356,True,155339.0,155339.0,256,1000000
10000,10.0,0.3,0.04379221726738444,2.763102111592855,0.015848931924611138,0.33965076631322794,10.0,one_minus_s_power,357,True,33343.0,33343.0,256,1000000
10000,10.0,0.3,0.04379221726738444,2.763102111592855,0.015848931924611138,0.33965076631322794,10.0,one_minus_s_power,358,True,92986.0,92986.0,256,1000000
10000,10.0,0.3,0.04379221726738444,2.763102111592855,0.015848931924611138,0.33965076631322794,10.0,one_minus_s_power,359,True,962.0,962.0,256,1000000
10000,10.0,0.3,0.04379221726738444,2.763102111592855,0.015848931924611138,0.33965076631322794,10.0,one_minus_s_power,360,True,21355.0,21355.0,256,1000000
10000,10.0,0.3,0.04379221726738444,2.763102111592855,0.015848931924611138,0.33965076631322794,10.0,one_minus_s_power,361,True,13830.0,13830.0,256,1000000
10000,10.0,0.3,0.04379221726738444,2.763102111592855,0.015848931924611138,0.33965076631322794,10.0,one_minus_s_power,362,True,20555.0,20555.0,256,1000000
10000,10.0,0.3,0.04379221726738444,2.763102111592855,0.015848931924611138,0.33965076631322794,10.0,one_minus_s_power,363,True,49415.0,49415.0,256,1000000
10000,10.0,0.3,0.04379221726738444,2.763102111592855,0.015848931924611138,0.33965076631322794,10.0,one_minus_s_power,364,True,101002.0,101002.0,256,1000000
10000,10.0,0.3,0.04379221726738444,2.763102111592855,0.015848931924611138,0.33965076631322794,10.0,one_minus_s_power,365,True,52639.0,52639.0,256,1000000
10000,10.0,0.3,0.04379221726738444,2.763102111592855,0.015848931924611138,0.33965076631322794,10.0,one_minus_s_power,366,True,16953.0,16953.0,256,1000000
10000,10.0,0.3,0.04379221726738444,2.763102111592855,0.015848931924611138,0.33965076631322794,10.0,one_minus_s_power,367,True,37009.0,37009.0,256,1000000
10000,10.0,0.3,0.04379221726738444,2.763102111592855,0.015848931924611138,0.33965076631322794,10.0,one_minus_s_power,368,True,28510.0,28510.0,256,1000000
10000,10.0,0.3,0.04379221726738444,2.763102111592855,0.015848931924611138,0.33965076631322794,10.0,one_minus_s_power,369,True,79533.0,79533.0,256,1000000
10000,10.0,0.3,0.04379221726738444,2.763102111592855,0.015848931924611138,0.33965076631322794,10.0,one_minus_s_power,370,True,2624.0,2624.0,256,1000000
10000,10.0,0.3,0.04379221726738444,2.763102111592855,0.015848931924611138,0.33965076631322794,10.0,one_minus_s_power,371,True,83007.0,83007.0,256,1000000
10000,10.0,0.3,0.04379221726738444,2.763102111592855,0.015848931924611138,0.33965076631322794,10.0,one_minus_s_power,372,True,14328.0,14328.0,256,1000000
10000,10.0,0.3,0.04379221726738444,2.763102111592855,0.015848931924611138,0.33965076631322794,10.0,one_minus_s_power,373,True,116532.0,116532.0,256,1000000
10000,10.0,0.3,0.04379221726738444,2.763102111592855,0.015848931924611138,0.33965076631322794,10.0,one_minus_s_power,374,True,35015.0,35015.0,256,1000000
10000,10.0,0.3,0.04379221726738444,2.763102111592855,0.015848931924611138,0.33965076631322794,10.0,one_minus_s_power,375,True,58897.0,58897.0,256,1000000
10000,10.0,0.3,0.04379221726738444,2.763102111592855,0.015848931924611138,0.33965076631322794,10.0,one_minus_s_power,376,True,45360.0,45360.0,256,1000000
10000,10.0,0.3,0.04379221726738444,2.763102111592855,0.015848931924611138,0.33965076631322794,10.0,one_minus_s_power,377,True,862.0,862.0,256,1000000
10000,10.0,0.3,0.04379221726738444,2.763102111592855,0.015848931924611138,0.33965076631322794,10.0,one_minus_s_power,378,True,174719.0,174719.0,256,1000000
10000,10.0,0.3,0.04379221726738444,2.763102111592855,0.015848931924611138,0.33965076631322794,10.0,one_minus_s_power,379,True,1316.0,1316.0,256,1000000
10000,10.0,0.3,0.04379221726738444,2.763102111592855,0.015848931924611138,0.33965076631322794,10.0,one_minus_s_power,380,True,28161.0,28161.0,256,1000000
10000,10.0,0.3,0.04379221726738444,2.763102111592855,0.015848931924611138,0.33965076631322794,10.0,one_minus_s_power,381,True,140025.0,140025.0,256,1000000
10000,10.0,0.3,0.04379221726738444,2.763102111592855,0.015848931924611138,0.33965076631322794,10.0,one_minus_s_power,382,True,44508.0,44508.0,256,1000000
10000,10.0,0.3,0.04379221726738444,2.763102111592855,0.015848931924611138,0.33965076631322794,10.0,one_minus_s_power,383,True,138298.0,138298.0,256,1000000
10000,10.0,0.3,0.04379221726738444,2.763102111592855,0.015848931924611138,0.33965076631322794,10.0,one_minus_s_power,384,True,69932.0,69932.0,256,1000000
10000,10.0,0.3,0.04379221726738444,2.763102111592855,0.015848931924611138,0.33965076631322794,10.0,one_minus_s_power,385,True,43253.0,43253.0,256,1000000
10000,10.0,0.3,0.04379221726738444,2.763102111592855,0.015848931924611138,0.33965076631322794,10.0,one_minus_s_power,386,True,13367.0,13367.0,256,1000000
10000,10.0,0.3,0.04379221726738444,2.763102111592855,0.015848931924611138,0.33965076631322794,10.0,one_minus_s_power,387,True,1607.0,1607.0,256,1000000
10000,10.0,0.3,0.04379221726738444,2.763102111592855,0.015848931924611138,0.33965076631322794,10.0,one_minus_s_power,388,True,1063.0,1063.0,256,1000000
10000,10.0,0.3,0.04379221726738444,2.763102111592855,0.015848931924611138,0.33965076631322794,10.0,one_minus_s_power,389,True,213175.0,213175.0,256,1000000
10000,10.0,0.3,0.04379221726738444,2.763102111592855,0.015848931924611138,0.33965076631322794,10.0,one_minus_s_power,390,True,103252.0,103252.0,256,1000000
10000,10.0,0.3,0.04379221726738444,2.763102111592855,0.015848931924611138,0.33965076631322794,10.0,one_minus_s_power,391,True,4010.0,4010.0,256,1000000
10000,10.0,0.3,0.04379221726738444,2.763102111592855,0.015848931924611138,0.33965076631322794,10.0,one_minus_s_power,392,True,22162.0,22162.0,256,1000000
10000,10.0,0.3,0.04379221726738444,2.763102111592855,0.015848931924611138,0.33965076631322794,10.0,one_minus_s_power,393,True,94866.0,94866.0,256,1000000
10000,10.0,0.3,0.04379221726738444,2.763102111592855,0.015848931924611138,0.33965076631322794,10.0,one_minus_s_power,394,True,30298.0,30298.0,256,1000000
10000,10.0,0.3,0.04379221726738444,2.763102111592855,0.015848931924611138,0.33965076631322794,10.0,one_minus_s_power,395,True,180100.0,180100.0,256,1000000
10000,10.0,0.3,0.04379221726738444,2.763102111592855,0.015848931924611138,0.33965076631322794,10.0,one_minus_s_power,396,True,20832.0,20832.0,256,1000000
10000,10.0,0.3,0.04379221726738444,2.763102111592855,0.015848931924611138,0.33965076631322794,10.0,one_minus_s_power,397,True,11915.0,11915.0,256,1000000
10000,10.0,0.3,0.04379221726738444,2.763102111592855,0.015848931924611138,0.33965076631322794,10.0,one_minus_s_power,398,True,57452.0,57452.0,256,1000000
10000,10.0,0.3,0.04379221726738444,2.763102111592855,0.015848931924611138,0.33965076631322794,10.0,one_minus_s_power,399,True,13776.0,13776.0,256,1000000
10000,10.0,0.3,0.04379221726738444,2.763102111592855,0.015848931924611138,0.33965076631322794,10.0,one_minus_s_power,400,True,46982.0,46982.0,256,1000000
10000,10.0,0.3,0.04379221726738444,2.763102111592855,0.015848931924611138,0.33965076631322794,10.0,one_minus_s_power,401,True,85893.0,85893.0,256,1000000
10000,10.0,0.3,0.04379221726738444,2.763102111592855,0.015848931924611138,0.33965076631322794,10.0,one_minus_s_power,402,True,39224.0,39224.0,256,1000000
10000,10.0,0.3,0.04379221726738444,2.763102111592855,0.015848931924611138,0.33965076631322794,10.0,one_minus_s_power,403,True,25619.0,25619.0,256,1000000
10000,10.0,0.3,0.04379221726738444,2.763102111592855,0.015848931924611138,0.33965076631322794,10.0,one_minus_s_power,404,True,107061.0,107061.0,256,1000000
10000,10.0,0.3,0.04379221726738444,2.763102111592855,0.015848931924611138,0.33965076631322794,10.0,one_minus_s_power,405,True,22209.0,22209.0,256,1000000
10000,10.0,0.3,0.04379221726738444,2.763102111592855,0.015848931924611138,0.33965076631322794,10.0,one_minus_s_power,406,True,43892.0,43892.0,256,1000000
10000,10.0,0.3,0.04379221726738444,2.763102111592855,0.015848931924611138,0.33965076631322794,10.0,one_minus_s_power,407,True,27122.0,27122.0,256,1000000
10000,10.0,0.3,0.04379221726738444,2.763102111592855,0.015848931924611138,0.33965076631322794,10.0,one_minus_s_power,408,True,15382.0,15382.0,256,1000000
10000,10.0,0.3,0.04379221726738444,2.763102111592855,0.015848931924611138,0.33965076631322794,10.0,one_minus_s_power,409,True,24908.0,24908.0,256,1000000
10000,10.0,0.3,0.04379221726738444,2.763102111592855,0.015848931924611138,0.33965076631322794,10.0,one_minus_s_power,410,True,3356.0,3356.0,256,1000000
10000,10.0,0.3,0.04379221726738444,2.763102111592855,0.015848931924611138,0.33965076631322794,10.0,one_minus_s_power,411,True,27869.0,27869.0,256,1000000
10000,10.0,0.3,0.04379221726738444,2.763102111592855,0.015848931924611138,0.33965076631322794,10.0,one_minus_s_power,412,True,48720.0,48720.0,256,1000000
10000,10.0,0.3,0.04379221726738444,2.763102111592855,0.015848931924611138,0.33965076631322794,10.0,one_minus_s_power,413,True,149297.0,149297.0,256,1000000
10000,10.0,0.3,0.04379221726738444,2.763102111592855,0.015848931924611138,0.33965076631322794,10.0,one_minus_s_power,414,True,45938.0,45938.0,256,1000000
10000,10.0,0.3,0.04379221726738444,2.763102111592855,0.015848931924611138,0.33965076631322794,10.0,one_minus_s_power,415,True,21194.0,21194.0,256,1000000
10000,10.0,0.3,0.04379221726738444,2.763102111592855,0.015848931924611138,0.33965076631322794,10.0,one_minus_s_power,416,True,61708.0,61708.0,256,1000000
10000,10.0,0.3,0.04379221726738444,2.763102111592855,0.015848931924611138,0.33965076631322794,10.0,one_minus_s_power,417,True,42571.0,42571.0,256,1000000
10000,10.0,0.3,0.04379221726738444,2.763102111592855,0.015848931924611138,0.33965076631322794,10.0,one_minus_s_power,418,True,3822.0,3822.0,256,1000000
10000,10.0,0.3,0.04379221726738444,2.763102111592855,0.015848931924611138,0.33965076631322794,10.0,one_minus_s_power,419,True,98940.0,98940.0,256,1000000
10000,10.0,0.3,0.04379221726738444,2.763102111592855,0.015848931924611138,0.33965076631322794,10.0,one_minus_s_power,420,True,47865.0,47865.0,256,1000000
10000,10.0,0.3,0.04379221726738444,2.763102111592855,0.015848931924611138,0.33965076631322794,10.0,one_minus_s_power,421,True,69283.0,69283.0,256,1000000
10000,10.0,0.3,0.04379221726738444,2.763102111592855,0.015848931924611138,0.33965076631322794,10.0,one_minus_s_power,422,True,28854.0,28854.0,256,1000000
10000,10.0,0.3,0.04379221726738444,2.763102111592855,0.015848931924611138,0.33965076631322794,10.0,one_minus_s_power,423,True,23711.0,23711.0,256,1000000
10000,10.0,0.3,0.04379221726738444,2.763102111592855,0.015848931924611138,0.33965076631322794,10.0,one_minus_s_power,424,True,94161.0,94161.0,256,1000000
10000,10.0,0.3,0.04379221726738444,2.763102111592855,0.015848931924611138,0.33965076631322794,10.0,one_minus_s_power,425,True,8754.0,8754.0,256,1000000
10000,10.0,0.3,0.04379221726738444,2.763102111592855,0.015848931924611138,0.33965076631322794,10.0,one_minus_s_power,426,True,36643.0,36643.0,256,1000000
10000,10.0,0.3,0.04379221726738444,2.763102111592855,0.015848931924611138,0.33965076631322794,10.0,one_minus_s_power,427,True,4649.0,4649.0,256,1000000
10000,10.0,0.3,0.04379221726738444,2.763102111592855,0.015848931924611138,0.33965076631322794,10.0,one_minus_s_power,428,True,94208.0,94208.0,256,1000000
10000,10.0,0.3,0.04379221726738444,2.763102111592855,0.015848931924611138,0.33965076631322794,10.0,one_minus_s_power,429,True,213306.0,213306.0,256,1000000
10000,10.0,0.3,0.04379221726738444,2.763102111592855,0.015848931924611138,0.33965076631322794,10.0,one_minus_s_power,430,True,18635.0,18635.0,256,1000000
10000,10.0,0.3,0.04379221726738444,2.763102111592855,0.015848931924611138,0.33965076631322794,10.0,one_minus_s_power,431,True,12110.0,12110.0,256,1000000
10000,10.0,0.3,0.04379221726738444,2.763102111592855,0.015848931924611138,0.33965076631322794,10.0,one_minus_s_power,432,True,33275.0,33275.0,256,1000000
10000,10.0,0.3,0.04379221726738444,2.763102111592855,0.015848931924611138,0.33965076631322794,10.0,one_minus_s_power,433,True,63427.0,63427.0,256,1000000
10000,10.0,0.3,0.04379221726738444,2.763102111592855,0.015848931924611138,0.33965076631322794,10.0,one_minus_s_power,434,True,20459.0,20459.0,256,1000000
10000,10.0,0.3,0.04379221726738444,2.763102111592855,0.015848931924611138,0.33965076631322794,10.0,one_minus_s_power,435,True,5896.0,5896.0,256,1000000
10000,10.0,0.3,0.04379221726738444,2.763102111592855,0.015848931924611138,0.33965076631322794,10.0,one_minus_s_power,436,True,11071.0,11071.0,256,1000000
10000,10.0,0.3,0.04379221726738444,2.763102111592855,0.015848931924611138,0.33965076631322794,10.0,one_minus_s_power,437,True,11802.0,11802.0,256,1000000
10000,10.0,0.3,0.04379221726738444,2.763102111592855,0.015848931924611138,0.33965076631322794,10.0,one_minus_s_power,438,True,14625.0,14625.0,256,1000000
10000,10.0,0.3,0.04379221726738444,2.763102111592855,0.015848931924611138,0.33965076631322794,10.0,one_minus_s_power,439,True,176240.0,176240.0,256,1000000
10000,10.0,0.3,0.04379221726738444,2.763102111592855,0.015848931924611138,0.33965076631322794,10.0,one_minus_s_power,440,True,100366.0,100366.0,256,1000000
10000,10.0,0.3,0.04379221726738444,2.763102111592855,0.015848931924611138,0.33965076631322794,10.0,one_minus_s_power,441,True,1291.0,1291.0,256,1000000
10000,10.0,0.3,0.04379221726738444,2.763102111592855,0.015848931924611138,0.33965076631322794,10.0,one_minus_s_power,442,True,37083.0,37083.0,256,1000000
10000,10.0,0.3,0.04379221726738444,2.763102111592855,0.015848931924611138,0.33965076631322794,10.0,one_minus_s_power,443,True,7749.0,7749.0,256,1000000
10000,10.0,0.3,0.04379221726738444,2.763102111592855,0.015848931924611138,0.33965076631322794,10.0,one_minus_s_power,444,True,13586.0,13586.0,256,1000000
10000,10.0,0.3,0.04379221726738444,2.763102111592855,0.015848931924611138,0.33965076631322794,10.0,one_minus_s_power,445,True,143796.0,143796.0,256,1000000
10000,10.0,0.3,0.04379221726738444,2.763102111592855,0.015848931924611138,0.33965076631322794,10.0,one_minus_s_power,446,True,3590.0,3590.0,256,1000000
10000,10.0,0.3,0.04379221726738444,2.763102111592855,0.015848931924611138,0.33965076631322794,10.0,one_minus_s_power,447,True,158309.0,158309.0,256,1000000
10000,10.0,0.3,0.04379221726738444,2.763102111592855,0.015848931924611138,0.33965076631322794,10.0,one_minus_s_power,448,True,367042.0,367042.0,256,1000000
10000,10.0,0.3,0.04379221726738444,2.763102111592855,0.015848931924611138,0.33965076631322794,10.0,one_minus_s_power,449,True,21550.0,21550.0,256,1000000
10000,10.0,0.3,0.04379221726738444,2.763102111592855,0.015848931924611138,0.33965076631322794,10.0,one_minus_s_power,450,True,32847.0,32847.0,256,1000000
10000,10.0,0.3,0.04379221726738444,2.763102111592855,0.015848931924611138,0.33965076631322794,10.0,one_minus_s_power,451,True,43210.0,43210.0,256,1000000
10000,10.0,0.3,0.04379221726738444,2.763102111592855,0.015848931924611138,0.33965076631322794,10.0,one_minus_s_power,452,True,97566.0,97566.0,256,1000000
10000,10.0,0.3,0.04379221726738444,2.763102111592855,0.015848931924611138,0.33965076631322794,10.0,one_minus_s_power,453,True,77497.0,77497.0,256,1000000
10000,10.0,0.3,0.04379221726738444,2.763102111592855,0.015848931924611138,0.33965076631322794,10.0,one_minus_s_power,454,True,57236.0,57236.0,256,1000000
10000,10.0,0.3,0.04379221726738444,2.763102111592855,0.015848931924611138,0.33965076631322794,10.0,one_minus_s_power,455,True,50088.0,50088.0,256,1000000
10000,10.0,0.3,0.04379221726738444,2.763102111592855,0.015848931924611138,0.33965076631322794,10.0,one_minus_s_power,456,True,1734.0,1734.0,256,1000000
10000,10.0,0.3,0.04379221726738444,2.763102111592855,0.015848931924611138,0.33965076631322794,10.0,one_minus_s_power,457,True,60331.0,60331.0,256,1000000
10000,10.0,0.3,0.04379221726738444,2.763102111592855,0.015848931924611138,0.33965076631322794,10.0,one_minus_s_power,458,True,61327.0,61327.0,256,1000000
10000,10.0,0.3,0.04379221726738444,2.763102111592855,0.015848931924611138,0.33965076631322794,10.0,one_minus_s_power,459,True,48441.0,48441.0,256,1000000
10000,10.0,0.3,0.04379221726738444,2.763102111592855,0.015848931924611138,0.33965076631322794,10.0,one_minus_s_power,460,True,148536.0,148536.0,256,1000000
10000,10.0,0.3,0.04379221726738444,2.763102111592855,0.015848931924611138,0.33965076631322794,10.0,one_minus_s_power,461,True,64957.0,64957.0,256,1000000
10000,10.0,0.3,0.04379221726738444,2.763102111592855,0.015848931924611138,0.33965076631322794,10.0,one_minus_s_power,462,True,11722.0,11722.0,256,1000000
10000,10.0,0.3,0.04379221726738444,2.763102111592855,0.015848931924611138,0.33965076631322794,10.0,one_minus_s_power,463,True,144611.0,144611.0,256,1000000
10000,10.0,0.3,0.04379221726738444,2.763102111592855,0.015848931924611138,0.33965076631322794,10.0,one_minus_s_power,464,True,6956.0,6956.0,256,1000000
10000,10.0,0.3,0.04379221726738444,2.763102111592855,0.015848931924611138,0.33965076631322794,10.0,one_minus_s_power,465,True,63535.0,63535.0,256,1000000
10000,10.0,0.3,0.04379221726738444,2.763102111592855,0.015848931924611138,0.33965076631322794,10.0,one_minus_s_power,466,True,6141.0,6141.0,256,1000000
10000,10.0,0.3,0.04379221726738444,2.763102111592855,0.015848931924611138,0.33965076631322794,10.0,one_minus_s_power,467,True,164021.0,164021.0,256,1000000
10000,10.0,0.3,0.04379221726738444,2.763102111592855,0.015848931924611138,0.33965076631322794,10.0,one_minus_s_power,468,True,2828.0,2828.0,256,1000000
10000,10.0,0.3,0.04379221726738444,2.763102111592855,0.015848931924611138,0.33965076631322794,10.0,one_minus_s_power,469,True,110804.0,110804.0,256,1000000
10000,10.0,0.3,0.04379221726738444,2.763102111592855,0.015848931924611138,0.33965076631322794,10.0,one_minus_s_power,470,True,15684.0,15684.0,256,1000000
10000,10.0,0.3,0.04379221726738444,2.763102111592855,0.015848931924611138,0.33965076631322794,10.0,one_minus_s_power,471,True,14540.0,14540.0,256,1000000
10000,10.0,0.3,0.04379221726738444,2.763102111592855,0.015848931924611138,0.33965076631322794,10.0,one_minus_s_power,472,True,30265.0,30265.0,256,1000000
10000,10.0,0.3,0.04379221726738444,2.763102111592855,0.015848931924611138,0.33965076631322794,10.0,one_minus_s_power,473,True,24720.0,24720.0,256,1000000
10000,10.0,0.3,0.04379221726738444,2.763102111592855,0.015848931924611138,0.33965076631322794,10.0,one_minus_s_power,474,True,7088.0,7088.0,256,1000000
10000,10.0,0.3,0.04379221726738444,2.763102111592855,0.015848931924611138,0.33965076631322794,10.0,one_minus_s_power,475,True,158143.0,158143.0,256,1000000
10000,10.0,0.3,0.04379221726738444,2.763102111592855,0.015848931924611138,0.33965076631322794,10.0,one_minus_s_power,476,True,88533.0,88533.0,256,1000000
10000,10.0,0.3,0.04379221726738444,2.763102111592855,0.015848931924611138,0.33965076631322794,10.0,one_minus_s_power,477,True,9860.0,9860.0,256,1000000
10000,10.0,0.3,0.04379221726738444,2.763102111592855,0.015848931924611138,0.33965076631322794,10.0,one_minus_s_power,478,True,167446.0,167446.0,256,1000000
10000,10.0,0.3,0.04379221726738444,2.763102111592855,0.015848931924611138,0.33965076631322794,10.0,one_minus_s_power,479,True,86618.0,86618.0,256,1000000
10000,10.0,0.3,0.04379221726738444,2.763102111592855,0.015848931924611138,0.33965076631322794,10.0,one_minus_s_power,480,True,91213.0,91213.0,256,1000000
10000,10.0,0.3,0.04379221726738444,2.763102111592855,0.015848931924611138,0.33965076631322794,10.0,one_minus_s_power,481,True,4951.0,4951.0,256,1000000
10000,10.0,0.3,0.04379221726738444,2.763102111592855,0.015848931924611138,0.33965076631322794,10.0,one_minus_s_power,482,True,38686.0,38686.0,256,1000000
10000,10.0,0.3,0.04379221726738444,2.763102111592855,0.015848931924611138,0.33965076631322794,10.0,one_minus_s_power,483,True,20008.0,20008.0,256,1000000
10000,10.0,0.3,0.04379221726738444,2.763102111592855,0.015848931924611138,0.33965076631322794,10.0,one_minus_s_power,484,True,10354.0,10354.0,256,1000000
10000,10.0,0.3,0.04379221726738444,2.763102111592855,0.015848931924611138,0.33965076631322794,10.0,one_minus_s_power,485,True,91012.0,91012.0,256,1000000
10000,10.0,0.3,0.04379221726738444,2.763102111592855,0.015848931924611138,0.33965076631322794,10.0,one_minus_s_power,486,True,37181.0,37181.0,256,1000000
10000,10.0,0.3,0.04379221726738444,2.763102111592855,0.015848931924611138,0.33965076631322794,10.0,one_minus_s_power,487,True,21427.0,21427.0,256,1000000
10000,10.0,0.3,0.04379221726738444,2.763102111592855,0.015848931924611138,0.33965076631322794,10.0,one_minus_s_power,488,True,184002.0,184002.0,256,1000000
10000,10.0,0.3,0.04379221726738444,2.763102111592855,0.015848931924611138,0.33965076631322794,10.0,one_minus_s_power,489,True,31001.0,31001.0,256,1000000
10000,10.0,0.3,0.04379221726738444,2.763102111592855,0.015848931924611138,0.33965076631322794,10.0,one_minus_s_power,490,True,18216.0,18216.0,256,1000000
10000,10.0,0.3,0.04379221726738444,2.763102111592855,0.015848931924611138,0.33965076631322794,10.0,one_minus_s_power,491,True,141683.0,141683.0,256,1000000
10000,10.0,0.3,0.04379221726738444,2.763102111592855,0.015848931924611138,0.33965076631322794,10.0,one_minus_s_power,492,True,2192.0,2192.0,256,1000000
10000,10.0,0.3,0.04379221726738444,2.763102111592855,0.015848931924611138,0.33965076631322794,10.0,one_minus_s_power,493,True,82525.0,82525.0,256,1000000
10000,10.0,0.3,0.04379221726738444,2.763102111592855,0.015848931924611138,0.33965076631322794,10.0,one_minus_s_power,494,True,23930.0,23930.0,256,1000000
10000,10.0,0.3,0.04379221726738444,2.763102111592855,0.015848931924611138,0.33965076631322794,10.0,one_minus_s_power,495,True,3728.0,3728.0,256,1000000
10000,10.0,0.3,0.04379221726738444,2.763102111592855,0.015848931924611138,0.33965076631322794,10.0,one_minus_s_power,496,True,116107.0,116107.0,256,1000000
10000,10.0,0.3,0.04379221726738444,2.763102111592855,0.015848931924611138,0.33965076631322794,10.0,one_minus_s_power,497,True,3482.0,3482.0,256,1000000
10000,10.0,0.3,0.04379221726738444,2.763102111592855,0.015848931924611138,0.33965076631322794,10.0,one_minus_s_power,498,True,105653.0,105653.0,256,1000000
10000,10.0,0.3,0.04379221726738444,2.763102111592855,0.015848931924611138,0.33965076631322794,10.0,one_minus_s_power,499,True,89314.0,89314.0,256,1000000
10000,10.0,0.3,0.04379221726738444,2.763102111592855,0.015848931924611138,0.33965076631322794,10.0,one_minus_s_power,500,True,251511.0,251511.0,256,1000000
10000,10.0,0.3,0.04379221726738444,2.763102111592855,0.015848931924611138,0.33965076631322794,10.0,one_minus_s_power,501,True,93442.0,93442.0,256,1000000
10000,10.0,0.3,0.04379221726738444,2.763102111592855,0.015848931924611138,0.33965076631322794,10.0,one_minus_s_power,502,True,19188.0,19188.0,256,1000000
10000,10.0,0.3,0.04379221726738444,2.763102111592855,0.015848931924611138,0.33965076631322794,10.0,one_minus_s_power,503,True,65484.0,65484.0,256,1000000
10000,10.0,0.3,0.04379221726738444,2.763102111592855,0.015848931924611138,0.33965076631322794,10.0,one_minus_s_power,504,True,27048.0,27048.0,256,1000000
10000,10.0,0.3,0.04379221726738444,2.763102111592855,0.015848931924611138,0.33965076631322794,10.0,one_minus_s_power,505,True,223887.0,223887.0,256,1000000
10000,10.0,0.3,0.04379221726738444,2.763102111592855,0.015848931924611138,0.33965076631322794,10.0,one_minus_s_power,506,True,193649.0,193649.0,256,1000000
10000,10.0,0.3,0.04379221726738444,2.763102111592855,0.015848931924611138,0.33965076631322794,10.0,one_minus_s_power,507,True,36002.0,36002.0,256,1000000
10000,10.0,0.3,0.04379221726738444,2.763102111592855,0.015848931924611138,0.33965076631322794,10.0,one_minus_s_power,508,True,80172.0,80172.0,256,1000000
10000,10.0,0.3,0.04379221726738444,2.763102111592855,0.015848931924611138,0.33965076631322794,10.0,one_minus_s_power,509,True,304920.0,304920.0,256,1000000
10000,10.0,0.3,0.04379221726738444,2.763102111592855,0.015848931924611138,0.33965076631322794,10.0,one_minus_s_power,510,True,52711.0,52711.0,256,1000000
10000,10.0,0.3,0.04379221726738444,2.763102111592855,0.015848931924611138,0.33965076631322794,10.0,one_minus_s_power,511,True,18202.0,18202.0,256,1000000
10000,10.0,0.3,0.04379221726738444,2.763102111592855,0.015848931924611138,0.33965076631322794,10.0,one_minus_s_power,512,True,87893.0,87893.0,256,1000000
10000,10.0,0.3,0.04379221726738444,2.763102111592855,0.015848931924611138,0.33965076631322794,10.0,one_minus_s_power,513,True,122388.0,122388.0,256,1000000
10000,10.0,0.3,0.04379221726738444,2.763102111592855,0.015848931924611138,0.33965076631322794,10.0,one_minus_s_power,514,True,1799.0,1799.0,256,1000000
10000,10.0,0.3,0.04379221726738444,2.763102111592855,0.015848931924611138,0.33965076631322794,10.0,one_minus_s_power,515,True,491.0,491.0,256,1000000
10000,10.0,0.3,0.04379221726738444,2.763102111592855,0.015848931924611138,0.33965076631322794,10.0,one_minus_s_power,516,True,124295.0,124295.0,256,1000000
10000,10.0,0.3,0.04379221726738444,2.763102111592855,0.015848931924611138,0.33965076631322794,10.0,one_minus_s_power,517,True,11006.0,11006.0,256,1000000
10000,10.0,0.3,0.04379221726738444,2.763102111592855,0.015848931924611138,0.33965076631322794,10.0,one_minus_s_power,518,True,16725.0,16725.0,256,1000000
10000,10.0,0.3,0.04379221726738444,2.763102111592855,0.015848931924611138,0.33965076631322794,10.0,one_minus_s_power,519,True,82310.0,82310.0,256,1000000
10000,10.0,0.3,0.04379221726738444,2.763102111592855,0.015848931924611138,0.33965076631322794,10.0,one_minus_s_power,520,True,55295.0,55295.0,256,1000000
10000,10.0,0.3,0.04379221726738444,2.763102111592855,0.015848931924611138,0.33965076631322794,10.0,one_minus_s_power,521,True,76288.0,76288.0,256,1000000
10000,10.0,0.3,0.04379221726738444,2.763102111592855,0.015848931924611138,0.33965076631322794,10.0,one_minus_s_power,522,True,94616.0,94616.0,256,1000000
10000,10.0,0.3,0.04379221726738444,2.763102111592855,0.015848931924611138,0.33965076631322794,10.0,one_minus_s_power,523,True,52194.0,52194.0,256,1000000
10000,10.0,0.3,0.04379221726738444,2.763102111592855,0.015848931924611138,0.33965076631322794,10.0,one_minus_s_power,524,True,67117.0,67117.0,256,1000000
10000,10.0,0.3,0.04379221726738444,2.763102111592855,0.015848931924611138,0.33965076631322794,10.0,one_minus_s_power,525,True,80567.0,80567.0,256,1000000
10000,10.0,0.3,0.04379221726738444,2.763102111592855,0.015848931924611138,0.33965076631322794,10.0,one_minus_s_power,526,True,61448.0,61448.0,256,1000000
10000,10.0,0.3,0.04379221726738444,2.763102111592855,0.015848931924611138,0.33965076631322794,10.0,one_minus_s_power,527,True,9600.0,9600.0,256,1000000
10000,10.0,0.3,0.04379221726738444,2.763102111592855,0.015848931924611138,0.33965076631322794,10.0,one_minus_s_power,528,True,54796.0,54796.0,256,1000000
10000,10.0,0.3,0.04379221726738444,2.763102111592855,0.015848931924611138,0.33965076631322794,10.0,one_minus_s_power,529,True,11610.0,11610.0,256,1000000
10000,10.0,0.3,0.04379221726738444,2.763102111592855,0.015848931924611138,0.33965076631322794,10.0,one_minus_s_power,530,True,39244.0,39244.0,256,1000000
10000,10.0,0.3,0.04379221726738444,2.763102111592855,0.015848931924611138,0.33965076631322794,10.0,one_minus_s_power,531,True,4785.0,4785.0,256,1000000
10000,10.0,0.3,0.04379221726738444,2.763102111592855,0.015848931924611138,0.33965076631322794,10.0,one_minus_s_power,532,True,7518.0,7518.0,256,1000000
10000,10.0,0.3,0.04379221726738444,2.763102111592855,0.015848931924611138,0.33965076631322794,10.0,one_minus_s_power,533,True,32162.0,32162.0,256,1000000
10000,10.0,0.3,0.04379221726738444,2.763102111592855,0.015848931924611138,0.33965076631322794,10.0,one_minus_s_power,534,True,133921.0,133921.0,256,1000000
10000,10.0,0.3,0.04379221726738444,2.763102111592855,0.015848931924611138,0.33965076631322794,10.0,one_minus_s_power,535,True,46497.0,46497.0,256,1000000
10000,10.0,0.3,0.04379221726738444,2.763102111592855,0.015848931924611138,0.33965076631322794,10.0,one_minus_s_power,536,True,88360.0,88360.0,256,1000000
10000,10.0,0.3,0.04379221726738444,2.763102111592855,0.015848931924611138,0.33965076631322794,10.0,one_minus_s_power,537,True,20702.0,20702.0,256,1000000
10000,10.0,0.3,0.04379221726738444,2.763102111592855,0.015848931924611138,0.33965076631322794,10.0,one_minus_s_power,538,True,31096.0,31096.0,256,1000000
10000,10.0,0.3,0.04379221726738444,2.763102111592855,0.015848931924611138,0.33965076631322794,10.0,one_minus_s_power,539,True,65692.0,65692.0,256,1000000
10000,10.0,0.3,0.04379221726738444,2.763102111592855,0.015848931924611138,0.33965076631322794,10.0,one_minus_s_power,540,True,71929.0,71929.0,256,1000000
10000,10.0,0.3,0.04379221726738444,2.763102111592855,0.015848931924611138,0.33965076631322794,10.0,one_minus_s_power,541,True,24779.0,24779.0,256,1000000
10000,10.0,0.3,0.04379221726738444,2.763102111592855,0.015848931924611138,0.33965076631322794,10.0,one_minus_s_power,542,True,143678.0,143678.0,256,1000000
10000,10.0,0.3,0.04379221726738444,2.763102111592855,0.015848931924611138,0.33965076631322794,10.0,one_minus_s_power,543,True,5192.0,5192.0,256,1000000
10000,10.0,0.3,0.04379221726738444,2.763102111592855,0.015848931924611138,0.33965076631322794,10.0,one_minus_s_power,544,True,10580.0,10580.0,256,1000000
10000,10.0,0.3,0.04379221726738444,2.763102111592855,0.015848931924611138,0.33965076631322794,10.0,one_minus_s_power,545,True,37722.0,37722.0,256,1000000
10000,10.0,0.3,0.04379221726738444,2.763102111592855,0.015848931924611138,0.33965076631322794,10.0,one_minus_s_power,546,True,5341.0,5341.0,256,1000000
10000,10.0,0.3,0.04379221726738444,2.763102111592855,0.015848931924611138,0.33965076631322794,10.0,one_minus_s_power,547,True,10278.0,10278.0,256,1000000
10000,10.0,0.3,0.04379221726738444,2.763102111592855,0.015848931924611138,0.33965076631322794,10.0,one_minus_s_power,548,True,17155.0,17155.0,256,1000000
10000,10.0,0.3,0.04379221726738444,2.763102111592855,0.015848931924611138,0.33965076631322794,10.0,one_minus_s_power,549,True,8126.0,8126.0,256,1000000
10000,10.0,0.3,0.04379221726738444,2.763102111592855,0.015848931924611138,0.33965076631322794,10.0,one_minus_s_power,550,True,18103.0,18103.0,256,1000000
10000,10.0,0.3,0.04379221726738444,2.763102111592855,0.015848931924611138,0.33965076631322794,10.0,one_minus_s_power,551,True,41276.0,41276.0,256,1000000
10000,10.0,0.3,0.04379221726738444,2.763102111592855,0.015848931924611138,0.33965076631322794,10.0,one_minus_s_power,552,True,42870.0,42870.0,256,1000000
10000,10.0,0.3,0.04379221726738444,2.763102111592855,0.015848931924611138,0.33965076631322794,10.0,one_minus_s_power,553,True,42839.0,42839.0,256,1000000
10000,10.0,0.3,0.04379221726738444,2.763102111592855,0.015848931924611138,0.33965076631322794,10.0,one_minus_s_power,554,True,88255.0,88255.0,256,1000000
10000,10.0,0.3,0.04379221726738444,2.763102111592855,0.015848931924611138,0.33965076631322794,10.0,one_minus_s_power,555,True,2334.0,2334.0,256,1000000
10000,10.0,0.3,0.04379221726738444,2.763102111592855,0.015848931924611138,0.33965076631322794,10.0,one_minus_s_power,556,True,42628.0,42628.0,256,1000000
10000,10.0,0.3,0.04379221726738444,2.763102111592855,0.015848931924611138,0.33965076631322794,10.0,one_minus_s_power,557,True,63773.0,63773.0,256,1000000
10000,10.0,0.3,0.04379221726738444,2.763102111592855,0.015848931924611138,0.33965076631322794,10.0,one_minus_s_power,558,True,12106.0,12106.0,256,1000000
10000,10.0,0.3,0.04379221726738444,2.763102111592855,0.015848931924611138,0.33965076631322794,10.0,one_minus_s_power,559,True,190157.0,190157.0,256,1000000
10000,10.0,0.3,0.04379221726738444,2.763102111592855,0.015848931924611138,0.33965076631322794,10.0,one_minus_s_power,560,True,38006.0,38006.0,256,1000000
10000,10.0,0.3,0.04379221726738444,2.763102111592855,0.015848931924611138,0.33965076631322794,10.0,one_minus_s_power,561,True,121153.0,121153.0,256,1000000
10000,10.0,0.3,0.04379221726738444,2.763102111592855,0.015848931924611138,0.33965076631322794,10.0,one_minus_s_power,562,True,72543.0,72543.0,256,1000000
10000,10.0,0.3,0.04379221726738444,2.763102111592855,0.015848931924611138,0.33965076631322794,10.0,one_minus_s_power,563,True,95027.0,95027.0,256,1000000
10000,10.0,0.3,0.04379221726738444,2.763102111592855,0.015848931924611138,0.33965076631322794,10.0,one_minus_s_power,564,True,141668.0,141668.0,256,1000000
10000,10.0,0.3,0.04379221726738444,2.763102111592855,0.015848931924611138,0.33965076631322794,10.0,one_minus_s_power,565,True,25558.0,25558.0,256,1000000
10000,10.0,0.3,0.04379221726738444,2.763102111592855,0.015848931924611138,0.33965076631322794,10.0,one_minus_s_power,566,True,3671.0,3671.0,256,1000000
10000,10.0,0.3,0.04379221726738444,2.763102111592855,0.015848931924611138,0.33965076631322794,10.0,one_minus_s_power,567,True,76675.0,76675.0,256,1000000
10000,10.0,0.3,0.04379221726738444,2.763102111592855,0.015848931924611138,0.33965076631322794,10.0,one_minus_s_power,568,True,36520.0,36520.0,256,1000000
10000,10.0,0.3,0.04379221726738444,2.763102111592855,0.015848931924611138,0.33965076631322794,10.0,one_minus_s_power,569,True,5074.0,5074.0,256,1000000
10000,10.0,0.3,0.04379221726738444,2.763102111592855,0.015848931924611138,0.33965076631322794,10.0,one_minus_s_power,570,True,87457.0,87457.0,256,1000000
10000,10.0,0.3,0.04379221726738444,2.763102111592855,0.015848931924611138,0.33965076631322794,10.0,one_minus_s_power,571,True,13951.0,13951.0,256,1000000
10000,10.0,0.3,0.04379221726738444,2.763102111592855,0.015848931924611138,0.33965076631322794,10.0,one_minus_s_power,572,True,77346.0,77346.0,256,1000000
10000,10.0,0.3,0.04379221726738444,2.763102111592855,0.015848931924611138,0.33965076631322794,10.0,one_minus_s_power,573,True,57539.0,57539.0,256,1000000
10000,10.0,0.3,0.04379221726738444,2.763102111592855,0.015848931924611138,0.33965076631322794,10.0,one_minus_s_power,574,True,12746.0,12746.0,256,1000000
10000,10.0,0.3,0.04379221726738444,2.763102111592855,0.015848931924611138,0.33965076631322794,10.0,one_minus_s_power,575,True,5966.0,5966.0,256,1000000
10000,10.0,0.3,0.04379221726738444,2.763102111592855,0.015848931924611138,0.33965076631322794,10.0,one_minus_s_power,576,True,4814.0,4814.0,256,1000000
10000,10.0,0.3,0.04379221726738444,2.763102111592855,0.015848931924611138,0.33965076631322794,10.0,one_minus_s_power,577,True,58927.0,58927.0,256,1000000
10000,10.0,0.3,0.04379221726738444,2.763102111592855,0.015848931924611138,0.33965076631322794,10.0,one_minus_s_power,578,True,38288.0,38288.0,256,1000000
10000,10.0,0.3,0.04379221726738444,2.763102111592855,0.015848931924611138,0.33965076631322794,10.0,one_minus_s_power,579,True,123202.0,123202.0,256,1000000
10000,10.0,0.3,0.04379221726738444,2.763102111592855,0.015848931924611138,0.33965076631322794,10.0,one_minus_s_power,580,True,16648.0,16648.0,256,1000000
10000,10.0,0.3,0.04379221726738444,2.763102111592855,0.015848931924611138,0.33965076631322794,10.0,one_minus_s_power,581,True,5473.0,5473.0,256,1000000
10000,10.0,0.3,0.04379221726738444,2.763102111592855,0.015848931924611138,0.33965076631322794,10.0,one_minus_s_power,582,True,8012.0,8012.0,256,1000000
10000,10.0,0.3,0.04379221726738444,2.763102111592855,0.015848931924611138,0.33965076631322794,10.0,one_minus_s_power,583,True,43606.0,43606.0,256,1000000
10000,10.0,0.3,0.04379221726738444,2.763102111592855,0.015848931924611138,0.33965076631322794,10.0,one_minus_s_power,584,True,15806.0,15806.0,256,1000000
10000,10.0,0.3,0.04379221726738444,2.763102111592855,0.015848931924611138,0.33965076631322794,10.0,one_minus_s_power,585,True,7065.0,7065.0,256,1000000
10000,10.0,0.3,0.04379221726738444,2.763102111592855,0.015848931924611138,0.33965076631322794,10.0,one_minus_s_power,586,True,25515.0,25515.0,256,1000000
10000,10.0,0.3,0.04379221726738444,2.763102111592855,0.015848931924611138,0.33965076631322794,10.0,one_minus_s_power,587,True,20548.0,20548.0,256,1000000
10000,10.0,0.3,0.04379221726738444,2.763102111592855,0.015848931924611138,0.33965076631322794,10.0,one_minus_s_power,588,True,128494.0,128494.0,256,1000000
10000,10.0,0.3,0.04379221726738444,2.763102111592855,0.015848931924611138,0.33965076631322794,10.0,one_minus_s_power,589,True,2069.0,2069.0,256,1000000
10000,10.0,0.3,0.04379221726738444,2.763102111592855,0.015848931924611138,0.33965076631322794,10.0,one_minus_s_power,590,True,35886.0,35886.0,256,1000000
10000,10.0,0.3,0.04379221726738444,2.763102111592855,0.015848931924611138,0.33965076631322794,10.0,one_minus_s_power,591,True,22553.0,22553.0,256,1000000
10000,10.0,0.3,0.04379221726738444,2.763102111592855,0.015848931924611138,0.33965076631322794,10.0,one_minus_s_power,592,True,961.0,961.0,256,1000000
10000,10.0,0.3,0.04379221726738444,2.763102111592855,0.015848931924611138,0.33965076631322794,10.0,one_minus_s_power,593,True,11711.0,11711.0,256,1000000
10000,10.0,0.3,0.04379221726738444,2.763102111592855,0.015848931924611138,0.33965076631322794,10.0,one_minus_s_power,594,True,5011.0,5011.0,256,1000000
10000,10.0,0.3,0.04379221726738444,2.763102111592855,0.015848931924611138,0.33965076631322794,10.0,one_minus_s_power,595,True,47622.0,47622.0,256,1000000
10000,10.0,0.3,0.04379221726738444,2.763102111592855,0.015848931924611138,0.33965076631322794,10.0,one_minus_s_power,596,True,70315.0,70315.0,256,1000000
10000,10.0,0.3,0.04379221726738444,2.763102111592855,0.015848931924611138,0.33965076631322794,10.0,one_minus_s_power,597,True,16842.0,16842.0,256,1000000
10000,10.0,0.3,0.04379221726738444,2.763102111592855,0.015848931924611138,0.33965076631322794,10.0,one_minus_s_power,598,True,23407.0,23407.0,256,1000000
10000,10.0,0.3,0.04379221726738444,2.763102111592855,0.015848931924611138,0.33965076631322794,10.0,one_minus_s_power,599,True,17232.0,17232.0,256,1000000
10000,10.0,0.3,0.04379221726738444,2.763102111592855,0.015848931924611138,0.33965076631322794,10.0,one_minus_s_power,600,True,15249.0,15249.0,256,1000000
10000,10.0,0.3,0.04379221726738444,2.763102111592855,0.015848931924611138,0.33965076631322794,10.0,one_minus_s_power,601,True,228969.0,228969.0,256,1000000
10000,10.0,0.3,0.04379221726738444,2.763102111592855,0.015848931924611138,0.33965076631322794,10.0,one_minus_s_power,602,True,114145.0,114145.0,256,1000000
10000,10.0,0.3,0.04379221726738444,2.763102111592855,0.015848931924611138,0.33965076631322794,10.0,one_minus_s_power,603,True,60307.0,60307.0,256,1000000
10000,10.0,0.3,0.04379221726738444,2.763102111592855,0.015848931924611138,0.33965076631322794,10.0,one_minus_s_power,604,True,45057.0,45057.0,256,1000000
10000,10.0,0.3,0.04379221726738444,2.763102111592855,0.015848931924611138,0.33965076631322794,10.0,one_minus_s_power,605,True,64062.0,64062.0,256,1000000
10000,10.0,0.3,0.04379221726738444,2.763102111592855,0.015848931924611138,0.33965076631322794,10.0,one_minus_s_power,606,True,73631.0,73631.0,256,1000000
10000,10.0,0.3,0.04379221726738444,2.763102111592855,0.015848931924611138,0.33965076631322794,10.0,one_minus_s_power,607,True,37050.0,37050.0,256,1000000
10000,10.0,0.3,0.04379221726738444,2.763102111592855,0.015848931924611138,0.33965076631322794,10.0,one_minus_s_power,608,True,19744.0,19744.0,256,1000000
10000,10.0,0.3,0.04379221726738444,2.763102111592855,0.015848931924611138,0.33965076631322794,10.0,one_minus_s_power,609,True,17699.0,17699.0,256,1000000
10000,10.0,0.3,0.04379221726738444,2.763102111592855,0.015848931924611138,0.33965076631322794,10.0,one_minus_s_power,610,True,9915.0,9915.0,256,1000000
10000,10.0,0.3,0.04379221726738444,2.763102111592855,0.015848931924611138,0.33965076631322794,10.0,one_minus_s_power,611,True,22957.0,22957.0,256,1000000
10000,10.0,0.3,0.04379221726738444,2.763102111592855,0.015848931924611138,0.33965076631322794,10.0,one_minus_s_power,612,True,113693.0,113693.0,256,1000000
10000,10.0,0.3,0.04379221726738444,2.763102111592855,0.015848931924611138,0.33965076631322794,10.0,one_minus_s_power,613,True,52091.0,52091.0,256,1000000
10000,10.0,0.3,0.04379221726738444,2.763102111592855,0.015848931924611138,0.33965076631322794,10.0,one_minus_s_power,614,True,86759.0,86759.0,256,1000000
10000,10.0,0.3,0.04379221726738444,2.763102111592855,0.015848931924611138,0.33965076631322794,10.0,one_minus_s_power,615,True,7054.0,7054.0,256,1000000
10000,10.0,0.3,0.04379221726738444,2.763102111592855,0.015848931924611138,0.33965076631322794,10.0,one_minus_s_power,616,True,120678.0,120678.0,256,1000000
10000,10.0,0.3,0.04379221726738444,2.763102111592855,0.015848931924611138,0.33965076631322794,10.0,one_minus_s_power,617,True,24610.0,24610.0,256,1000000
10000,10.0,0.3,0.04379221726738444,2.763102111592855,0.015848931924611138,0.33965076631322794,10.0,one_minus_s_power,618,True,1911.0,1911.0,256,1000000
10000,10.0,0.3,0.04379221726738444,2.763102111592855,0.015848931924611138,0.33965076631322794,10.0,one_minus_s_power,619,True,27564.0,27564.0,256,1000000
10000,10.0,0.3,0.04379221726738444,2.763102111592855,0.015848931924611138,0.33965076631322794,10.0,one_minus_s_power,620,True,19552.0,19552.0,256,1000000
10000,10.0,0.3,0.04379221726738444,2.763102111592855,0.015848931924611138,0.33965076631322794,10.0,one_minus_s_power,621,True,68381.0,68381.0,256,1000000
10000,10.0,0.3,0.04379221726738444,2.763102111592855,0.015848931924611138,0.33965076631322794,10.0,one_minus_s_power,622,True,63096.0,63096.0,256,1000000
10000,10.0,0.3,0.04379221726738444,2.763102111592855,0.015848931924611138,0.33965076631322794,10.0,one_minus_s_power,623,True,47922.0,47922.0,256,1000000
10000,10.0,0.3,0.04379221726738444,2.763102111592855,0.015848931924611138,0.33965076631322794,10.0,one_minus_s_power,624,True,193995.0,193995.0,256,1000000
10000,10.0,0.3,0.04379221726738444,2.763102111592855,0.015848931924611138,0.33965076631322794,10.0,one_minus_s_power,625,True,60782.0,60782.0,256,1000000
10000,10.0,0.3,0.04379221726738444,2.763102111592855,0.015848931924611138,0.33965076631322794,10.0,one_minus_s_power,626,True,10585.0,10585.0,256,1000000
10000,10.0,0.3,0.04379221726738444,2.763102111592855,0.015848931924611138,0.33965076631322794,10.0,one_minus_s_power,627,True,24709.0,24709.0,256,1000000
10000,10.0,0.3,0.04379221726738444,2.763102111592855,0.015848931924611138,0.33965076631322794,10.0,one_minus_s_power,628,True,51706.0,51706.0,256,1000000
10000,10.0,0.3,0.04379221726738444,2.763102111592855,0.015848931924611138,0.33965076631322794,10.0,one_minus_s_power,629,True,130786.0,130786.0,256,1000000
10000,10.0,0.3,0.04379221726738444,2.763102111592855,0.015848931924611138,0.33965076631322794,10.0,one_minus_s_power,630,True,760.0,760.0,256,1000000
10000,10.0,0.3,0.04379221726738444,2.763102111592855,0.015848931924611138,0.33965076631322794,10.0,one_minus_s_power,631,True,22316.0,22316.0,256,1000000
10000,10.0,0.3,0.04379221726738444,2.763102111592855,0.015848931924611138,0.33965076631322794,10.0,one_minus_s_power,632,True,102319.0,102319.0,256,1000000
10000,10.0,0.3,0.04379221726738444,2.763102111592855,0.015848931924611138,0.33965076631322794,10.0,one_minus_s_power,633,True,3109.0,3109.0,256,1000000
10000,10.0,0.3,0.04379221726738444,2.763102111592855,0.015848931924611138,0.33965076631322794,10.0,one_minus_s_power,634,True,97914.0,97914.0,256,1000000
10000,10.0,0.3,0.04379221726738444,2.763102111592855,0.015848931924611138,0.33965076631322794,10.0,one_minus_s_power,635,True,8243.0,8243.0,256,1000000
10000,10.0,0.3,0.04379221726738444,2.763102111592855,0.015848931924611138,0.33965076631322794,10.0,one_minus_s_power,636,True,51559.0,51559.0,256,1000000
10000,10.0,0.3,0.04379221726738444,2.763102111592855,0.015848931924611138,0.33965076631322794,10.0,one_minus_s_power,637,True,23170.0,23170.0,256,1000000
10000,10.0,0.3,0.04379221726738444,2.763102111592855,0.015848931924611138,0.33965076631322794,10.0,one_minus_s_power,638,True,14658.0,14658.0,256,1000000
10000,10.0,0.3,0.04379221726738444,2.763102111592855,0.015848931924611138,0.33965076631322794,10.0,one_minus_s_power,639,True,107099.0,107099.0,256,1000000
10000,10.0,0.3,0.04379221726738444,2.763102111592855,0.015848931924611138,0.33965076631322794,10.0,one_minus_s_power,640,True,52319.0,52319.0,256,1000000
10000,10.0,0.3,0.04379221726738444,2.763102111592855,0.015848931924611138,0.33965076631322794,10.0,one_minus_s_power,641,True,55616.0,55616.0,256,1000000
10000,10.0,0.3,0.04379221726738444,2.763102111592855,0.015848931924611138,0.33965076631322794,10.0,one_minus_s_power,642,True,102722.0,102722.0,256,1000000
10000,10.0,0.3,0.04379221726738444,2.763102111592855,0.015848931924611138,0.33965076631322794,10.0,one_minus_s_power,643,True,11988.0,11988.0,256,1000000
10000,10.0,0.3,0.04379221726738444,2.763102111592855,0.015848931924611138,0.33965076631322794,10.0,one_minus_s_power,644,True,14947.0,14947.0,256,1000000
10000,10.0,0.3,0.04379221726738444,2.763102111592855,0.015848931924611138,0.33965076631322794,10.0,one_minus_s_power,645,True,44122.0,44122.0,256,1000000
10000,10.0,0.3,0.04379221726738444,2.763102111592855,0.015848931924611138,0.33965076631322794,10.0,one_minus_s_power,646,True,47491.0,47491.0,256,1000000
10000,10.0,0.3,0.04379221726738444,2.763102111592855,0.015848931924611138,0.33965076631322794,10.0,one_minus_s_power,647,True,20696.0,20696.0,256,1000000
10000,10.0,0.3,0.04379221726738444,2.763102111592855,0.015848931924611138,0.33965076631322794,10.0,one_minus_s_power,648,True,6504.0,6504.0,256,1000000
10000,10.0,0.3,0.04379221726738444,2.763102111592855,0.015848931924611138,0.33965076631322794,10.0,one_minus_s_power,649,True,86573.0,86573.0,256,1000000
10000,10.0,0.3,0.04379221726738444,2.763102111592855,0.015848931924611138,0.33965076631322794,10.0,one_minus_s_power,650,True,25923.0,25923.0,256,1000000
10000,10.0,0.3,0.04379221726738444,2.763102111592855,0.015848931924611138,0.33965076631322794,10.0,one_minus_s_power,651,True,16779.0,16779.0,256,1000000
10000,10.0,0.3,0.04379221726738444,2.763102111592855,0.015848931924611138,0.33965076631322794,10.0,one_minus_s_power,652,True,50967.0,50967.0,256,1000000
10000,10.0,0.3,0.04379221726738444,2.763102111592855,0.015848931924611138,0.33965076631322794,10.0,one_minus_s_power,653,True,120951.0,120951.0,256,1000000
10000,10.0,0.3,0.04379221726738444,2.763102111592855,0.015848931924611138,0.33965076631322794,10.0,one_minus_s_power,654,True,8189.0,8189.0,256,1000000
10000,10.0,0.3,0.04379221726738444,2.763102111592855,0.015848931924611138,0.33965076631322794,10.0,one_minus_s_power,655,True,60147.0,60147.0,256,1000000
10000,10.0,0.3,0.04379221726738444,2.763102111592855,0.015848931924611138,0.33965076631322794,10.0,one_minus_s_power,656,True,52445.0,52445.0,256,1000000
10000,10.0,0.3,0.04379221726738444,2.763102111592855,0.015848931924611138,0.33965076631322794,10.0,one_minus_s_power,657,True,2626.0,2626.0,256,1000000
10000,10.0,0.3,0.04379221726738444,2.763102111592855,0.015848931924611138,0.33965076631322794,10.0,one_minus_s_power,658,True,3402.0,3402.0,256,1000000
10000,10.0,0.3,0.04379221726738444,2.763102111592855,0.015848931924611138,0.33965076631322794,10.0,one_minus_s_power,659,True,17367.0,17367.0,256,1000000
10000,10.0,0.3,0.04379221726738444,2.763102111592855,0.015848931924611138,0.33965076631322794,10.0,one_minus_s_power,660,True,520.0,520.0,256,1000000
10000,10.0,0.3,0.04379221726738444,2.763102111592855,0.015848931924611138,0.33965076631322794,10.0,one_minus_s_power,661,True,30636.0,30636.0,256,1000000
10000,10.0,0.3,0.04379221726738444,2.763102111592855,0.015848931924611138,0.33965076631322794,10.0,one_minus_s_power,662,True,33561.0,33561.0,256,1000000
10000,10.0,0.3,0.04379221726738444,2.763102111592855,0.015848931924611138,0.33965076631322794,10.0,one_minus_s_power,663,True,146543.0,146543.0,256,1000000
10000,10.0,0.3,0.04379221726738444,2.763102111592855,0.015848931924611138,0.33965076631322794,10.0,one_minus_s_power,664,True,13357.0,13357.0,256,1000000
10000,10.0,0.3,0.04379221726738444,2.763102111592855,0.015848931924611138,0.33965076631322794,10.0,one_minus_s_power,665,True,154723.0,154723.0,256,1000000
10000,10.0,0.3,0.04379221726738444,2.763102111592855,0.015848931924611138,0.33965076631322794,10.0,one_minus_s_power,666,True,35619.0,35619.0,256,1000000
10000,10.0,0.3,0.04379221726738444,2.763102111592855,0.015848931924611138,0.33965076631322794,10.0,one_minus_s_power,667,True,45107.0,45107.0,256,1000000
10000,10.0,0.3,0.04379221726738444,2.763102111592855,0.015848931924611138,0.33965076631322794,10.0,one_minus_s_power,668,True,7679.0,7679.0,256,1000000
10000,10.0,0.3,0.04379221726738444,2.763102111592855,0.015848931924611138,0.33965076631322794,10.0,one_minus_s_power,669,True,103823.0,103823.0,256,1000000
10000,10.0,0.3,0.04379221726738444,2.763102111592855,0.015848931924611138,0.33965076631322794,10.0,one_minus_s_power,670,True,44324.0,44324.0,256,1000000
10000,10.0,0.3,0.04379221726738444,2.763102111592855,0.015848931924611138,0.33965076631322794,10.0,one_minus_s_power,671,True,32416.0,32416.0,256,1000000
10000,10.0,0.3,0.04379221726738444,2.763102111592855,0.015848931924611138,0.33965076631322794,10.0,one_minus_s_power,672,True,57293.0,57293.0,256,1000000
10000,10.0,0.3,0.04379221726738444,2.763102111592855,0.015848931924611138,0.33965076631322794,10.0,one_minus_s_power,673,True,36750.0,36750.0,256,1000000
10000,10.0,0.3,0.04379221726738444,2.763102111592855,0.015848931924611138,0.33965076631322794,10.0,one_minus_s_power,674,True,32310.0,32310.0,256,1000000
10000,10.0,0.3,0.04379221726738444,2.763102111592855,0.015848931924611138,0.33965076631322794,10.0,one_minus_s_power,675,True,34163.0,34163.0,256,1000000
10000,10.0,0.3,0.04379221726738444,2.763102111592855,0.015848931924611138,0.33965076631322794,10.0,one_minus_s_power,676,True,7033.0,7033.0,256,1000000
10000,10.0,0.3,0.04379221726738444,2.763102111592855,0.015848931924611138,0.33965076631322794,10.0,one_minus_s_power,677,True,27529.0,27529.0,256,1000000
10000,10.0,0.3,0.04379221726738444,2.763102111592855,0.015848931924611138,0.33965076631322794,10.0,one_minus_s_power,678,True,29820.0,29820.0,256,1000000
10000,10.0,0.3,0.04379221726738444,2.763102111592855,0.015848931924611138,0.33965076631322794,10.0,one_minus_s_power,679,True,26642.0,26642.0,256,1000000
10000,10.0,0.3,0.04379221726738444,2.763102111592855,0.015848931924611138,0.33965076631322794,10.0,one_minus_s_power,680,True,8037.0,8037.0,256,1000000
10000,10.0,0.3,0.04379221726738444,2.763102111592855,0.015848931924611138,0.33965076631322794,10.0,one_minus_s_power,681,True,22289.0,22289.0,256,1000000
10000,10.0,0.3,0.04379221726738444,2.763102111592855,0.015848931924611138,0.33965076631322794,10.0,one_minus_s_power,682,True,60314.0,60314.0,256,1000000
10000,10.0,0.3,0.04379221726738444,2.763102111592855,0.015848931924611138,0.33965076631322794,10.0,one_minus_s_power,683,True,155136.0,155136.0,256,1000000
10000,10.0,0.3,0.04379221726738444,2.763102111592855,0.015848931924611138,0.33965076631322794,10.0,one_minus_s_power,684,True,233219.0,233219.0,256,1000000
10000,10.0,0.3,0.04379221726738444,2.763102111592855,0.015848931924611138,0.33965076631322794,10.0,one_minus_s_power,685,True,72397.0,72397.0,256,1000000
10000,10.0,0.3,0.04379221726738444,2.763102111592855,0.015848931924611138,0.33965076631322794,10.0,one_minus_s_power,686,True,15242.0,15242.0,256,1000000
10000,10.0,0.3,0.04379221726738444,2.763102111592855,0.015848931924611138,0.33965076631322794,10.0,one_minus_s_power,687,True,75272.0,75272.0,256,1000000
10000,10.0,0.3,0.04379221726738444,2.763102111592855,0.015848931924611138,0.33965076631322794,10.0,one_minus_s_power,688,True,101952.0,101952.0,256,1000000
10000,10.0,0.3,0.04379221726738444,2.763102111592855,0.015848931924611138,0.33965076631322794,10.0,one_minus_s_power,689,True,30408.0,30408.0,256,1000000
10000,10.0,0.3,0.04379221726738444,2.763102111592855,0.015848931924611138,0.33965076631322794,10.0,one_minus_s_power,690,True,55107.0,55107.0,256,1000000
10000,10.0,0.3,0.04379221726738444,2.763102111592855,0.015848931924611138,0.33965076631322794,10.0,one_minus_s_power,691,True,16681.0,16681.0,256,1000000
10000,10.0,0.3,0.04379221726738444,2.763102111592855,0.015848931924611138,0.33965076631322794,10.0,one_minus_s_power,692,True,40155.0,40155.0,256,1000000
10000,10.0,0.3,0.04379221726738444,2.763102111592855,0.015848931924611138,0.33965076631322794,10.0,one_minus_s_power,693,True,181909.0,181909.0,256,1000000
10000,10.0,0.3,0.04379221726738444,2.763102111592855,0.015848931924611138,0.33965076631322794,10.0,one_minus_s_power,694,True,156047.0,156047.0,256,1000000
10000,10.0,0.3,0.04379221726738444,2.763102111592855,0.015848931924611138,0.33965076631322794,10.0,one_minus_s_power,695,True,60653.0,60653.0,256,1000000
10000,10.0,0.3,0.04379221726738444,2.763102111592855,0.015848931924611138,0.33965076631322794,10.0,one_minus_s_power,696,True,1983.0,1983.0,256,1000000
10000,10.0,0.3,0.04379221726738444,2.763102111592855,0.015848931924611138,0.33965076631322794,10.0,one_minus_s_power,697,True,28228.0,28228.0,256,1000000
10000,10.0,0.3,0.04379221726738444,2.763102111592855,0.015848931924611138,0.33965076631322794,10.0,one_minus_s_power,698,True,51509.0,51509.0,256,1000000
10000,10.0,0.3,0.04379221726738444,2.763102111592855,0.015848931924611138,0.33965076631322794,10.0,one_minus_s_power,699,True,7209.0,7209.0,256,1000000
10000,10.0,0.3,0.04379221726738444,2.763102111592855,0.015848931924611138,0.33965076631322794,10.0,one_minus_s_power,700,True,44445.0,44445.0,256,1000000
10000,10.0,0.3,0.04379221726738444,2.763102111592855,0.015848931924611138,0.33965076631322794,10.0,one_minus_s_power,701,True,39880.0,39880.0,256,1000000
10000,10.0,0.3,0.04379221726738444,2.763102111592855,0.015848931924611138,0.33965076631322794,10.0,one_minus_s_power,702,True,3526.0,3526.0,256,1000000
10000,10.0,0.3,0.04379221726738444,2.763102111592855,0.015848931924611138,0.33965076631322794,10.0,one_minus_s_power,703,True,25743.0,25743.0,256,1000000
10000,10.0,0.3,0.04379221726738444,2.763102111592855,0.015848931924611138,0.33965076631322794,10.0,one_minus_s_power,704,True,1230.0,1230.0,256,1000000
10000,10.0,0.3,0.04379221726738444,2.763102111592855,0.015848931924611138,0.33965076631322794,10.0,one_minus_s_power,705,True,4126.0,4126.0,256,1000000
10000,10.0,0.3,0.04379221726738444,2.763102111592855,0.015848931924611138,0.33965076631322794,10.0,one_minus_s_power,706,True,120028.0,120028.0,256,1000000
10000,10.0,0.3,0.04379221726738444,2.763102111592855,0.015848931924611138,0.33965076631322794,10.0,one_minus_s_power,707,True,37385.0,37385.0,256,1000000
10000,10.0,0.3,0.04379221726738444,2.763102111592855,0.015848931924611138,0.33965076631322794,10.0,one_minus_s_power,708,True,13425.0,13425.0,256,1000000
10000,10.0,0.3,0.04379221726738444,2.763102111592855,0.015848931924611138,0.33965076631322794,10.0,one_minus_s_power,709,True,72486.0,72486.0,256,1000000
10000,10.0,0.3,0.04379221726738444,2.763102111592855,0.015848931924611138,0.33965076631322794,10.0,one_minus_s_power,710,True,42042.0,42042.0,256,1000000
10000,10.0,0.3,0.04379221726738444,2.763102111592855,0.015848931924611138,0.33965076631322794,10.0,one_minus_s_power,711,True,61270.0,61270.0,256,1000000
10000,10.0,0.3,0.04379221726738444,2.763102111592855,0.015848931924611138,0.33965076631322794,10.0,one_minus_s_power,712,True,82953.0,82953.0,256,1000000
10000,10.0,0.3,0.04379221726738444,2.763102111592855,0.015848931924611138,0.33965076631322794,10.0,one_minus_s_power,713,True,5837.0,5837.0,256,1000000
10000,10.0,0.3,0.04379221726738444,2.763102111592855,0.015848931924611138,0.33965076631322794,10.0,one_minus_s_power,714,True,21146.0,21146.0,256,1000000
10000,10.0,0.3,0.04379221726738444,2.763102111592855,0.015848931924611138,0.33965076631322794,10.0,one_minus_s_power,715,True,1555.0,1555.0,256,1000000
10000,10.0,0.3,0.04379221726738444,2.763102111592855,0.015848931924611138,0.33965076631322794,10.0,one_minus_s_power,716,True,3590.0,3590.0,256,1000000
10000,10.0,0.3,0.04379221726738444,2.763102111592855,0.015848931924611138,0.33965076631322794,10.0,one_minus_s_power,717,True,14417.0,14417.0,256,1000000
10000,10.0,0.3,0.04379221726738444,2.763102111592855,0.015848931924611138,0.33965076631322794,10.0,one_minus_s_power,718,True,5666.0,5666.0,256,1000000
10000,10.0,0.3,0.04379221726738444,2.763102111592855,0.015848931924611138,0.33965076631322794,10.0,one_minus_s_power,719,True,14192.0,14192.0,256,1000000
10000,10.0,0.3,0.04379221726738444,2.763102111592855,0.015848931924611138,0.33965076631322794,10.0,one_minus_s_power,720,True,134889.0,134889.0,256,1000000
10000,10.0,0.3,0.04379221726738444,2.763102111592855,0.015848931924611138,0.33965076631322794,10.0,one_minus_s_power,721,True,11165.0,11165.0,256,1000000
10000,10.0,0.3,0.04379221726738444,2.763102111592855,0.015848931924611138,0.33965076631322794,10.0,one_minus_s_power,722,True,104840.0,104840.0,256,1000000
10000,10.0,0.3,0.04379221726738444,2.763102111592855,0.015848931924611138,0.33965076631322794,10.0,one_minus_s_power,723,True,17293.0,17293.0,256,1000000
10000,10.0,0.3,0.04379221726738444,2.763102111592855,0.015848931924611138,0.33965076631322794,10.0,one_minus_s_power,724,True,43512.0,43512.0,256,1000000
10000,10.0,0.3,0.04379221726738444,2.763102111592855,0.015848931924611138,0.33965076631322794,10.0,one_minus_s_power,725,True,9623.0,9623.0,256,1000000
10000,10.0,0.3,0.04379221726738444,2.763102111592855,0.015848931924611138,0.33965076631322794,10.0,one_minus_s_power,726,True,17367.0,17367.0,256,1000000
10000,10.0,0.3,0.04379221726738444,2.763102111592855,0.015848931924611138,0.33965076631322794,10.0,one_minus_s_power,727,True,569.0,569.0,256,1000000
10000,10.0,0.3,0.04379221726738444,2.763102111592855,0.015848931924611138,0.33965076631322794,10.0,one_minus_s_power,728,True,9462.0,9462.0,256,1000000
10000,10.0,0.3,0.04379221726738444,2.763102111592855,0.015848931924611138,0.33965076631322794,10.0,one_minus_s_power,729,True,32733.0,32733.0,256,1000000
10000,10.0,0.3,0.04379221726738444,2.763102111592855,0.015848931924611138,0.33965076631322794,10.0,one_minus_s_power,730,True,106336.0,106336.0,256,1000000
10000,10.0,0.3,0.04379221726738444,2.763102111592855,0.015848931924611138,0.33965076631322794,10.0,one_minus_s_power,731,True,106478.0,106478.0,256,1000000
10000,10.0,0.3,0.04379221726738444,2.763102111592855,0.015848931924611138,0.33965076631322794,10.0,one_minus_s_power,732,True,43249.0,43249.0,256,1000000
10000,10.0,0.3,0.04379221726738444,2.763102111592855,0.015848931924611138,0.33965076631322794,10.0,one_minus_s_power,733,True,4083.0,4083.0,256,1000000
10000,10.0,0.3,0.04379221726738444,2.763102111592855,0.015848931924611138,0.33965076631322794,10.0,one_minus_s_power,734,True,7918.0,7918.0,256,1000000
10000,10.0,0.3,0.04379221726738444,2.763102111592855,0.015848931924611138,0.33965076631322794,10.0,one_minus_s_power,735,True,17990.0,17990.0,256,1000000
10000,10.0,0.3,0.04379221726738444,2.763102111592855,0.015848931924611138,0.33965076631322794,10.0,one_minus_s_power,736,True,31452.0,31452.0,256,1000000
10000,10.0,0.3,0.04379221726738444,2.763102111592855,0.015848931924611138,0.33965076631322794,10.0,one_minus_s_power,737,True,34987.0,34987.0,256,1000000
10000,10.0,0.3,0.04379221726738444,2.763102111592855,0.015848931924611138,0.33965076631322794,10.0,one_minus_s_power,738,True,37113.0,37113.0,256,1000000
10000,10.0,0.3,0.04379221726738444,2.763102111592855,0.015848931924611138,0.33965076631322794,10.0,one_minus_s_power,739,True,112502.0,112502.0,256,1000000
10000,10.0,0.3,0.04379221726738444,2.763102111592855,0.015848931924611138,0.33965076631322794,10.0,one_minus_s_power,740,True,18783.0,18783.0,256,1000000
10000,10.0,0.3,0.04379221726738444,2.763102111592855,0.015848931924611138,0.33965076631322794,10.0,one_minus_s_power,741,True,107492.0,107492.0,256,1000000
10000,10.0,0.3,0.04379221726738444,2.763102111592855,0.015848931924611138,0.33965076631322794,10.0,one_minus_s_power,742,True,85715.0,85715.0,256,1000000
10000,10.0,0.3,0.04379221726738444,2.763102111592855,0.015848931924611138,0.33965076631322794,10.0,one_minus_s_power,743,True,15415.0,15415.0,256,1000000
10000,10.0,0.3,0.04379221726738444,2.763102111592855,0.015848931924611138,0.33965076631322794,10.0,one_minus_s_power,744,True,2542.0,2542.0,256,1000000
10000,10.0,0.3,0.04379221726738444,2.763102111592855,0.015848931924611138,0.33965076631322794,10.0,one_minus_s_power,745,True,3922.0,3922.0,256,1000000
10000,10.0,0.3,0.04379221726738444,2.763102111592855,0.015848931924611138,0.33965076631322794,10.0,one_minus_s_power,746,True,41607.0,41607.0,256,1000000
10000,10.0,0.3,0.04379221726738444,2.763102111592855,0.015848931924611138,0.33965076631322794,10.0,one_minus_s_power,747,True,37128.0,37128.0,256,1000000
10000,10.0,0.3,0.04379221726738444,2.763102111592855,0.015848931924611138,0.33965076631322794,10.0,one_minus_s_power,748,True,21955.0,21955.0,256,1000000
10000,10.0,0.3,0.04379221726738444,2.763102111592855,0.015848931924611138,0.33965076631322794,10.0,one_minus_s_power,749,True,95405.0,95405.0,256,1000000
10000,10.0,0.3,0.04379221726738444,2.763102111592855,0.015848931924611138,0.33965076631322794,10.0,one_minus_s_power,750,True,129430.0,129430.0,256,1000000
10000,10.0,0.3,0.04379221726738444,2.763102111592855,0.015848931924611138,0.33965076631322794,10.0,one_minus_s_power,751,True,59477.0,59477.0,256,1000000
10000,10.0,0.3,0.04379221726738444,2.763102111592855,0.015848931924611138,0.33965076631322794,10.0,one_minus_s_power,752,True,59026.0,59026.0,256,1000000
10000,10.0,0.3,0.04379221726738444,2.763102111592855,0.015848931924611138,0.33965076631322794,10.0,one_minus_s_power,753,True,17181.0,17181.0,256,1000000
10000,10.0,0.3,0.04379221726738444,2.763102111592855,0.015848931924611138,0.33965076631322794,10.0,one_minus_s_power,754,True,46284.0,46284.0,256,1000000
10000,10.0,0.3,0.04379221726738444,2.763102111592855,0.015848931924611138,0.33965076631322794,10.0,one_minus_s_power,755,True,13367.0,13367.0,256,1000000
10000,10.0,0.3,0.04379221726738444,2.763102111592855,0.015848931924611138,0.33965076631322794,10.0,one_minus_s_power,756,True,166987.0,166987.0,256,1000000
10000,10.0,0.3,0.04379221726738444,2.763102111592855,0.015848931924611138,0.33965076631322794,10.0,one_minus_s_power,757,True,384.0,384.0,256,1000000
10000,10.0,0.3,0.04379221726738444,2.763102111592855,0.015848931924611138,0.33965076631322794,10.0,one_minus_s_power,758,True,14074.0,14074.0,256,1000000
10000,10.0,0.3,0.04379221726738444,2.763102111592855,0.015848931924611138,0.33965076631322794,10.0,one_minus_s_power,759,True,247807.0,247807.0,256,1000000
10000,10.0,0.3,0.04379221726738444,2.763102111592855,0.015848931924611138,0.33965076631322794,10.0,one_minus_s_power,760,True,2744.0,2744.0,256,1000000
10000,10.0,0.3,0.04379221726738444,2.763102111592855,0.015848931924611138,0.33965076631322794,10.0,one_minus_s_power,761,True,64189.0,64189.0,256,1000000
10000,10.0,0.3,0.04379221726738444,2.763102111592855,0.015848931924611138,0.33965076631322794,10.0,one_minus_s_power,762,True,74474.0,74474.0,256,1000000
10000,10.0,0.3,0.04379221726738444,2.763102111592855,0.015848931924611138,0.33965076631322794,10.0,one_minus_s_power,763,True,16769.0,16769.0,256,1000000
10000,10.0,0.3,0.04379221726738444,2.763102111592855,0.015848931924611138,0.33965076631322794,10.0,one_minus_s_power,764,True,19518.0,19518.0,256,1000000
10000,10.0,0.3,0.04379221726738444,2.763102111592855,0.015848931924611138,0.33965076631322794,10.0,one_minus_s_power,765,True,30420.0,30420.0,256,1000000
10000,10.0,0.3,0.04379221726738444,2.763102111592855,0.015848931924611138,0.33965076631322794,10.0,one_minus_s_power,766,True,14093.0,14093.0,256,1000000
10000,10.0,0.3,0.04379221726738444,2.763102111592855,0.015848931924611138,0.33965076631322794,10.0,one_minus_s_power,767,True,188077.0,188077.0,256,1000000
10000,10.0,0.3,0.04379221726738444,2.763102111592855,0.015848931924611138,0.33965076631322794,10.0,one_minus_s_power,768,True,186217.0,186217.0,256,1000000
10000,10.0,0.3,0.04379221726738444,2.763102111592855,0.015848931924611138,0.33965076631322794,10.0,one_minus_s_power,769,True,25684.0,25684.0,256,1000000
10000,10.0,0.3,0.04379221726738444,2.763102111592855,0.015848931924611138,0.33965076631322794,10.0,one_minus_s_power,770,True,29799.0,29799.0,256,1000000
10000,10.0,0.3,0.04379221726738444,2.763102111592855,0.015848931924611138,0.33965076631322794,10.0,one_minus_s_power,771,True,152854.0,152854.0,256,1000000
10000,10.0,0.3,0.04379221726738444,2.763102111592855,0.015848931924611138,0.33965076631322794,10.0,one_minus_s_power,772,True,175779.0,175779.0,256,1000000
10000,10.0,0.3,0.04379221726738444,2.763102111592855,0.015848931924611138,0.33965076631322794,10.0,one_minus_s_power,773,True,32870.0,32870.0,256,1000000
10000,10.0,0.3,0.04379221726738444,2.763102111592855,0.015848931924611138,0.33965076631322794,10.0,one_minus_s_power,774,True,15624.0,15624.0,256,1000000
10000,10.0,0.3,0.04379221726738444,2.763102111592855,0.015848931924611138,0.33965076631322794,10.0,one_minus_s_power,775,True,111346.0,111346.0,256,1000000
10000,10.0,0.3,0.04379221726738444,2.763102111592855,0.015848931924611138,0.33965076631322794,10.0,one_minus_s_power,776,True,47463.0,47463.0,256,1000000
10000,10.0,0.3,0.04379221726738444,2.763102111592855,0.015848931924611138,0.33965076631322794,10.0,one_minus_s_power,777,True,117276.0,117276.0,256,1000000
10000,10.0,0.3,0.04379221726738444,2.763102111592855,0.015848931924611138,0.33965076631322794,10.0,one_minus_s_power,778,True,66337.0,66337.0,256,1000000
10000,10.0,0.3,0.04379221726738444,2.763102111592855,0.015848931924611138,0.33965076631322794,10.0,one_minus_s_power,779,True,14224.0,14224.0,256,1000000
10000,10.0,0.3,0.04379221726738444,2.763102111592855,0.015848931924611138,0.33965076631322794,10.0,one_minus_s_power,780,True,15564.0,15564.0,256,1000000
10000,10.0,0.3,0.04379221726738444,2.763102111592855,0.015848931924611138,0.33965076631322794,10.0,one_minus_s_power,781,True,45563.0,45563.0,256,1000000
10000,10.0,0.3,0.04379221726738444,2.763102111592855,0.015848931924611138,0.33965076631322794,10.0,one_minus_s_power,782,True,38957.0,38957.0,256,1000000
10000,10.0,0.3,0.04379221726738444,2.763102111592855,0.015848931924611138,0.33965076631322794,10.0,one_minus_s_power,783,True,2406.0,2406.0,256,1000000
10000,10.0,0.3,0.04379221726738444,2.763102111592855,0.015848931924611138,0.33965076631322794,10.0,one_minus_s_power,784,True,16801.0,16801.0,256,1000000
10000,10.0,0.3,0.04379221726738444,2.763102111592855,0.015848931924611138,0.33965076631322794,10.0,one_minus_s_power,785,True,16863.0,16863.0,256,1000000
10000,10.0,0.3,0.04379221726738444,2.763102111592855,0.015848931924611138,0.33965076631322794,10.0,one_minus_s_power,786,True,18020.0,18020.0,256,1000000
10000,10.0,0.3,0.04379221726738444,2.763102111592855,0.015848931924611138,0.33965076631322794,10.0,one_minus_s_power,787,True,15694.0,15694.0,256,1000000
10000,10.0,0.3,0.04379221726738444,2.763102111592855,0.015848931924611138,0.33965076631322794,10.0,one_minus_s_power,788,True,94896.0,94896.0,256,1000000
10000,10.0,0.3,0.04379221726738444,2.763102111592855,0.015848931924611138,0.33965076631322794,10.0,one_minus_s_power,789,True,88565.0,88565.0,256,1000000
10000,10.0,0.3,0.04379221726738444,2.763102111592855,0.015848931924611138,0.33965076631322794,10.0,one_minus_s_power,790,True,20234.0,20234.0,256,1000000
10000,10.0,0.3,0.04379221726738444,2.763102111592855,0.015848931924611138,0.33965076631322794,10.0,one_minus_s_power,791,True,208869.0,208869.0,256,1000000
10000,10.0,0.3,0.04379221726738444,2.763102111592855,0.015848931924611138,0.33965076631322794,10.0,one_minus_s_power,792,True,25260.0,25260.0,256,1000000
10000,10.0,0.3,0.04379221726738444,2.763102111592855,0.015848931924611138,0.33965076631322794,10.0,one_minus_s_power,793,True,24848.0,24848.0,256,1000000
10000,10.0,0.3,0.04379221726738444,2.763102111592855,0.015848931924611138,0.33965076631322794,10.0,one_minus_s_power,794,True,26850.0,26850.0,256,1000000
10000,10.0,0.3,0.04379221726738444,2.763102111592855,0.015848931924611138,0.33965076631322794,10.0,one_minus_s_power,795,True,11823.0,11823.0,256,1000000
10000,10.0,0.3,0.04379221726738444,2.763102111592855,0.015848931924611138,0.33965076631322794,10.0,one_minus_s_power,796,True,30125.0,30125.0,256,1000000
10000,10.0,0.3,0.04379221726738444,2.763102111592855,0.015848931924611138,0.33965076631322794,10.0,one_minus_s_power,797,True,64831.0,64831.0,256,1000000
10000,10.0,0.3,0.04379221726738444,2.763102111592855,0.015848931924611138,0.33965076631322794,10.0,one_minus_s_power,798,True,8979.0,8979.0,256,1000000
10000,10.0,0.3,0.04379221726738444,2.763102111592855,0.015848931924611138,0.33965076631322794,10.0,one_minus_s_power,799,True,79796.0,79796.0,256,1000000
10000,10.0,0.3,0.04379221726738444,2.763102111592855,0.015848931924611138,0.33965076631322794,10.0,one_minus_s_power,800,True,29014.0,29014.0,256,1000000
10000,10.0,0.3,0.04379221726738444,2.763102111592855,0.015848931924611138,0.33965076631322794,10.0,one_minus_s_power,801,True,30241.0,30241.0,256,1000000
10000,10.0,0.3,0.04379221726738444,2.763102111592855,0.015848931924611138,0.33965076631322794,10.0,one_minus_s_power,802,True,16098.0,16098.0,256,1000000
10000,10.0,0.3,0.04379221726738444,2.763102111592855,0.015848931924611138,0.33965076631322794,10.0,one_minus_s_power,803,True,29028.0,29028.0,256,1000000
10000,10.0,0.3,0.04379221726738444,2.763102111592855,0.015848931924611138,0.33965076631322794,10.0,one_minus_s_power,804,True,18075.0,18075.0,256,1000000
10000,10.0,0.3,0.04379221726738444,2.763102111592855,0.015848931924611138,0.33965076631322794,10.0,one_minus_s_power,805,True,61957.0,61957.0,256,1000000
10000,10.0,0.3,0.04379221726738444,2.763102111592855,0.015848931924611138,0.33965076631322794,10.0,one_minus_s_power,806,True,1583.0,1583.0,256,1000000
10000,10.0,0.3,0.04379221726738444,2.763102111592855,0.015848931924611138,0.33965076631322794,10.0,one_minus_s_power,807,True,4848.0,4848.0,256,1000000
10000,10.0,0.3,0.04379221726738444,2.763102111592855,0.015848931924611138,0.33965076631322794,10.0,one_minus_s_power,808,True,27207.0,27207.0,256,1000000
10000,10.0,0.3,0.04379221726738444,2.763102111592855,0.015848931924611138,0.33965076631322794,10.0,one_minus_s_power,809,True,55353.0,55353.0,256,1000000
10000,10.0,0.3,0.04379221726738444,2.763102111592855,0.015848931924611138,0.33965076631322794,10.0,one_minus_s_power,810,True,27250.0,27250.0,256,1000000
10000,10.0,0.3,0.04379221726738444,2.763102111592855,0.015848931924611138,0.33965076631322794,10.0,one_minus_s_power,811,True,31945.0,31945.0,256,1000000
10000,10.0,0.3,0.04379221726738444,2.763102111592855,0.015848931924611138,0.33965076631322794,10.0,one_minus_s_power,812,True,11654.0,11654.0,256,1000000
10000,10.0,0.3,0.04379221726738444,2.763102111592855,0.015848931924611138,0.33965076631322794,10.0,one_minus_s_power,813,True,2369.0,2369.0,256,1000000
10000,10.0,0.3,0.04379221726738444,2.763102111592855,0.015848931924611138,0.33965076631322794,10.0,one_minus_s_power,814,True,88953.0,88953.0,256,1000000
10000,10.0,0.3,0.04379221726738444,2.763102111592855,0.015848931924611138,0.33965076631322794,10.0,one_minus_s_power,815,True,89861.0,89861.0,256,1000000
10000,10.0,0.3,0.04379221726738444,2.763102111592855,0.015848931924611138,0.33965076631322794,10.0,one_minus_s_power,816,True,135792.0,135792.0,256,1000000
10000,10.0,0.3,0.04379221726738444,2.763102111592855,0.015848931924611138,0.33965076631322794,10.0,one_minus_s_power,817,True,109836.0,109836.0,256,1000000
10000,10.0,0.3,0.04379221726738444,2.763102111592855,0.015848931924611138,0.33965076631322794,10.0,one_minus_s_power,818,True,14688.0,14688.0,256,1000000
10000,10.0,0.3,0.04379221726738444,2.763102111592855,0.015848931924611138,0.33965076631322794,10.0,one_minus_s_power,819,True,10474.0,10474.0,256,1000000
10000,10.0,0.3,0.04379221726738444,2.763102111592855,0.015848931924611138,0.33965076631322794,10.0,one_minus_s_power,820,True,190444.0,190444.0,256,1000000
10000,10.0,0.3,0.04379221726738444,2.763102111592855,0.015848931924611138,0.33965076631322794,10.0,one_minus_s_power,821,True,14384.0,14384.0,256,1000000
10000,10.0,0.3,0.04379221726738444,2.763102111592855,0.015848931924611138,0.33965076631322794,10.0,one_minus_s_power,822,True,79891.0,79891.0,256,1000000
10000,10.0,0.3,0.04379221726738444,2.763102111592855,0.015848931924611138,0.33965076631322794,10.0,one_minus_s_power,823,True,17695.0,17695.0,256,1000000
10000,10.0,0.3,0.04379221726738444,2.763102111592855,0.015848931924611138,0.33965076631322794,10.0,one_minus_s_power,824,True,44968.0,44968.0,256,1000000
10000,10.0,0.3,0.04379221726738444,2.763102111592855,0.015848931924611138,0.33965076631322794,10.0,one_minus_s_power,825,True,184548.0,184548.0,256,1000000
10000,10.0,0.3,0.04379221726738444,2.763102111592855,0.015848931924611138,0.33965076631322794,10.0,one_minus_s_power,826,True,50553.0,50553.0,256,1000000
10000,10.0,0.3,0.04379221726738444,2.763102111592855,0.015848931924611138,0.33965076631322794,10.0,one_minus_s_power,827,True,13406.0,13406.0,256,1000000
10000,10.0,0.3,0.04379221726738444,2.763102111592855,0.015848931924611138,0.33965076631322794,10.0,one_minus_s_power,828,True,34457.0,34457.0,256,1000000
10000,10.0,0.3,0.04379221726738444,2.763102111592855,0.015848931924611138,0.33965076631322794,10.0,one_minus_s_power,829,True,14649.0,14649.0,256,1000000
10000,10.0,0.3,0.04379221726738444,2.763102111592855,0.015848931924611138,0.33965076631322794,10.0,one_minus_s_power,830,True,100523.0,100523.0,256,1000000
10000,10.0,0.3,0.04379221726738444,2.763102111592855,0.015848931924611138,0.33965076631322794,10.0,one_minus_s_power,831,True,111694.0,111694.0,256,1000000
10000,10.0,0.3,0.04379221726738444,2.763102111592855,0.015848931924611138,0.33965076631322794,10.0,one_minus_s_power,832,True,6308.0,6308.0,256,1000000
10000,10.0,0.3,0.04379221726738444,2.763102111592855,0.015848931924611138,0.33965076631322794,10.0,one_minus_s_power,833,True,16981.0,16981.0,256,1000000
10000,10.0,0.3,0.04379221726738444,2.763102111592855,0.015848931924611138,0.33965076631322794,10.0,one_minus_s_power,834,True,6766.0,6766.0,256,1000000
10000,10.0,0.3,0.04379221726738444,2.763102111592855,0.015848931924611138,0.33965076631322794,10.0,one_minus_s_power,835,True,107770.0,107770.0,256,1000000
10000,10.0,0.3,0.04379221726738444,2.763102111592855,0.015848931924611138,0.33965076631322794,10.0,one_minus_s_power,836,True,9075.0,9075.0,256,1000000
10000,10.0,0.3,0.04379221726738444,2.763102111592855,0.015848931924611138,0.33965076631322794,10.0,one_minus_s_power,837,True,4767.0,4767.0,256,1000000
10000,10.0,0.3,0.04379221726738444,2.763102111592855,0.015848931924611138,0.33965076631322794,10.0,one_minus_s_power,838,True,13075.0,13075.0,256,1000000
10000,10.0,0.3,0.04379221726738444,2.763102111592855,0.015848931924611138,0.33965076631322794,10.0,one_minus_s_power,839,True,16797.0,16797.0,256,1000000
10000,10.0,0.3,0.04379221726738444,2.763102111592855,0.015848931924611138,0.33965076631322794,10.0,one_minus_s_power,840,True,239233.0,239233.0,256,1000000
10000,10.0,0.3,0.04379221726738444,2.763102111592855,0.015848931924611138,0.33965076631322794,10.0,one_minus_s_power,841,True,83243.0,83243.0,256,1000000
10000,10.0,0.3,0.04379221726738444,2.763102111592855,0.015848931924611138,0.33965076631322794,10.0,one_minus_s_power,842,True,10791.0,10791.0,256,1000000
10000,10.0,0.3,0.04379221726738444,2.763102111592855,0.015848931924611138,0.33965076631322794,10.0,one_minus_s_power,843,True,55120.0,55120.0,256,1000000
10000,10.0,0.3,0.04379221726738444,2.763102111592855,0.015848931924611138,0.33965076631322794,10.0,one_minus_s_power,844,True,68312.0,68312.0,256,1000000
10000,10.0,0.3,0.04379221726738444,2.763102111592855,0.015848931924611138,0.33965076631322794,10.0,one_minus_s_power,845,True,52574.0,52574.0,256,1000000
10000,10.0,0.3,0.04379221726738444,2.763102111592855,0.015848931924611138,0.33965076631322794,10.0,one_minus_s_power,846,True,14171.0,14171.0,256,1000000
10000,10.0,0.3,0.04379221726738444,2.763102111592855,0.015848931924611138,0.33965076631322794,10.0,one_minus_s_power,847,True,12776.0,12776.0,256,1000000
10000,10.0,0.3,0.04379221726738444,2.763102111592855,0.015848931924611138,0.33965076631322794,10.0,one_minus_s_power,848,True,83104.0,83104.0,256,1000000
10000,10.0,0.3,0.04379221726738444,2.763102111592855,0.015848931924611138,0.33965076631322794,10.0,one_minus_s_power,849,True,2985.0,2985.0,256,1000000
10000,10.0,0.3,0.04379221726738444,2.763102111592855,0.015848931924611138,0.33965076631322794,10.0,one_minus_s_power,850,True,217713.0,217713.0,256,1000000
10000,10.0,0.3,0.04379221726738444,2.763102111592855,0.015848931924611138,0.33965076631322794,10.0,one_minus_s_power,851,True,33016.0,33016.0,256,1000000
10000,10.0,0.3,0.04379221726738444,2.763102111592855,0.015848931924611138,0.33965076631322794,10.0,one_minus_s_power,852,True,23889.0,23889.0,256,1000000
10000,10.0,0.3,0.04379221726738444,2.763102111592855,0.015848931924611138,0.33965076631322794,10.0,one_minus_s_power,853,True,12382.0,12382.0,256,1000000
10000,10.0,0.3,0.04379221726738444,2.763102111592855,0.015848931924611138,0.33965076631322794,10.0,one_minus_s_power,854,True,98045.0,98045.0,256,1000000
10000,10.0,0.3,0.04379221726738444,2.763102111592855,0.015848931924611138,0.33965076631322794,10.0,one_minus_s_power,855,True,129554.0,129554.0,256,1000000
10000,10.0,0.3,0.04379221726738444,2.763102111592855,0.015848931924611138,0.33965076631322794,10.0,one_minus_s_power,856,True,54764.0,54764.0,256,1000000
10000,10.0,0.3,0.04379221726738444,2.763102111592855,0.015848931924611138,0.33965076631322794,10.0,one_minus_s_power,857,True,46595.0,46595.0,256,1000000
10000,10.0,0.3,0.04379221726738444,2.763102111592855,0.015848931924611138,0.33965076631322794,10.0,one_minus_s_power,858,True,35143.0,35143.0,256,1000000
10000,10.0,0.3,0.04379221726738444,2.763102111592855,0.015848931924611138,0.33965076631322794,10.0,one_minus_s_power,859,True,20571.0,20571.0,256,1000000
10000,10.0,0.3,0.04379221726738444,2.763102111592855,0.015848931924611138,0.33965076631322794,10.0,one_minus_s_power,860,True,7301.0,7301.0,256,1000000
10000,10.0,0.3,0.04379221726738444,2.763102111592855,0.015848931924611138,0.33965076631322794,10.0,one_minus_s_power,861,True,18852.0,18852.0,256,1000000
10000,10.0,0.3,0.04379221726738444,2.763102111592855,0.015848931924611138,0.33965076631322794,10.0,one_minus_s_power,862,True,79615.0,79615.0,256,1000000
10000,10.0,0.3,0.04379221726738444,2.763102111592855,0.015848931924611138,0.33965076631322794,10.0,one_minus_s_power,863,True,57007.0,57007.0,256,1000000
10000,10.0,0.3,0.04379221726738444,2.763102111592855,0.015848931924611138,0.33965076631322794,10.0,one_minus_s_power,864,True,41035.0,41035.0,256,1000000
10000,10.0,0.3,0.04379221726738444,2.763102111592855,0.015848931924611138,0.33965076631322794,10.0,one_minus_s_power,865,True,3764.0,3764.0,256,1000000
10000,10.0,0.3,0.04379221726738444,2.763102111592855,0.015848931924611138,0.33965076631322794,10.0,one_minus_s_power,866,True,45858.0,45858.0,256,1000000
10000,10.0,0.3,0.04379221726738444,2.763102111592855,0.015848931924611138,0.33965076631322794,10.0,one_minus_s_power,867,True,17109.0,17109.0,256,1000000
10000,10.0,0.3,0.04379221726738444,2.763102111592855,0.015848931924611138,0.33965076631322794,10.0,one_minus_s_power,868,True,34442.0,34442.0,256,1000000
10000,10.0,0.3,0.04379221726738444,2.763102111592855,0.015848931924611138,0.33965076631322794,10.0,one_minus_s_power,869,True,14029.0,14029.0,256,1000000
10000,10.0,0.3,0.04379221726738444,2.763102111592855,0.015848931924611138,0.33965076631322794,10.0,one_minus_s_power,870,True,4871.0,4871.0,256,1000000
10000,10.0,0.3,0.04379221726738444,2.763102111592855,0.015848931924611138,0.33965076631322794,10.0,one_minus_s_power,871,True,62022.0,62022.0,256,1000000
10000,10.0,0.3,0.04379221726738444,2.763102111592855,0.015848931924611138,0.33965076631322794,10.0,one_minus_s_power,872,True,92230.0,92230.0,256,1000000
10000,10.0,0.3,0.04379221726738444,2.763102111592855,0.015848931924611138,0.33965076631322794,10.0,one_minus_s_power,873,True,49764.0,49764.0,256,1000000
10000,10.0,0.3,0.04379221726738444,2.763102111592855,0.015848931924611138,0.33965076631322794,10.0,one_minus_s_power,874,True,106810.0,106810.0,256,1000000
10000,10.0,0.3,0.04379221726738444,2.763102111592855,0.015848931924611138,0.33965076631322794,10.0,one_minus_s_power,875,True,59769.0,59769.0,256,1000000
10000,10.0,0.3,0.04379221726738444,2.763102111592855,0.015848931924611138,0.33965076631322794,10.0,one_minus_s_power,876,True,33395.0,33395.0,256,1000000
10000,10.0,0.3,0.04379221726738444,2.763102111592855,0.015848931924611138,0.33965076631322794,10.0,one_minus_s_power,877,True,22527.0,22527.0,256,1000000
10000,10.0,0.3,0.04379221726738444,2.763102111592855,0.015848931924611138,0.33965076631322794,10.0,one_minus_s_power,878,True,18578.0,18578.0,256,1000000
10000,10.0,0.3,0.04379221726738444,2.763102111592855,0.015848931924611138,0.33965076631322794,10.0,one_minus_s_power,879,True,22351.0,22351.0,256,1000000
10000,10.0,0.3,0.04379221726738444,2.763102111592855,0.015848931924611138,0.33965076631322794,10.0,one_minus_s_power,880,True,20365.0,20365.0,256,1000000
10000,10.0,0.3,0.04379221726738444,2.763102111592855,0.015848931924611138,0.33965076631322794,10.0,one_minus_s_power,881,True,35727.0,35727.0,256,1000000
10000,10.0,0.3,0.04379221726738444,2.763102111592855,0.015848931924611138,0.33965076631322794,10.0,one_minus_s_power,882,True,40097.0,40097.0,256,1000000
10000,10.0,0.3,0.04379221726738444,2.763102111592855,0.015848931924611138,0.33965076631322794,10.0,one_minus_s_power,883,True,338116.0,338116.0,256,1000000
10000,10.0,0.3,0.04379221726738444,2.763102111592855,0.015848931924611138,0.33965076631322794,10.0,one_minus_s_power,884,True,82286.0,82286.0,256,1000000
10000,10.0,0.3,0.04379221726738444,2.763102111592855,0.015848931924611138,0.33965076631322794,10.0,one_minus_s_power,885,True,70149.0,70149.0,256,1000000
10000,10.0,0.3,0.04379221726738444,2.763102111592855,0.015848931924611138,0.33965076631322794,10.0,one_minus_s_power,886,True,31642.0,31642.0,256,1000000
10000,10.0,0.3,0.04379221726738444,2.763102111592855,0.015848931924611138,0.33965076631322794,10.0,one_minus_s_power,887,True,20151.0,20151.0,256,1000000
10000,10.0,0.3,0.04379221726738444,2.763102111592855,0.015848931924611138,0.33965076631322794,10.0,one_minus_s_power,888,True,19607.0,19607.0,256,1000000
10000,10.0,0.3,0.04379221726738444,2.763102111592855,0.015848931924611138,0.33965076631322794,10.0,one_minus_s_power,889,True,53104.0,53104.0,256,1000000
10000,10.0,0.3,0.04379221726738444,2.763102111592855,0.015848931924611138,0.33965076631322794,10.0,one_minus_s_power,890,True,35201.0,35201.0,256,1000000
10000,10.0,0.3,0.04379221726738444,2.763102111592855,0.015848931924611138,0.33965076631322794,10.0,one_minus_s_power,891,True,16231.0,16231.0,256,1000000
10000,10.0,0.3,0.04379221726738444,2.763102111592855,0.015848931924611138,0.33965076631322794,10.0,one_minus_s_power,892,True,47377.0,47377.0,256,1000000
10000,10.0,0.3,0.04379221726738444,2.763102111592855,0.015848931924611138,0.33965076631322794,10.0,one_minus_s_power,893,True,48273.0,48273.0,256,1000000
10000,10.0,0.3,0.04379221726738444,2.763102111592855,0.015848931924611138,0.33965076631322794,10.0,one_minus_s_power,894,True,9363.0,9363.0,256,1000000
10000,10.0,0.3,0.04379221726738444,2.763102111592855,0.015848931924611138,0.33965076631322794,10.0,one_minus_s_power,895,True,207415.0,207415.0,256,1000000
10000,10.0,0.3,0.04379221726738444,2.763102111592855,0.015848931924611138,0.33965076631322794,10.0,one_minus_s_power,896,True,27470.0,27470.0,256,1000000
10000,10.0,0.3,0.04379221726738444,2.763102111592855,0.015848931924611138,0.33965076631322794,10.0,one_minus_s_power,897,True,9943.0,9943.0,256,1000000
10000,10.0,0.3,0.04379221726738444,2.763102111592855,0.015848931924611138,0.33965076631322794,10.0,one_minus_s_power,898,True,42902.0,42902.0,256,1000000
10000,10.0,0.3,0.04379221726738444,2.763102111592855,0.015848931924611138,0.33965076631322794,10.0,one_minus_s_power,899,True,56028.0,56028.0,256,1000000
10000,10.0,0.3,0.04379221726738444,2.763102111592855,0.015848931924611138,0.33965076631322794,10.0,one_minus_s_power,900,True,39642.0,39642.0,256,1000000
10000,10.0,0.3,0.04379221726738444,2.763102111592855,0.015848931924611138,0.33965076631322794,10.0,one_minus_s_power,901,True,70322.0,70322.0,256,1000000
10000,10.0,0.3,0.04379221726738444,2.763102111592855,0.015848931924611138,0.33965076631322794,10.0,one_minus_s_power,902,True,30080.0,30080.0,256,1000000
10000,10.0,0.3,0.04379221726738444,2.763102111592855,0.015848931924611138,0.33965076631322794,10.0,one_minus_s_power,903,True,103554.0,103554.0,256,1000000
10000,10.0,0.3,0.04379221726738444,2.763102111592855,0.015848931924611138,0.33965076631322794,10.0,one_minus_s_power,904,True,83659.0,83659.0,256,1000000
10000,10.0,0.3,0.04379221726738444,2.763102111592855,0.015848931924611138,0.33965076631322794,10.0,one_minus_s_power,905,True,54028.0,54028.0,256,1000000
10000,10.0,0.3,0.04379221726738444,2.763102111592855,0.015848931924611138,0.33965076631322794,10.0,one_minus_s_power,906,True,84901.0,84901.0,256,1000000
10000,10.0,0.3,0.04379221726738444,2.763102111592855,0.015848931924611138,0.33965076631322794,10.0,one_minus_s_power,907,True,80725.0,80725.0,256,1000000
10000,10.0,0.3,0.04379221726738444,2.763102111592855,0.015848931924611138,0.33965076631322794,10.0,one_minus_s_power,908,True,3709.0,3709.0,256,1000000
10000,10.0,0.3,0.04379221726738444,2.763102111592855,0.015848931924611138,0.33965076631322794,10.0,one_minus_s_power,909,True,8494.0,8494.0,256,1000000
10000,10.0,0.3,0.04379221726738444,2.763102111592855,0.015848931924611138,0.33965076631322794,10.0,one_minus_s_power,910,True,142873.0,142873.0,256,1000000
10000,10.0,0.3,0.04379221726738444,2.763102111592855,0.015848931924611138,0.33965076631322794,10.0,one_minus_s_power,911,True,48238.0,48238.0,256,1000000
10000,10.0,0.3,0.04379221726738444,2.763102111592855,0.015848931924611138,0.33965076631322794,10.0,one_minus_s_power,912,True,133619.0,133619.0,256,1000000
10000,10.0,0.3,0.04379221726738444,2.763102111592855,0.015848931924611138,0.33965076631322794,10.0,one_minus_s_power,913,True,45884.0,45884.0,256,1000000
10000,10.0,0.3,0.04379221726738444,2.763102111592855,0.015848931924611138,0.33965076631322794,10.0,one_minus_s_power,914,True,6583.0,6583.0,256,1000000
10000,10.0,0.3,0.04379221726738444,2.763102111592855,0.015848931924611138,0.33965076631322794,10.0,one_minus_s_power,915,True,29502.0,29502.0,256,1000000
10000,10.0,0.3,0.04379221726738444,2.763102111592855,0.015848931924611138,0.33965076631322794,10.0,one_minus_s_power,916,True,53703.0,53703.0,256,1000000
10000,10.0,0.3,0.04379221726738444,2.763102111592855,0.015848931924611138,0.33965076631322794,10.0,one_minus_s_power,917,True,26560.0,26560.0,256,1000000
10000,10.0,0.3,0.04379221726738444,2.763102111592855,0.015848931924611138,0.33965076631322794,10.0,one_minus_s_power,918,True,48441.0,48441.0,256,1000000
10000,10.0,0.3,0.04379221726738444,2.763102111592855,0.015848931924611138,0.33965076631322794,10.0,one_minus_s_power,919,True,12537.0,12537.0,256,1000000
10000,10.0,0.3,0.04379221726738444,2.763102111592855,0.015848931924611138,0.33965076631322794,10.0,one_minus_s_power,920,True,33862.0,33862.0,256,1000000
10000,10.0,0.3,0.04379221726738444,2.763102111592855,0.015848931924611138,0.33965076631322794,10.0,one_minus_s_power,921,True,2216.0,2216.0,256,1000000
10000,10.0,0.3,0.04379221726738444,2.763102111592855,0.015848931924611138,0.33965076631322794,10.0,one_minus_s_power,922,True,44092.0,44092.0,256,1000000
10000,10.0,0.3,0.04379221726738444,2.763102111592855,0.015848931924611138,0.33965076631322794,10.0,one_minus_s_power,923,True,125124.0,125124.0,256,1000000
10000,10.0,0.3,0.04379221726738444,2.763102111592855,0.015848931924611138,0.33965076631322794,10.0,one_minus_s_power,924,True,107280.0,107280.0,256,1000000
10000,10.0,0.3,0.04379221726738444,2.763102111592855,0.015848931924611138,0.33965076631322794,10.0,one_minus_s_power,925,True,61889.0,61889.0,256,1000000
10000,10.0,0.3,0.04379221726738444,2.763102111592855,0.015848931924611138,0.33965076631322794,10.0,one_minus_s_power,926,True,80147.0,80147.0,256,1000000
10000,10.0,0.3,0.04379221726738444,2.763102111592855,0.015848931924611138,0.33965076631322794,10.0,one_minus_s_power,927,True,23037.0,23037.0,256,1000000
10000,10.0,0.3,0.04379221726738444,2.763102111592855,0.015848931924611138,0.33965076631322794,10.0,one_minus_s_power,928,True,99249.0,99249.0,256,1000000
10000,10.0,0.3,0.04379221726738444,2.763102111592855,0.015848931924611138,0.33965076631322794,10.0,one_minus_s_power,929,True,5217.0,5217.0,256,1000000
10000,10.0,0.3,0.04379221726738444,2.763102111592855,0.015848931924611138,0.33965076631322794,10.0,one_minus_s_power,930,True,38262.0,38262.0,256,1000000
10000,10.0,0.3,0.04379221726738444,2.763102111592855,0.015848931924611138,0.33965076631322794,10.0,one_minus_s_power,931,True,177227.0,177227.0,256,1000000
10000,10.0,0.3,0.04379221726738444,2.763102111592855,0.015848931924611138,0.33965076631322794,10.0,one_minus_s_power,932,True,61081.0,61081.0,256,1000000
10000,10.0,0.3,0.04379221726738444,2.763102111592855,0.015848931924611138,0.33965076631322794,10.0,one_minus_s_power,933,True,58390.0,58390.0,256,1000000
10000,10.0,0.3,0.04379221726738444,2.763102111592855,0.015848931924611138,0.33965076631322794,10.0,one_minus_s_power,934,True,50134.0,50134.0,256,1000000
10000,10.0,0.3,0.04379221726738444,2.763102111592855,0.015848931924611138,0.33965076631322794,10.0,one_minus_s_power,935,True,54911.0,54911.0,256,1000000
10000,10.0,0.3,0.04379221726738444,2.763102111592855,0.015848931924611138,0.33965076631322794,10.0,one_minus_s_power,936,True,33170.0,33170.0,256,1000000
10000,10.0,0.3,0.04379221726738444,2.763102111592855,0.015848931924611138,0.33965076631322794,10.0,one_minus_s_power,937,True,1527.0,1527.0,256,1000000
10000,10.0,0.3,0.04379221726738444,2.763102111592855,0.015848931924611138,0.33965076631322794,10.0,one_minus_s_power,938,True,4660.0,4660.0,256,1000000
10000,10.0,0.3,0.04379221726738444,2.763102111592855,0.015848931924611138,0.33965076631322794,10.0,one_minus_s_power,939,True,1290.0,1290.0,256,1000000
10000,10.0,0.3,0.04379221726738444,2.763102111592855,0.015848931924611138,0.33965076631322794,10.0,one_minus_s_power,940,True,15434.0,15434.0,256,1000000
10000,10.0,0.3,0.04379221726738444,2.763102111592855,0.015848931924611138,0.33965076631322794,10.0,one_minus_s_power,941,True,17871.0,17871.0,256,1000000
10000,10.0,0.3,0.04379221726738444,2.763102111592855,0.015848931924611138,0.33965076631322794,10.0,one_minus_s_power,942,True,153321.0,153321.0,256,1000000
10000,10.0,0.3,0.04379221726738444,2.763102111592855,0.015848931924611138,0.33965076631322794,10.0,one_minus_s_power,943,True,104452.0,104452.0,256,1000000
10000,10.0,0.3,0.04379221726738444,2.763102111592855,0.015848931924611138,0.33965076631322794,10.0,one_minus_s_power,944,True,179239.0,179239.0,256,1000000
10000,10.0,0.3,0.04379221726738444,2.763102111592855,0.015848931924611138,0.33965076631322794,10.0,one_minus_s_power,945,True,302512.0,302512.0,256,1000000
10000,10.0,0.3,0.04379221726738444,2.763102111592855,0.015848931924611138,0.33965076631322794,10.0,one_minus_s_power,946,True,84148.0,84148.0,256,1000000
10000,10.0,0.3,0.04379221726738444,2.763102111592855,0.015848931924611138,0.33965076631322794,10.0,one_minus_s_power,947,True,13759.0,13759.0,256,1000000
10000,10.0,0.3,0.04379221726738444,2.763102111592855,0.015848931924611138,0.33965076631322794,10.0,one_minus_s_power,948,True,73569.0,73569.0,256,1000000
10000,10.0,0.3,0.04379221726738444,2.763102111592855,0.015848931924611138,0.33965076631322794,10.0,one_minus_s_power,949,True,56855.0,56855.0,256,1000000
10000,10.0,0.3,0.04379221726738444,2.763102111592855,0.015848931924611138,0.33965076631322794,10.0,one_minus_s_power,950,True,5800.0,5800.0,256,1000000
10000,10.0,0.3,0.04379221726738444,2.763102111592855,0.015848931924611138,0.33965076631322794,10.0,one_minus_s_power,951,True,94591.0,94591.0,256,1000000
10000,10.0,0.3,0.04379221726738444,2.763102111592855,0.015848931924611138,0.33965076631322794,10.0,one_minus_s_power,952,True,55807.0,55807.0,256,1000000
10000,10.0,0.3,0.04379221726738444,2.763102111592855,0.015848931924611138,0.33965076631322794,10.0,one_minus_s_power,953,True,126312.0,126312.0,256,1000000
10000,10.0,0.3,0.04379221726738444,2.763102111592855,0.015848931924611138,0.33965076631322794,10.0,one_minus_s_power,954,True,24232.0,24232.0,256,1000000
10000,10.0,0.3,0.04379221726738444,2.763102111592855,0.015848931924611138,0.33965076631322794,10.0,one_minus_s_power,955,True,10884.0,10884.0,256,1000000
10000,10.0,0.3,0.04379221726738444,2.763102111592855,0.015848931924611138,0.33965076631322794,10.0,one_minus_s_power,956,True,181523.0,181523.0,256,1000000
10000,10.0,0.3,0.04379221726738444,2.763102111592855,0.015848931924611138,0.33965076631322794,10.0,one_minus_s_power,957,True,51139.0,51139.0,256,1000000
10000,10.0,0.3,0.04379221726738444,2.763102111592855,0.015848931924611138,0.33965076631322794,10.0,one_minus_s_power,958,True,60604.0,60604.0,256,1000000
10000,10.0,0.3,0.04379221726738444,2.763102111592855,0.015848931924611138,0.33965076631322794,10.0,one_minus_s_power,959,True,162071.0,162071.0,256,1000000
10000,10.0,0.3,0.04379221726738444,2.763102111592855,0.015848931924611138,0.33965076631322794,10.0,one_minus_s_power,960,True,4792.0,4792.0,256,1000000
10000,10.0,0.3,0.04379221726738444,2.763102111592855,0.015848931924611138,0.33965076631322794,10.0,one_minus_s_power,961,True,5497.0,5497.0,256,1000000
10000,10.0,0.3,0.04379221726738444,2.763102111592855,0.015848931924611138,0.33965076631322794,10.0,one_minus_s_power,962,True,101976.0,101976.0,256,1000000
10000,10.0,0.3,0.04379221726738444,2.763102111592855,0.015848931924611138,0.33965076631322794,10.0,one_minus_s_power,963,True,40352.0,40352.0,256,1000000
10000,10.0,0.3,0.04379221726738444,2.763102111592855,0.015848931924611138,0.33965076631322794,10.0,one_minus_s_power,964,True,149246.0,149246.0,256,1000000
10000,10.0,0.3,0.04379221726738444,2.763102111592855,0.015848931924611138,0.33965076631322794,10.0,one_minus_s_power,965,True,51100.0,51100.0,256,1000000
10000,10.0,0.3,0.04379221726738444,2.763102111592855,0.015848931924611138,0.33965076631322794,10.0,one_minus_s_power,966,True,70433.0,70433.0,256,1000000
10000,10.0,0.3,0.04379221726738444,2.763102111592855,0.015848931924611138,0.33965076631322794,10.0,one_minus_s_power,967,True,93176.0,93176.0,256,1000000
10000,10.0,0.3,0.04379221726738444,2.763102111592855,0.015848931924611138,0.33965076631322794,10.0,one_minus_s_power,968,True,14322.0,14322.0,256,1000000
10000,10.0,0.3,0.04379221726738444,2.763102111592855,0.015848931924611138,0.33965076631322794,10.0,one_minus_s_power,969,True,45596.0,45596.0,256,1000000
10000,10.0,0.3,0.04379221726738444,2.763102111592855,0.015848931924611138,0.33965076631322794,10.0,one_minus_s_power,970,True,38919.0,38919.0,256,1000000
10000,10.0,0.3,0.04379221726738444,2.763102111592855,0.015848931924611138,0.33965076631322794,10.0,one_minus_s_power,971,True,19712.0,19712.0,256,1000000
10000,10.0,0.3,0.04379221726738444,2.763102111592855,0.015848931924611138,0.33965076631322794,10.0,one_minus_s_power,972,True,23619.0,23619.0,256,1000000
10000,10.0,0.3,0.04379221726738444,2.763102111592855,0.015848931924611138,0.33965076631322794,10.0,one_minus_s_power,973,True,20308.0,20308.0,256,1000000
10000,10.0,0.3,0.04379221726738444,2.763102111592855,0.015848931924611138,0.33965076631322794,10.0,one_minus_s_power,974,True,21321.0,21321.0,256,1000000
10000,10.0,0.3,0.04379221726738444,2.763102111592855,0.015848931924611138,0.33965076631322794,10.0,one_minus_s_power,975,True,130027.0,130027.0,256,1000000
10000,10.0,0.3,0.04379221726738444,2.763102111592855,0.015848931924611138,0.33965076631322794,10.0,one_minus_s_power,976,True,114423.0,114423.0,256,1000000
10000,10.0,0.3,0.04379221726738444,2.763102111592855,0.015848931924611138,0.33965076631322794,10.0,one_minus_s_power,977,True,17256.0,17256.0,256,1000000
10000,10.0,0.3,0.04379221726738444,2.763102111592855,0.015848931924611138,0.33965076631322794,10.0,one_minus_s_power,978,True,93052.0,93052.0,256,1000000
10000,10.0,0.3,0.04379221726738444,2.763102111592855,0.015848931924611138,0.33965076631322794,10.0,one_minus_s_power,979,True,27641.0,27641.0,256,1000000
10000,10.0,0.3,0.04379221726738444,2.763102111592855,0.015848931924611138,0.33965076631322794,10.0,one_minus_s_power,980,True,8938.0,8938.0,256,1000000
10000,10.0,0.3,0.04379221726738444,2.763102111592855,0.015848931924611138,0.33965076631322794,10.0,one_minus_s_power,981,True,10741.0,10741.0,256,1000000
10000,10.0,0.3,0.04379221726738444,2.763102111592855,0.015848931924611138,0.33965076631322794,10.0,one_minus_s_power,982,True,30331.0,30331.0,256,1000000
10000,10.0,0.3,0.04379221726738444,2.763102111592855,0.015848931924611138,0.33965076631322794,10.0,one_minus_s_power,983,True,123168.0,123168.0,256,1000000
10000,10.0,0.3,0.04379221726738444,2.763102111592855,0.015848931924611138,0.33965076631322794,10.0,one_minus_s_power,984,True,5183.0,5183.0,256,1000000
10000,10.0,0.3,0.04379221726738444,2.763102111592855,0.015848931924611138,0.33965076631322794,10.0,one_minus_s_power,985,True,1628.0,1628.0,256,1000000
10000,10.0,0.3,0.04379221726738444,2.763102111592855,0.015848931924611138,0.33965076631322794,10.0,one_minus_s_power,986,True,91860.0,91860.0,256,1000000
10000,10.0,0.3,0.04379221726738444,2.763102111592855,0.015848931924611138,0.33965076631322794,10.0,one_minus_s_power,987,True,75942.0,75942.0,256,1000000
10000,10.0,0.3,0.04379221726738444,2.763102111592855,0.015848931924611138,0.33965076631322794,10.0,one_minus_s_power,988,True,27862.0,27862.0,256,1000000
10000,10.0,0.3,0.04379221726738444,2.763102111592855,0.015848931924611138,0.33965076631322794,10.0,one_minus_s_power,989,True,95165.0,95165.0,256,1000000
10000,10.0,0.3,0.04379221726738444,2.763102111592855,0.015848931924611138,0.33965076631322794,10.0,one_minus_s_power,990,True,34774.0,34774.0,256,1000000
10000,10.0,0.3,0.04379221726738444,2.763102111592855,0.015848931924611138,0.33965076631322794,10.0,one_minus_s_power,991,True,1421.0,1421.0,256,1000000
10000,10.0,0.3,0.04379221726738444,2.763102111592855,0.015848931924611138,0.33965076631322794,10.0,one_minus_s_power,992,True,20076.0,20076.0,256,1000000
10000,10.0,0.3,0.04379221726738444,2.763102111592855,0.015848931924611138,0.33965076631322794,10.0,one_minus_s_power,993,True,78147.0,78147.0,256,1000000
10000,10.0,0.3,0.04379221726738444,2.763102111592855,0.015848931924611138,0.33965076631322794,10.0,one_minus_s_power,994,True,184146.0,184146.0,256,1000000
10000,10.0,0.3,0.04379221726738444,2.763102111592855,0.015848931924611138,0.33965076631322794,10.0,one_minus_s_power,995,True,32568.0,32568.0,256,1000000
10000,10.0,0.3,0.04379221726738444,2.763102111592855,0.015848931924611138,0.33965076631322794,10.0,one_minus_s_power,996,True,122403.0,122403.0,256,1000000
10000,10.0,0.3,0.04379221726738444,2.763102111592855,0.015848931924611138,0.33965076631322794,10.0,one_minus_s_power,997,True,98807.0,98807.0,256,1000000
10000,10.0,0.3,0.04379221726738444,2.763102111592855,0.015848931924611138,0.33965076631322794,10.0,one_minus_s_power,998,True,82277.0,82277.0,256,1000000
10000,10.0,0.3,0.04379221726738444,2.763102111592855,0.015848931924611138,0.33965076631322794,10.0,one_minus_s_power,999,True,46028.0,46028.0,256,1000000
