N,psi,delta,u,u_div_s,s,effective_beta,psi_check,selection_mode,path_index,hit_x0_zero,t_0,first_loss_time,num_classes,T_MAX
10000,1.3,0.4,0.01906685323567485,3.684136148790474,0.005175393217195468,0.4299302440844437,1.2999999999999998,one_minus_s_power,0,True,1342.0,1342.0,256,1000000
10000,1.3,0.4,0.01906685323567485,3.684136148790474,0.005175393217195468,0.4299302440844437,1.2999999999999998,one_minus_s_power,1,True,689.0,689.0,256,1000000
10000,1.3,0.4,0.01906685323567485,3.684136148790474,0.005175393217195468,0.4299302440844437,1.2999999999999998,one_minus_s_power,2,True,1241.0,1241.0,256,1000000
10000,1.3,0.4,0.01906685323567485,3.684136148790474,0.005175393217195468,0.4299302440844437,1.2999999999999998,one_minus_s_power,3,True,320.0,320.0,256,1000000
10000,1.3,0.4,0.01906685323567485,3.684136148790474,0.005175393217195468,0.4299302440844437,1.2999999999999998,one_minus_s_power,4,True,920.0,920.0,256,1000000
10000,1.3,0.4,0.01906685323567485,3.684136148790474,0.005175393217195468,0.4299302440844437,1.2999999999999998,one_minus_s_power,5,True,272.0,272.0,256,1000000
10000,1.3,0.4,0.01906685323567485,3.684136148790474,0.005175393217195468,0.4299302440844437,1.2999999999999998,one_minus_s_power,6,True,211.0,211.0,256,1000000
10000,1.3,0.4,0.01906685323567485,3.684136148790474,0.005175393217195468,0.4299302440844437,1.2999999999999998,one_minus_s_power,7,True,1221.0,1221.0,256,1000000
10000,1.3,0.4,0.01906685323567485,3.684136148790474,0.005175393217195468,0.4299302440844437,1.2999999999999998,one_minus_s_power,8,True,1129.0,1129.0,256,1000000
10000,1.3,0.4,0.01906685323567485,3.684136148790474,0.005175393217195468,0.4299302440844437,1.2999999999999998,one_minus_s_power,9,True,305.0,305.0,256,1000000
10000,1.3,0.4,0.01906685323567485,3.684136148790474,0.005175393217195468,0.4299302440844437,1.2999999999999998,one_minus_s_power,10,True,896.0,896.0,256,1000000
10000,1.3,0.4,0.01906685323567485,3.684136148790474,0.005175393217195468,0.4299302440844437,1.2999999999999998,one_minus_s_power,11,True,379.0,379.0,256,1000000
10000,1.3,0.4,0.01906685323567485,3.684136148790474,0.005175393217195468,0.4299302440844437,1.2999999999999998,one_minus_s_power,12,True,2399.0,2399.0,256,1000000
10000,1.3,0.4,0.01906685323567485,3.684136148790474,0.005175393217195468,0.4299302440844437,1.2999999999999998,one_minus_s_power,13,True,536.0,536.0,256,1000000
10000,1.3,0.4,0.01906685323567485,3.684136148790474,0.005175393217195468,0.4299302440844437,1.2999999999999998,one_minus_s_power,14,True,692.0,692.0,256,1000000
10000,1.3,0.4,0.01906685323567485,3.684136148790474,0.005175393217195468,0.4299302440844437,1.2999999999999998,one_minus_s_power,15,True,195.0,195.0,256,1000000
10000,1.3,0.4,0.01906685323567485,3.684136148790474,0.005175393217195468,0.4299302440844437,1.2999999999999998,one_minus_s_power,16,True,654.0,654.0,256,1000000
10000,1.3,0.4,0.01906685323567485,3.684136148790474,0.005175393217195468,0.4299302440844437,1.2999999999999998,one_minus_s_power,17,True,621.0,621.0,256,1000000
10000,1.3,0.4,0.01906685323567485,3.684136148790474,0.005175393217195468,0.4299302440844437,1.2999999999999998,one_minus_s_power,18,True,830.0,830.0,256,1000000
10000,1.3,0.4,0.01906685323567485,3.684136148790474,0.005175393217195468,0.4299302440844437,1.2999999999999998,one_minus_s_power,19,True,331.0,331.0,256,1000000
10000,1.3,0.4,0.01906685323567485,3.684136148790474,0.005175393217195468,0.4299302440844437,1.2999999999999998,one_minus_s_power,20,True,1423.0,1423.0,256,1000000
10000,1.3,0.4,0.01906685323567485,3.684136148790474,0.005175393217195468,0.4299302440844437,1.2999999999999998,one_minus_s_power,21,True,1094.0,1094.0,256,1000000
10000,1.3,0.4,0.01906685323567485,3.684136148790474,0.005175393217195468,0.4299302440844437,1.2999999999999998,one_minus_s_power,22,True,152.0,152.0,256,1000000
10000,1.3,0.4,0.01906685323567485,3.684136148790474,0.005175393217195468,0.4299302440844437,1.2999999999999998,one_minus_s_power,23,True,1702.0,1702.0,256,1000000
10000,1.3,0.4,0.01906685323567485,3.684136148790474,0.005175393217195468,0.4299302440844437,1.2999999999999998,one_minus_s_power,24,True,2026.0,2026.0,256,1000000
10000,1.3,0.4,0.01906685323567485,3.684136148790474,0.005175393217195468,0.4299302440844437,1.2999999999999998,one_minus_s_power,25,True,316.0,316.0,256,1000000
10000,1.3,0.4,0.01906685323567485,3.684136148790474,0.005175393217195468,0.4299302440844437,1.2999999999999998,one_minus_s_power,26,True,156.0,156.0,256,1000000
10000,1.3,0.4,0.01906685323567485,3.684136148790474,0.005175393217195468,0.4299302440844437,1.2999999999999998,one_minus_s_power,27,True,475.0,475.0,256,1000000
10000,1.3,0.4,0.01906685323567485,3.684136148790474,0.005175393217195468,0.4299302440844437,1.2999999999999998,one_minus_s_power,28,True,683.0,683.0,256,1000000
10000,1.3,0.4,0.01906685323567485,3.684136148790474,0.005175393217195468,0.4299302440844437,1.2999999999999998,one_minus_s_power,29,True,583.0,583.0,256,1000000
10000,1.3,0.4,0.01906685323567485,3.684136148790474,0.005175393217195468,0.4299302440844437,1.2999999999999998,one_minus_s_power,30,True,878.0,878.0,256,1000000
10000,1.3,0.4,0.01906685323567485,3.684136148790474,0.005175393217195468,0.4299302440844437,1.2999999999999998,one_minus_s_power,31,True,307.0,307.0,256,1000000
10000,1.3,0.4,0.01906685323567485,3.684136148790474,0.005175393217195468,0.4299302440844437,1.2999999999999998,one_minus_s_power,32,True,1506.0,1506.0,256,1000000
10000,1.3,0.4,0.01906685323567485,3.684136148790474,0.005175393217195468,0.4299302440844437,1.2999999999999998,one_minus_s_power,33,True,311.0,311.0,256,1000000
10000,1.3,0.4,0.01906685323567485,3.684136148790474,0.005175393217195468,0.4299302440844437,1.2999999999999998,one_minus_s_power,34,True,586.0,586.0,256,1000000
10000,1.3,0.4,0.01906685323567485,3.684136148790474,0.005175393217195468,0.4299302440844437,1.2999999999999998,one_minus_s_power,35,True,154.0,154.0,256,1000000
10000,1.3,0.4,0.01906685323567485,3.684136148790474,0.005175393217195468,0.4299302440844437,1.2999999999999998,one_minus_s_power,36,True,366.0,366.0,256,1000000
10000,1.3,0.4,0.01906685323567485,3.684136148790474,0.005175393217195468,0.4299302440844437,1.2999999999999998,one_minus_s_power,37,True,1140.0,1140.0,256,1000000
10000,1.3,0.4,0.01906685323567485,3.684136148790474,0.005175393217195468,0.4299302440844437,1.2999999999999998,one_minus_s_power,38,True,258.0,258.0,256,1000000
10000,1.3,0.4,0.01906685323567485,3.684136148790474,0.005175393217195468,0.4299302440844437,1.2999999999999998,one_minus_s_power,39,True,1019.0,1019.0,256,1000000
10000,1.3,0.4,0.01906685323567485,3.684136148790474,0.005175393217195468,0.4299302440844437,1.2999999999999998,one_minus_s_power,40,True,1136.0,1136.0,256,1000000
10000,1.3,0.4,0.01906685323567485,3.684136148790474,0.005175393217195468,0.4299302440844437,1.2999999999999998,one_minus_s_power,41,True,1788.0,1788.0,256,1000000
10000,1.3,0.4,0.01906685323567485,3.684136148790474,0.005175393217195468,0.4299302440844437,1.2999999999999998,one_minus_s_power,42,True,1617.0,1617.0,256,1000000
10000,1.3,0.4,0.01906685323567485,3.684136148790474,0.005175393217195468,0.4299302440844437,1.2999999999999998,one_minus_s_power,43,True,1436.0,1436.0,256,1000000
10000,1.3,0.4,0.01906685323567485,3.684136148790474,0.005175393217195468,0.4299302440844437,1.2999999999999998,one_minus_s_power,44,True,312.0,312.0,256,1000000
10000,1.3,0.4,0.01906685323567485,3.684136148790474,0.005175393217195468,0.4299302440844437,1.2999999999999998,one_minus_s_power,45,True,794.0,794.0,256,1000000
10000,1.3,0.4,0.01906685323567485,3.684136148790474,0.005175393217195468,0.4299302440844437,1.2999999999999998,one_minus_s_power,46,True,700.0,700.0,256,1000000
10000,1.3,0.4,0.01906685323567485,3.684136148790474,0.005175393217195468,0.4299302440844437,1.2999999999999998,one_minus_s_power,47,True,207.0,207.0,256,1000000
10000,1.3,0.4,0.01906685323567485,3.684136148790474,0.005175393217195468,0.4299302440844437,1.2999999999999998,one_minus_s_power,48,True,773.0,773.0,256,1000000
10000,1.3,0.4,0.01906685323567485,3.684136148790474,0.005175393217195468,0.4299302440844437,1.2999999999999998,one_minus_s_power,49,True,804.0,804.0,256,1000000
10000,1.3,0.4,0.01906685323567485,3.684136148790474,0.005175393217195468,0.4299302440844437,1.2999999999999998,one_minus_s_power,50,True,292.0,292.0,256,1000000
10000,1.3,0.4,0.01906685323567485,3.684136148790474,0.005175393217195468,0.4299302440844437,1.2999999999999998,one_minus_s_power,51,True,481.0,481.0,256,1000000
10000,1.3,0.4,0.01906685323567485,3.684136148790474,0.005175393217195468,0.4299302440844437,1.2999999999999998,one_minus_s_power,52,True,937.0,937.0,256,1000000
10000,1.3,0.4,0.01906685323567485,3.684136148790474,0.005175393217195468,0.4299302440844437,1.2999999999999998,one_minus_s_power,53,True,691.0,691.0,256,1000000
10000,1.3,0.4,0.01906685323567485,3.684136148790474,0.005175393217195468,0.4299302440844437,1.2999999999999998,one_minus_s_power,54,True,415.0,415.0,256,1000000
10000,1.3,0.4,0.01906685323567485,3.684136148790474,0.005175393217195468,0.4299302440844437,1.2999999999999998,one_minus_s_power,55,True,505.0,505.0,256,1000000
10000,1.3,0.4,0.01906685323567485,3.684136148790474,0.005175393217195468,0.4299302440844437,1.2999999999999998,one_minus_s_power,56,True,374.0,374.0,256,1000000
10000,1.3,0.4,0.01906685323567485,3.684136148790474,0.005175393217195468,0.4299302440844437,1.2999999999999998,one_minus_s_power,57,True,1909.0,1909.0,256,1000000
10000,1.3,0.4,0.01906685323567485,3.684136148790474,0.005175393217195468,0.4299302440844437,1.2999999999999998,one_minus_s_power,58,True,270.0,270.0,256,1000000
10000,1.3,0.4,0.01906685323567485,3.684136148790474,0.005175393217195468,0.4299302440844437,1.2999999999999998,one_minus_s_power,59,True,443.0,443.0,256,1000000
10000,1.3,0.4,0.01906685323567485,3.684136148790474,0.005175393217195468,0.4299302440844437,1.2999999999999998,one_minus_s_power,60,True,176.0,176.0,256,1000000
10000,1.3,0.4,0.01906685323567485,3.684136148790474,0.005175393217195468,0.4299302440844437,1.2999999999999998,one_minus_s_power,61,True,1330.0,1330.0,256,1000000
10000,1.3,0.4,0.01906685323567485,3.684136148790474,0.005175393217195468,0.4299302440844437,1.2999999999999998,one_minus_s_power,62,True,114.0,114.0,256,1000000
10000,1.3,0.4,0.01906685323567485,3.684136148790474,0.005175393217195468,0.4299302440844437,1.2999999999999998,one_minus_s_power,63,True,959.0,959.0,256,1000000
10000,1.3,0.4,0.01906685323567485,3.684136148790474,0.005175393217195468,0.4299302440844437,1.2999999999999998,one_minus_s_power,64,True,259.0,259.0,256,1000000
10000,1.3,0.4,0.01906685323567485,3.684136148790474,0.005175393217195468,0.4299302440844437,1.2999999999999998,one_minus_s_power,65,True,331.0,331.0,256,1000000
10000,1.3,0.4,0.01906685323567485,3.684136148790474,0.005175393217195468,0.4299302440844437,1.2999999999999998,one_minus_s_power,66,True,693.0,693.0,256,1000000
10000,1.3,0.4,0.01906685323567485,3.684136148790474,0.005175393217195468,0.4299302440844437,1.2999999999999998,one_minus_s_power,67,True,289.0,289.0,256,1000000
10000,1.3,0.4,0.01906685323567485,3.684136148790474,0.005175393217195468,0.4299302440844437,1.2999999999999998,one_minus_s_power,68,True,1462.0,1462.0,256,1000000
10000,1.3,0.4,0.01906685323567485,3.684136148790474,0.005175393217195468,0.4299302440844437,1.2999999999999998,one_minus_s_power,69,True,2659.0,2659.0,256,1000000
10000,1.3,0.4,0.01906685323567485,3.684136148790474,0.005175393217195468,0.4299302440844437,1.2999999999999998,one_minus_s_power,70,True,368.0,368.0,256,1000000
10000,1.3,0.4,0.01906685323567485,3.684136148790474,0.005175393217195468,0.4299302440844437,1.2999999999999998,one_minus_s_power,71,True,431.0,431.0,256,1000000
10000,1.3,0.4,0.01906685323567485,3.684136148790474,0.005175393217195468,0.4299302440844437,1.2999999999999998,one_minus_s_power,72,True,488.0,488.0,256,1000000
10000,1.3,0.4,0.01906685323567485,3.684136148790474,0.005175393217195468,0.4299302440844437,1.2999999999999998,one_minus_s_power,73,True,253.0,253.0,256,1000000
10000,1.3,0.4,0.01906685323567485,3.684136148790474,0.005175393217195468,0.4299302440844437,1.2999999999999998,one_minus_s_power,74,True,1507.0,1507.0,256,1000000
10000,1.3,0.4,0.01906685323567485,3.684136148790474,0.005175393217195468,0.4299302440844437,1.2999999999999998,one_minus_s_power,75,True,1865.0,1865.0,256,1000000
10000,1.3,0.4,0.01906685323567485,3.684136148790474,0.005175393217195468,0.4299302440844437,1.2999999999999998,one_minus_s_power,76,True,135.0,135.0,256,1000000
10000,1.3,0.4,0.01906685323567485,3.684136148790474,0.005175393217195468,0.4299302440844437,1.2999999999999998,one_minus_s_power,77,True,246.0,246.0,256,1000000
10000,1.3,0.4,0.01906685323567485,3.684136148790474,0.005175393217195468,0.4299302440844437,1.2999999999999998,one_minus_s_power,78,True,680.0,680.0,256,1000000
10000,1.3,0.4,0.01906685323567485,3.684136148790474,0.005175393217195468,0.4299302440844437,1.2999999999999998,one_minus_s_power,79,True,1273.0,1273.0,256,1000000
10000,1.3,0.4,0.01906685323567485,3.684136148790474,0.005175393217195468,0.4299302440844437,1.2999999999999998,one_minus_s_power,80,True,597.0,597.0,256,1000000
10000,1.3,0.4,0.01906685323567485,3.684136148790474,0.005175393217195468,0.4299302440844437,1.2999999999999998,one_minus_s_power,81,True,989.0,989.0,256,1000000
10000,1.3,0.4,0.01906685323567485,3.684136148790474,0.005175393217195468,0.4299302440844437,1.2999999999999998,one_minus_s_power,82,True,1050.0,1050.0,256,1000000
10000,1.3,0.4,0.01906685323567485,3.684136148790474,0.005175393217195468,0.4299302440844437,1.2999999999999998,one_minus_s_power,83,True,248.0,248.0,256,1000000
10000,1.3,0.4,0.01906685323567485,3.684136148790474,0.005175393217195468,0.4299302440844437,1.2999999999999998,one_minus_s_power,84,True,842.0,842.0,256,1000000
10000,1.3,0.4,0.01906685323567485,3.684136148790474,0.005175393217195468,0.4299302440844437,1.2999999999999998,one_minus_s_power,85,True,1175.0,1175.0,256,1000000
10000,1.3,0.4,0.01906685323567485,3.684136148790474,0.005175393217195468,0.4299302440844437,1.2999999999999998,one_minus_s_power,86,True,3248.0,3248.0,256,1000000
10000,1.3,0.4,0.01906685323567485,3.684136148790474,0.005175393217195468,0.4299302440844437,1.2999999999999998,one_minus_s_power,87,True,242.0,242.0,256,1000000
10000,1.3,0.4,0.01906685323567485,3.684136148790474,0.005175393217195468,0.4299302440844437,1.2999999999999998,one_minus_s_power,88,True,448.0,448.0,256,1000000
10000,1.3,0.4,0.01906685323567485,3.684136148790474,0.005175393217195468,0.4299302440844437,1.2999999999999998,one_minus_s_power,89,True,937.0,937.0,256,1000000
10000,1.3,0.4,0.01906685323567485,3.684136148790474,0.005175393217195468,0.4299302440844437,1.2999999999999998,one_minus_s_power,90,True,3031.0,3031.0,256,1000000
10000,1.3,0.4,0.01906685323567485,3.684136148790474,0.005175393217195468,0.4299302440844437,1.2999999999999998,one_minus_s_power,91,True,1720.0,1720.0,256,1000000
10000,1.3,0.4,0.01906685323567485,3.684136148790474,0.005175393217195468,0.4299302440844437,1.2999999999999998,one_minus_s_power,92,True,706.0,706.0,256,1000000
10000,1.3,0.4,0.01906685323567485,3.684136148790474,0.005175393217195468,0.4299302440844437,1.2999999999999998,one_minus_s_power,93,True,638.0,638.0,256,1000000
10000,1.3,0.4,0.01906685323567485,3.684136148790474,0.005175393217195468,0.4299302440844437,1.2999999999999998,one_minus_s_power,94,True,975.0,975.0,256,1000000
10000,1.3,0.4,0.01906685323567485,3.684136148790474,0.005175393217195468,0.4299302440844437,1.2999999999999998,one_minus_s_power,95,True,915.0,915.0,256,1000000
10000,1.3,0.4,0.01906685323567485,3.684136148790474,0.005175393217195468,0.4299302440844437,1.2999999999999998,one_minus_s_power,96,True,654.0,654.0,256,1000000
10000,1.3,0.4,0.01906685323567485,3.684136148790474,0.005175393217195468,0.4299302440844437,1.2999999999999998,one_minus_s_power,97,True,1090.0,1090.0,256,1000000
10000,1.3,0.4,0.01906685323567485,3.684136148790474,0.005175393217195468,0.4299302440844437,1.2999999999999998,one_minus_s_power,98,True,556.0,556.0,256,1000000
10000,1.3,0.4,0.01906685323567485,3.684136148790474,0.005175393217195468,0.4299302440844437,1.2999999999999998,one_minus_s_power,99,True,1281.0,1281.0,256,1000000
10000,1.3,0.4,0.01906685323567485,3.684136148790474,0.005175393217195468,0.4299302440844437,1.2999999999999998,one_minus_s_power,100,True,437.0,437.0,256,1000000
10000,1.3,0.4,0.01906685323567485,3.684136148790474,0.005175393217195468,0.4299302440844437,1.2999999999999998,one_minus_s_power,101,True,3047.0,3047.0,256,1000000
10000,1.3,0.4,0.01906685323567485,3.684136148790474,0.005175393217195468,0.4299302440844437,1.2999999999999998,one_minus_s_power,102,True,766.0,766.0,256,1000000
10000,1.3,0.4,0.01906685323567485,3.684136148790474,0.005175393217195468,0.4299302440844437,1.2999999999999998,one_minus_s_power,103,True,889.0,889.0,256,1000000
10000,1.3,0.4,0.01906685323567485,3.684136148790474,0.005175393217195468,0.4299302440844437,1.2999999999999998,one_minus_s_power,104,True,888.0,888.0,256,1000000
10000,1.3,0.4,0.01906685323567485,3.684136148790474,0.005175393217195468,0.4299302440844437,1.2999999999999998,one_minus_s_power,105,True,405.0,405.0,256,1000000
10000,1.3,0.4,0.01906685323567485,3.684136148790474,0.005175393217195468,0.4299302440844437,1.2999999999999998,one_minus_s_power,106,True,1417.0,1417.0,256,1000000
10000,1.3,0.4,0.01906685323567485,3.684136148790474,0.005175393217195468,0.4299302440844437,1.2999999999999998,one_minus_s_power,107,True,244.0,244.0,256,1000000
10000,1.3,0.4,0.01906685323567485,3.684136148790474,0.005175393217195468,0.4299302440844437,1.2999999999999998,one_minus_s_power,108,True,195.0,195.0,256,1000000
10000,1.3,0.4,0.01906685323567485,3.684136148790474,0.005175393217195468,0.4299302440844437,1.2999999999999998,one_minus_s_power,109,True,693.0,693.0,256,1000000
10000,1.3,0.4,0.01906685323567485,3.684136148790474,0.005175393217195468,0.4299302440844437,1.2999999999999998,one_minus_s_power,110,True,1107.0,1107.0,256,1000000
10000,1.3,0.4,0.01906685323567485,3.684136148790474,0.005175393217195468,0.4299302440844437,1.2999999999999998,one_minus_s_power,111,True,3916.0,3916.0,256,1000000
10000,1.3,0.4,0.01906685323567485,3.684136148790474,0.005175393217195468,0.4299302440844437,1.2999999999999998,one_minus_s_power,112,True,642.0,642.0,256,1000000
10000,1.3,0.4,0.01906685323567485,3.684136148790474,0.005175393217195468,0.4299302440844437,1.2999999999999998,one_minus_s_power,113,True,646.0,646.0,256,1000000
10000,1.3,0.4,0.01906685323567485,3.684136148790474,0.005175393217195468,0.4299302440844437,1.2999999999999998,one_minus_s_power,114,True,2195.0,2195.0,256,1000000
10000,1.3,0.4,0.01906685323567485,3.684136148790474,0.005175393217195468,0.4299302440844437,1.2999999999999998,one_minus_s_power,115,True,502.0,502.0,256,1000000
10000,1.3,0.4,0.01906685323567485,3.684136148790474,0.005175393217195468,0.4299302440844437,1.2999999999999998,one_minus_s_power,116,True,588.0,588.0,256,1000000
10000,1.3,0.4,0.01906685323567485,3.684136148790474,0.005175393217195468,0.4299302440844437,1.2999999999999998,one_minus_s_power,117,True,478.0,478.0,256,1000000
10000,1.3,0.4,0.01906685323567485,3.684136148790474,0.005175393217195468,0.4299302440844437,1.2999999999999998,one_minus_s_power,118,True,283.0,283.0,256,1000000
10000,1.3,0.4,0.01906685323567485,3.684136148790474,0.005175393217195468,0.4299302440844437,1.2999999999999998,one_minus_s_power,119,True,272.0,272.0,256,1000000
10000,1.3,0.4,0.01906685323567485,3.684136148790474,0.005175393217195468,0.4299302440844437,1.2999999999999998,one_minus_s_power,120,True,1277.0,1277.0,256,1000000
10000,1.3,0.4,0.01906685323567485,3.684136148790474,0.005175393217195468,0.4299302440844437,1.2999999999999998,one_minus_s_power,121,True,445.0,445.0,256,1000000
10000,1.3,0.4,0.01906685323567485,3.684136148790474,0.005175393217195468,0.4299302440844437,1.2999999999999998,one_minus_s_power,122,True,643.0,643.0,256,1000000
10000,1.3,0.4,0.01906685323567485,3.684136148790474,0.005175393217195468,0.4299302440844437,1.2999999999999998,one_minus_s_power,123,True,410.0,410.0,256,1000000
10000,1.3,0.4,0.01906685323567485,3.684136148790474,0.005175393217195468,0.4299302440844437,1.2999999999999998,one_minus_s_power,124,True,787.0,787.0,256,1000000
10000,1.3,0.4,0.01906685323567485,3.684136148790474,0.005175393217195468,0.4299302440844437,1.2999999999999998,one_minus_s_power,125,True,1214.0,1214.0,256,1000000
10000,1.3,0.4,0.01906685323567485,3.684136148790474,0.005175393217195468,0.4299302440844437,1.2999999999999998,one_minus_s_power,126,True,1484.0,1484.0,256,1000000
10000,1.3,0.4,0.01906685323567485,3.684136148790474,0.005175393217195468,0.4299302440844437,1.2999999999999998,one_minus_s_power,127,True,425.0,425.0,256,1000000
10000,1.3,0.4,0.01906685323567485,3.684136148790474,0.005175393217195468,0.4299302440844437,1.2999999999999998,one_minus_s_power,128,True,1718.0,1718.0,256,1000000
10000,1.3,0.4,0.01906685323567485,3.684136148790474,0.005175393217195468,0.4299302440844437,1.2999999999999998,one_minus_s_power,129,True,1620.0,1620.0,256,1000000
10000,1.3,0.4,0.01906685323567485,3.684136148790474,0.005175393217195468,0.4299302440844437,1.2999999999999998,one_minus_s_power,130,True,4810.0,4810.0,256,1000000
10000,1.3,0.4,0.01906685323567485,3.684136148790474,0.005175393217195468,0.4299302440844437,1.2999999999999998,one_minus_s_power,131,True,420.0,420.0,256,1000000
10000,1.3,0.4,0.01906685323567485,3.684136148790474,0.005175393217195468,0.4299302440844437,1.2999999999999998,one_minus_s_power,132,True,226.0,226.0,256,1000000
10000,1.3,0.4,0.01906685323567485,3.684136148790474,0.005175393217195468,0.4299302440844437,1.2999999999999998,one_minus_s_power,133,True,282.0,282.0,256,1000000
10000,1.3,0.4,0.01906685323567485,3.684136148790474,0.005175393217195468,0.4299302440844437,1.2999999999999998,one_minus_s_power,134,True,81.0,81.0,256,1000000
10000,1.3,0.4,0.01906685323567485,3.684136148790474,0.005175393217195468,0.4299302440844437,1.2999999999999998,one_minus_s_power,135,True,1802.0,1802.0,256,1000000
10000,1.3,0.4,0.01906685323567485,3.684136148790474,0.005175393217195468,0.4299302440844437,1.2999999999999998,one_minus_s_power,136,True,525.0,525.0,256,1000000
10000,1.3,0.4,0.01906685323567485,3.684136148790474,0.005175393217195468,0.4299302440844437,1.2999999999999998,one_minus_s_power,137,True,476.0,476.0,256,1000000
10000,1.3,0.4,0.01906685323567485,3.684136148790474,0.005175393217195468,0.4299302440844437,1.2999999999999998,one_minus_s_power,138,True,1440.0,1440.0,256,1000000
10000,1.3,0.4,0.01906685323567485,3.684136148790474,0.005175393217195468,0.4299302440844437,1.2999999999999998,one_minus_s_power,139,True,117.0,117.0,256,1000000
10000,1.3,0.4,0.01906685323567485,3.684136148790474,0.005175393217195468,0.4299302440844437,1.2999999999999998,one_minus_s_power,140,True,567.0,567.0,256,1000000
10000,1.3,0.4,0.01906685323567485,3.684136148790474,0.005175393217195468,0.4299302440844437,1.2999999999999998,one_minus_s_power,141,True,899.0,899.0,256,1000000
10000,1.3,0.4,0.01906685323567485,3.684136148790474,0.005175393217195468,0.4299302440844437,1.2999999999999998,one_minus_s_power,142,True,1937.0,1937.0,256,1000000
10000,1.3,0.4,0.01906685323567485,3.684136148790474,0.005175393217195468,0.4299302440844437,1.2999999999999998,one_minus_s_power,143,True,378.0,378.0,256,1000000
10000,1.3,0.4,0.01906685323567485,3.684136148790474,0.005175393217195468,0.4299302440844437,1.2999999999999998,one_minus_s_power,144,True,818.0,818.0,256,1000000
10000,1.3,0.4,0.01906685323567485,3.684136148790474,0.005175393217195468,0.4299302440844437,1.2999999999999998,one_minus_s_power,145,True,982.0,982.0,256,1000000
10000,1.3,0.4,0.01906685323567485,3.684136148790474,0.005175393217195468,0.4299302440844437,1.2999999999999998,one_minus_s_power,146,True,350.0,350.0,256,1000000
10000,1.3,0.4,0.01906685323567485,3.684136148790474,0.005175393217195468,0.4299302440844437,1.2999999999999998,one_minus_s_power,147,True,2220.0,2220.0,256,1000000
10000,1.3,0.4,0.01906685323567485,3.684136148790474,0.005175393217195468,0.4299302440844437,1.2999999999999998,one_minus_s_power,148,True,283.0,283.0,256,1000000
10000,1.3,0.4,0.01906685323567485,3.684136148790474,0.005175393217195468,0.4299302440844437,1.2999999999999998,one_minus_s_power,149,True,1248.0,1248.0,256,1000000
10000,1.3,0.4,0.01906685323567485,3.684136148790474,0.005175393217195468,0.4299302440844437,1.2999999999999998,one_minus_s_power,150,True,491.0,491.0,256,1000000
10000,1.3,0.4,0.01906685323567485,3.684136148790474,0.005175393217195468,0.4299302440844437,1.2999999999999998,one_minus_s_power,151,True,1002.0,1002.0,256,1000000
10000,1.3,0.4,0.01906685323567485,3.684136148790474,0.005175393217195468,0.4299302440844437,1.2999999999999998,one_minus_s_power,152,True,177.0,177.0,256,1000000
10000,1.3,0.4,0.01906685323567485,3.684136148790474,0.005175393217195468,0.4299302440844437,1.2999999999999998,one_minus_s_power,153,True,439.0,439.0,256,1000000
10000,1.3,0.4,0.01906685323567485,3.684136148790474,0.005175393217195468,0.4299302440844437,1.2999999999999998,one_minus_s_power,154,True,2474.0,2474.0,256,1000000
10000,1.3,0.4,0.01906685323567485,3.684136148790474,0.005175393217195468,0.4299302440844437,1.2999999999999998,one_minus_s_power,155,True,281.0,281.0,256,1000000
10000,1.3,0.4,0.01906685323567485,3.684136148790474,0.005175393217195468,0.4299302440844437,1.2999999999999998,one_minus_s_power,156,True,443.0,443.0,256,1000000
10000,1.3,0.4,0.01906685323567485,3.684136148790474,0.005175393217195468,0.4299302440844437,1.2999999999999998,one_minus_s_power,157,True,184.0,184.0,256,1000000
10000,1.3,0.4,0.01906685323567485,3.684136148790474,0.005175393217195468,0.4299302440844437,1.2999999999999998,one_minus_s_power,158,True,1067.0,1067.0,256,1000000
10000,1.3,0.4,0.01906685323567485,3.684136148790474,0.005175393217195468,0.4299302440844437,1.2999999999999998,one_minus_s_power,159,True,581.0,581.0,256,1000000
10000,1.3,0.4,0.01906685323567485,3.684136148790474,0.005175393217195468,0.4299302440844437,1.2999999999999998,one_minus_s_power,160,True,165.0,165.0,256,1000000
10000,1.3,0.4,0.01906685323567485,3.684136148790474,0.005175393217195468,0.4299302440844437,1.2999999999999998,one_minus_s_power,161,True,348.0,348.0,256,1000000
10000,1.3,0.4,0.01906685323567485,3.684136148790474,0.005175393217195468,0.4299302440844437,1.2999999999999998,one_minus_s_power,162,True,623.0,623.0,256,1000000
10000,1.3,0.4,0.01906685323567485,3.684136148790474,0.005175393217195468,0.4299302440844437,1.2999999999999998,one_minus_s_power,163,True,1108.0,1108.0,256,1000000
10000,1.3,0.4,0.01906685323567485,3.684136148790474,0.005175393217195468,0.4299302440844437,1.2999999999999998,one_minus_s_power,164,True,281.0,281.0,256,1000000
10000,1.3,0.4,0.01906685323567485,3.684136148790474,0.005175393217195468,0.4299302440844437,1.2999999999999998,one_minus_s_power,165,True,1208.0,1208.0,256,1000000
10000,1.3,0.4,0.01906685323567485,3.684136148790474,0.005175393217195468,0.4299302440844437,1.2999999999999998,one_minus_s_power,166,True,1656.0,1656.0,256,1000000
10000,1.3,0.4,0.01906685323567485,3.684136148790474,0.005175393217195468,0.4299302440844437,1.2999999999999998,one_minus_s_power,167,True,2062.0,2062.0,256,1000000
10000,1.3,0.4,0.01906685323567485,3.684136148790474,0.005175393217195468,0.4299302440844437,1.2999999999999998,one_minus_s_power,168,True,2582.0,2582.0,256,1000000
10000,1.3,0.4,0.01906685323567485,3.684136148790474,0.005175393217195468,0.4299302440844437,1.2999999999999998,one_minus_s_power,169,True,2095.0,2095.0,256,1000000
10000,1.3,0.4,0.01906685323567485,3.684136148790474,0.005175393217195468,0.4299302440844437,1.2999999999999998,one_minus_s_power,170,True,362.0,362.0,256,1000000
10000,1.3,0.4,0.01906685323567485,3.684136148790474,0.005175393217195468,0.4299302440844437,1.2999999999999998,one_minus_s_power,171,True,225.0,225.0,256,1000000
10000,1.3,0.4,0.01906685323567485,3.684136148790474,0.005175393217195468,0.4299302440844437,1.2999999999999998,one_minus_s_power,172,True,1439.0,1439.0,256,1000000
10000,1.3,0.4,0.01906685323567485,3.684136148790474,0.005175393217195468,0.4299302440844437,1.2999999999999998,one_minus_s_power,173,True,638.0,638.0,256,1000000
10000,1.3,0.4,0.01906685323567485,3.684136148790474,0.005175393217195468,0.4299302440844437,1.2999999999999998,one_minus_s_power,174,True,138.0,138.0,256,1000000
10000,1.3,0.4,0.01906685323567485,3.684136148790474,0.005175393217195468,0.4299302440844437,1.2999999999999998,one_minus_s_power,175,True,1452.0,1452.0,256,1000000
10000,1.3,0.4,0.01906685323567485,3.684136148790474,0.005175393217195468,0.4299302440844437,1.2999999999999998,one_minus_s_power,176,True,2211.0,2211.0,256,1000000
10000,1.3,0.4,0.01906685323567485,3.684136148790474,0.005175393217195468,0.4299302440844437,1.2999999999999998,one_minus_s_power,177,True,394.0,394.0,256,1000000
10000,1.3,0.4,0.01906685323567485,3.684136148790474,0.005175393217195468,0.4299302440844437,1.2999999999999998,one_minus_s_power,178,True,1247.0,1247.0,256,1000000
10000,1.3,0.4,0.01906685323567485,3.684136148790474,0.005175393217195468,0.4299302440844437,1.2999999999999998,one_minus_s_power,179,True,486.0,486.0,256,1000000
10000,1.3,0.4,0.01906685323567485,3.684136148790474,0.005175393217195468,0.4299302440844437,1.2999999999999998,one_minus_s_power,180,True,2541.0,2541.0,256,1000000
10000,1.3,0.4,0.01906685323567485,3.684136148790474,0.005175393217195468,0.4299302440844437,1.2999999999999998,one_minus_s_power,181,True,1379.0,1379.0,256,1000000
10000,1.3,0.4,0.01906685323567485,3.684136148790474,0.005175393217195468,0.4299302440844437,1.2999999999999998,one_minus_s_power,182,True,1112.0,1112.0,256,1000000
10000,1.3,0.4,0.01906685323567485,3.684136148790474,0.005175393217195468,0.4299302440844437,1.2999999999999998,one_minus_s_power,183,True,463.0,463.0,256,1000000
10000,1.3,0.4,0.01906685323567485,3.684136148790474,0.005175393217195468,0.4299302440844437,1.2999999999999998,one_minus_s_power,184,True,1511.0,1511.0,256,1000000
10000,1.3,0.4,0.01906685323567485,3.684136148790474,0.005175393217195468,0.4299302440844437,1.2999999999999998,one_minus_s_power,185,True,185.0,185.0,256,1000000
10000,1.3,0.4,0.01906685323567485,3.684136148790474,0.005175393217195468,0.4299302440844437,1.2999999999999998,one_minus_s_power,186,True,339.0,339.0,256,1000000
10000,1.3,0.4,0.01906685323567485,3.684136148790474,0.005175393217195468,0.4299302440844437,1.2999999999999998,one_minus_s_power,187,True,482.0,482.0,256,1000000
10000,1.3,0.4,0.01906685323567485,3.684136148790474,0.005175393217195468,0.4299302440844437,1.2999999999999998,one_minus_s_power,188,True,270.0,270.0,256,1000000
10000,1.3,0.4,0.01906685323567485,3.684136148790474,0.005175393217195468,0.4299302440844437,1.2999999999999998,one_minus_s_power,189,True,402.0,402.0,256,1000000
10000,1.3,0.4,0.01906685323567485,3.684136148790474,0.005175393217195468,0.4299302440844437,1.2999999999999998,one_minus_s_power,190,True,158.0,158.0,256,1000000
10000,1.3,0.4,0.01906685323567485,3.684136148790474,0.005175393217195468,0.4299302440844437,1.2999999999999998,one_minus_s_power,191,True,1897.0,1897.0,256,1000000
10000,1.3,0.4,0.01906685323567485,3.684136148790474,0.005175393217195468,0.4299302440844437,1.2999999999999998,one_minus_s_power,192,True,135.0,135.0,256,1000000
10000,1.3,0.4,0.01906685323567485,3.684136148790474,0.005175393217195468,0.4299302440844437,1.2999999999999998,one_minus_s_power,193,True,373.0,373.0,256,1000000
10000,1.3,0.4,0.01906685323567485,3.684136148790474,0.005175393217195468,0.4299302440844437,1.2999999999999998,one_minus_s_power,194,True,216.0,216.0,256,1000000
10000,1.3,0.4,0.01906685323567485,3.684136148790474,0.005175393217195468,0.4299302440844437,1.2999999999999998,one_minus_s_power,195,True,304.0,304.0,256,1000000
10000,1.3,0.4,0.01906685323567485,3.684136148790474,0.005175393217195468,0.4299302440844437,1.2999999999999998,one_minus_s_power,196,True,347.0,347.0,256,1000000
10000,1.3,0.4,0.01906685323567485,3.684136148790474,0.005175393217195468,0.4299302440844437,1.2999999999999998,one_minus_s_power,197,True,2796.0,2796.0,256,1000000
10000,1.3,0.4,0.01906685323567485,3.684136148790474,0.005175393217195468,0.4299302440844437,1.2999999999999998,one_minus_s_power,198,True,1859.0,1859.0,256,1000000
10000,1.3,0.4,0.01906685323567485,3.684136148790474,0.005175393217195468,0.4299302440844437,1.2999999999999998,one_minus_s_power,199,True,621.0,621.0,256,1000000
10000,1.3,0.4,0.01906685323567485,3.684136148790474,0.005175393217195468,0.4299302440844437,1.2999999999999998,one_minus_s_power,200,True,677.0,677.0,256,1000000
10000,1.3,0.4,0.01906685323567485,3.684136148790474,0.005175393217195468,0.4299302440844437,1.2999999999999998,one_minus_s_power,201,True,2226.0,2226.0,256,1000000
10000,1.3,0.4,0.01906685323567485,3.684136148790474,0.005175393217195468,0.4299302440844437,1.2999999999999998,one_minus_s_power,202,True,470.0,470.0,256,1000000
10000,1.3,0.4,0.01906685323567485,3.684136148790474,0.005175393217195468,0.4299302440844437,1.2999999999999998,one_minus_s_power,203,True,145.0,145.0,256,1000000
10000,1.3,0.4,0.01906685323567485,3.684136148790474,0.005175393217195468,0.4299302440844437,1.2999999999999998,one_minus_s_power,204,True,626.0,626.0,256,1000000
10000,1.3,0.4,0.01906685323567485,3.684136148790474,0.005175393217195468,0.4299302440844437,1.2999999999999998,one_minus_s_power,205,True,180.0,180.0,256,1000000
10000,1.3,0.4,0.01906685323567485,3.684136148790474,0.005175393217195468,0.4299302440844437,1.2999999999999998,one_minus_s_power,206,True,1183.0,1183.0,256,1000000
10000,1.3,0.4,0.01906685323567485,3.684136148790474,0.005175393217195468,0.4299302440844437,1.2999999999999998,one_minus_s_power,207,True,2656.0,2656.0,256,1000000
10000,1.3,0.4,0.01906685323567485,3.684136148790474,0.005175393217195468,0.4299302440844437,1.2999999999999998,one_minus_s_power,208,True,960.0,960.0,256,1000000
10000,1.3,0.4,0.01906685323567485,3.684136148790474,0.005175393217195468,0.4299302440844437,1.2999999999999998,one_minus_s_power,209,True,348.0,348.0,256,1000000
10000,1.3,0.4,0.01906685323567485,3.684136148790474,0.005175393217195468,0.4299302440844437,1.2999999999999998,one_minus_s_power,210,True,1550.0,1550.0,256,1000000
10000,1.3,0.4,0.01906685323567485,3.684136148790474,0.005175393217195468,0.4299302440844437,1.2999999999999998,one_minus_s_power,211,True,1834.0,1834.0,256,1000000
10000,1.3,0.4,0.01906685323567485,3.684136148790474,0.005175393217195468,0.4299302440844437,1.2999999999999998,one_minus_s_power,212,True,1641.0,1641.0,256,1000000
10000,1.3,0.4,0.01906685323567485,3.684136148790474,0.005175393217195468,0.4299302440844437,1.2999999999999998,one_minus_s_power,213,True,696.0,696.0,256,1000000
10000,1.3,0.4,0.01906685323567485,3.684136148790474,0.005175393217195468,0.4299302440844437,1.2999999999999998,one_minus_s_power,214,True,366.0,366.0,256,1000000
10000,1.3,0.4,0.01906685323567485,3.684136148790474,0.005175393217195468,0.4299302440844437,1.2999999999999998,one_minus_s_power,215,True,245.0,245.0,256,1000000
10000,1.3,0.4,0.01906685323567485,3.684136148790474,0.005175393217195468,0.4299302440844437,1.2999999999999998,one_minus_s_power,216,True,948.0,948.0,256,1000000
10000,1.3,0.4,0.01906685323567485,3.684136148790474,0.005175393217195468,0.4299302440844437,1.2999999999999998,one_minus_s_power,217,True,530.0,530.0,256,1000000
10000,1.3,0.4,0.01906685323567485,3.684136148790474,0.005175393217195468,0.4299302440844437,1.2999999999999998,one_minus_s_power,218,True,4170.0,4170.0,256,1000000
10000,1.3,0.4,0.01906685323567485,3.684136148790474,0.005175393217195468,0.4299302440844437,1.2999999999999998,one_minus_s_power,219,True,996.0,996.0,256,1000000
10000,1.3,0.4,0.01906685323567485,3.684136148790474,0.005175393217195468,0.4299302440844437,1.2999999999999998,one_minus_s_power,220,True,4260.0,4260.0,256,1000000
10000,1.3,0.4,0.01906685323567485,3.684136148790474,0.005175393217195468,0.4299302440844437,1.2999999999999998,one_minus_s_power,221,True,845.0,845.0,256,1000000
10000,1.3,0.4,0.01906685323567485,3.684136148790474,0.005175393217195468,0.4299302440844437,1.2999999999999998,one_minus_s_power,222,True,1209.0,1209.0,256,1000000
10000,1.3,0.4,0.01906685323567485,3.684136148790474,0.005175393217195468,0.4299302440844437,1.2999999999999998,one_minus_s_power,223,True,1930.0,1930.0,256,1000000
10000,1.3,0.4,0.01906685323567485,3.684136148790474,0.005175393217195468,0.4299302440844437,1.2999999999999998,one_minus_s_power,224,True,1430.0,1430.0,256,1000000
10000,1.3,0.4,0.01906685323567485,3.684136148790474,0.005175393217195468,0.4299302440844437,1.2999999999999998,one_minus_s_power,225,True,580.0,580.0,256,1000000
10000,1.3,0.4,0.01906685323567485,3.684136148790474,0.005175393217195468,0.4299302440844437,1.2999999999999998,one_minus_s_power,226,True,2518.0,2518.0,256,1000000
10000,1.3,0.4,0.01906685323567485,3.684136148790474,0.005175393217195468,0.4299302440844437,1.2999999999999998,one_minus_s_power,227,True,274.0,274.0,256,1000000
10000,1.3,0.4,0.01906685323567485,3.684136148790474,0.005175393217195468,0.4299302440844437,1.2999999999999998,one_minus_s_power,228,True,1335.0,1335.0,256,1000000
10000,1.3,0.4,0.01906685323567485,3.684136148790474,0.005175393217195468,0.4299302440844437,1.2999999999999998,one_minus_s_power,229,True,1468.0,1468.0,256,1000000
10000,1.3,0.4,0.01906685323567485,3.684136148790474,0.005175393217195468,0.4299302440844437,1.2999999999999998,one_minus_s_power,230,True,580.0,580.0,256,1000000
10000,1.3,0.4,0.01906685323567485,3.684136148790474,0.005175393217195468,0.4299302440844437,1.2999999999999998,one_minus_s_power,231,True,623.0,623.0,256,1000000
10000,1.3,0.4,0.01906685323567485,3.684136148790474,0.005175393217195468,0.4299302440844437,1.2999999999999998,one_minus_s_power,232,True,1366.0,1366.0,256,1000000
10000,1.3,0.4,0.01906685323567485,3.684136148790474,0.005175393217195468,0.4299302440844437,1.2999999999999998,one_minus_s_power,233,True,1694.0,1694.0,256,1000000
10000,1.3,0.4,0.01906685323567485,3.684136148790474,0.005175393217195468,0.4299302440844437,1.2999999999999998,one_minus_s_power,234,True,285.0,285.0,256,1000000
10000,1.3,0.4,0.01906685323567485,3.684136148790474,0.005175393217195468,0.4299302440844437,1.2999999999999998,one_minus_s_power,235,True,301.0,301.0,256,1000000
10000,1.3,0.4,0.01906685323567485,3.684136148790474,0.005175393217195468,0.4299302440844437,1.2999999999999998,one_minus_s_power,236,True,245.0,245.0,256,1000000
10000,1.3,0.4,0.01906685323567485,3.684136148790474,0.005175393217195468,0.4299302440844437,1.2999999999999998,one_minus_s_power,237,True,1841.0,1841.0,256,1000000
10000,1.3,0.4,0.01906685323567485,3.684136148790474,0.005175393217195468,0.4299302440844437,1.2999999999999998,one_minus_s_power,238,True,844.0,844.0,256,1000000
10000,1.3,0.4,0.01906685323567485,3.684136148790474,0.005175393217195468,0.4299302440844437,1.2999999999999998,one_minus_s_power,239,True,549.0,549.0,256,1000000
10000,1.3,0.4,0.01906685323567485,3.684136148790474,0.005175393217195468,0.4299302440844437,1.2999999999999998,one_minus_s_power,240,True,407.0,407.0,256,1000000
10000,1.3,0.4,0.01906685323567485,3.684136148790474,0.005175393217195468,0.4299302440844437,1.2999999999999998,one_minus_s_power,241,True,1076.0,1076.0,256,1000000
10000,1.3,0.4,0.01906685323567485,3.684136148790474,0.005175393217195468,0.4299302440844437,1.2999999999999998,one_minus_s_power,242,True,813.0,813.0,256,1000000
10000,1.3,0.4,0.01906685323567485,3.684136148790474,0.005175393217195468,0.4299302440844437,1.2999999999999998,one_minus_s_power,243,True,3354.0,3354.0,256,1000000
10000,1.3,0.4,0.01906685323567485,3.684136148790474,0.005175393217195468,0.4299302440844437,1.2999999999999998,one_minus_s_power,244,True,1193.0,1193.0,256,1000000
10000,1.3,0.4,0.01906685323567485,3.684136148790474,0.005175393217195468,0.4299302440844437,1.2999999999999998,one_minus_s_power,245,True,679.0,679.0,256,1000000
10000,1.3,0.4,0.01906685323567485,3.684136148790474,0.005175393217195468,0.4299302440844437,1.2999999999999998,one_minus_s_power,246,True,247.0,247.0,256,1000000
10000,1.3,0.4,0.01906685323567485,3.684136148790474,0.005175393217195468,0.4299302440844437,1.2999999999999998,one_minus_s_power,247,True,1328.0,1328.0,256,1000000
10000,1.3,0.4,0.01906685323567485,3.684136148790474,0.005175393217195468,0.4299302440844437,1.2999999999999998,one_minus_s_power,248,True,169.0,169.0,256,1000000
10000,1.3,0.4,0.01906685323567485,3.684136148790474,0.005175393217195468,0.4299302440844437,1.2999999999999998,one_minus_s_power,249,True,2086.0,2086.0,256,1000000
10000,1.3,0.4,0.01906685323567485,3.684136148790474,0.005175393217195468,0.4299302440844437,1.2999999999999998,one_minus_s_power,250,True,3587.0,3587.0,256,1000000
10000,1.3,0.4,0.01906685323567485,3.684136148790474,0.005175393217195468,0.4299302440844437,1.2999999999999998,one_minus_s_power,251,True,1511.0,1511.0,256,1000000
10000,1.3,0.4,0.01906685323567485,3.684136148790474,0.005175393217195468,0.4299302440844437,1.2999999999999998,one_minus_s_power,252,True,358.0,358.0,256,1000000
10000,1.3,0.4,0.01906685323567485,3.684136148790474,0.005175393217195468,0.4299302440844437,1.2999999999999998,one_minus_s_power,253,True,520.0,520.0,256,1000000
10000,1.3,0.4,0.01906685323567485,3.684136148790474,0.005175393217195468,0.4299302440844437,1.2999999999999998,one_minus_s_power,254,True,308.0,308.0,256,1000000
10000,1.3,0.4,0.01906685323567485,3.684136148790474,0.005175393217195468,0.4299302440844437,1.2999999999999998,one_minus_s_power,255,True,1326.0,1326.0,256,1000000
10000,1.3,0.4,0.01906685323567485,3.684136148790474,0.005175393217195468,0.4299302440844437,1.2999999999999998,one_minus_s_power,256,True,2607.0,2607.0,256,1000000
10000,1.3,0.4,0.01906685323567485,3.684136148790474,0.005175393217195468,0.4299302440844437,1.2999999999999998,one_minus_s_power,257,True,1444.0,1444.0,256,1000000
10000,1.3,0.4,0.01906685323567485,3.684136148790474,0.005175393217195468,0.4299302440844437,1.2999999999999998,one_minus_s_power,258,True,555.0,555.0,256,1000000
10000,1.3,0.4,0.01906685323567485,3.684136148790474,0.005175393217195468,0.4299302440844437,1.2999999999999998,one_minus_s_power,259,True,513.0,513.0,256,1000000
10000,1.3,0.4,0.01906685323567485,3.684136148790474,0.005175393217195468,0.4299302440844437,1.2999999999999998,one_minus_s_power,260,True,920.0,920.0,256,1000000
10000,1.3,0.4,0.01906685323567485,3.684136148790474,0.005175393217195468,0.4299302440844437,1.2999999999999998,one_minus_s_power,261,True,877.0,877.0,256,1000000
10000,1.3,0.4,0.01906685323567485,3.684136148790474,0.005175393217195468,0.4299302440844437,1.2999999999999998,one_minus_s_power,262,True,364.0,364.0,256,1000000
10000,1.3,0.4,0.01906685323567485,3.684136148790474,0.005175393217195468,0.4299302440844437,1.2999999999999998,one_minus_s_power,263,True,363.0,363.0,256,1000000
10000,1.3,0.4,0.01906685323567485,3.684136148790474,0.005175393217195468,0.4299302440844437,1.2999999999999998,one_minus_s_power,264,True,80.0,80.0,256,1000000
10000,1.3,0.4,0.01906685323567485,3.684136148790474,0.005175393217195468,0.4299302440844437,1.2999999999999998,one_minus_s_power,265,True,212.0,212.0,256,1000000
10000,1.3,0.4,0.01906685323567485,3.684136148790474,0.005175393217195468,0.4299302440844437,1.2999999999999998,one_minus_s_power,266,True,988.0,988.0,256,1000000
10000,1.3,0.4,0.01906685323567485,3.684136148790474,0.005175393217195468,0.4299302440844437,1.2999999999999998,one_minus_s_power,267,True,1865.0,1865.0,256,1000000
10000,1.3,0.4,0.01906685323567485,3.684136148790474,0.005175393217195468,0.4299302440844437,1.2999999999999998,one_minus_s_power,268,True,262.0,262.0,256,1000000
10000,1.3,0.4,0.01906685323567485,3.684136148790474,0.005175393217195468,0.4299302440844437,1.2999999999999998,one_minus_s_power,269,True,1508.0,1508.0,256,1000000
10000,1.3,0.4,0.01906685323567485,3.684136148790474,0.005175393217195468,0.4299302440844437,1.2999999999999998,one_minus_s_power,270,True,1063.0,1063.0,256,1000000
10000,1.3,0.4,0.01906685323567485,3.684136148790474,0.005175393217195468,0.4299302440844437,1.2999999999999998,one_minus_s_power,271,True,1978.0,1978.0,256,1000000
10000,1.3,0.4,0.01906685323567485,3.684136148790474,0.005175393217195468,0.4299302440844437,1.2999999999999998,one_minus_s_power,272,True,1496.0,1496.0,256,1000000
10000,1.3,0.4,0.01906685323567485,3.684136148790474,0.005175393217195468,0.4299302440844437,1.2999999999999998,one_minus_s_power,273,True,317.0,317.0,256,1000000
10000,1.3,0.4,0.01906685323567485,3.684136148790474,0.005175393217195468,0.4299302440844437,1.2999999999999998,one_minus_s_power,274,True,2839.0,2839.0,256,1000000
10000,1.3,0.4,0.01906685323567485,3.684136148790474,0.005175393217195468,0.4299302440844437,1.2999999999999998,one_minus_s_power,275,True,1723.0,1723.0,256,1000000
10000,1.3,0.4,0.01906685323567485,3.684136148790474,0.005175393217195468,0.4299302440844437,1.2999999999999998,one_minus_s_power,276,True,997.0,997.0,256,1000000
10000,1.3,0.4,0.01906685323567485,3.684136148790474,0.005175393217195468,0.4299302440844437,1.2999999999999998,one_minus_s_power,277,True,2326.0,2326.0,256,1000000
10000,1.3,0.4,0.01906685323567485,3.684136148790474,0.005175393217195468,0.4299302440844437,1.2999999999999998,one_minus_s_power,278,True,255.0,255.0,256,1000000
10000,1.3,0.4,0.01906685323567485,3.684136148790474,0.005175393217195468,0.4299302440844437,1.2999999999999998,one_minus_s_power,279,True,1405.0,1405.0,256,1000000
10000,1.3,0.4,0.01906685323567485,3.684136148790474,0.005175393217195468,0.4299302440844437,1.2999999999999998,one_minus_s_power,280,True,178.0,178.0,256,1000000
10000,1.3,0.4,0.01906685323567485,3.684136148790474,0.005175393217195468,0.4299302440844437,1.2999999999999998,one_minus_s_power,281,True,1082.0,1082.0,256,1000000
10000,1.3,0.4,0.01906685323567485,3.684136148790474,0.005175393217195468,0.4299302440844437,1.2999999999999998,one_minus_s_power,282,True,1929.0,1929.0,256,1000000
10000,1.3,0.4,0.01906685323567485,3.684136148790474,0.005175393217195468,0.4299302440844437,1.2999999999999998,one_minus_s_power,283,True,719.0,719.0,256,1000000
10000,1.3,0.4,0.01906685323567485,3.684136148790474,0.005175393217195468,0.4299302440844437,1.2999999999999998,one_minus_s_power,284,True,700.0,700.0,256,1000000
10000,1.3,0.4,0.01906685323567485,3.684136148790474,0.005175393217195468,0.4299302440844437,1.2999999999999998,one_minus_s_power,285,True,1025.0,1025.0,256,1000000
10000,1.3,0.4,0.01906685323567485,3.684136148790474,0.005175393217195468,0.4299302440844437,1.2999999999999998,one_minus_s_power,286,True,3356.0,3356.0,256,1000000
10000,1.3,0.4,0.01906685323567485,3.684136148790474,0.005175393217195468,0.4299302440844437,1.2999999999999998,one_minus_s_power,287,True,791.0,791.0,256,1000000
10000,1.3,0.4,0.01906685323567485,3.684136148790474,0.005175393217195468,0.4299302440844437,1.2999999999999998,one_minus_s_power,288,True,846.0,846.0,256,1000000
10000,1.3,0.4,0.01906685323567485,3.684136148790474,0.005175393217195468,0.4299302440844437,1.2999999999999998,one_minus_s_power,289,True,928.0,928.0,256,1000000
10000,1.3,0.4,0.01906685323567485,3.684136148790474,0.005175393217195468,0.4299302440844437,1.2999999999999998,one_minus_s_power,290,True,271.0,271.0,256,1000000
10000,1.3,0.4,0.01906685323567485,3.684136148790474,0.005175393217195468,0.4299302440844437,1.2999999999999998,one_minus_s_power,291,True,576.0,576.0,256,1000000
10000,1.3,0.4,0.01906685323567485,3.684136148790474,0.005175393217195468,0.4299302440844437,1.2999999999999998,one_minus_s_power,292,True,326.0,326.0,256,1000000
10000,1.3,0.4,0.01906685323567485,3.684136148790474,0.005175393217195468,0.4299302440844437,1.2999999999999998,one_minus_s_power,293,True,1123.0,1123.0,256,1000000
10000,1.3,0.4,0.01906685323567485,3.684136148790474,0.005175393217195468,0.4299302440844437,1.2999999999999998,one_minus_s_power,294,True,1171.0,1171.0,256,1000000
10000,1.3,0.4,0.01906685323567485,3.684136148790474,0.005175393217195468,0.4299302440844437,1.2999999999999998,one_minus_s_power,295,True,1450.0,1450.0,256,1000000
10000,1.3,0.4,0.01906685323567485,3.684136148790474,0.005175393217195468,0.4299302440844437,1.2999999999999998,one_minus_s_power,296,True,512.0,512.0,256,1000000
10000,1.3,0.4,0.01906685323567485,3.684136148790474,0.005175393217195468,0.4299302440844437,1.2999999999999998,one_minus_s_power,297,True,1165.0,1165.0,256,1000000
10000,1.3,0.4,0.01906685323567485,3.684136148790474,0.005175393217195468,0.4299302440844437,1.2999999999999998,one_minus_s_power,298,True,1278.0,1278.0,256,1000000
10000,1.3,0.4,0.01906685323567485,3.684136148790474,0.005175393217195468,0.4299302440844437,1.2999999999999998,one_minus_s_power,299,True,5202.0,5202.0,256,1000000
10000,1.3,0.4,0.01906685323567485,3.684136148790474,0.005175393217195468,0.4299302440844437,1.2999999999999998,one_minus_s_power,300,True,1432.0,1432.0,256,1000000
10000,1.3,0.4,0.01906685323567485,3.684136148790474,0.005175393217195468,0.4299302440844437,1.2999999999999998,one_minus_s_power,301,True,1042.0,1042.0,256,1000000
10000,1.3,0.4,0.01906685323567485,3.684136148790474,0.005175393217195468,0.4299302440844437,1.2999999999999998,one_minus_s_power,302,True,962.0,962.0,256,1000000
10000,1.3,0.4,0.01906685323567485,3.684136148790474,0.005175393217195468,0.4299302440844437,1.2999999999999998,one_minus_s_power,303,True,1079.0,1079.0,256,1000000
10000,1.3,0.4,0.01906685323567485,3.684136148790474,0.005175393217195468,0.4299302440844437,1.2999999999999998,one_minus_s_power,304,True,225.0,225.0,256,1000000
10000,1.3,0.4,0.01906685323567485,3.684136148790474,0.005175393217195468,0.4299302440844437,1.2999999999999998,one_minus_s_power,305,True,659.0,659.0,256,1000000
10000,1.3,0.4,0.01906685323567485,3.684136148790474,0.005175393217195468,0.4299302440844437,1.2999999999999998,one_minus_s_power,306,True,207.0,207.0,256,1000000
10000,1.3,0.4,0.01906685323567485,3.684136148790474,0.005175393217195468,0.4299302440844437,1.2999999999999998,one_minus_s_power,307,True,1449.0,1449.0,256,1000000
10000,1.3,0.4,0.01906685323567485,3.684136148790474,0.005175393217195468,0.4299302440844437,1.2999999999999998,one_minus_s_power,308,True,830.0,830.0,256,1000000
10000,1.3,0.4,0.01906685323567485,3.684136148790474,0.005175393217195468,0.4299302440844437,1.2999999999999998,one_minus_s_power,309,True,621.0,621.0,256,1000000
10000,1.3,0.4,0.01906685323567485,3.684136148790474,0.005175393217195468,0.4299302440844437,1.2999999999999998,one_minus_s_power,310,True,153.0,153.0,256,1000000
10000,1.3,0.4,0.01906685323567485,3.684136148790474,0.005175393217195468,0.4299302440844437,1.2999999999999998,one_minus_s_power,311,True,150.0,150.0,256,1000000
10000,1.3,0.4,0.01906685323567485,3.684136148790474,0.005175393217195468,0.4299302440844437,1.2999999999999998,one_minus_s_power,312,True,1794.0,1794.0,256,1000000
10000,1.3,0.4,0.01906685323567485,3.684136148790474,0.005175393217195468,0.4299302440844437,1.2999999999999998,one_minus_s_power,313,True,521.0,521.0,256,1000000
10000,1.3,0.4,0.01906685323567485,3.684136148790474,0.005175393217195468,0.4299302440844437,1.2999999999999998,one_minus_s_power,314,True,705.0,705.0,256,1000000
10000,1.3,0.4,0.01906685323567485,3.684136148790474,0.005175393217195468,0.4299302440844437,1.2999999999999998,one_minus_s_power,315,True,2407.0,2407.0,256,1000000
10000,1.3,0.4,0.01906685323567485,3.684136148790474,0.005175393217195468,0.4299302440844437,1.2999999999999998,one_minus_s_power,316,True,920.0,920.0,256,1000000
10000,1.3,0.4,0.01906685323567485,3.684136148790474,0.005175393217195468,0.4299302440844437,1.2999999999999998,one_minus_s_power,317,True,1496.0,1496.0,256,1000000
10000,1.3,0.4,0.01906685323567485,3.684136148790474,0.005175393217195468,0.4299302440844437,1.2999999999999998,one_minus_s_power,318,True,2435.0,2435.0,256,1000000
10000,1.3,0.4,0.01906685323567485,3.684136148790474,0.005175393217195468,0.4299302440844437,1.2999999999999998,one_minus_s_power,319,True,358.0,358.0,256,1000000
10000,1.3,0.4,0.01906685323567485,3.684136148790474,0.005175393217195468,0.4299302440844437,1.2999999999999998,one_minus_s_power,320,True,1618.0,1618.0,256,1000000
10000,1.3,0.4,0.01906685323567485,3.684136148790474,0.005175393217195468,0.4299302440844437,1.2999999999999998,one_minus_s_power,321,True,1054.0,1054.0,256,1000000
10000,1.3,0.4,0.01906685323567485,3.684136148790474,0.005175393217195468,0.4299302440844437,1.2999999999999998,one_minus_s_power,322,True,467.0,467.0,256,1000000
10000,1.3,0.4,0.01906685323567485,3.684136148790474,0.005175393217195468,0.4299302440844437,1.2999999999999998,one_minus_s_power,323,True,194.0,194.0,256,1000000
10000,1.3,0.4,0.01906685323567485,3.684136148790474,0.005175393217195468,0.4299302440844437,1.2999999999999998,one_minus_s_power,324,True,833.0,833.0,256,1000000
10000,1.3,0.4,0.01906685323567485,3.684136148790474,0.005175393217195468,0.4299302440844437,1.2999999999999998,one_minus_s_power,325,True,84.0,84.0,256,1000000
10000,1.3,0.4,0.01906685323567485,3.684136148790474,0.005175393217195468,0.4299302440844437,1.2999999999999998,one_minus_s_power,326,True,273.0,273.0,256,1000000
10000,1.3,0.4,0.01906685323567485,3.684136148790474,0.005175393217195468,0.4299302440844437,1.2999999999999998,one_minus_s_power,327,True,589.0,589.0,256,1000000
10000,1.3,0.4,0.01906685323567485,3.684136148790474,0.005175393217195468,0.4299302440844437,1.2999999999999998,one_minus_s_power,328,True,803.0,803.0,256,1000000
10000,1.3,0.4,0.01906685323567485,3.684136148790474,0.005175393217195468,0.4299302440844437,1.2999999999999998,one_minus_s_power,329,True,1620.0,1620.0,256,1000000
10000,1.3,0.4,0.01906685323567485,3.684136148790474,0.005175393217195468,0.4299302440844437,1.2999999999999998,one_minus_s_power,330,True,5259.0,5259.0,256,1000000
10000,1.3,0.4,0.01906685323567485,3.684136148790474,0.005175393217195468,0.4299302440844437,1.2999999999999998,one_minus_s_power,331,True,838.0,838.0,256,1000000
10000,1.3,0.4,0.01906685323567485,3.684136148790474,0.005175393217195468,0.4299302440844437,1.2999999999999998,one_minus_s_power,332,True,1158.0,1158.0,256,1000000
10000,1.3,0.4,0.01906685323567485,3.684136148790474,0.005175393217195468,0.4299302440844437,1.2999999999999998,one_minus_s_power,333,True,1581.0,1581.0,256,1000000
10000,1.3,0.4,0.01906685323567485,3.684136148790474,0.005175393217195468,0.4299302440844437,1.2999999999999998,one_minus_s_power,334,True,1537.0,1537.0,256,1000000
10000,1.3,0.4,0.01906685323567485,3.684136148790474,0.005175393217195468,0.4299302440844437,1.2999999999999998,one_minus_s_power,335,True,453.0,453.0,256,1000000
10000,1.3,0.4,0.01906685323567485,3.684136148790474,0.005175393217195468,0.4299302440844437,1.2999999999999998,one_minus_s_power,336,True,2903.0,2903.0,256,1000000
10000,1.3,0.4,0.01906685323567485,3.684136148790474,0.005175393217195468,0.4299302440844437,1.2999999999999998,one_minus_s_power,337,True,1160.0,1160.0,256,1000000
10000,1.3,0.4,0.01906685323567485,3.684136148790474,0.005175393217195468,0.4299302440844437,1.2999999999999998,one_minus_s_power,338,True,1481.0,1481.0,256,1000000
10000,1.3,0.4,0.01906685323567485,3.684136148790474,0.005175393217195468,0.4299302440844437,1.2999999999999998,one_minus_s_power,339,True,360.0,360.0,256,1000000
10000,1.3,0.4,0.01906685323567485,3.684136148790474,0.005175393217195468,0.4299302440844437,1.2999999999999998,one_minus_s_power,340,True,167.0,167.0,256,1000000
10000,1.3,0.4,0.01906685323567485,3.684136148790474,0.005175393217195468,0.4299302440844437,1.2999999999999998,one_minus_s_power,341,True,371.0,371.0,256,1000000
10000,1.3,0.4,0.01906685323567485,3.684136148790474,0.005175393217195468,0.4299302440844437,1.2999999999999998,one_minus_s_power,342,True,1251.0,1251.0,256,1000000
10000,1.3,0.4,0.01906685323567485,3.684136148790474,0.005175393217195468,0.4299302440844437,1.2999999999999998,one_minus_s_power,343,True,1110.0,1110.0,256,1000000
10000,1.3,0.4,0.01906685323567485,3.684136148790474,0.005175393217195468,0.4299302440844437,1.2999999999999998,one_minus_s_power,344,True,872.0,872.0,256,1000000
10000,1.3,0.4,0.01906685323567485,3.684136148790474,0.005175393217195468,0.4299302440844437,1.2999999999999998,one_minus_s_power,345,True,313.0,313.0,256,1000000
10000,1.3,0.4,0.01906685323567485,3.684136148790474,0.005175393217195468,0.4299302440844437,1.2999999999999998,one_minus_s_power,346,True,225.0,225.0,256,1000000
10000,1.3,0.4,0.01906685323567485,3.684136148790474,0.005175393217195468,0.4299302440844437,1.2999999999999998,one_minus_s_power,347,True,992.0,992.0,256,1000000
10000,1.3,0.4,0.01906685323567485,3.684136148790474,0.005175393217195468,0.4299302440844437,1.2999999999999998,one_minus_s_power,348,True,717.0,717.0,256,1000000
10000,1.3,0.4,0.01906685323567485,3.684136148790474,0.005175393217195468,0.4299302440844437,1.2999999999999998,one_minus_s_power,349,True,518.0,518.0,256,1000000
10000,1.3,0.4,0.01906685323567485,3.684136148790474,0.005175393217195468,0.4299302440844437,1.2999999999999998,one_minus_s_power,350,True,1176.0,1176.0,256,1000000
10000,1.3,0.4,0.01906685323567485,3.684136148790474,0.005175393217195468,0.4299302440844437,1.2999999999999998,one_minus_s_power,351,True,2017.0,2017.0,256,1000000
10000,1.3,0.4,0.01906685323567485,3.684136148790474,0.005175393217195468,0.4299302440844437,1.2999999999999998,one_minus_s_power,352,True,661.0,661.0,256,1000000
10000,1.3,0.4,0.01906685323567485,3.684136148790474,0.005175393217195468,0.4299302440844437,1.2999999999999998,one_minus_s_power,353,True,394.0,394.0,256,1000000
10000,1.3,0.4,0.01906685323567485,3.684136148790474,0.005175393217195468,0.4299302440844437,1.2999999999999998,one_minus_s_power,354,True,1032.0,1032.0,256,1000000
10000,1.3,0.4,0.01906685323567485,3.684136148790474,0.005175393217195468,0.4299302440844437,1.2999999999999998,one_minus_s_power,355,True,525.0,525.0,256,1000000
10000,1.3,0.4,0.01906685323567485,3.684136148790474,0.005175393217195468,0.4299302440844437,1.2999999999999998,one_minus_s_power,356,True,1563.0,1563.0,256,1000000
10000,1.3,0.4,0.01906685323567485,3.684136148790474,0.005175393217195468,0.4299302440844437,1.2999999999999998,one_minus_s_power,357,True,416.0,416.0,256,1000000
10000,1.3,0.4,0.01906685323567485,3.684136148790474,0.005175393217195468,0.4299302440844437,1.2999999999999998,one_minus_s_power,358,True,786.0,786.0,256,1000000
10000,1.3,0.4,0.01906685323567485,3.684136148790474,0.005175393217195468,0.4299302440844437,1.2999999999999998,one_minus_s_power,359,True,2380.0,2380.0,256,1000000
10000,1.3,0.4,0.01906685323567485,3.684136148790474,0.005175393217195468,0.4299302440844437,1.2999999999999998,one_minus_s_power,360,True,2215.0,2215.0,256,1000000
10000,1.3,0.4,0.01906685323567485,3.684136148790474,0.005175393217195468,0.4299302440844437,1.2999999999999998,one_minus_s_power,361,True,1216.0,1216.0,256,1000000
10000,1.3,0.4,0.01906685323567485,3.684136148790474,0.005175393217195468,0.4299302440844437,1.2999999999999998,one_minus_s_power,362,True,243.0,243.0,256,1000000
10000,1.3,0.4,0.01906685323567485,3.684136148790474,0.005175393217195468,0.4299302440844437,1.2999999999999998,one_minus_s_power,363,True,1052.0,1052.0,256,1000000
10000,1.3,0.4,0.01906685323567485,3.684136148790474,0.005175393217195468,0.4299302440844437,1.2999999999999998,one_minus_s_power,364,True,907.0,907.0,256,1000000
10000,1.3,0.4,0.01906685323567485,3.684136148790474,0.005175393217195468,0.4299302440844437,1.2999999999999998,one_minus_s_power,365,True,187.0,187.0,256,1000000
10000,1.3,0.4,0.01906685323567485,3.684136148790474,0.005175393217195468,0.4299302440844437,1.2999999999999998,one_minus_s_power,366,True,626.0,626.0,256,1000000
10000,1.3,0.4,0.01906685323567485,3.684136148790474,0.005175393217195468,0.4299302440844437,1.2999999999999998,one_minus_s_power,367,True,652.0,652.0,256,1000000
10000,1.3,0.4,0.01906685323567485,3.684136148790474,0.005175393217195468,0.4299302440844437,1.2999999999999998,one_minus_s_power,368,True,1317.0,1317.0,256,1000000
10000,1.3,0.4,0.01906685323567485,3.684136148790474,0.005175393217195468,0.4299302440844437,1.2999999999999998,one_minus_s_power,369,True,247.0,247.0,256,1000000
10000,1.3,0.4,0.01906685323567485,3.684136148790474,0.005175393217195468,0.4299302440844437,1.2999999999999998,one_minus_s_power,370,True,1657.0,1657.0,256,1000000
10000,1.3,0.4,0.01906685323567485,3.684136148790474,0.005175393217195468,0.4299302440844437,1.2999999999999998,one_minus_s_power,371,True,235.0,235.0,256,1000000
10000,1.3,0.4,0.01906685323567485,3.684136148790474,0.005175393217195468,0.4299302440844437,1.2999999999999998,one_minus_s_power,372,True,1283.0,1283.0,256,1000000
10000,1.3,0.4,0.01906685323567485,3.684136148790474,0.005175393217195468,0.4299302440844437,1.2999999999999998,one_minus_s_power,373,True,526.0,526.0,256,1000000
10000,1.3,0.4,0.01906685323567485,3.684136148790474,0.005175393217195468,0.4299302440844437,1.2999999999999998,one_minus_s_power,374,True,4529.0,4529.0,256,1000000
10000,1.3,0.4,0.01906685323567485,3.684136148790474,0.005175393217195468,0.4299302440844437,1.2999999999999998,one_minus_s_power,375,True,570.0,570.0,256,1000000
10000,1.3,0.4,0.01906685323567485,3.684136148790474,0.005175393217195468,0.4299302440844437,1.2999999999999998,one_minus_s_power,376,True,947.0,947.0,256,1000000
10000,1.3,0.4,0.01906685323567485,3.684136148790474,0.005175393217195468,0.4299302440844437,1.2999999999999998,one_minus_s_power,377,True,1604.0,1604.0,256,1000000
10000,1.3,0.4,0.01906685323567485,3.684136148790474,0.005175393217195468,0.4299302440844437,1.2999999999999998,one_minus_s_power,378,True,270.0,270.0,256,1000000
10000,1.3,0.4,0.01906685323567485,3.684136148790474,0.005175393217195468,0.4299302440844437,1.2999999999999998,one_minus_s_power,379,True,118.0,118.0,256,1000000
10000,1.3,0.4,0.01906685323567485,3.684136148790474,0.005175393217195468,0.4299302440844437,1.2999999999999998,one_minus_s_power,380,True,858.0,858.0,256,1000000
10000,1.3,0.4,0.01906685323567485,3.684136148790474,0.005175393217195468,0.4299302440844437,1.2999999999999998,one_minus_s_power,381,True,2868.0,2868.0,256,1000000
10000,1.3,0.4,0.01906685323567485,3.684136148790474,0.005175393217195468,0.4299302440844437,1.2999999999999998,one_minus_s_power,382,True,630.0,630.0,256,1000000
10000,1.3,0.4,0.01906685323567485,3.684136148790474,0.005175393217195468,0.4299302440844437,1.2999999999999998,one_minus_s_power,383,True,614.0,614.0,256,1000000
10000,1.3,0.4,0.01906685323567485,3.684136148790474,0.005175393217195468,0.4299302440844437,1.2999999999999998,one_minus_s_power,384,True,1696.0,1696.0,256,1000000
10000,1.3,0.4,0.01906685323567485,3.684136148790474,0.005175393217195468,0.4299302440844437,1.2999999999999998,one_minus_s_power,385,True,463.0,463.0,256,1000000
10000,1.3,0.4,0.01906685323567485,3.684136148790474,0.005175393217195468,0.4299302440844437,1.2999999999999998,one_minus_s_power,386,True,1098.0,1098.0,256,1000000
10000,1.3,0.4,0.01906685323567485,3.684136148790474,0.005175393217195468,0.4299302440844437,1.2999999999999998,one_minus_s_power,387,True,729.0,729.0,256,1000000
10000,1.3,0.4,0.01906685323567485,3.684136148790474,0.005175393217195468,0.4299302440844437,1.2999999999999998,one_minus_s_power,388,True,1043.0,1043.0,256,1000000
10000,1.3,0.4,0.01906685323567485,3.684136148790474,0.005175393217195468,0.4299302440844437,1.2999999999999998,one_minus_s_power,389,True,273.0,273.0,256,1000000
10000,1.3,0.4,0.01906685323567485,3.684136148790474,0.005175393217195468,0.4299302440844437,1.2999999999999998,one_minus_s_power,390,True,2723.0,2723.0,256,1000000
10000,1.3,0.4,0.01906685323567485,3.684136148790474,0.005175393217195468,0.4299302440844437,1.2999999999999998,one_minus_s_power,391,True,840.0,840.0,256,1000000
10000,1.3,0.4,0.01906685323567485,3.684136148790474,0.005175393217195468,0.4299302440844437,1.2999999999999998,one_minus_s_power,392,True,2106.0,2106.0,256,1000000
10000,1.3,0.4,0.01906685323567485,3.684136148790474,0.005175393217195468,0.4299302440844437,1.2999999999999998,one_minus_s_power,393,True,2719.0,2719.0,256,1000000
10000,1.3,0.4,0.01906685323567485,3.684136148790474,0.005175393217195468,0.4299302440844437,1.2999999999999998,one_minus_s_power,394,True,782.0,782.0,256,1000000
10000,1.3,0.4,0.01906685323567485,3.684136148790474,0.005175393217195468,0.4299302440844437,1.2999999999999998,one_minus_s_power,395,True,1272.0,1272.0,256,1000000
10000,1.3,0.4,0.01906685323567485,3.684136148790474,0.005175393217195468,0.4299302440844437,1.2999999999999998,one_minus_s_power,396,True,156.0,156.0,256,1000000
10000,1.3,0.4,0.01906685323567485,3.684136148790474,0.005175393217195468,0.4299302440844437,1.2999999999999998,one_minus_s_power,397,True,2240.0,2240.0,256,1000000
10000,1.3,0.4,0.01906685323567485,3.684136148790474,0.005175393217195468,0.4299302440844437,1.2999999999999998,one_minus_s_power,398,True,414.0,414.0,256,1000000
10000,1.3,0.4,0.01906685323567485,3.684136148790474,0.005175393217195468,0.4299302440844437,1.2999999999999998,one_minus_s_power,399,True,585.0,585.0,256,1000000
10000,1.3,0.4,0.01906685323567485,3.684136148790474,0.005175393217195468,0.4299302440844437,1.2999999999999998,one_minus_s_power,400,True,444.0,444.0,256,1000000
10000,1.3,0.4,0.01906685323567485,3.684136148790474,0.005175393217195468,0.4299302440844437,1.2999999999999998,one_minus_s_power,401,True,1200.0,1200.0,256,1000000
10000,1.3,0.4,0.01906685323567485,3.684136148790474,0.005175393217195468,0.4299302440844437,1.2999999999999998,one_minus_s_power,402,True,963.0,963.0,256,1000000
10000,1.3,0.4,0.01906685323567485,3.684136148790474,0.005175393217195468,0.4299302440844437,1.2999999999999998,one_minus_s_power,403,True,801.0,801.0,256,1000000
10000,1.3,0.4,0.01906685323567485,3.684136148790474,0.005175393217195468,0.4299302440844437,1.2999999999999998,one_minus_s_power,404,True,459.0,459.0,256,1000000
10000,1.3,0.4,0.01906685323567485,3.684136148790474,0.005175393217195468,0.4299302440844437,1.2999999999999998,one_minus_s_power,405,True,1101.0,1101.0,256,1000000
10000,1.3,0.4,0.01906685323567485,3.684136148790474,0.005175393217195468,0.4299302440844437,1.2999999999999998,one_minus_s_power,406,True,1041.0,1041.0,256,1000000
10000,1.3,0.4,0.01906685323567485,3.684136148790474,0.005175393217195468,0.4299302440844437,1.2999999999999998,one_minus_s_power,407,True,283.0,283.0,256,1000000
10000,1.3,0.4,0.01906685323567485,3.684136148790474,0.005175393217195468,0.4299302440844437,1.2999999999999998,one_minus_s_power,408,True,165.0,165.0,256,1000000
10000,1.3,0.4,0.01906685323567485,3.684136148790474,0.005175393217195468,0.4299302440844437,1.2999999999999998,one_minus_s_power,409,True,764.0,764.0,256,1000000
10000,1.3,0.4,0.01906685323567485,3.684136148790474,0.005175393217195468,0.4299302440844437,1.2999999999999998,one_minus_s_power,410,True,2192.0,2192.0,256,1000000
10000,1.3,0.4,0.01906685323567485,3.684136148790474,0.005175393217195468,0.4299302440844437,1.2999999999999998,one_minus_s_power,411,True,1253.0,1253.0,256,1000000
10000,1.3,0.4,0.01906685323567485,3.684136148790474,0.005175393217195468,0.4299302440844437,1.2999999999999998,one_minus_s_power,412,True,1094.0,1094.0,256,1000000
10000,1.3,0.4,0.01906685323567485,3.684136148790474,0.005175393217195468,0.4299302440844437,1.2999999999999998,one_minus_s_power,413,True,472.0,472.0,256,1000000
10000,1.3,0.4,0.01906685323567485,3.684136148790474,0.005175393217195468,0.4299302440844437,1.2999999999999998,one_minus_s_power,414,True,3458.0,3458.0,256,1000000
10000,1.3,0.4,0.01906685323567485,3.684136148790474,0.005175393217195468,0.4299302440844437,1.2999999999999998,one_minus_s_power,415,True,4847.0,4847.0,256,1000000
10000,1.3,0.4,0.01906685323567485,3.684136148790474,0.005175393217195468,0.4299302440844437,1.2999999999999998,one_minus_s_power,416,True,286.0,286.0,256,1000000
10000,1.3,0.4,0.01906685323567485,3.684136148790474,0.005175393217195468,0.4299302440844437,1.2999999999999998,one_minus_s_power,417,True,525.0,525.0,256,1000000
10000,1.3,0.4,0.01906685323567485,3.684136148790474,0.005175393217195468,0.4299302440844437,1.2999999999999998,one_minus_s_power,418,True,482.0,482.0,256,1000000
10000,1.3,0.4,0.01906685323567485,3.684136148790474,0.005175393217195468,0.4299302440844437,1.2999999999999998,one_minus_s_power,419,True,1114.0,1114.0,256,1000000
10000,1.3,0.4,0.01906685323567485,3.684136148790474,0.005175393217195468,0.4299302440844437,1.2999999999999998,one_minus_s_power,420,True,524.0,524.0,256,1000000
10000,1.3,0.4,0.01906685323567485,3.684136148790474,0.005175393217195468,0.4299302440844437,1.2999999999999998,one_minus_s_power,421,True,2354.0,2354.0,256,1000000
10000,1.3,0.4,0.01906685323567485,3.684136148790474,0.005175393217195468,0.4299302440844437,1.2999999999999998,one_minus_s_power,422,True,138.0,138.0,256,1000000
10000,1.3,0.4,0.01906685323567485,3.684136148790474,0.005175393217195468,0.4299302440844437,1.2999999999999998,one_minus_s_power,423,True,345.0,345.0,256,1000000
10000,1.3,0.4,0.01906685323567485,3.684136148790474,0.005175393217195468,0.4299302440844437,1.2999999999999998,one_minus_s_power,424,True,3055.0,3055.0,256,1000000
10000,1.3,0.4,0.01906685323567485,3.684136148790474,0.005175393217195468,0.4299302440844437,1.2999999999999998,one_minus_s_power,425,True,210.0,210.0,256,1000000
10000,1.3,0.4,0.01906685323567485,3.684136148790474,0.005175393217195468,0.4299302440844437,1.2999999999999998,one_minus_s_power,426,True,688.0,688.0,256,1000000
10000,1.3,0.4,0.01906685323567485,3.684136148790474,0.005175393217195468,0.4299302440844437,1.2999999999999998,one_minus_s_power,427,True,545.0,545.0,256,1000000
10000,1.3,0.4,0.01906685323567485,3.684136148790474,0.005175393217195468,0.4299302440844437,1.2999999999999998,one_minus_s_power,428,True,1371.0,1371.0,256,1000000
10000,1.3,0.4,0.01906685323567485,3.684136148790474,0.005175393217195468,0.4299302440844437,1.2999999999999998,one_minus_s_power,429,True,263.0,263.0,256,1000000
10000,1.3,0.4,0.01906685323567485,3.684136148790474,0.005175393217195468,0.4299302440844437,1.2999999999999998,one_minus_s_power,430,True,818.0,818.0,256,1000000
10000,1.3,0.4,0.01906685323567485,3.684136148790474,0.005175393217195468,0.4299302440844437,1.2999999999999998,one_minus_s_power,431,True,1195.0,1195.0,256,1000000
10000,1.3,0.4,0.01906685323567485,3.684136148790474,0.005175393217195468,0.4299302440844437,1.2999999999999998,one_minus_s_power,432,True,1090.0,1090.0,256,1000000
10000,1.3,0.4,0.01906685323567485,3.684136148790474,0.005175393217195468,0.4299302440844437,1.2999999999999998,one_minus_s_power,433,True,545.0,545.0,256,1000000
10000,1.3,0.4,0.01906685323567485,3.684136148790474,0.005175393217195468,0.4299302440844437,1.2999999999999998,one_minus_s_power,434,True,177.0,177.0,256,1000000
10000,1.3,0.4,0.01906685323567485,3.684136148790474,0.005175393217195468,0.4299302440844437,1.2999999999999998,one_minus_s_power,435,True,230.0,230.0,256,1000000
10000,1.3,0.4,0.01906685323567485,3.684136148790474,0.005175393217195468,0.4299302440844437,1.2999999999999998,one_minus_s_power,436,True,1032.0,1032.0,256,1000000
10000,1.3,0.4,0.01906685323567485,3.684136148790474,0.005175393217195468,0.4299302440844437,1.2999999999999998,one_minus_s_power,437,True,2675.0,2675.0,256,1000000
10000,1.3,0.4,0.01906685323567485,3.684136148790474,0.005175393217195468,0.4299302440844437,1.2999999999999998,one_minus_s_power,438,True,143.0,143.0,256,1000000
10000,1.3,0.4,0.01906685323567485,3.684136148790474,0.005175393217195468,0.4299302440844437,1.2999999999999998,one_minus_s_power,439,True,201.0,201.0,256,1000000
10000,1.3,0.4,0.01906685323567485,3.684136148790474,0.005175393217195468,0.4299302440844437,1.2999999999999998,one_minus_s_power,440,True,2347.0,2347.0,256,1000000
10000,1.3,0.4,0.01906685323567485,3.684136148790474,0.005175393217195468,0.4299302440844437,1.2999999999999998,one_minus_s_power,441,True,1298.0,1298.0,256,1000000
10000,1.3,0.4,0.01906685323567485,3.684136148790474,0.005175393217195468,0.4299302440844437,1.2999999999999998,one_minus_s_power,442,True,307.0,307.0,256,1000000
10000,1.3,0.4,0.01906685323567485,3.684136148790474,0.005175393217195468,0.4299302440844437,1.2999999999999998,one_minus_s_power,443,True,128.0,128.0,256,1000000
10000,1.3,0.4,0.01906685323567485,3.684136148790474,0.005175393217195468,0.4299302440844437,1.2999999999999998,one_minus_s_power,444,True,3647.0,3647.0,256,1000000
10000,1.3,0.4,0.01906685323567485,3.684136148790474,0.005175393217195468,0.4299302440844437,1.2999999999999998,one_minus_s_power,445,True,1042.0,1042.0,256,1000000
10000,1.3,0.4,0.01906685323567485,3.684136148790474,0.005175393217195468,0.4299302440844437,1.2999999999999998,one_minus_s_power,446,True,257.0,257.0,256,1000000
10000,1.3,0.4,0.01906685323567485,3.684136148790474,0.005175393217195468,0.4299302440844437,1.2999999999999998,one_minus_s_power,447,True,240.0,240.0,256,1000000
10000,1.3,0.4,0.01906685323567485,3.684136148790474,0.005175393217195468,0.4299302440844437,1.2999999999999998,one_minus_s_power,448,True,142.0,142.0,256,1000000
10000,1.3,0.4,0.01906685323567485,3.684136148790474,0.005175393217195468,0.4299302440844437,1.2999999999999998,one_minus_s_power,449,True,1054.0,1054.0,256,1000000
10000,1.3,0.4,0.01906685323567485,3.684136148790474,0.005175393217195468,0.4299302440844437,1.2999999999999998,one_minus_s_power,450,True,345.0,345.0,256,1000000
10000,1.3,0.4,0.01906685323567485,3.684136148790474,0.005175393217195468,0.4299302440844437,1.2999999999999998,one_minus_s_power,451,True,1864.0,1864.0,256,1000000
10000,1.3,0.4,0.01906685323567485,3.684136148790474,0.005175393217195468,0.4299302440844437,1.2999999999999998,one_minus_s_power,452,True,3524.0,3524.0,256,1000000
10000,1.3,0.4,0.01906685323567485,3.684136148790474,0.005175393217195468,0.4299302440844437,1.2999999999999998,one_minus_s_power,453,True,2154.0,2154.0,256,1000000
10000,1.3,0.4,0.01906685323567485,3.684136148790474,0.005175393217195468,0.4299302440844437,1.2999999999999998,one_minus_s_power,454,True,358.0,358.0,256,1000000
10000,1.3,0.4,0.01906685323567485,3.684136148790474,0.005175393217195468,0.4299302440844437,1.2999999999999998,one_minus_s_power,455,True,174.0,174.0,256,1000000
10000,1.3,0.4,0.01906685323567485,3.684136148790474,0.005175393217195468,0.4299302440844437,1.2999999999999998,one_minus_s_power,456,True,548.0,548.0,256,1000000
10000,1.3,0.4,0.01906685323567485,3.684136148790474,0.005175393217195468,0.4299302440844437,1.2999999999999998,one_minus_s_power,457,True,4617.0,4617.0,256,1000000
10000,1.3,0.4,0.01906685323567485,3.684136148790474,0.005175393217195468,0.4299302440844437,1.2999999999999998,one_minus_s_power,458,True,2590.0,2590.0,256,1000000
10000,1.3,0.4,0.01906685323567485,3.684136148790474,0.005175393217195468,0.4299302440844437,1.2999999999999998,one_minus_s_power,459,True,743.0,743.0,256,1000000
10000,1.3,0.4,0.01906685323567485,3.684136148790474,0.005175393217195468,0.4299302440844437,1.2999999999999998,one_minus_s_power,460,True,1341.0,1341.0,256,1000000
10000,1.3,0.4,0.01906685323567485,3.684136148790474,0.005175393217195468,0.4299302440844437,1.2999999999999998,one_minus_s_power,461,True,617.0,617.0,256,1000000
10000,1.3,0.4,0.01906685323567485,3.684136148790474,0.005175393217195468,0.4299302440844437,1.2999999999999998,one_minus_s_power,462,True,1498.0,1498.0,256,1000000
10000,1.3,0.4,0.01906685323567485,3.684136148790474,0.005175393217195468,0.4299302440844437,1.2999999999999998,one_minus_s_power,463,True,690.0,690.0,256,1000000
10000,1.3,0.4,0.01906685323567485,3.684136148790474,0.005175393217195468,0.4299302440844437,1.2999999999999998,one_minus_s_power,464,True,1908.0,1908.0,256,1000000
10000,1.3,0.4,0.01906685323567485,3.684136148790474,0.005175393217195468,0.4299302440844437,1.2999999999999998,one_minus_s_power,465,True,436.0,436.0,256,1000000
10000,1.3,0.4,0.01906685323567485,3.684136148790474,0.005175393217195468,0.4299302440844437,1.2999999999999998,one_minus_s_power,466,True,1272.0,1272.0,256,1000000
10000,1.3,0.4,0.01906685323567485,3.684136148790474,0.005175393217195468,0.4299302440844437,1.2999999999999998,one_minus_s_power,467,True,1078.0,1078.0,256,1000000
10000,1.3,0.4,0.01906685323567485,3.684136148790474,0.005175393217195468,0.4299302440844437,1.2999999999999998,one_minus_s_power,468,True,2154.0,2154.0,256,1000000
10000,1.3,0.4,0.01906685323567485,3.684136148790474,0.005175393217195468,0.4299302440844437,1.2999999999999998,one_minus_s_power,469,True,2447.0,2447.0,256,1000000
10000,1.3,0.4,0.01906685323567485,3.684136148790474,0.005175393217195468,0.4299302440844437,1.2999999999999998,one_minus_s_power,470,True,688.0,688.0,256,1000000
10000,1.3,0.4,0.01906685323567485,3.684136148790474,0.005175393217195468,0.4299302440844437,1.2999999999999998,one_minus_s_power,471,True,331.0,331.0,256,1000000
10000,1.3,0.4,0.01906685323567485,3.684136148790474,0.005175393217195468,0.4299302440844437,1.2999999999999998,one_minus_s_power,472,True,265.0,265.0,256,1000000
10000,1.3,0.4,0.01906685323567485,3.684136148790474,0.005175393217195468,0.4299302440844437,1.2999999999999998,one_minus_s_power,473,True,225.0,225.0,256,1000000
10000,1.3,0.4,0.01906685323567485,3.684136148790474,0.005175393217195468,0.4299302440844437,1.2999999999999998,one_minus_s_power,474,True,2567.0,2567.0,256,1000000
10000,1.3,0.4,0.01906685323567485,3.684136148790474,0.005175393217195468,0.4299302440844437,1.2999999999999998,one_minus_s_power,475,True,265.0,265.0,256,1000000
10000,1.3,0.4,0.01906685323567485,3.684136148790474,0.005175393217195468,0.4299302440844437,1.2999999999999998,one_minus_s_power,476,True,769.0,769.0,256,1000000
10000,1.3,0.4,0.01906685323567485,3.684136148790474,0.005175393217195468,0.4299302440844437,1.2999999999999998,one_minus_s_power,477,True,4188.0,4188.0,256,1000000
10000,1.3,0.4,0.01906685323567485,3.684136148790474,0.005175393217195468,0.4299302440844437,1.2999999999999998,one_minus_s_power,478,True,895.0,895.0,256,1000000
10000,1.3,0.4,0.01906685323567485,3.684136148790474,0.005175393217195468,0.4299302440844437,1.2999999999999998,one_minus_s_power,479,True,4205.0,4205.0,256,1000000
10000,1.3,0.4,0.01906685323567485,3.684136148790474,0.005175393217195468,0.4299302440844437,1.2999999999999998,one_minus_s_power,480,True,312.0,312.0,256,1000000
10000,1.3,0.4,0.01906685323567485,3.684136148790474,0.005175393217195468,0.4299302440844437,1.2999999999999998,one_minus_s_power,481,True,3025.0,3025.0,256,1000000
10000,1.3,0.4,0.01906685323567485,3.684136148790474,0.005175393217195468,0.4299302440844437,1.2999999999999998,one_minus_s_power,482,True,234.0,234.0,256,1000000
10000,1.3,0.4,0.01906685323567485,3.684136148790474,0.005175393217195468,0.4299302440844437,1.2999999999999998,one_minus_s_power,483,True,388.0,388.0,256,1000000
10000,1.3,0.4,0.01906685323567485,3.684136148790474,0.005175393217195468,0.4299302440844437,1.2999999999999998,one_minus_s_power,484,True,641.0,641.0,256,1000000
10000,1.3,0.4,0.01906685323567485,3.684136148790474,0.005175393217195468,0.4299302440844437,1.2999999999999998,one_minus_s_power,485,True,107.0,107.0,256,1000000
10000,1.3,0.4,0.01906685323567485,3.684136148790474,0.005175393217195468,0.4299302440844437,1.2999999999999998,one_minus_s_power,486,True,359.0,359.0,256,1000000
10000,1.3,0.4,0.01906685323567485,3.684136148790474,0.005175393217195468,0.4299302440844437,1.2999999999999998,one_minus_s_power,487,True,757.0,757.0,256,1000000
10000,1.3,0.4,0.01906685323567485,3.684136148790474,0.005175393217195468,0.4299302440844437,1.2999999999999998,one_minus_s_power,488,True,488.0,488.0,256,1000000
10000,1.3,0.4,0.01906685323567485,3.684136148790474,0.005175393217195468,0.4299302440844437,1.2999999999999998,one_minus_s_power,489,True,2737.0,2737.0,256,1000000
10000,1.3,0.4,0.01906685323567485,3.684136148790474,0.005175393217195468,0.4299302440844437,1.2999999999999998,one_minus_s_power,490,True,411.0,411.0,256,1000000
10000,1.3,0.4,0.01906685323567485,3.684136148790474,0.005175393217195468,0.4299302440844437,1.2999999999999998,one_minus_s_power,491,True,487.0,487.0,256,1000000
10000,1.3,0.4,0.01906685323567485,3.684136148790474,0.005175393217195468,0.4299302440844437,1.2999999999999998,one_minus_s_power,492,True,1008.0,1008.0,256,1000000
10000,1.3,0.4,0.01906685323567485,3.684136148790474,0.005175393217195468,0.4299302440844437,1.2999999999999998,one_minus_s_power,493,True,271.0,271.0,256,1000000
10000,1.3,0.4,0.01906685323567485,3.684136148790474,0.005175393217195468,0.4299302440844437,1.2999999999999998,one_minus_s_power,494,True,601.0,601.0,256,1000000
10000,1.3,0.4,0.01906685323567485,3.684136148790474,0.005175393217195468,0.4299302440844437,1.2999999999999998,one_minus_s_power,495,True,639.0,639.0,256,1000000
10000,1.3,0.4,0.01906685323567485,3.684136148790474,0.005175393217195468,0.4299302440844437,1.2999999999999998,one_minus_s_power,496,True,406.0,406.0,256,1000000
10000,1.3,0.4,0.01906685323567485,3.684136148790474,0.005175393217195468,0.4299302440844437,1.2999999999999998,one_minus_s_power,497,True,667.0,667.0,256,1000000
10000,1.3,0.4,0.01906685323567485,3.684136148790474,0.005175393217195468,0.4299302440844437,1.2999999999999998,one_minus_s_power,498,True,120.0,120.0,256,1000000
10000,1.3,0.4,0.01906685323567485,3.684136148790474,0.005175393217195468,0.4299302440844437,1.2999999999999998,one_minus_s_power,499,True,1569.0,1569.0,256,1000000
10000,1.3,0.4,0.01906685323567485,3.684136148790474,0.005175393217195468,0.4299302440844437,1.2999999999999998,one_minus_s_power,500,True,2333.0,2333.0,256,1000000
10000,1.3,0.4,0.01906685323567485,3.684136148790474,0.005175393217195468,0.4299302440844437,1.2999999999999998,one_minus_s_power,501,True,310.0,310.0,256,1000000
10000,1.3,0.4,0.01906685323567485,3.684136148790474,0.005175393217195468,0.4299302440844437,1.2999999999999998,one_minus_s_power,502,True,638.0,638.0,256,1000000
10000,1.3,0.4,0.01906685323567485,3.684136148790474,0.005175393217195468,0.4299302440844437,1.2999999999999998,one_minus_s_power,503,True,181.0,181.0,256,1000000
10000,1.3,0.4,0.01906685323567485,3.684136148790474,0.005175393217195468,0.4299302440844437,1.2999999999999998,one_minus_s_power,504,True,709.0,709.0,256,1000000
10000,1.3,0.4,0.01906685323567485,3.684136148790474,0.005175393217195468,0.4299302440844437,1.2999999999999998,one_minus_s_power,505,True,270.0,270.0,256,1000000
10000,1.3,0.4,0.01906685323567485,3.684136148790474,0.005175393217195468,0.4299302440844437,1.2999999999999998,one_minus_s_power,506,True,106.0,106.0,256,1000000
10000,1.3,0.4,0.01906685323567485,3.684136148790474,0.005175393217195468,0.4299302440844437,1.2999999999999998,one_minus_s_power,507,True,4646.0,4646.0,256,1000000
10000,1.3,0.4,0.01906685323567485,3.684136148790474,0.005175393217195468,0.4299302440844437,1.2999999999999998,one_minus_s_power,508,True,1811.0,1811.0,256,1000000
10000,1.3,0.4,0.01906685323567485,3.684136148790474,0.005175393217195468,0.4299302440844437,1.2999999999999998,one_minus_s_power,509,True,580.0,580.0,256,1000000
10000,1.3,0.4,0.01906685323567485,3.684136148790474,0.005175393217195468,0.4299302440844437,1.2999999999999998,one_minus_s_power,510,True,408.0,408.0,256,1000000
10000,1.3,0.4,0.01906685323567485,3.684136148790474,0.005175393217195468,0.4299302440844437,1.2999999999999998,one_minus_s_power,511,True,2721.0,2721.0,256,1000000
10000,1.3,0.4,0.01906685323567485,3.684136148790474,0.005175393217195468,0.4299302440844437,1.2999999999999998,one_minus_s_power,512,True,693.0,693.0,256,1000000
10000,1.3,0.4,0.01906685323567485,3.684136148790474,0.005175393217195468,0.4299302440844437,1.2999999999999998,one_minus_s_power,513,True,1523.0,1523.0,256,1000000
10000,1.3,0.4,0.01906685323567485,3.684136148790474,0.005175393217195468,0.4299302440844437,1.2999999999999998,one_minus_s_power,514,True,520.0,520.0,256,1000000
10000,1.3,0.4,0.01906685323567485,3.684136148790474,0.005175393217195468,0.4299302440844437,1.2999999999999998,one_minus_s_power,515,True,1550.0,1550.0,256,1000000
10000,1.3,0.4,0.01906685323567485,3.684136148790474,0.005175393217195468,0.4299302440844437,1.2999999999999998,one_minus_s_power,516,True,875.0,875.0,256,1000000
10000,1.3,0.4,0.01906685323567485,3.684136148790474,0.005175393217195468,0.4299302440844437,1.2999999999999998,one_minus_s_power,517,True,1197.0,1197.0,256,1000000
10000,1.3,0.4,0.01906685323567485,3.684136148790474,0.005175393217195468,0.4299302440844437,1.2999999999999998,one_minus_s_power,518,True,507.0,507.0,256,1000000
10000,1.3,0.4,0.01906685323567485,3.684136148790474,0.005175393217195468,0.4299302440844437,1.2999999999999998,one_minus_s_power,519,True,813.0,813.0,256,1000000
10000,1.3,0.4,0.01906685323567485,3.684136148790474,0.005175393217195468,0.4299302440844437,1.2999999999999998,one_minus_s_power,520,True,165.0,165.0,256,1000000
10000,1.3,0.4,0.01906685323567485,3.684136148790474,0.005175393217195468,0.4299302440844437,1.2999999999999998,one_minus_s_power,521,True,3116.0,3116.0,256,1000000
10000,1.3,0.4,0.01906685323567485,3.684136148790474,0.005175393217195468,0.4299302440844437,1.2999999999999998,one_minus_s_power,522,True,106.0,106.0,256,1000000
10000,1.3,0.4,0.01906685323567485,3.684136148790474,0.005175393217195468,0.4299302440844437,1.2999999999999998,one_minus_s_power,523,True,1897.0,1897.0,256,1000000
10000,1.3,0.4,0.01906685323567485,3.684136148790474,0.005175393217195468,0.4299302440844437,1.2999999999999998,one_minus_s_power,524,True,398.0,398.0,256,1000000
10000,1.3,0.4,0.01906685323567485,3.684136148790474,0.005175393217195468,0.4299302440844437,1.2999999999999998,one_minus_s_power,525,True,76.0,76.0,256,1000000
10000,1.3,0.4,0.01906685323567485,3.684136148790474,0.005175393217195468,0.4299302440844437,1.2999999999999998,one_minus_s_power,526,True,1602.0,1602.0,256,1000000
10000,1.3,0.4,0.01906685323567485,3.684136148790474,0.005175393217195468,0.4299302440844437,1.2999999999999998,one_minus_s_power,527,True,5160.0,5160.0,256,1000000
10000,1.3,0.4,0.01906685323567485,3.684136148790474,0.005175393217195468,0.4299302440844437,1.2999999999999998,one_minus_s_power,528,True,1194.0,1194.0,256,1000000
10000,1.3,0.4,0.01906685323567485,3.684136148790474,0.005175393217195468,0.4299302440844437,1.2999999999999998,one_minus_s_power,529,True,1709.0,1709.0,256,1000000
10000,1.3,0.4,0.01906685323567485,3.684136148790474,0.005175393217195468,0.4299302440844437,1.2999999999999998,one_minus_s_power,530,True,682.0,682.0,256,1000000
10000,1.3,0.4,0.01906685323567485,3.684136148790474,0.005175393217195468,0.4299302440844437,1.2999999999999998,one_minus_s_power,531,True,245.0,245.0,256,1000000
10000,1.3,0.4,0.01906685323567485,3.684136148790474,0.005175393217195468,0.4299302440844437,1.2999999999999998,one_minus_s_power,532,True,143.0,143.0,256,1000000
10000,1.3,0.4,0.01906685323567485,3.684136148790474,0.005175393217195468,0.4299302440844437,1.2999999999999998,one_minus_s_power,533,True,307.0,307.0,256,1000000
10000,1.3,0.4,0.01906685323567485,3.684136148790474,0.005175393217195468,0.4299302440844437,1.2999999999999998,one_minus_s_power,534,True,1596.0,1596.0,256,1000000
10000,1.3,0.4,0.01906685323567485,3.684136148790474,0.005175393217195468,0.4299302440844437,1.2999999999999998,one_minus_s_power,535,True,681.0,681.0,256,1000000
10000,1.3,0.4,0.01906685323567485,3.684136148790474,0.005175393217195468,0.4299302440844437,1.2999999999999998,one_minus_s_power,536,True,1691.0,1691.0,256,1000000
10000,1.3,0.4,0.01906685323567485,3.684136148790474,0.005175393217195468,0.4299302440844437,1.2999999999999998,one_minus_s_power,537,True,374.0,374.0,256,1000000
10000,1.3,0.4,0.01906685323567485,3.684136148790474,0.005175393217195468,0.4299302440844437,1.2999999999999998,one_minus_s_power,538,True,1887.0,1887.0,256,1000000
10000,1.3,0.4,0.01906685323567485,3.684136148790474,0.005175393217195468,0.4299302440844437,1.2999999999999998,one_minus_s_power,539,True,353.0,353.0,256,1000000
10000,1.3,0.4,0.01906685323567485,3.684136148790474,0.005175393217195468,0.4299302440844437,1.2999999999999998,one_minus_s_power,540,True,574.0,574.0,256,1000000
10000,1.3,0.4,0.01906685323567485,3.684136148790474,0.005175393217195468,0.4299302440844437,1.2999999999999998,one_minus_s_power,541,True,2506.0,2506.0,256,1000000
10000,1.3,0.4,0.01906685323567485,3.684136148790474,0.005175393217195468,0.4299302440844437,1.2999999999999998,one_minus_s_power,542,True,3265.0,3265.0,256,1000000
10000,1.3,0.4,0.01906685323567485,3.684136148790474,0.005175393217195468,0.4299302440844437,1.2999999999999998,one_minus_s_power,543,True,586.0,586.0,256,1000000
10000,1.3,0.4,0.01906685323567485,3.684136148790474,0.005175393217195468,0.4299302440844437,1.2999999999999998,one_minus_s_power,544,True,853.0,853.0,256,1000000
10000,1.3,0.4,0.01906685323567485,3.684136148790474,0.005175393217195468,0.4299302440844437,1.2999999999999998,one_minus_s_power,545,True,2714.0,2714.0,256,1000000
10000,1.3,0.4,0.01906685323567485,3.684136148790474,0.005175393217195468,0.4299302440844437,1.2999999999999998,one_minus_s_power,546,True,609.0,609.0,256,1000000
10000,1.3,0.4,0.01906685323567485,3.684136148790474,0.005175393217195468,0.4299302440844437,1.2999999999999998,one_minus_s_power,547,True,3426.0,3426.0,256,1000000
10000,1.3,0.4,0.01906685323567485,3.684136148790474,0.005175393217195468,0.4299302440844437,1.2999999999999998,one_minus_s_power,548,True,515.0,515.0,256,1000000
10000,1.3,0.4,0.01906685323567485,3.684136148790474,0.005175393217195468,0.4299302440844437,1.2999999999999998,one_minus_s_power,549,True,1061.0,1061.0,256,1000000
10000,1.3,0.4,0.01906685323567485,3.684136148790474,0.005175393217195468,0.4299302440844437,1.2999999999999998,one_minus_s_power,550,True,2178.0,2178.0,256,1000000
10000,1.3,0.4,0.01906685323567485,3.684136148790474,0.005175393217195468,0.4299302440844437,1.2999999999999998,one_minus_s_power,551,True,500.0,500.0,256,1000000
10000,1.3,0.4,0.01906685323567485,3.684136148790474,0.005175393217195468,0.4299302440844437,1.2999999999999998,one_minus_s_power,552,True,4134.0,4134.0,256,1000000
10000,1.3,0.4,0.01906685323567485,3.684136148790474,0.005175393217195468,0.4299302440844437,1.2999999999999998,one_minus_s_power,553,True,124.0,124.0,256,1000000
10000,1.3,0.4,0.01906685323567485,3.684136148790474,0.005175393217195468,0.4299302440844437,1.2999999999999998,one_minus_s_power,554,True,369.0,369.0,256,1000000
10000,1.3,0.4,0.01906685323567485,3.684136148790474,0.005175393217195468,0.4299302440844437,1.2999999999999998,one_minus_s_power,555,True,1300.0,1300.0,256,1000000
10000,1.3,0.4,0.01906685323567485,3.684136148790474,0.005175393217195468,0.4299302440844437,1.2999999999999998,one_minus_s_power,556,True,133.0,133.0,256,1000000
10000,1.3,0.4,0.01906685323567485,3.684136148790474,0.005175393217195468,0.4299302440844437,1.2999999999999998,one_minus_s_power,557,True,2167.0,2167.0,256,1000000
10000,1.3,0.4,0.01906685323567485,3.684136148790474,0.005175393217195468,0.4299302440844437,1.2999999999999998,one_minus_s_power,558,True,3591.0,3591.0,256,1000000
10000,1.3,0.4,0.01906685323567485,3.684136148790474,0.005175393217195468,0.4299302440844437,1.2999999999999998,one_minus_s_power,559,True,337.0,337.0,256,1000000
10000,1.3,0.4,0.01906685323567485,3.684136148790474,0.005175393217195468,0.4299302440844437,1.2999999999999998,one_minus_s_power,560,True,369.0,369.0,256,1000000
10000,1.3,0.4,0.01906685323567485,3.684136148790474,0.005175393217195468,0.4299302440844437,1.2999999999999998,one_minus_s_power,561,True,681.0,681.0,256,1000000
10000,1.3,0.4,0.01906685323567485,3.684136148790474,0.005175393217195468,0.4299302440844437,1.2999999999999998,one_minus_s_power,562,True,721.0,721.0,256,1000000
10000,1.3,0.4,0.01906685323567485,3.684136148790474,0.005175393217195468,0.4299302440844437,1.2999999999999998,one_minus_s_power,563,True,1611.0,1611.0,256,1000000
10000,1.3,0.4,0.01906685323567485,3.684136148790474,0.005175393217195468,0.4299302440844437,1.2999999999999998,one_minus_s_power,564,True,584.0,584.0,256,1000000
10000,1.3,0.4,0.01906685323567485,3.684136148790474,0.005175393217195468,0.4299302440844437,1.2999999999999998,one_minus_s_power,565,True,729.0,729.0,256,1000000
10000,1.3,0.4,0.01906685323567485,3.684136148790474,0.005175393217195468,0.4299302440844437,1.2999999999999998,one_minus_s_power,566,True,306.0,306.0,256,1000000
10000,1.3,0.4,0.01906685323567485,3.684136148790474,0.005175393217195468,0.4299302440844437,1.2999999999999998,one_minus_s_power,567,True,255.0,255.0,256,1000000
10000,1.3,0.4,0.01906685323567485,3.684136148790474,0.005175393217195468,0.4299302440844437,1.2999999999999998,one_minus_s_power,568,True,2930.0,2930.0,256,1000000
10000,1.3,0.4,0.01906685323567485,3.684136148790474,0.005175393217195468,0.4299302440844437,1.2999999999999998,one_minus_s_power,569,True,950.0,950.0,256,1000000
10000,1.3,0.4,0.01906685323567485,3.684136148790474,0.005175393217195468,0.4299302440844437,1.2999999999999998,one_minus_s_power,570,True,1781.0,1781.0,256,1000000
10000,1.3,0.4,0.01906685323567485,3.684136148790474,0.005175393217195468,0.4299302440844437,1.2999999999999998,one_minus_s_power,571,True,1789.0,1789.0,256,1000000
10000,1.3,0.4,0.01906685323567485,3.684136148790474,0.005175393217195468,0.4299302440844437,1.2999999999999998,one_minus_s_power,572,True,2768.0,2768.0,256,1000000
10000,1.3,0.4,0.01906685323567485,3.684136148790474,0.005175393217195468,0.4299302440844437,1.2999999999999998,one_minus_s_power,573,True,1330.0,1330.0,256,1000000
10000,1.3,0.4,0.01906685323567485,3.684136148790474,0.005175393217195468,0.4299302440844437,1.2999999999999998,one_minus_s_power,574,True,960.0,960.0,256,1000000
10000,1.3,0.4,0.01906685323567485,3.684136148790474,0.005175393217195468,0.4299302440844437,1.2999999999999998,one_minus_s_power,575,True,885.0,885.0,256,1000000
10000,1.3,0.4,0.01906685323567485,3.684136148790474,0.005175393217195468,0.4299302440844437,1.2999999999999998,one_minus_s_power,576,True,1375.0,1375.0,256,1000000
10000,1.3,0.4,0.01906685323567485,3.684136148790474,0.005175393217195468,0.4299302440844437,1.2999999999999998,one_minus_s_power,577,True,175.0,175.0,256,1000000
10000,1.3,0.4,0.01906685323567485,3.684136148790474,0.005175393217195468,0.4299302440844437,1.2999999999999998,one_minus_s_power,578,True,140.0,140.0,256,1000000
10000,1.3,0.4,0.01906685323567485,3.684136148790474,0.005175393217195468,0.4299302440844437,1.2999999999999998,one_minus_s_power,579,True,828.0,828.0,256,1000000
10000,1.3,0.4,0.01906685323567485,3.684136148790474,0.005175393217195468,0.4299302440844437,1.2999999999999998,one_minus_s_power,580,True,213.0,213.0,256,1000000
10000,1.3,0.4,0.01906685323567485,3.684136148790474,0.005175393217195468,0.4299302440844437,1.2999999999999998,one_minus_s_power,581,True,1822.0,1822.0,256,1000000
10000,1.3,0.4,0.01906685323567485,3.684136148790474,0.005175393217195468,0.4299302440844437,1.2999999999999998,one_minus_s_power,582,True,291.0,291.0,256,1000000
10000,1.3,0.4,0.01906685323567485,3.684136148790474,0.005175393217195468,0.4299302440844437,1.2999999999999998,one_minus_s_power,583,True,170.0,170.0,256,1000000
10000,1.3,0.4,0.01906685323567485,3.684136148790474,0.005175393217195468,0.4299302440844437,1.2999999999999998,one_minus_s_power,584,True,996.0,996.0,256,1000000
10000,1.3,0.4,0.01906685323567485,3.684136148790474,0.005175393217195468,0.4299302440844437,1.2999999999999998,one_minus_s_power,585,True,910.0,910.0,256,1000000
10000,1.3,0.4,0.01906685323567485,3.684136148790474,0.005175393217195468,0.4299302440844437,1.2999999999999998,one_minus_s_power,586,True,2100.0,2100.0,256,1000000
10000,1.3,0.4,0.01906685323567485,3.684136148790474,0.005175393217195468,0.4299302440844437,1.2999999999999998,one_minus_s_power,587,True,355.0,355.0,256,1000000
10000,1.3,0.4,0.01906685323567485,3.684136148790474,0.005175393217195468,0.4299302440844437,1.2999999999999998,one_minus_s_power,588,True,2354.0,2354.0,256,1000000
10000,1.3,0.4,0.01906685323567485,3.684136148790474,0.005175393217195468,0.4299302440844437,1.2999999999999998,one_minus_s_power,589,True,796.0,796.0,256,1000000
10000,1.3,0.4,0.01906685323567485,3.684136148790474,0.005175393217195468,0.4299302440844437,1.2999999999999998,one_minus_s_power,590,True,1004.0,1004.0,256,1000000
10000,1.3,0.4,0.01906685323567485,3.684136148790474,0.005175393217195468,0.4299302440844437,1.2999999999999998,one_minus_s_power,591,True,105.0,105.0,256,1000000
10000,1.3,0.4,0.01906685323567485,3.684136148790474,0.005175393217195468,0.4299302440844437,1.2999999999999998,one_minus_s_power,592,True,292.0,292.0,256,1000000
10000,1.3,0.4,0.01906685323567485,3.684136148790474,0.005175393217195468,0.4299302440844437,1.2999999999999998,one_minus_s_power,593,True,808.0,808.0,256,1000000
10000,1.3,0.4,0.01906685323567485,3.684136148790474,0.005175393217195468,0.4299302440844437,1.2999999999999998,one_minus_s_power,594,True,1394.0,1394.0,256,1000000
10000,1.3,0.4,0.01906685323567485,3.684136148790474,0.005175393217195468,0.4299302440844437,1.2999999999999998,one_minus_s_power,595,True,1639.0,1639.0,256,1000000
10000,1.3,0.4,0.01906685323567485,3.684136148790474,0.005175393217195468,0.4299302440844437,1.2999999999999998,one_minus_s_power,596,True,598.0,598.0,256,1000000
10000,1.3,0.4,0.01906685323567485,3.684136148790474,0.005175393217195468,0.4299302440844437,1.2999999999999998,one_minus_s_power,597,True,1609.0,1609.0,256,1000000
10000,1.3,0.4,0.01906685323567485,3.684136148790474,0.005175393217195468,0.4299302440844437,1.2999999999999998,one_minus_s_power,598,True,3612.0,3612.0,256,1000000
10000,1.3,0.4,0.01906685323567485,3.684136148790474,0.005175393217195468,0.4299302440844437,1.2999999999999998,one_minus_s_power,599,True,3916.0,3916.0,256,1000000
10000,1.3,0.4,0.01906685323567485,3.684136148790474,0.005175393217195468,0.4299302440844437,1.2999999999999998,one_minus_s_power,600,True,2265.0,2265.0,256,1000000
10000,1.3,0.4,0.01906685323567485,3.684136148790474,0.005175393217195468,0.4299302440844437,1.2999999999999998,one_minus_s_power,601,True,2628.0,2628.0,256,1000000
10000,1.3,0.4,0.01906685323567485,3.684136148790474,0.005175393217195468,0.4299302440844437,1.2999999999999998,one_minus_s_power,602,True,355.0,355.0,256,1000000
10000,1.3,0.4,0.01906685323567485,3.684136148790474,0.005175393217195468,0.4299302440844437,1.2999999999999998,one_minus_s_power,603,True,1675.0,1675.0,256,1000000
10000,1.3,0.4,0.01906685323567485,3.684136148790474,0.005175393217195468,0.4299302440844437,1.2999999999999998,one_minus_s_power,604,True,974.0,974.0,256,1000000
10000,1.3,0.4,0.01906685323567485,3.684136148790474,0.005175393217195468,0.4299302440844437,1.2999999999999998,one_minus_s_power,605,True,460.0,460.0,256,1000000
10000,1.3,0.4,0.01906685323567485,3.684136148790474,0.005175393217195468,0.4299302440844437,1.2999999999999998,one_minus_s_power,606,True,2674.0,2674.0,256,1000000
10000,1.3,0.4,0.01906685323567485,3.684136148790474,0.005175393217195468,0.4299302440844437,1.2999999999999998,one_minus_s_power,607,True,1047.0,1047.0,256,1000000
10000,1.3,0.4,0.01906685323567485,3.684136148790474,0.005175393217195468,0.4299302440844437,1.2999999999999998,one_minus_s_power,608,True,188.0,188.0,256,1000000
10000,1.3,0.4,0.01906685323567485,3.684136148790474,0.005175393217195468,0.4299302440844437,1.2999999999999998,one_minus_s_power,609,True,778.0,778.0,256,1000000
10000,1.3,0.4,0.01906685323567485,3.684136148790474,0.005175393217195468,0.4299302440844437,1.2999999999999998,one_minus_s_power,610,True,385.0,385.0,256,1000000
10000,1.3,0.4,0.01906685323567485,3.684136148790474,0.005175393217195468,0.4299302440844437,1.2999999999999998,one_minus_s_power,611,True,198.0,198.0,256,1000000
10000,1.3,0.4,0.01906685323567485,3.684136148790474,0.005175393217195468,0.4299302440844437,1.2999999999999998,one_minus_s_power,612,True,1004.0,1004.0,256,1000000
10000,1.3,0.4,0.01906685323567485,3.684136148790474,0.005175393217195468,0.4299302440844437,1.2999999999999998,one_minus_s_power,613,True,279.0,279.0,256,1000000
10000,1.3,0.4,0.01906685323567485,3.684136148790474,0.005175393217195468,0.4299302440844437,1.2999999999999998,one_minus_s_power,614,True,3055.0,3055.0,256,1000000
10000,1.3,0.4,0.01906685323567485,3.684136148790474,0.005175393217195468,0.4299302440844437,1.2999999999999998,one_minus_s_power,615,True,3368.0,3368.0,256,1000000
10000,1.3,0.4,0.01906685323567485,3.684136148790474,0.005175393217195468,0.4299302440844437,1.2999999999999998,one_minus_s_power,616,True,654.0,654.0,256,1000000
10000,1.3,0.4,0.01906685323567485,3.684136148790474,0.005175393217195468,0.4299302440844437,1.2999999999999998,one_minus_s_power,617,True,2012.0,2012.0,256,1000000
10000,1.3,0.4,0.01906685323567485,3.684136148790474,0.005175393217195468,0.4299302440844437,1.2999999999999998,one_minus_s_power,618,True,1607.0,1607.0,256,1000000
10000,1.3,0.4,0.01906685323567485,3.684136148790474,0.005175393217195468,0.4299302440844437,1.2999999999999998,one_minus_s_power,619,True,167.0,167.0,256,1000000
10000,1.3,0.4,0.01906685323567485,3.684136148790474,0.005175393217195468,0.4299302440844437,1.2999999999999998,one_minus_s_power,620,True,708.0,708.0,256,1000000
10000,1.3,0.4,0.01906685323567485,3.684136148790474,0.005175393217195468,0.4299302440844437,1.2999999999999998,one_minus_s_power,621,True,1342.0,1342.0,256,1000000
10000,1.3,0.4,0.01906685323567485,3.684136148790474,0.005175393217195468,0.4299302440844437,1.2999999999999998,one_minus_s_power,622,True,3200.0,3200.0,256,1000000
10000,1.3,0.4,0.01906685323567485,3.684136148790474,0.005175393217195468,0.4299302440844437,1.2999999999999998,one_minus_s_power,623,True,97.0,97.0,256,1000000
10000,1.3,0.4,0.01906685323567485,3.684136148790474,0.005175393217195468,0.4299302440844437,1.2999999999999998,one_minus_s_power,624,True,2038.0,2038.0,256,1000000
10000,1.3,0.4,0.01906685323567485,3.684136148790474,0.005175393217195468,0.4299302440844437,1.2999999999999998,one_minus_s_power,625,True,563.0,563.0,256,1000000
10000,1.3,0.4,0.01906685323567485,3.684136148790474,0.005175393217195468,0.4299302440844437,1.2999999999999998,one_minus_s_power,626,True,762.0,762.0,256,1000000
10000,1.3,0.4,0.01906685323567485,3.684136148790474,0.005175393217195468,0.4299302440844437,1.2999999999999998,one_minus_s_power,627,True,3228.0,3228.0,256,1000000
10000,1.3,0.4,0.01906685323567485,3.684136148790474,0.005175393217195468,0.4299302440844437,1.2999999999999998,one_minus_s_power,628,True,1629.0,1629.0,256,1000000
10000,1.3,0.4,0.01906685323567485,3.684136148790474,0.005175393217195468,0.4299302440844437,1.2999999999999998,one_minus_s_power,629,True,483.0,483.0,256,1000000
10000,1.3,0.4,0.01906685323567485,3.684136148790474,0.005175393217195468,0.4299302440844437,1.2999999999999998,one_minus_s_power,630,True,1511.0,1511.0,256,1000000
10000,1.3,0.4,0.01906685323567485,3.684136148790474,0.005175393217195468,0.4299302440844437,1.2999999999999998,one_minus_s_power,631,True,500.0,500.0,256,1000000
10000,1.3,0.4,0.01906685323567485,3.684136148790474,0.005175393217195468,0.4299302440844437,1.2999999999999998,one_minus_s_power,632,True,3811.0,3811.0,256,1000000
10000,1.3,0.4,0.01906685323567485,3.684136148790474,0.005175393217195468,0.4299302440844437,1.2999999999999998,one_minus_s_power,633,True,2038.0,2038.0,256,1000000
10000,1.3,0.4,0.01906685323567485,3.684136148790474,0.005175393217195468,0.4299302440844437,1.2999999999999998,one_minus_s_power,634,True,1740.0,1740.0,256,1000000
10000,1.3,0.4,0.01906685323567485,3.684136148790474,0.005175393217195468,0.4299302440844437,1.2999999999999998,one_minus_s_power,635,True,821.0,821.0,256,1000000
10000,1.3,0.4,0.01906685323567485,3.684136148790474,0.005175393217195468,0.4299302440844437,1.2999999999999998,one_minus_s_power,636,True,1568.0,1568.0,256,1000000
10000,1.3,0.4,0.01906685323567485,3.684136148790474,0.005175393217195468,0.4299302440844437,1.2999999999999998,one_minus_s_power,637,True,690.0,690.0,256,1000000
10000,1.3,0.4,0.01906685323567485,3.684136148790474,0.005175393217195468,0.4299302440844437,1.2999999999999998,one_minus_s_power,638,True,373.0,373.0,256,1000000
10000,1.3,0.4,0.01906685323567485,3.684136148790474,0.005175393217195468,0.4299302440844437,1.2999999999999998,one_minus_s_power,639,True,891.0,891.0,256,1000000
10000,1.3,0.4,0.01906685323567485,3.684136148790474,0.005175393217195468,0.4299302440844437,1.2999999999999998,one_minus_s_power,640,True,364.0,364.0,256,1000000
10000,1.3,0.4,0.01906685323567485,3.684136148790474,0.005175393217195468,0.4299302440844437,1.2999999999999998,one_minus_s_power,641,True,600.0,600.0,256,1000000
10000,1.3,0.4,0.01906685323567485,3.684136148790474,0.005175393217195468,0.4299302440844437,1.2999999999999998,one_minus_s_power,642,True,1800.0,1800.0,256,1000000
10000,1.3,0.4,0.01906685323567485,3.684136148790474,0.005175393217195468,0.4299302440844437,1.2999999999999998,one_minus_s_power,643,True,483.0,483.0,256,1000000
10000,1.3,0.4,0.01906685323567485,3.684136148790474,0.005175393217195468,0.4299302440844437,1.2999999999999998,one_minus_s_power,644,True,2071.0,2071.0,256,1000000
10000,1.3,0.4,0.01906685323567485,3.684136148790474,0.005175393217195468,0.4299302440844437,1.2999999999999998,one_minus_s_power,645,True,314.0,314.0,256,1000000
10000,1.3,0.4,0.01906685323567485,3.684136148790474,0.005175393217195468,0.4299302440844437,1.2999999999999998,one_minus_s_power,646,True,2095.0,2095.0,256,1000000
10000,1.3,0.4,0.01906685323567485,3.684136148790474,0.005175393217195468,0.4299302440844437,1.2999999999999998,one_minus_s_power,647,True,1184.0,1184.0,256,1000000
10000,1.3,0.4,0.01906685323567485,3.684136148790474,0.005175393217195468,0.4299302440844437,1.2999999999999998,one_minus_s_power,648,True,200.0,200.0,256,1000000
10000,1.3,0.4,0.01906685323567485,3.684136148790474,0.005175393217195468,0.4299302440844437,1.2999999999999998,one_minus_s_power,649,True,2028.0,2028.0,256,1000000
10000,1.3,0.4,0.01906685323567485,3.684136148790474,0.005175393217195468,0.4299302440844437,1.2999999999999998,one_minus_s_power,650,True,424.0,424.0,256,1000000
10000,1.3,0.4,0.01906685323567485,3.684136148790474,0.005175393217195468,0.4299302440844437,1.2999999999999998,one_minus_s_power,651,True,260.0,260.0,256,1000000
10000,1.3,0.4,0.01906685323567485,3.684136148790474,0.005175393217195468,0.4299302440844437,1.2999999999999998,one_minus_s_power,652,True,551.0,551.0,256,1000000
10000,1.3,0.4,0.01906685323567485,3.684136148790474,0.005175393217195468,0.4299302440844437,1.2999999999999998,one_minus_s_power,653,True,285.0,285.0,256,1000000
10000,1.3,0.4,0.01906685323567485,3.684136148790474,0.005175393217195468,0.4299302440844437,1.2999999999999998,one_minus_s_power,654,True,734.0,734.0,256,1000000
10000,1.3,0.4,0.01906685323567485,3.684136148790474,0.005175393217195468,0.4299302440844437,1.2999999999999998,one_minus_s_power,655,True,3069.0,3069.0,256,1000000
10000,1.3,0.4,0.01906685323567485,3.684136148790474,0.005175393217195468,0.4299302440844437,1.2999999999999998,one_minus_s_power,656,True,1464.0,1464.0,256,1000000
10000,1.3,0.4,0.01906685323567485,3.684136148790474,0.005175393217195468,0.4299302440844437,1.2999999999999998,one_minus_s_power,657,True,4240.0,4240.0,256,1000000
10000,1.3,0.4,0.01906685323567485,3.684136148790474,0.005175393217195468,0.4299302440844437,1.2999999999999998,one_minus_s_power,658,True,126.0,126.0,256,1000000
10000,1.3,0.4,0.01906685323567485,3.684136148790474,0.005175393217195468,0.4299302440844437,1.2999999999999998,one_minus_s_power,659,True,183.0,183.0,256,1000000
10000,1.3,0.4,0.01906685323567485,3.684136148790474,0.005175393217195468,0.4299302440844437,1.2999999999999998,one_minus_s_power,660,True,556.0,556.0,256,1000000
10000,1.3,0.4,0.01906685323567485,3.684136148790474,0.005175393217195468,0.4299302440844437,1.2999999999999998,one_minus_s_power,661,True,1921.0,1921.0,256,1000000
10000,1.3,0.4,0.01906685323567485,3.684136148790474,0.005175393217195468,0.4299302440844437,1.2999999999999998,one_minus_s_power,662,True,2026.0,2026.0,256,1000000
10000,1.3,0.4,0.01906685323567485,3.684136148790474,0.005175393217195468,0.4299302440844437,1.2999999999999998,one_minus_s_power,663,True,1041.0,1041.0,256,1000000
10000,1.3,0.4,0.01906685323567485,3.684136148790474,0.005175393217195468,0.4299302440844437,1.2999999999999998,one_minus_s_power,664,True,260.0,260.0,256,1000000
10000,1.3,0.4,0.01906685323567485,3.684136148790474,0.005175393217195468,0.4299302440844437,1.2999999999999998,one_minus_s_power,665,True,707.0,707.0,256,1000000
10000,1.3,0.4,0.01906685323567485,3.684136148790474,0.005175393217195468,0.4299302440844437,1.2999999999999998,one_minus_s_power,666,True,309.0,309.0,256,1000000
10000,1.3,0.4,0.01906685323567485,3.684136148790474,0.005175393217195468,0.4299302440844437,1.2999999999999998,one_minus_s_power,667,True,731.0,731.0,256,1000000
10000,1.3,0.4,0.01906685323567485,3.684136148790474,0.005175393217195468,0.4299302440844437,1.2999999999999998,one_minus_s_power,668,True,515.0,515.0,256,1000000
10000,1.3,0.4,0.01906685323567485,3.684136148790474,0.005175393217195468,0.4299302440844437,1.2999999999999998,one_minus_s_power,669,True,489.0,489.0,256,1000000
10000,1.3,0.4,0.01906685323567485,3.684136148790474,0.005175393217195468,0.4299302440844437,1.2999999999999998,one_minus_s_power,670,True,820.0,820.0,256,1000000
10000,1.3,0.4,0.01906685323567485,3.684136148790474,0.005175393217195468,0.4299302440844437,1.2999999999999998,one_minus_s_power,671,True,958.0,958.0,256,1000000
10000,1.3,0.4,0.01906685323567485,3.684136148790474,0.005175393217195468,0.4299302440844437,1.2999999999999998,one_minus_s_power,672,True,294.0,294.0,256,1000000
10000,1.3,0.4,0.01906685323567485,3.684136148790474,0.005175393217195468,0.4299302440844437,1.2999999999999998,one_minus_s_power,673,True,211.0,211.0,256,1000000
10000,1.3,0.4,0.01906685323567485,3.684136148790474,0.005175393217195468,0.4299302440844437,1.2999999999999998,one_minus_s_power,674,True,830.0,830.0,256,1000000
10000,1.3,0.4,0.01906685323567485,3.684136148790474,0.005175393217195468,0.4299302440844437,1.2999999999999998,one_minus_s_power,675,True,88.0,88.0,256,1000000
10000,1.3,0.4,0.01906685323567485,3.684136148790474,0.005175393217195468,0.4299302440844437,1.2999999999999998,one_minus_s_power,676,True,967.0,967.0,256,1000000
10000,1.3,0.4,0.01906685323567485,3.684136148790474,0.005175393217195468,0.4299302440844437,1.2999999999999998,one_minus_s_power,677,True,1907.0,1907.0,256,1000000
10000,1.3,0.4,0.01906685323567485,3.684136148790474,0.005175393217195468,0.4299302440844437,1.2999999999999998,one_minus_s_power,678,True,419.0,419.0,256,1000000
10000,1.3,0.4,0.01906685323567485,3.684136148790474,0.005175393217195468,0.4299302440844437,1.2999999999999998,one_minus_s_power,679,True,340.0,340.0,256,1000000
10000,1.3,0.4,0.01906685323567485,3.684136148790474,0.005175393217195468,0.4299302440844437,1.2999999999999998,one_minus_s_power,680,True,448.0,448.0,256,1000000
10000,1.3,0.4,0.01906685323567485,3.684136148790474,0.005175393217195468,0.4299302440844437,1.2999999999999998,one_minus_s_power,681,True,211.0,211.0,256,1000000
10000,1.3,0.4,0.01906685323567485,3.684136148790474,0.005175393217195468,0.4299302440844437,1.2999999999999998,one_minus_s_power,682,True,766.0,766.0,256,1000000
10000,1.3,0.4,0.01906685323567485,3.684136148790474,0.005175393217195468,0.4299302440844437,1.2999999999999998,one_minus_s_power,683,True,1253.0,1253.0,256,1000000
10000,1.3,0.4,0.01906685323567485,3.684136148790474,0.005175393217195468,0.4299302440844437,1.2999999999999998,one_minus_s_power,684,True,524.0,524.0,256,1000000
10000,1.3,0.4,0.01906685323567485,3.684136148790474,0.005175393217195468,0.4299302440844437,1.2999999999999998,one_minus_s_power,685,True,1485.0,1485.0,256,1000000
10000,1.3,0.4,0.01906685323567485,3.684136148790474,0.005175393217195468,0.4299302440844437,1.2999999999999998,one_minus_s_power,686,True,1239.0,1239.0,256,1000000
10000,1.3,0.4,0.01906685323567485,3.684136148790474,0.005175393217195468,0.4299302440844437,1.2999999999999998,one_minus_s_power,687,True,358.0,358.0,256,1000000
10000,1.3,0.4,0.01906685323567485,3.684136148790474,0.005175393217195468,0.4299302440844437,1.2999999999999998,one_minus_s_power,688,True,343.0,343.0,256,1000000
10000,1.3,0.4,0.01906685323567485,3.684136148790474,0.005175393217195468,0.4299302440844437,1.2999999999999998,one_minus_s_power,689,True,1629.0,1629.0,256,1000000
10000,1.3,0.4,0.01906685323567485,3.684136148790474,0.005175393217195468,0.4299302440844437,1.2999999999999998,one_minus_s_power,690,True,4008.0,4008.0,256,1000000
10000,1.3,0.4,0.01906685323567485,3.684136148790474,0.005175393217195468,0.4299302440844437,1.2999999999999998,one_minus_s_power,691,True,443.0,443.0,256,1000000
10000,1.3,0.4,0.01906685323567485,3.684136148790474,0.005175393217195468,0.4299302440844437,1.2999999999999998,one_minus_s_power,692,True,1630.0,1630.0,256,1000000
10000,1.3,0.4,0.01906685323567485,3.684136148790474,0.005175393217195468,0.4299302440844437,1.2999999999999998,one_minus_s_power,693,True,899.0,899.0,256,1000000
10000,1.3,0.4,0.01906685323567485,3.684136148790474,0.005175393217195468,0.4299302440844437,1.2999999999999998,one_minus_s_power,694,True,1328.0,1328.0,256,1000000
10000,1.3,0.4,0.01906685323567485,3.684136148790474,0.005175393217195468,0.4299302440844437,1.2999999999999998,one_minus_s_power,695,True,431.0,431.0,256,1000000
10000,1.3,0.4,0.01906685323567485,3.684136148790474,0.005175393217195468,0.4299302440844437,1.2999999999999998,one_minus_s_power,696,True,4690.0,4690.0,256,1000000
10000,1.3,0.4,0.01906685323567485,3.684136148790474,0.005175393217195468,0.4299302440844437,1.2999999999999998,one_minus_s_power,697,True,961.0,961.0,256,1000000
10000,1.3,0.4,0.01906685323567485,3.684136148790474,0.005175393217195468,0.4299302440844437,1.2999999999999998,one_minus_s_power,698,True,414.0,414.0,256,1000000
10000,1.3,0.4,0.01906685323567485,3.684136148790474,0.005175393217195468,0.4299302440844437,1.2999999999999998,one_minus_s_power,699,True,2270.0,2270.0,256,1000000
10000,1.3,0.4,0.01906685323567485,3.684136148790474,0.005175393217195468,0.4299302440844437,1.2999999999999998,one_minus_s_power,700,True,190.0,190.0,256,1000000
10000,1.3,0.4,0.01906685323567485,3.684136148790474,0.005175393217195468,0.4299302440844437,1.2999999999999998,one_minus_s_power,701,True,2250.0,2250.0,256,1000000
10000,1.3,0.4,0.01906685323567485,3.684136148790474,0.005175393217195468,0.4299302440844437,1.2999999999999998,one_minus_s_power,702,True,262.0,262.0,256,1000000
10000,1.3,0.4,0.01906685323567485,3.684136148790474,0.005175393217195468,0.4299302440844437,1.2999999999999998,one_minus_s_power,703,True,1076.0,1076.0,256,1000000
10000,1.3,0.4,0.01906685323567485,3.684136148790474,0.005175393217195468,0.4299302440844437,1.2999999999999998,one_minus_s_power,704,True,1395.0,1395.0,256,1000000
10000,1.3,0.4,0.01906685323567485,3.684136148790474,0.005175393217195468,0.4299302440844437,1.2999999999999998,one_minus_s_power,705,True,4328.0,4328.0,256,1000000
10000,1.3,0.4,0.01906685323567485,3.684136148790474,0.005175393217195468,0.4299302440844437,1.2999999999999998,one_minus_s_power,706,True,232.0,232.0,256,1000000
10000,1.3,0.4,0.01906685323567485,3.684136148790474,0.005175393217195468,0.4299302440844437,1.2999999999999998,one_minus_s_power,707,True,1450.0,1450.0,256,1000000
10000,1.3,0.4,0.01906685323567485,3.684136148790474,0.005175393217195468,0.4299302440844437,1.2999999999999998,one_minus_s_power,708,True,481.0,481.0,256,1000000
10000,1.3,0.4,0.01906685323567485,3.684136148790474,0.005175393217195468,0.4299302440844437,1.2999999999999998,one_minus_s_power,709,True,940.0,940.0,256,1000000
10000,1.3,0.4,0.01906685323567485,3.684136148790474,0.005175393217195468,0.4299302440844437,1.2999999999999998,one_minus_s_power,710,True,334.0,334.0,256,1000000
10000,1.3,0.4,0.01906685323567485,3.684136148790474,0.005175393217195468,0.4299302440844437,1.2999999999999998,one_minus_s_power,711,True,348.0,348.0,256,1000000
10000,1.3,0.4,0.01906685323567485,3.684136148790474,0.005175393217195468,0.4299302440844437,1.2999999999999998,one_minus_s_power,712,True,804.0,804.0,256,1000000
10000,1.3,0.4,0.01906685323567485,3.684136148790474,0.005175393217195468,0.4299302440844437,1.2999999999999998,one_minus_s_power,713,True,769.0,769.0,256,1000000
10000,1.3,0.4,0.01906685323567485,3.684136148790474,0.005175393217195468,0.4299302440844437,1.2999999999999998,one_minus_s_power,714,True,160.0,160.0,256,1000000
10000,1.3,0.4,0.01906685323567485,3.684136148790474,0.005175393217195468,0.4299302440844437,1.2999999999999998,one_minus_s_power,715,True,354.0,354.0,256,1000000
10000,1.3,0.4,0.01906685323567485,3.684136148790474,0.005175393217195468,0.4299302440844437,1.2999999999999998,one_minus_s_power,716,True,831.0,831.0,256,1000000
10000,1.3,0.4,0.01906685323567485,3.684136148790474,0.005175393217195468,0.4299302440844437,1.2999999999999998,one_minus_s_power,717,True,987.0,987.0,256,1000000
10000,1.3,0.4,0.01906685323567485,3.684136148790474,0.005175393217195468,0.4299302440844437,1.2999999999999998,one_minus_s_power,718,True,335.0,335.0,256,1000000
10000,1.3,0.4,0.01906685323567485,3.684136148790474,0.005175393217195468,0.4299302440844437,1.2999999999999998,one_minus_s_power,719,True,277.0,277.0,256,1000000
10000,1.3,0.4,0.01906685323567485,3.684136148790474,0.005175393217195468,0.4299302440844437,1.2999999999999998,one_minus_s_power,720,True,531.0,531.0,256,1000000
10000,1.3,0.4,0.01906685323567485,3.684136148790474,0.005175393217195468,0.4299302440844437,1.2999999999999998,one_minus_s_power,721,True,990.0,990.0,256,1000000
10000,1.3,0.4,0.01906685323567485,3.684136148790474,0.005175393217195468,0.4299302440844437,1.2999999999999998,one_minus_s_power,722,True,511.0,511.0,256,1000000
10000,1.3,0.4,0.01906685323567485,3.684136148790474,0.005175393217195468,0.4299302440844437,1.2999999999999998,one_minus_s_power,723,True,606.0,606.0,256,1000000
10000,1.3,0.4,0.01906685323567485,3.684136148790474,0.005175393217195468,0.4299302440844437,1.2999999999999998,one_minus_s_power,724,True,970.0,970.0,256,1000000
10000,1.3,0.4,0.01906685323567485,3.684136148790474,0.005175393217195468,0.4299302440844437,1.2999999999999998,one_minus_s_power,725,True,954.0,954.0,256,1000000
10000,1.3,0.4,0.01906685323567485,3.684136148790474,0.005175393217195468,0.4299302440844437,1.2999999999999998,one_minus_s_power,726,True,1998.0,1998.0,256,1000000
10000,1.3,0.4,0.01906685323567485,3.684136148790474,0.005175393217195468,0.4299302440844437,1.2999999999999998,one_minus_s_power,727,True,673.0,673.0,256,1000000
10000,1.3,0.4,0.01906685323567485,3.684136148790474,0.005175393217195468,0.4299302440844437,1.2999999999999998,one_minus_s_power,728,True,171.0,171.0,256,1000000
10000,1.3,0.4,0.01906685323567485,3.684136148790474,0.005175393217195468,0.4299302440844437,1.2999999999999998,one_minus_s_power,729,True,4348.0,4348.0,256,1000000
10000,1.3,0.4,0.01906685323567485,3.684136148790474,0.005175393217195468,0.4299302440844437,1.2999999999999998,one_minus_s_power,730,True,471.0,471.0,256,1000000
10000,1.3,0.4,0.01906685323567485,3.684136148790474,0.005175393217195468,0.4299302440844437,1.2999999999999998,one_minus_s_power,731,True,485.0,485.0,256,1000000
10000,1.3,0.4,0.01906685323567485,3.684136148790474,0.005175393217195468,0.4299302440844437,1.2999999999999998,one_minus_s_power,732,True,316.0,316.0,256,1000000
10000,1.3,0.4,0.01906685323567485,3.684136148790474,0.005175393217195468,0.4299302440844437,1.2999999999999998,one_minus_s_power,733,True,1029.0,1029.0,256,1000000
10000,1.3,0.4,0.01906685323567485,3.684136148790474,0.005175393217195468,0.4299302440844437,1.2999999999999998,one_minus_s_power,734,True,235.0,235.0,256,1000000
10000,1.3,0.4,0.01906685323567485,3.684136148790474,0.005175393217195468,0.4299302440844437,1.2999999999999998,one_minus_s_power,735,True,156.0,156.0,256,1000000
10000,1.3,0.4,0.01906685323567485,3.684136148790474,0.005175393217195468,0.4299302440844437,1.2999999999999998,one_minus_s_power,736,True,361.0,361.0,256,1000000
10000,1.3,0.4,0.01906685323567485,3.684136148790474,0.005175393217195468,0.4299302440844437,1.2999999999999998,one_minus_s_power,737,True,1324.0,1324.0,256,1000000
10000,1.3,0.4,0.01906685323567485,3.684136148790474,0.005175393217195468,0.4299302440844437,1.2999999999999998,one_minus_s_power,738,True,405.0,405.0,256,1000000
10000,1.3,0.4,0.01906685323567485,3.684136148790474,0.005175393217195468,0.4299302440844437,1.2999999999999998,one_minus_s_power,739,True,1352.0,1352.0,256,1000000
10000,1.3,0.4,0.01906685323567485,3.684136148790474,0.005175393217195468,0.4299302440844437,1.2999999999999998,one_minus_s_power,740,True,960.0,960.0,256,1000000
10000,1.3,0.4,0.01906685323567485,3.684136148790474,0.005175393217195468,0.4299302440844437,1.2999999999999998,one_minus_s_power,741,True,428.0,428.0,256,1000000
10000,1.3,0.4,0.01906685323567485,3.684136148790474,0.005175393217195468,0.4299302440844437,1.2999999999999998,one_minus_s_power,742,True,327.0,327.0,256,1000000
10000,1.3,0.4,0.01906685323567485,3.684136148790474,0.005175393217195468,0.4299302440844437,1.2999999999999998,one_minus_s_power,743,True,219.0,219.0,256,1000000
10000,1.3,0.4,0.01906685323567485,3.684136148790474,0.005175393217195468,0.4299302440844437,1.2999999999999998,one_minus_s_power,744,True,504.0,504.0,256,1000000
10000,1.3,0.4,0.01906685323567485,3.684136148790474,0.005175393217195468,0.4299302440844437,1.2999999999999998,one_minus_s_power,745,True,1325.0,1325.0,256,1000000
10000,1.3,0.4,0.01906685323567485,3.684136148790474,0.005175393217195468,0.4299302440844437,1.2999999999999998,one_minus_s_power,746,True,1190.0,1190.0,256,1000000
10000,1.3,0.4,0.01906685323567485,3.684136148790474,0.005175393217195468,0.4299302440844437,1.2999999999999998,one_minus_s_power,747,True,398.0,398.0,256,1000000
10000,1.3,0.4,0.01906685323567485,3.684136148790474,0.005175393217195468,0.4299302440844437,1.2999999999999998,one_minus_s_power,748,True,330.0,330.0,256,1000000
10000,1.3,0.4,0.01906685323567485,3.684136148790474,0.005175393217195468,0.4299302440844437,1.2999999999999998,one_minus_s_power,749,True,794.0,794.0,256,1000000
10000,1.3,0.4,0.01906685323567485,3.684136148790474,0.005175393217195468,0.4299302440844437,1.2999999999999998,one_minus_s_power,750,True,394.0,394.0,256,1000000
10000,1.3,0.4,0.01906685323567485,3.684136148790474,0.005175393217195468,0.4299302440844437,1.2999999999999998,one_minus_s_power,751,True,1035.0,1035.0,256,1000000
10000,1.3,0.4,0.01906685323567485,3.684136148790474,0.005175393217195468,0.4299302440844437,1.2999999999999998,one_minus_s_power,752,True,1663.0,1663.0,256,1000000
10000,1.3,0.4,0.01906685323567485,3.684136148790474,0.005175393217195468,0.4299302440844437,1.2999999999999998,one_minus_s_power,753,True,3590.0,3590.0,256,1000000
10000,1.3,0.4,0.01906685323567485,3.684136148790474,0.005175393217195468,0.4299302440844437,1.2999999999999998,one_minus_s_power,754,True,959.0,959.0,256,1000000
10000,1.3,0.4,0.01906685323567485,3.684136148790474,0.005175393217195468,0.4299302440844437,1.2999999999999998,one_minus_s_power,755,True,430.0,430.0,256,1000000
10000,1.3,0.4,0.01906685323567485,3.684136148790474,0.005175393217195468,0.4299302440844437,1.2999999999999998,one_minus_s_power,756,True,578.0,578.0,256,1000000
10000,1.3,0.4,0.01906685323567485,3.684136148790474,0.005175393217195468,0.4299302440844437,1.2999999999999998,one_minus_s_power,757,True,363.0,363.0,256,1000000
10000,1.3,0.4,0.01906685323567485,3.684136148790474,0.005175393217195468,0.4299302440844437,1.2999999999999998,one_minus_s_power,758,True,795.0,795.0,256,1000000
10000,1.3,0.4,0.01906685323567485,3.684136148790474,0.005175393217195468,0.4299302440844437,1.2999999999999998,one_minus_s_power,759,True,1935.0,1935.0,256,1000000
10000,1.3,0.4,0.01906685323567485,3.684136148790474,0.005175393217195468,0.4299302440844437,1.2999999999999998,one_minus_s_power,760,True,882.0,882.0,256,1000000
10000,1.3,0.4,0.01906685323567485,3.684136148790474,0.005175393217195468,0.4299302440844437,1.2999999999999998,one_minus_s_power,761,True,1638.0,1638.0,256,1000000
10000,1.3,0.4,0.01906685323567485,3.684136148790474,0.005175393217195468,0.4299302440844437,1.2999999999999998,one_minus_s_power,762,True,500.0,500.0,256,1000000
10000,1.3,0.4,0.01906685323567485,3.684136148790474,0.005175393217195468,0.4299302440844437,1.2999999999999998,one_minus_s_power,763,True,1283.0,1283.0,256,1000000
10000,1.3,0.4,0.01906685323567485,3.684136148790474,0.005175393217195468,0.4299302440844437,1.2999999999999998,one_minus_s_power,764,True,509.0,509.0,256,1000000
10000,1.3,0.4,0.01906685323567485,3.684136148790474,0.005175393217195468,0.4299302440844437,1.2999999999999998,one_minus_s_power,765,True,2135.0,2135.0,256,1000000
10000,1.3,0.4,0.01906685323567485,3.684136148790474,0.005175393217195468,0.4299302440844437,1.2999999999999998,one_minus_s_power,766,True,1650.0,1650.0,256,1000000
10000,1.3,0.4,0.01906685323567485,3.684136148790474,0.005175393217195468,0.4299302440844437,1.2999999999999998,one_minus_s_power,767,True,1135.0,1135.0,256,1000000
10000,1.3,0.4,0.01906685323567485,3.684136148790474,0.005175393217195468,0.4299302440844437,1.2999999999999998,one_minus_s_power,768,True,828.0,828.0,256,1000000
10000,1.3,0.4,0.01906685323567485,3.684136148790474,0.005175393217195468,0.4299302440844437,1.2999999999999998,one_minus_s_power,769,True,434.0,434.0,256,1000000
10000,1.3,0.4,0.01906685323567485,3.684136148790474,0.005175393217195468,0.4299302440844437,1.2999999999999998,one_minus_s_power,770,True,490.0,490.0,256,1000000
10000,1.3,0.4,0.01906685323567485,3.684136148790474,0.005175393217195468,0.4299302440844437,1.2999999999999998,one_minus_s_power,771,True,234.0,234.0,256,1000000
10000,1.3,0.4,0.01906685323567485,3.684136148790474,0.005175393217195468,0.4299302440844437,1.2999999999999998,one_minus_s_power,772,True,2920.0,2920.0,256,1000000
10000,1.3,0.4,0.01906685323567485,3.684136148790474,0.005175393217195468,0.4299302440844437,1.2999999999999998,one_minus_s_power,773,True,169.0,169.0,256,1000000
10000,1.3,0.4,0.01906685323567485,3.684136148790474,0.005175393217195468,0.4299302440844437,1.2999999999999998,one_minus_s_power,774,True,1457.0,1457.0,256,1000000
10000,1.3,0.4,0.01906685323567485,3.684136148790474,0.005175393217195468,0.4299302440844437,1.2999999999999998,one_minus_s_power,775,True,2314.0,2314.0,256,1000000
10000,1.3,0.4,0.01906685323567485,3.684136148790474,0.005175393217195468,0.4299302440844437,1.2999999999999998,one_minus_s_power,776,True,1593.0,1593.0,256,1000000
10000,1.3,0.4,0.01906685323567485,3.684136148790474,0.005175393217195468,0.4299302440844437,1.2999999999999998,one_minus_s_power,777,True,2702.0,2702.0,256,1000000
10000,1.3,0.4,0.01906685323567485,3.684136148790474,0.005175393217195468,0.4299302440844437,1.2999999999999998,one_minus_s_power,778,True,387.0,387.0,256,1000000
10000,1.3,0.4,0.01906685323567485,3.684136148790474,0.005175393217195468,0.4299302440844437,1.2999999999999998,one_minus_s_power,779,True,570.0,570.0,256,1000000
10000,1.3,0.4,0.01906685323567485,3.684136148790474,0.005175393217195468,0.4299302440844437,1.2999999999999998,one_minus_s_power,780,True,1259.0,1259.0,256,1000000
10000,1.3,0.4,0.01906685323567485,3.684136148790474,0.005175393217195468,0.4299302440844437,1.2999999999999998,one_minus_s_power,781,True,346.0,346.0,256,1000000
10000,1.3,0.4,0.01906685323567485,3.684136148790474,0.005175393217195468,0.4299302440844437,1.2999999999999998,one_minus_s_power,782,True,1842.0,1842.0,256,1000000
10000,1.3,0.4,0.01906685323567485,3.684136148790474,0.005175393217195468,0.4299302440844437,1.2999999999999998,one_minus_s_power,783,True,1200.0,1200.0,256,1000000
10000,1.3,0.4,0.01906685323567485,3.684136148790474,0.005175393217195468,0.4299302440844437,1.2999999999999998,one_minus_s_power,784,True,368.0,368.0,256,1000000
10000,1.3,0.4,0.01906685323567485,3.684136148790474,0.005175393217195468,0.4299302440844437,1.2999999999999998,one_minus_s_power,785,True,1452.0,1452.0,256,1000000
10000,1.3,0.4,0.01906685323567485,3.684136148790474,0.005175393217195468,0.4299302440844437,1.2999999999999998,one_minus_s_power,786,True,707.0,707.0,256,1000000
10000,1.3,0.4,0.01906685323567485,3.684136148790474,0.005175393217195468,0.4299302440844437,1.2999999999999998,one_minus_s_power,787,True,449.0,449.0,256,1000000
10000,1.3,0.4,0.01906685323567485,3.684136148790474,0.005175393217195468,0.4299302440844437,1.2999999999999998,one_minus_s_power,788,True,1877.0,1877.0,256,1000000
10000,1.3,0.4,0.01906685323567485,3.684136148790474,0.005175393217195468,0.4299302440844437,1.2999999999999998,one_minus_s_power,789,True,2219.0,2219.0,256,1000000
10000,1.3,0.4,0.01906685323567485,3.684136148790474,0.005175393217195468,0.4299302440844437,1.2999999999999998,one_minus_s_power,790,True,958.0,958.0,256,1000000
10000,1.3,0.4,0.01906685323567485,3.684136148790474,0.005175393217195468,0.4299302440844437,1.2999999999999998,one_minus_s_power,791,True,2260.0,2260.0,256,1000000
10000,1.3,0.4,0.01906685323567485,3.684136148790474,0.005175393217195468,0.4299302440844437,1.2999999999999998,one_minus_s_power,792,True,2102.0,2102.0,256,1000000
10000,1.3,0.4,0.01906685323567485,3.684136148790474,0.005175393217195468,0.4299302440844437,1.2999999999999998,one_minus_s_power,793,True,1985.0,1985.0,256,1000000
10000,1.3,0.4,0.01906685323567485,3.684136148790474,0.005175393217195468,0.4299302440844437,1.2999999999999998,one_minus_s_power,794,True,203.0,203.0,256,1000000
10000,1.3,0.4,0.01906685323567485,3.684136148790474,0.005175393217195468,0.4299302440844437,1.2999999999999998,one_minus_s_power,795,True,1319.0,1319.0,256,1000000
10000,1.3,0.4,0.01906685323567485,3.684136148790474,0.005175393217195468,0.4299302440844437,1.2999999999999998,one_minus_s_power,796,True,1170.0,1170.0,256,1000000
10000,1.3,0.4,0.01906685323567485,3.684136148790474,0.005175393217195468,0.4299302440844437,1.2999999999999998,one_minus_s_power,797,True,192.0,192.0,256,1000000
10000,1.3,0.4,0.01906685323567485,3.684136148790474,0.005175393217195468,0.4299302440844437,1.2999999999999998,one_minus_s_power,798,True,1999.0,1999.0,256,1000000
10000,1.3,0.4,0.01906685323567485,3.684136148790474,0.005175393217195468,0.4299302440844437,1.2999999999999998,one_minus_s_power,799,True,284.0,284.0,256,1000000
10000,1.3,0.4,0.01906685323567485,3.684136148790474,0.005175393217195468,0.4299302440844437,1.2999999999999998,one_minus_s_power,800,True,213.0,213.0,256,1000000
10000,1.3,0.4,0.01906685323567485,3.684136148790474,0.005175393217195468,0.4299302440844437,1.2999999999999998,one_minus_s_power,801,True,2145.0,2145.0,256,1000000
10000,1.3,0.4,0.01906685323567485,3.684136148790474,0.005175393217195468,0.4299302440844437,1.2999999999999998,one_minus_s_power,802,True,1037.0,1037.0,256,1000000
10000,1.3,0.4,0.01906685323567485,3.684136148790474,0.005175393217195468,0.4299302440844437,1.2999999999999998,one_minus_s_power,803,True,978.0,978.0,256,1000000
10000,1.3,0.4,0.01906685323567485,3.684136148790474,0.005175393217195468,0.4299302440844437,1.2999999999999998,one_minus_s_power,804,True,1911.0,1911.0,256,1000000
10000,1.3,0.4,0.01906685323567485,3.684136148790474,0.005175393217195468,0.4299302440844437,1.2999999999999998,one_minus_s_power,805,True,204.0,204.0,256,1000000
10000,1.3,0.4,0.01906685323567485,3.684136148790474,0.005175393217195468,0.4299302440844437,1.2999999999999998,one_minus_s_power,806,True,112.0,112.0,256,1000000
10000,1.3,0.4,0.01906685323567485,3.684136148790474,0.005175393217195468,0.4299302440844437,1.2999999999999998,one_minus_s_power,807,True,239.0,239.0,256,1000000
10000,1.3,0.4,0.01906685323567485,3.684136148790474,0.005175393217195468,0.4299302440844437,1.2999999999999998,one_minus_s_power,808,True,1306.0,1306.0,256,1000000
10000,1.3,0.4,0.01906685323567485,3.684136148790474,0.005175393217195468,0.4299302440844437,1.2999999999999998,one_minus_s_power,809,True,1541.0,1541.0,256,1000000
10000,1.3,0.4,0.01906685323567485,3.684136148790474,0.005175393217195468,0.4299302440844437,1.2999999999999998,one_minus_s_power,810,True,1781.0,1781.0,256,1000000
10000,1.3,0.4,0.01906685323567485,3.684136148790474,0.005175393217195468,0.4299302440844437,1.2999999999999998,one_minus_s_power,811,True,69.0,69.0,256,1000000
10000,1.3,0.4,0.01906685323567485,3.684136148790474,0.005175393217195468,0.4299302440844437,1.2999999999999998,one_minus_s_power,812,True,589.0,589.0,256,1000000
10000,1.3,0.4,0.01906685323567485,3.684136148790474,0.005175393217195468,0.4299302440844437,1.2999999999999998,one_minus_s_power,813,True,95.0,95.0,256,1000000
10000,1.3,0.4,0.01906685323567485,3.684136148790474,0.005175393217195468,0.4299302440844437,1.2999999999999998,one_minus_s_power,814,True,385.0,385.0,256,1000000
10000,1.3,0.4,0.01906685323567485,3.684136148790474,0.005175393217195468,0.4299302440844437,1.2999999999999998,one_minus_s_power,815,True,653.0,653.0,256,1000000
10000,1.3,0.4,0.01906685323567485,3.684136148790474,0.005175393217195468,0.4299302440844437,1.2999999999999998,one_minus_s_power,816,True,856.0,856.0,256,1000000
10000,1.3,0.4,0.01906685323567485,3.684136148790474,0.005175393217195468,0.4299302440844437,1.2999999999999998,one_minus_s_power,817,True,937.0,937.0,256,1000000
10000,1.3,0.4,0.01906685323567485,3.684136148790474,0.005175393217195468,0.4299302440844437,1.2999999999999998,one_minus_s_power,818,True,544.0,544.0,256,1000000
10000,1.3,0.4,0.01906685323567485,3.684136148790474,0.005175393217195468,0.4299302440844437,1.2999999999999998,one_minus_s_power,819,True,348.0,348.0,256,1000000
10000,1.3,0.4,0.01906685323567485,3.684136148790474,0.005175393217195468,0.4299302440844437,1.2999999999999998,one_minus_s_power,820,True,322.0,322.0,256,1000000
10000,1.3,0.4,0.01906685323567485,3.684136148790474,0.005175393217195468,0.4299302440844437,1.2999999999999998,one_minus_s_power,821,True,583.0,583.0,256,1000000
10000,1.3,0.4,0.01906685323567485,3.684136148790474,0.005175393217195468,0.4299302440844437,1.2999999999999998,one_minus_s_power,822,True,1148.0,1148.0,256,1000000
10000,1.3,0.4,0.01906685323567485,3.684136148790474,0.005175393217195468,0.4299302440844437,1.2999999999999998,one_minus_s_power,823,True,346.0,346.0,256,1000000
10000,1.3,0.4,0.01906685323567485,3.684136148790474,0.005175393217195468,0.4299302440844437,1.2999999999999998,one_minus_s_power,824,True,832.0,832.0,256,1000000
10000,1.3,0.4,0.01906685323567485,3.684136148790474,0.005175393217195468,0.4299302440844437,1.2999999999999998,one_minus_s_power,825,True,1987.0,1987.0,256,1000000
10000,1.3,0.4,0.01906685323567485,3.684136148790474,0.005175393217195468,0.4299302440844437,1.2999999999999998,one_minus_s_power,826,True,2375.0,2375.0,256,1000000
10000,1.3,0.4,0.01906685323567485,3.684136148790474,0.005175393217195468,0.4299302440844437,1.2999999999999998,one_minus_s_power,827,True,1203.0,1203.0,256,1000000
10000,1.3,0.4,0.01906685323567485,3.684136148790474,0.005175393217195468,0.4299302440844437,1.2999999999999998,one_minus_s_power,828,True,406.0,406.0,256,1000000
10000,1.3,0.4,0.01906685323567485,3.684136148790474,0.005175393217195468,0.4299302440844437,1.2999999999999998,one_minus_s_power,829,True,1481.0,1481.0,256,1000000
10000,1.3,0.4,0.01906685323567485,3.684136148790474,0.005175393217195468,0.4299302440844437,1.2999999999999998,one_minus_s_power,830,True,686.0,686.0,256,1000000
10000,1.3,0.4,0.01906685323567485,3.684136148790474,0.005175393217195468,0.4299302440844437,1.2999999999999998,one_minus_s_power,831,True,671.0,671.0,256,1000000
10000,1.3,0.4,0.01906685323567485,3.684136148790474,0.005175393217195468,0.4299302440844437,1.2999999999999998,one_minus_s_power,832,True,708.0,708.0,256,1000000
10000,1.3,0.4,0.01906685323567485,3.684136148790474,0.005175393217195468,0.4299302440844437,1.2999999999999998,one_minus_s_power,833,True,2369.0,2369.0,256,1000000
10000,1.3,0.4,0.01906685323567485,3.684136148790474,0.005175393217195468,0.4299302440844437,1.2999999999999998,one_minus_s_power,834,True,1483.0,1483.0,256,1000000
10000,1.3,0.4,0.01906685323567485,3.684136148790474,0.005175393217195468,0.4299302440844437,1.2999999999999998,one_minus_s_power,835,True,3007.0,3007.0,256,1000000
10000,1.3,0.4,0.01906685323567485,3.684136148790474,0.005175393217195468,0.4299302440844437,1.2999999999999998,one_minus_s_power,836,True,1843.0,1843.0,256,1000000
10000,1.3,0.4,0.01906685323567485,3.684136148790474,0.005175393217195468,0.4299302440844437,1.2999999999999998,one_minus_s_power,837,True,438.0,438.0,256,1000000
10000,1.3,0.4,0.01906685323567485,3.684136148790474,0.005175393217195468,0.4299302440844437,1.2999999999999998,one_minus_s_power,838,True,519.0,519.0,256,1000000
10000,1.3,0.4,0.01906685323567485,3.684136148790474,0.005175393217195468,0.4299302440844437,1.2999999999999998,one_minus_s_power,839,True,807.0,807.0,256,1000000
10000,1.3,0.4,0.01906685323567485,3.684136148790474,0.005175393217195468,0.4299302440844437,1.2999999999999998,one_minus_s_power,840,True,1413.0,1413.0,256,1000000
10000,1.3,0.4,0.01906685323567485,3.684136148790474,0.005175393217195468,0.4299302440844437,1.2999999999999998,one_minus_s_power,841,True,346.0,346.0,256,1000000
10000,1.3,0.4,0.01906685323567485,3.684136148790474,0.005175393217195468,0.4299302440844437,1.2999999999999998,one_minus_s_power,842,True,424.0,424.0,256,1000000
10000,1.3,0.4,0.01906685323567485,3.684136148790474,0.005175393217195468,0.4299302440844437,1.2999999999999998,one_minus_s_power,843,True,1838.0,1838.0,256,1000000
10000,1.3,0.4,0.01906685323567485,3.684136148790474,0.005175393217195468,0.4299302440844437,1.2999999999999998,one_minus_s_power,844,True,753.0,753.0,256,1000000
10000,1.3,0.4,0.01906685323567485,3.684136148790474,0.005175393217195468,0.4299302440844437,1.2999999999999998,one_minus_s_power,845,True,1695.0,1695.0,256,1000000
10000,1.3,0.4,0.01906685323567485,3.684136148790474,0.005175393217195468,0.4299302440844437,1.2999999999999998,one_minus_s_power,846,True,667.0,667.0,256,1000000
10000,1.3,0.4,0.01906685323567485,3.684136148790474,0.005175393217195468,0.4299302440844437,1.2999999999999998,one_minus_s_power,847,True,5903.0,5903.0,256,1000000
10000,1.3,0.4,0.01906685323567485,3.684136148790474,0.005175393217195468,0.4299302440844437,1.2999999999999998,one_minus_s_power,848,True,342.0,342.0,256,1000000
10000,1.3,0.4,0.01906685323567485,3.684136148790474,0.005175393217195468,0.4299302440844437,1.2999999999999998,one_minus_s_power,849,True,357.0,357.0,256,1000000
10000,1.3,0.4,0.01906685323567485,3.684136148790474,0.005175393217195468,0.4299302440844437,1.2999999999999998,one_minus_s_power,850,True,2902.0,2902.0,256,1000000
10000,1.3,0.4,0.01906685323567485,3.684136148790474,0.005175393217195468,0.4299302440844437,1.2999999999999998,one_minus_s_power,851,True,1663.0,1663.0,256,1000000
10000,1.3,0.4,0.01906685323567485,3.684136148790474,0.005175393217195468,0.4299302440844437,1.2999999999999998,one_minus_s_power,852,True,157.0,157.0,256,1000000
10000,1.3,0.4,0.01906685323567485,3.684136148790474,0.005175393217195468,0.4299302440844437,1.2999999999999998,one_minus_s_power,853,True,1434.0,1434.0,256,1000000
10000,1.3,0.4,0.01906685323567485,3.684136148790474,0.005175393217195468,0.4299302440844437,1.2999999999999998,one_minus_s_power,854,True,4672.0,4672.0,256,1000000
10000,1.3,0.4,0.01906685323567485,3.684136148790474,0.005175393217195468,0.4299302440844437,1.2999999999999998,one_minus_s_power,855,True,891.0,891.0,256,1000000
10000,1.3,0.4,0.01906685323567485,3.684136148790474,0.005175393217195468,0.4299302440844437,1.2999999999999998,one_minus_s_power,856,True,468.0,468.0,256,1000000
10000,1.3,0.4,0.01906685323567485,3.684136148790474,0.005175393217195468,0.4299302440844437,1.2999999999999998,one_minus_s_power,857,True,310.0,310.0,256,1000000
10000,1.3,0.4,0.01906685323567485,3.684136148790474,0.005175393217195468,0.4299302440844437,1.2999999999999998,one_minus_s_power,858,True,551.0,551.0,256,1000000
10000,1.3,0.4,0.01906685323567485,3.684136148790474,0.005175393217195468,0.4299302440844437,1.2999999999999998,one_minus_s_power,859,True,949.0,949.0,256,1000000
10000,1.3,0.4,0.01906685323567485,3.684136148790474,0.005175393217195468,0.4299302440844437,1.2999999999999998,one_minus_s_power,860,True,474.0,474.0,256,1000000
10000,1.3,0.4,0.01906685323567485,3.684136148790474,0.005175393217195468,0.4299302440844437,1.2999999999999998,one_minus_s_power,861,True,1183.0,1183.0,256,1000000
10000,1.3,0.4,0.01906685323567485,3.684136148790474,0.005175393217195468,0.4299302440844437,1.2999999999999998,one_minus_s_power,862,True,675.0,675.0,256,1000000
10000,1.3,0.4,0.01906685323567485,3.684136148790474,0.005175393217195468,0.4299302440844437,1.2999999999999998,one_minus_s_power,863,True,1378.0,1378.0,256,1000000
10000,1.3,0.4,0.01906685323567485,3.684136148790474,0.005175393217195468,0.4299302440844437,1.2999999999999998,one_minus_s_power,864,True,500.0,500.0,256,1000000
10000,1.3,0.4,0.01906685323567485,3.684136148790474,0.005175393217195468,0.4299302440844437,1.2999999999999998,one_minus_s_power,865,True,549.0,549.0,256,1000000
10000,1.3,0.4,0.01906685323567485,3.684136148790474,0.005175393217195468,0.4299302440844437,1.2999999999999998,one_minus_s_power,866,True,1022.0,1022.0,256,1000000
10000,1.3,0.4,0.01906685323567485,3.684136148790474,0.005175393217195468,0.4299302440844437,1.2999999999999998,one_minus_s_power,867,True,134.0,134.0,256,1000000
10000,1.3,0.4,0.01906685323567485,3.684136148790474,0.005175393217195468,0.4299302440844437,1.2999999999999998,one_minus_s_power,868,True,526.0,526.0,256,1000000
10000,1.3,0.4,0.01906685323567485,3.684136148790474,0.005175393217195468,0.4299302440844437,1.2999999999999998,one_minus_s_power,869,True,854.0,854.0,256,1000000
10000,1.3,0.4,0.01906685323567485,3.684136148790474,0.005175393217195468,0.4299302440844437,1.2999999999999998,one_minus_s_power,870,True,2499.0,2499.0,256,1000000
10000,1.3,0.4,0.01906685323567485,3.684136148790474,0.005175393217195468,0.4299302440844437,1.2999999999999998,one_minus_s_power,871,True,347.0,347.0,256,1000000
10000,1.3,0.4,0.01906685323567485,3.684136148790474,0.005175393217195468,0.4299302440844437,1.2999999999999998,one_minus_s_power,872,True,385.0,385.0,256,1000000
10000,1.3,0.4,0.01906685323567485,3.684136148790474,0.005175393217195468,0.4299302440844437,1.2999999999999998,one_minus_s_power,873,True,2139.0,2139.0,256,1000000
10000,1.3,0.4,0.01906685323567485,3.684136148790474,0.005175393217195468,0.4299302440844437,1.2999999999999998,one_minus_s_power,874,True,1097.0,1097.0,256,1000000
10000,1.3,0.4,0.01906685323567485,3.684136148790474,0.005175393217195468,0.4299302440844437,1.2999999999999998,one_minus_s_power,875,True,361.0,361.0,256,1000000
10000,1.3,0.4,0.01906685323567485,3.684136148790474,0.005175393217195468,0.4299302440844437,1.2999999999999998,one_minus_s_power,876,True,814.0,814.0,256,1000000
10000,1.3,0.4,0.01906685323567485,3.684136148790474,0.005175393217195468,0.4299302440844437,1.2999999999999998,one_minus_s_power,877,True,1659.0,1659.0,256,1000000
10000,1.3,0.4,0.01906685323567485,3.684136148790474,0.005175393217195468,0.4299302440844437,1.2999999999999998,one_minus_s_power,878,True,259.0,259.0,256,1000000
10000,1.3,0.4,0.01906685323567485,3.684136148790474,0.005175393217195468,0.4299302440844437,1.2999999999999998,one_minus_s_power,879,True,1409.0,1409.0,256,1000000
10000,1.3,0.4,0.01906685323567485,3.684136148790474,0.005175393217195468,0.4299302440844437,1.2999999999999998,one_minus_s_power,880,True,782.0,782.0,256,1000000
10000,1.3,0.4,0.01906685323567485,3.684136148790474,0.005175393217195468,0.4299302440844437,1.2999999999999998,one_minus_s_power,881,True,1950.0,1950.0,256,1000000
10000,1.3,0.4,0.01906685323567485,3.684136148790474,0.005175393217195468,0.4299302440844437,1.2999999999999998,one_minus_s_power,882,True,213.0,213.0,256,1000000
10000,1.3,0.4,0.01906685323567485,3.684136148790474,0.005175393217195468,0.4299302440844437,1.2999999999999998,one_minus_s_power,883,True,454.0,454.0,256,1000000
10000,1.3,0.4,0.01906685323567485,3.684136148790474,0.005175393217195468,0.4299302440844437,1.2999999999999998,one_minus_s_power,884,True,214.0,214.0,256,1000000
10000,1.3,0.4,0.01906685323567485,3.684136148790474,0.005175393217195468,0.4299302440844437,1.2999999999999998,one_minus_s_power,885,True,1338.0,1338.0,256,1000000
10000,1.3,0.4,0.01906685323567485,3.684136148790474,0.005175393217195468,0.4299302440844437,1.2999999999999998,one_minus_s_power,886,True,104.0,104.0,256,1000000
10000,1.3,0.4,0.01906685323567485,3.684136148790474,0.005175393217195468,0.4299302440844437,1.2999999999999998,one_minus_s_power,887,True,758.0,758.0,256,1000000
10000,1.3,0.4,0.01906685323567485,3.684136148790474,0.005175393217195468,0.4299302440844437,1.2999999999999998,one_minus_s_power,888,True,1160.0,1160.0,256,1000000
10000,1.3,0.4,0.01906685323567485,3.684136148790474,0.005175393217195468,0.4299302440844437,1.2999999999999998,one_minus_s_power,889,True,1559.0,1559.0,256,1000000
10000,1.3,0.4,0.01906685323567485,3.684136148790474,0.005175393217195468,0.4299302440844437,1.2999999999999998,one_minus_s_power,890,True,1830.0,1830.0,256,1000000
10000,1.3,0.4,0.01906685323567485,3.684136148790474,0.005175393217195468,0.4299302440844437,1.2999999999999998,one_minus_s_power,891,True,899.0,899.0,256,1000000
10000,1.3,0.4,0.01906685323567485,3.684136148790474,0.005175393217195468,0.4299302440844437,1.2999999999999998,one_minus_s_power,892,True,1447.0,1447.0,256,1000000
10000,1.3,0.4,0.01906685323567485,3.684136148790474,0.005175393217195468,0.4299302440844437,1.2999999999999998,one_minus_s_power,893,True,367.0,367.0,256,1000000
10000,1.3,0.4,0.01906685323567485,3.684136148790474,0.005175393217195468,0.4299302440844437,1.2999999999999998,one_minus_s_power,894,True,710.0,710.0,256,1000000
10000,1.3,0.4,0.01906685323567485,3.684136148790474,0.005175393217195468,0.4299302440844437,1.2999999999999998,one_minus_s_power,895,True,145.0,145.0,256,1000000
10000,1.3,0.4,0.01906685323567485,3.684136148790474,0.005175393217195468,0.4299302440844437,1.2999999999999998,one_minus_s_power,896,True,2579.0,2579.0,256,1000000
10000,1.3,0.4,0.01906685323567485,3.684136148790474,0.005175393217195468,0.4299302440844437,1.2999999999999998,one_minus_s_power,897,True,1539.0,1539.0,256,1000000
10000,1.3,0.4,0.01906685323567485,3.684136148790474,0.005175393217195468,0.4299302440844437,1.2999999999999998,one_minus_s_power,898,True,595.0,595.0,256,1000000
10000,1.3,0.4,0.01906685323567485,3.684136148790474,0.005175393217195468,0.4299302440844437,1.2999999999999998,one_minus_s_power,899,True,3721.0,3721.0,256,1000000
10000,1.3,0.4,0.01906685323567485,3.684136148790474,0.005175393217195468,0.4299302440844437,1.2999999999999998,one_minus_s_power,900,True,1304.0,1304.0,256,1000000
10000,1.3,0.4,0.01906685323567485,3.684136148790474,0.005175393217195468,0.4299302440844437,1.2999999999999998,one_minus_s_power,901,True,821.0,821.0,256,1000000
10000,1.3,0.4,0.01906685323567485,3.684136148790474,0.005175393217195468,0.4299302440844437,1.2999999999999998,one_minus_s_power,902,True,953.0,953.0,256,1000000
10000,1.3,0.4,0.01906685323567485,3.684136148790474,0.005175393217195468,0.4299302440844437,1.2999999999999998,one_minus_s_power,903,True,691.0,691.0,256,1000000
10000,1.3,0.4,0.01906685323567485,3.684136148790474,0.005175393217195468,0.4299302440844437,1.2999999999999998,one_minus_s_power,904,True,83.0,83.0,256,1000000
10000,1.3,0.4,0.01906685323567485,3.684136148790474,0.005175393217195468,0.4299302440844437,1.2999999999999998,one_minus_s_power,905,True,254.0,254.0,256,1000000
10000,1.3,0.4,0.01906685323567485,3.684136148790474,0.005175393217195468,0.4299302440844437,1.2999999999999998,one_minus_s_power,906,True,1503.0,1503.0,256,1000000
10000,1.3,0.4,0.01906685323567485,3.684136148790474,0.005175393217195468,0.4299302440844437,1.2999999999999998,one_minus_s_power,907,True,209.0,209.0,256,1000000
10000,1.3,0.4,0.01906685323567485,3.684136148790474,0.005175393217195468,0.4299302440844437,1.2999999999999998,one_minus_s_power,908,True,1162.0,1162.0,256,1000000
10000,1.3,0.4,0.01906685323567485,3.684136148790474,0.005175393217195468,0.4299302440844437,1.2999999999999998,one_minus_s_power,909,True,699.0,699.0,256,1000000
10000,1.3,0.4,0.01906685323567485,3.684136148790474,0.005175393217195468,0.4299302440844437,1.2999999999999998,one_minus_s_power,910,True,367.0,367.0,256,1000000
10000,1.3,0.4,0.01906685323567485,3.684136148790474,0.005175393217195468,0.4299302440844437,1.2999999999999998,one_minus_s_power,911,True,145.0,145.0,256,1000000
10000,1.3,0.4,0.01906685323567485,3.684136148790474,0.005175393217195468,0.4299302440844437,1.2999999999999998,one_minus_s_power,912,True,736.0,736.0,256,1000000
10000,1.3,0.4,0.01906685323567485,3.684136148790474,0.005175393217195468,0.4299302440844437,1.2999999999999998,one_minus_s_power,913,True,5677.0,5677.0,256,1000000
10000,1.3,0.4,0.01906685323567485,3.684136148790474,0.005175393217195468,0.4299302440844437,1.2999999999999998,one_minus_s_power,914,True,198.0,198.0,256,1000000
10000,1.3,0.4,0.01906685323567485,3.684136148790474,0.005175393217195468,0.4299302440844437,1.2999999999999998,one_minus_s_power,915,True,1221.0,1221.0,256,1000000
10000,1.3,0.4,0.01906685323567485,3.684136148790474,0.005175393217195468,0.4299302440844437,1.2999999999999998,one_minus_s_power,916,True,1189.0,1189.0,256,1000000
10000,1.3,0.4,0.01906685323567485,3.684136148790474,0.005175393217195468,0.4299302440844437,1.2999999999999998,one_minus_s_power,917,True,497.0,497.0,256,1000000
10000,1.3,0.4,0.01906685323567485,3.684136148790474,0.005175393217195468,0.4299302440844437,1.2999999999999998,one_minus_s_power,918,True,106.0,106.0,256,1000000
10000,1.3,0.4,0.01906685323567485,3.684136148790474,0.005175393217195468,0.4299302440844437,1.2999999999999998,one_minus_s_power,919,True,1754.0,1754.0,256,1000000
10000,1.3,0.4,0.01906685323567485,3.684136148790474,0.005175393217195468,0.4299302440844437,1.2999999999999998,one_minus_s_power,920,True,919.0,919.0,256,1000000
10000,1.3,0.4,0.01906685323567485,3.684136148790474,0.005175393217195468,0.4299302440844437,1.2999999999999998,one_minus_s_power,921,True,1532.0,1532.0,256,1000000
10000,1.3,0.4,0.01906685323567485,3.684136148790474,0.005175393217195468,0.4299302440844437,1.2999999999999998,one_minus_s_power,922,True,359.0,359.0,256,1000000
10000,1.3,0.4,0.01906685323567485,3.684136148790474,0.005175393217195468,0.4299302440844437,1.2999999999999998,one_minus_s_power,923,True,474.0,474.0,256,1000000
10000,1.3,0.4,0.01906685323567485,3.684136148790474,0.005175393217195468,0.4299302440844437,1.2999999999999998,one_minus_s_power,924,True,732.0,732.0,256,1000000
10000,1.3,0.4,0.01906685323567485,3.684136148790474,0.005175393217195468,0.4299302440844437,1.2999999999999998,one_minus_s_power,925,True,227.0,227.0,256,1000000
10000,1.3,0.4,0.01906685323567485,3.684136148790474,0.005175393217195468,0.4299302440844437,1.2999999999999998,one_minus_s_power,926,True,2609.0,2609.0,256,1000000
10000,1.3,0.4,0.01906685323567485,3.684136148790474,0.005175393217195468,0.4299302440844437,1.2999999999999998,one_minus_s_power,927,True,637.0,637.0,256,1000000
10000,1.3,0.4,0.01906685323567485,3.684136148790474,0.005175393217195468,0.4299302440844437,1.2999999999999998,one_minus_s_power,928,True,314.0,314.0,256,1000000
10000,1.3,0.4,0.01906685323567485,3.684136148790474,0.005175393217195468,0.4299302440844437,1.2999999999999998,one_minus_s_power,929,True,1071.0,1071.0,256,1000000
10000,1.3,0.4,0.01906685323567485,3.684136148790474,0.005175393217195468,0.4299302440844437,1.2999999999999998,one_minus_s_power,930,True,3773.0,3773.0,256,1000000
10000,1.3,0.4,0.01906685323567485,3.684136148790474,0.005175393217195468,0.4299302440844437,1.2999999999999998,one_minus_s_power,931,True,1925.0,1925.0,256,1000000
10000,1.3,0.4,0.01906685323567485,3.684136148790474,0.005175393217195468,0.4299302440844437,1.2999999999999998,one_minus_s_power,932,True,2210.0,2210.0,256,1000000
10000,1.3,0.4,0.01906685323567485,3.684136148790474,0.005175393217195468,0.4299302440844437,1.2999999999999998,one_minus_s_power,933,True,1203.0,1203.0,256,1000000
10000,1.3,0.4,0.01906685323567485,3.684136148790474,0.005175393217195468,0.4299302440844437,1.2999999999999998,one_minus_s_power,934,True,558.0,558.0,256,1000000
10000,1.3,0.4,0.01906685323567485,3.684136148790474,0.005175393217195468,0.4299302440844437,1.2999999999999998,one_minus_s_power,935,True,1932.0,1932.0,256,1000000
10000,1.3,0.4,0.01906685323567485,3.684136148790474,0.005175393217195468,0.4299302440844437,1.2999999999999998,one_minus_s_power,936,True,921.0,921.0,256,1000000
10000,1.3,0.4,0.01906685323567485,3.684136148790474,0.005175393217195468,0.4299302440844437,1.2999999999999998,one_minus_s_power,937,True,221.0,221.0,256,1000000
10000,1.3,0.4,0.01906685323567485,3.684136148790474,0.005175393217195468,0.4299302440844437,1.2999999999999998,one_minus_s_power,938,True,1332.0,1332.0,256,1000000
10000,1.3,0.4,0.01906685323567485,3.684136148790474,0.005175393217195468,0.4299302440844437,1.2999999999999998,one_minus_s_power,939,True,258.0,258.0,256,1000000
10000,1.3,0.4,0.01906685323567485,3.684136148790474,0.005175393217195468,0.4299302440844437,1.2999999999999998,one_minus_s_power,940,True,1993.0,1993.0,256,1000000
10000,1.3,0.4,0.01906685323567485,3.684136148790474,0.005175393217195468,0.4299302440844437,1.2999999999999998,one_minus_s_power,941,True,283.0,283.0,256,1000000
10000,1.3,0.4,0.01906685323567485,3.684136148790474,0.005175393217195468,0.4299302440844437,1.2999999999999998,one_minus_s_power,942,True,1212.0,1212.0,256,1000000
10000,1.3,0.4,0.01906685323567485,3.684136148790474,0.005175393217195468,0.4299302440844437,1.2999999999999998,one_minus_s_power,943,True,998.0,998.0,256,1000000
10000,1.3,0.4,0.01906685323567485,3.684136148790474,0.005175393217195468,0.4299302440844437,1.2999999999999998,one_minus_s_power,944,True,4900.0,4900.0,256,1000000
10000,1.3,0.4,0.01906685323567485,3.684136148790474,0.005175393217195468,0.4299302440844437,1.2999999999999998,one_minus_s_power,945,True,748.0,748.0,256,1000000
10000,1.3,0.4,0.01906685323567485,3.684136148790474,0.005175393217195468,0.4299302440844437,1.2999999999999998,one_minus_s_power,946,True,2682.0,2682.0,256,1000000
10000,1.3,0.4,0.01906685323567485,3.684136148790474,0.005175393217195468,0.4299302440844437,1.2999999999999998,one_minus_s_power,947,True,1419.0,1419.0,256,1000000
10000,1.3,0.4,0.01906685323567485,3.684136148790474,0.005175393217195468,0.4299302440844437,1.2999999999999998,one_minus_s_power,948,True,173.0,173.0,256,1000000
10000,1.3,0.4,0.01906685323567485,3.684136148790474,0.005175393217195468,0.4299302440844437,1.2999999999999998,one_minus_s_power,949,True,621.0,621.0,256,1000000
10000,1.3,0.4,0.01906685323567485,3.684136148790474,0.005175393217195468,0.4299302440844437,1.2999999999999998,one_minus_s_power,950,True,2460.0,2460.0,256,1000000
10000,1.3,0.4,0.01906685323567485,3.684136148790474,0.005175393217195468,0.4299302440844437,1.2999999999999998,one_minus_s_power,951,True,423.0,423.0,256,1000000
10000,1.3,0.4,0.01906685323567485,3.684136148790474,0.005175393217195468,0.4299302440844437,1.2999999999999998,one_minus_s_power,952,True,2003.0,2003.0,256,1000000
10000,1.3,0.4,0.01906685323567485,3.684136148790474,0.005175393217195468,0.4299302440844437,1.2999999999999998,one_minus_s_power,953,True,433.0,433.0,256,1000000
10000,1.3,0.4,0.01906685323567485,3.684136148790474,0.005175393217195468,0.4299302440844437,1.2999999999999998,one_minus_s_power,954,True,530.0,530.0,256,1000000
10000,1.3,0.4,0.01906685323567485,3.684136148790474,0.005175393217195468,0.4299302440844437,1.2999999999999998,one_minus_s_power,955,True,664.0,664.0,256,1000000
10000,1.3,0.4,0.01906685323567485,3.684136148790474,0.005175393217195468,0.4299302440844437,1.2999999999999998,one_minus_s_power,956,True,339.0,339.0,256,1000000
10000,1.3,0.4,0.01906685323567485,3.684136148790474,0.005175393217195468,0.4299302440844437,1.2999999999999998,one_minus_s_power,957,True,719.0,719.0,256,1000000
10000,1.3,0.4,0.01906685323567485,3.684136148790474,0.005175393217195468,0.4299302440844437,1.2999999999999998,one_minus_s_power,958,True,823.0,823.0,256,1000000
10000,1.3,0.4,0.01906685323567485,3.684136148790474,0.005175393217195468,0.4299302440844437,1.2999999999999998,one_minus_s_power,959,True,1096.0,1096.0,256,1000000
10000,1.3,0.4,0.01906685323567485,3.684136148790474,0.005175393217195468,0.4299302440844437,1.2999999999999998,one_minus_s_power,960,True,539.0,539.0,256,1000000
10000,1.3,0.4,0.01906685323567485,3.684136148790474,0.005175393217195468,0.4299302440844437,1.2999999999999998,one_minus_s_power,961,True,205.0,205.0,256,1000000
10000,1.3,0.4,0.01906685323567485,3.684136148790474,0.005175393217195468,0.4299302440844437,1.2999999999999998,one_minus_s_power,962,True,1318.0,1318.0,256,1000000
10000,1.3,0.4,0.01906685323567485,3.684136148790474,0.005175393217195468,0.4299302440844437,1.2999999999999998,one_minus_s_power,963,True,467.0,467.0,256,1000000
10000,1.3,0.4,0.01906685323567485,3.684136148790474,0.005175393217195468,0.4299302440844437,1.2999999999999998,one_minus_s_power,964,True,149.0,149.0,256,1000000
10000,1.3,0.4,0.01906685323567485,3.684136148790474,0.005175393217195468,0.4299302440844437,1.2999999999999998,one_minus_s_power,965,True,171.0,171.0,256,1000000
10000,1.3,0.4,0.01906685323567485,3.684136148790474,0.005175393217195468,0.4299302440844437,1.2999999999999998,one_minus_s_power,966,True,1783.0,1783.0,256,1000000
10000,1.3,0.4,0.01906685323567485,3.684136148790474,0.005175393217195468,0.4299302440844437,1.2999999999999998,one_minus_s_power,967,True,1455.0,1455.0,256,1000000
10000,1.3,0.4,0.01906685323567485,3.684136148790474,0.005175393217195468,0.4299302440844437,1.2999999999999998,one_minus_s_power,968,True,2304.0,2304.0,256,1000000
10000,1.3,0.4,0.01906685323567485,3.684136148790474,0.005175393217195468,0.4299302440844437,1.2999999999999998,one_minus_s_power,969,True,918.0,918.0,256,1000000
10000,1.3,0.4,0.01906685323567485,3.684136148790474,0.005175393217195468,0.4299302440844437,1.2999999999999998,one_minus_s_power,970,True,614.0,614.0,256,1000000
10000,1.3,0.4,0.01906685323567485,3.684136148790474,0.005175393217195468,0.4299302440844437,1.2999999999999998,one_minus_s_power,971,True,817.0,817.0,256,1000000
10000,1.3,0.4,0.01906685323567485,3.684136148790474,0.005175393217195468,0.4299302440844437,1.2999999999999998,one_minus_s_power,972,True,702.0,702.0,256,1000000
10000,1.3,0.4,0.01906685323567485,3.684136148790474,0.005175393217195468,0.4299302440844437,1.2999999999999998,one_minus_s_power,973,True,1788.0,1788.0,256,1000000
10000,1.3,0.4,0.01906685323567485,3.684136148790474,0.005175393217195468,0.4299302440844437,1.2999999999999998,one_minus_s_power,974,True,1752.0,1752.0,256,1000000
10000,1.3,0.4,0.01906685323567485,3.684136148790474,0.005175393217195468,0.4299302440844437,1.2999999999999998,one_minus_s_power,975,True,828.0,828.0,256,1000000
10000,1.3,0.4,0.01906685323567485,3.684136148790474,0.005175393217195468,0.4299302440844437,1.2999999999999998,one_minus_s_power,976,True,1022.0,1022.0,256,1000000
10000,1.3,0.4,0.01906685323567485,3.684136148790474,0.005175393217195468,0.4299302440844437,1.2999999999999998,one_minus_s_power,977,True,1879.0,1879.0,256,1000000
10000,1.3,0.4,0.01906685323567485,3.684136148790474,0.005175393217195468,0.4299302440844437,1.2999999999999998,one_minus_s_power,978,True,1969.0,1969.0,256,1000000
10000,1.3,0.4,0.01906685323567485,3.684136148790474,0.005175393217195468,0.4299302440844437,1.2999999999999998,one_minus_s_power,979,True,397.0,397.0,256,1000000
10000,1.3,0.4,0.01906685323567485,3.684136148790474,0.005175393217195468,0.4299302440844437,1.2999999999999998,one_minus_s_power,980,True,1704.0,1704.0,256,1000000
10000,1.3,0.4,0.01906685323567485,3.684136148790474,0.005175393217195468,0.4299302440844437,1.2999999999999998,one_minus_s_power,981,True,878.0,878.0,256,1000000
10000,1.3,0.4,0.01906685323567485,3.684136148790474,0.005175393217195468,0.4299302440844437,1.2999999999999998,one_minus_s_power,982,True,170.0,170.0,256,1000000
10000,1.3,0.4,0.01906685323567485,3.684136148790474,0.005175393217195468,0.4299302440844437,1.2999999999999998,one_minus_s_power,983,True,393.0,393.0,256,1000000
10000,1.3,0.4,0.01906685323567485,3.684136148790474,0.005175393217195468,0.4299302440844437,1.2999999999999998,one_minus_s_power,984,True,1896.0,1896.0,256,1000000
10000,1.3,0.4,0.01906685323567485,3.684136148790474,0.005175393217195468,0.4299302440844437,1.2999999999999998,one_minus_s_power,985,True,1529.0,1529.0,256,1000000
10000,1.3,0.4,0.01906685323567485,3.684136148790474,0.005175393217195468,0.4299302440844437,1.2999999999999998,one_minus_s_power,986,True,381.0,381.0,256,1000000
10000,1.3,0.4,0.01906685323567485,3.684136148790474,0.005175393217195468,0.4299302440844437,1.2999999999999998,one_minus_s_power,987,True,154.0,154.0,256,1000000
10000,1.3,0.4,0.01906685323567485,3.684136148790474,0.005175393217195468,0.4299302440844437,1.2999999999999998,one_minus_s_power,988,True,2411.0,2411.0,256,1000000
10000,1.3,0.4,0.01906685323567485,3.684136148790474,0.005175393217195468,0.4299302440844437,1.2999999999999998,one_minus_s_power,989,True,169.0,169.0,256,1000000
10000,1.3,0.4,0.01906685323567485,3.684136148790474,0.005175393217195468,0.4299302440844437,1.2999999999999998,one_minus_s_power,990,True,527.0,527.0,256,1000000
10000,1.3,0.4,0.01906685323567485,3.684136148790474,0.005175393217195468,0.4299302440844437,1.2999999999999998,one_minus_s_power,991,True,437.0,437.0,256,1000000
10000,1.3,0.4,0.01906685323567485,3.684136148790474,0.005175393217195468,0.4299302440844437,1.2999999999999998,one_minus_s_power,992,True,1277.0,1277.0,256,1000000
10000,1.3,0.4,0.01906685323567485,3.684136148790474,0.005175393217195468,0.4299302440844437,1.2999999999999998,one_minus_s_power,993,True,611.0,611.0,256,1000000
10000,1.3,0.4,0.01906685323567485,3.684136148790474,0.005175393217195468,0.4299302440844437,1.2999999999999998,one_minus_s_power,994,True,427.0,427.0,256,1000000
10000,1.3,0.4,0.01906685323567485,3.684136148790474,0.005175393217195468,0.4299302440844437,1.2999999999999998,one_minus_s_power,995,True,208.0,208.0,256,1000000
10000,1.3,0.4,0.01906685323567485,3.684136148790474,0.005175393217195468,0.4299302440844437,1.2999999999999998,one_minus_s_power,996,True,925.0,925.0,256,1000000
10000,1.3,0.4,0.01906685323567485,3.684136148790474,0.005175393217195468,0.4299302440844437,1.2999999999999998,one_minus_s_power,997,True,1497.0,1497.0,256,1000000
10000,1.3,0.4,0.01906685323567485,3.684136148790474,0.005175393217195468,0.4299302440844437,1.2999999999999998,one_minus_s_power,998,True,308.0,308.0,256,1000000
10000,1.3,0.4,0.01906685323567485,3.684136148790474,0.005175393217195468,0.4299302440844437,1.2999999999999998,one_minus_s_power,999,True,2969.0,2969.0,256,1000000
