N,psi,delta,u,u_div_s,s,effective_beta,psi_check,selection_mode,path_index,hit_x0_zero,t_0,first_loss_time,num_classes,T_MAX
10000,5.0,0.2,0.005811331902860811,1.842068074395237,0.0031547867224009673,0.5589310799931435,4.999999999999999,one_minus_s_power,0,True,4840.0,4840.0,256,1000000
10000,5.0,0.2,0.005811331902860811,1.842068074395237,0.0031547867224009673,0.5589310799931435,4.999999999999999,one_minus_s_power,1,True,19595.0,19595.0,256,1000000
10000,5.0,0.2,0.005811331902860811,1.842068074395237,0.0031547867224009673,0.5589310799931435,4.999999999999999,one_minus_s_power,2,True,16269.0,16269.0,256,1000000
10000,5.0,0.2,0.005811331902860811,1.842068074395237,0.0031547867224009673,0.5589310799931435,4.999999999999999,one_minus_s_power,3,True,35586.0,35586.0,256,1000000
10000,5.0,0.2,0.005811331902860811,1.842068074395237,0.0031547867224009673,0.5589310799931435,4.999999999999999,one_minus_s_power,4,True,13875.0,13875.0,256,1000000
10000,5.0,0.2,0.005811331902860811,1.842068074395237,0.0031547867224009673,0.5589310799931435,4.999999999999999,one_minus_s_power,5,True,74980.0,74980.0,256,1000000
10000,5.0,0.2,0.005811331902860811,1.842068074395237,0.0031547867224009673,0.5589310799931435,4.999999999999999,one_minus_s_power,6,True,13624.0,13624.0,256,1000000
10000,5.0,0.2,0.005811331902860811,1.842068074395237,0.0031547867224009673,0.5589310799931435,4.999999999999999,one_minus_s_power,7,True,15416.0,15416.0,256,1000000
10000,5.0,0.2,0.005811331902860811,1.842068074395237,0.0031547867224009673,0.5589310799931435,4.999999999999999,one_minus_s_power,8,True,40811.0,40811.0,256,1000000
10000,5.0,0.2,0.005811331902860811,1.842068074395237,0.0031547867224009673,0.5589310799931435,4.999999999999999,one_minus_s_power,9,True,26243.0,26243.0,256,1000000
10000,5.0,0.2,0.005811331902860811,1.842068074395237,0.0031547867224009673,0.5589310799931435,4.999999999999999,one_minus_s_power,10,True,77615.0,77615.0,256,1000000
10000,5.0,0.2,0.005811331902860811,1.842068074395237,0.0031547867224009673,0.5589310799931435,4.999999999999999,one_minus_s_power,11,True,14400.0,14400.0,256,1000000
10000,5.0,0.2,0.005811331902860811,1.842068074395237,0.0031547867224009673,0.5589310799931435,4.999999999999999,one_minus_s_power,12,True,35287.0,35287.0,256,1000000
10000,5.0,0.2,0.005811331902860811,1.842068074395237,0.0031547867224009673,0.5589310799931435,4.999999999999999,one_minus_s_power,13,True,44829.0,44829.0,256,1000000
10000,5.0,0.2,0.005811331902860811,1.842068074395237,0.0031547867224009673,0.5589310799931435,4.999999999999999,one_minus_s_power,14,True,5387.0,5387.0,256,1000000
10000,5.0,0.2,0.005811331902860811,1.842068074395237,0.0031547867224009673,0.5589310799931435,4.999999999999999,one_minus_s_power,15,True,21444.0,21444.0,256,1000000
10000,5.0,0.2,0.005811331902860811,1.842068074395237,0.0031547867224009673,0.5589310799931435,4.999999999999999,one_minus_s_power,16,True,7796.0,7796.0,256,1000000
10000,5.0,0.2,0.005811331902860811,1.842068074395237,0.0031547867224009673,0.5589310799931435,4.999999999999999,one_minus_s_power,17,True,17015.0,17015.0,256,1000000
10000,5.0,0.2,0.005811331902860811,1.842068074395237,0.0031547867224009673,0.5589310799931435,4.999999999999999,one_minus_s_power,18,True,3756.0,3756.0,256,1000000
10000,5.0,0.2,0.005811331902860811,1.842068074395237,0.0031547867224009673,0.5589310799931435,4.999999999999999,one_minus_s_power,19,True,44639.0,44639.0,256,1000000
10000,5.0,0.2,0.005811331902860811,1.842068074395237,0.0031547867224009673,0.5589310799931435,4.999999999999999,one_minus_s_power,20,True,59895.0,59895.0,256,1000000
10000,5.0,0.2,0.005811331902860811,1.842068074395237,0.0031547867224009673,0.5589310799931435,4.999999999999999,one_minus_s_power,21,True,48291.0,48291.0,256,1000000
10000,5.0,0.2,0.005811331902860811,1.842068074395237,0.0031547867224009673,0.5589310799931435,4.999999999999999,one_minus_s_power,22,True,5004.0,5004.0,256,1000000
10000,5.0,0.2,0.005811331902860811,1.842068074395237,0.0031547867224009673,0.5589310799931435,4.999999999999999,one_minus_s_power,23,True,24307.0,24307.0,256,1000000
10000,5.0,0.2,0.005811331902860811,1.842068074395237,0.0031547867224009673,0.5589310799931435,4.999999999999999,one_minus_s_power,24,True,13537.0,13537.0,256,1000000
10000,5.0,0.2,0.005811331902860811,1.842068074395237,0.0031547867224009673,0.5589310799931435,4.999999999999999,one_minus_s_power,25,True,15852.0,15852.0,256,1000000
10000,5.0,0.2,0.005811331902860811,1.842068074395237,0.0031547867224009673,0.5589310799931435,4.999999999999999,one_minus_s_power,26,True,62115.0,62115.0,256,1000000
10000,5.0,0.2,0.005811331902860811,1.842068074395237,0.0031547867224009673,0.5589310799931435,4.999999999999999,one_minus_s_power,27,True,44379.0,44379.0,256,1000000
10000,5.0,0.2,0.005811331902860811,1.842068074395237,0.0031547867224009673,0.5589310799931435,4.999999999999999,one_minus_s_power,28,True,8827.0,8827.0,256,1000000
10000,5.0,0.2,0.005811331902860811,1.842068074395237,0.0031547867224009673,0.5589310799931435,4.999999999999999,one_minus_s_power,29,True,2670.0,2670.0,256,1000000
10000,5.0,0.2,0.005811331902860811,1.842068074395237,0.0031547867224009673,0.5589310799931435,4.999999999999999,one_minus_s_power,30,True,10440.0,10440.0,256,1000000
10000,5.0,0.2,0.005811331902860811,1.842068074395237,0.0031547867224009673,0.5589310799931435,4.999999999999999,one_minus_s_power,31,True,60276.0,60276.0,256,1000000
10000,5.0,0.2,0.005811331902860811,1.842068074395237,0.0031547867224009673,0.5589310799931435,4.999999999999999,one_minus_s_power,32,True,3777.0,3777.0,256,1000000
10000,5.0,0.2,0.005811331902860811,1.842068074395237,0.0031547867224009673,0.5589310799931435,4.999999999999999,one_minus_s_power,33,True,5872.0,5872.0,256,1000000
10000,5.0,0.2,0.005811331902860811,1.842068074395237,0.0031547867224009673,0.5589310799931435,4.999999999999999,one_minus_s_power,34,True,18209.0,18209.0,256,1000000
10000,5.0,0.2,0.005811331902860811,1.842068074395237,0.0031547867224009673,0.5589310799931435,4.999999999999999,one_minus_s_power,35,True,34397.0,34397.0,256,1000000
10000,5.0,0.2,0.005811331902860811,1.842068074395237,0.0031547867224009673,0.5589310799931435,4.999999999999999,one_minus_s_power,36,True,20891.0,20891.0,256,1000000
10000,5.0,0.2,0.005811331902860811,1.842068074395237,0.0031547867224009673,0.5589310799931435,4.999999999999999,one_minus_s_power,37,True,32261.0,32261.0,256,1000000
10000,5.0,0.2,0.005811331902860811,1.842068074395237,0.0031547867224009673,0.5589310799931435,4.999999999999999,one_minus_s_power,38,True,17016.0,17016.0,256,1000000
10000,5.0,0.2,0.005811331902860811,1.842068074395237,0.0031547867224009673,0.5589310799931435,4.999999999999999,one_minus_s_power,39,True,23916.0,23916.0,256,1000000
10000,5.0,0.2,0.005811331902860811,1.842068074395237,0.0031547867224009673,0.5589310799931435,4.999999999999999,one_minus_s_power,40,True,27883.0,27883.0,256,1000000
10000,5.0,0.2,0.005811331902860811,1.842068074395237,0.0031547867224009673,0.5589310799931435,4.999999999999999,one_minus_s_power,41,True,2565.0,2565.0,256,1000000
10000,5.0,0.2,0.005811331902860811,1.842068074395237,0.0031547867224009673,0.5589310799931435,4.999999999999999,one_minus_s_power,42,True,38444.0,38444.0,256,1000000
10000,5.0,0.2,0.005811331902860811,1.842068074395237,0.0031547867224009673,0.5589310799931435,4.999999999999999,one_minus_s_power,43,True,13719.0,13719.0,256,1000000
10000,5.0,0.2,0.005811331902860811,1.842068074395237,0.0031547867224009673,0.5589310799931435,4.999999999999999,one_minus_s_power,44,True,2192.0,2192.0,256,1000000
10000,5.0,0.2,0.005811331902860811,1.842068074395237,0.0031547867224009673,0.5589310799931435,4.999999999999999,one_minus_s_power,45,True,22832.0,22832.0,256,1000000
10000,5.0,0.2,0.005811331902860811,1.842068074395237,0.0031547867224009673,0.5589310799931435,4.999999999999999,one_minus_s_power,46,True,3045.0,3045.0,256,1000000
10000,5.0,0.2,0.005811331902860811,1.842068074395237,0.0031547867224009673,0.5589310799931435,4.999999999999999,one_minus_s_power,47,True,22678.0,22678.0,256,1000000
10000,5.0,0.2,0.005811331902860811,1.842068074395237,0.0031547867224009673,0.5589310799931435,4.999999999999999,one_minus_s_power,48,True,41093.0,41093.0,256,1000000
10000,5.0,0.2,0.005811331902860811,1.842068074395237,0.0031547867224009673,0.5589310799931435,4.999999999999999,one_minus_s_power,49,True,58029.0,58029.0,256,1000000
10000,5.0,0.2,0.005811331902860811,1.842068074395237,0.0031547867224009673,0.5589310799931435,4.999999999999999,one_minus_s_power,50,True,2505.0,2505.0,256,1000000
10000,5.0,0.2,0.005811331902860811,1.842068074395237,0.0031547867224009673,0.5589310799931435,4.999999999999999,one_minus_s_power,51,True,18103.0,18103.0,256,1000000
10000,5.0,0.2,0.005811331902860811,1.842068074395237,0.0031547867224009673,0.5589310799931435,4.999999999999999,one_minus_s_power,52,True,24062.0,24062.0,256,1000000
10000,5.0,0.2,0.005811331902860811,1.842068074395237,0.0031547867224009673,0.5589310799931435,4.999999999999999,one_minus_s_power,53,True,4713.0,4713.0,256,1000000
10000,5.0,0.2,0.005811331902860811,1.842068074395237,0.0031547867224009673,0.5589310799931435,4.999999999999999,one_minus_s_power,54,True,7997.0,7997.0,256,1000000
10000,5.0,0.2,0.005811331902860811,1.842068074395237,0.0031547867224009673,0.5589310799931435,4.999999999999999,one_minus_s_power,55,True,9614.0,9614.0,256,1000000
10000,5.0,0.2,0.005811331902860811,1.842068074395237,0.0031547867224009673,0.5589310799931435,4.999999999999999,one_minus_s_power,56,True,14115.0,14115.0,256,1000000
10000,5.0,0.2,0.005811331902860811,1.842068074395237,0.0031547867224009673,0.5589310799931435,4.999999999999999,one_minus_s_power,57,True,22735.0,22735.0,256,1000000
10000,5.0,0.2,0.005811331902860811,1.842068074395237,0.0031547867224009673,0.5589310799931435,4.999999999999999,one_minus_s_power,58,True,2608.0,2608.0,256,1000000
10000,5.0,0.2,0.005811331902860811,1.842068074395237,0.0031547867224009673,0.5589310799931435,4.999999999999999,one_minus_s_power,59,True,11536.0,11536.0,256,1000000
10000,5.0,0.2,0.005811331902860811,1.842068074395237,0.0031547867224009673,0.5589310799931435,4.999999999999999,one_minus_s_power,60,True,24395.0,24395.0,256,1000000
10000,5.0,0.2,0.005811331902860811,1.842068074395237,0.0031547867224009673,0.5589310799931435,4.999999999999999,one_minus_s_power,61,True,5793.0,5793.0,256,1000000
10000,5.0,0.2,0.005811331902860811,1.842068074395237,0.0031547867224009673,0.5589310799931435,4.999999999999999,one_minus_s_power,62,True,26196.0,26196.0,256,1000000
10000,5.0,0.2,0.005811331902860811,1.842068074395237,0.0031547867224009673,0.5589310799931435,4.999999999999999,one_minus_s_power,63,True,13136.0,13136.0,256,1000000
10000,5.0,0.2,0.005811331902860811,1.842068074395237,0.0031547867224009673,0.5589310799931435,4.999999999999999,one_minus_s_power,64,True,18177.0,18177.0,256,1000000
10000,5.0,0.2,0.005811331902860811,1.842068074395237,0.0031547867224009673,0.5589310799931435,4.999999999999999,one_minus_s_power,65,True,15290.0,15290.0,256,1000000
10000,5.0,0.2,0.005811331902860811,1.842068074395237,0.0031547867224009673,0.5589310799931435,4.999999999999999,one_minus_s_power,66,True,16850.0,16850.0,256,1000000
10000,5.0,0.2,0.005811331902860811,1.842068074395237,0.0031547867224009673,0.5589310799931435,4.999999999999999,one_minus_s_power,67,True,7396.0,7396.0,256,1000000
10000,5.0,0.2,0.005811331902860811,1.842068074395237,0.0031547867224009673,0.5589310799931435,4.999999999999999,one_minus_s_power,68,True,13613.0,13613.0,256,1000000
10000,5.0,0.2,0.005811331902860811,1.842068074395237,0.0031547867224009673,0.5589310799931435,4.999999999999999,one_minus_s_power,69,True,61751.0,61751.0,256,1000000
10000,5.0,0.2,0.005811331902860811,1.842068074395237,0.0031547867224009673,0.5589310799931435,4.999999999999999,one_minus_s_power,70,True,33690.0,33690.0,256,1000000
10000,5.0,0.2,0.005811331902860811,1.842068074395237,0.0031547867224009673,0.5589310799931435,4.999999999999999,one_minus_s_power,71,True,57419.0,57419.0,256,1000000
10000,5.0,0.2,0.005811331902860811,1.842068074395237,0.0031547867224009673,0.5589310799931435,4.999999999999999,one_minus_s_power,72,True,17867.0,17867.0,256,1000000
10000,5.0,0.2,0.005811331902860811,1.842068074395237,0.0031547867224009673,0.5589310799931435,4.999999999999999,one_minus_s_power,73,True,48697.0,48697.0,256,1000000
10000,5.0,0.2,0.005811331902860811,1.842068074395237,0.0031547867224009673,0.5589310799931435,4.999999999999999,one_minus_s_power,74,True,55452.0,55452.0,256,1000000
10000,5.0,0.2,0.005811331902860811,1.842068074395237,0.0031547867224009673,0.5589310799931435,4.999999999999999,one_minus_s_power,75,True,79515.0,79515.0,256,1000000
10000,5.0,0.2,0.005811331902860811,1.842068074395237,0.0031547867224009673,0.5589310799931435,4.999999999999999,one_minus_s_power,76,True,9758.0,9758.0,256,1000000
10000,5.0,0.2,0.005811331902860811,1.842068074395237,0.0031547867224009673,0.5589310799931435,4.999999999999999,one_minus_s_power,77,True,58005.0,58005.0,256,1000000
10000,5.0,0.2,0.005811331902860811,1.842068074395237,0.0031547867224009673,0.5589310799931435,4.999999999999999,one_minus_s_power,78,True,5783.0,5783.0,256,1000000
10000,5.0,0.2,0.005811331902860811,1.842068074395237,0.0031547867224009673,0.5589310799931435,4.999999999999999,one_minus_s_power,79,True,15675.0,15675.0,256,1000000
10000,5.0,0.2,0.005811331902860811,1.842068074395237,0.0031547867224009673,0.5589310799931435,4.999999999999999,one_minus_s_power,80,True,67493.0,67493.0,256,1000000
10000,5.0,0.2,0.005811331902860811,1.842068074395237,0.0031547867224009673,0.5589310799931435,4.999999999999999,one_minus_s_power,81,True,1568.0,1568.0,256,1000000
10000,5.0,0.2,0.005811331902860811,1.842068074395237,0.0031547867224009673,0.5589310799931435,4.999999999999999,one_minus_s_power,82,True,51452.0,51452.0,256,1000000
10000,5.0,0.2,0.005811331902860811,1.842068074395237,0.0031547867224009673,0.5589310799931435,4.999999999999999,one_minus_s_power,83,True,9034.0,9034.0,256,1000000
10000,5.0,0.2,0.005811331902860811,1.842068074395237,0.0031547867224009673,0.5589310799931435,4.999999999999999,one_minus_s_power,84,True,44629.0,44629.0,256,1000000
10000,5.0,0.2,0.005811331902860811,1.842068074395237,0.0031547867224009673,0.5589310799931435,4.999999999999999,one_minus_s_power,85,True,27739.0,27739.0,256,1000000
10000,5.0,0.2,0.005811331902860811,1.842068074395237,0.0031547867224009673,0.5589310799931435,4.999999999999999,one_minus_s_power,86,True,47030.0,47030.0,256,1000000
10000,5.0,0.2,0.005811331902860811,1.842068074395237,0.0031547867224009673,0.5589310799931435,4.999999999999999,one_minus_s_power,87,True,31892.0,31892.0,256,1000000
10000,5.0,0.2,0.005811331902860811,1.842068074395237,0.0031547867224009673,0.5589310799931435,4.999999999999999,one_minus_s_power,88,True,16269.0,16269.0,256,1000000
10000,5.0,0.2,0.005811331902860811,1.842068074395237,0.0031547867224009673,0.5589310799931435,4.999999999999999,one_minus_s_power,89,True,29202.0,29202.0,256,1000000
10000,5.0,0.2,0.005811331902860811,1.842068074395237,0.0031547867224009673,0.5589310799931435,4.999999999999999,one_minus_s_power,90,True,4687.0,4687.0,256,1000000
10000,5.0,0.2,0.005811331902860811,1.842068074395237,0.0031547867224009673,0.5589310799931435,4.999999999999999,one_minus_s_power,91,True,22595.0,22595.0,256,1000000
10000,5.0,0.2,0.005811331902860811,1.842068074395237,0.0031547867224009673,0.5589310799931435,4.999999999999999,one_minus_s_power,92,True,51020.0,51020.0,256,1000000
10000,5.0,0.2,0.005811331902860811,1.842068074395237,0.0031547867224009673,0.5589310799931435,4.999999999999999,one_minus_s_power,93,True,39838.0,39838.0,256,1000000
10000,5.0,0.2,0.005811331902860811,1.842068074395237,0.0031547867224009673,0.5589310799931435,4.999999999999999,one_minus_s_power,94,True,5671.0,5671.0,256,1000000
10000,5.0,0.2,0.005811331902860811,1.842068074395237,0.0031547867224009673,0.5589310799931435,4.999999999999999,one_minus_s_power,95,True,49881.0,49881.0,256,1000000
10000,5.0,0.2,0.005811331902860811,1.842068074395237,0.0031547867224009673,0.5589310799931435,4.999999999999999,one_minus_s_power,96,True,43249.0,43249.0,256,1000000
10000,5.0,0.2,0.005811331902860811,1.842068074395237,0.0031547867224009673,0.5589310799931435,4.999999999999999,one_minus_s_power,97,True,14958.0,14958.0,256,1000000
10000,5.0,0.2,0.005811331902860811,1.842068074395237,0.0031547867224009673,0.5589310799931435,4.999999999999999,one_minus_s_power,98,True,15714.0,15714.0,256,1000000
10000,5.0,0.2,0.005811331902860811,1.842068074395237,0.0031547867224009673,0.5589310799931435,4.999999999999999,one_minus_s_power,99,True,23409.0,23409.0,256,1000000
10000,5.0,0.2,0.005811331902860811,1.842068074395237,0.0031547867224009673,0.5589310799931435,4.999999999999999,one_minus_s_power,100,True,18962.0,18962.0,256,1000000
10000,5.0,0.2,0.005811331902860811,1.842068074395237,0.0031547867224009673,0.5589310799931435,4.999999999999999,one_minus_s_power,101,True,11318.0,11318.0,256,1000000
10000,5.0,0.2,0.005811331902860811,1.842068074395237,0.0031547867224009673,0.5589310799931435,4.999999999999999,one_minus_s_power,102,True,6103.0,6103.0,256,1000000
10000,5.0,0.2,0.005811331902860811,1.842068074395237,0.0031547867224009673,0.5589310799931435,4.999999999999999,one_minus_s_power,103,True,56870.0,56870.0,256,1000000
10000,5.0,0.2,0.005811331902860811,1.842068074395237,0.0031547867224009673,0.5589310799931435,4.999999999999999,one_minus_s_power,104,True,14544.0,14544.0,256,1000000
10000,5.0,0.2,0.005811331902860811,1.842068074395237,0.0031547867224009673,0.5589310799931435,4.999999999999999,one_minus_s_power,105,True,1459.0,1459.0,256,1000000
10000,5.0,0.2,0.005811331902860811,1.842068074395237,0.0031547867224009673,0.5589310799931435,4.999999999999999,one_minus_s_power,106,True,9702.0,9702.0,256,1000000
10000,5.0,0.2,0.005811331902860811,1.842068074395237,0.0031547867224009673,0.5589310799931435,4.999999999999999,one_minus_s_power,107,True,24056.0,24056.0,256,1000000
10000,5.0,0.2,0.005811331902860811,1.842068074395237,0.0031547867224009673,0.5589310799931435,4.999999999999999,one_minus_s_power,108,True,26637.0,26637.0,256,1000000
10000,5.0,0.2,0.005811331902860811,1.842068074395237,0.0031547867224009673,0.5589310799931435,4.999999999999999,one_minus_s_power,109,True,1957.0,1957.0,256,1000000
10000,5.0,0.2,0.005811331902860811,1.842068074395237,0.0031547867224009673,0.5589310799931435,4.999999999999999,one_minus_s_power,110,True,8531.0,8531.0,256,1000000
10000,5.0,0.2,0.005811331902860811,1.842068074395237,0.0031547867224009673,0.5589310799931435,4.999999999999999,one_minus_s_power,111,True,30137.0,30137.0,256,1000000
10000,5.0,0.2,0.005811331902860811,1.842068074395237,0.0031547867224009673,0.5589310799931435,4.999999999999999,one_minus_s_power,112,True,23178.0,23178.0,256,1000000
10000,5.0,0.2,0.005811331902860811,1.842068074395237,0.0031547867224009673,0.5589310799931435,4.999999999999999,one_minus_s_power,113,True,3820.0,3820.0,256,1000000
10000,5.0,0.2,0.005811331902860811,1.842068074395237,0.0031547867224009673,0.5589310799931435,4.999999999999999,one_minus_s_power,114,True,21781.0,21781.0,256,1000000
10000,5.0,0.2,0.005811331902860811,1.842068074395237,0.0031547867224009673,0.5589310799931435,4.999999999999999,one_minus_s_power,115,True,16338.0,16338.0,256,1000000
10000,5.0,0.2,0.005811331902860811,1.842068074395237,0.0031547867224009673,0.5589310799931435,4.999999999999999,one_minus_s_power,116,True,5442.0,5442.0,256,1000000
10000,5.0,0.2,0.005811331902860811,1.842068074395237,0.0031547867224009673,0.5589310799931435,4.999999999999999,one_minus_s_power,117,True,7565.0,7565.0,256,1000000
10000,5.0,0.2,0.005811331902860811,1.842068074395237,0.0031547867224009673,0.5589310799931435,4.999999999999999,one_minus_s_power,118,True,1062.0,1062.0,256,1000000
10000,5.0,0.2,0.005811331902860811,1.842068074395237,0.0031547867224009673,0.5589310799931435,4.999999999999999,one_minus_s_power,119,True,39909.0,39909.0,256,1000000
10000,5.0,0.2,0.005811331902860811,1.842068074395237,0.0031547867224009673,0.5589310799931435,4.999999999999999,one_minus_s_power,120,True,8078.0,8078.0,256,1000000
10000,5.0,0.2,0.005811331902860811,1.842068074395237,0.0031547867224009673,0.5589310799931435,4.999999999999999,one_minus_s_power,121,True,36149.0,36149.0,256,1000000
10000,5.0,0.2,0.005811331902860811,1.842068074395237,0.0031547867224009673,0.5589310799931435,4.999999999999999,one_minus_s_power,122,True,4327.0,4327.0,256,1000000
10000,5.0,0.2,0.005811331902860811,1.842068074395237,0.0031547867224009673,0.5589310799931435,4.999999999999999,one_minus_s_power,123,True,24007.0,24007.0,256,1000000
10000,5.0,0.2,0.005811331902860811,1.842068074395237,0.0031547867224009673,0.5589310799931435,4.999999999999999,one_minus_s_power,124,True,163925.0,163925.0,256,1000000
10000,5.0,0.2,0.005811331902860811,1.842068074395237,0.0031547867224009673,0.5589310799931435,4.999999999999999,one_minus_s_power,125,True,60274.0,60274.0,256,1000000
10000,5.0,0.2,0.005811331902860811,1.842068074395237,0.0031547867224009673,0.5589310799931435,4.999999999999999,one_minus_s_power,126,True,9840.0,9840.0,256,1000000
10000,5.0,0.2,0.005811331902860811,1.842068074395237,0.0031547867224009673,0.5589310799931435,4.999999999999999,one_minus_s_power,127,True,2400.0,2400.0,256,1000000
10000,5.0,0.2,0.005811331902860811,1.842068074395237,0.0031547867224009673,0.5589310799931435,4.999999999999999,one_minus_s_power,128,True,2284.0,2284.0,256,1000000
10000,5.0,0.2,0.005811331902860811,1.842068074395237,0.0031547867224009673,0.5589310799931435,4.999999999999999,one_minus_s_power,129,True,13214.0,13214.0,256,1000000
10000,5.0,0.2,0.005811331902860811,1.842068074395237,0.0031547867224009673,0.5589310799931435,4.999999999999999,one_minus_s_power,130,True,46236.0,46236.0,256,1000000
10000,5.0,0.2,0.005811331902860811,1.842068074395237,0.0031547867224009673,0.5589310799931435,4.999999999999999,one_minus_s_power,131,True,20623.0,20623.0,256,1000000
10000,5.0,0.2,0.005811331902860811,1.842068074395237,0.0031547867224009673,0.5589310799931435,4.999999999999999,one_minus_s_power,132,True,813.0,813.0,256,1000000
10000,5.0,0.2,0.005811331902860811,1.842068074395237,0.0031547867224009673,0.5589310799931435,4.999999999999999,one_minus_s_power,133,True,16391.0,16391.0,256,1000000
10000,5.0,0.2,0.005811331902860811,1.842068074395237,0.0031547867224009673,0.5589310799931435,4.999999999999999,one_minus_s_power,134,True,63406.0,63406.0,256,1000000
10000,5.0,0.2,0.005811331902860811,1.842068074395237,0.0031547867224009673,0.5589310799931435,4.999999999999999,one_minus_s_power,135,True,7943.0,7943.0,256,1000000
10000,5.0,0.2,0.005811331902860811,1.842068074395237,0.0031547867224009673,0.5589310799931435,4.999999999999999,one_minus_s_power,136,True,9128.0,9128.0,256,1000000
10000,5.0,0.2,0.005811331902860811,1.842068074395237,0.0031547867224009673,0.5589310799931435,4.999999999999999,one_minus_s_power,137,True,34237.0,34237.0,256,1000000
10000,5.0,0.2,0.005811331902860811,1.842068074395237,0.0031547867224009673,0.5589310799931435,4.999999999999999,one_minus_s_power,138,True,84427.0,84427.0,256,1000000
10000,5.0,0.2,0.005811331902860811,1.842068074395237,0.0031547867224009673,0.5589310799931435,4.999999999999999,one_minus_s_power,139,True,1122.0,1122.0,256,1000000
10000,5.0,0.2,0.005811331902860811,1.842068074395237,0.0031547867224009673,0.5589310799931435,4.999999999999999,one_minus_s_power,140,True,18639.0,18639.0,256,1000000
10000,5.0,0.2,0.005811331902860811,1.842068074395237,0.0031547867224009673,0.5589310799931435,4.999999999999999,one_minus_s_power,141,True,39980.0,39980.0,256,1000000
10000,5.0,0.2,0.005811331902860811,1.842068074395237,0.0031547867224009673,0.5589310799931435,4.999999999999999,one_minus_s_power,142,True,51810.0,51810.0,256,1000000
10000,5.0,0.2,0.005811331902860811,1.842068074395237,0.0031547867224009673,0.5589310799931435,4.999999999999999,one_minus_s_power,143,True,11667.0,11667.0,256,1000000
10000,5.0,0.2,0.005811331902860811,1.842068074395237,0.0031547867224009673,0.5589310799931435,4.999999999999999,one_minus_s_power,144,True,18513.0,18513.0,256,1000000
10000,5.0,0.2,0.005811331902860811,1.842068074395237,0.0031547867224009673,0.5589310799931435,4.999999999999999,one_minus_s_power,145,True,10902.0,10902.0,256,1000000
10000,5.0,0.2,0.005811331902860811,1.842068074395237,0.0031547867224009673,0.5589310799931435,4.999999999999999,one_minus_s_power,146,True,50371.0,50371.0,256,1000000
10000,5.0,0.2,0.005811331902860811,1.842068074395237,0.0031547867224009673,0.5589310799931435,4.999999999999999,one_minus_s_power,147,True,60802.0,60802.0,256,1000000
10000,5.0,0.2,0.005811331902860811,1.842068074395237,0.0031547867224009673,0.5589310799931435,4.999999999999999,one_minus_s_power,148,True,124062.0,124062.0,256,1000000
10000,5.0,0.2,0.005811331902860811,1.842068074395237,0.0031547867224009673,0.5589310799931435,4.999999999999999,one_minus_s_power,149,True,39706.0,39706.0,256,1000000
10000,5.0,0.2,0.005811331902860811,1.842068074395237,0.0031547867224009673,0.5589310799931435,4.999999999999999,one_minus_s_power,150,True,39985.0,39985.0,256,1000000
10000,5.0,0.2,0.005811331902860811,1.842068074395237,0.0031547867224009673,0.5589310799931435,4.999999999999999,one_minus_s_power,151,True,3316.0,3316.0,256,1000000
10000,5.0,0.2,0.005811331902860811,1.842068074395237,0.0031547867224009673,0.5589310799931435,4.999999999999999,one_minus_s_power,152,True,64662.0,64662.0,256,1000000
10000,5.0,0.2,0.005811331902860811,1.842068074395237,0.0031547867224009673,0.5589310799931435,4.999999999999999,one_minus_s_power,153,True,54887.0,54887.0,256,1000000
10000,5.0,0.2,0.005811331902860811,1.842068074395237,0.0031547867224009673,0.5589310799931435,4.999999999999999,one_minus_s_power,154,True,7074.0,7074.0,256,1000000
10000,5.0,0.2,0.005811331902860811,1.842068074395237,0.0031547867224009673,0.5589310799931435,4.999999999999999,one_minus_s_power,155,True,25665.0,25665.0,256,1000000
10000,5.0,0.2,0.005811331902860811,1.842068074395237,0.0031547867224009673,0.5589310799931435,4.999999999999999,one_minus_s_power,156,True,16277.0,16277.0,256,1000000
10000,5.0,0.2,0.005811331902860811,1.842068074395237,0.0031547867224009673,0.5589310799931435,4.999999999999999,one_minus_s_power,157,True,33605.0,33605.0,256,1000000
10000,5.0,0.2,0.005811331902860811,1.842068074395237,0.0031547867224009673,0.5589310799931435,4.999999999999999,one_minus_s_power,158,True,10647.0,10647.0,256,1000000
10000,5.0,0.2,0.005811331902860811,1.842068074395237,0.0031547867224009673,0.5589310799931435,4.999999999999999,one_minus_s_power,159,True,57553.0,57553.0,256,1000000
10000,5.0,0.2,0.005811331902860811,1.842068074395237,0.0031547867224009673,0.5589310799931435,4.999999999999999,one_minus_s_power,160,True,16305.0,16305.0,256,1000000
10000,5.0,0.2,0.005811331902860811,1.842068074395237,0.0031547867224009673,0.5589310799931435,4.999999999999999,one_minus_s_power,161,True,7811.0,7811.0,256,1000000
10000,5.0,0.2,0.005811331902860811,1.842068074395237,0.0031547867224009673,0.5589310799931435,4.999999999999999,one_minus_s_power,162,True,7642.0,7642.0,256,1000000
10000,5.0,0.2,0.005811331902860811,1.842068074395237,0.0031547867224009673,0.5589310799931435,4.999999999999999,one_minus_s_power,163,True,1155.0,1155.0,256,1000000
10000,5.0,0.2,0.005811331902860811,1.842068074395237,0.0031547867224009673,0.5589310799931435,4.999999999999999,one_minus_s_power,164,True,11664.0,11664.0,256,1000000
10000,5.0,0.2,0.005811331902860811,1.842068074395237,0.0031547867224009673,0.5589310799931435,4.999999999999999,one_minus_s_power,165,True,3004.0,3004.0,256,1000000
10000,5.0,0.2,0.005811331902860811,1.842068074395237,0.0031547867224009673,0.5589310799931435,4.999999999999999,one_minus_s_power,166,True,26885.0,26885.0,256,1000000
10000,5.0,0.2,0.005811331902860811,1.842068074395237,0.0031547867224009673,0.5589310799931435,4.999999999999999,one_minus_s_power,167,True,12077.0,12077.0,256,1000000
10000,5.0,0.2,0.005811331902860811,1.842068074395237,0.0031547867224009673,0.5589310799931435,4.999999999999999,one_minus_s_power,168,True,4514.0,4514.0,256,1000000
10000,5.0,0.2,0.005811331902860811,1.842068074395237,0.0031547867224009673,0.5589310799931435,4.999999999999999,one_minus_s_power,169,True,5128.0,5128.0,256,1000000
10000,5.0,0.2,0.005811331902860811,1.842068074395237,0.0031547867224009673,0.5589310799931435,4.999999999999999,one_minus_s_power,170,True,157576.0,157576.0,256,1000000
10000,5.0,0.2,0.005811331902860811,1.842068074395237,0.0031547867224009673,0.5589310799931435,4.999999999999999,one_minus_s_power,171,True,17977.0,17977.0,256,1000000
10000,5.0,0.2,0.005811331902860811,1.842068074395237,0.0031547867224009673,0.5589310799931435,4.999999999999999,one_minus_s_power,172,True,33822.0,33822.0,256,1000000
10000,5.0,0.2,0.005811331902860811,1.842068074395237,0.0031547867224009673,0.5589310799931435,4.999999999999999,one_minus_s_power,173,True,33949.0,33949.0,256,1000000
10000,5.0,0.2,0.005811331902860811,1.842068074395237,0.0031547867224009673,0.5589310799931435,4.999999999999999,one_minus_s_power,174,True,1567.0,1567.0,256,1000000
10000,5.0,0.2,0.005811331902860811,1.842068074395237,0.0031547867224009673,0.5589310799931435,4.999999999999999,one_minus_s_power,175,True,3196.0,3196.0,256,1000000
10000,5.0,0.2,0.005811331902860811,1.842068074395237,0.0031547867224009673,0.5589310799931435,4.999999999999999,one_minus_s_power,176,True,2282.0,2282.0,256,1000000
10000,5.0,0.2,0.005811331902860811,1.842068074395237,0.0031547867224009673,0.5589310799931435,4.999999999999999,one_minus_s_power,177,True,11980.0,11980.0,256,1000000
10000,5.0,0.2,0.005811331902860811,1.842068074395237,0.0031547867224009673,0.5589310799931435,4.999999999999999,one_minus_s_power,178,True,49337.0,49337.0,256,1000000
10000,5.0,0.2,0.005811331902860811,1.842068074395237,0.0031547867224009673,0.5589310799931435,4.999999999999999,one_minus_s_power,179,True,45999.0,45999.0,256,1000000
10000,5.0,0.2,0.005811331902860811,1.842068074395237,0.0031547867224009673,0.5589310799931435,4.999999999999999,one_minus_s_power,180,True,9566.0,9566.0,256,1000000
10000,5.0,0.2,0.005811331902860811,1.842068074395237,0.0031547867224009673,0.5589310799931435,4.999999999999999,one_minus_s_power,181,True,6657.0,6657.0,256,1000000
10000,5.0,0.2,0.005811331902860811,1.842068074395237,0.0031547867224009673,0.5589310799931435,4.999999999999999,one_minus_s_power,182,True,40929.0,40929.0,256,1000000
10000,5.0,0.2,0.005811331902860811,1.842068074395237,0.0031547867224009673,0.5589310799931435,4.999999999999999,one_minus_s_power,183,True,55303.0,55303.0,256,1000000
10000,5.0,0.2,0.005811331902860811,1.842068074395237,0.0031547867224009673,0.5589310799931435,4.999999999999999,one_minus_s_power,184,True,16799.0,16799.0,256,1000000
10000,5.0,0.2,0.005811331902860811,1.842068074395237,0.0031547867224009673,0.5589310799931435,4.999999999999999,one_minus_s_power,185,True,43192.0,43192.0,256,1000000
10000,5.0,0.2,0.005811331902860811,1.842068074395237,0.0031547867224009673,0.5589310799931435,4.999999999999999,one_minus_s_power,186,True,10269.0,10269.0,256,1000000
10000,5.0,0.2,0.005811331902860811,1.842068074395237,0.0031547867224009673,0.5589310799931435,4.999999999999999,one_minus_s_power,187,True,30527.0,30527.0,256,1000000
10000,5.0,0.2,0.005811331902860811,1.842068074395237,0.0031547867224009673,0.5589310799931435,4.999999999999999,one_minus_s_power,188,True,21298.0,21298.0,256,1000000
10000,5.0,0.2,0.005811331902860811,1.842068074395237,0.0031547867224009673,0.5589310799931435,4.999999999999999,one_minus_s_power,189,True,43545.0,43545.0,256,1000000
10000,5.0,0.2,0.005811331902860811,1.842068074395237,0.0031547867224009673,0.5589310799931435,4.999999999999999,one_minus_s_power,190,True,12166.0,12166.0,256,1000000
10000,5.0,0.2,0.005811331902860811,1.842068074395237,0.0031547867224009673,0.5589310799931435,4.999999999999999,one_minus_s_power,191,True,6058.0,6058.0,256,1000000
10000,5.0,0.2,0.005811331902860811,1.842068074395237,0.0031547867224009673,0.5589310799931435,4.999999999999999,one_minus_s_power,192,True,13655.0,13655.0,256,1000000
10000,5.0,0.2,0.005811331902860811,1.842068074395237,0.0031547867224009673,0.5589310799931435,4.999999999999999,one_minus_s_power,193,True,66010.0,66010.0,256,1000000
10000,5.0,0.2,0.005811331902860811,1.842068074395237,0.0031547867224009673,0.5589310799931435,4.999999999999999,one_minus_s_power,194,True,31129.0,31129.0,256,1000000
10000,5.0,0.2,0.005811331902860811,1.842068074395237,0.0031547867224009673,0.5589310799931435,4.999999999999999,one_minus_s_power,195,True,74784.0,74784.0,256,1000000
10000,5.0,0.2,0.005811331902860811,1.842068074395237,0.0031547867224009673,0.5589310799931435,4.999999999999999,one_minus_s_power,196,True,5322.0,5322.0,256,1000000
10000,5.0,0.2,0.005811331902860811,1.842068074395237,0.0031547867224009673,0.5589310799931435,4.999999999999999,one_minus_s_power,197,True,18815.0,18815.0,256,1000000
10000,5.0,0.2,0.005811331902860811,1.842068074395237,0.0031547867224009673,0.5589310799931435,4.999999999999999,one_minus_s_power,198,True,33737.0,33737.0,256,1000000
10000,5.0,0.2,0.005811331902860811,1.842068074395237,0.0031547867224009673,0.5589310799931435,4.999999999999999,one_minus_s_power,199,True,5117.0,5117.0,256,1000000
10000,5.0,0.2,0.005811331902860811,1.842068074395237,0.0031547867224009673,0.5589310799931435,4.999999999999999,one_minus_s_power,200,True,15476.0,15476.0,256,1000000
10000,5.0,0.2,0.005811331902860811,1.842068074395237,0.0031547867224009673,0.5589310799931435,4.999999999999999,one_minus_s_power,201,True,9061.0,9061.0,256,1000000
10000,5.0,0.2,0.005811331902860811,1.842068074395237,0.0031547867224009673,0.5589310799931435,4.999999999999999,one_minus_s_power,202,True,5365.0,5365.0,256,1000000
10000,5.0,0.2,0.005811331902860811,1.842068074395237,0.0031547867224009673,0.5589310799931435,4.999999999999999,one_minus_s_power,203,True,2248.0,2248.0,256,1000000
10000,5.0,0.2,0.005811331902860811,1.842068074395237,0.0031547867224009673,0.5589310799931435,4.999999999999999,one_minus_s_power,204,True,40603.0,40603.0,256,1000000
10000,5.0,0.2,0.005811331902860811,1.842068074395237,0.0031547867224009673,0.5589310799931435,4.999999999999999,one_minus_s_power,205,True,2569.0,2569.0,256,1000000
10000,5.0,0.2,0.005811331902860811,1.842068074395237,0.0031547867224009673,0.5589310799931435,4.999999999999999,one_minus_s_power,206,True,15440.0,15440.0,256,1000000
10000,5.0,0.2,0.005811331902860811,1.842068074395237,0.0031547867224009673,0.5589310799931435,4.999999999999999,one_minus_s_power,207,True,25924.0,25924.0,256,1000000
10000,5.0,0.2,0.005811331902860811,1.842068074395237,0.0031547867224009673,0.5589310799931435,4.999999999999999,one_minus_s_power,208,True,26730.0,26730.0,256,1000000
10000,5.0,0.2,0.005811331902860811,1.842068074395237,0.0031547867224009673,0.5589310799931435,4.999999999999999,one_minus_s_power,209,True,2294.0,2294.0,256,1000000
10000,5.0,0.2,0.005811331902860811,1.842068074395237,0.0031547867224009673,0.5589310799931435,4.999999999999999,one_minus_s_power,210,True,3745.0,3745.0,256,1000000
10000,5.0,0.2,0.005811331902860811,1.842068074395237,0.0031547867224009673,0.5589310799931435,4.999999999999999,one_minus_s_power,211,True,57622.0,57622.0,256,1000000
10000,5.0,0.2,0.005811331902860811,1.842068074395237,0.0031547867224009673,0.5589310799931435,4.999999999999999,one_minus_s_power,212,True,67434.0,67434.0,256,1000000
10000,5.0,0.2,0.005811331902860811,1.842068074395237,0.0031547867224009673,0.5589310799931435,4.999999999999999,one_minus_s_power,213,True,7054.0,7054.0,256,1000000
10000,5.0,0.2,0.005811331902860811,1.842068074395237,0.0031547867224009673,0.5589310799931435,4.999999999999999,one_minus_s_power,214,True,5030.0,5030.0,256,1000000
10000,5.0,0.2,0.005811331902860811,1.842068074395237,0.0031547867224009673,0.5589310799931435,4.999999999999999,one_minus_s_power,215,True,41058.0,41058.0,256,1000000
10000,5.0,0.2,0.005811331902860811,1.842068074395237,0.0031547867224009673,0.5589310799931435,4.999999999999999,one_minus_s_power,216,True,7913.0,7913.0,256,1000000
10000,5.0,0.2,0.005811331902860811,1.842068074395237,0.0031547867224009673,0.5589310799931435,4.999999999999999,one_minus_s_power,217,True,14030.0,14030.0,256,1000000
10000,5.0,0.2,0.005811331902860811,1.842068074395237,0.0031547867224009673,0.5589310799931435,4.999999999999999,one_minus_s_power,218,True,1401.0,1401.0,256,1000000
10000,5.0,0.2,0.005811331902860811,1.842068074395237,0.0031547867224009673,0.5589310799931435,4.999999999999999,one_minus_s_power,219,True,36117.0,36117.0,256,1000000
10000,5.0,0.2,0.005811331902860811,1.842068074395237,0.0031547867224009673,0.5589310799931435,4.999999999999999,one_minus_s_power,220,True,3380.0,3380.0,256,1000000
10000,5.0,0.2,0.005811331902860811,1.842068074395237,0.0031547867224009673,0.5589310799931435,4.999999999999999,one_minus_s_power,221,True,5122.0,5122.0,256,1000000
10000,5.0,0.2,0.005811331902860811,1.842068074395237,0.0031547867224009673,0.5589310799931435,4.999999999999999,one_minus_s_power,222,True,40636.0,40636.0,256,1000000
10000,5.0,0.2,0.005811331902860811,1.842068074395237,0.0031547867224009673,0.5589310799931435,4.999999999999999,one_minus_s_power,223,True,69149.0,69149.0,256,1000000
10000,5.0,0.2,0.005811331902860811,1.842068074395237,0.0031547867224009673,0.5589310799931435,4.999999999999999,one_minus_s_power,224,True,44534.0,44534.0,256,1000000
10000,5.0,0.2,0.005811331902860811,1.842068074395237,0.0031547867224009673,0.5589310799931435,4.999999999999999,one_minus_s_power,225,True,1818.0,1818.0,256,1000000
10000,5.0,0.2,0.005811331902860811,1.842068074395237,0.0031547867224009673,0.5589310799931435,4.999999999999999,one_minus_s_power,226,True,81288.0,81288.0,256,1000000
10000,5.0,0.2,0.005811331902860811,1.842068074395237,0.0031547867224009673,0.5589310799931435,4.999999999999999,one_minus_s_power,227,True,7847.0,7847.0,256,1000000
10000,5.0,0.2,0.005811331902860811,1.842068074395237,0.0031547867224009673,0.5589310799931435,4.999999999999999,one_minus_s_power,228,True,2441.0,2441.0,256,1000000
10000,5.0,0.2,0.005811331902860811,1.842068074395237,0.0031547867224009673,0.5589310799931435,4.999999999999999,one_minus_s_power,229,True,4689.0,4689.0,256,1000000
10000,5.0,0.2,0.005811331902860811,1.842068074395237,0.0031547867224009673,0.5589310799931435,4.999999999999999,one_minus_s_power,230,True,1327.0,1327.0,256,1000000
10000,5.0,0.2,0.005811331902860811,1.842068074395237,0.0031547867224009673,0.5589310799931435,4.999999999999999,one_minus_s_power,231,True,2886.0,2886.0,256,1000000
10000,5.0,0.2,0.005811331902860811,1.842068074395237,0.0031547867224009673,0.5589310799931435,4.999999999999999,one_minus_s_power,232,True,3643.0,3643.0,256,1000000
10000,5.0,0.2,0.005811331902860811,1.842068074395237,0.0031547867224009673,0.5589310799931435,4.999999999999999,one_minus_s_power,233,True,55487.0,55487.0,256,1000000
10000,5.0,0.2,0.005811331902860811,1.842068074395237,0.0031547867224009673,0.5589310799931435,4.999999999999999,one_minus_s_power,234,True,42973.0,42973.0,256,1000000
10000,5.0,0.2,0.005811331902860811,1.842068074395237,0.0031547867224009673,0.5589310799931435,4.999999999999999,one_minus_s_power,235,True,46321.0,46321.0,256,1000000
10000,5.0,0.2,0.005811331902860811,1.842068074395237,0.0031547867224009673,0.5589310799931435,4.999999999999999,one_minus_s_power,236,True,39207.0,39207.0,256,1000000
10000,5.0,0.2,0.005811331902860811,1.842068074395237,0.0031547867224009673,0.5589310799931435,4.999999999999999,one_minus_s_power,237,True,42362.0,42362.0,256,1000000
10000,5.0,0.2,0.005811331902860811,1.842068074395237,0.0031547867224009673,0.5589310799931435,4.999999999999999,one_minus_s_power,238,True,89655.0,89655.0,256,1000000
10000,5.0,0.2,0.005811331902860811,1.842068074395237,0.0031547867224009673,0.5589310799931435,4.999999999999999,one_minus_s_power,239,True,25644.0,25644.0,256,1000000
10000,5.0,0.2,0.005811331902860811,1.842068074395237,0.0031547867224009673,0.5589310799931435,4.999999999999999,one_minus_s_power,240,True,8482.0,8482.0,256,1000000
10000,5.0,0.2,0.005811331902860811,1.842068074395237,0.0031547867224009673,0.5589310799931435,4.999999999999999,one_minus_s_power,241,True,62685.0,62685.0,256,1000000
10000,5.0,0.2,0.005811331902860811,1.842068074395237,0.0031547867224009673,0.5589310799931435,4.999999999999999,one_minus_s_power,242,True,29149.0,29149.0,256,1000000
10000,5.0,0.2,0.005811331902860811,1.842068074395237,0.0031547867224009673,0.5589310799931435,4.999999999999999,one_minus_s_power,243,True,22715.0,22715.0,256,1000000
10000,5.0,0.2,0.005811331902860811,1.842068074395237,0.0031547867224009673,0.5589310799931435,4.999999999999999,one_minus_s_power,244,True,16012.0,16012.0,256,1000000
10000,5.0,0.2,0.005811331902860811,1.842068074395237,0.0031547867224009673,0.5589310799931435,4.999999999999999,one_minus_s_power,245,True,11195.0,11195.0,256,1000000
10000,5.0,0.2,0.005811331902860811,1.842068074395237,0.0031547867224009673,0.5589310799931435,4.999999999999999,one_minus_s_power,246,True,19940.0,19940.0,256,1000000
10000,5.0,0.2,0.005811331902860811,1.842068074395237,0.0031547867224009673,0.5589310799931435,4.999999999999999,one_minus_s_power,247,True,21541.0,21541.0,256,1000000
10000,5.0,0.2,0.005811331902860811,1.842068074395237,0.0031547867224009673,0.5589310799931435,4.999999999999999,one_minus_s_power,248,True,16033.0,16033.0,256,1000000
10000,5.0,0.2,0.005811331902860811,1.842068074395237,0.0031547867224009673,0.5589310799931435,4.999999999999999,one_minus_s_power,249,True,3620.0,3620.0,256,1000000
10000,5.0,0.2,0.005811331902860811,1.842068074395237,0.0031547867224009673,0.5589310799931435,4.999999999999999,one_minus_s_power,250,True,14206.0,14206.0,256,1000000
10000,5.0,0.2,0.005811331902860811,1.842068074395237,0.0031547867224009673,0.5589310799931435,4.999999999999999,one_minus_s_power,251,True,15364.0,15364.0,256,1000000
10000,5.0,0.2,0.005811331902860811,1.842068074395237,0.0031547867224009673,0.5589310799931435,4.999999999999999,one_minus_s_power,252,True,16415.0,16415.0,256,1000000
10000,5.0,0.2,0.005811331902860811,1.842068074395237,0.0031547867224009673,0.5589310799931435,4.999999999999999,one_minus_s_power,253,True,7708.0,7708.0,256,1000000
10000,5.0,0.2,0.005811331902860811,1.842068074395237,0.0031547867224009673,0.5589310799931435,4.999999999999999,one_minus_s_power,254,True,9824.0,9824.0,256,1000000
10000,5.0,0.2,0.005811331902860811,1.842068074395237,0.0031547867224009673,0.5589310799931435,4.999999999999999,one_minus_s_power,255,True,7542.0,7542.0,256,1000000
10000,5.0,0.2,0.005811331902860811,1.842068074395237,0.0031547867224009673,0.5589310799931435,4.999999999999999,one_minus_s_power,256,True,8890.0,8890.0,256,1000000
10000,5.0,0.2,0.005811331902860811,1.842068074395237,0.0031547867224009673,0.5589310799931435,4.999999999999999,one_minus_s_power,257,True,12179.0,12179.0,256,1000000
10000,5.0,0.2,0.005811331902860811,1.842068074395237,0.0031547867224009673,0.5589310799931435,4.999999999999999,one_minus_s_power,258,True,6747.0,6747.0,256,1000000
10000,5.0,0.2,0.005811331902860811,1.842068074395237,0.0031547867224009673,0.5589310799931435,4.999999999999999,one_minus_s_power,259,True,21607.0,21607.0,256,1000000
10000,5.0,0.2,0.005811331902860811,1.842068074395237,0.0031547867224009673,0.5589310799931435,4.999999999999999,one_minus_s_power,260,True,5247.0,5247.0,256,1000000
10000,5.0,0.2,0.005811331902860811,1.842068074395237,0.0031547867224009673,0.5589310799931435,4.999999999999999,one_minus_s_power,261,True,27247.0,27247.0,256,1000000
10000,5.0,0.2,0.005811331902860811,1.842068074395237,0.0031547867224009673,0.5589310799931435,4.999999999999999,one_minus_s_power,262,True,88615.0,88615.0,256,1000000
10000,5.0,0.2,0.005811331902860811,1.842068074395237,0.0031547867224009673,0.5589310799931435,4.999999999999999,one_minus_s_power,263,True,4387.0,4387.0,256,1000000
10000,5.0,0.2,0.005811331902860811,1.842068074395237,0.0031547867224009673,0.5589310799931435,4.999999999999999,one_minus_s_power,264,True,19294.0,19294.0,256,1000000
10000,5.0,0.2,0.005811331902860811,1.842068074395237,0.0031547867224009673,0.5589310799931435,4.999999999999999,one_minus_s_power,265,True,2224.0,2224.0,256,1000000
10000,5.0,0.2,0.005811331902860811,1.842068074395237,0.0031547867224009673,0.5589310799931435,4.999999999999999,one_minus_s_power,266,True,11153.0,11153.0,256,1000000
10000,5.0,0.2,0.005811331902860811,1.842068074395237,0.0031547867224009673,0.5589310799931435,4.999999999999999,one_minus_s_power,267,True,69280.0,69280.0,256,1000000
10000,5.0,0.2,0.005811331902860811,1.842068074395237,0.0031547867224009673,0.5589310799931435,4.999999999999999,one_minus_s_power,268,True,16074.0,16074.0,256,1000000
10000,5.0,0.2,0.005811331902860811,1.842068074395237,0.0031547867224009673,0.5589310799931435,4.999999999999999,one_minus_s_power,269,True,58910.0,58910.0,256,1000000
10000,5.0,0.2,0.005811331902860811,1.842068074395237,0.0031547867224009673,0.5589310799931435,4.999999999999999,one_minus_s_power,270,True,33980.0,33980.0,256,1000000
10000,5.0,0.2,0.005811331902860811,1.842068074395237,0.0031547867224009673,0.5589310799931435,4.999999999999999,one_minus_s_power,271,True,5653.0,5653.0,256,1000000
10000,5.0,0.2,0.005811331902860811,1.842068074395237,0.0031547867224009673,0.5589310799931435,4.999999999999999,one_minus_s_power,272,True,28173.0,28173.0,256,1000000
10000,5.0,0.2,0.005811331902860811,1.842068074395237,0.0031547867224009673,0.5589310799931435,4.999999999999999,one_minus_s_power,273,True,5972.0,5972.0,256,1000000
10000,5.0,0.2,0.005811331902860811,1.842068074395237,0.0031547867224009673,0.5589310799931435,4.999999999999999,one_minus_s_power,274,True,53483.0,53483.0,256,1000000
10000,5.0,0.2,0.005811331902860811,1.842068074395237,0.0031547867224009673,0.5589310799931435,4.999999999999999,one_minus_s_power,275,True,6912.0,6912.0,256,1000000
10000,5.0,0.2,0.005811331902860811,1.842068074395237,0.0031547867224009673,0.5589310799931435,4.999999999999999,one_minus_s_power,276,True,44655.0,44655.0,256,1000000
10000,5.0,0.2,0.005811331902860811,1.842068074395237,0.0031547867224009673,0.5589310799931435,4.999999999999999,one_minus_s_power,277,True,9027.0,9027.0,256,1000000
10000,5.0,0.2,0.005811331902860811,1.842068074395237,0.0031547867224009673,0.5589310799931435,4.999999999999999,one_minus_s_power,278,True,36317.0,36317.0,256,1000000
10000,5.0,0.2,0.005811331902860811,1.842068074395237,0.0031547867224009673,0.5589310799931435,4.999999999999999,one_minus_s_power,279,True,41768.0,41768.0,256,1000000
10000,5.0,0.2,0.005811331902860811,1.842068074395237,0.0031547867224009673,0.5589310799931435,4.999999999999999,one_minus_s_power,280,True,1055.0,1055.0,256,1000000
10000,5.0,0.2,0.005811331902860811,1.842068074395237,0.0031547867224009673,0.5589310799931435,4.999999999999999,one_minus_s_power,281,True,10278.0,10278.0,256,1000000
10000,5.0,0.2,0.005811331902860811,1.842068074395237,0.0031547867224009673,0.5589310799931435,4.999999999999999,one_minus_s_power,282,True,58553.0,58553.0,256,1000000
10000,5.0,0.2,0.005811331902860811,1.842068074395237,0.0031547867224009673,0.5589310799931435,4.999999999999999,one_minus_s_power,283,True,16489.0,16489.0,256,1000000
10000,5.0,0.2,0.005811331902860811,1.842068074395237,0.0031547867224009673,0.5589310799931435,4.999999999999999,one_minus_s_power,284,True,11908.0,11908.0,256,1000000
10000,5.0,0.2,0.005811331902860811,1.842068074395237,0.0031547867224009673,0.5589310799931435,4.999999999999999,one_minus_s_power,285,True,70280.0,70280.0,256,1000000
10000,5.0,0.2,0.005811331902860811,1.842068074395237,0.0031547867224009673,0.5589310799931435,4.999999999999999,one_minus_s_power,286,True,52153.0,52153.0,256,1000000
10000,5.0,0.2,0.005811331902860811,1.842068074395237,0.0031547867224009673,0.5589310799931435,4.999999999999999,one_minus_s_power,287,True,4495.0,4495.0,256,1000000
10000,5.0,0.2,0.005811331902860811,1.842068074395237,0.0031547867224009673,0.5589310799931435,4.999999999999999,one_minus_s_power,288,True,34895.0,34895.0,256,1000000
10000,5.0,0.2,0.005811331902860811,1.842068074395237,0.0031547867224009673,0.5589310799931435,4.999999999999999,one_minus_s_power,289,True,18055.0,18055.0,256,1000000
10000,5.0,0.2,0.005811331902860811,1.842068074395237,0.0031547867224009673,0.5589310799931435,4.999999999999999,one_minus_s_power,290,True,39983.0,39983.0,256,1000000
10000,5.0,0.2,0.005811331902860811,1.842068074395237,0.0031547867224009673,0.5589310799931435,4.999999999999999,one_minus_s_power,291,True,18861.0,18861.0,256,1000000
10000,5.0,0.2,0.005811331902860811,1.842068074395237,0.0031547867224009673,0.5589310799931435,4.999999999999999,one_minus_s_power,292,True,30428.0,30428.0,256,1000000
10000,5.0,0.2,0.005811331902860811,1.842068074395237,0.0031547867224009673,0.5589310799931435,4.999999999999999,one_minus_s_power,293,True,14310.0,14310.0,256,1000000
10000,5.0,0.2,0.005811331902860811,1.842068074395237,0.0031547867224009673,0.5589310799931435,4.999999999999999,one_minus_s_power,294,True,18230.0,18230.0,256,1000000
10000,5.0,0.2,0.005811331902860811,1.842068074395237,0.0031547867224009673,0.5589310799931435,4.999999999999999,one_minus_s_power,295,True,35969.0,35969.0,256,1000000
10000,5.0,0.2,0.005811331902860811,1.842068074395237,0.0031547867224009673,0.5589310799931435,4.999999999999999,one_minus_s_power,296,True,15449.0,15449.0,256,1000000
10000,5.0,0.2,0.005811331902860811,1.842068074395237,0.0031547867224009673,0.5589310799931435,4.999999999999999,one_minus_s_power,297,True,89273.0,89273.0,256,1000000
10000,5.0,0.2,0.005811331902860811,1.842068074395237,0.0031547867224009673,0.5589310799931435,4.999999999999999,one_minus_s_power,298,True,28165.0,28165.0,256,1000000
10000,5.0,0.2,0.005811331902860811,1.842068074395237,0.0031547867224009673,0.5589310799931435,4.999999999999999,one_minus_s_power,299,True,17348.0,17348.0,256,1000000
10000,5.0,0.2,0.005811331902860811,1.842068074395237,0.0031547867224009673,0.5589310799931435,4.999999999999999,one_minus_s_power,300,True,21891.0,21891.0,256,1000000
10000,5.0,0.2,0.005811331902860811,1.842068074395237,0.0031547867224009673,0.5589310799931435,4.999999999999999,one_minus_s_power,301,True,13584.0,13584.0,256,1000000
10000,5.0,0.2,0.005811331902860811,1.842068074395237,0.0031547867224009673,0.5589310799931435,4.999999999999999,one_minus_s_power,302,True,18470.0,18470.0,256,1000000
10000,5.0,0.2,0.005811331902860811,1.842068074395237,0.0031547867224009673,0.5589310799931435,4.999999999999999,one_minus_s_power,303,True,26882.0,26882.0,256,1000000
10000,5.0,0.2,0.005811331902860811,1.842068074395237,0.0031547867224009673,0.5589310799931435,4.999999999999999,one_minus_s_power,304,True,6006.0,6006.0,256,1000000
10000,5.0,0.2,0.005811331902860811,1.842068074395237,0.0031547867224009673,0.5589310799931435,4.999999999999999,one_minus_s_power,305,True,39230.0,39230.0,256,1000000
10000,5.0,0.2,0.005811331902860811,1.842068074395237,0.0031547867224009673,0.5589310799931435,4.999999999999999,one_minus_s_power,306,True,48423.0,48423.0,256,1000000
10000,5.0,0.2,0.005811331902860811,1.842068074395237,0.0031547867224009673,0.5589310799931435,4.999999999999999,one_minus_s_power,307,True,17050.0,17050.0,256,1000000
10000,5.0,0.2,0.005811331902860811,1.842068074395237,0.0031547867224009673,0.5589310799931435,4.999999999999999,one_minus_s_power,308,True,13624.0,13624.0,256,1000000
10000,5.0,0.2,0.005811331902860811,1.842068074395237,0.0031547867224009673,0.5589310799931435,4.999999999999999,one_minus_s_power,309,True,5649.0,5649.0,256,1000000
10000,5.0,0.2,0.005811331902860811,1.842068074395237,0.0031547867224009673,0.5589310799931435,4.999999999999999,one_minus_s_power,310,True,53038.0,53038.0,256,1000000
10000,5.0,0.2,0.005811331902860811,1.842068074395237,0.0031547867224009673,0.5589310799931435,4.999999999999999,one_minus_s_power,311,True,15313.0,15313.0,256,1000000
10000,5.0,0.2,0.005811331902860811,1.842068074395237,0.0031547867224009673,0.5589310799931435,4.999999999999999,one_minus_s_power,312,True,8305.0,8305.0,256,1000000
10000,5.0,0.2,0.005811331902860811,1.842068074395237,0.0031547867224009673,0.5589310799931435,4.999999999999999,one_minus_s_power,313,True,50265.0,50265.0,256,1000000
10000,5.0,0.2,0.005811331902860811,1.842068074395237,0.0031547867224009673,0.5589310799931435,4.999999999999999,one_minus_s_power,314,True,41722.0,41722.0,256,1000000
10000,5.0,0.2,0.005811331902860811,1.842068074395237,0.0031547867224009673,0.5589310799931435,4.999999999999999,one_minus_s_power,315,True,56116.0,56116.0,256,1000000
10000,5.0,0.2,0.005811331902860811,1.842068074395237,0.0031547867224009673,0.5589310799931435,4.999999999999999,one_minus_s_power,316,True,17656.0,17656.0,256,1000000
10000,5.0,0.2,0.005811331902860811,1.842068074395237,0.0031547867224009673,0.5589310799931435,4.999999999999999,one_minus_s_power,317,True,68964.0,68964.0,256,1000000
10000,5.0,0.2,0.005811331902860811,1.842068074395237,0.0031547867224009673,0.5589310799931435,4.999999999999999,one_minus_s_power,318,True,18478.0,18478.0,256,1000000
10000,5.0,0.2,0.005811331902860811,1.842068074395237,0.0031547867224009673,0.5589310799931435,4.999999999999999,one_minus_s_power,319,True,65495.0,65495.0,256,1000000
10000,5.0,0.2,0.005811331902860811,1.842068074395237,0.0031547867224009673,0.5589310799931435,4.999999999999999,one_minus_s_power,320,True,40665.0,40665.0,256,1000000
10000,5.0,0.2,0.005811331902860811,1.842068074395237,0.0031547867224009673,0.5589310799931435,4.999999999999999,one_minus_s_power,321,True,12915.0,12915.0,256,1000000
10000,5.0,0.2,0.005811331902860811,1.842068074395237,0.0031547867224009673,0.5589310799931435,4.999999999999999,one_minus_s_power,322,True,26659.0,26659.0,256,1000000
10000,5.0,0.2,0.005811331902860811,1.842068074395237,0.0031547867224009673,0.5589310799931435,4.999999999999999,one_minus_s_power,323,True,37674.0,37674.0,256,1000000
10000,5.0,0.2,0.005811331902860811,1.842068074395237,0.0031547867224009673,0.5589310799931435,4.999999999999999,one_minus_s_power,324,True,3153.0,3153.0,256,1000000
10000,5.0,0.2,0.005811331902860811,1.842068074395237,0.0031547867224009673,0.5589310799931435,4.999999999999999,one_minus_s_power,325,True,23827.0,23827.0,256,1000000
10000,5.0,0.2,0.005811331902860811,1.842068074395237,0.0031547867224009673,0.5589310799931435,4.999999999999999,one_minus_s_power,326,True,13177.0,13177.0,256,1000000
10000,5.0,0.2,0.005811331902860811,1.842068074395237,0.0031547867224009673,0.5589310799931435,4.999999999999999,one_minus_s_power,327,True,949.0,949.0,256,1000000
10000,5.0,0.2,0.005811331902860811,1.842068074395237,0.0031547867224009673,0.5589310799931435,4.999999999999999,one_minus_s_power,328,True,14165.0,14165.0,256,1000000
10000,5.0,0.2,0.005811331902860811,1.842068074395237,0.0031547867224009673,0.5589310799931435,4.999999999999999,one_minus_s_power,329,True,38298.0,38298.0,256,1000000
10000,5.0,0.2,0.005811331902860811,1.842068074395237,0.0031547867224009673,0.5589310799931435,4.999999999999999,one_minus_s_power,330,True,26650.0,26650.0,256,1000000
10000,5.0,0.2,0.005811331902860811,1.842068074395237,0.0031547867224009673,0.5589310799931435,4.999999999999999,one_minus_s_power,331,True,22661.0,22661.0,256,1000000
10000,5.0,0.2,0.005811331902860811,1.842068074395237,0.0031547867224009673,0.5589310799931435,4.999999999999999,one_minus_s_power,332,True,22559.0,22559.0,256,1000000
10000,5.0,0.2,0.005811331902860811,1.842068074395237,0.0031547867224009673,0.5589310799931435,4.999999999999999,one_minus_s_power,333,True,24052.0,24052.0,256,1000000
10000,5.0,0.2,0.005811331902860811,1.842068074395237,0.0031547867224009673,0.5589310799931435,4.999999999999999,one_minus_s_power,334,True,59384.0,59384.0,256,1000000
10000,5.0,0.2,0.005811331902860811,1.842068074395237,0.0031547867224009673,0.5589310799931435,4.999999999999999,one_minus_s_power,335,True,22091.0,22091.0,256,1000000
10000,5.0,0.2,0.005811331902860811,1.842068074395237,0.0031547867224009673,0.5589310799931435,4.999999999999999,one_minus_s_power,336,True,13993.0,13993.0,256,1000000
10000,5.0,0.2,0.005811331902860811,1.842068074395237,0.0031547867224009673,0.5589310799931435,4.999999999999999,one_minus_s_power,337,True,11686.0,11686.0,256,1000000
10000,5.0,0.2,0.005811331902860811,1.842068074395237,0.0031547867224009673,0.5589310799931435,4.999999999999999,one_minus_s_power,338,True,14420.0,14420.0,256,1000000
10000,5.0,0.2,0.005811331902860811,1.842068074395237,0.0031547867224009673,0.5589310799931435,4.999999999999999,one_minus_s_power,339,True,84320.0,84320.0,256,1000000
10000,5.0,0.2,0.005811331902860811,1.842068074395237,0.0031547867224009673,0.5589310799931435,4.999999999999999,one_minus_s_power,340,True,56070.0,56070.0,256,1000000
10000,5.0,0.2,0.005811331902860811,1.842068074395237,0.0031547867224009673,0.5589310799931435,4.999999999999999,one_minus_s_power,341,True,3784.0,3784.0,256,1000000
10000,5.0,0.2,0.005811331902860811,1.842068074395237,0.0031547867224009673,0.5589310799931435,4.999999999999999,one_minus_s_power,342,True,6189.0,6189.0,256,1000000
10000,5.0,0.2,0.005811331902860811,1.842068074395237,0.0031547867224009673,0.5589310799931435,4.999999999999999,one_minus_s_power,343,True,5837.0,5837.0,256,1000000
10000,5.0,0.2,0.005811331902860811,1.842068074395237,0.0031547867224009673,0.5589310799931435,4.999999999999999,one_minus_s_power,344,True,12442.0,12442.0,256,1000000
10000,5.0,0.2,0.005811331902860811,1.842068074395237,0.0031547867224009673,0.5589310799931435,4.999999999999999,one_minus_s_power,345,True,10669.0,10669.0,256,1000000
10000,5.0,0.2,0.005811331902860811,1.842068074395237,0.0031547867224009673,0.5589310799931435,4.999999999999999,one_minus_s_power,346,True,85806.0,85806.0,256,1000000
10000,5.0,0.2,0.005811331902860811,1.842068074395237,0.0031547867224009673,0.5589310799931435,4.999999999999999,one_minus_s_power,347,True,9673.0,9673.0,256,1000000
10000,5.0,0.2,0.005811331902860811,1.842068074395237,0.0031547867224009673,0.5589310799931435,4.999999999999999,one_minus_s_power,348,True,15751.0,15751.0,256,1000000
10000,5.0,0.2,0.005811331902860811,1.842068074395237,0.0031547867224009673,0.5589310799931435,4.999999999999999,one_minus_s_power,349,True,8929.0,8929.0,256,1000000
10000,5.0,0.2,0.005811331902860811,1.842068074395237,0.0031547867224009673,0.5589310799931435,4.999999999999999,one_minus_s_power,350,True,5472.0,5472.0,256,1000000
10000,5.0,0.2,0.005811331902860811,1.842068074395237,0.0031547867224009673,0.5589310799931435,4.999999999999999,one_minus_s_power,351,True,17635.0,17635.0,256,1000000
10000,5.0,0.2,0.005811331902860811,1.842068074395237,0.0031547867224009673,0.5589310799931435,4.999999999999999,one_minus_s_power,352,True,1752.0,1752.0,256,1000000
10000,5.0,0.2,0.005811331902860811,1.842068074395237,0.0031547867224009673,0.5589310799931435,4.999999999999999,one_minus_s_power,353,True,43978.0,43978.0,256,1000000
10000,5.0,0.2,0.005811331902860811,1.842068074395237,0.0031547867224009673,0.5589310799931435,4.999999999999999,one_minus_s_power,354,True,15187.0,15187.0,256,1000000
10000,5.0,0.2,0.005811331902860811,1.842068074395237,0.0031547867224009673,0.5589310799931435,4.999999999999999,one_minus_s_power,355,True,27751.0,27751.0,256,1000000
10000,5.0,0.2,0.005811331902860811,1.842068074395237,0.0031547867224009673,0.5589310799931435,4.999999999999999,one_minus_s_power,356,True,20435.0,20435.0,256,1000000
10000,5.0,0.2,0.005811331902860811,1.842068074395237,0.0031547867224009673,0.5589310799931435,4.999999999999999,one_minus_s_power,357,True,57812.0,57812.0,256,1000000
10000,5.0,0.2,0.005811331902860811,1.842068074395237,0.0031547867224009673,0.5589310799931435,4.999999999999999,one_minus_s_power,358,True,1804.0,1804.0,256,1000000
10000,5.0,0.2,0.005811331902860811,1.842068074395237,0.0031547867224009673,0.5589310799931435,4.999999999999999,one_minus_s_power,359,True,21730.0,21730.0,256,1000000
10000,5.0,0.2,0.005811331902860811,1.842068074395237,0.0031547867224009673,0.5589310799931435,4.999999999999999,one_minus_s_power,360,True,89082.0,89082.0,256,1000000
10000,5.0,0.2,0.005811331902860811,1.842068074395237,0.0031547867224009673,0.5589310799931435,4.999999999999999,one_minus_s_power,361,True,43187.0,43187.0,256,1000000
10000,5.0,0.2,0.005811331902860811,1.842068074395237,0.0031547867224009673,0.5589310799931435,4.999999999999999,one_minus_s_power,362,True,22521.0,22521.0,256,1000000
10000,5.0,0.2,0.005811331902860811,1.842068074395237,0.0031547867224009673,0.5589310799931435,4.999999999999999,one_minus_s_power,363,True,26256.0,26256.0,256,1000000
10000,5.0,0.2,0.005811331902860811,1.842068074395237,0.0031547867224009673,0.5589310799931435,4.999999999999999,one_minus_s_power,364,True,6647.0,6647.0,256,1000000
10000,5.0,0.2,0.005811331902860811,1.842068074395237,0.0031547867224009673,0.5589310799931435,4.999999999999999,one_minus_s_power,365,True,33419.0,33419.0,256,1000000
10000,5.0,0.2,0.005811331902860811,1.842068074395237,0.0031547867224009673,0.5589310799931435,4.999999999999999,one_minus_s_power,366,True,47253.0,47253.0,256,1000000
10000,5.0,0.2,0.005811331902860811,1.842068074395237,0.0031547867224009673,0.5589310799931435,4.999999999999999,one_minus_s_power,367,True,28037.0,28037.0,256,1000000
10000,5.0,0.2,0.005811331902860811,1.842068074395237,0.0031547867224009673,0.5589310799931435,4.999999999999999,one_minus_s_power,368,True,885.0,885.0,256,1000000
10000,5.0,0.2,0.005811331902860811,1.842068074395237,0.0031547867224009673,0.5589310799931435,4.999999999999999,one_minus_s_power,369,True,4362.0,4362.0,256,1000000
10000,5.0,0.2,0.005811331902860811,1.842068074395237,0.0031547867224009673,0.5589310799931435,4.999999999999999,one_minus_s_power,370,True,13255.0,13255.0,256,1000000
10000,5.0,0.2,0.005811331902860811,1.842068074395237,0.0031547867224009673,0.5589310799931435,4.999999999999999,one_minus_s_power,371,True,24507.0,24507.0,256,1000000
10000,5.0,0.2,0.005811331902860811,1.842068074395237,0.0031547867224009673,0.5589310799931435,4.999999999999999,one_minus_s_power,372,True,19282.0,19282.0,256,1000000
10000,5.0,0.2,0.005811331902860811,1.842068074395237,0.0031547867224009673,0.5589310799931435,4.999999999999999,one_minus_s_power,373,True,30639.0,30639.0,256,1000000
10000,5.0,0.2,0.005811331902860811,1.842068074395237,0.0031547867224009673,0.5589310799931435,4.999999999999999,one_minus_s_power,374,True,38048.0,38048.0,256,1000000
10000,5.0,0.2,0.005811331902860811,1.842068074395237,0.0031547867224009673,0.5589310799931435,4.999999999999999,one_minus_s_power,375,True,9417.0,9417.0,256,1000000
10000,5.0,0.2,0.005811331902860811,1.842068074395237,0.0031547867224009673,0.5589310799931435,4.999999999999999,one_minus_s_power,376,True,14544.0,14544.0,256,1000000
10000,5.0,0.2,0.005811331902860811,1.842068074395237,0.0031547867224009673,0.5589310799931435,4.999999999999999,one_minus_s_power,377,True,7792.0,7792.0,256,1000000
10000,5.0,0.2,0.005811331902860811,1.842068074395237,0.0031547867224009673,0.5589310799931435,4.999999999999999,one_minus_s_power,378,True,38617.0,38617.0,256,1000000
10000,5.0,0.2,0.005811331902860811,1.842068074395237,0.0031547867224009673,0.5589310799931435,4.999999999999999,one_minus_s_power,379,True,3786.0,3786.0,256,1000000
10000,5.0,0.2,0.005811331902860811,1.842068074395237,0.0031547867224009673,0.5589310799931435,4.999999999999999,one_minus_s_power,380,True,23668.0,23668.0,256,1000000
10000,5.0,0.2,0.005811331902860811,1.842068074395237,0.0031547867224009673,0.5589310799931435,4.999999999999999,one_minus_s_power,381,True,10721.0,10721.0,256,1000000
10000,5.0,0.2,0.005811331902860811,1.842068074395237,0.0031547867224009673,0.5589310799931435,4.999999999999999,one_minus_s_power,382,True,76004.0,76004.0,256,1000000
10000,5.0,0.2,0.005811331902860811,1.842068074395237,0.0031547867224009673,0.5589310799931435,4.999999999999999,one_minus_s_power,383,True,15352.0,15352.0,256,1000000
10000,5.0,0.2,0.005811331902860811,1.842068074395237,0.0031547867224009673,0.5589310799931435,4.999999999999999,one_minus_s_power,384,True,38603.0,38603.0,256,1000000
10000,5.0,0.2,0.005811331902860811,1.842068074395237,0.0031547867224009673,0.5589310799931435,4.999999999999999,one_minus_s_power,385,True,22564.0,22564.0,256,1000000
10000,5.0,0.2,0.005811331902860811,1.842068074395237,0.0031547867224009673,0.5589310799931435,4.999999999999999,one_minus_s_power,386,True,8301.0,8301.0,256,1000000
10000,5.0,0.2,0.005811331902860811,1.842068074395237,0.0031547867224009673,0.5589310799931435,4.999999999999999,one_minus_s_power,387,True,107172.0,107172.0,256,1000000
10000,5.0,0.2,0.005811331902860811,1.842068074395237,0.0031547867224009673,0.5589310799931435,4.999999999999999,one_minus_s_power,388,True,20985.0,20985.0,256,1000000
10000,5.0,0.2,0.005811331902860811,1.842068074395237,0.0031547867224009673,0.5589310799931435,4.999999999999999,one_minus_s_power,389,True,61641.0,61641.0,256,1000000
10000,5.0,0.2,0.005811331902860811,1.842068074395237,0.0031547867224009673,0.5589310799931435,4.999999999999999,one_minus_s_power,390,True,7219.0,7219.0,256,1000000
10000,5.0,0.2,0.005811331902860811,1.842068074395237,0.0031547867224009673,0.5589310799931435,4.999999999999999,one_minus_s_power,391,True,30700.0,30700.0,256,1000000
10000,5.0,0.2,0.005811331902860811,1.842068074395237,0.0031547867224009673,0.5589310799931435,4.999999999999999,one_minus_s_power,392,True,53641.0,53641.0,256,1000000
10000,5.0,0.2,0.005811331902860811,1.842068074395237,0.0031547867224009673,0.5589310799931435,4.999999999999999,one_minus_s_power,393,True,40570.0,40570.0,256,1000000
10000,5.0,0.2,0.005811331902860811,1.842068074395237,0.0031547867224009673,0.5589310799931435,4.999999999999999,one_minus_s_power,394,True,2585.0,2585.0,256,1000000
10000,5.0,0.2,0.005811331902860811,1.842068074395237,0.0031547867224009673,0.5589310799931435,4.999999999999999,one_minus_s_power,395,True,26970.0,26970.0,256,1000000
10000,5.0,0.2,0.005811331902860811,1.842068074395237,0.0031547867224009673,0.5589310799931435,4.999999999999999,one_minus_s_power,396,True,52000.0,52000.0,256,1000000
10000,5.0,0.2,0.005811331902860811,1.842068074395237,0.0031547867224009673,0.5589310799931435,4.999999999999999,one_minus_s_power,397,True,12647.0,12647.0,256,1000000
10000,5.0,0.2,0.005811331902860811,1.842068074395237,0.0031547867224009673,0.5589310799931435,4.999999999999999,one_minus_s_power,398,True,3354.0,3354.0,256,1000000
10000,5.0,0.2,0.005811331902860811,1.842068074395237,0.0031547867224009673,0.5589310799931435,4.999999999999999,one_minus_s_power,399,True,106825.0,106825.0,256,1000000
10000,5.0,0.2,0.005811331902860811,1.842068074395237,0.0031547867224009673,0.5589310799931435,4.999999999999999,one_minus_s_power,400,True,27042.0,27042.0,256,1000000
10000,5.0,0.2,0.005811331902860811,1.842068074395237,0.0031547867224009673,0.5589310799931435,4.999999999999999,one_minus_s_power,401,True,2795.0,2795.0,256,1000000
10000,5.0,0.2,0.005811331902860811,1.842068074395237,0.0031547867224009673,0.5589310799931435,4.999999999999999,one_minus_s_power,402,True,9766.0,9766.0,256,1000000
10000,5.0,0.2,0.005811331902860811,1.842068074395237,0.0031547867224009673,0.5589310799931435,4.999999999999999,one_minus_s_power,403,True,8363.0,8363.0,256,1000000
10000,5.0,0.2,0.005811331902860811,1.842068074395237,0.0031547867224009673,0.5589310799931435,4.999999999999999,one_minus_s_power,404,True,60436.0,60436.0,256,1000000
10000,5.0,0.2,0.005811331902860811,1.842068074395237,0.0031547867224009673,0.5589310799931435,4.999999999999999,one_minus_s_power,405,True,8827.0,8827.0,256,1000000
10000,5.0,0.2,0.005811331902860811,1.842068074395237,0.0031547867224009673,0.5589310799931435,4.999999999999999,one_minus_s_power,406,True,62706.0,62706.0,256,1000000
10000,5.0,0.2,0.005811331902860811,1.842068074395237,0.0031547867224009673,0.5589310799931435,4.999999999999999,one_minus_s_power,407,True,48037.0,48037.0,256,1000000
10000,5.0,0.2,0.005811331902860811,1.842068074395237,0.0031547867224009673,0.5589310799931435,4.999999999999999,one_minus_s_power,408,True,21872.0,21872.0,256,1000000
10000,5.0,0.2,0.005811331902860811,1.842068074395237,0.0031547867224009673,0.5589310799931435,4.999999999999999,one_minus_s_power,409,True,42044.0,42044.0,256,1000000
10000,5.0,0.2,0.005811331902860811,1.842068074395237,0.0031547867224009673,0.5589310799931435,4.999999999999999,one_minus_s_power,410,True,114918.0,114918.0,256,1000000
10000,5.0,0.2,0.005811331902860811,1.842068074395237,0.0031547867224009673,0.5589310799931435,4.999999999999999,one_minus_s_power,411,True,9587.0,9587.0,256,1000000
10000,5.0,0.2,0.005811331902860811,1.842068074395237,0.0031547867224009673,0.5589310799931435,4.999999999999999,one_minus_s_power,412,True,6110.0,6110.0,256,1000000
10000,5.0,0.2,0.005811331902860811,1.842068074395237,0.0031547867224009673,0.5589310799931435,4.999999999999999,one_minus_s_power,413,True,26138.0,26138.0,256,1000000
10000,5.0,0.2,0.005811331902860811,1.842068074395237,0.0031547867224009673,0.5589310799931435,4.999999999999999,one_minus_s_power,414,True,6087.0,6087.0,256,1000000
10000,5.0,0.2,0.005811331902860811,1.842068074395237,0.0031547867224009673,0.5589310799931435,4.999999999999999,one_minus_s_power,415,True,24310.0,24310.0,256,1000000
10000,5.0,0.2,0.005811331902860811,1.842068074395237,0.0031547867224009673,0.5589310799931435,4.999999999999999,one_minus_s_power,416,True,11285.0,11285.0,256,1000000
10000,5.0,0.2,0.005811331902860811,1.842068074395237,0.0031547867224009673,0.5589310799931435,4.999999999999999,one_minus_s_power,417,True,10224.0,10224.0,256,1000000
10000,5.0,0.2,0.005811331902860811,1.842068074395237,0.0031547867224009673,0.5589310799931435,4.999999999999999,one_minus_s_power,418,True,14451.0,14451.0,256,1000000
10000,5.0,0.2,0.005811331902860811,1.842068074395237,0.0031547867224009673,0.5589310799931435,4.999999999999999,one_minus_s_power,419,True,16556.0,16556.0,256,1000000
10000,5.0,0.2,0.005811331902860811,1.842068074395237,0.0031547867224009673,0.5589310799931435,4.999999999999999,one_minus_s_power,420,True,4382.0,4382.0,256,1000000
10000,5.0,0.2,0.005811331902860811,1.842068074395237,0.0031547867224009673,0.5589310799931435,4.999999999999999,one_minus_s_power,421,True,81515.0,81515.0,256,1000000
10000,5.0,0.2,0.005811331902860811,1.842068074395237,0.0031547867224009673,0.5589310799931435,4.999999999999999,one_minus_s_power,422,True,36632.0,36632.0,256,1000000
10000,5.0,0.2,0.005811331902860811,1.842068074395237,0.0031547867224009673,0.5589310799931435,4.999999999999999,one_minus_s_power,423,True,35947.0,35947.0,256,1000000
10000,5.0,0.2,0.005811331902860811,1.842068074395237,0.0031547867224009673,0.5589310799931435,4.999999999999999,one_minus_s_power,424,True,51880.0,51880.0,256,1000000
10000,5.0,0.2,0.005811331902860811,1.842068074395237,0.0031547867224009673,0.5589310799931435,4.999999999999999,one_minus_s_power,425,True,58998.0,58998.0,256,1000000
10000,5.0,0.2,0.005811331902860811,1.842068074395237,0.0031547867224009673,0.5589310799931435,4.999999999999999,one_minus_s_power,426,True,8733.0,8733.0,256,1000000
10000,5.0,0.2,0.005811331902860811,1.842068074395237,0.0031547867224009673,0.5589310799931435,4.999999999999999,one_minus_s_power,427,True,49558.0,49558.0,256,1000000
10000,5.0,0.2,0.005811331902860811,1.842068074395237,0.0031547867224009673,0.5589310799931435,4.999999999999999,one_minus_s_power,428,True,23731.0,23731.0,256,1000000
10000,5.0,0.2,0.005811331902860811,1.842068074395237,0.0031547867224009673,0.5589310799931435,4.999999999999999,one_minus_s_power,429,True,12889.0,12889.0,256,1000000
10000,5.0,0.2,0.005811331902860811,1.842068074395237,0.0031547867224009673,0.5589310799931435,4.999999999999999,one_minus_s_power,430,True,54418.0,54418.0,256,1000000
10000,5.0,0.2,0.005811331902860811,1.842068074395237,0.0031547867224009673,0.5589310799931435,4.999999999999999,one_minus_s_power,431,True,19723.0,19723.0,256,1000000
10000,5.0,0.2,0.005811331902860811,1.842068074395237,0.0031547867224009673,0.5589310799931435,4.999999999999999,one_minus_s_power,432,True,36721.0,36721.0,256,1000000
10000,5.0,0.2,0.005811331902860811,1.842068074395237,0.0031547867224009673,0.5589310799931435,4.999999999999999,one_minus_s_power,433,True,57060.0,57060.0,256,1000000
10000,5.0,0.2,0.005811331902860811,1.842068074395237,0.0031547867224009673,0.5589310799931435,4.999999999999999,one_minus_s_power,434,True,36672.0,36672.0,256,1000000
10000,5.0,0.2,0.005811331902860811,1.842068074395237,0.0031547867224009673,0.5589310799931435,4.999999999999999,one_minus_s_power,435,True,56709.0,56709.0,256,1000000
10000,5.0,0.2,0.005811331902860811,1.842068074395237,0.0031547867224009673,0.5589310799931435,4.999999999999999,one_minus_s_power,436,True,11114.0,11114.0,256,1000000
10000,5.0,0.2,0.005811331902860811,1.842068074395237,0.0031547867224009673,0.5589310799931435,4.999999999999999,one_minus_s_power,437,True,1193.0,1193.0,256,1000000
10000,5.0,0.2,0.005811331902860811,1.842068074395237,0.0031547867224009673,0.5589310799931435,4.999999999999999,one_minus_s_power,438,True,15140.0,15140.0,256,1000000
10000,5.0,0.2,0.005811331902860811,1.842068074395237,0.0031547867224009673,0.5589310799931435,4.999999999999999,one_minus_s_power,439,True,31022.0,31022.0,256,1000000
10000,5.0,0.2,0.005811331902860811,1.842068074395237,0.0031547867224009673,0.5589310799931435,4.999999999999999,one_minus_s_power,440,True,5082.0,5082.0,256,1000000
10000,5.0,0.2,0.005811331902860811,1.842068074395237,0.0031547867224009673,0.5589310799931435,4.999999999999999,one_minus_s_power,441,True,3879.0,3879.0,256,1000000
10000,5.0,0.2,0.005811331902860811,1.842068074395237,0.0031547867224009673,0.5589310799931435,4.999999999999999,one_minus_s_power,442,True,7462.0,7462.0,256,1000000
10000,5.0,0.2,0.005811331902860811,1.842068074395237,0.0031547867224009673,0.5589310799931435,4.999999999999999,one_minus_s_power,443,True,1604.0,1604.0,256,1000000
10000,5.0,0.2,0.005811331902860811,1.842068074395237,0.0031547867224009673,0.5589310799931435,4.999999999999999,one_minus_s_power,444,True,32725.0,32725.0,256,1000000
10000,5.0,0.2,0.005811331902860811,1.842068074395237,0.0031547867224009673,0.5589310799931435,4.999999999999999,one_minus_s_power,445,True,36222.0,36222.0,256,1000000
10000,5.0,0.2,0.005811331902860811,1.842068074395237,0.0031547867224009673,0.5589310799931435,4.999999999999999,one_minus_s_power,446,True,53053.0,53053.0,256,1000000
10000,5.0,0.2,0.005811331902860811,1.842068074395237,0.0031547867224009673,0.5589310799931435,4.999999999999999,one_minus_s_power,447,True,40371.0,40371.0,256,1000000
10000,5.0,0.2,0.005811331902860811,1.842068074395237,0.0031547867224009673,0.5589310799931435,4.999999999999999,one_minus_s_power,448,True,76614.0,76614.0,256,1000000
10000,5.0,0.2,0.005811331902860811,1.842068074395237,0.0031547867224009673,0.5589310799931435,4.999999999999999,one_minus_s_power,449,True,35001.0,35001.0,256,1000000
10000,5.0,0.2,0.005811331902860811,1.842068074395237,0.0031547867224009673,0.5589310799931435,4.999999999999999,one_minus_s_power,450,True,13805.0,13805.0,256,1000000
10000,5.0,0.2,0.005811331902860811,1.842068074395237,0.0031547867224009673,0.5589310799931435,4.999999999999999,one_minus_s_power,451,True,1506.0,1506.0,256,1000000
10000,5.0,0.2,0.005811331902860811,1.842068074395237,0.0031547867224009673,0.5589310799931435,4.999999999999999,one_minus_s_power,452,True,179481.0,179481.0,256,1000000
10000,5.0,0.2,0.005811331902860811,1.842068074395237,0.0031547867224009673,0.5589310799931435,4.999999999999999,one_minus_s_power,453,True,13896.0,13896.0,256,1000000
10000,5.0,0.2,0.005811331902860811,1.842068074395237,0.0031547867224009673,0.5589310799931435,4.999999999999999,one_minus_s_power,454,True,19689.0,19689.0,256,1000000
10000,5.0,0.2,0.005811331902860811,1.842068074395237,0.0031547867224009673,0.5589310799931435,4.999999999999999,one_minus_s_power,455,True,22629.0,22629.0,256,1000000
10000,5.0,0.2,0.005811331902860811,1.842068074395237,0.0031547867224009673,0.5589310799931435,4.999999999999999,one_minus_s_power,456,True,3427.0,3427.0,256,1000000
10000,5.0,0.2,0.005811331902860811,1.842068074395237,0.0031547867224009673,0.5589310799931435,4.999999999999999,one_minus_s_power,457,True,15127.0,15127.0,256,1000000
10000,5.0,0.2,0.005811331902860811,1.842068074395237,0.0031547867224009673,0.5589310799931435,4.999999999999999,one_minus_s_power,458,True,126874.0,126874.0,256,1000000
10000,5.0,0.2,0.005811331902860811,1.842068074395237,0.0031547867224009673,0.5589310799931435,4.999999999999999,one_minus_s_power,459,True,7292.0,7292.0,256,1000000
10000,5.0,0.2,0.005811331902860811,1.842068074395237,0.0031547867224009673,0.5589310799931435,4.999999999999999,one_minus_s_power,460,True,7021.0,7021.0,256,1000000
10000,5.0,0.2,0.005811331902860811,1.842068074395237,0.0031547867224009673,0.5589310799931435,4.999999999999999,one_minus_s_power,461,True,26405.0,26405.0,256,1000000
10000,5.0,0.2,0.005811331902860811,1.842068074395237,0.0031547867224009673,0.5589310799931435,4.999999999999999,one_minus_s_power,462,True,36424.0,36424.0,256,1000000
10000,5.0,0.2,0.005811331902860811,1.842068074395237,0.0031547867224009673,0.5589310799931435,4.999999999999999,one_minus_s_power,463,True,90131.0,90131.0,256,1000000
10000,5.0,0.2,0.005811331902860811,1.842068074395237,0.0031547867224009673,0.5589310799931435,4.999999999999999,one_minus_s_power,464,True,28592.0,28592.0,256,1000000
10000,5.0,0.2,0.005811331902860811,1.842068074395237,0.0031547867224009673,0.5589310799931435,4.999999999999999,one_minus_s_power,465,True,7228.0,7228.0,256,1000000
10000,5.0,0.2,0.005811331902860811,1.842068074395237,0.0031547867224009673,0.5589310799931435,4.999999999999999,one_minus_s_power,466,True,16765.0,16765.0,256,1000000
10000,5.0,0.2,0.005811331902860811,1.842068074395237,0.0031547867224009673,0.5589310799931435,4.999999999999999,one_minus_s_power,467,True,66410.0,66410.0,256,1000000
10000,5.0,0.2,0.005811331902860811,1.842068074395237,0.0031547867224009673,0.5589310799931435,4.999999999999999,one_minus_s_power,468,True,28337.0,28337.0,256,1000000
10000,5.0,0.2,0.005811331902860811,1.842068074395237,0.0031547867224009673,0.5589310799931435,4.999999999999999,one_minus_s_power,469,True,9055.0,9055.0,256,1000000
10000,5.0,0.2,0.005811331902860811,1.842068074395237,0.0031547867224009673,0.5589310799931435,4.999999999999999,one_minus_s_power,470,True,5135.0,5135.0,256,1000000
10000,5.0,0.2,0.005811331902860811,1.842068074395237,0.0031547867224009673,0.5589310799931435,4.999999999999999,one_minus_s_power,471,True,38391.0,38391.0,256,1000000
10000,5.0,0.2,0.005811331902860811,1.842068074395237,0.0031547867224009673,0.5589310799931435,4.999999999999999,one_minus_s_power,472,True,4811.0,4811.0,256,1000000
10000,5.0,0.2,0.005811331902860811,1.842068074395237,0.0031547867224009673,0.5589310799931435,4.999999999999999,one_minus_s_power,473,True,49291.0,49291.0,256,1000000
10000,5.0,0.2,0.005811331902860811,1.842068074395237,0.0031547867224009673,0.5589310799931435,4.999999999999999,one_minus_s_power,474,True,18055.0,18055.0,256,1000000
10000,5.0,0.2,0.005811331902860811,1.842068074395237,0.0031547867224009673,0.5589310799931435,4.999999999999999,one_minus_s_power,475,True,12806.0,12806.0,256,1000000
10000,5.0,0.2,0.005811331902860811,1.842068074395237,0.0031547867224009673,0.5589310799931435,4.999999999999999,one_minus_s_power,476,True,2621.0,2621.0,256,1000000
10000,5.0,0.2,0.005811331902860811,1.842068074395237,0.0031547867224009673,0.5589310799931435,4.999999999999999,one_minus_s_power,477,True,131697.0,131697.0,256,1000000
10000,5.0,0.2,0.005811331902860811,1.842068074395237,0.0031547867224009673,0.5589310799931435,4.999999999999999,one_minus_s_power,478,True,11725.0,11725.0,256,1000000
10000,5.0,0.2,0.005811331902860811,1.842068074395237,0.0031547867224009673,0.5589310799931435,4.999999999999999,one_minus_s_power,479,True,33208.0,33208.0,256,1000000
10000,5.0,0.2,0.005811331902860811,1.842068074395237,0.0031547867224009673,0.5589310799931435,4.999999999999999,one_minus_s_power,480,True,25568.0,25568.0,256,1000000
10000,5.0,0.2,0.005811331902860811,1.842068074395237,0.0031547867224009673,0.5589310799931435,4.999999999999999,one_minus_s_power,481,True,5713.0,5713.0,256,1000000
10000,5.0,0.2,0.005811331902860811,1.842068074395237,0.0031547867224009673,0.5589310799931435,4.999999999999999,one_minus_s_power,482,True,18273.0,18273.0,256,1000000
10000,5.0,0.2,0.005811331902860811,1.842068074395237,0.0031547867224009673,0.5589310799931435,4.999999999999999,one_minus_s_power,483,True,5837.0,5837.0,256,1000000
10000,5.0,0.2,0.005811331902860811,1.842068074395237,0.0031547867224009673,0.5589310799931435,4.999999999999999,one_minus_s_power,484,True,44922.0,44922.0,256,1000000
10000,5.0,0.2,0.005811331902860811,1.842068074395237,0.0031547867224009673,0.5589310799931435,4.999999999999999,one_minus_s_power,485,True,26834.0,26834.0,256,1000000
10000,5.0,0.2,0.005811331902860811,1.842068074395237,0.0031547867224009673,0.5589310799931435,4.999999999999999,one_minus_s_power,486,True,5908.0,5908.0,256,1000000
10000,5.0,0.2,0.005811331902860811,1.842068074395237,0.0031547867224009673,0.5589310799931435,4.999999999999999,one_minus_s_power,487,True,32177.0,32177.0,256,1000000
10000,5.0,0.2,0.005811331902860811,1.842068074395237,0.0031547867224009673,0.5589310799931435,4.999999999999999,one_minus_s_power,488,True,106234.0,106234.0,256,1000000
10000,5.0,0.2,0.005811331902860811,1.842068074395237,0.0031547867224009673,0.5589310799931435,4.999999999999999,one_minus_s_power,489,True,8342.0,8342.0,256,1000000
10000,5.0,0.2,0.005811331902860811,1.842068074395237,0.0031547867224009673,0.5589310799931435,4.999999999999999,one_minus_s_power,490,True,19058.0,19058.0,256,1000000
10000,5.0,0.2,0.005811331902860811,1.842068074395237,0.0031547867224009673,0.5589310799931435,4.999999999999999,one_minus_s_power,491,True,4227.0,4227.0,256,1000000
10000,5.0,0.2,0.005811331902860811,1.842068074395237,0.0031547867224009673,0.5589310799931435,4.999999999999999,one_minus_s_power,492,True,23587.0,23587.0,256,1000000
10000,5.0,0.2,0.005811331902860811,1.842068074395237,0.0031547867224009673,0.5589310799931435,4.999999999999999,one_minus_s_power,493,True,22723.0,22723.0,256,1000000
10000,5.0,0.2,0.005811331902860811,1.842068074395237,0.0031547867224009673,0.5589310799931435,4.999999999999999,one_minus_s_power,494,True,11170.0,11170.0,256,1000000
10000,5.0,0.2,0.005811331902860811,1.842068074395237,0.0031547867224009673,0.5589310799931435,4.999999999999999,one_minus_s_power,495,True,69681.0,69681.0,256,1000000
10000,5.0,0.2,0.005811331902860811,1.842068074395237,0.0031547867224009673,0.5589310799931435,4.999999999999999,one_minus_s_power,496,True,36128.0,36128.0,256,1000000
10000,5.0,0.2,0.005811331902860811,1.842068074395237,0.0031547867224009673,0.5589310799931435,4.999999999999999,one_minus_s_power,497,True,10011.0,10011.0,256,1000000
10000,5.0,0.2,0.005811331902860811,1.842068074395237,0.0031547867224009673,0.5589310799931435,4.999999999999999,one_minus_s_power,498,True,13313.0,13313.0,256,1000000
10000,5.0,0.2,0.005811331902860811,1.842068074395237,0.0031547867224009673,0.5589310799931435,4.999999999999999,one_minus_s_power,499,True,2402.0,2402.0,256,1000000
10000,5.0,0.2,0.005811331902860811,1.842068074395237,0.0031547867224009673,0.5589310799931435,4.999999999999999,one_minus_s_power,500,True,52173.0,52173.0,256,1000000
10000,5.0,0.2,0.005811331902860811,1.842068074395237,0.0031547867224009673,0.5589310799931435,4.999999999999999,one_minus_s_power,501,True,53329.0,53329.0,256,1000000
10000,5.0,0.2,0.005811331902860811,1.842068074395237,0.0031547867224009673,0.5589310799931435,4.999999999999999,one_minus_s_power,502,True,39848.0,39848.0,256,1000000
10000,5.0,0.2,0.005811331902860811,1.842068074395237,0.0031547867224009673,0.5589310799931435,4.999999999999999,one_minus_s_power,503,True,55921.0,55921.0,256,1000000
10000,5.0,0.2,0.005811331902860811,1.842068074395237,0.0031547867224009673,0.5589310799931435,4.999999999999999,one_minus_s_power,504,True,13990.0,13990.0,256,1000000
10000,5.0,0.2,0.005811331902860811,1.842068074395237,0.0031547867224009673,0.5589310799931435,4.999999999999999,one_minus_s_power,505,True,27344.0,27344.0,256,1000000
10000,5.0,0.2,0.005811331902860811,1.842068074395237,0.0031547867224009673,0.5589310799931435,4.999999999999999,one_minus_s_power,506,True,27280.0,27280.0,256,1000000
10000,5.0,0.2,0.005811331902860811,1.842068074395237,0.0031547867224009673,0.5589310799931435,4.999999999999999,one_minus_s_power,507,True,11121.0,11121.0,256,1000000
10000,5.0,0.2,0.005811331902860811,1.842068074395237,0.0031547867224009673,0.5589310799931435,4.999999999999999,one_minus_s_power,508,True,4621.0,4621.0,256,1000000
10000,5.0,0.2,0.005811331902860811,1.842068074395237,0.0031547867224009673,0.5589310799931435,4.999999999999999,one_minus_s_power,509,True,19168.0,19168.0,256,1000000
10000,5.0,0.2,0.005811331902860811,1.842068074395237,0.0031547867224009673,0.5589310799931435,4.999999999999999,one_minus_s_power,510,True,19263.0,19263.0,256,1000000
10000,5.0,0.2,0.005811331902860811,1.842068074395237,0.0031547867224009673,0.5589310799931435,4.999999999999999,one_minus_s_power,511,True,16393.0,16393.0,256,1000000
10000,5.0,0.2,0.005811331902860811,1.842068074395237,0.0031547867224009673,0.5589310799931435,4.999999999999999,one_minus_s_power,512,True,14090.0,14090.0,256,1000000
10000,5.0,0.2,0.005811331902860811,1.842068074395237,0.0031547867224009673,0.5589310799931435,4.999999999999999,one_minus_s_power,513,True,26991.0,26991.0,256,1000000
10000,5.0,0.2,0.005811331902860811,1.842068074395237,0.0031547867224009673,0.5589310799931435,4.999999999999999,one_minus_s_power,514,True,13569.0,13569.0,256,1000000
10000,5.0,0.2,0.005811331902860811,1.842068074395237,0.0031547867224009673,0.5589310799931435,4.999999999999999,one_minus_s_power,515,True,25201.0,25201.0,256,1000000
10000,5.0,0.2,0.005811331902860811,1.842068074395237,0.0031547867224009673,0.5589310799931435,4.999999999999999,one_minus_s_power,516,True,24433.0,24433.0,256,1000000
10000,5.0,0.2,0.005811331902860811,1.842068074395237,0.0031547867224009673,0.5589310799931435,4.999999999999999,one_minus_s_power,517,True,55500.0,55500.0,256,1000000
10000,5.0,0.2,0.005811331902860811,1.842068074395237,0.0031547867224009673,0.5589310799931435,4.999999999999999,one_minus_s_power,518,True,24998.0,24998.0,256,1000000
10000,5.0,0.2,0.005811331902860811,1.842068074395237,0.0031547867224009673,0.5589310799931435,4.999999999999999,one_minus_s_power,519,True,45075.0,45075.0,256,1000000
10000,5.0,0.2,0.005811331902860811,1.842068074395237,0.0031547867224009673,0.5589310799931435,4.999999999999999,one_minus_s_power,520,True,25834.0,25834.0,256,1000000
10000,5.0,0.2,0.005811331902860811,1.842068074395237,0.0031547867224009673,0.5589310799931435,4.999999999999999,one_minus_s_power,521,True,12039.0,12039.0,256,1000000
10000,5.0,0.2,0.005811331902860811,1.842068074395237,0.0031547867224009673,0.5589310799931435,4.999999999999999,one_minus_s_power,522,True,20248.0,20248.0,256,1000000
10000,5.0,0.2,0.005811331902860811,1.842068074395237,0.0031547867224009673,0.5589310799931435,4.999999999999999,one_minus_s_power,523,True,13388.0,13388.0,256,1000000
10000,5.0,0.2,0.005811331902860811,1.842068074395237,0.0031547867224009673,0.5589310799931435,4.999999999999999,one_minus_s_power,524,True,46902.0,46902.0,256,1000000
10000,5.0,0.2,0.005811331902860811,1.842068074395237,0.0031547867224009673,0.5589310799931435,4.999999999999999,one_minus_s_power,525,True,23331.0,23331.0,256,1000000
10000,5.0,0.2,0.005811331902860811,1.842068074395237,0.0031547867224009673,0.5589310799931435,4.999999999999999,one_minus_s_power,526,True,9067.0,9067.0,256,1000000
10000,5.0,0.2,0.005811331902860811,1.842068074395237,0.0031547867224009673,0.5589310799931435,4.999999999999999,one_minus_s_power,527,True,11534.0,11534.0,256,1000000
10000,5.0,0.2,0.005811331902860811,1.842068074395237,0.0031547867224009673,0.5589310799931435,4.999999999999999,one_minus_s_power,528,True,1127.0,1127.0,256,1000000
10000,5.0,0.2,0.005811331902860811,1.842068074395237,0.0031547867224009673,0.5589310799931435,4.999999999999999,one_minus_s_power,529,True,23359.0,23359.0,256,1000000
10000,5.0,0.2,0.005811331902860811,1.842068074395237,0.0031547867224009673,0.5589310799931435,4.999999999999999,one_minus_s_power,530,True,21825.0,21825.0,256,1000000
10000,5.0,0.2,0.005811331902860811,1.842068074395237,0.0031547867224009673,0.5589310799931435,4.999999999999999,one_minus_s_power,531,True,16130.0,16130.0,256,1000000
10000,5.0,0.2,0.005811331902860811,1.842068074395237,0.0031547867224009673,0.5589310799931435,4.999999999999999,one_minus_s_power,532,True,58833.0,58833.0,256,1000000
10000,5.0,0.2,0.005811331902860811,1.842068074395237,0.0031547867224009673,0.5589310799931435,4.999999999999999,one_minus_s_power,533,True,33162.0,33162.0,256,1000000
10000,5.0,0.2,0.005811331902860811,1.842068074395237,0.0031547867224009673,0.5589310799931435,4.999999999999999,one_minus_s_power,534,True,2374.0,2374.0,256,1000000
10000,5.0,0.2,0.005811331902860811,1.842068074395237,0.0031547867224009673,0.5589310799931435,4.999999999999999,one_minus_s_power,535,True,27936.0,27936.0,256,1000000
10000,5.0,0.2,0.005811331902860811,1.842068074395237,0.0031547867224009673,0.5589310799931435,4.999999999999999,one_minus_s_power,536,True,44061.0,44061.0,256,1000000
10000,5.0,0.2,0.005811331902860811,1.842068074395237,0.0031547867224009673,0.5589310799931435,4.999999999999999,one_minus_s_power,537,True,9039.0,9039.0,256,1000000
10000,5.0,0.2,0.005811331902860811,1.842068074395237,0.0031547867224009673,0.5589310799931435,4.999999999999999,one_minus_s_power,538,True,21529.0,21529.0,256,1000000
10000,5.0,0.2,0.005811331902860811,1.842068074395237,0.0031547867224009673,0.5589310799931435,4.999999999999999,one_minus_s_power,539,True,7854.0,7854.0,256,1000000
10000,5.0,0.2,0.005811331902860811,1.842068074395237,0.0031547867224009673,0.5589310799931435,4.999999999999999,one_minus_s_power,540,True,44246.0,44246.0,256,1000000
10000,5.0,0.2,0.005811331902860811,1.842068074395237,0.0031547867224009673,0.5589310799931435,4.999999999999999,one_minus_s_power,541,True,4888.0,4888.0,256,1000000
10000,5.0,0.2,0.005811331902860811,1.842068074395237,0.0031547867224009673,0.5589310799931435,4.999999999999999,one_minus_s_power,542,True,17625.0,17625.0,256,1000000
10000,5.0,0.2,0.005811331902860811,1.842068074395237,0.0031547867224009673,0.5589310799931435,4.999999999999999,one_minus_s_power,543,True,3012.0,3012.0,256,1000000
10000,5.0,0.2,0.005811331902860811,1.842068074395237,0.0031547867224009673,0.5589310799931435,4.999999999999999,one_minus_s_power,544,True,34205.0,34205.0,256,1000000
10000,5.0,0.2,0.005811331902860811,1.842068074395237,0.0031547867224009673,0.5589310799931435,4.999999999999999,one_minus_s_power,545,True,4641.0,4641.0,256,1000000
10000,5.0,0.2,0.005811331902860811,1.842068074395237,0.0031547867224009673,0.5589310799931435,4.999999999999999,one_minus_s_power,546,True,43895.0,43895.0,256,1000000
10000,5.0,0.2,0.005811331902860811,1.842068074395237,0.0031547867224009673,0.5589310799931435,4.999999999999999,one_minus_s_power,547,True,40011.0,40011.0,256,1000000
10000,5.0,0.2,0.005811331902860811,1.842068074395237,0.0031547867224009673,0.5589310799931435,4.999999999999999,one_minus_s_power,548,True,16129.0,16129.0,256,1000000
10000,5.0,0.2,0.005811331902860811,1.842068074395237,0.0031547867224009673,0.5589310799931435,4.999999999999999,one_minus_s_power,549,True,30416.0,30416.0,256,1000000
10000,5.0,0.2,0.005811331902860811,1.842068074395237,0.0031547867224009673,0.5589310799931435,4.999999999999999,one_minus_s_power,550,True,24476.0,24476.0,256,1000000
10000,5.0,0.2,0.005811331902860811,1.842068074395237,0.0031547867224009673,0.5589310799931435,4.999999999999999,one_minus_s_power,551,True,2729.0,2729.0,256,1000000
10000,5.0,0.2,0.005811331902860811,1.842068074395237,0.0031547867224009673,0.5589310799931435,4.999999999999999,one_minus_s_power,552,True,6677.0,6677.0,256,1000000
10000,5.0,0.2,0.005811331902860811,1.842068074395237,0.0031547867224009673,0.5589310799931435,4.999999999999999,one_minus_s_power,553,True,12707.0,12707.0,256,1000000
10000,5.0,0.2,0.005811331902860811,1.842068074395237,0.0031547867224009673,0.5589310799931435,4.999999999999999,one_minus_s_power,554,True,10445.0,10445.0,256,1000000
10000,5.0,0.2,0.005811331902860811,1.842068074395237,0.0031547867224009673,0.5589310799931435,4.999999999999999,one_minus_s_power,555,True,9162.0,9162.0,256,1000000
10000,5.0,0.2,0.005811331902860811,1.842068074395237,0.0031547867224009673,0.5589310799931435,4.999999999999999,one_minus_s_power,556,True,36938.0,36938.0,256,1000000
10000,5.0,0.2,0.005811331902860811,1.842068074395237,0.0031547867224009673,0.5589310799931435,4.999999999999999,one_minus_s_power,557,True,22649.0,22649.0,256,1000000
10000,5.0,0.2,0.005811331902860811,1.842068074395237,0.0031547867224009673,0.5589310799931435,4.999999999999999,one_minus_s_power,558,True,8439.0,8439.0,256,1000000
10000,5.0,0.2,0.005811331902860811,1.842068074395237,0.0031547867224009673,0.5589310799931435,4.999999999999999,one_minus_s_power,559,True,30976.0,30976.0,256,1000000
10000,5.0,0.2,0.005811331902860811,1.842068074395237,0.0031547867224009673,0.5589310799931435,4.999999999999999,one_minus_s_power,560,True,15941.0,15941.0,256,1000000
10000,5.0,0.2,0.005811331902860811,1.842068074395237,0.0031547867224009673,0.5589310799931435,4.999999999999999,one_minus_s_power,561,True,12623.0,12623.0,256,1000000
10000,5.0,0.2,0.005811331902860811,1.842068074395237,0.0031547867224009673,0.5589310799931435,4.999999999999999,one_minus_s_power,562,True,43167.0,43167.0,256,1000000
10000,5.0,0.2,0.005811331902860811,1.842068074395237,0.0031547867224009673,0.5589310799931435,4.999999999999999,one_minus_s_power,563,True,12987.0,12987.0,256,1000000
10000,5.0,0.2,0.005811331902860811,1.842068074395237,0.0031547867224009673,0.5589310799931435,4.999999999999999,one_minus_s_power,564,True,6223.0,6223.0,256,1000000
10000,5.0,0.2,0.005811331902860811,1.842068074395237,0.0031547867224009673,0.5589310799931435,4.999999999999999,one_minus_s_power,565,True,20591.0,20591.0,256,1000000
10000,5.0,0.2,0.005811331902860811,1.842068074395237,0.0031547867224009673,0.5589310799931435,4.999999999999999,one_minus_s_power,566,True,3176.0,3176.0,256,1000000
10000,5.0,0.2,0.005811331902860811,1.842068074395237,0.0031547867224009673,0.5589310799931435,4.999999999999999,one_minus_s_power,567,True,24346.0,24346.0,256,1000000
10000,5.0,0.2,0.005811331902860811,1.842068074395237,0.0031547867224009673,0.5589310799931435,4.999999999999999,one_minus_s_power,568,True,36898.0,36898.0,256,1000000
10000,5.0,0.2,0.005811331902860811,1.842068074395237,0.0031547867224009673,0.5589310799931435,4.999999999999999,one_minus_s_power,569,True,52340.0,52340.0,256,1000000
10000,5.0,0.2,0.005811331902860811,1.842068074395237,0.0031547867224009673,0.5589310799931435,4.999999999999999,one_minus_s_power,570,True,15415.0,15415.0,256,1000000
10000,5.0,0.2,0.005811331902860811,1.842068074395237,0.0031547867224009673,0.5589310799931435,4.999999999999999,one_minus_s_power,571,True,18234.0,18234.0,256,1000000
10000,5.0,0.2,0.005811331902860811,1.842068074395237,0.0031547867224009673,0.5589310799931435,4.999999999999999,one_minus_s_power,572,True,1084.0,1084.0,256,1000000
10000,5.0,0.2,0.005811331902860811,1.842068074395237,0.0031547867224009673,0.5589310799931435,4.999999999999999,one_minus_s_power,573,True,87233.0,87233.0,256,1000000
10000,5.0,0.2,0.005811331902860811,1.842068074395237,0.0031547867224009673,0.5589310799931435,4.999999999999999,one_minus_s_power,574,True,4817.0,4817.0,256,1000000
10000,5.0,0.2,0.005811331902860811,1.842068074395237,0.0031547867224009673,0.5589310799931435,4.999999999999999,one_minus_s_power,575,True,12932.0,12932.0,256,1000000
10000,5.0,0.2,0.005811331902860811,1.842068074395237,0.0031547867224009673,0.5589310799931435,4.999999999999999,one_minus_s_power,576,True,12779.0,12779.0,256,1000000
10000,5.0,0.2,0.005811331902860811,1.842068074395237,0.0031547867224009673,0.5589310799931435,4.999999999999999,one_minus_s_power,577,True,33854.0,33854.0,256,1000000
10000,5.0,0.2,0.005811331902860811,1.842068074395237,0.0031547867224009673,0.5589310799931435,4.999999999999999,one_minus_s_power,578,True,3931.0,3931.0,256,1000000
10000,5.0,0.2,0.005811331902860811,1.842068074395237,0.0031547867224009673,0.5589310799931435,4.999999999999999,one_minus_s_power,579,True,5615.0,5615.0,256,1000000
10000,5.0,0.2,0.005811331902860811,1.842068074395237,0.0031547867224009673,0.5589310799931435,4.999999999999999,one_minus_s_power,580,True,1912.0,1912.0,256,1000000
10000,5.0,0.2,0.005811331902860811,1.842068074395237,0.0031547867224009673,0.5589310799931435,4.999999999999999,one_minus_s_power,581,True,22875.0,22875.0,256,1000000
10000,5.0,0.2,0.005811331902860811,1.842068074395237,0.0031547867224009673,0.5589310799931435,4.999999999999999,one_minus_s_power,582,True,9295.0,9295.0,256,1000000
10000,5.0,0.2,0.005811331902860811,1.842068074395237,0.0031547867224009673,0.5589310799931435,4.999999999999999,one_minus_s_power,583,True,84824.0,84824.0,256,1000000
10000,5.0,0.2,0.005811331902860811,1.842068074395237,0.0031547867224009673,0.5589310799931435,4.999999999999999,one_minus_s_power,584,True,1873.0,1873.0,256,1000000
10000,5.0,0.2,0.005811331902860811,1.842068074395237,0.0031547867224009673,0.5589310799931435,4.999999999999999,one_minus_s_power,585,True,12577.0,12577.0,256,1000000
10000,5.0,0.2,0.005811331902860811,1.842068074395237,0.0031547867224009673,0.5589310799931435,4.999999999999999,one_minus_s_power,586,True,5323.0,5323.0,256,1000000
10000,5.0,0.2,0.005811331902860811,1.842068074395237,0.0031547867224009673,0.5589310799931435,4.999999999999999,one_minus_s_power,587,True,16074.0,16074.0,256,1000000
10000,5.0,0.2,0.005811331902860811,1.842068074395237,0.0031547867224009673,0.5589310799931435,4.999999999999999,one_minus_s_power,588,True,7926.0,7926.0,256,1000000
10000,5.0,0.2,0.005811331902860811,1.842068074395237,0.0031547867224009673,0.5589310799931435,4.999999999999999,one_minus_s_power,589,True,26695.0,26695.0,256,1000000
10000,5.0,0.2,0.005811331902860811,1.842068074395237,0.0031547867224009673,0.5589310799931435,4.999999999999999,one_minus_s_power,590,True,47545.0,47545.0,256,1000000
10000,5.0,0.2,0.005811331902860811,1.842068074395237,0.0031547867224009673,0.5589310799931435,4.999999999999999,one_minus_s_power,591,True,38392.0,38392.0,256,1000000
10000,5.0,0.2,0.005811331902860811,1.842068074395237,0.0031547867224009673,0.5589310799931435,4.999999999999999,one_minus_s_power,592,True,14728.0,14728.0,256,1000000
10000,5.0,0.2,0.005811331902860811,1.842068074395237,0.0031547867224009673,0.5589310799931435,4.999999999999999,one_minus_s_power,593,True,47691.0,47691.0,256,1000000
10000,5.0,0.2,0.005811331902860811,1.842068074395237,0.0031547867224009673,0.5589310799931435,4.999999999999999,one_minus_s_power,594,True,23336.0,23336.0,256,1000000
10000,5.0,0.2,0.005811331902860811,1.842068074395237,0.0031547867224009673,0.5589310799931435,4.999999999999999,one_minus_s_power,595,True,5627.0,5627.0,256,1000000
10000,5.0,0.2,0.005811331902860811,1.842068074395237,0.0031547867224009673,0.5589310799931435,4.999999999999999,one_minus_s_power,596,True,68173.0,68173.0,256,1000000
10000,5.0,0.2,0.005811331902860811,1.842068074395237,0.0031547867224009673,0.5589310799931435,4.999999999999999,one_minus_s_power,597,True,14156.0,14156.0,256,1000000
10000,5.0,0.2,0.005811331902860811,1.842068074395237,0.0031547867224009673,0.5589310799931435,4.999999999999999,one_minus_s_power,598,True,21209.0,21209.0,256,1000000
10000,5.0,0.2,0.005811331902860811,1.842068074395237,0.0031547867224009673,0.5589310799931435,4.999999999999999,one_minus_s_power,599,True,1213.0,1213.0,256,1000000
10000,5.0,0.2,0.005811331902860811,1.842068074395237,0.0031547867224009673,0.5589310799931435,4.999999999999999,one_minus_s_power,600,True,60808.0,60808.0,256,1000000
10000,5.0,0.2,0.005811331902860811,1.842068074395237,0.0031547867224009673,0.5589310799931435,4.999999999999999,one_minus_s_power,601,True,33410.0,33410.0,256,1000000
10000,5.0,0.2,0.005811331902860811,1.842068074395237,0.0031547867224009673,0.5589310799931435,4.999999999999999,one_minus_s_power,602,True,23313.0,23313.0,256,1000000
10000,5.0,0.2,0.005811331902860811,1.842068074395237,0.0031547867224009673,0.5589310799931435,4.999999999999999,one_minus_s_power,603,True,55256.0,55256.0,256,1000000
10000,5.0,0.2,0.005811331902860811,1.842068074395237,0.0031547867224009673,0.5589310799931435,4.999999999999999,one_minus_s_power,604,True,17965.0,17965.0,256,1000000
10000,5.0,0.2,0.005811331902860811,1.842068074395237,0.0031547867224009673,0.5589310799931435,4.999999999999999,one_minus_s_power,605,True,57086.0,57086.0,256,1000000
10000,5.0,0.2,0.005811331902860811,1.842068074395237,0.0031547867224009673,0.5589310799931435,4.999999999999999,one_minus_s_power,606,True,4049.0,4049.0,256,1000000
10000,5.0,0.2,0.005811331902860811,1.842068074395237,0.0031547867224009673,0.5589310799931435,4.999999999999999,one_minus_s_power,607,True,11343.0,11343.0,256,1000000
10000,5.0,0.2,0.005811331902860811,1.842068074395237,0.0031547867224009673,0.5589310799931435,4.999999999999999,one_minus_s_power,608,True,40324.0,40324.0,256,1000000
10000,5.0,0.2,0.005811331902860811,1.842068074395237,0.0031547867224009673,0.5589310799931435,4.999999999999999,one_minus_s_power,609,True,17520.0,17520.0,256,1000000
10000,5.0,0.2,0.005811331902860811,1.842068074395237,0.0031547867224009673,0.5589310799931435,4.999999999999999,one_minus_s_power,610,True,24143.0,24143.0,256,1000000
10000,5.0,0.2,0.005811331902860811,1.842068074395237,0.0031547867224009673,0.5589310799931435,4.999999999999999,one_minus_s_power,611,True,12991.0,12991.0,256,1000000
10000,5.0,0.2,0.005811331902860811,1.842068074395237,0.0031547867224009673,0.5589310799931435,4.999999999999999,one_minus_s_power,612,True,11961.0,11961.0,256,1000000
10000,5.0,0.2,0.005811331902860811,1.842068074395237,0.0031547867224009673,0.5589310799931435,4.999999999999999,one_minus_s_power,613,True,25419.0,25419.0,256,1000000
10000,5.0,0.2,0.005811331902860811,1.842068074395237,0.0031547867224009673,0.5589310799931435,4.999999999999999,one_minus_s_power,614,True,11217.0,11217.0,256,1000000
10000,5.0,0.2,0.005811331902860811,1.842068074395237,0.0031547867224009673,0.5589310799931435,4.999999999999999,one_minus_s_power,615,True,3508.0,3508.0,256,1000000
10000,5.0,0.2,0.005811331902860811,1.842068074395237,0.0031547867224009673,0.5589310799931435,4.999999999999999,one_minus_s_power,616,True,2262.0,2262.0,256,1000000
10000,5.0,0.2,0.005811331902860811,1.842068074395237,0.0031547867224009673,0.5589310799931435,4.999999999999999,one_minus_s_power,617,True,49249.0,49249.0,256,1000000
10000,5.0,0.2,0.005811331902860811,1.842068074395237,0.0031547867224009673,0.5589310799931435,4.999999999999999,one_minus_s_power,618,True,2101.0,2101.0,256,1000000
10000,5.0,0.2,0.005811331902860811,1.842068074395237,0.0031547867224009673,0.5589310799931435,4.999999999999999,one_minus_s_power,619,True,771.0,771.0,256,1000000
10000,5.0,0.2,0.005811331902860811,1.842068074395237,0.0031547867224009673,0.5589310799931435,4.999999999999999,one_minus_s_power,620,True,22458.0,22458.0,256,1000000
10000,5.0,0.2,0.005811331902860811,1.842068074395237,0.0031547867224009673,0.5589310799931435,4.999999999999999,one_minus_s_power,621,True,1527.0,1527.0,256,1000000
10000,5.0,0.2,0.005811331902860811,1.842068074395237,0.0031547867224009673,0.5589310799931435,4.999999999999999,one_minus_s_power,622,True,1755.0,1755.0,256,1000000
10000,5.0,0.2,0.005811331902860811,1.842068074395237,0.0031547867224009673,0.5589310799931435,4.999999999999999,one_minus_s_power,623,True,20448.0,20448.0,256,1000000
10000,5.0,0.2,0.005811331902860811,1.842068074395237,0.0031547867224009673,0.5589310799931435,4.999999999999999,one_minus_s_power,624,True,15208.0,15208.0,256,1000000
10000,5.0,0.2,0.005811331902860811,1.842068074395237,0.0031547867224009673,0.5589310799931435,4.999999999999999,one_minus_s_power,625,True,14115.0,14115.0,256,1000000
10000,5.0,0.2,0.005811331902860811,1.842068074395237,0.0031547867224009673,0.5589310799931435,4.999999999999999,one_minus_s_power,626,True,33621.0,33621.0,256,1000000
10000,5.0,0.2,0.005811331902860811,1.842068074395237,0.0031547867224009673,0.5589310799931435,4.999999999999999,one_minus_s_power,627,True,15027.0,15027.0,256,1000000
10000,5.0,0.2,0.005811331902860811,1.842068074395237,0.0031547867224009673,0.5589310799931435,4.999999999999999,one_minus_s_power,628,True,55606.0,55606.0,256,1000000
10000,5.0,0.2,0.005811331902860811,1.842068074395237,0.0031547867224009673,0.5589310799931435,4.999999999999999,one_minus_s_power,629,True,88102.0,88102.0,256,1000000
10000,5.0,0.2,0.005811331902860811,1.842068074395237,0.0031547867224009673,0.5589310799931435,4.999999999999999,one_minus_s_power,630,True,1742.0,1742.0,256,1000000
10000,5.0,0.2,0.005811331902860811,1.842068074395237,0.0031547867224009673,0.5589310799931435,4.999999999999999,one_minus_s_power,631,True,10544.0,10544.0,256,1000000
10000,5.0,0.2,0.005811331902860811,1.842068074395237,0.0031547867224009673,0.5589310799931435,4.999999999999999,one_minus_s_power,632,True,8394.0,8394.0,256,1000000
10000,5.0,0.2,0.005811331902860811,1.842068074395237,0.0031547867224009673,0.5589310799931435,4.999999999999999,one_minus_s_power,633,True,39650.0,39650.0,256,1000000
10000,5.0,0.2,0.005811331902860811,1.842068074395237,0.0031547867224009673,0.5589310799931435,4.999999999999999,one_minus_s_power,634,True,10980.0,10980.0,256,1000000
10000,5.0,0.2,0.005811331902860811,1.842068074395237,0.0031547867224009673,0.5589310799931435,4.999999999999999,one_minus_s_power,635,True,26622.0,26622.0,256,1000000
10000,5.0,0.2,0.005811331902860811,1.842068074395237,0.0031547867224009673,0.5589310799931435,4.999999999999999,one_minus_s_power,636,True,3170.0,3170.0,256,1000000
10000,5.0,0.2,0.005811331902860811,1.842068074395237,0.0031547867224009673,0.5589310799931435,4.999999999999999,one_minus_s_power,637,True,5270.0,5270.0,256,1000000
10000,5.0,0.2,0.005811331902860811,1.842068074395237,0.0031547867224009673,0.5589310799931435,4.999999999999999,one_minus_s_power,638,True,75748.0,75748.0,256,1000000
10000,5.0,0.2,0.005811331902860811,1.842068074395237,0.0031547867224009673,0.5589310799931435,4.999999999999999,one_minus_s_power,639,True,6959.0,6959.0,256,1000000
10000,5.0,0.2,0.005811331902860811,1.842068074395237,0.0031547867224009673,0.5589310799931435,4.999999999999999,one_minus_s_power,640,True,1654.0,1654.0,256,1000000
10000,5.0,0.2,0.005811331902860811,1.842068074395237,0.0031547867224009673,0.5589310799931435,4.999999999999999,one_minus_s_power,641,True,2357.0,2357.0,256,1000000
10000,5.0,0.2,0.005811331902860811,1.842068074395237,0.0031547867224009673,0.5589310799931435,4.999999999999999,one_minus_s_power,642,True,25952.0,25952.0,256,1000000
10000,5.0,0.2,0.005811331902860811,1.842068074395237,0.0031547867224009673,0.5589310799931435,4.999999999999999,one_minus_s_power,643,True,18074.0,18074.0,256,1000000
10000,5.0,0.2,0.005811331902860811,1.842068074395237,0.0031547867224009673,0.5589310799931435,4.999999999999999,one_minus_s_power,644,True,2342.0,2342.0,256,1000000
10000,5.0,0.2,0.005811331902860811,1.842068074395237,0.0031547867224009673,0.5589310799931435,4.999999999999999,one_minus_s_power,645,True,26382.0,26382.0,256,1000000
10000,5.0,0.2,0.005811331902860811,1.842068074395237,0.0031547867224009673,0.5589310799931435,4.999999999999999,one_minus_s_power,646,True,19332.0,19332.0,256,1000000
10000,5.0,0.2,0.005811331902860811,1.842068074395237,0.0031547867224009673,0.5589310799931435,4.999999999999999,one_minus_s_power,647,True,5154.0,5154.0,256,1000000
10000,5.0,0.2,0.005811331902860811,1.842068074395237,0.0031547867224009673,0.5589310799931435,4.999999999999999,one_minus_s_power,648,True,1930.0,1930.0,256,1000000
10000,5.0,0.2,0.005811331902860811,1.842068074395237,0.0031547867224009673,0.5589310799931435,4.999999999999999,one_minus_s_power,649,True,11946.0,11946.0,256,1000000
10000,5.0,0.2,0.005811331902860811,1.842068074395237,0.0031547867224009673,0.5589310799931435,4.999999999999999,one_minus_s_power,650,True,58415.0,58415.0,256,1000000
10000,5.0,0.2,0.005811331902860811,1.842068074395237,0.0031547867224009673,0.5589310799931435,4.999999999999999,one_minus_s_power,651,True,21832.0,21832.0,256,1000000
10000,5.0,0.2,0.005811331902860811,1.842068074395237,0.0031547867224009673,0.5589310799931435,4.999999999999999,one_minus_s_power,652,True,4110.0,4110.0,256,1000000
10000,5.0,0.2,0.005811331902860811,1.842068074395237,0.0031547867224009673,0.5589310799931435,4.999999999999999,one_minus_s_power,653,True,4315.0,4315.0,256,1000000
10000,5.0,0.2,0.005811331902860811,1.842068074395237,0.0031547867224009673,0.5589310799931435,4.999999999999999,one_minus_s_power,654,True,9247.0,9247.0,256,1000000
10000,5.0,0.2,0.005811331902860811,1.842068074395237,0.0031547867224009673,0.5589310799931435,4.999999999999999,one_minus_s_power,655,True,27730.0,27730.0,256,1000000
10000,5.0,0.2,0.005811331902860811,1.842068074395237,0.0031547867224009673,0.5589310799931435,4.999999999999999,one_minus_s_power,656,True,24280.0,24280.0,256,1000000
10000,5.0,0.2,0.005811331902860811,1.842068074395237,0.0031547867224009673,0.5589310799931435,4.999999999999999,one_minus_s_power,657,True,27028.0,27028.0,256,1000000
10000,5.0,0.2,0.005811331902860811,1.842068074395237,0.0031547867224009673,0.5589310799931435,4.999999999999999,one_minus_s_power,658,True,127861.0,127861.0,256,1000000
10000,5.0,0.2,0.005811331902860811,1.842068074395237,0.0031547867224009673,0.5589310799931435,4.999999999999999,one_minus_s_power,659,True,31487.0,31487.0,256,1000000
10000,5.0,0.2,0.005811331902860811,1.842068074395237,0.0031547867224009673,0.5589310799931435,4.999999999999999,one_minus_s_power,660,True,48538.0,48538.0,256,1000000
10000,5.0,0.2,0.005811331902860811,1.842068074395237,0.0031547867224009673,0.5589310799931435,4.999999999999999,one_minus_s_power,661,True,9383.0,9383.0,256,1000000
10000,5.0,0.2,0.005811331902860811,1.842068074395237,0.0031547867224009673,0.5589310799931435,4.999999999999999,one_minus_s_power,662,True,48828.0,48828.0,256,1000000
10000,5.0,0.2,0.005811331902860811,1.842068074395237,0.0031547867224009673,0.5589310799931435,4.999999999999999,one_minus_s_power,663,True,46943.0,46943.0,256,1000000
10000,5.0,0.2,0.005811331902860811,1.842068074395237,0.0031547867224009673,0.5589310799931435,4.999999999999999,one_minus_s_power,664,True,2045.0,2045.0,256,1000000
10000,5.0,0.2,0.005811331902860811,1.842068074395237,0.0031547867224009673,0.5589310799931435,4.999999999999999,one_minus_s_power,665,True,66040.0,66040.0,256,1000000
10000,5.0,0.2,0.005811331902860811,1.842068074395237,0.0031547867224009673,0.5589310799931435,4.999999999999999,one_minus_s_power,666,True,73605.0,73605.0,256,1000000
10000,5.0,0.2,0.005811331902860811,1.842068074395237,0.0031547867224009673,0.5589310799931435,4.999999999999999,one_minus_s_power,667,True,871.0,871.0,256,1000000
10000,5.0,0.2,0.005811331902860811,1.842068074395237,0.0031547867224009673,0.5589310799931435,4.999999999999999,one_minus_s_power,668,True,3506.0,3506.0,256,1000000
10000,5.0,0.2,0.005811331902860811,1.842068074395237,0.0031547867224009673,0.5589310799931435,4.999999999999999,one_minus_s_power,669,True,14064.0,14064.0,256,1000000
10000,5.0,0.2,0.005811331902860811,1.842068074395237,0.0031547867224009673,0.5589310799931435,4.999999999999999,one_minus_s_power,670,True,8239.0,8239.0,256,1000000
10000,5.0,0.2,0.005811331902860811,1.842068074395237,0.0031547867224009673,0.5589310799931435,4.999999999999999,one_minus_s_power,671,True,21721.0,21721.0,256,1000000
10000,5.0,0.2,0.005811331902860811,1.842068074395237,0.0031547867224009673,0.5589310799931435,4.999999999999999,one_minus_s_power,672,True,58721.0,58721.0,256,1000000
10000,5.0,0.2,0.005811331902860811,1.842068074395237,0.0031547867224009673,0.5589310799931435,4.999999999999999,one_minus_s_power,673,True,60576.0,60576.0,256,1000000
10000,5.0,0.2,0.005811331902860811,1.842068074395237,0.0031547867224009673,0.5589310799931435,4.999999999999999,one_minus_s_power,674,True,25619.0,25619.0,256,1000000
10000,5.0,0.2,0.005811331902860811,1.842068074395237,0.0031547867224009673,0.5589310799931435,4.999999999999999,one_minus_s_power,675,True,22591.0,22591.0,256,1000000
10000,5.0,0.2,0.005811331902860811,1.842068074395237,0.0031547867224009673,0.5589310799931435,4.999999999999999,one_minus_s_power,676,True,63314.0,63314.0,256,1000000
10000,5.0,0.2,0.005811331902860811,1.842068074395237,0.0031547867224009673,0.5589310799931435,4.999999999999999,one_minus_s_power,677,True,3721.0,3721.0,256,1000000
10000,5.0,0.2,0.005811331902860811,1.842068074395237,0.0031547867224009673,0.5589310799931435,4.999999999999999,one_minus_s_power,678,True,11493.0,11493.0,256,1000000
10000,5.0,0.2,0.005811331902860811,1.842068074395237,0.0031547867224009673,0.5589310799931435,4.999999999999999,one_minus_s_power,679,True,53471.0,53471.0,256,1000000
10000,5.0,0.2,0.005811331902860811,1.842068074395237,0.0031547867224009673,0.5589310799931435,4.999999999999999,one_minus_s_power,680,True,7944.0,7944.0,256,1000000
10000,5.0,0.2,0.005811331902860811,1.842068074395237,0.0031547867224009673,0.5589310799931435,4.999999999999999,one_minus_s_power,681,True,7058.0,7058.0,256,1000000
10000,5.0,0.2,0.005811331902860811,1.842068074395237,0.0031547867224009673,0.5589310799931435,4.999999999999999,one_minus_s_power,682,True,42667.0,42667.0,256,1000000
10000,5.0,0.2,0.005811331902860811,1.842068074395237,0.0031547867224009673,0.5589310799931435,4.999999999999999,one_minus_s_power,683,True,70745.0,70745.0,256,1000000
10000,5.0,0.2,0.005811331902860811,1.842068074395237,0.0031547867224009673,0.5589310799931435,4.999999999999999,one_minus_s_power,684,True,3916.0,3916.0,256,1000000
10000,5.0,0.2,0.005811331902860811,1.842068074395237,0.0031547867224009673,0.5589310799931435,4.999999999999999,one_minus_s_power,685,True,59535.0,59535.0,256,1000000
10000,5.0,0.2,0.005811331902860811,1.842068074395237,0.0031547867224009673,0.5589310799931435,4.999999999999999,one_minus_s_power,686,True,9050.0,9050.0,256,1000000
10000,5.0,0.2,0.005811331902860811,1.842068074395237,0.0031547867224009673,0.5589310799931435,4.999999999999999,one_minus_s_power,687,True,61986.0,61986.0,256,1000000
10000,5.0,0.2,0.005811331902860811,1.842068074395237,0.0031547867224009673,0.5589310799931435,4.999999999999999,one_minus_s_power,688,True,48533.0,48533.0,256,1000000
10000,5.0,0.2,0.005811331902860811,1.842068074395237,0.0031547867224009673,0.5589310799931435,4.999999999999999,one_minus_s_power,689,True,44174.0,44174.0,256,1000000
10000,5.0,0.2,0.005811331902860811,1.842068074395237,0.0031547867224009673,0.5589310799931435,4.999999999999999,one_minus_s_power,690,True,6658.0,6658.0,256,1000000
10000,5.0,0.2,0.005811331902860811,1.842068074395237,0.0031547867224009673,0.5589310799931435,4.999999999999999,one_minus_s_power,691,True,35217.0,35217.0,256,1000000
10000,5.0,0.2,0.005811331902860811,1.842068074395237,0.0031547867224009673,0.5589310799931435,4.999999999999999,one_minus_s_power,692,True,77668.0,77668.0,256,1000000
10000,5.0,0.2,0.005811331902860811,1.842068074395237,0.0031547867224009673,0.5589310799931435,4.999999999999999,one_minus_s_power,693,True,5474.0,5474.0,256,1000000
10000,5.0,0.2,0.005811331902860811,1.842068074395237,0.0031547867224009673,0.5589310799931435,4.999999999999999,one_minus_s_power,694,True,6121.0,6121.0,256,1000000
10000,5.0,0.2,0.005811331902860811,1.842068074395237,0.0031547867224009673,0.5589310799931435,4.999999999999999,one_minus_s_power,695,True,30554.0,30554.0,256,1000000
10000,5.0,0.2,0.005811331902860811,1.842068074395237,0.0031547867224009673,0.5589310799931435,4.999999999999999,one_minus_s_power,696,True,56763.0,56763.0,256,1000000
10000,5.0,0.2,0.005811331902860811,1.842068074395237,0.0031547867224009673,0.5589310799931435,4.999999999999999,one_minus_s_power,697,True,14921.0,14921.0,256,1000000
10000,5.0,0.2,0.005811331902860811,1.842068074395237,0.0031547867224009673,0.5589310799931435,4.999999999999999,one_minus_s_power,698,True,8222.0,8222.0,256,1000000
10000,5.0,0.2,0.005811331902860811,1.842068074395237,0.0031547867224009673,0.5589310799931435,4.999999999999999,one_minus_s_power,699,True,11943.0,11943.0,256,1000000
10000,5.0,0.2,0.005811331902860811,1.842068074395237,0.0031547867224009673,0.5589310799931435,4.999999999999999,one_minus_s_power,700,True,4337.0,4337.0,256,1000000
10000,5.0,0.2,0.005811331902860811,1.842068074395237,0.0031547867224009673,0.5589310799931435,4.999999999999999,one_minus_s_power,701,True,21575.0,21575.0,256,1000000
10000,5.0,0.2,0.005811331902860811,1.842068074395237,0.0031547867224009673,0.5589310799931435,4.999999999999999,one_minus_s_power,702,True,55829.0,55829.0,256,1000000
10000,5.0,0.2,0.005811331902860811,1.842068074395237,0.0031547867224009673,0.5589310799931435,4.999999999999999,one_minus_s_power,703,True,26686.0,26686.0,256,1000000
10000,5.0,0.2,0.005811331902860811,1.842068074395237,0.0031547867224009673,0.5589310799931435,4.999999999999999,one_minus_s_power,704,True,96778.0,96778.0,256,1000000
10000,5.0,0.2,0.005811331902860811,1.842068074395237,0.0031547867224009673,0.5589310799931435,4.999999999999999,one_minus_s_power,705,True,2620.0,2620.0,256,1000000
10000,5.0,0.2,0.005811331902860811,1.842068074395237,0.0031547867224009673,0.5589310799931435,4.999999999999999,one_minus_s_power,706,True,64538.0,64538.0,256,1000000
10000,5.0,0.2,0.005811331902860811,1.842068074395237,0.0031547867224009673,0.5589310799931435,4.999999999999999,one_minus_s_power,707,True,2787.0,2787.0,256,1000000
10000,5.0,0.2,0.005811331902860811,1.842068074395237,0.0031547867224009673,0.5589310799931435,4.999999999999999,one_minus_s_power,708,True,11361.0,11361.0,256,1000000
10000,5.0,0.2,0.005811331902860811,1.842068074395237,0.0031547867224009673,0.5589310799931435,4.999999999999999,one_minus_s_power,709,True,52499.0,52499.0,256,1000000
10000,5.0,0.2,0.005811331902860811,1.842068074395237,0.0031547867224009673,0.5589310799931435,4.999999999999999,one_minus_s_power,710,True,9146.0,9146.0,256,1000000
10000,5.0,0.2,0.005811331902860811,1.842068074395237,0.0031547867224009673,0.5589310799931435,4.999999999999999,one_minus_s_power,711,True,26083.0,26083.0,256,1000000
10000,5.0,0.2,0.005811331902860811,1.842068074395237,0.0031547867224009673,0.5589310799931435,4.999999999999999,one_minus_s_power,712,True,15115.0,15115.0,256,1000000
10000,5.0,0.2,0.005811331902860811,1.842068074395237,0.0031547867224009673,0.5589310799931435,4.999999999999999,one_minus_s_power,713,True,5025.0,5025.0,256,1000000
10000,5.0,0.2,0.005811331902860811,1.842068074395237,0.0031547867224009673,0.5589310799931435,4.999999999999999,one_minus_s_power,714,True,37411.0,37411.0,256,1000000
10000,5.0,0.2,0.005811331902860811,1.842068074395237,0.0031547867224009673,0.5589310799931435,4.999999999999999,one_minus_s_power,715,True,31024.0,31024.0,256,1000000
10000,5.0,0.2,0.005811331902860811,1.842068074395237,0.0031547867224009673,0.5589310799931435,4.999999999999999,one_minus_s_power,716,True,27777.0,27777.0,256,1000000
10000,5.0,0.2,0.005811331902860811,1.842068074395237,0.0031547867224009673,0.5589310799931435,4.999999999999999,one_minus_s_power,717,True,7105.0,7105.0,256,1000000
10000,5.0,0.2,0.005811331902860811,1.842068074395237,0.0031547867224009673,0.5589310799931435,4.999999999999999,one_minus_s_power,718,True,10235.0,10235.0,256,1000000
10000,5.0,0.2,0.005811331902860811,1.842068074395237,0.0031547867224009673,0.5589310799931435,4.999999999999999,one_minus_s_power,719,True,1253.0,1253.0,256,1000000
10000,5.0,0.2,0.005811331902860811,1.842068074395237,0.0031547867224009673,0.5589310799931435,4.999999999999999,one_minus_s_power,720,True,8131.0,8131.0,256,1000000
10000,5.0,0.2,0.005811331902860811,1.842068074395237,0.0031547867224009673,0.5589310799931435,4.999999999999999,one_minus_s_power,721,True,4931.0,4931.0,256,1000000
10000,5.0,0.2,0.005811331902860811,1.842068074395237,0.0031547867224009673,0.5589310799931435,4.999999999999999,one_minus_s_power,722,True,24423.0,24423.0,256,1000000
10000,5.0,0.2,0.005811331902860811,1.842068074395237,0.0031547867224009673,0.5589310799931435,4.999999999999999,one_minus_s_power,723,True,37673.0,37673.0,256,1000000
10000,5.0,0.2,0.005811331902860811,1.842068074395237,0.0031547867224009673,0.5589310799931435,4.999999999999999,one_minus_s_power,724,True,22656.0,22656.0,256,1000000
10000,5.0,0.2,0.005811331902860811,1.842068074395237,0.0031547867224009673,0.5589310799931435,4.999999999999999,one_minus_s_power,725,True,3711.0,3711.0,256,1000000
10000,5.0,0.2,0.005811331902860811,1.842068074395237,0.0031547867224009673,0.5589310799931435,4.999999999999999,one_minus_s_power,726,True,11690.0,11690.0,256,1000000
10000,5.0,0.2,0.005811331902860811,1.842068074395237,0.0031547867224009673,0.5589310799931435,4.999999999999999,one_minus_s_power,727,True,37258.0,37258.0,256,1000000
10000,5.0,0.2,0.005811331902860811,1.842068074395237,0.0031547867224009673,0.5589310799931435,4.999999999999999,one_minus_s_power,728,True,5250.0,5250.0,256,1000000
10000,5.0,0.2,0.005811331902860811,1.842068074395237,0.0031547867224009673,0.5589310799931435,4.999999999999999,one_minus_s_power,729,True,16565.0,16565.0,256,1000000
10000,5.0,0.2,0.005811331902860811,1.842068074395237,0.0031547867224009673,0.5589310799931435,4.999999999999999,one_minus_s_power,730,True,15995.0,15995.0,256,1000000
10000,5.0,0.2,0.005811331902860811,1.842068074395237,0.0031547867224009673,0.5589310799931435,4.999999999999999,one_minus_s_power,731,True,15946.0,15946.0,256,1000000
10000,5.0,0.2,0.005811331902860811,1.842068074395237,0.0031547867224009673,0.5589310799931435,4.999999999999999,one_minus_s_power,732,True,72796.0,72796.0,256,1000000
10000,5.0,0.2,0.005811331902860811,1.842068074395237,0.0031547867224009673,0.5589310799931435,4.999999999999999,one_minus_s_power,733,True,131791.0,131791.0,256,1000000
10000,5.0,0.2,0.005811331902860811,1.842068074395237,0.0031547867224009673,0.5589310799931435,4.999999999999999,one_minus_s_power,734,True,10691.0,10691.0,256,1000000
10000,5.0,0.2,0.005811331902860811,1.842068074395237,0.0031547867224009673,0.5589310799931435,4.999999999999999,one_minus_s_power,735,True,20727.0,20727.0,256,1000000
10000,5.0,0.2,0.005811331902860811,1.842068074395237,0.0031547867224009673,0.5589310799931435,4.999999999999999,one_minus_s_power,736,True,8269.0,8269.0,256,1000000
10000,5.0,0.2,0.005811331902860811,1.842068074395237,0.0031547867224009673,0.5589310799931435,4.999999999999999,one_minus_s_power,737,True,24961.0,24961.0,256,1000000
10000,5.0,0.2,0.005811331902860811,1.842068074395237,0.0031547867224009673,0.5589310799931435,4.999999999999999,one_minus_s_power,738,True,3446.0,3446.0,256,1000000
10000,5.0,0.2,0.005811331902860811,1.842068074395237,0.0031547867224009673,0.5589310799931435,4.999999999999999,one_minus_s_power,739,True,17146.0,17146.0,256,1000000
10000,5.0,0.2,0.005811331902860811,1.842068074395237,0.0031547867224009673,0.5589310799931435,4.999999999999999,one_minus_s_power,740,True,917.0,917.0,256,1000000
10000,5.0,0.2,0.005811331902860811,1.842068074395237,0.0031547867224009673,0.5589310799931435,4.999999999999999,one_minus_s_power,741,True,11893.0,11893.0,256,1000000
10000,5.0,0.2,0.005811331902860811,1.842068074395237,0.0031547867224009673,0.5589310799931435,4.999999999999999,one_minus_s_power,742,True,2359.0,2359.0,256,1000000
10000,5.0,0.2,0.005811331902860811,1.842068074395237,0.0031547867224009673,0.5589310799931435,4.999999999999999,one_minus_s_power,743,True,1938.0,1938.0,256,1000000
10000,5.0,0.2,0.005811331902860811,1.842068074395237,0.0031547867224009673,0.5589310799931435,4.999999999999999,one_minus_s_power,744,True,40028.0,40028.0,256,1000000
10000,5.0,0.2,0.005811331902860811,1.842068074395237,0.0031547867224009673,0.5589310799931435,4.999999999999999,one_minus_s_power,745,True,9390.0,9390.0,256,1000000
10000,5.0,0.2,0.005811331902860811,1.842068074395237,0.0031547867224009673,0.5589310799931435,4.999999999999999,one_minus_s_power,746,True,6898.0,6898.0,256,1000000
10000,5.0,0.2,0.005811331902860811,1.842068074395237,0.0031547867224009673,0.5589310799931435,4.999999999999999,one_minus_s_power,747,True,87759.0,87759.0,256,1000000
10000,5.0,0.2,0.005811331902860811,1.842068074395237,0.0031547867224009673,0.5589310799931435,4.999999999999999,one_minus_s_power,748,True,49192.0,49192.0,256,1000000
10000,5.0,0.2,0.005811331902860811,1.842068074395237,0.0031547867224009673,0.5589310799931435,4.999999999999999,one_minus_s_power,749,True,12745.0,12745.0,256,1000000
10000,5.0,0.2,0.005811331902860811,1.842068074395237,0.0031547867224009673,0.5589310799931435,4.999999999999999,one_minus_s_power,750,True,25301.0,25301.0,256,1000000
10000,5.0,0.2,0.005811331902860811,1.842068074395237,0.0031547867224009673,0.5589310799931435,4.999999999999999,one_minus_s_power,751,True,11016.0,11016.0,256,1000000
10000,5.0,0.2,0.005811331902860811,1.842068074395237,0.0031547867224009673,0.5589310799931435,4.999999999999999,one_minus_s_power,752,True,30881.0,30881.0,256,1000000
10000,5.0,0.2,0.005811331902860811,1.842068074395237,0.0031547867224009673,0.5589310799931435,4.999999999999999,one_minus_s_power,753,True,8447.0,8447.0,256,1000000
10000,5.0,0.2,0.005811331902860811,1.842068074395237,0.0031547867224009673,0.5589310799931435,4.999999999999999,one_minus_s_power,754,True,5110.0,5110.0,256,1000000
10000,5.0,0.2,0.005811331902860811,1.842068074395237,0.0031547867224009673,0.5589310799931435,4.999999999999999,one_minus_s_power,755,True,28724.0,28724.0,256,1000000
10000,5.0,0.2,0.005811331902860811,1.842068074395237,0.0031547867224009673,0.5589310799931435,4.999999999999999,one_minus_s_power,756,True,25935.0,25935.0,256,1000000
10000,5.0,0.2,0.005811331902860811,1.842068074395237,0.0031547867224009673,0.5589310799931435,4.999999999999999,one_minus_s_power,757,True,48908.0,48908.0,256,1000000
10000,5.0,0.2,0.005811331902860811,1.842068074395237,0.0031547867224009673,0.5589310799931435,4.999999999999999,one_minus_s_power,758,True,31400.0,31400.0,256,1000000
10000,5.0,0.2,0.005811331902860811,1.842068074395237,0.0031547867224009673,0.5589310799931435,4.999999999999999,one_minus_s_power,759,True,32552.0,32552.0,256,1000000
10000,5.0,0.2,0.005811331902860811,1.842068074395237,0.0031547867224009673,0.5589310799931435,4.999999999999999,one_minus_s_power,760,True,1680.0,1680.0,256,1000000
10000,5.0,0.2,0.005811331902860811,1.842068074395237,0.0031547867224009673,0.5589310799931435,4.999999999999999,one_minus_s_power,761,True,8672.0,8672.0,256,1000000
10000,5.0,0.2,0.005811331902860811,1.842068074395237,0.0031547867224009673,0.5589310799931435,4.999999999999999,one_minus_s_power,762,True,35789.0,35789.0,256,1000000
10000,5.0,0.2,0.005811331902860811,1.842068074395237,0.0031547867224009673,0.5589310799931435,4.999999999999999,one_minus_s_power,763,True,67194.0,67194.0,256,1000000
10000,5.0,0.2,0.005811331902860811,1.842068074395237,0.0031547867224009673,0.5589310799931435,4.999999999999999,one_minus_s_power,764,True,76347.0,76347.0,256,1000000
10000,5.0,0.2,0.005811331902860811,1.842068074395237,0.0031547867224009673,0.5589310799931435,4.999999999999999,one_minus_s_power,765,True,12319.0,12319.0,256,1000000
10000,5.0,0.2,0.005811331902860811,1.842068074395237,0.0031547867224009673,0.5589310799931435,4.999999999999999,one_minus_s_power,766,True,1189.0,1189.0,256,1000000
10000,5.0,0.2,0.005811331902860811,1.842068074395237,0.0031547867224009673,0.5589310799931435,4.999999999999999,one_minus_s_power,767,True,1810.0,1810.0,256,1000000
10000,5.0,0.2,0.005811331902860811,1.842068074395237,0.0031547867224009673,0.5589310799931435,4.999999999999999,one_minus_s_power,768,True,2837.0,2837.0,256,1000000
10000,5.0,0.2,0.005811331902860811,1.842068074395237,0.0031547867224009673,0.5589310799931435,4.999999999999999,one_minus_s_power,769,True,21590.0,21590.0,256,1000000
10000,5.0,0.2,0.005811331902860811,1.842068074395237,0.0031547867224009673,0.5589310799931435,4.999999999999999,one_minus_s_power,770,True,9072.0,9072.0,256,1000000
10000,5.0,0.2,0.005811331902860811,1.842068074395237,0.0031547867224009673,0.5589310799931435,4.999999999999999,one_minus_s_power,771,True,45685.0,45685.0,256,1000000
10000,5.0,0.2,0.005811331902860811,1.842068074395237,0.0031547867224009673,0.5589310799931435,4.999999999999999,one_minus_s_power,772,True,13481.0,13481.0,256,1000000
10000,5.0,0.2,0.005811331902860811,1.842068074395237,0.0031547867224009673,0.5589310799931435,4.999999999999999,one_minus_s_power,773,True,7727.0,7727.0,256,1000000
10000,5.0,0.2,0.005811331902860811,1.842068074395237,0.0031547867224009673,0.5589310799931435,4.999999999999999,one_minus_s_power,774,True,37500.0,37500.0,256,1000000
10000,5.0,0.2,0.005811331902860811,1.842068074395237,0.0031547867224009673,0.5589310799931435,4.999999999999999,one_minus_s_power,775,True,5805.0,5805.0,256,1000000
10000,5.0,0.2,0.005811331902860811,1.842068074395237,0.0031547867224009673,0.5589310799931435,4.999999999999999,one_minus_s_power,776,True,18079.0,18079.0,256,1000000
10000,5.0,0.2,0.005811331902860811,1.842068074395237,0.0031547867224009673,0.5589310799931435,4.999999999999999,one_minus_s_power,777,True,21266.0,21266.0,256,1000000
10000,5.0,0.2,0.005811331902860811,1.842068074395237,0.0031547867224009673,0.5589310799931435,4.999999999999999,one_minus_s_power,778,True,57836.0,57836.0,256,1000000
10000,5.0,0.2,0.005811331902860811,1.842068074395237,0.0031547867224009673,0.5589310799931435,4.999999999999999,one_minus_s_power,779,True,71562.0,71562.0,256,1000000
10000,5.0,0.2,0.005811331902860811,1.842068074395237,0.0031547867224009673,0.5589310799931435,4.999999999999999,one_minus_s_power,780,True,8526.0,8526.0,256,1000000
10000,5.0,0.2,0.005811331902860811,1.842068074395237,0.0031547867224009673,0.5589310799931435,4.999999999999999,one_minus_s_power,781,True,10893.0,10893.0,256,1000000
10000,5.0,0.2,0.005811331902860811,1.842068074395237,0.0031547867224009673,0.5589310799931435,4.999999999999999,one_minus_s_power,782,True,17159.0,17159.0,256,1000000
10000,5.0,0.2,0.005811331902860811,1.842068074395237,0.0031547867224009673,0.5589310799931435,4.999999999999999,one_minus_s_power,783,True,41354.0,41354.0,256,1000000
10000,5.0,0.2,0.005811331902860811,1.842068074395237,0.0031547867224009673,0.5589310799931435,4.999999999999999,one_minus_s_power,784,True,21484.0,21484.0,256,1000000
10000,5.0,0.2,0.005811331902860811,1.842068074395237,0.0031547867224009673,0.5589310799931435,4.999999999999999,one_minus_s_power,785,True,11566.0,11566.0,256,1000000
10000,5.0,0.2,0.005811331902860811,1.842068074395237,0.0031547867224009673,0.5589310799931435,4.999999999999999,one_minus_s_power,786,True,66660.0,66660.0,256,1000000
10000,5.0,0.2,0.005811331902860811,1.842068074395237,0.0031547867224009673,0.5589310799931435,4.999999999999999,one_minus_s_power,787,True,28925.0,28925.0,256,1000000
10000,5.0,0.2,0.005811331902860811,1.842068074395237,0.0031547867224009673,0.5589310799931435,4.999999999999999,one_minus_s_power,788,True,16274.0,16274.0,256,1000000
10000,5.0,0.2,0.005811331902860811,1.842068074395237,0.0031547867224009673,0.5589310799931435,4.999999999999999,one_minus_s_power,789,True,24560.0,24560.0,256,1000000
10000,5.0,0.2,0.005811331902860811,1.842068074395237,0.0031547867224009673,0.5589310799931435,4.999999999999999,one_minus_s_power,790,True,37777.0,37777.0,256,1000000
10000,5.0,0.2,0.005811331902860811,1.842068074395237,0.0031547867224009673,0.5589310799931435,4.999999999999999,one_minus_s_power,791,True,25194.0,25194.0,256,1000000
10000,5.0,0.2,0.005811331902860811,1.842068074395237,0.0031547867224009673,0.5589310799931435,4.999999999999999,one_minus_s_power,792,True,12182.0,12182.0,256,1000000
10000,5.0,0.2,0.005811331902860811,1.842068074395237,0.0031547867224009673,0.5589310799931435,4.999999999999999,one_minus_s_power,793,True,58395.0,58395.0,256,1000000
10000,5.0,0.2,0.005811331902860811,1.842068074395237,0.0031547867224009673,0.5589310799931435,4.999999999999999,one_minus_s_power,794,True,7248.0,7248.0,256,1000000
10000,5.0,0.2,0.005811331902860811,1.842068074395237,0.0031547867224009673,0.5589310799931435,4.999999999999999,one_minus_s_power,795,True,31533.0,31533.0,256,1000000
10000,5.0,0.2,0.005811331902860811,1.842068074395237,0.0031547867224009673,0.5589310799931435,4.999999999999999,one_minus_s_power,796,True,2922.0,2922.0,256,1000000
10000,5.0,0.2,0.005811331902860811,1.842068074395237,0.0031547867224009673,0.5589310799931435,4.999999999999999,one_minus_s_power,797,True,14715.0,14715.0,256,1000000
10000,5.0,0.2,0.005811331902860811,1.842068074395237,0.0031547867224009673,0.5589310799931435,4.999999999999999,one_minus_s_power,798,True,32964.0,32964.0,256,1000000
10000,5.0,0.2,0.005811331902860811,1.842068074395237,0.0031547867224009673,0.5589310799931435,4.999999999999999,one_minus_s_power,799,True,6892.0,6892.0,256,1000000
10000,5.0,0.2,0.005811331902860811,1.842068074395237,0.0031547867224009673,0.5589310799931435,4.999999999999999,one_minus_s_power,800,True,15695.0,15695.0,256,1000000
10000,5.0,0.2,0.005811331902860811,1.842068074395237,0.0031547867224009673,0.5589310799931435,4.999999999999999,one_minus_s_power,801,True,3076.0,3076.0,256,1000000
10000,5.0,0.2,0.005811331902860811,1.842068074395237,0.0031547867224009673,0.5589310799931435,4.999999999999999,one_minus_s_power,802,True,3389.0,3389.0,256,1000000
10000,5.0,0.2,0.005811331902860811,1.842068074395237,0.0031547867224009673,0.5589310799931435,4.999999999999999,one_minus_s_power,803,True,68320.0,68320.0,256,1000000
10000,5.0,0.2,0.005811331902860811,1.842068074395237,0.0031547867224009673,0.5589310799931435,4.999999999999999,one_minus_s_power,804,True,24191.0,24191.0,256,1000000
10000,5.0,0.2,0.005811331902860811,1.842068074395237,0.0031547867224009673,0.5589310799931435,4.999999999999999,one_minus_s_power,805,True,39467.0,39467.0,256,1000000
10000,5.0,0.2,0.005811331902860811,1.842068074395237,0.0031547867224009673,0.5589310799931435,4.999999999999999,one_minus_s_power,806,True,29581.0,29581.0,256,1000000
10000,5.0,0.2,0.005811331902860811,1.842068074395237,0.0031547867224009673,0.5589310799931435,4.999999999999999,one_minus_s_power,807,True,3297.0,3297.0,256,1000000
10000,5.0,0.2,0.005811331902860811,1.842068074395237,0.0031547867224009673,0.5589310799931435,4.999999999999999,one_minus_s_power,808,True,32146.0,32146.0,256,1000000
10000,5.0,0.2,0.005811331902860811,1.842068074395237,0.0031547867224009673,0.5589310799931435,4.999999999999999,one_minus_s_power,809,True,29277.0,29277.0,256,1000000
10000,5.0,0.2,0.005811331902860811,1.842068074395237,0.0031547867224009673,0.5589310799931435,4.999999999999999,one_minus_s_power,810,True,3326.0,3326.0,256,1000000
10000,5.0,0.2,0.005811331902860811,1.842068074395237,0.0031547867224009673,0.5589310799931435,4.999999999999999,one_minus_s_power,811,True,67107.0,67107.0,256,1000000
10000,5.0,0.2,0.005811331902860811,1.842068074395237,0.0031547867224009673,0.5589310799931435,4.999999999999999,one_minus_s_power,812,True,27474.0,27474.0,256,1000000
10000,5.0,0.2,0.005811331902860811,1.842068074395237,0.0031547867224009673,0.5589310799931435,4.999999999999999,one_minus_s_power,813,True,35787.0,35787.0,256,1000000
10000,5.0,0.2,0.005811331902860811,1.842068074395237,0.0031547867224009673,0.5589310799931435,4.999999999999999,one_minus_s_power,814,True,12160.0,12160.0,256,1000000
10000,5.0,0.2,0.005811331902860811,1.842068074395237,0.0031547867224009673,0.5589310799931435,4.999999999999999,one_minus_s_power,815,True,5927.0,5927.0,256,1000000
10000,5.0,0.2,0.005811331902860811,1.842068074395237,0.0031547867224009673,0.5589310799931435,4.999999999999999,one_minus_s_power,816,True,48976.0,48976.0,256,1000000
10000,5.0,0.2,0.005811331902860811,1.842068074395237,0.0031547867224009673,0.5589310799931435,4.999999999999999,one_minus_s_power,817,True,33432.0,33432.0,256,1000000
10000,5.0,0.2,0.005811331902860811,1.842068074395237,0.0031547867224009673,0.5589310799931435,4.999999999999999,one_minus_s_power,818,True,15709.0,15709.0,256,1000000
10000,5.0,0.2,0.005811331902860811,1.842068074395237,0.0031547867224009673,0.5589310799931435,4.999999999999999,one_minus_s_power,819,True,14677.0,14677.0,256,1000000
10000,5.0,0.2,0.005811331902860811,1.842068074395237,0.0031547867224009673,0.5589310799931435,4.999999999999999,one_minus_s_power,820,True,33257.0,33257.0,256,1000000
10000,5.0,0.2,0.005811331902860811,1.842068074395237,0.0031547867224009673,0.5589310799931435,4.999999999999999,one_minus_s_power,821,True,125459.0,125459.0,256,1000000
10000,5.0,0.2,0.005811331902860811,1.842068074395237,0.0031547867224009673,0.5589310799931435,4.999999999999999,one_minus_s_power,822,True,2714.0,2714.0,256,1000000
10000,5.0,0.2,0.005811331902860811,1.842068074395237,0.0031547867224009673,0.5589310799931435,4.999999999999999,one_minus_s_power,823,True,24256.0,24256.0,256,1000000
10000,5.0,0.2,0.005811331902860811,1.842068074395237,0.0031547867224009673,0.5589310799931435,4.999999999999999,one_minus_s_power,824,True,39995.0,39995.0,256,1000000
10000,5.0,0.2,0.005811331902860811,1.842068074395237,0.0031547867224009673,0.5589310799931435,4.999999999999999,one_minus_s_power,825,True,28202.0,28202.0,256,1000000
10000,5.0,0.2,0.005811331902860811,1.842068074395237,0.0031547867224009673,0.5589310799931435,4.999999999999999,one_minus_s_power,826,True,6585.0,6585.0,256,1000000
10000,5.0,0.2,0.005811331902860811,1.842068074395237,0.0031547867224009673,0.5589310799931435,4.999999999999999,one_minus_s_power,827,True,1651.0,1651.0,256,1000000
10000,5.0,0.2,0.005811331902860811,1.842068074395237,0.0031547867224009673,0.5589310799931435,4.999999999999999,one_minus_s_power,828,True,91807.0,91807.0,256,1000000
10000,5.0,0.2,0.005811331902860811,1.842068074395237,0.0031547867224009673,0.5589310799931435,4.999999999999999,one_minus_s_power,829,True,13330.0,13330.0,256,1000000
10000,5.0,0.2,0.005811331902860811,1.842068074395237,0.0031547867224009673,0.5589310799931435,4.999999999999999,one_minus_s_power,830,True,51800.0,51800.0,256,1000000
10000,5.0,0.2,0.005811331902860811,1.842068074395237,0.0031547867224009673,0.5589310799931435,4.999999999999999,one_minus_s_power,831,True,9297.0,9297.0,256,1000000
10000,5.0,0.2,0.005811331902860811,1.842068074395237,0.0031547867224009673,0.5589310799931435,4.999999999999999,one_minus_s_power,832,True,5863.0,5863.0,256,1000000
10000,5.0,0.2,0.005811331902860811,1.842068074395237,0.0031547867224009673,0.5589310799931435,4.999999999999999,one_minus_s_power,833,True,15927.0,15927.0,256,1000000
10000,5.0,0.2,0.005811331902860811,1.842068074395237,0.0031547867224009673,0.5589310799931435,4.999999999999999,one_minus_s_power,834,True,2876.0,2876.0,256,1000000
10000,5.0,0.2,0.005811331902860811,1.842068074395237,0.0031547867224009673,0.5589310799931435,4.999999999999999,one_minus_s_power,835,True,8670.0,8670.0,256,1000000
10000,5.0,0.2,0.005811331902860811,1.842068074395237,0.0031547867224009673,0.5589310799931435,4.999999999999999,one_minus_s_power,836,True,3723.0,3723.0,256,1000000
10000,5.0,0.2,0.005811331902860811,1.842068074395237,0.0031547867224009673,0.5589310799931435,4.999999999999999,one_minus_s_power,837,True,21924.0,21924.0,256,1000000
10000,5.0,0.2,0.005811331902860811,1.842068074395237,0.0031547867224009673,0.5589310799931435,4.999999999999999,one_minus_s_power,838,True,18188.0,18188.0,256,1000000
10000,5.0,0.2,0.005811331902860811,1.842068074395237,0.0031547867224009673,0.5589310799931435,4.999999999999999,one_minus_s_power,839,True,16880.0,16880.0,256,1000000
10000,5.0,0.2,0.005811331902860811,1.842068074395237,0.0031547867224009673,0.5589310799931435,4.999999999999999,one_minus_s_power,840,True,1863.0,1863.0,256,1000000
10000,5.0,0.2,0.005811331902860811,1.842068074395237,0.0031547867224009673,0.5589310799931435,4.999999999999999,one_minus_s_power,841,True,27550.0,27550.0,256,1000000
10000,5.0,0.2,0.005811331902860811,1.842068074395237,0.0031547867224009673,0.5589310799931435,4.999999999999999,one_minus_s_power,842,True,33480.0,33480.0,256,1000000
10000,5.0,0.2,0.005811331902860811,1.842068074395237,0.0031547867224009673,0.5589310799931435,4.999999999999999,one_minus_s_power,843,True,10602.0,10602.0,256,1000000
10000,5.0,0.2,0.005811331902860811,1.842068074395237,0.0031547867224009673,0.5589310799931435,4.999999999999999,one_minus_s_power,844,True,16724.0,16724.0,256,1000000
10000,5.0,0.2,0.005811331902860811,1.842068074395237,0.0031547867224009673,0.5589310799931435,4.999999999999999,one_minus_s_power,845,True,6137.0,6137.0,256,1000000
10000,5.0,0.2,0.005811331902860811,1.842068074395237,0.0031547867224009673,0.5589310799931435,4.999999999999999,one_minus_s_power,846,True,92586.0,92586.0,256,1000000
10000,5.0,0.2,0.005811331902860811,1.842068074395237,0.0031547867224009673,0.5589310799931435,4.999999999999999,one_minus_s_power,847,True,44733.0,44733.0,256,1000000
10000,5.0,0.2,0.005811331902860811,1.842068074395237,0.0031547867224009673,0.5589310799931435,4.999999999999999,one_minus_s_power,848,True,5033.0,5033.0,256,1000000
10000,5.0,0.2,0.005811331902860811,1.842068074395237,0.0031547867224009673,0.5589310799931435,4.999999999999999,one_minus_s_power,849,True,1615.0,1615.0,256,1000000
10000,5.0,0.2,0.005811331902860811,1.842068074395237,0.0031547867224009673,0.5589310799931435,4.999999999999999,one_minus_s_power,850,True,16394.0,16394.0,256,1000000
10000,5.0,0.2,0.005811331902860811,1.842068074395237,0.0031547867224009673,0.5589310799931435,4.999999999999999,one_minus_s_power,851,True,9643.0,9643.0,256,1000000
10000,5.0,0.2,0.005811331902860811,1.842068074395237,0.0031547867224009673,0.5589310799931435,4.999999999999999,one_minus_s_power,852,True,30118.0,30118.0,256,1000000
10000,5.0,0.2,0.005811331902860811,1.842068074395237,0.0031547867224009673,0.5589310799931435,4.999999999999999,one_minus_s_power,853,True,66254.0,66254.0,256,1000000
10000,5.0,0.2,0.005811331902860811,1.842068074395237,0.0031547867224009673,0.5589310799931435,4.999999999999999,one_minus_s_power,854,True,16208.0,16208.0,256,1000000
10000,5.0,0.2,0.005811331902860811,1.842068074395237,0.0031547867224009673,0.5589310799931435,4.999999999999999,one_minus_s_power,855,True,61195.0,61195.0,256,1000000
10000,5.0,0.2,0.005811331902860811,1.842068074395237,0.0031547867224009673,0.5589310799931435,4.999999999999999,one_minus_s_power,856,True,46844.0,46844.0,256,1000000
10000,5.0,0.2,0.005811331902860811,1.842068074395237,0.0031547867224009673,0.5589310799931435,4.999999999999999,one_minus_s_power,857,True,107385.0,107385.0,256,1000000
10000,5.0,0.2,0.005811331902860811,1.842068074395237,0.0031547867224009673,0.5589310799931435,4.999999999999999,one_minus_s_power,858,True,27628.0,27628.0,256,1000000
10000,5.0,0.2,0.005811331902860811,1.842068074395237,0.0031547867224009673,0.5589310799931435,4.999999999999999,one_minus_s_power,859,True,2147.0,2147.0,256,1000000
10000,5.0,0.2,0.005811331902860811,1.842068074395237,0.0031547867224009673,0.5589310799931435,4.999999999999999,one_minus_s_power,860,True,21451.0,21451.0,256,1000000
10000,5.0,0.2,0.005811331902860811,1.842068074395237,0.0031547867224009673,0.5589310799931435,4.999999999999999,one_minus_s_power,861,True,4246.0,4246.0,256,1000000
10000,5.0,0.2,0.005811331902860811,1.842068074395237,0.0031547867224009673,0.5589310799931435,4.999999999999999,one_minus_s_power,862,True,13999.0,13999.0,256,1000000
10000,5.0,0.2,0.005811331902860811,1.842068074395237,0.0031547867224009673,0.5589310799931435,4.999999999999999,one_minus_s_power,863,True,86458.0,86458.0,256,1000000
10000,5.0,0.2,0.005811331902860811,1.842068074395237,0.0031547867224009673,0.5589310799931435,4.999999999999999,one_minus_s_power,864,True,32411.0,32411.0,256,1000000
10000,5.0,0.2,0.005811331902860811,1.842068074395237,0.0031547867224009673,0.5589310799931435,4.999999999999999,one_minus_s_power,865,True,37462.0,37462.0,256,1000000
10000,5.0,0.2,0.005811331902860811,1.842068074395237,0.0031547867224009673,0.5589310799931435,4.999999999999999,one_minus_s_power,866,True,63350.0,63350.0,256,1000000
10000,5.0,0.2,0.005811331902860811,1.842068074395237,0.0031547867224009673,0.5589310799931435,4.999999999999999,one_minus_s_power,867,True,3157.0,3157.0,256,1000000
10000,5.0,0.2,0.005811331902860811,1.842068074395237,0.0031547867224009673,0.5589310799931435,4.999999999999999,one_minus_s_power,868,True,21600.0,21600.0,256,1000000
10000,5.0,0.2,0.005811331902860811,1.842068074395237,0.0031547867224009673,0.5589310799931435,4.999999999999999,one_minus_s_power,869,True,9774.0,9774.0,256,1000000
10000,5.0,0.2,0.005811331902860811,1.842068074395237,0.0031547867224009673,0.5589310799931435,4.999999999999999,one_minus_s_power,870,True,7238.0,7238.0,256,1000000
10000,5.0,0.2,0.005811331902860811,1.842068074395237,0.0031547867224009673,0.5589310799931435,4.999999999999999,one_minus_s_power,871,True,6186.0,6186.0,256,1000000
10000,5.0,0.2,0.005811331902860811,1.842068074395237,0.0031547867224009673,0.5589310799931435,4.999999999999999,one_minus_s_power,872,True,40262.0,40262.0,256,1000000
10000,5.0,0.2,0.005811331902860811,1.842068074395237,0.0031547867224009673,0.5589310799931435,4.999999999999999,one_minus_s_power,873,True,22746.0,22746.0,256,1000000
10000,5.0,0.2,0.005811331902860811,1.842068074395237,0.0031547867224009673,0.5589310799931435,4.999999999999999,one_minus_s_power,874,True,1286.0,1286.0,256,1000000
10000,5.0,0.2,0.005811331902860811,1.842068074395237,0.0031547867224009673,0.5589310799931435,4.999999999999999,one_minus_s_power,875,True,1171.0,1171.0,256,1000000
10000,5.0,0.2,0.005811331902860811,1.842068074395237,0.0031547867224009673,0.5589310799931435,4.999999999999999,one_minus_s_power,876,True,28514.0,28514.0,256,1000000
10000,5.0,0.2,0.005811331902860811,1.842068074395237,0.0031547867224009673,0.5589310799931435,4.999999999999999,one_minus_s_power,877,True,42698.0,42698.0,256,1000000
10000,5.0,0.2,0.005811331902860811,1.842068074395237,0.0031547867224009673,0.5589310799931435,4.999999999999999,one_minus_s_power,878,True,47638.0,47638.0,256,1000000
10000,5.0,0.2,0.005811331902860811,1.842068074395237,0.0031547867224009673,0.5589310799931435,4.999999999999999,one_minus_s_power,879,True,86441.0,86441.0,256,1000000
10000,5.0,0.2,0.005811331902860811,1.842068074395237,0.0031547867224009673,0.5589310799931435,4.999999999999999,one_minus_s_power,880,True,19157.0,19157.0,256,1000000
10000,5.0,0.2,0.005811331902860811,1.842068074395237,0.0031547867224009673,0.5589310799931435,4.999999999999999,one_minus_s_power,881,True,8716.0,8716.0,256,1000000
10000,5.0,0.2,0.005811331902860811,1.842068074395237,0.0031547867224009673,0.5589310799931435,4.999999999999999,one_minus_s_power,882,True,66695.0,66695.0,256,1000000
10000,5.0,0.2,0.005811331902860811,1.842068074395237,0.0031547867224009673,0.5589310799931435,4.999999999999999,one_minus_s_power,883,True,9615.0,9615.0,256,1000000
10000,5.0,0.2,0.005811331902860811,1.842068074395237,0.0031547867224009673,0.5589310799931435,4.999999999999999,one_minus_s_power,884,True,5479.0,5479.0,256,1000000
10000,5.0,0.2,0.005811331902860811,1.842068074395237,0.0031547867224009673,0.5589310799931435,4.999999999999999,one_minus_s_power,885,True,1950.0,1950.0,256,1000000
10000,5.0,0.2,0.005811331902860811,1.842068074395237,0.0031547867224009673,0.5589310799931435,4.999999999999999,one_minus_s_power,886,True,4192.0,4192.0,256,1000000
10000,5.0,0.2,0.005811331902860811,1.842068074395237,0.0031547867224009673,0.5589310799931435,4.999999999999999,one_minus_s_power,887,True,29045.0,29045.0,256,1000000
10000,5.0,0.2,0.005811331902860811,1.842068074395237,0.0031547867224009673,0.5589310799931435,4.999999999999999,one_minus_s_power,888,True,3367.0,3367.0,256,1000000
10000,5.0,0.2,0.005811331902860811,1.842068074395237,0.0031547867224009673,0.5589310799931435,4.999999999999999,one_minus_s_power,889,True,6235.0,6235.0,256,1000000
10000,5.0,0.2,0.005811331902860811,1.842068074395237,0.0031547867224009673,0.5589310799931435,4.999999999999999,one_minus_s_power,890,True,15094.0,15094.0,256,1000000
10000,5.0,0.2,0.005811331902860811,1.842068074395237,0.0031547867224009673,0.5589310799931435,4.999999999999999,one_minus_s_power,891,True,18892.0,18892.0,256,1000000
10000,5.0,0.2,0.005811331902860811,1.842068074395237,0.0031547867224009673,0.5589310799931435,4.999999999999999,one_minus_s_power,892,True,2611.0,2611.0,256,1000000
10000,5.0,0.2,0.005811331902860811,1.842068074395237,0.0031547867224009673,0.5589310799931435,4.999999999999999,one_minus_s_power,893,True,40019.0,40019.0,256,1000000
10000,5.0,0.2,0.005811331902860811,1.842068074395237,0.0031547867224009673,0.5589310799931435,4.999999999999999,one_minus_s_power,894,True,19474.0,19474.0,256,1000000
10000,5.0,0.2,0.005811331902860811,1.842068074395237,0.0031547867224009673,0.5589310799931435,4.999999999999999,one_minus_s_power,895,True,48056.0,48056.0,256,1000000
10000,5.0,0.2,0.005811331902860811,1.842068074395237,0.0031547867224009673,0.5589310799931435,4.999999999999999,one_minus_s_power,896,True,10886.0,10886.0,256,1000000
10000,5.0,0.2,0.005811331902860811,1.842068074395237,0.0031547867224009673,0.5589310799931435,4.999999999999999,one_minus_s_power,897,True,26950.0,26950.0,256,1000000
10000,5.0,0.2,0.005811331902860811,1.842068074395237,0.0031547867224009673,0.5589310799931435,4.999999999999999,one_minus_s_power,898,True,19772.0,19772.0,256,1000000
10000,5.0,0.2,0.005811331902860811,1.842068074395237,0.0031547867224009673,0.5589310799931435,4.999999999999999,one_minus_s_power,899,True,11757.0,11757.0,256,1000000
10000,5.0,0.2,0.005811331902860811,1.842068074395237,0.0031547867224009673,0.5589310799931435,4.999999999999999,one_minus_s_power,900,True,47729.0,47729.0,256,1000000
10000,5.0,0.2,0.005811331902860811,1.842068074395237,0.0031547867224009673,0.5589310799931435,4.999999999999999,one_minus_s_power,901,True,112122.0,112122.0,256,1000000
10000,5.0,0.2,0.005811331902860811,1.842068074395237,0.0031547867224009673,0.5589310799931435,4.999999999999999,one_minus_s_power,902,True,62834.0,62834.0,256,1000000
10000,5.0,0.2,0.005811331902860811,1.842068074395237,0.0031547867224009673,0.5589310799931435,4.999999999999999,one_minus_s_power,903,True,1532.0,1532.0,256,1000000
10000,5.0,0.2,0.005811331902860811,1.842068074395237,0.0031547867224009673,0.5589310799931435,4.999999999999999,one_minus_s_power,904,True,74762.0,74762.0,256,1000000
10000,5.0,0.2,0.005811331902860811,1.842068074395237,0.0031547867224009673,0.5589310799931435,4.999999999999999,one_minus_s_power,905,True,19583.0,19583.0,256,1000000
10000,5.0,0.2,0.005811331902860811,1.842068074395237,0.0031547867224009673,0.5589310799931435,4.999999999999999,one_minus_s_power,906,True,49307.0,49307.0,256,1000000
10000,5.0,0.2,0.005811331902860811,1.842068074395237,0.0031547867224009673,0.5589310799931435,4.999999999999999,one_minus_s_power,907,True,12487.0,12487.0,256,1000000
10000,5.0,0.2,0.005811331902860811,1.842068074395237,0.0031547867224009673,0.5589310799931435,4.999999999999999,one_minus_s_power,908,True,10362.0,10362.0,256,1000000
10000,5.0,0.2,0.005811331902860811,1.842068074395237,0.0031547867224009673,0.5589310799931435,4.999999999999999,one_minus_s_power,909,True,28633.0,28633.0,256,1000000
10000,5.0,0.2,0.005811331902860811,1.842068074395237,0.0031547867224009673,0.5589310799931435,4.999999999999999,one_minus_s_power,910,True,8068.0,8068.0,256,1000000
10000,5.0,0.2,0.005811331902860811,1.842068074395237,0.0031547867224009673,0.5589310799931435,4.999999999999999,one_minus_s_power,911,True,8436.0,8436.0,256,1000000
10000,5.0,0.2,0.005811331902860811,1.842068074395237,0.0031547867224009673,0.5589310799931435,4.999999999999999,one_minus_s_power,912,True,30854.0,30854.0,256,1000000
10000,5.0,0.2,0.005811331902860811,1.842068074395237,0.0031547867224009673,0.5589310799931435,4.999999999999999,one_minus_s_power,913,True,4404.0,4404.0,256,1000000
10000,5.0,0.2,0.005811331902860811,1.842068074395237,0.0031547867224009673,0.5589310799931435,4.999999999999999,one_minus_s_power,914,True,3176.0,3176.0,256,1000000
10000,5.0,0.2,0.005811331902860811,1.842068074395237,0.0031547867224009673,0.5589310799931435,4.999999999999999,one_minus_s_power,915,True,14303.0,14303.0,256,1000000
10000,5.0,0.2,0.005811331902860811,1.842068074395237,0.0031547867224009673,0.5589310799931435,4.999999999999999,one_minus_s_power,916,True,17657.0,17657.0,256,1000000
10000,5.0,0.2,0.005811331902860811,1.842068074395237,0.0031547867224009673,0.5589310799931435,4.999999999999999,one_minus_s_power,917,True,10402.0,10402.0,256,1000000
10000,5.0,0.2,0.005811331902860811,1.842068074395237,0.0031547867224009673,0.5589310799931435,4.999999999999999,one_minus_s_power,918,True,3212.0,3212.0,256,1000000
10000,5.0,0.2,0.005811331902860811,1.842068074395237,0.0031547867224009673,0.5589310799931435,4.999999999999999,one_minus_s_power,919,True,4240.0,4240.0,256,1000000
10000,5.0,0.2,0.005811331902860811,1.842068074395237,0.0031547867224009673,0.5589310799931435,4.999999999999999,one_minus_s_power,920,True,4679.0,4679.0,256,1000000
10000,5.0,0.2,0.005811331902860811,1.842068074395237,0.0031547867224009673,0.5589310799931435,4.999999999999999,one_minus_s_power,921,True,5312.0,5312.0,256,1000000
10000,5.0,0.2,0.005811331902860811,1.842068074395237,0.0031547867224009673,0.5589310799931435,4.999999999999999,one_minus_s_power,922,True,8316.0,8316.0,256,1000000
10000,5.0,0.2,0.005811331902860811,1.842068074395237,0.0031547867224009673,0.5589310799931435,4.999999999999999,one_minus_s_power,923,True,2744.0,2744.0,256,1000000
10000,5.0,0.2,0.005811331902860811,1.842068074395237,0.0031547867224009673,0.5589310799931435,4.999999999999999,one_minus_s_power,924,True,32997.0,32997.0,256,1000000
10000,5.0,0.2,0.005811331902860811,1.842068074395237,0.0031547867224009673,0.5589310799931435,4.999999999999999,one_minus_s_power,925,True,3533.0,3533.0,256,1000000
10000,5.0,0.2,0.005811331902860811,1.842068074395237,0.0031547867224009673,0.5589310799931435,4.999999999999999,one_minus_s_power,926,True,845.0,845.0,256,1000000
10000,5.0,0.2,0.005811331902860811,1.842068074395237,0.0031547867224009673,0.5589310799931435,4.999999999999999,one_minus_s_power,927,True,41753.0,41753.0,256,1000000
10000,5.0,0.2,0.005811331902860811,1.842068074395237,0.0031547867224009673,0.5589310799931435,4.999999999999999,one_minus_s_power,928,True,68024.0,68024.0,256,1000000
10000,5.0,0.2,0.005811331902860811,1.842068074395237,0.0031547867224009673,0.5589310799931435,4.999999999999999,one_minus_s_power,929,True,47284.0,47284.0,256,1000000
10000,5.0,0.2,0.005811331902860811,1.842068074395237,0.0031547867224009673,0.5589310799931435,4.999999999999999,one_minus_s_power,930,True,60909.0,60909.0,256,1000000
10000,5.0,0.2,0.005811331902860811,1.842068074395237,0.0031547867224009673,0.5589310799931435,4.999999999999999,one_minus_s_power,931,True,3566.0,3566.0,256,1000000
10000,5.0,0.2,0.005811331902860811,1.842068074395237,0.0031547867224009673,0.5589310799931435,4.999999999999999,one_minus_s_power,932,True,42062.0,42062.0,256,1000000
10000,5.0,0.2,0.005811331902860811,1.842068074395237,0.0031547867224009673,0.5589310799931435,4.999999999999999,one_minus_s_power,933,True,15082.0,15082.0,256,1000000
10000,5.0,0.2,0.005811331902860811,1.842068074395237,0.0031547867224009673,0.5589310799931435,4.999999999999999,one_minus_s_power,934,True,15410.0,15410.0,256,1000000
10000,5.0,0.2,0.005811331902860811,1.842068074395237,0.0031547867224009673,0.5589310799931435,4.999999999999999,one_minus_s_power,935,True,54761.0,54761.0,256,1000000
10000,5.0,0.2,0.005811331902860811,1.842068074395237,0.0031547867224009673,0.5589310799931435,4.999999999999999,one_minus_s_power,936,True,13096.0,13096.0,256,1000000
10000,5.0,0.2,0.005811331902860811,1.842068074395237,0.0031547867224009673,0.5589310799931435,4.999999999999999,one_minus_s_power,937,True,5135.0,5135.0,256,1000000
10000,5.0,0.2,0.005811331902860811,1.842068074395237,0.0031547867224009673,0.5589310799931435,4.999999999999999,one_minus_s_power,938,True,18146.0,18146.0,256,1000000
10000,5.0,0.2,0.005811331902860811,1.842068074395237,0.0031547867224009673,0.5589310799931435,4.999999999999999,one_minus_s_power,939,True,17205.0,17205.0,256,1000000
10000,5.0,0.2,0.005811331902860811,1.842068074395237,0.0031547867224009673,0.5589310799931435,4.999999999999999,one_minus_s_power,940,True,19035.0,19035.0,256,1000000
10000,5.0,0.2,0.005811331902860811,1.842068074395237,0.0031547867224009673,0.5589310799931435,4.999999999999999,one_minus_s_power,941,True,1565.0,1565.0,256,1000000
10000,5.0,0.2,0.005811331902860811,1.842068074395237,0.0031547867224009673,0.5589310799931435,4.999999999999999,one_minus_s_power,942,True,34551.0,34551.0,256,1000000
10000,5.0,0.2,0.005811331902860811,1.842068074395237,0.0031547867224009673,0.5589310799931435,4.999999999999999,one_minus_s_power,943,True,5844.0,5844.0,256,1000000
10000,5.0,0.2,0.005811331902860811,1.842068074395237,0.0031547867224009673,0.5589310799931435,4.999999999999999,one_minus_s_power,944,True,22681.0,22681.0,256,1000000
10000,5.0,0.2,0.005811331902860811,1.842068074395237,0.0031547867224009673,0.5589310799931435,4.999999999999999,one_minus_s_power,945,True,1433.0,1433.0,256,1000000
10000,5.0,0.2,0.005811331902860811,1.842068074395237,0.0031547867224009673,0.5589310799931435,4.999999999999999,one_minus_s_power,946,True,28042.0,28042.0,256,1000000
10000,5.0,0.2,0.005811331902860811,1.842068074395237,0.0031547867224009673,0.5589310799931435,4.999999999999999,one_minus_s_power,947,True,4634.0,4634.0,256,1000000
10000,5.0,0.2,0.005811331902860811,1.842068074395237,0.0031547867224009673,0.5589310799931435,4.999999999999999,one_minus_s_power,948,True,81680.0,81680.0,256,1000000
10000,5.0,0.2,0.005811331902860811,1.842068074395237,0.0031547867224009673,0.5589310799931435,4.999999999999999,one_minus_s_power,949,True,17848.0,17848.0,256,1000000
10000,5.0,0.2,0.005811331902860811,1.842068074395237,0.0031547867224009673,0.5589310799931435,4.999999999999999,one_minus_s_power,950,True,22132.0,22132.0,256,1000000
10000,5.0,0.2,0.005811331902860811,1.842068074395237,0.0031547867224009673,0.5589310799931435,4.999999999999999,one_minus_s_power,951,True,11981.0,11981.0,256,1000000
10000,5.0,0.2,0.005811331902860811,1.842068074395237,0.0031547867224009673,0.5589310799931435,4.999999999999999,one_minus_s_power,952,True,74704.0,74704.0,256,1000000
10000,5.0,0.2,0.005811331902860811,1.842068074395237,0.0031547867224009673,0.5589310799931435,4.999999999999999,one_minus_s_power,953,True,18486.0,18486.0,256,1000000
10000,5.0,0.2,0.005811331902860811,1.842068074395237,0.0031547867224009673,0.5589310799931435,4.999999999999999,one_minus_s_power,954,True,35246.0,35246.0,256,1000000
10000,5.0,0.2,0.005811331902860811,1.842068074395237,0.0031547867224009673,0.5589310799931435,4.999999999999999,one_minus_s_power,955,True,10129.0,10129.0,256,1000000
10000,5.0,0.2,0.005811331902860811,1.842068074395237,0.0031547867224009673,0.5589310799931435,4.999999999999999,one_minus_s_power,956,True,10935.0,10935.0,256,1000000
10000,5.0,0.2,0.005811331902860811,1.842068074395237,0.0031547867224009673,0.5589310799931435,4.999999999999999,one_minus_s_power,957,True,7487.0,7487.0,256,1000000
10000,5.0,0.2,0.005811331902860811,1.842068074395237,0.0031547867224009673,0.5589310799931435,4.999999999999999,one_minus_s_power,958,True,2850.0,2850.0,256,1000000
10000,5.0,0.2,0.005811331902860811,1.842068074395237,0.0031547867224009673,0.5589310799931435,4.999999999999999,one_minus_s_power,959,True,31945.0,31945.0,256,1000000
10000,5.0,0.2,0.005811331902860811,1.842068074395237,0.0031547867224009673,0.5589310799931435,4.999999999999999,one_minus_s_power,960,True,23549.0,23549.0,256,1000000
10000,5.0,0.2,0.005811331902860811,1.842068074395237,0.0031547867224009673,0.5589310799931435,4.999999999999999,one_minus_s_power,961,True,16991.0,16991.0,256,1000000
10000,5.0,0.2,0.005811331902860811,1.842068074395237,0.0031547867224009673,0.5589310799931435,4.999999999999999,one_minus_s_power,962,True,5925.0,5925.0,256,1000000
10000,5.0,0.2,0.005811331902860811,1.842068074395237,0.0031547867224009673,0.5589310799931435,4.999999999999999,one_minus_s_power,963,True,14425.0,14425.0,256,1000000
10000,5.0,0.2,0.005811331902860811,1.842068074395237,0.0031547867224009673,0.5589310799931435,4.999999999999999,one_minus_s_power,964,True,36925.0,36925.0,256,1000000
10000,5.0,0.2,0.005811331902860811,1.842068074395237,0.0031547867224009673,0.5589310799931435,4.999999999999999,one_minus_s_power,965,True,27343.0,27343.0,256,1000000
10000,5.0,0.2,0.005811331902860811,1.842068074395237,0.0031547867224009673,0.5589310799931435,4.999999999999999,one_minus_s_power,966,True,34685.0,34685.0,256,1000000
10000,5.0,0.2,0.005811331902860811,1.842068074395237,0.0031547867224009673,0.5589310799931435,4.999999999999999,one_minus_s_power,967,True,14776.0,14776.0,256,1000000
10000,5.0,0.2,0.005811331902860811,1.842068074395237,0.0031547867224009673,0.5589310799931435,4.999999999999999,one_minus_s_power,968,True,17227.0,17227.0,256,1000000
10000,5.0,0.2,0.005811331902860811,1.842068074395237,0.0031547867224009673,0.5589310799931435,4.999999999999999,one_minus_s_power,969,True,2698.0,2698.0,256,1000000
10000,5.0,0.2,0.005811331902860811,1.842068074395237,0.0031547867224009673,0.5589310799931435,4.999999999999999,one_minus_s_power,970,True,32363.0,32363.0,256,1000000
10000,5.0,0.2,0.005811331902860811,1.842068074395237,0.0031547867224009673,0.5589310799931435,4.999999999999999,one_minus_s_power,971,True,3848.0,3848.0,256,1000000
10000,5.0,0.2,0.005811331902860811,1.842068074395237,0.0031547867224009673,0.5589310799931435,4.999999999999999,one_minus_s_power,972,True,5680.0,5680.0,256,1000000
10000,5.0,0.2,0.005811331902860811,1.842068074395237,0.0031547867224009673,0.5589310799931435,4.999999999999999,one_minus_s_power,973,True,18088.0,18088.0,256,1000000
10000,5.0,0.2,0.005811331902860811,1.842068074395237,0.0031547867224009673,0.5589310799931435,4.999999999999999,one_minus_s_power,974,True,35712.0,35712.0,256,1000000
10000,5.0,0.2,0.005811331902860811,1.842068074395237,0.0031547867224009673,0.5589310799931435,4.999999999999999,one_minus_s_power,975,True,19663.0,19663.0,256,1000000
10000,5.0,0.2,0.005811331902860811,1.842068074395237,0.0031547867224009673,0.5589310799931435,4.999999999999999,one_minus_s_power,976,True,4529.0,4529.0,256,1000000
10000,5.0,0.2,0.005811331902860811,1.842068074395237,0.0031547867224009673,0.5589310799931435,4.999999999999999,one_minus_s_power,977,True,11889.0,11889.0,256,1000000
10000,5.0,0.2,0.005811331902860811,1.842068074395237,0.0031547867224009673,0.5589310799931435,4.999999999999999,one_minus_s_power,978,True,7482.0,7482.0,256,1000000
10000,5.0,0.2,0.005811331902860811,1.842068074395237,0.0031547867224009673,0.5589310799931435,4.999999999999999,one_minus_s_power,979,True,6018.0,6018.0,256,1000000
10000,5.0,0.2,0.005811331902860811,1.842068074395237,0.0031547867224009673,0.5589310799931435,4.999999999999999,one_minus_s_power,980,True,21429.0,21429.0,256,1000000
10000,5.0,0.2,0.005811331902860811,1.842068074395237,0.0031547867224009673,0.5589310799931435,4.999999999999999,one_minus_s_power,981,True,21164.0,21164.0,256,1000000
10000,5.0,0.2,0.005811331902860811,1.842068074395237,0.0031547867224009673,0.5589310799931435,4.999999999999999,one_minus_s_power,982,True,26715.0,26715.0,256,1000000
10000,5.0,0.2,0.005811331902860811,1.842068074395237,0.0031547867224009673,0.5589310799931435,4.999999999999999,one_minus_s_power,983,True,6351.0,6351.0,256,1000000
10000,5.0,0.2,0.005811331902860811,1.842068074395237,0.0031547867224009673,0.5589310799931435,4.999999999999999,one_minus_s_power,984,True,43095.0,43095.0,256,1000000
10000,5.0,0.2,0.005811331902860811,1.842068074395237,0.0031547867224009673,0.5589310799931435,4.999999999999999,one_minus_s_power,985,True,21377.0,21377.0,256,1000000
10000,5.0,0.2,0.005811331902860811,1.842068074395237,0.0031547867224009673,0.5589310799931435,4.999999999999999,one_minus_s_power,986,True,47149.0,47149.0,256,1000000
10000,5.0,0.2,0.005811331902860811,1.842068074395237,0.0031547867224009673,0.5589310799931435,4.999999999999999,one_minus_s_power,987,True,8768.0,8768.0,256,1000000
10000,5.0,0.2,0.005811331902860811,1.842068074395237,0.0031547867224009673,0.5589310799931435,4.999999999999999,one_minus_s_power,988,True,5426.0,5426.0,256,1000000
10000,5.0,0.2,0.005811331902860811,1.842068074395237,0.0031547867224009673,0.5589310799931435,4.999999999999999,one_minus_s_power,989,True,39502.0,39502.0,256,1000000
10000,5.0,0.2,0.005811331902860811,1.842068074395237,0.0031547867224009673,0.5589310799931435,4.999999999999999,one_minus_s_power,990,True,63662.0,63662.0,256,1000000
10000,5.0,0.2,0.005811331902860811,1.842068074395237,0.0031547867224009673,0.5589310799931435,4.999999999999999,one_minus_s_power,991,True,53634.0,53634.0,256,1000000
10000,5.0,0.2,0.005811331902860811,1.842068074395237,0.0031547867224009673,0.5589310799931435,4.999999999999999,one_minus_s_power,992,True,39197.0,39197.0,256,1000000
10000,5.0,0.2,0.005811331902860811,1.842068074395237,0.0031547867224009673,0.5589310799931435,4.999999999999999,one_minus_s_power,993,True,13683.0,13683.0,256,1000000
10000,5.0,0.2,0.005811331902860811,1.842068074395237,0.0031547867224009673,0.5589310799931435,4.999999999999999,one_minus_s_power,994,True,51476.0,51476.0,256,1000000
10000,5.0,0.2,0.005811331902860811,1.842068074395237,0.0031547867224009673,0.5589310799931435,4.999999999999999,one_minus_s_power,995,True,9907.0,9907.0,256,1000000
10000,5.0,0.2,0.005811331902860811,1.842068074395237,0.0031547867224009673,0.5589310799931435,4.999999999999999,one_minus_s_power,996,True,28522.0,28522.0,256,1000000
10000,5.0,0.2,0.005811331902860811,1.842068074395237,0.0031547867224009673,0.5589310799931435,4.999999999999999,one_minus_s_power,997,True,112725.0,112725.0,256,1000000
10000,5.0,0.2,0.005811331902860811,1.842068074395237,0.0031547867224009673,0.5589310799931435,4.999999999999999,one_minus_s_power,998,True,37404.0,37404.0,256,1000000
10000,5.0,0.2,0.005811331902860811,1.842068074395237,0.0031547867224009673,0.5589310799931435,4.999999999999999,one_minus_s_power,999,True,19577.0,19577.0,256,1000000
