N,psi,delta,u,u_div_s,s,effective_beta,psi_check,selection_mode,path_index,hit_x0_zero,t_0,first_loss_time,num_classes,T_MAX
10000,0.7,0.1,0.00016194730306966316,0.9210340371976184,0.00017583205020567063,0.9476565699895791,0.7,one_minus_s_power,0,True,16720.0,16720.0,256,1000000
10000,0.7,0.1,0.00016194730306966316,0.9210340371976184,0.00017583205020567063,0.9476565699895791,0.7,one_minus_s_power,1,True,25813.0,25813.0,256,1000000
10000,0.7,0.1,0.00016194730306966316,0.9210340371976184,0.00017583205020567063,0.9476565699895791,0.7,one_minus_s_power,2,True,49648.0,49648.0,256,1000000
10000,0.7,0.1,0.00016194730306966316,0.9210340371976184,0.00017583205020567063,0.9476565699895791,0.7,one_minus_s_power,3,True,14465.0,14465.0,256,1000000
10000,0.7,0.1,0.00016194730306966316,0.9210340371976184,0.00017583205020567063,0.9476565699895791,0.7,one_minus_s_power,4,True,22062.0,22062.0,256,1000000
10000,0.7,0.1,0.00016194730306966316,0.9210340371976184,0.00017583205020567063,0.9476565699895791,0.7,one_minus_s_power,5,True,25007.0,25007.0,256,1000000
10000,0.7,0.1,0.00016194730306966316,0.9210340371976184,0.00017583205020567063,0.9476565699895791,0.7,one_minus_s_power,6,True,39416.0,39416.0,256,1000000
10000,0.7,0.1,0.00016194730306966316,0.9210340371976184,0.00017583205020567063,0.9476565699895791,0.7,one_minus_s_power,7,True,3252.0,3252.0,256,1000000
10000,0.7,0.1,0.00016194730306966316,0.9210340371976184,0.00017583205020567063,0.9476565699895791,0.7,one_minus_s_power,8,True,22196.0,22196.0,256,1000000
10000,0.7,0.1,0.00016194730306966316,0.9210340371976184,0.00017583205020567063,0.9476565699895791,0.7,one_minus_s_power,9,True,19402.0,19402.0,256,1000000
10000,0.7,0.1,0.00016194730306966316,0.9210340371976184,0.00017583205020567063,0.9476565699895791,0.7,one_minus_s_power,10,True,47319.0,47319.0,256,1000000
10000,0.7,0.1,0.00016194730306966316,0.9210340371976184,0.00017583205020567063,0.9476565699895791,0.7,one_minus_s_power,11,True,3160.0,3160.0,256,1000000
10000,0.7,0.1,0.00016194730306966316,0.9210340371976184,0.00017583205020567063,0.9476565699895791,0.7,one_minus_s_power,12,True,26338.0,26338.0,256,1000000
10000,0.7,0.1,0.00016194730306966316,0.9210340371976184,0.00017583205020567063,0.9476565699895791,0.7,one_minus_s_power,13,True,8221.0,8221.0,256,1000000
10000,0.7,0.1,0.00016194730306966316,0.9210340371976184,0.00017583205020567063,0.9476565699895791,0.7,one_minus_s_power,14,True,43344.0,43344.0,256,1000000
10000,0.7,0.1,0.00016194730306966316,0.9210340371976184,0.00017583205020567063,0.9476565699895791,0.7,one_minus_s_power,15,True,32900.0,32900.0,256,1000000
10000,0.7,0.1,0.00016194730306966316,0.9210340371976184,0.00017583205020567063,0.9476565699895791,0.7,one_minus_s_power,16,True,15219.0,15219.0,256,1000000
10000,0.7,0.1,0.00016194730306966316,0.9210340371976184,0.00017583205020567063,0.9476565699895791,0.7,one_minus_s_power,17,True,10259.0,10259.0,256,1000000
10000,0.7,0.1,0.00016194730306966316,0.9210340371976184,0.00017583205020567063,0.9476565699895791,0.7,one_minus_s_power,18,True,44728.0,44728.0,256,1000000
10000,0.7,0.1,0.00016194730306966316,0.9210340371976184,0.00017583205020567063,0.9476565699895791,0.7,one_minus_s_power,19,True,2091.0,2091.0,256,1000000
10000,0.7,0.1,0.00016194730306966316,0.9210340371976184,0.00017583205020567063,0.9476565699895791,0.7,one_minus_s_power,20,True,73562.0,73562.0,256,1000000
10000,0.7,0.1,0.00016194730306966316,0.9210340371976184,0.00017583205020567063,0.9476565699895791,0.7,one_minus_s_power,21,True,7309.0,7309.0,256,1000000
10000,0.7,0.1,0.00016194730306966316,0.9210340371976184,0.00017583205020567063,0.9476565699895791,0.7,one_minus_s_power,22,True,18023.0,18023.0,256,1000000
10000,0.7,0.1,0.00016194730306966316,0.9210340371976184,0.00017583205020567063,0.9476565699895791,0.7,one_minus_s_power,23,True,15780.0,15780.0,256,1000000
10000,0.7,0.1,0.00016194730306966316,0.9210340371976184,0.00017583205020567063,0.9476565699895791,0.7,one_minus_s_power,24,True,3392.0,3392.0,256,1000000
10000,0.7,0.1,0.00016194730306966316,0.9210340371976184,0.00017583205020567063,0.9476565699895791,0.7,one_minus_s_power,25,True,37822.0,37822.0,256,1000000
10000,0.7,0.1,0.00016194730306966316,0.9210340371976184,0.00017583205020567063,0.9476565699895791,0.7,one_minus_s_power,26,True,23684.0,23684.0,256,1000000
10000,0.7,0.1,0.00016194730306966316,0.9210340371976184,0.00017583205020567063,0.9476565699895791,0.7,one_minus_s_power,27,True,19117.0,19117.0,256,1000000
10000,0.7,0.1,0.00016194730306966316,0.9210340371976184,0.00017583205020567063,0.9476565699895791,0.7,one_minus_s_power,28,True,21783.0,21783.0,256,1000000
10000,0.7,0.1,0.00016194730306966316,0.9210340371976184,0.00017583205020567063,0.9476565699895791,0.7,one_minus_s_power,29,True,23437.0,23437.0,256,1000000
10000,0.7,0.1,0.00016194730306966316,0.9210340371976184,0.00017583205020567063,0.9476565699895791,0.7,one_minus_s_power,30,True,41157.0,41157.0,256,1000000
10000,0.7,0.1,0.00016194730306966316,0.9210340371976184,0.00017583205020567063,0.9476565699895791,0.7,one_minus_s_power,31,True,5165.0,5165.0,256,1000000
10000,0.7,0.1,0.00016194730306966316,0.9210340371976184,0.00017583205020567063,0.9476565699895791,0.7,one_minus_s_power,32,True,11998.0,11998.0,256,1000000
10000,0.7,0.1,0.00016194730306966316,0.9210340371976184,0.00017583205020567063,0.9476565699895791,0.7,one_minus_s_power,33,True,71922.0,71922.0,256,1000000
10000,0.7,0.1,0.00016194730306966316,0.9210340371976184,0.00017583205020567063,0.9476565699895791,0.7,one_minus_s_power,34,True,10788.0,10788.0,256,1000000
10000,0.7,0.1,0.00016194730306966316,0.9210340371976184,0.00017583205020567063,0.9476565699895791,0.7,one_minus_s_power,35,True,8469.0,8469.0,256,1000000
10000,0.7,0.1,0.00016194730306966316,0.9210340371976184,0.00017583205020567063,0.9476565699895791,0.7,one_minus_s_power,36,True,25716.0,25716.0,256,1000000
10000,0.7,0.1,0.00016194730306966316,0.9210340371976184,0.00017583205020567063,0.9476565699895791,0.7,one_minus_s_power,37,True,49323.0,49323.0,256,1000000
10000,0.7,0.1,0.00016194730306966316,0.9210340371976184,0.00017583205020567063,0.9476565699895791,0.7,one_minus_s_power,38,True,2886.0,2886.0,256,1000000
10000,0.7,0.1,0.00016194730306966316,0.9210340371976184,0.00017583205020567063,0.9476565699895791,0.7,one_minus_s_power,39,True,40521.0,40521.0,256,1000000
10000,0.7,0.1,0.00016194730306966316,0.9210340371976184,0.00017583205020567063,0.9476565699895791,0.7,one_minus_s_power,40,True,89482.0,89482.0,256,1000000
10000,0.7,0.1,0.00016194730306966316,0.9210340371976184,0.00017583205020567063,0.9476565699895791,0.7,one_minus_s_power,41,True,91383.0,91383.0,256,1000000
10000,0.7,0.1,0.00016194730306966316,0.9210340371976184,0.00017583205020567063,0.9476565699895791,0.7,one_minus_s_power,42,True,64624.0,64624.0,256,1000000
10000,0.7,0.1,0.00016194730306966316,0.9210340371976184,0.00017583205020567063,0.9476565699895791,0.7,one_minus_s_power,43,True,12078.0,12078.0,256,1000000
10000,0.7,0.1,0.00016194730306966316,0.9210340371976184,0.00017583205020567063,0.9476565699895791,0.7,one_minus_s_power,44,True,10184.0,10184.0,256,1000000
10000,0.7,0.1,0.00016194730306966316,0.9210340371976184,0.00017583205020567063,0.9476565699895791,0.7,one_minus_s_power,45,True,72456.0,72456.0,256,1000000
10000,0.7,0.1,0.00016194730306966316,0.9210340371976184,0.00017583205020567063,0.9476565699895791,0.7,one_minus_s_power,46,True,14312.0,14312.0,256,1000000
10000,0.7,0.1,0.00016194730306966316,0.9210340371976184,0.00017583205020567063,0.9476565699895791,0.7,one_minus_s_power,47,True,21031.0,21031.0,256,1000000
10000,0.7,0.1,0.00016194730306966316,0.9210340371976184,0.00017583205020567063,0.9476565699895791,0.7,one_minus_s_power,48,True,7739.0,7739.0,256,1000000
10000,0.7,0.1,0.00016194730306966316,0.9210340371976184,0.00017583205020567063,0.9476565699895791,0.7,one_minus_s_power,49,True,6292.0,6292.0,256,1000000
10000,0.7,0.1,0.00016194730306966316,0.9210340371976184,0.00017583205020567063,0.9476565699895791,0.7,one_minus_s_power,50,True,14672.0,14672.0,256,1000000
10000,0.7,0.1,0.00016194730306966316,0.9210340371976184,0.00017583205020567063,0.9476565699895791,0.7,one_minus_s_power,51,True,11238.0,11238.0,256,1000000
10000,0.7,0.1,0.00016194730306966316,0.9210340371976184,0.00017583205020567063,0.9476565699895791,0.7,one_minus_s_power,52,True,4727.0,4727.0,256,1000000
10000,0.7,0.1,0.00016194730306966316,0.9210340371976184,0.00017583205020567063,0.9476565699895791,0.7,one_minus_s_power,53,True,23962.0,23962.0,256,1000000
10000,0.7,0.1,0.00016194730306966316,0.9210340371976184,0.00017583205020567063,0.9476565699895791,0.7,one_minus_s_power,54,True,1714.0,1714.0,256,1000000
10000,0.7,0.1,0.00016194730306966316,0.9210340371976184,0.00017583205020567063,0.9476565699895791,0.7,one_minus_s_power,55,True,2003.0,2003.0,256,1000000
10000,0.7,0.1,0.00016194730306966316,0.9210340371976184,0.00017583205020567063,0.9476565699895791,0.7,one_minus_s_power,56,True,2816.0,2816.0,256,1000000
10000,0.7,0.1,0.00016194730306966316,0.9210340371976184,0.00017583205020567063,0.9476565699895791,0.7,one_minus_s_power,57,True,13434.0,13434.0,256,1000000
10000,0.7,0.1,0.00016194730306966316,0.9210340371976184,0.00017583205020567063,0.9476565699895791,0.7,one_minus_s_power,58,True,33970.0,33970.0,256,1000000
10000,0.7,0.1,0.00016194730306966316,0.9210340371976184,0.00017583205020567063,0.9476565699895791,0.7,one_minus_s_power,59,True,7179.0,7179.0,256,1000000
10000,0.7,0.1,0.00016194730306966316,0.9210340371976184,0.00017583205020567063,0.9476565699895791,0.7,one_minus_s_power,60,True,14647.0,14647.0,256,1000000
10000,0.7,0.1,0.00016194730306966316,0.9210340371976184,0.00017583205020567063,0.9476565699895791,0.7,one_minus_s_power,61,True,2772.0,2772.0,256,1000000
10000,0.7,0.1,0.00016194730306966316,0.9210340371976184,0.00017583205020567063,0.9476565699895791,0.7,one_minus_s_power,62,True,9896.0,9896.0,256,1000000
10000,0.7,0.1,0.00016194730306966316,0.9210340371976184,0.00017583205020567063,0.9476565699895791,0.7,one_minus_s_power,63,True,32897.0,32897.0,256,1000000
10000,0.7,0.1,0.00016194730306966316,0.9210340371976184,0.00017583205020567063,0.9476565699895791,0.7,one_minus_s_power,64,True,15871.0,15871.0,256,1000000
10000,0.7,0.1,0.00016194730306966316,0.9210340371976184,0.00017583205020567063,0.9476565699895791,0.7,one_minus_s_power,65,True,3746.0,3746.0,256,1000000
10000,0.7,0.1,0.00016194730306966316,0.9210340371976184,0.00017583205020567063,0.9476565699895791,0.7,one_minus_s_power,66,True,3383.0,3383.0,256,1000000
10000,0.7,0.1,0.00016194730306966316,0.9210340371976184,0.00017583205020567063,0.9476565699895791,0.7,one_minus_s_power,67,True,52539.0,52539.0,256,1000000
10000,0.7,0.1,0.00016194730306966316,0.9210340371976184,0.00017583205020567063,0.9476565699895791,0.7,one_minus_s_power,68,True,11810.0,11810.0,256,1000000
10000,0.7,0.1,0.00016194730306966316,0.9210340371976184,0.00017583205020567063,0.9476565699895791,0.7,one_minus_s_power,69,True,4295.0,4295.0,256,1000000
10000,0.7,0.1,0.00016194730306966316,0.9210340371976184,0.00017583205020567063,0.9476565699895791,0.7,one_minus_s_power,70,True,5857.0,5857.0,256,1000000
10000,0.7,0.1,0.00016194730306966316,0.9210340371976184,0.00017583205020567063,0.9476565699895791,0.7,one_minus_s_power,71,True,16238.0,16238.0,256,1000000
10000,0.7,0.1,0.00016194730306966316,0.9210340371976184,0.00017583205020567063,0.9476565699895791,0.7,one_minus_s_power,72,True,36384.0,36384.0,256,1000000
10000,0.7,0.1,0.00016194730306966316,0.9210340371976184,0.00017583205020567063,0.9476565699895791,0.7,one_minus_s_power,73,True,84301.0,84301.0,256,1000000
10000,0.7,0.1,0.00016194730306966316,0.9210340371976184,0.00017583205020567063,0.9476565699895791,0.7,one_minus_s_power,74,True,67543.0,67543.0,256,1000000
10000,0.7,0.1,0.00016194730306966316,0.9210340371976184,0.00017583205020567063,0.9476565699895791,0.7,one_minus_s_power,75,True,6375.0,6375.0,256,1000000
10000,0.7,0.1,0.00016194730306966316,0.9210340371976184,0.00017583205020567063,0.9476565699895791,0.7,one_minus_s_power,76,True,9120.0,9120.0,256,1000000
10000,0.7,0.1,0.00016194730306966316,0.9210340371976184,0.00017583205020567063,0.9476565699895791,0.7,one_minus_s_power,77,True,6965.0,6965.0,256,1000000
10000,0.7,0.1,0.00016194730306966316,0.9210340371976184,0.00017583205020567063,0.9476565699895791,0.7,one_minus_s_power,78,True,28006.0,28006.0,256,1000000
10000,0.7,0.1,0.00016194730306966316,0.9210340371976184,0.00017583205020567063,0.9476565699895791,0.7,one_minus_s_power,79,True,10976.0,10976.0,256,1000000
10000,0.7,0.1,0.00016194730306966316,0.9210340371976184,0.00017583205020567063,0.9476565699895791,0.7,one_minus_s_power,80,True,81719.0,81719.0,256,1000000
10000,0.7,0.1,0.00016194730306966316,0.9210340371976184,0.00017583205020567063,0.9476565699895791,0.7,one_minus_s_power,81,True,19389.0,19389.0,256,1000000
10000,0.7,0.1,0.00016194730306966316,0.9210340371976184,0.00017583205020567063,0.9476565699895791,0.7,one_minus_s_power,82,True,8721.0,8721.0,256,1000000
10000,0.7,0.1,0.00016194730306966316,0.9210340371976184,0.00017583205020567063,0.9476565699895791,0.7,one_minus_s_power,83,True,12111.0,12111.0,256,1000000
10000,0.7,0.1,0.00016194730306966316,0.9210340371976184,0.00017583205020567063,0.9476565699895791,0.7,one_minus_s_power,84,True,26169.0,26169.0,256,1000000
10000,0.7,0.1,0.00016194730306966316,0.9210340371976184,0.00017583205020567063,0.9476565699895791,0.7,one_minus_s_power,85,True,3788.0,3788.0,256,1000000
10000,0.7,0.1,0.00016194730306966316,0.9210340371976184,0.00017583205020567063,0.9476565699895791,0.7,one_minus_s_power,86,True,21168.0,21168.0,256,1000000
10000,0.7,0.1,0.00016194730306966316,0.9210340371976184,0.00017583205020567063,0.9476565699895791,0.7,one_minus_s_power,87,True,35574.0,35574.0,256,1000000
10000,0.7,0.1,0.00016194730306966316,0.9210340371976184,0.00017583205020567063,0.9476565699895791,0.7,one_minus_s_power,88,True,26113.0,26113.0,256,1000000
10000,0.7,0.1,0.00016194730306966316,0.9210340371976184,0.00017583205020567063,0.9476565699895791,0.7,one_minus_s_power,89,True,6354.0,6354.0,256,1000000
10000,0.7,0.1,0.00016194730306966316,0.9210340371976184,0.00017583205020567063,0.9476565699895791,0.7,one_minus_s_power,90,True,9109.0,9109.0,256,1000000
10000,0.7,0.1,0.00016194730306966316,0.9210340371976184,0.00017583205020567063,0.9476565699895791,0.7,one_minus_s_power,91,True,16711.0,16711.0,256,1000000
10000,0.7,0.1,0.00016194730306966316,0.9210340371976184,0.00017583205020567063,0.9476565699895791,0.7,one_minus_s_power,92,True,11120.0,11120.0,256,1000000
10000,0.7,0.1,0.00016194730306966316,0.9210340371976184,0.00017583205020567063,0.9476565699895791,0.7,one_minus_s_power,93,True,7756.0,7756.0,256,1000000
10000,0.7,0.1,0.00016194730306966316,0.9210340371976184,0.00017583205020567063,0.9476565699895791,0.7,one_minus_s_power,94,True,15669.0,15669.0,256,1000000
10000,0.7,0.1,0.00016194730306966316,0.9210340371976184,0.00017583205020567063,0.9476565699895791,0.7,one_minus_s_power,95,True,81661.0,81661.0,256,1000000
10000,0.7,0.1,0.00016194730306966316,0.9210340371976184,0.00017583205020567063,0.9476565699895791,0.7,one_minus_s_power,96,True,24090.0,24090.0,256,1000000
10000,0.7,0.1,0.00016194730306966316,0.9210340371976184,0.00017583205020567063,0.9476565699895791,0.7,one_minus_s_power,97,True,36897.0,36897.0,256,1000000
10000,0.7,0.1,0.00016194730306966316,0.9210340371976184,0.00017583205020567063,0.9476565699895791,0.7,one_minus_s_power,98,True,9369.0,9369.0,256,1000000
10000,0.7,0.1,0.00016194730306966316,0.9210340371976184,0.00017583205020567063,0.9476565699895791,0.7,one_minus_s_power,99,True,31235.0,31235.0,256,1000000
10000,0.7,0.1,0.00016194730306966316,0.9210340371976184,0.00017583205020567063,0.9476565699895791,0.7,one_minus_s_power,100,True,16473.0,16473.0,256,1000000
10000,0.7,0.1,0.00016194730306966316,0.9210340371976184,0.00017583205020567063,0.9476565699895791,0.7,one_minus_s_power,101,True,5291.0,5291.0,256,1000000
10000,0.7,0.1,0.00016194730306966316,0.9210340371976184,0.00017583205020567063,0.9476565699895791,0.7,one_minus_s_power,102,True,24195.0,24195.0,256,1000000
10000,0.7,0.1,0.00016194730306966316,0.9210340371976184,0.00017583205020567063,0.9476565699895791,0.7,one_minus_s_power,103,True,16096.0,16096.0,256,1000000
10000,0.7,0.1,0.00016194730306966316,0.9210340371976184,0.00017583205020567063,0.9476565699895791,0.7,one_minus_s_power,104,True,25247.0,25247.0,256,1000000
10000,0.7,0.1,0.00016194730306966316,0.9210340371976184,0.00017583205020567063,0.9476565699895791,0.7,one_minus_s_power,105,True,25868.0,25868.0,256,1000000
10000,0.7,0.1,0.00016194730306966316,0.9210340371976184,0.00017583205020567063,0.9476565699895791,0.7,one_minus_s_power,106,True,14040.0,14040.0,256,1000000
10000,0.7,0.1,0.00016194730306966316,0.9210340371976184,0.00017583205020567063,0.9476565699895791,0.7,one_minus_s_power,107,True,37441.0,37441.0,256,1000000
10000,0.7,0.1,0.00016194730306966316,0.9210340371976184,0.00017583205020567063,0.9476565699895791,0.7,one_minus_s_power,108,True,5663.0,5663.0,256,1000000
10000,0.7,0.1,0.00016194730306966316,0.9210340371976184,0.00017583205020567063,0.9476565699895791,0.7,one_minus_s_power,109,True,48797.0,48797.0,256,1000000
10000,0.7,0.1,0.00016194730306966316,0.9210340371976184,0.00017583205020567063,0.9476565699895791,0.7,one_minus_s_power,110,True,22470.0,22470.0,256,1000000
10000,0.7,0.1,0.00016194730306966316,0.9210340371976184,0.00017583205020567063,0.9476565699895791,0.7,one_minus_s_power,111,True,17838.0,17838.0,256,1000000
10000,0.7,0.1,0.00016194730306966316,0.9210340371976184,0.00017583205020567063,0.9476565699895791,0.7,one_minus_s_power,112,True,13506.0,13506.0,256,1000000
10000,0.7,0.1,0.00016194730306966316,0.9210340371976184,0.00017583205020567063,0.9476565699895791,0.7,one_minus_s_power,113,True,16097.0,16097.0,256,1000000
10000,0.7,0.1,0.00016194730306966316,0.9210340371976184,0.00017583205020567063,0.9476565699895791,0.7,one_minus_s_power,114,True,4461.0,4461.0,256,1000000
10000,0.7,0.1,0.00016194730306966316,0.9210340371976184,0.00017583205020567063,0.9476565699895791,0.7,one_minus_s_power,115,True,4239.0,4239.0,256,1000000
10000,0.7,0.1,0.00016194730306966316,0.9210340371976184,0.00017583205020567063,0.9476565699895791,0.7,one_minus_s_power,116,True,10127.0,10127.0,256,1000000
10000,0.7,0.1,0.00016194730306966316,0.9210340371976184,0.00017583205020567063,0.9476565699895791,0.7,one_minus_s_power,117,True,14344.0,14344.0,256,1000000
10000,0.7,0.1,0.00016194730306966316,0.9210340371976184,0.00017583205020567063,0.9476565699895791,0.7,one_minus_s_power,118,True,5719.0,5719.0,256,1000000
10000,0.7,0.1,0.00016194730306966316,0.9210340371976184,0.00017583205020567063,0.9476565699895791,0.7,one_minus_s_power,119,True,6176.0,6176.0,256,1000000
10000,0.7,0.1,0.00016194730306966316,0.9210340371976184,0.00017583205020567063,0.9476565699895791,0.7,one_minus_s_power,120,True,6483.0,6483.0,256,1000000
10000,0.7,0.1,0.00016194730306966316,0.9210340371976184,0.00017583205020567063,0.9476565699895791,0.7,one_minus_s_power,121,True,24143.0,24143.0,256,1000000
10000,0.7,0.1,0.00016194730306966316,0.9210340371976184,0.00017583205020567063,0.9476565699895791,0.7,one_minus_s_power,122,True,33648.0,33648.0,256,1000000
10000,0.7,0.1,0.00016194730306966316,0.9210340371976184,0.00017583205020567063,0.9476565699895791,0.7,one_minus_s_power,123,True,32965.0,32965.0,256,1000000
10000,0.7,0.1,0.00016194730306966316,0.9210340371976184,0.00017583205020567063,0.9476565699895791,0.7,one_minus_s_power,124,True,3079.0,3079.0,256,1000000
10000,0.7,0.1,0.00016194730306966316,0.9210340371976184,0.00017583205020567063,0.9476565699895791,0.7,one_minus_s_power,125,True,21992.0,21992.0,256,1000000
10000,0.7,0.1,0.00016194730306966316,0.9210340371976184,0.00017583205020567063,0.9476565699895791,0.7,one_minus_s_power,126,True,52104.0,52104.0,256,1000000
10000,0.7,0.1,0.00016194730306966316,0.9210340371976184,0.00017583205020567063,0.9476565699895791,0.7,one_minus_s_power,127,True,2055.0,2055.0,256,1000000
10000,0.7,0.1,0.00016194730306966316,0.9210340371976184,0.00017583205020567063,0.9476565699895791,0.7,one_minus_s_power,128,True,3912.0,3912.0,256,1000000
10000,0.7,0.1,0.00016194730306966316,0.9210340371976184,0.00017583205020567063,0.9476565699895791,0.7,one_minus_s_power,129,True,20505.0,20505.0,256,1000000
10000,0.7,0.1,0.00016194730306966316,0.9210340371976184,0.00017583205020567063,0.9476565699895791,0.7,one_minus_s_power,130,True,22114.0,22114.0,256,1000000
10000,0.7,0.1,0.00016194730306966316,0.9210340371976184,0.00017583205020567063,0.9476565699895791,0.7,one_minus_s_power,131,True,9041.0,9041.0,256,1000000
10000,0.7,0.1,0.00016194730306966316,0.9210340371976184,0.00017583205020567063,0.9476565699895791,0.7,one_minus_s_power,132,True,6717.0,6717.0,256,1000000
10000,0.7,0.1,0.00016194730306966316,0.9210340371976184,0.00017583205020567063,0.9476565699895791,0.7,one_minus_s_power,133,True,11980.0,11980.0,256,1000000
10000,0.7,0.1,0.00016194730306966316,0.9210340371976184,0.00017583205020567063,0.9476565699895791,0.7,one_minus_s_power,134,True,27506.0,27506.0,256,1000000
10000,0.7,0.1,0.00016194730306966316,0.9210340371976184,0.00017583205020567063,0.9476565699895791,0.7,one_minus_s_power,135,True,91948.0,91948.0,256,1000000
10000,0.7,0.1,0.00016194730306966316,0.9210340371976184,0.00017583205020567063,0.9476565699895791,0.7,one_minus_s_power,136,True,27789.0,27789.0,256,1000000
10000,0.7,0.1,0.00016194730306966316,0.9210340371976184,0.00017583205020567063,0.9476565699895791,0.7,one_minus_s_power,137,True,5552.0,5552.0,256,1000000
10000,0.7,0.1,0.00016194730306966316,0.9210340371976184,0.00017583205020567063,0.9476565699895791,0.7,one_minus_s_power,138,True,10362.0,10362.0,256,1000000
10000,0.7,0.1,0.00016194730306966316,0.9210340371976184,0.00017583205020567063,0.9476565699895791,0.7,one_minus_s_power,139,True,104669.0,104669.0,256,1000000
10000,0.7,0.1,0.00016194730306966316,0.9210340371976184,0.00017583205020567063,0.9476565699895791,0.7,one_minus_s_power,140,True,4706.0,4706.0,256,1000000
10000,0.7,0.1,0.00016194730306966316,0.9210340371976184,0.00017583205020567063,0.9476565699895791,0.7,one_minus_s_power,141,True,22356.0,22356.0,256,1000000
10000,0.7,0.1,0.00016194730306966316,0.9210340371976184,0.00017583205020567063,0.9476565699895791,0.7,one_minus_s_power,142,True,37764.0,37764.0,256,1000000
10000,0.7,0.1,0.00016194730306966316,0.9210340371976184,0.00017583205020567063,0.9476565699895791,0.7,one_minus_s_power,143,True,85030.0,85030.0,256,1000000
10000,0.7,0.1,0.00016194730306966316,0.9210340371976184,0.00017583205020567063,0.9476565699895791,0.7,one_minus_s_power,144,True,5478.0,5478.0,256,1000000
10000,0.7,0.1,0.00016194730306966316,0.9210340371976184,0.00017583205020567063,0.9476565699895791,0.7,one_minus_s_power,145,True,20795.0,20795.0,256,1000000
10000,0.7,0.1,0.00016194730306966316,0.9210340371976184,0.00017583205020567063,0.9476565699895791,0.7,one_minus_s_power,146,True,16186.0,16186.0,256,1000000
10000,0.7,0.1,0.00016194730306966316,0.9210340371976184,0.00017583205020567063,0.9476565699895791,0.7,one_minus_s_power,147,True,11497.0,11497.0,256,1000000
10000,0.7,0.1,0.00016194730306966316,0.9210340371976184,0.00017583205020567063,0.9476565699895791,0.7,one_minus_s_power,148,True,93548.0,93548.0,256,1000000
10000,0.7,0.1,0.00016194730306966316,0.9210340371976184,0.00017583205020567063,0.9476565699895791,0.7,one_minus_s_power,149,True,93235.0,93235.0,256,1000000
10000,0.7,0.1,0.00016194730306966316,0.9210340371976184,0.00017583205020567063,0.9476565699895791,0.7,one_minus_s_power,150,True,17125.0,17125.0,256,1000000
10000,0.7,0.1,0.00016194730306966316,0.9210340371976184,0.00017583205020567063,0.9476565699895791,0.7,one_minus_s_power,151,True,39311.0,39311.0,256,1000000
10000,0.7,0.1,0.00016194730306966316,0.9210340371976184,0.00017583205020567063,0.9476565699895791,0.7,one_minus_s_power,152,True,13723.0,13723.0,256,1000000
10000,0.7,0.1,0.00016194730306966316,0.9210340371976184,0.00017583205020567063,0.9476565699895791,0.7,one_minus_s_power,153,True,14296.0,14296.0,256,1000000
10000,0.7,0.1,0.00016194730306966316,0.9210340371976184,0.00017583205020567063,0.9476565699895791,0.7,one_minus_s_power,154,True,39177.0,39177.0,256,1000000
10000,0.7,0.1,0.00016194730306966316,0.9210340371976184,0.00017583205020567063,0.9476565699895791,0.7,one_minus_s_power,155,True,74736.0,74736.0,256,1000000
10000,0.7,0.1,0.00016194730306966316,0.9210340371976184,0.00017583205020567063,0.9476565699895791,0.7,one_minus_s_power,156,True,3927.0,3927.0,256,1000000
10000,0.7,0.1,0.00016194730306966316,0.9210340371976184,0.00017583205020567063,0.9476565699895791,0.7,one_minus_s_power,157,True,17403.0,17403.0,256,1000000
10000,0.7,0.1,0.00016194730306966316,0.9210340371976184,0.00017583205020567063,0.9476565699895791,0.7,one_minus_s_power,158,True,16332.0,16332.0,256,1000000
10000,0.7,0.1,0.00016194730306966316,0.9210340371976184,0.00017583205020567063,0.9476565699895791,0.7,one_minus_s_power,159,True,8848.0,8848.0,256,1000000
10000,0.7,0.1,0.00016194730306966316,0.9210340371976184,0.00017583205020567063,0.9476565699895791,0.7,one_minus_s_power,160,True,13902.0,13902.0,256,1000000
10000,0.7,0.1,0.00016194730306966316,0.9210340371976184,0.00017583205020567063,0.9476565699895791,0.7,one_minus_s_power,161,True,80130.0,80130.0,256,1000000
10000,0.7,0.1,0.00016194730306966316,0.9210340371976184,0.00017583205020567063,0.9476565699895791,0.7,one_minus_s_power,162,True,13762.0,13762.0,256,1000000
10000,0.7,0.1,0.00016194730306966316,0.9210340371976184,0.00017583205020567063,0.9476565699895791,0.7,one_minus_s_power,163,True,10968.0,10968.0,256,1000000
10000,0.7,0.1,0.00016194730306966316,0.9210340371976184,0.00017583205020567063,0.9476565699895791,0.7,one_minus_s_power,164,True,75229.0,75229.0,256,1000000
10000,0.7,0.1,0.00016194730306966316,0.9210340371976184,0.00017583205020567063,0.9476565699895791,0.7,one_minus_s_power,165,True,24059.0,24059.0,256,1000000
10000,0.7,0.1,0.00016194730306966316,0.9210340371976184,0.00017583205020567063,0.9476565699895791,0.7,one_minus_s_power,166,True,4965.0,4965.0,256,1000000
10000,0.7,0.1,0.00016194730306966316,0.9210340371976184,0.00017583205020567063,0.9476565699895791,0.7,one_minus_s_power,167,True,54074.0,54074.0,256,1000000
10000,0.7,0.1,0.00016194730306966316,0.9210340371976184,0.00017583205020567063,0.9476565699895791,0.7,one_minus_s_power,168,True,5747.0,5747.0,256,1000000
10000,0.7,0.1,0.00016194730306966316,0.9210340371976184,0.00017583205020567063,0.9476565699895791,0.7,one_minus_s_power,169,True,51047.0,51047.0,256,1000000
10000,0.7,0.1,0.00016194730306966316,0.9210340371976184,0.00017583205020567063,0.9476565699895791,0.7,one_minus_s_power,170,True,40802.0,40802.0,256,1000000
10000,0.7,0.1,0.00016194730306966316,0.9210340371976184,0.00017583205020567063,0.9476565699895791,0.7,one_minus_s_power,171,True,9016.0,9016.0,256,1000000
10000,0.7,0.1,0.00016194730306966316,0.9210340371976184,0.00017583205020567063,0.9476565699895791,0.7,one_minus_s_power,172,True,20560.0,20560.0,256,1000000
10000,0.7,0.1,0.00016194730306966316,0.9210340371976184,0.00017583205020567063,0.9476565699895791,0.7,one_minus_s_power,173,True,15896.0,15896.0,256,1000000
10000,0.7,0.1,0.00016194730306966316,0.9210340371976184,0.00017583205020567063,0.9476565699895791,0.7,one_minus_s_power,174,True,7929.0,7929.0,256,1000000
10000,0.7,0.1,0.00016194730306966316,0.9210340371976184,0.00017583205020567063,0.9476565699895791,0.7,one_minus_s_power,175,True,19916.0,19916.0,256,1000000
10000,0.7,0.1,0.00016194730306966316,0.9210340371976184,0.00017583205020567063,0.9476565699895791,0.7,one_minus_s_power,176,True,44070.0,44070.0,256,1000000
10000,0.7,0.1,0.00016194730306966316,0.9210340371976184,0.00017583205020567063,0.9476565699895791,0.7,one_minus_s_power,177,True,15579.0,15579.0,256,1000000
10000,0.7,0.1,0.00016194730306966316,0.9210340371976184,0.00017583205020567063,0.9476565699895791,0.7,one_minus_s_power,178,True,28579.0,28579.0,256,1000000
10000,0.7,0.1,0.00016194730306966316,0.9210340371976184,0.00017583205020567063,0.9476565699895791,0.7,one_minus_s_power,179,True,79522.0,79522.0,256,1000000
10000,0.7,0.1,0.00016194730306966316,0.9210340371976184,0.00017583205020567063,0.9476565699895791,0.7,one_minus_s_power,180,True,34852.0,34852.0,256,1000000
10000,0.7,0.1,0.00016194730306966316,0.9210340371976184,0.00017583205020567063,0.9476565699895791,0.7,one_minus_s_power,181,True,12336.0,12336.0,256,1000000
10000,0.7,0.1,0.00016194730306966316,0.9210340371976184,0.00017583205020567063,0.9476565699895791,0.7,one_minus_s_power,182,True,8788.0,8788.0,256,1000000
10000,0.7,0.1,0.00016194730306966316,0.9210340371976184,0.00017583205020567063,0.9476565699895791,0.7,one_minus_s_power,183,True,31214.0,31214.0,256,1000000
10000,0.7,0.1,0.00016194730306966316,0.9210340371976184,0.00017583205020567063,0.9476565699895791,0.7,one_minus_s_power,184,True,13340.0,13340.0,256,1000000
10000,0.7,0.1,0.00016194730306966316,0.9210340371976184,0.00017583205020567063,0.9476565699895791,0.7,one_minus_s_power,185,True,60099.0,60099.0,256,1000000
10000,0.7,0.1,0.00016194730306966316,0.9210340371976184,0.00017583205020567063,0.9476565699895791,0.7,one_minus_s_power,186,True,22665.0,22665.0,256,1000000
10000,0.7,0.1,0.00016194730306966316,0.9210340371976184,0.00017583205020567063,0.9476565699895791,0.7,one_minus_s_power,187,True,38757.0,38757.0,256,1000000
10000,0.7,0.1,0.00016194730306966316,0.9210340371976184,0.00017583205020567063,0.9476565699895791,0.7,one_minus_s_power,188,True,6374.0,6374.0,256,1000000
10000,0.7,0.1,0.00016194730306966316,0.9210340371976184,0.00017583205020567063,0.9476565699895791,0.7,one_minus_s_power,189,True,67366.0,67366.0,256,1000000
10000,0.7,0.1,0.00016194730306966316,0.9210340371976184,0.00017583205020567063,0.9476565699895791,0.7,one_minus_s_power,190,True,10239.0,10239.0,256,1000000
10000,0.7,0.1,0.00016194730306966316,0.9210340371976184,0.00017583205020567063,0.9476565699895791,0.7,one_minus_s_power,191,True,37855.0,37855.0,256,1000000
10000,0.7,0.1,0.00016194730306966316,0.9210340371976184,0.00017583205020567063,0.9476565699895791,0.7,one_minus_s_power,192,True,32556.0,32556.0,256,1000000
10000,0.7,0.1,0.00016194730306966316,0.9210340371976184,0.00017583205020567063,0.9476565699895791,0.7,one_minus_s_power,193,True,39966.0,39966.0,256,1000000
10000,0.7,0.1,0.00016194730306966316,0.9210340371976184,0.00017583205020567063,0.9476565699895791,0.7,one_minus_s_power,194,True,15142.0,15142.0,256,1000000
10000,0.7,0.1,0.00016194730306966316,0.9210340371976184,0.00017583205020567063,0.9476565699895791,0.7,one_minus_s_power,195,True,29386.0,29386.0,256,1000000
10000,0.7,0.1,0.00016194730306966316,0.9210340371976184,0.00017583205020567063,0.9476565699895791,0.7,one_minus_s_power,196,True,13631.0,13631.0,256,1000000
10000,0.7,0.1,0.00016194730306966316,0.9210340371976184,0.00017583205020567063,0.9476565699895791,0.7,one_minus_s_power,197,True,4873.0,4873.0,256,1000000
10000,0.7,0.1,0.00016194730306966316,0.9210340371976184,0.00017583205020567063,0.9476565699895791,0.7,one_minus_s_power,198,True,10357.0,10357.0,256,1000000
10000,0.7,0.1,0.00016194730306966316,0.9210340371976184,0.00017583205020567063,0.9476565699895791,0.7,one_minus_s_power,199,True,3931.0,3931.0,256,1000000
10000,0.7,0.1,0.00016194730306966316,0.9210340371976184,0.00017583205020567063,0.9476565699895791,0.7,one_minus_s_power,200,True,10358.0,10358.0,256,1000000
10000,0.7,0.1,0.00016194730306966316,0.9210340371976184,0.00017583205020567063,0.9476565699895791,0.7,one_minus_s_power,201,True,39000.0,39000.0,256,1000000
10000,0.7,0.1,0.00016194730306966316,0.9210340371976184,0.00017583205020567063,0.9476565699895791,0.7,one_minus_s_power,202,True,8139.0,8139.0,256,1000000
10000,0.7,0.1,0.00016194730306966316,0.9210340371976184,0.00017583205020567063,0.9476565699895791,0.7,one_minus_s_power,203,True,20087.0,20087.0,256,1000000
10000,0.7,0.1,0.00016194730306966316,0.9210340371976184,0.00017583205020567063,0.9476565699895791,0.7,one_minus_s_power,204,True,44406.0,44406.0,256,1000000
10000,0.7,0.1,0.00016194730306966316,0.9210340371976184,0.00017583205020567063,0.9476565699895791,0.7,one_minus_s_power,205,True,8304.0,8304.0,256,1000000
10000,0.7,0.1,0.00016194730306966316,0.9210340371976184,0.00017583205020567063,0.9476565699895791,0.7,one_minus_s_power,206,True,6062.0,6062.0,256,1000000
10000,0.7,0.1,0.00016194730306966316,0.9210340371976184,0.00017583205020567063,0.9476565699895791,0.7,one_minus_s_power,207,True,12736.0,12736.0,256,1000000
10000,0.7,0.1,0.00016194730306966316,0.9210340371976184,0.00017583205020567063,0.9476565699895791,0.7,one_minus_s_power,208,True,38004.0,38004.0,256,1000000
10000,0.7,0.1,0.00016194730306966316,0.9210340371976184,0.00017583205020567063,0.9476565699895791,0.7,one_minus_s_power,209,True,9506.0,9506.0,256,1000000
10000,0.7,0.1,0.00016194730306966316,0.9210340371976184,0.00017583205020567063,0.9476565699895791,0.7,one_minus_s_power,210,True,24449.0,24449.0,256,1000000
10000,0.7,0.1,0.00016194730306966316,0.9210340371976184,0.00017583205020567063,0.9476565699895791,0.7,one_minus_s_power,211,True,16254.0,16254.0,256,1000000
10000,0.7,0.1,0.00016194730306966316,0.9210340371976184,0.00017583205020567063,0.9476565699895791,0.7,one_minus_s_power,212,True,44552.0,44552.0,256,1000000
10000,0.7,0.1,0.00016194730306966316,0.9210340371976184,0.00017583205020567063,0.9476565699895791,0.7,one_minus_s_power,213,True,4636.0,4636.0,256,1000000
10000,0.7,0.1,0.00016194730306966316,0.9210340371976184,0.00017583205020567063,0.9476565699895791,0.7,one_minus_s_power,214,True,21306.0,21306.0,256,1000000
10000,0.7,0.1,0.00016194730306966316,0.9210340371976184,0.00017583205020567063,0.9476565699895791,0.7,one_minus_s_power,215,True,7461.0,7461.0,256,1000000
10000,0.7,0.1,0.00016194730306966316,0.9210340371976184,0.00017583205020567063,0.9476565699895791,0.7,one_minus_s_power,216,True,22333.0,22333.0,256,1000000
10000,0.7,0.1,0.00016194730306966316,0.9210340371976184,0.00017583205020567063,0.9476565699895791,0.7,one_minus_s_power,217,True,25816.0,25816.0,256,1000000
10000,0.7,0.1,0.00016194730306966316,0.9210340371976184,0.00017583205020567063,0.9476565699895791,0.7,one_minus_s_power,218,True,25552.0,25552.0,256,1000000
10000,0.7,0.1,0.00016194730306966316,0.9210340371976184,0.00017583205020567063,0.9476565699895791,0.7,one_minus_s_power,219,True,47382.0,47382.0,256,1000000
10000,0.7,0.1,0.00016194730306966316,0.9210340371976184,0.00017583205020567063,0.9476565699895791,0.7,one_minus_s_power,220,True,29834.0,29834.0,256,1000000
10000,0.7,0.1,0.00016194730306966316,0.9210340371976184,0.00017583205020567063,0.9476565699895791,0.7,one_minus_s_power,221,True,11795.0,11795.0,256,1000000
10000,0.7,0.1,0.00016194730306966316,0.9210340371976184,0.00017583205020567063,0.9476565699895791,0.7,one_minus_s_power,222,True,2145.0,2145.0,256,1000000
10000,0.7,0.1,0.00016194730306966316,0.9210340371976184,0.00017583205020567063,0.9476565699895791,0.7,one_minus_s_power,223,True,46993.0,46993.0,256,1000000
10000,0.7,0.1,0.00016194730306966316,0.9210340371976184,0.00017583205020567063,0.9476565699895791,0.7,one_minus_s_power,224,True,49561.0,49561.0,256,1000000
10000,0.7,0.1,0.00016194730306966316,0.9210340371976184,0.00017583205020567063,0.9476565699895791,0.7,one_minus_s_power,225,True,87489.0,87489.0,256,1000000
10000,0.7,0.1,0.00016194730306966316,0.9210340371976184,0.00017583205020567063,0.9476565699895791,0.7,one_minus_s_power,226,True,23540.0,23540.0,256,1000000
10000,0.7,0.1,0.00016194730306966316,0.9210340371976184,0.00017583205020567063,0.9476565699895791,0.7,one_minus_s_power,227,True,9159.0,9159.0,256,1000000
10000,0.7,0.1,0.00016194730306966316,0.9210340371976184,0.00017583205020567063,0.9476565699895791,0.7,one_minus_s_power,228,True,10204.0,10204.0,256,1000000
10000,0.7,0.1,0.00016194730306966316,0.9210340371976184,0.00017583205020567063,0.9476565699895791,0.7,one_minus_s_power,229,True,12819.0,12819.0,256,1000000
10000,0.7,0.1,0.00016194730306966316,0.9210340371976184,0.00017583205020567063,0.9476565699895791,0.7,one_minus_s_power,230,True,3743.0,3743.0,256,1000000
10000,0.7,0.1,0.00016194730306966316,0.9210340371976184,0.00017583205020567063,0.9476565699895791,0.7,one_minus_s_power,231,True,39911.0,39911.0,256,1000000
10000,0.7,0.1,0.00016194730306966316,0.9210340371976184,0.00017583205020567063,0.9476565699895791,0.7,one_minus_s_power,232,True,13013.0,13013.0,256,1000000
10000,0.7,0.1,0.00016194730306966316,0.9210340371976184,0.00017583205020567063,0.9476565699895791,0.7,one_minus_s_power,233,True,13890.0,13890.0,256,1000000
10000,0.7,0.1,0.00016194730306966316,0.9210340371976184,0.00017583205020567063,0.9476565699895791,0.7,one_minus_s_power,234,True,15201.0,15201.0,256,1000000
10000,0.7,0.1,0.00016194730306966316,0.9210340371976184,0.00017583205020567063,0.9476565699895791,0.7,one_minus_s_power,235,True,85407.0,85407.0,256,1000000
10000,0.7,0.1,0.00016194730306966316,0.9210340371976184,0.00017583205020567063,0.9476565699895791,0.7,one_minus_s_power,236,True,7101.0,7101.0,256,1000000
10000,0.7,0.1,0.00016194730306966316,0.9210340371976184,0.00017583205020567063,0.9476565699895791,0.7,one_minus_s_power,237,True,8071.0,8071.0,256,1000000
10000,0.7,0.1,0.00016194730306966316,0.9210340371976184,0.00017583205020567063,0.9476565699895791,0.7,one_minus_s_power,238,True,20935.0,20935.0,256,1000000
10000,0.7,0.1,0.00016194730306966316,0.9210340371976184,0.00017583205020567063,0.9476565699895791,0.7,one_minus_s_power,239,True,9304.0,9304.0,256,1000000
10000,0.7,0.1,0.00016194730306966316,0.9210340371976184,0.00017583205020567063,0.9476565699895791,0.7,one_minus_s_power,240,True,35813.0,35813.0,256,1000000
10000,0.7,0.1,0.00016194730306966316,0.9210340371976184,0.00017583205020567063,0.9476565699895791,0.7,one_minus_s_power,241,True,26881.0,26881.0,256,1000000
10000,0.7,0.1,0.00016194730306966316,0.9210340371976184,0.00017583205020567063,0.9476565699895791,0.7,one_minus_s_power,242,True,51073.0,51073.0,256,1000000
10000,0.7,0.1,0.00016194730306966316,0.9210340371976184,0.00017583205020567063,0.9476565699895791,0.7,one_minus_s_power,243,True,11277.0,11277.0,256,1000000
10000,0.7,0.1,0.00016194730306966316,0.9210340371976184,0.00017583205020567063,0.9476565699895791,0.7,one_minus_s_power,244,True,62220.0,62220.0,256,1000000
10000,0.7,0.1,0.00016194730306966316,0.9210340371976184,0.00017583205020567063,0.9476565699895791,0.7,one_minus_s_power,245,True,5608.0,5608.0,256,1000000
10000,0.7,0.1,0.00016194730306966316,0.9210340371976184,0.00017583205020567063,0.9476565699895791,0.7,one_minus_s_power,246,True,16216.0,16216.0,256,1000000
10000,0.7,0.1,0.00016194730306966316,0.9210340371976184,0.00017583205020567063,0.9476565699895791,0.7,one_minus_s_power,247,True,15376.0,15376.0,256,1000000
10000,0.7,0.1,0.00016194730306966316,0.9210340371976184,0.00017583205020567063,0.9476565699895791,0.7,one_minus_s_power,248,True,16732.0,16732.0,256,1000000
10000,0.7,0.1,0.00016194730306966316,0.9210340371976184,0.00017583205020567063,0.9476565699895791,0.7,one_minus_s_power,249,True,5629.0,5629.0,256,1000000
10000,0.7,0.1,0.00016194730306966316,0.9210340371976184,0.00017583205020567063,0.9476565699895791,0.7,one_minus_s_power,250,True,6294.0,6294.0,256,1000000
10000,0.7,0.1,0.00016194730306966316,0.9210340371976184,0.00017583205020567063,0.9476565699895791,0.7,one_minus_s_power,251,True,8918.0,8918.0,256,1000000
10000,0.7,0.1,0.00016194730306966316,0.9210340371976184,0.00017583205020567063,0.9476565699895791,0.7,one_minus_s_power,252,True,190523.0,190523.0,256,1000000
10000,0.7,0.1,0.00016194730306966316,0.9210340371976184,0.00017583205020567063,0.9476565699895791,0.7,one_minus_s_power,253,True,19101.0,19101.0,256,1000000
10000,0.7,0.1,0.00016194730306966316,0.9210340371976184,0.00017583205020567063,0.9476565699895791,0.7,one_minus_s_power,254,True,17928.0,17928.0,256,1000000
10000,0.7,0.1,0.00016194730306966316,0.9210340371976184,0.00017583205020567063,0.9476565699895791,0.7,one_minus_s_power,255,True,60824.0,60824.0,256,1000000
10000,0.7,0.1,0.00016194730306966316,0.9210340371976184,0.00017583205020567063,0.9476565699895791,0.7,one_minus_s_power,256,True,13821.0,13821.0,256,1000000
10000,0.7,0.1,0.00016194730306966316,0.9210340371976184,0.00017583205020567063,0.9476565699895791,0.7,one_minus_s_power,257,True,22026.0,22026.0,256,1000000
10000,0.7,0.1,0.00016194730306966316,0.9210340371976184,0.00017583205020567063,0.9476565699895791,0.7,one_minus_s_power,258,True,69815.0,69815.0,256,1000000
10000,0.7,0.1,0.00016194730306966316,0.9210340371976184,0.00017583205020567063,0.9476565699895791,0.7,one_minus_s_power,259,True,5926.0,5926.0,256,1000000
10000,0.7,0.1,0.00016194730306966316,0.9210340371976184,0.00017583205020567063,0.9476565699895791,0.7,one_minus_s_power,260,True,46247.0,46247.0,256,1000000
10000,0.7,0.1,0.00016194730306966316,0.9210340371976184,0.00017583205020567063,0.9476565699895791,0.7,one_minus_s_power,261,True,9408.0,9408.0,256,1000000
10000,0.7,0.1,0.00016194730306966316,0.9210340371976184,0.00017583205020567063,0.9476565699895791,0.7,one_minus_s_power,262,True,30830.0,30830.0,256,1000000
10000,0.7,0.1,0.00016194730306966316,0.9210340371976184,0.00017583205020567063,0.9476565699895791,0.7,one_minus_s_power,263,True,3839.0,3839.0,256,1000000
10000,0.7,0.1,0.00016194730306966316,0.9210340371976184,0.00017583205020567063,0.9476565699895791,0.7,one_minus_s_power,264,True,15735.0,15735.0,256,1000000
10000,0.7,0.1,0.00016194730306966316,0.9210340371976184,0.00017583205020567063,0.9476565699895791,0.7,one_minus_s_power,265,True,15528.0,15528.0,256,1000000
10000,0.7,0.1,0.00016194730306966316,0.9210340371976184,0.00017583205020567063,0.9476565699895791,0.7,one_minus_s_power,266,True,1933.0,1933.0,256,1000000
10000,0.7,0.1,0.00016194730306966316,0.9210340371976184,0.00017583205020567063,0.9476565699895791,0.7,one_minus_s_power,267,True,33216.0,33216.0,256,1000000
10000,0.7,0.1,0.00016194730306966316,0.9210340371976184,0.00017583205020567063,0.9476565699895791,0.7,one_minus_s_power,268,True,52487.0,52487.0,256,1000000
10000,0.7,0.1,0.00016194730306966316,0.9210340371976184,0.00017583205020567063,0.9476565699895791,0.7,one_minus_s_power,269,True,31547.0,31547.0,256,1000000
10000,0.7,0.1,0.00016194730306966316,0.9210340371976184,0.00017583205020567063,0.9476565699895791,0.7,one_minus_s_power,270,True,6293.0,6293.0,256,1000000
10000,0.7,0.1,0.00016194730306966316,0.9210340371976184,0.00017583205020567063,0.9476565699895791,0.7,one_minus_s_power,271,True,23570.0,23570.0,256,1000000
10000,0.7,0.1,0.00016194730306966316,0.9210340371976184,0.00017583205020567063,0.9476565699895791,0.7,one_minus_s_power,272,True,14819.0,14819.0,256,1000000
10000,0.7,0.1,0.00016194730306966316,0.9210340371976184,0.00017583205020567063,0.9476565699895791,0.7,one_minus_s_power,273,True,39915.0,39915.0,256,1000000
10000,0.7,0.1,0.00016194730306966316,0.9210340371976184,0.00017583205020567063,0.9476565699895791,0.7,one_minus_s_power,274,True,13264.0,13264.0,256,1000000
10000,0.7,0.1,0.00016194730306966316,0.9210340371976184,0.00017583205020567063,0.9476565699895791,0.7,one_minus_s_power,275,True,11433.0,11433.0,256,1000000
10000,0.7,0.1,0.00016194730306966316,0.9210340371976184,0.00017583205020567063,0.9476565699895791,0.7,one_minus_s_power,276,True,4229.0,4229.0,256,1000000
10000,0.7,0.1,0.00016194730306966316,0.9210340371976184,0.00017583205020567063,0.9476565699895791,0.7,one_minus_s_power,277,True,17775.0,17775.0,256,1000000
10000,0.7,0.1,0.00016194730306966316,0.9210340371976184,0.00017583205020567063,0.9476565699895791,0.7,one_minus_s_power,278,True,11389.0,11389.0,256,1000000
10000,0.7,0.1,0.00016194730306966316,0.9210340371976184,0.00017583205020567063,0.9476565699895791,0.7,one_minus_s_power,279,True,5900.0,5900.0,256,1000000
10000,0.7,0.1,0.00016194730306966316,0.9210340371976184,0.00017583205020567063,0.9476565699895791,0.7,one_minus_s_power,280,True,28660.0,28660.0,256,1000000
10000,0.7,0.1,0.00016194730306966316,0.9210340371976184,0.00017583205020567063,0.9476565699895791,0.7,one_minus_s_power,281,True,17085.0,17085.0,256,1000000
10000,0.7,0.1,0.00016194730306966316,0.9210340371976184,0.00017583205020567063,0.9476565699895791,0.7,one_minus_s_power,282,True,26622.0,26622.0,256,1000000
10000,0.7,0.1,0.00016194730306966316,0.9210340371976184,0.00017583205020567063,0.9476565699895791,0.7,one_minus_s_power,283,True,10804.0,10804.0,256,1000000
10000,0.7,0.1,0.00016194730306966316,0.9210340371976184,0.00017583205020567063,0.9476565699895791,0.7,one_minus_s_power,284,True,11038.0,11038.0,256,1000000
10000,0.7,0.1,0.00016194730306966316,0.9210340371976184,0.00017583205020567063,0.9476565699895791,0.7,one_minus_s_power,285,True,19017.0,19017.0,256,1000000
10000,0.7,0.1,0.00016194730306966316,0.9210340371976184,0.00017583205020567063,0.9476565699895791,0.7,one_minus_s_power,286,True,12143.0,12143.0,256,1000000
10000,0.7,0.1,0.00016194730306966316,0.9210340371976184,0.00017583205020567063,0.9476565699895791,0.7,one_minus_s_power,287,True,7386.0,7386.0,256,1000000
10000,0.7,0.1,0.00016194730306966316,0.9210340371976184,0.00017583205020567063,0.9476565699895791,0.7,one_minus_s_power,288,True,53748.0,53748.0,256,1000000
10000,0.7,0.1,0.00016194730306966316,0.9210340371976184,0.00017583205020567063,0.9476565699895791,0.7,one_minus_s_power,289,True,51446.0,51446.0,256,1000000
10000,0.7,0.1,0.00016194730306966316,0.9210340371976184,0.00017583205020567063,0.9476565699895791,0.7,one_minus_s_power,290,True,10060.0,10060.0,256,1000000
10000,0.7,0.1,0.00016194730306966316,0.9210340371976184,0.00017583205020567063,0.9476565699895791,0.7,one_minus_s_power,291,True,145971.0,145971.0,256,1000000
10000,0.7,0.1,0.00016194730306966316,0.9210340371976184,0.00017583205020567063,0.9476565699895791,0.7,one_minus_s_power,292,True,46122.0,46122.0,256,1000000
10000,0.7,0.1,0.00016194730306966316,0.9210340371976184,0.00017583205020567063,0.9476565699895791,0.7,one_minus_s_power,293,True,19833.0,19833.0,256,1000000
10000,0.7,0.1,0.00016194730306966316,0.9210340371976184,0.00017583205020567063,0.9476565699895791,0.7,one_minus_s_power,294,True,67571.0,67571.0,256,1000000
10000,0.7,0.1,0.00016194730306966316,0.9210340371976184,0.00017583205020567063,0.9476565699895791,0.7,one_minus_s_power,295,True,7327.0,7327.0,256,1000000
10000,0.7,0.1,0.00016194730306966316,0.9210340371976184,0.00017583205020567063,0.9476565699895791,0.7,one_minus_s_power,296,True,13634.0,13634.0,256,1000000
10000,0.7,0.1,0.00016194730306966316,0.9210340371976184,0.00017583205020567063,0.9476565699895791,0.7,one_minus_s_power,297,True,4894.0,4894.0,256,1000000
10000,0.7,0.1,0.00016194730306966316,0.9210340371976184,0.00017583205020567063,0.9476565699895791,0.7,one_minus_s_power,298,True,8210.0,8210.0,256,1000000
10000,0.7,0.1,0.00016194730306966316,0.9210340371976184,0.00017583205020567063,0.9476565699895791,0.7,one_minus_s_power,299,True,18464.0,18464.0,256,1000000
10000,0.7,0.1,0.00016194730306966316,0.9210340371976184,0.00017583205020567063,0.9476565699895791,0.7,one_minus_s_power,300,True,10793.0,10793.0,256,1000000
10000,0.7,0.1,0.00016194730306966316,0.9210340371976184,0.00017583205020567063,0.9476565699895791,0.7,one_minus_s_power,301,True,23022.0,23022.0,256,1000000
10000,0.7,0.1,0.00016194730306966316,0.9210340371976184,0.00017583205020567063,0.9476565699895791,0.7,one_minus_s_power,302,True,14376.0,14376.0,256,1000000
10000,0.7,0.1,0.00016194730306966316,0.9210340371976184,0.00017583205020567063,0.9476565699895791,0.7,one_minus_s_power,303,True,11303.0,11303.0,256,1000000
10000,0.7,0.1,0.00016194730306966316,0.9210340371976184,0.00017583205020567063,0.9476565699895791,0.7,one_minus_s_power,304,True,26845.0,26845.0,256,1000000
10000,0.7,0.1,0.00016194730306966316,0.9210340371976184,0.00017583205020567063,0.9476565699895791,0.7,one_minus_s_power,305,True,39102.0,39102.0,256,1000000
10000,0.7,0.1,0.00016194730306966316,0.9210340371976184,0.00017583205020567063,0.9476565699895791,0.7,one_minus_s_power,306,True,8170.0,8170.0,256,1000000
10000,0.7,0.1,0.00016194730306966316,0.9210340371976184,0.00017583205020567063,0.9476565699895791,0.7,one_minus_s_power,307,True,15041.0,15041.0,256,1000000
10000,0.7,0.1,0.00016194730306966316,0.9210340371976184,0.00017583205020567063,0.9476565699895791,0.7,one_minus_s_power,308,True,13159.0,13159.0,256,1000000
10000,0.7,0.1,0.00016194730306966316,0.9210340371976184,0.00017583205020567063,0.9476565699895791,0.7,one_minus_s_power,309,True,36898.0,36898.0,256,1000000
10000,0.7,0.1,0.00016194730306966316,0.9210340371976184,0.00017583205020567063,0.9476565699895791,0.7,one_minus_s_power,310,True,7604.0,7604.0,256,1000000
10000,0.7,0.1,0.00016194730306966316,0.9210340371976184,0.00017583205020567063,0.9476565699895791,0.7,one_minus_s_power,311,True,36069.0,36069.0,256,1000000
10000,0.7,0.1,0.00016194730306966316,0.9210340371976184,0.00017583205020567063,0.9476565699895791,0.7,one_minus_s_power,312,True,16844.0,16844.0,256,1000000
10000,0.7,0.1,0.00016194730306966316,0.9210340371976184,0.00017583205020567063,0.9476565699895791,0.7,one_minus_s_power,313,True,21595.0,21595.0,256,1000000
10000,0.7,0.1,0.00016194730306966316,0.9210340371976184,0.00017583205020567063,0.9476565699895791,0.7,one_minus_s_power,314,True,15757.0,15757.0,256,1000000
10000,0.7,0.1,0.00016194730306966316,0.9210340371976184,0.00017583205020567063,0.9476565699895791,0.7,one_minus_s_power,315,True,39249.0,39249.0,256,1000000
10000,0.7,0.1,0.00016194730306966316,0.9210340371976184,0.00017583205020567063,0.9476565699895791,0.7,one_minus_s_power,316,True,19537.0,19537.0,256,1000000
10000,0.7,0.1,0.00016194730306966316,0.9210340371976184,0.00017583205020567063,0.9476565699895791,0.7,one_minus_s_power,317,True,25891.0,25891.0,256,1000000
10000,0.7,0.1,0.00016194730306966316,0.9210340371976184,0.00017583205020567063,0.9476565699895791,0.7,one_minus_s_power,318,True,20722.0,20722.0,256,1000000
10000,0.7,0.1,0.00016194730306966316,0.9210340371976184,0.00017583205020567063,0.9476565699895791,0.7,one_minus_s_power,319,True,65565.0,65565.0,256,1000000
10000,0.7,0.1,0.00016194730306966316,0.9210340371976184,0.00017583205020567063,0.9476565699895791,0.7,one_minus_s_power,320,True,13822.0,13822.0,256,1000000
10000,0.7,0.1,0.00016194730306966316,0.9210340371976184,0.00017583205020567063,0.9476565699895791,0.7,one_minus_s_power,321,True,82158.0,82158.0,256,1000000
10000,0.7,0.1,0.00016194730306966316,0.9210340371976184,0.00017583205020567063,0.9476565699895791,0.7,one_minus_s_power,322,True,37830.0,37830.0,256,1000000
10000,0.7,0.1,0.00016194730306966316,0.9210340371976184,0.00017583205020567063,0.9476565699895791,0.7,one_minus_s_power,323,True,22954.0,22954.0,256,1000000
10000,0.7,0.1,0.00016194730306966316,0.9210340371976184,0.00017583205020567063,0.9476565699895791,0.7,one_minus_s_power,324,True,6250.0,6250.0,256,1000000
10000,0.7,0.1,0.00016194730306966316,0.9210340371976184,0.00017583205020567063,0.9476565699895791,0.7,one_minus_s_power,325,True,17402.0,17402.0,256,1000000
10000,0.7,0.1,0.00016194730306966316,0.9210340371976184,0.00017583205020567063,0.9476565699895791,0.7,one_minus_s_power,326,True,4810.0,4810.0,256,1000000
10000,0.7,0.1,0.00016194730306966316,0.9210340371976184,0.00017583205020567063,0.9476565699895791,0.7,one_minus_s_power,327,True,4409.0,4409.0,256,1000000
10000,0.7,0.1,0.00016194730306966316,0.9210340371976184,0.00017583205020567063,0.9476565699895791,0.7,one_minus_s_power,328,True,96075.0,96075.0,256,1000000
10000,0.7,0.1,0.00016194730306966316,0.9210340371976184,0.00017583205020567063,0.9476565699895791,0.7,one_minus_s_power,329,True,42439.0,42439.0,256,1000000
10000,0.7,0.1,0.00016194730306966316,0.9210340371976184,0.00017583205020567063,0.9476565699895791,0.7,one_minus_s_power,330,True,34846.0,34846.0,256,1000000
10000,0.7,0.1,0.00016194730306966316,0.9210340371976184,0.00017583205020567063,0.9476565699895791,0.7,one_minus_s_power,331,True,7415.0,7415.0,256,1000000
10000,0.7,0.1,0.00016194730306966316,0.9210340371976184,0.00017583205020567063,0.9476565699895791,0.7,one_minus_s_power,332,True,35206.0,35206.0,256,1000000
10000,0.7,0.1,0.00016194730306966316,0.9210340371976184,0.00017583205020567063,0.9476565699895791,0.7,one_minus_s_power,333,True,7899.0,7899.0,256,1000000
10000,0.7,0.1,0.00016194730306966316,0.9210340371976184,0.00017583205020567063,0.9476565699895791,0.7,one_minus_s_power,334,True,9222.0,9222.0,256,1000000
10000,0.7,0.1,0.00016194730306966316,0.9210340371976184,0.00017583205020567063,0.9476565699895791,0.7,one_minus_s_power,335,True,18615.0,18615.0,256,1000000
10000,0.7,0.1,0.00016194730306966316,0.9210340371976184,0.00017583205020567063,0.9476565699895791,0.7,one_minus_s_power,336,True,8379.0,8379.0,256,1000000
10000,0.7,0.1,0.00016194730306966316,0.9210340371976184,0.00017583205020567063,0.9476565699895791,0.7,one_minus_s_power,337,True,22959.0,22959.0,256,1000000
10000,0.7,0.1,0.00016194730306966316,0.9210340371976184,0.00017583205020567063,0.9476565699895791,0.7,one_minus_s_power,338,True,5519.0,5519.0,256,1000000
10000,0.7,0.1,0.00016194730306966316,0.9210340371976184,0.00017583205020567063,0.9476565699895791,0.7,one_minus_s_power,339,True,27893.0,27893.0,256,1000000
10000,0.7,0.1,0.00016194730306966316,0.9210340371976184,0.00017583205020567063,0.9476565699895791,0.7,one_minus_s_power,340,True,25410.0,25410.0,256,1000000
10000,0.7,0.1,0.00016194730306966316,0.9210340371976184,0.00017583205020567063,0.9476565699895791,0.7,one_minus_s_power,341,True,34627.0,34627.0,256,1000000
10000,0.7,0.1,0.00016194730306966316,0.9210340371976184,0.00017583205020567063,0.9476565699895791,0.7,one_minus_s_power,342,True,3723.0,3723.0,256,1000000
10000,0.7,0.1,0.00016194730306966316,0.9210340371976184,0.00017583205020567063,0.9476565699895791,0.7,one_minus_s_power,343,True,24643.0,24643.0,256,1000000
10000,0.7,0.1,0.00016194730306966316,0.9210340371976184,0.00017583205020567063,0.9476565699895791,0.7,one_minus_s_power,344,True,44934.0,44934.0,256,1000000
10000,0.7,0.1,0.00016194730306966316,0.9210340371976184,0.00017583205020567063,0.9476565699895791,0.7,one_minus_s_power,345,True,22660.0,22660.0,256,1000000
10000,0.7,0.1,0.00016194730306966316,0.9210340371976184,0.00017583205020567063,0.9476565699895791,0.7,one_minus_s_power,346,True,7346.0,7346.0,256,1000000
10000,0.7,0.1,0.00016194730306966316,0.9210340371976184,0.00017583205020567063,0.9476565699895791,0.7,one_minus_s_power,347,True,10001.0,10001.0,256,1000000
10000,0.7,0.1,0.00016194730306966316,0.9210340371976184,0.00017583205020567063,0.9476565699895791,0.7,one_minus_s_power,348,True,13742.0,13742.0,256,1000000
10000,0.7,0.1,0.00016194730306966316,0.9210340371976184,0.00017583205020567063,0.9476565699895791,0.7,one_minus_s_power,349,True,8162.0,8162.0,256,1000000
10000,0.7,0.1,0.00016194730306966316,0.9210340371976184,0.00017583205020567063,0.9476565699895791,0.7,one_minus_s_power,350,True,24648.0,24648.0,256,1000000
10000,0.7,0.1,0.00016194730306966316,0.9210340371976184,0.00017583205020567063,0.9476565699895791,0.7,one_minus_s_power,351,True,3305.0,3305.0,256,1000000
10000,0.7,0.1,0.00016194730306966316,0.9210340371976184,0.00017583205020567063,0.9476565699895791,0.7,one_minus_s_power,352,True,23803.0,23803.0,256,1000000
10000,0.7,0.1,0.00016194730306966316,0.9210340371976184,0.00017583205020567063,0.9476565699895791,0.7,one_minus_s_power,353,True,11322.0,11322.0,256,1000000
10000,0.7,0.1,0.00016194730306966316,0.9210340371976184,0.00017583205020567063,0.9476565699895791,0.7,one_minus_s_power,354,True,19724.0,19724.0,256,1000000
10000,0.7,0.1,0.00016194730306966316,0.9210340371976184,0.00017583205020567063,0.9476565699895791,0.7,one_minus_s_power,355,True,5564.0,5564.0,256,1000000
10000,0.7,0.1,0.00016194730306966316,0.9210340371976184,0.00017583205020567063,0.9476565699895791,0.7,one_minus_s_power,356,True,5503.0,5503.0,256,1000000
10000,0.7,0.1,0.00016194730306966316,0.9210340371976184,0.00017583205020567063,0.9476565699895791,0.7,one_minus_s_power,357,True,12942.0,12942.0,256,1000000
10000,0.7,0.1,0.00016194730306966316,0.9210340371976184,0.00017583205020567063,0.9476565699895791,0.7,one_minus_s_power,358,True,46773.0,46773.0,256,1000000
10000,0.7,0.1,0.00016194730306966316,0.9210340371976184,0.00017583205020567063,0.9476565699895791,0.7,one_minus_s_power,359,True,79376.0,79376.0,256,1000000
10000,0.7,0.1,0.00016194730306966316,0.9210340371976184,0.00017583205020567063,0.9476565699895791,0.7,one_minus_s_power,360,True,13531.0,13531.0,256,1000000
10000,0.7,0.1,0.00016194730306966316,0.9210340371976184,0.00017583205020567063,0.9476565699895791,0.7,one_minus_s_power,361,True,6446.0,6446.0,256,1000000
10000,0.7,0.1,0.00016194730306966316,0.9210340371976184,0.00017583205020567063,0.9476565699895791,0.7,one_minus_s_power,362,True,3020.0,3020.0,256,1000000
10000,0.7,0.1,0.00016194730306966316,0.9210340371976184,0.00017583205020567063,0.9476565699895791,0.7,one_minus_s_power,363,True,8899.0,8899.0,256,1000000
10000,0.7,0.1,0.00016194730306966316,0.9210340371976184,0.00017583205020567063,0.9476565699895791,0.7,one_minus_s_power,364,True,24807.0,24807.0,256,1000000
10000,0.7,0.1,0.00016194730306966316,0.9210340371976184,0.00017583205020567063,0.9476565699895791,0.7,one_minus_s_power,365,True,2913.0,2913.0,256,1000000
10000,0.7,0.1,0.00016194730306966316,0.9210340371976184,0.00017583205020567063,0.9476565699895791,0.7,one_minus_s_power,366,True,12243.0,12243.0,256,1000000
10000,0.7,0.1,0.00016194730306966316,0.9210340371976184,0.00017583205020567063,0.9476565699895791,0.7,one_minus_s_power,367,True,3746.0,3746.0,256,1000000
10000,0.7,0.1,0.00016194730306966316,0.9210340371976184,0.00017583205020567063,0.9476565699895791,0.7,one_minus_s_power,368,True,26562.0,26562.0,256,1000000
10000,0.7,0.1,0.00016194730306966316,0.9210340371976184,0.00017583205020567063,0.9476565699895791,0.7,one_minus_s_power,369,True,4249.0,4249.0,256,1000000
10000,0.7,0.1,0.00016194730306966316,0.9210340371976184,0.00017583205020567063,0.9476565699895791,0.7,one_minus_s_power,370,True,35628.0,35628.0,256,1000000
10000,0.7,0.1,0.00016194730306966316,0.9210340371976184,0.00017583205020567063,0.9476565699895791,0.7,one_minus_s_power,371,True,41183.0,41183.0,256,1000000
10000,0.7,0.1,0.00016194730306966316,0.9210340371976184,0.00017583205020567063,0.9476565699895791,0.7,one_minus_s_power,372,True,66948.0,66948.0,256,1000000
10000,0.7,0.1,0.00016194730306966316,0.9210340371976184,0.00017583205020567063,0.9476565699895791,0.7,one_minus_s_power,373,True,4132.0,4132.0,256,1000000
10000,0.7,0.1,0.00016194730306966316,0.9210340371976184,0.00017583205020567063,0.9476565699895791,0.7,one_minus_s_power,374,True,6797.0,6797.0,256,1000000
10000,0.7,0.1,0.00016194730306966316,0.9210340371976184,0.00017583205020567063,0.9476565699895791,0.7,one_minus_s_power,375,True,9910.0,9910.0,256,1000000
10000,0.7,0.1,0.00016194730306966316,0.9210340371976184,0.00017583205020567063,0.9476565699895791,0.7,one_minus_s_power,376,True,24025.0,24025.0,256,1000000
10000,0.7,0.1,0.00016194730306966316,0.9210340371976184,0.00017583205020567063,0.9476565699895791,0.7,one_minus_s_power,377,True,16129.0,16129.0,256,1000000
10000,0.7,0.1,0.00016194730306966316,0.9210340371976184,0.00017583205020567063,0.9476565699895791,0.7,one_minus_s_power,378,True,7405.0,7405.0,256,1000000
10000,0.7,0.1,0.00016194730306966316,0.9210340371976184,0.00017583205020567063,0.9476565699895791,0.7,one_minus_s_power,379,True,41994.0,41994.0,256,1000000
10000,0.7,0.1,0.00016194730306966316,0.9210340371976184,0.00017583205020567063,0.9476565699895791,0.7,one_minus_s_power,380,True,34334.0,34334.0,256,1000000
10000,0.7,0.1,0.00016194730306966316,0.9210340371976184,0.00017583205020567063,0.9476565699895791,0.7,one_minus_s_power,381,True,15587.0,15587.0,256,1000000
10000,0.7,0.1,0.00016194730306966316,0.9210340371976184,0.00017583205020567063,0.9476565699895791,0.7,one_minus_s_power,382,True,2945.0,2945.0,256,1000000
10000,0.7,0.1,0.00016194730306966316,0.9210340371976184,0.00017583205020567063,0.9476565699895791,0.7,one_minus_s_power,383,True,8768.0,8768.0,256,1000000
10000,0.7,0.1,0.00016194730306966316,0.9210340371976184,0.00017583205020567063,0.9476565699895791,0.7,one_minus_s_power,384,True,6939.0,6939.0,256,1000000
10000,0.7,0.1,0.00016194730306966316,0.9210340371976184,0.00017583205020567063,0.9476565699895791,0.7,one_minus_s_power,385,True,14827.0,14827.0,256,1000000
10000,0.7,0.1,0.00016194730306966316,0.9210340371976184,0.00017583205020567063,0.9476565699895791,0.7,one_minus_s_power,386,True,34357.0,34357.0,256,1000000
10000,0.7,0.1,0.00016194730306966316,0.9210340371976184,0.00017583205020567063,0.9476565699895791,0.7,one_minus_s_power,387,True,81931.0,81931.0,256,1000000
10000,0.7,0.1,0.00016194730306966316,0.9210340371976184,0.00017583205020567063,0.9476565699895791,0.7,one_minus_s_power,388,True,13253.0,13253.0,256,1000000
10000,0.7,0.1,0.00016194730306966316,0.9210340371976184,0.00017583205020567063,0.9476565699895791,0.7,one_minus_s_power,389,True,26412.0,26412.0,256,1000000
10000,0.7,0.1,0.00016194730306966316,0.9210340371976184,0.00017583205020567063,0.9476565699895791,0.7,one_minus_s_power,390,True,58834.0,58834.0,256,1000000
10000,0.7,0.1,0.00016194730306966316,0.9210340371976184,0.00017583205020567063,0.9476565699895791,0.7,one_minus_s_power,391,True,9521.0,9521.0,256,1000000
10000,0.7,0.1,0.00016194730306966316,0.9210340371976184,0.00017583205020567063,0.9476565699895791,0.7,one_minus_s_power,392,True,36210.0,36210.0,256,1000000
10000,0.7,0.1,0.00016194730306966316,0.9210340371976184,0.00017583205020567063,0.9476565699895791,0.7,one_minus_s_power,393,True,19710.0,19710.0,256,1000000
10000,0.7,0.1,0.00016194730306966316,0.9210340371976184,0.00017583205020567063,0.9476565699895791,0.7,one_minus_s_power,394,True,19827.0,19827.0,256,1000000
10000,0.7,0.1,0.00016194730306966316,0.9210340371976184,0.00017583205020567063,0.9476565699895791,0.7,one_minus_s_power,395,True,6743.0,6743.0,256,1000000
10000,0.7,0.1,0.00016194730306966316,0.9210340371976184,0.00017583205020567063,0.9476565699895791,0.7,one_minus_s_power,396,True,33665.0,33665.0,256,1000000
10000,0.7,0.1,0.00016194730306966316,0.9210340371976184,0.00017583205020567063,0.9476565699895791,0.7,one_minus_s_power,397,True,27791.0,27791.0,256,1000000
10000,0.7,0.1,0.00016194730306966316,0.9210340371976184,0.00017583205020567063,0.9476565699895791,0.7,one_minus_s_power,398,True,5294.0,5294.0,256,1000000
10000,0.7,0.1,0.00016194730306966316,0.9210340371976184,0.00017583205020567063,0.9476565699895791,0.7,one_minus_s_power,399,True,20568.0,20568.0,256,1000000
10000,0.7,0.1,0.00016194730306966316,0.9210340371976184,0.00017583205020567063,0.9476565699895791,0.7,one_minus_s_power,400,True,20033.0,20033.0,256,1000000
10000,0.7,0.1,0.00016194730306966316,0.9210340371976184,0.00017583205020567063,0.9476565699895791,0.7,one_minus_s_power,401,True,21245.0,21245.0,256,1000000
10000,0.7,0.1,0.00016194730306966316,0.9210340371976184,0.00017583205020567063,0.9476565699895791,0.7,one_minus_s_power,402,True,8687.0,8687.0,256,1000000
10000,0.7,0.1,0.00016194730306966316,0.9210340371976184,0.00017583205020567063,0.9476565699895791,0.7,one_minus_s_power,403,True,34076.0,34076.0,256,1000000
10000,0.7,0.1,0.00016194730306966316,0.9210340371976184,0.00017583205020567063,0.9476565699895791,0.7,one_minus_s_power,404,True,4935.0,4935.0,256,1000000
10000,0.7,0.1,0.00016194730306966316,0.9210340371976184,0.00017583205020567063,0.9476565699895791,0.7,one_minus_s_power,405,True,9558.0,9558.0,256,1000000
10000,0.7,0.1,0.00016194730306966316,0.9210340371976184,0.00017583205020567063,0.9476565699895791,0.7,one_minus_s_power,406,True,12731.0,12731.0,256,1000000
10000,0.7,0.1,0.00016194730306966316,0.9210340371976184,0.00017583205020567063,0.9476565699895791,0.7,one_minus_s_power,407,True,4463.0,4463.0,256,1000000
10000,0.7,0.1,0.00016194730306966316,0.9210340371976184,0.00017583205020567063,0.9476565699895791,0.7,one_minus_s_power,408,True,17544.0,17544.0,256,1000000
10000,0.7,0.1,0.00016194730306966316,0.9210340371976184,0.00017583205020567063,0.9476565699895791,0.7,one_minus_s_power,409,True,58708.0,58708.0,256,1000000
10000,0.7,0.1,0.00016194730306966316,0.9210340371976184,0.00017583205020567063,0.9476565699895791,0.7,one_minus_s_power,410,True,49729.0,49729.0,256,1000000
10000,0.7,0.1,0.00016194730306966316,0.9210340371976184,0.00017583205020567063,0.9476565699895791,0.7,one_minus_s_power,411,True,66697.0,66697.0,256,1000000
10000,0.7,0.1,0.00016194730306966316,0.9210340371976184,0.00017583205020567063,0.9476565699895791,0.7,one_minus_s_power,412,True,15949.0,15949.0,256,1000000
10000,0.7,0.1,0.00016194730306966316,0.9210340371976184,0.00017583205020567063,0.9476565699895791,0.7,one_minus_s_power,413,True,19621.0,19621.0,256,1000000
10000,0.7,0.1,0.00016194730306966316,0.9210340371976184,0.00017583205020567063,0.9476565699895791,0.7,one_minus_s_power,414,True,6917.0,6917.0,256,1000000
10000,0.7,0.1,0.00016194730306966316,0.9210340371976184,0.00017583205020567063,0.9476565699895791,0.7,one_minus_s_power,415,True,10791.0,10791.0,256,1000000
10000,0.7,0.1,0.00016194730306966316,0.9210340371976184,0.00017583205020567063,0.9476565699895791,0.7,one_minus_s_power,416,True,8776.0,8776.0,256,1000000
10000,0.7,0.1,0.00016194730306966316,0.9210340371976184,0.00017583205020567063,0.9476565699895791,0.7,one_minus_s_power,417,True,4916.0,4916.0,256,1000000
10000,0.7,0.1,0.00016194730306966316,0.9210340371976184,0.00017583205020567063,0.9476565699895791,0.7,one_minus_s_power,418,True,4784.0,4784.0,256,1000000
10000,0.7,0.1,0.00016194730306966316,0.9210340371976184,0.00017583205020567063,0.9476565699895791,0.7,one_minus_s_power,419,True,68101.0,68101.0,256,1000000
10000,0.7,0.1,0.00016194730306966316,0.9210340371976184,0.00017583205020567063,0.9476565699895791,0.7,one_minus_s_power,420,True,35778.0,35778.0,256,1000000
10000,0.7,0.1,0.00016194730306966316,0.9210340371976184,0.00017583205020567063,0.9476565699895791,0.7,one_minus_s_power,421,True,7270.0,7270.0,256,1000000
10000,0.7,0.1,0.00016194730306966316,0.9210340371976184,0.00017583205020567063,0.9476565699895791,0.7,one_minus_s_power,422,True,23105.0,23105.0,256,1000000
10000,0.7,0.1,0.00016194730306966316,0.9210340371976184,0.00017583205020567063,0.9476565699895791,0.7,one_minus_s_power,423,True,16805.0,16805.0,256,1000000
10000,0.7,0.1,0.00016194730306966316,0.9210340371976184,0.00017583205020567063,0.9476565699895791,0.7,one_minus_s_power,424,True,22466.0,22466.0,256,1000000
10000,0.7,0.1,0.00016194730306966316,0.9210340371976184,0.00017583205020567063,0.9476565699895791,0.7,one_minus_s_power,425,True,1988.0,1988.0,256,1000000
10000,0.7,0.1,0.00016194730306966316,0.9210340371976184,0.00017583205020567063,0.9476565699895791,0.7,one_minus_s_power,426,True,11201.0,11201.0,256,1000000
10000,0.7,0.1,0.00016194730306966316,0.9210340371976184,0.00017583205020567063,0.9476565699895791,0.7,one_minus_s_power,427,True,23975.0,23975.0,256,1000000
10000,0.7,0.1,0.00016194730306966316,0.9210340371976184,0.00017583205020567063,0.9476565699895791,0.7,one_minus_s_power,428,True,20362.0,20362.0,256,1000000
10000,0.7,0.1,0.00016194730306966316,0.9210340371976184,0.00017583205020567063,0.9476565699895791,0.7,one_minus_s_power,429,True,3590.0,3590.0,256,1000000
10000,0.7,0.1,0.00016194730306966316,0.9210340371976184,0.00017583205020567063,0.9476565699895791,0.7,one_minus_s_power,430,True,41131.0,41131.0,256,1000000
10000,0.7,0.1,0.00016194730306966316,0.9210340371976184,0.00017583205020567063,0.9476565699895791,0.7,one_minus_s_power,431,True,10788.0,10788.0,256,1000000
10000,0.7,0.1,0.00016194730306966316,0.9210340371976184,0.00017583205020567063,0.9476565699895791,0.7,one_minus_s_power,432,True,11793.0,11793.0,256,1000000
10000,0.7,0.1,0.00016194730306966316,0.9210340371976184,0.00017583205020567063,0.9476565699895791,0.7,one_minus_s_power,433,True,5283.0,5283.0,256,1000000
10000,0.7,0.1,0.00016194730306966316,0.9210340371976184,0.00017583205020567063,0.9476565699895791,0.7,one_minus_s_power,434,True,63958.0,63958.0,256,1000000
10000,0.7,0.1,0.00016194730306966316,0.9210340371976184,0.00017583205020567063,0.9476565699895791,0.7,one_minus_s_power,435,True,29901.0,29901.0,256,1000000
10000,0.7,0.1,0.00016194730306966316,0.9210340371976184,0.00017583205020567063,0.9476565699895791,0.7,one_minus_s_power,436,True,4978.0,4978.0,256,1000000
10000,0.7,0.1,0.00016194730306966316,0.9210340371976184,0.00017583205020567063,0.9476565699895791,0.7,one_minus_s_power,437,True,3507.0,3507.0,256,1000000
10000,0.7,0.1,0.00016194730306966316,0.9210340371976184,0.00017583205020567063,0.9476565699895791,0.7,one_minus_s_power,438,True,15434.0,15434.0,256,1000000
10000,0.7,0.1,0.00016194730306966316,0.9210340371976184,0.00017583205020567063,0.9476565699895791,0.7,one_minus_s_power,439,True,4400.0,4400.0,256,1000000
10000,0.7,0.1,0.00016194730306966316,0.9210340371976184,0.00017583205020567063,0.9476565699895791,0.7,one_minus_s_power,440,True,62665.0,62665.0,256,1000000
10000,0.7,0.1,0.00016194730306966316,0.9210340371976184,0.00017583205020567063,0.9476565699895791,0.7,one_minus_s_power,441,True,11242.0,11242.0,256,1000000
10000,0.7,0.1,0.00016194730306966316,0.9210340371976184,0.00017583205020567063,0.9476565699895791,0.7,one_minus_s_power,442,True,6195.0,6195.0,256,1000000
10000,0.7,0.1,0.00016194730306966316,0.9210340371976184,0.00017583205020567063,0.9476565699895791,0.7,one_minus_s_power,443,True,17207.0,17207.0,256,1000000
10000,0.7,0.1,0.00016194730306966316,0.9210340371976184,0.00017583205020567063,0.9476565699895791,0.7,one_minus_s_power,444,True,12508.0,12508.0,256,1000000
10000,0.7,0.1,0.00016194730306966316,0.9210340371976184,0.00017583205020567063,0.9476565699895791,0.7,one_minus_s_power,445,True,5124.0,5124.0,256,1000000
10000,0.7,0.1,0.00016194730306966316,0.9210340371976184,0.00017583205020567063,0.9476565699895791,0.7,one_minus_s_power,446,True,12106.0,12106.0,256,1000000
10000,0.7,0.1,0.00016194730306966316,0.9210340371976184,0.00017583205020567063,0.9476565699895791,0.7,one_minus_s_power,447,True,5918.0,5918.0,256,1000000
10000,0.7,0.1,0.00016194730306966316,0.9210340371976184,0.00017583205020567063,0.9476565699895791,0.7,one_minus_s_power,448,True,22222.0,22222.0,256,1000000
10000,0.7,0.1,0.00016194730306966316,0.9210340371976184,0.00017583205020567063,0.9476565699895791,0.7,one_minus_s_power,449,True,103949.0,103949.0,256,1000000
10000,0.7,0.1,0.00016194730306966316,0.9210340371976184,0.00017583205020567063,0.9476565699895791,0.7,one_minus_s_power,450,True,2490.0,2490.0,256,1000000
10000,0.7,0.1,0.00016194730306966316,0.9210340371976184,0.00017583205020567063,0.9476565699895791,0.7,one_minus_s_power,451,True,16798.0,16798.0,256,1000000
10000,0.7,0.1,0.00016194730306966316,0.9210340371976184,0.00017583205020567063,0.9476565699895791,0.7,one_minus_s_power,452,True,53929.0,53929.0,256,1000000
10000,0.7,0.1,0.00016194730306966316,0.9210340371976184,0.00017583205020567063,0.9476565699895791,0.7,one_minus_s_power,453,True,19422.0,19422.0,256,1000000
10000,0.7,0.1,0.00016194730306966316,0.9210340371976184,0.00017583205020567063,0.9476565699895791,0.7,one_minus_s_power,454,True,52938.0,52938.0,256,1000000
10000,0.7,0.1,0.00016194730306966316,0.9210340371976184,0.00017583205020567063,0.9476565699895791,0.7,one_minus_s_power,455,True,44143.0,44143.0,256,1000000
10000,0.7,0.1,0.00016194730306966316,0.9210340371976184,0.00017583205020567063,0.9476565699895791,0.7,one_minus_s_power,456,True,16717.0,16717.0,256,1000000
10000,0.7,0.1,0.00016194730306966316,0.9210340371976184,0.00017583205020567063,0.9476565699895791,0.7,one_minus_s_power,457,True,8465.0,8465.0,256,1000000
10000,0.7,0.1,0.00016194730306966316,0.9210340371976184,0.00017583205020567063,0.9476565699895791,0.7,one_minus_s_power,458,True,10076.0,10076.0,256,1000000
10000,0.7,0.1,0.00016194730306966316,0.9210340371976184,0.00017583205020567063,0.9476565699895791,0.7,one_minus_s_power,459,True,98326.0,98326.0,256,1000000
10000,0.7,0.1,0.00016194730306966316,0.9210340371976184,0.00017583205020567063,0.9476565699895791,0.7,one_minus_s_power,460,True,11945.0,11945.0,256,1000000
10000,0.7,0.1,0.00016194730306966316,0.9210340371976184,0.00017583205020567063,0.9476565699895791,0.7,one_minus_s_power,461,True,12285.0,12285.0,256,1000000
10000,0.7,0.1,0.00016194730306966316,0.9210340371976184,0.00017583205020567063,0.9476565699895791,0.7,one_minus_s_power,462,True,104779.0,104779.0,256,1000000
10000,0.7,0.1,0.00016194730306966316,0.9210340371976184,0.00017583205020567063,0.9476565699895791,0.7,one_minus_s_power,463,True,41865.0,41865.0,256,1000000
10000,0.7,0.1,0.00016194730306966316,0.9210340371976184,0.00017583205020567063,0.9476565699895791,0.7,one_minus_s_power,464,True,33230.0,33230.0,256,1000000
10000,0.7,0.1,0.00016194730306966316,0.9210340371976184,0.00017583205020567063,0.9476565699895791,0.7,one_minus_s_power,465,True,9359.0,9359.0,256,1000000
10000,0.7,0.1,0.00016194730306966316,0.9210340371976184,0.00017583205020567063,0.9476565699895791,0.7,one_minus_s_power,466,True,34570.0,34570.0,256,1000000
10000,0.7,0.1,0.00016194730306966316,0.9210340371976184,0.00017583205020567063,0.9476565699895791,0.7,one_minus_s_power,467,True,3550.0,3550.0,256,1000000
10000,0.7,0.1,0.00016194730306966316,0.9210340371976184,0.00017583205020567063,0.9476565699895791,0.7,one_minus_s_power,468,True,73202.0,73202.0,256,1000000
10000,0.7,0.1,0.00016194730306966316,0.9210340371976184,0.00017583205020567063,0.9476565699895791,0.7,one_minus_s_power,469,True,9786.0,9786.0,256,1000000
10000,0.7,0.1,0.00016194730306966316,0.9210340371976184,0.00017583205020567063,0.9476565699895791,0.7,one_minus_s_power,470,True,15557.0,15557.0,256,1000000
10000,0.7,0.1,0.00016194730306966316,0.9210340371976184,0.00017583205020567063,0.9476565699895791,0.7,one_minus_s_power,471,True,20110.0,20110.0,256,1000000
10000,0.7,0.1,0.00016194730306966316,0.9210340371976184,0.00017583205020567063,0.9476565699895791,0.7,one_minus_s_power,472,True,57124.0,57124.0,256,1000000
10000,0.7,0.1,0.00016194730306966316,0.9210340371976184,0.00017583205020567063,0.9476565699895791,0.7,one_minus_s_power,473,True,41691.0,41691.0,256,1000000
10000,0.7,0.1,0.00016194730306966316,0.9210340371976184,0.00017583205020567063,0.9476565699895791,0.7,one_minus_s_power,474,True,29221.0,29221.0,256,1000000
10000,0.7,0.1,0.00016194730306966316,0.9210340371976184,0.00017583205020567063,0.9476565699895791,0.7,one_minus_s_power,475,True,31540.0,31540.0,256,1000000
10000,0.7,0.1,0.00016194730306966316,0.9210340371976184,0.00017583205020567063,0.9476565699895791,0.7,one_minus_s_power,476,True,23514.0,23514.0,256,1000000
10000,0.7,0.1,0.00016194730306966316,0.9210340371976184,0.00017583205020567063,0.9476565699895791,0.7,one_minus_s_power,477,True,7053.0,7053.0,256,1000000
10000,0.7,0.1,0.00016194730306966316,0.9210340371976184,0.00017583205020567063,0.9476565699895791,0.7,one_minus_s_power,478,True,4779.0,4779.0,256,1000000
10000,0.7,0.1,0.00016194730306966316,0.9210340371976184,0.00017583205020567063,0.9476565699895791,0.7,one_minus_s_power,479,True,31659.0,31659.0,256,1000000
10000,0.7,0.1,0.00016194730306966316,0.9210340371976184,0.00017583205020567063,0.9476565699895791,0.7,one_minus_s_power,480,True,5770.0,5770.0,256,1000000
10000,0.7,0.1,0.00016194730306966316,0.9210340371976184,0.00017583205020567063,0.9476565699895791,0.7,one_minus_s_power,481,True,13708.0,13708.0,256,1000000
10000,0.7,0.1,0.00016194730306966316,0.9210340371976184,0.00017583205020567063,0.9476565699895791,0.7,one_minus_s_power,482,True,128660.0,128660.0,256,1000000
10000,0.7,0.1,0.00016194730306966316,0.9210340371976184,0.00017583205020567063,0.9476565699895791,0.7,one_minus_s_power,483,True,29491.0,29491.0,256,1000000
10000,0.7,0.1,0.00016194730306966316,0.9210340371976184,0.00017583205020567063,0.9476565699895791,0.7,one_minus_s_power,484,True,28908.0,28908.0,256,1000000
10000,0.7,0.1,0.00016194730306966316,0.9210340371976184,0.00017583205020567063,0.9476565699895791,0.7,one_minus_s_power,485,True,6493.0,6493.0,256,1000000
10000,0.7,0.1,0.00016194730306966316,0.9210340371976184,0.00017583205020567063,0.9476565699895791,0.7,one_minus_s_power,486,True,21805.0,21805.0,256,1000000
10000,0.7,0.1,0.00016194730306966316,0.9210340371976184,0.00017583205020567063,0.9476565699895791,0.7,one_minus_s_power,487,True,10448.0,10448.0,256,1000000
10000,0.7,0.1,0.00016194730306966316,0.9210340371976184,0.00017583205020567063,0.9476565699895791,0.7,one_minus_s_power,488,True,18334.0,18334.0,256,1000000
10000,0.7,0.1,0.00016194730306966316,0.9210340371976184,0.00017583205020567063,0.9476565699895791,0.7,one_minus_s_power,489,True,6684.0,6684.0,256,1000000
10000,0.7,0.1,0.00016194730306966316,0.9210340371976184,0.00017583205020567063,0.9476565699895791,0.7,one_minus_s_power,490,True,19052.0,19052.0,256,1000000
10000,0.7,0.1,0.00016194730306966316,0.9210340371976184,0.00017583205020567063,0.9476565699895791,0.7,one_minus_s_power,491,True,23805.0,23805.0,256,1000000
10000,0.7,0.1,0.00016194730306966316,0.9210340371976184,0.00017583205020567063,0.9476565699895791,0.7,one_minus_s_power,492,True,6518.0,6518.0,256,1000000
10000,0.7,0.1,0.00016194730306966316,0.9210340371976184,0.00017583205020567063,0.9476565699895791,0.7,one_minus_s_power,493,True,3782.0,3782.0,256,1000000
10000,0.7,0.1,0.00016194730306966316,0.9210340371976184,0.00017583205020567063,0.9476565699895791,0.7,one_minus_s_power,494,True,35193.0,35193.0,256,1000000
10000,0.7,0.1,0.00016194730306966316,0.9210340371976184,0.00017583205020567063,0.9476565699895791,0.7,one_minus_s_power,495,True,40874.0,40874.0,256,1000000
10000,0.7,0.1,0.00016194730306966316,0.9210340371976184,0.00017583205020567063,0.9476565699895791,0.7,one_minus_s_power,496,True,6612.0,6612.0,256,1000000
10000,0.7,0.1,0.00016194730306966316,0.9210340371976184,0.00017583205020567063,0.9476565699895791,0.7,one_minus_s_power,497,True,7181.0,7181.0,256,1000000
10000,0.7,0.1,0.00016194730306966316,0.9210340371976184,0.00017583205020567063,0.9476565699895791,0.7,one_minus_s_power,498,True,21509.0,21509.0,256,1000000
10000,0.7,0.1,0.00016194730306966316,0.9210340371976184,0.00017583205020567063,0.9476565699895791,0.7,one_minus_s_power,499,True,21052.0,21052.0,256,1000000
10000,0.7,0.1,0.00016194730306966316,0.9210340371976184,0.00017583205020567063,0.9476565699895791,0.7,one_minus_s_power,500,True,43780.0,43780.0,256,1000000
10000,0.7,0.1,0.00016194730306966316,0.9210340371976184,0.00017583205020567063,0.9476565699895791,0.7,one_minus_s_power,501,True,21896.0,21896.0,256,1000000
10000,0.7,0.1,0.00016194730306966316,0.9210340371976184,0.00017583205020567063,0.9476565699895791,0.7,one_minus_s_power,502,True,12733.0,12733.0,256,1000000
10000,0.7,0.1,0.00016194730306966316,0.9210340371976184,0.00017583205020567063,0.9476565699895791,0.7,one_minus_s_power,503,True,53875.0,53875.0,256,1000000
10000,0.7,0.1,0.00016194730306966316,0.9210340371976184,0.00017583205020567063,0.9476565699895791,0.7,one_minus_s_power,504,True,5843.0,5843.0,256,1000000
10000,0.7,0.1,0.00016194730306966316,0.9210340371976184,0.00017583205020567063,0.9476565699895791,0.7,one_minus_s_power,505,True,46630.0,46630.0,256,1000000
10000,0.7,0.1,0.00016194730306966316,0.9210340371976184,0.00017583205020567063,0.9476565699895791,0.7,one_minus_s_power,506,True,18156.0,18156.0,256,1000000
10000,0.7,0.1,0.00016194730306966316,0.9210340371976184,0.00017583205020567063,0.9476565699895791,0.7,one_minus_s_power,507,True,4332.0,4332.0,256,1000000
10000,0.7,0.1,0.00016194730306966316,0.9210340371976184,0.00017583205020567063,0.9476565699895791,0.7,one_minus_s_power,508,True,32035.0,32035.0,256,1000000
10000,0.7,0.1,0.00016194730306966316,0.9210340371976184,0.00017583205020567063,0.9476565699895791,0.7,one_minus_s_power,509,True,5538.0,5538.0,256,1000000
10000,0.7,0.1,0.00016194730306966316,0.9210340371976184,0.00017583205020567063,0.9476565699895791,0.7,one_minus_s_power,510,True,27299.0,27299.0,256,1000000
10000,0.7,0.1,0.00016194730306966316,0.9210340371976184,0.00017583205020567063,0.9476565699895791,0.7,one_minus_s_power,511,True,21257.0,21257.0,256,1000000
10000,0.7,0.1,0.00016194730306966316,0.9210340371976184,0.00017583205020567063,0.9476565699895791,0.7,one_minus_s_power,512,True,13763.0,13763.0,256,1000000
10000,0.7,0.1,0.00016194730306966316,0.9210340371976184,0.00017583205020567063,0.9476565699895791,0.7,one_minus_s_power,513,True,3350.0,3350.0,256,1000000
10000,0.7,0.1,0.00016194730306966316,0.9210340371976184,0.00017583205020567063,0.9476565699895791,0.7,one_minus_s_power,514,True,33288.0,33288.0,256,1000000
10000,0.7,0.1,0.00016194730306966316,0.9210340371976184,0.00017583205020567063,0.9476565699895791,0.7,one_minus_s_power,515,True,21059.0,21059.0,256,1000000
10000,0.7,0.1,0.00016194730306966316,0.9210340371976184,0.00017583205020567063,0.9476565699895791,0.7,one_minus_s_power,516,True,45826.0,45826.0,256,1000000
10000,0.7,0.1,0.00016194730306966316,0.9210340371976184,0.00017583205020567063,0.9476565699895791,0.7,one_minus_s_power,517,True,65727.0,65727.0,256,1000000
10000,0.7,0.1,0.00016194730306966316,0.9210340371976184,0.00017583205020567063,0.9476565699895791,0.7,one_minus_s_power,518,True,24559.0,24559.0,256,1000000
10000,0.7,0.1,0.00016194730306966316,0.9210340371976184,0.00017583205020567063,0.9476565699895791,0.7,one_minus_s_power,519,True,66668.0,66668.0,256,1000000
10000,0.7,0.1,0.00016194730306966316,0.9210340371976184,0.00017583205020567063,0.9476565699895791,0.7,one_minus_s_power,520,True,17764.0,17764.0,256,1000000
10000,0.7,0.1,0.00016194730306966316,0.9210340371976184,0.00017583205020567063,0.9476565699895791,0.7,one_minus_s_power,521,True,16179.0,16179.0,256,1000000
10000,0.7,0.1,0.00016194730306966316,0.9210340371976184,0.00017583205020567063,0.9476565699895791,0.7,one_minus_s_power,522,True,12919.0,12919.0,256,1000000
10000,0.7,0.1,0.00016194730306966316,0.9210340371976184,0.00017583205020567063,0.9476565699895791,0.7,one_minus_s_power,523,True,131049.0,131049.0,256,1000000
10000,0.7,0.1,0.00016194730306966316,0.9210340371976184,0.00017583205020567063,0.9476565699895791,0.7,one_minus_s_power,524,True,8963.0,8963.0,256,1000000
10000,0.7,0.1,0.00016194730306966316,0.9210340371976184,0.00017583205020567063,0.9476565699895791,0.7,one_minus_s_power,525,True,11055.0,11055.0,256,1000000
10000,0.7,0.1,0.00016194730306966316,0.9210340371976184,0.00017583205020567063,0.9476565699895791,0.7,one_minus_s_power,526,True,23609.0,23609.0,256,1000000
10000,0.7,0.1,0.00016194730306966316,0.9210340371976184,0.00017583205020567063,0.9476565699895791,0.7,one_minus_s_power,527,True,11498.0,11498.0,256,1000000
10000,0.7,0.1,0.00016194730306966316,0.9210340371976184,0.00017583205020567063,0.9476565699895791,0.7,one_minus_s_power,528,True,5177.0,5177.0,256,1000000
10000,0.7,0.1,0.00016194730306966316,0.9210340371976184,0.00017583205020567063,0.9476565699895791,0.7,one_minus_s_power,529,True,104631.0,104631.0,256,1000000
10000,0.7,0.1,0.00016194730306966316,0.9210340371976184,0.00017583205020567063,0.9476565699895791,0.7,one_minus_s_power,530,True,17906.0,17906.0,256,1000000
10000,0.7,0.1,0.00016194730306966316,0.9210340371976184,0.00017583205020567063,0.9476565699895791,0.7,one_minus_s_power,531,True,15158.0,15158.0,256,1000000
10000,0.7,0.1,0.00016194730306966316,0.9210340371976184,0.00017583205020567063,0.9476565699895791,0.7,one_minus_s_power,532,True,10537.0,10537.0,256,1000000
10000,0.7,0.1,0.00016194730306966316,0.9210340371976184,0.00017583205020567063,0.9476565699895791,0.7,one_minus_s_power,533,True,20837.0,20837.0,256,1000000
10000,0.7,0.1,0.00016194730306966316,0.9210340371976184,0.00017583205020567063,0.9476565699895791,0.7,one_minus_s_power,534,True,12117.0,12117.0,256,1000000
10000,0.7,0.1,0.00016194730306966316,0.9210340371976184,0.00017583205020567063,0.9476565699895791,0.7,one_minus_s_power,535,True,9228.0,9228.0,256,1000000
10000,0.7,0.1,0.00016194730306966316,0.9210340371976184,0.00017583205020567063,0.9476565699895791,0.7,one_minus_s_power,536,True,150284.0,150284.0,256,1000000
10000,0.7,0.1,0.00016194730306966316,0.9210340371976184,0.00017583205020567063,0.9476565699895791,0.7,one_minus_s_power,537,True,55956.0,55956.0,256,1000000
10000,0.7,0.1,0.00016194730306966316,0.9210340371976184,0.00017583205020567063,0.9476565699895791,0.7,one_minus_s_power,538,True,50142.0,50142.0,256,1000000
10000,0.7,0.1,0.00016194730306966316,0.9210340371976184,0.00017583205020567063,0.9476565699895791,0.7,one_minus_s_power,539,True,4812.0,4812.0,256,1000000
10000,0.7,0.1,0.00016194730306966316,0.9210340371976184,0.00017583205020567063,0.9476565699895791,0.7,one_minus_s_power,540,True,6508.0,6508.0,256,1000000
10000,0.7,0.1,0.00016194730306966316,0.9210340371976184,0.00017583205020567063,0.9476565699895791,0.7,one_minus_s_power,541,True,69829.0,69829.0,256,1000000
10000,0.7,0.1,0.00016194730306966316,0.9210340371976184,0.00017583205020567063,0.9476565699895791,0.7,one_minus_s_power,542,True,4668.0,4668.0,256,1000000
10000,0.7,0.1,0.00016194730306966316,0.9210340371976184,0.00017583205020567063,0.9476565699895791,0.7,one_minus_s_power,543,True,31547.0,31547.0,256,1000000
10000,0.7,0.1,0.00016194730306966316,0.9210340371976184,0.00017583205020567063,0.9476565699895791,0.7,one_minus_s_power,544,True,20457.0,20457.0,256,1000000
10000,0.7,0.1,0.00016194730306966316,0.9210340371976184,0.00017583205020567063,0.9476565699895791,0.7,one_minus_s_power,545,True,38230.0,38230.0,256,1000000
10000,0.7,0.1,0.00016194730306966316,0.9210340371976184,0.00017583205020567063,0.9476565699895791,0.7,one_minus_s_power,546,True,8054.0,8054.0,256,1000000
10000,0.7,0.1,0.00016194730306966316,0.9210340371976184,0.00017583205020567063,0.9476565699895791,0.7,one_minus_s_power,547,True,107761.0,107761.0,256,1000000
10000,0.7,0.1,0.00016194730306966316,0.9210340371976184,0.00017583205020567063,0.9476565699895791,0.7,one_minus_s_power,548,True,13119.0,13119.0,256,1000000
10000,0.7,0.1,0.00016194730306966316,0.9210340371976184,0.00017583205020567063,0.9476565699895791,0.7,one_minus_s_power,549,True,4964.0,4964.0,256,1000000
10000,0.7,0.1,0.00016194730306966316,0.9210340371976184,0.00017583205020567063,0.9476565699895791,0.7,one_minus_s_power,550,True,28226.0,28226.0,256,1000000
10000,0.7,0.1,0.00016194730306966316,0.9210340371976184,0.00017583205020567063,0.9476565699895791,0.7,one_minus_s_power,551,True,11367.0,11367.0,256,1000000
10000,0.7,0.1,0.00016194730306966316,0.9210340371976184,0.00017583205020567063,0.9476565699895791,0.7,one_minus_s_power,552,True,14568.0,14568.0,256,1000000
10000,0.7,0.1,0.00016194730306966316,0.9210340371976184,0.00017583205020567063,0.9476565699895791,0.7,one_minus_s_power,553,True,62545.0,62545.0,256,1000000
10000,0.7,0.1,0.00016194730306966316,0.9210340371976184,0.00017583205020567063,0.9476565699895791,0.7,one_minus_s_power,554,True,12524.0,12524.0,256,1000000
10000,0.7,0.1,0.00016194730306966316,0.9210340371976184,0.00017583205020567063,0.9476565699895791,0.7,one_minus_s_power,555,True,19419.0,19419.0,256,1000000
10000,0.7,0.1,0.00016194730306966316,0.9210340371976184,0.00017583205020567063,0.9476565699895791,0.7,one_minus_s_power,556,True,37289.0,37289.0,256,1000000
10000,0.7,0.1,0.00016194730306966316,0.9210340371976184,0.00017583205020567063,0.9476565699895791,0.7,one_minus_s_power,557,True,29641.0,29641.0,256,1000000
10000,0.7,0.1,0.00016194730306966316,0.9210340371976184,0.00017583205020567063,0.9476565699895791,0.7,one_minus_s_power,558,True,49137.0,49137.0,256,1000000
10000,0.7,0.1,0.00016194730306966316,0.9210340371976184,0.00017583205020567063,0.9476565699895791,0.7,one_minus_s_power,559,True,9660.0,9660.0,256,1000000
10000,0.7,0.1,0.00016194730306966316,0.9210340371976184,0.00017583205020567063,0.9476565699895791,0.7,one_minus_s_power,560,True,18321.0,18321.0,256,1000000
10000,0.7,0.1,0.00016194730306966316,0.9210340371976184,0.00017583205020567063,0.9476565699895791,0.7,one_minus_s_power,561,True,32229.0,32229.0,256,1000000
10000,0.7,0.1,0.00016194730306966316,0.9210340371976184,0.00017583205020567063,0.9476565699895791,0.7,one_minus_s_power,562,True,4593.0,4593.0,256,1000000
10000,0.7,0.1,0.00016194730306966316,0.9210340371976184,0.00017583205020567063,0.9476565699895791,0.7,one_minus_s_power,563,True,5003.0,5003.0,256,1000000
10000,0.7,0.1,0.00016194730306966316,0.9210340371976184,0.00017583205020567063,0.9476565699895791,0.7,one_minus_s_power,564,True,3542.0,3542.0,256,1000000
10000,0.7,0.1,0.00016194730306966316,0.9210340371976184,0.00017583205020567063,0.9476565699895791,0.7,one_minus_s_power,565,True,16454.0,16454.0,256,1000000
10000,0.7,0.1,0.00016194730306966316,0.9210340371976184,0.00017583205020567063,0.9476565699895791,0.7,one_minus_s_power,566,True,25013.0,25013.0,256,1000000
10000,0.7,0.1,0.00016194730306966316,0.9210340371976184,0.00017583205020567063,0.9476565699895791,0.7,one_minus_s_power,567,True,2430.0,2430.0,256,1000000
10000,0.7,0.1,0.00016194730306966316,0.9210340371976184,0.00017583205020567063,0.9476565699895791,0.7,one_minus_s_power,568,True,33906.0,33906.0,256,1000000
10000,0.7,0.1,0.00016194730306966316,0.9210340371976184,0.00017583205020567063,0.9476565699895791,0.7,one_minus_s_power,569,True,29449.0,29449.0,256,1000000
10000,0.7,0.1,0.00016194730306966316,0.9210340371976184,0.00017583205020567063,0.9476565699895791,0.7,one_minus_s_power,570,True,50272.0,50272.0,256,1000000
10000,0.7,0.1,0.00016194730306966316,0.9210340371976184,0.00017583205020567063,0.9476565699895791,0.7,one_minus_s_power,571,True,11121.0,11121.0,256,1000000
10000,0.7,0.1,0.00016194730306966316,0.9210340371976184,0.00017583205020567063,0.9476565699895791,0.7,one_minus_s_power,572,True,5885.0,5885.0,256,1000000
10000,0.7,0.1,0.00016194730306966316,0.9210340371976184,0.00017583205020567063,0.9476565699895791,0.7,one_minus_s_power,573,True,34749.0,34749.0,256,1000000
10000,0.7,0.1,0.00016194730306966316,0.9210340371976184,0.00017583205020567063,0.9476565699895791,0.7,one_minus_s_power,574,True,4731.0,4731.0,256,1000000
10000,0.7,0.1,0.00016194730306966316,0.9210340371976184,0.00017583205020567063,0.9476565699895791,0.7,one_minus_s_power,575,True,43293.0,43293.0,256,1000000
10000,0.7,0.1,0.00016194730306966316,0.9210340371976184,0.00017583205020567063,0.9476565699895791,0.7,one_minus_s_power,576,True,22346.0,22346.0,256,1000000
10000,0.7,0.1,0.00016194730306966316,0.9210340371976184,0.00017583205020567063,0.9476565699895791,0.7,one_minus_s_power,577,True,2807.0,2807.0,256,1000000
10000,0.7,0.1,0.00016194730306966316,0.9210340371976184,0.00017583205020567063,0.9476565699895791,0.7,one_minus_s_power,578,True,138549.0,138549.0,256,1000000
10000,0.7,0.1,0.00016194730306966316,0.9210340371976184,0.00017583205020567063,0.9476565699895791,0.7,one_minus_s_power,579,True,23190.0,23190.0,256,1000000
10000,0.7,0.1,0.00016194730306966316,0.9210340371976184,0.00017583205020567063,0.9476565699895791,0.7,one_minus_s_power,580,True,49447.0,49447.0,256,1000000
10000,0.7,0.1,0.00016194730306966316,0.9210340371976184,0.00017583205020567063,0.9476565699895791,0.7,one_minus_s_power,581,True,47257.0,47257.0,256,1000000
10000,0.7,0.1,0.00016194730306966316,0.9210340371976184,0.00017583205020567063,0.9476565699895791,0.7,one_minus_s_power,582,True,2231.0,2231.0,256,1000000
10000,0.7,0.1,0.00016194730306966316,0.9210340371976184,0.00017583205020567063,0.9476565699895791,0.7,one_minus_s_power,583,True,2000.0,2000.0,256,1000000
10000,0.7,0.1,0.00016194730306966316,0.9210340371976184,0.00017583205020567063,0.9476565699895791,0.7,one_minus_s_power,584,True,10466.0,10466.0,256,1000000
10000,0.7,0.1,0.00016194730306966316,0.9210340371976184,0.00017583205020567063,0.9476565699895791,0.7,one_minus_s_power,585,True,97413.0,97413.0,256,1000000
10000,0.7,0.1,0.00016194730306966316,0.9210340371976184,0.00017583205020567063,0.9476565699895791,0.7,one_minus_s_power,586,True,12004.0,12004.0,256,1000000
10000,0.7,0.1,0.00016194730306966316,0.9210340371976184,0.00017583205020567063,0.9476565699895791,0.7,one_minus_s_power,587,True,8429.0,8429.0,256,1000000
10000,0.7,0.1,0.00016194730306966316,0.9210340371976184,0.00017583205020567063,0.9476565699895791,0.7,one_minus_s_power,588,True,11063.0,11063.0,256,1000000
10000,0.7,0.1,0.00016194730306966316,0.9210340371976184,0.00017583205020567063,0.9476565699895791,0.7,one_minus_s_power,589,True,67105.0,67105.0,256,1000000
10000,0.7,0.1,0.00016194730306966316,0.9210340371976184,0.00017583205020567063,0.9476565699895791,0.7,one_minus_s_power,590,True,59161.0,59161.0,256,1000000
10000,0.7,0.1,0.00016194730306966316,0.9210340371976184,0.00017583205020567063,0.9476565699895791,0.7,one_minus_s_power,591,True,68170.0,68170.0,256,1000000
10000,0.7,0.1,0.00016194730306966316,0.9210340371976184,0.00017583205020567063,0.9476565699895791,0.7,one_minus_s_power,592,True,26932.0,26932.0,256,1000000
10000,0.7,0.1,0.00016194730306966316,0.9210340371976184,0.00017583205020567063,0.9476565699895791,0.7,one_minus_s_power,593,True,10999.0,10999.0,256,1000000
10000,0.7,0.1,0.00016194730306966316,0.9210340371976184,0.00017583205020567063,0.9476565699895791,0.7,one_minus_s_power,594,True,50433.0,50433.0,256,1000000
10000,0.7,0.1,0.00016194730306966316,0.9210340371976184,0.00017583205020567063,0.9476565699895791,0.7,one_minus_s_power,595,True,11140.0,11140.0,256,1000000
10000,0.7,0.1,0.00016194730306966316,0.9210340371976184,0.00017583205020567063,0.9476565699895791,0.7,one_minus_s_power,596,True,4008.0,4008.0,256,1000000
10000,0.7,0.1,0.00016194730306966316,0.9210340371976184,0.00017583205020567063,0.9476565699895791,0.7,one_minus_s_power,597,True,39209.0,39209.0,256,1000000
10000,0.7,0.1,0.00016194730306966316,0.9210340371976184,0.00017583205020567063,0.9476565699895791,0.7,one_minus_s_power,598,True,8122.0,8122.0,256,1000000
10000,0.7,0.1,0.00016194730306966316,0.9210340371976184,0.00017583205020567063,0.9476565699895791,0.7,one_minus_s_power,599,True,12940.0,12940.0,256,1000000
10000,0.7,0.1,0.00016194730306966316,0.9210340371976184,0.00017583205020567063,0.9476565699895791,0.7,one_minus_s_power,600,True,11966.0,11966.0,256,1000000
10000,0.7,0.1,0.00016194730306966316,0.9210340371976184,0.00017583205020567063,0.9476565699895791,0.7,one_minus_s_power,601,True,3158.0,3158.0,256,1000000
10000,0.7,0.1,0.00016194730306966316,0.9210340371976184,0.00017583205020567063,0.9476565699895791,0.7,one_minus_s_power,602,True,29272.0,29272.0,256,1000000
10000,0.7,0.1,0.00016194730306966316,0.9210340371976184,0.00017583205020567063,0.9476565699895791,0.7,one_minus_s_power,603,True,2756.0,2756.0,256,1000000
10000,0.7,0.1,0.00016194730306966316,0.9210340371976184,0.00017583205020567063,0.9476565699895791,0.7,one_minus_s_power,604,True,42249.0,42249.0,256,1000000
10000,0.7,0.1,0.00016194730306966316,0.9210340371976184,0.00017583205020567063,0.9476565699895791,0.7,one_minus_s_power,605,True,19948.0,19948.0,256,1000000
10000,0.7,0.1,0.00016194730306966316,0.9210340371976184,0.00017583205020567063,0.9476565699895791,0.7,one_minus_s_power,606,True,31236.0,31236.0,256,1000000
10000,0.7,0.1,0.00016194730306966316,0.9210340371976184,0.00017583205020567063,0.9476565699895791,0.7,one_minus_s_power,607,True,6111.0,6111.0,256,1000000
10000,0.7,0.1,0.00016194730306966316,0.9210340371976184,0.00017583205020567063,0.9476565699895791,0.7,one_minus_s_power,608,True,16808.0,16808.0,256,1000000
10000,0.7,0.1,0.00016194730306966316,0.9210340371976184,0.00017583205020567063,0.9476565699895791,0.7,one_minus_s_power,609,True,16647.0,16647.0,256,1000000
10000,0.7,0.1,0.00016194730306966316,0.9210340371976184,0.00017583205020567063,0.9476565699895791,0.7,one_minus_s_power,610,True,67606.0,67606.0,256,1000000
10000,0.7,0.1,0.00016194730306966316,0.9210340371976184,0.00017583205020567063,0.9476565699895791,0.7,one_minus_s_power,611,True,48390.0,48390.0,256,1000000
10000,0.7,0.1,0.00016194730306966316,0.9210340371976184,0.00017583205020567063,0.9476565699895791,0.7,one_minus_s_power,612,True,59743.0,59743.0,256,1000000
10000,0.7,0.1,0.00016194730306966316,0.9210340371976184,0.00017583205020567063,0.9476565699895791,0.7,one_minus_s_power,613,True,10481.0,10481.0,256,1000000
10000,0.7,0.1,0.00016194730306966316,0.9210340371976184,0.00017583205020567063,0.9476565699895791,0.7,one_minus_s_power,614,True,7915.0,7915.0,256,1000000
10000,0.7,0.1,0.00016194730306966316,0.9210340371976184,0.00017583205020567063,0.9476565699895791,0.7,one_minus_s_power,615,True,13427.0,13427.0,256,1000000
10000,0.7,0.1,0.00016194730306966316,0.9210340371976184,0.00017583205020567063,0.9476565699895791,0.7,one_minus_s_power,616,True,14553.0,14553.0,256,1000000
10000,0.7,0.1,0.00016194730306966316,0.9210340371976184,0.00017583205020567063,0.9476565699895791,0.7,one_minus_s_power,617,True,34358.0,34358.0,256,1000000
10000,0.7,0.1,0.00016194730306966316,0.9210340371976184,0.00017583205020567063,0.9476565699895791,0.7,one_minus_s_power,618,True,21576.0,21576.0,256,1000000
10000,0.7,0.1,0.00016194730306966316,0.9210340371976184,0.00017583205020567063,0.9476565699895791,0.7,one_minus_s_power,619,True,9845.0,9845.0,256,1000000
10000,0.7,0.1,0.00016194730306966316,0.9210340371976184,0.00017583205020567063,0.9476565699895791,0.7,one_minus_s_power,620,True,34986.0,34986.0,256,1000000
10000,0.7,0.1,0.00016194730306966316,0.9210340371976184,0.00017583205020567063,0.9476565699895791,0.7,one_minus_s_power,621,True,94626.0,94626.0,256,1000000
10000,0.7,0.1,0.00016194730306966316,0.9210340371976184,0.00017583205020567063,0.9476565699895791,0.7,one_minus_s_power,622,True,30948.0,30948.0,256,1000000
10000,0.7,0.1,0.00016194730306966316,0.9210340371976184,0.00017583205020567063,0.9476565699895791,0.7,one_minus_s_power,623,True,106516.0,106516.0,256,1000000
10000,0.7,0.1,0.00016194730306966316,0.9210340371976184,0.00017583205020567063,0.9476565699895791,0.7,one_minus_s_power,624,True,6852.0,6852.0,256,1000000
10000,0.7,0.1,0.00016194730306966316,0.9210340371976184,0.00017583205020567063,0.9476565699895791,0.7,one_minus_s_power,625,True,129010.0,129010.0,256,1000000
10000,0.7,0.1,0.00016194730306966316,0.9210340371976184,0.00017583205020567063,0.9476565699895791,0.7,one_minus_s_power,626,True,26416.0,26416.0,256,1000000
10000,0.7,0.1,0.00016194730306966316,0.9210340371976184,0.00017583205020567063,0.9476565699895791,0.7,one_minus_s_power,627,True,7259.0,7259.0,256,1000000
10000,0.7,0.1,0.00016194730306966316,0.9210340371976184,0.00017583205020567063,0.9476565699895791,0.7,one_minus_s_power,628,True,2317.0,2317.0,256,1000000
10000,0.7,0.1,0.00016194730306966316,0.9210340371976184,0.00017583205020567063,0.9476565699895791,0.7,one_minus_s_power,629,True,15971.0,15971.0,256,1000000
10000,0.7,0.1,0.00016194730306966316,0.9210340371976184,0.00017583205020567063,0.9476565699895791,0.7,one_minus_s_power,630,True,17678.0,17678.0,256,1000000
10000,0.7,0.1,0.00016194730306966316,0.9210340371976184,0.00017583205020567063,0.9476565699895791,0.7,one_minus_s_power,631,True,47361.0,47361.0,256,1000000
10000,0.7,0.1,0.00016194730306966316,0.9210340371976184,0.00017583205020567063,0.9476565699895791,0.7,one_minus_s_power,632,True,47502.0,47502.0,256,1000000
10000,0.7,0.1,0.00016194730306966316,0.9210340371976184,0.00017583205020567063,0.9476565699895791,0.7,one_minus_s_power,633,True,53795.0,53795.0,256,1000000
10000,0.7,0.1,0.00016194730306966316,0.9210340371976184,0.00017583205020567063,0.9476565699895791,0.7,one_minus_s_power,634,True,4215.0,4215.0,256,1000000
10000,0.7,0.1,0.00016194730306966316,0.9210340371976184,0.00017583205020567063,0.9476565699895791,0.7,one_minus_s_power,635,True,5568.0,5568.0,256,1000000
10000,0.7,0.1,0.00016194730306966316,0.9210340371976184,0.00017583205020567063,0.9476565699895791,0.7,one_minus_s_power,636,True,20758.0,20758.0,256,1000000
10000,0.7,0.1,0.00016194730306966316,0.9210340371976184,0.00017583205020567063,0.9476565699895791,0.7,one_minus_s_power,637,True,33279.0,33279.0,256,1000000
10000,0.7,0.1,0.00016194730306966316,0.9210340371976184,0.00017583205020567063,0.9476565699895791,0.7,one_minus_s_power,638,True,6165.0,6165.0,256,1000000
10000,0.7,0.1,0.00016194730306966316,0.9210340371976184,0.00017583205020567063,0.9476565699895791,0.7,one_minus_s_power,639,True,18307.0,18307.0,256,1000000
10000,0.7,0.1,0.00016194730306966316,0.9210340371976184,0.00017583205020567063,0.9476565699895791,0.7,one_minus_s_power,640,True,7018.0,7018.0,256,1000000
10000,0.7,0.1,0.00016194730306966316,0.9210340371976184,0.00017583205020567063,0.9476565699895791,0.7,one_minus_s_power,641,True,5781.0,5781.0,256,1000000
10000,0.7,0.1,0.00016194730306966316,0.9210340371976184,0.00017583205020567063,0.9476565699895791,0.7,one_minus_s_power,642,True,14814.0,14814.0,256,1000000
10000,0.7,0.1,0.00016194730306966316,0.9210340371976184,0.00017583205020567063,0.9476565699895791,0.7,one_minus_s_power,643,True,5701.0,5701.0,256,1000000
10000,0.7,0.1,0.00016194730306966316,0.9210340371976184,0.00017583205020567063,0.9476565699895791,0.7,one_minus_s_power,644,True,53750.0,53750.0,256,1000000
10000,0.7,0.1,0.00016194730306966316,0.9210340371976184,0.00017583205020567063,0.9476565699895791,0.7,one_minus_s_power,645,True,49720.0,49720.0,256,1000000
10000,0.7,0.1,0.00016194730306966316,0.9210340371976184,0.00017583205020567063,0.9476565699895791,0.7,one_minus_s_power,646,True,3267.0,3267.0,256,1000000
10000,0.7,0.1,0.00016194730306966316,0.9210340371976184,0.00017583205020567063,0.9476565699895791,0.7,one_minus_s_power,647,True,6483.0,6483.0,256,1000000
10000,0.7,0.1,0.00016194730306966316,0.9210340371976184,0.00017583205020567063,0.9476565699895791,0.7,one_minus_s_power,648,True,3077.0,3077.0,256,1000000
10000,0.7,0.1,0.00016194730306966316,0.9210340371976184,0.00017583205020567063,0.9476565699895791,0.7,one_minus_s_power,649,True,37447.0,37447.0,256,1000000
10000,0.7,0.1,0.00016194730306966316,0.9210340371976184,0.00017583205020567063,0.9476565699895791,0.7,one_minus_s_power,650,True,20040.0,20040.0,256,1000000
10000,0.7,0.1,0.00016194730306966316,0.9210340371976184,0.00017583205020567063,0.9476565699895791,0.7,one_minus_s_power,651,True,17152.0,17152.0,256,1000000
10000,0.7,0.1,0.00016194730306966316,0.9210340371976184,0.00017583205020567063,0.9476565699895791,0.7,one_minus_s_power,652,True,11176.0,11176.0,256,1000000
10000,0.7,0.1,0.00016194730306966316,0.9210340371976184,0.00017583205020567063,0.9476565699895791,0.7,one_minus_s_power,653,True,7543.0,7543.0,256,1000000
10000,0.7,0.1,0.00016194730306966316,0.9210340371976184,0.00017583205020567063,0.9476565699895791,0.7,one_minus_s_power,654,True,29241.0,29241.0,256,1000000
10000,0.7,0.1,0.00016194730306966316,0.9210340371976184,0.00017583205020567063,0.9476565699895791,0.7,one_minus_s_power,655,True,19600.0,19600.0,256,1000000
10000,0.7,0.1,0.00016194730306966316,0.9210340371976184,0.00017583205020567063,0.9476565699895791,0.7,one_minus_s_power,656,True,45470.0,45470.0,256,1000000
10000,0.7,0.1,0.00016194730306966316,0.9210340371976184,0.00017583205020567063,0.9476565699895791,0.7,one_minus_s_power,657,True,50506.0,50506.0,256,1000000
10000,0.7,0.1,0.00016194730306966316,0.9210340371976184,0.00017583205020567063,0.9476565699895791,0.7,one_minus_s_power,658,True,36167.0,36167.0,256,1000000
10000,0.7,0.1,0.00016194730306966316,0.9210340371976184,0.00017583205020567063,0.9476565699895791,0.7,one_minus_s_power,659,True,9150.0,9150.0,256,1000000
10000,0.7,0.1,0.00016194730306966316,0.9210340371976184,0.00017583205020567063,0.9476565699895791,0.7,one_minus_s_power,660,True,11859.0,11859.0,256,1000000
10000,0.7,0.1,0.00016194730306966316,0.9210340371976184,0.00017583205020567063,0.9476565699895791,0.7,one_minus_s_power,661,True,15373.0,15373.0,256,1000000
10000,0.7,0.1,0.00016194730306966316,0.9210340371976184,0.00017583205020567063,0.9476565699895791,0.7,one_minus_s_power,662,True,13745.0,13745.0,256,1000000
10000,0.7,0.1,0.00016194730306966316,0.9210340371976184,0.00017583205020567063,0.9476565699895791,0.7,one_minus_s_power,663,True,24715.0,24715.0,256,1000000
10000,0.7,0.1,0.00016194730306966316,0.9210340371976184,0.00017583205020567063,0.9476565699895791,0.7,one_minus_s_power,664,True,20837.0,20837.0,256,1000000
10000,0.7,0.1,0.00016194730306966316,0.9210340371976184,0.00017583205020567063,0.9476565699895791,0.7,one_minus_s_power,665,True,4450.0,4450.0,256,1000000
10000,0.7,0.1,0.00016194730306966316,0.9210340371976184,0.00017583205020567063,0.9476565699895791,0.7,one_minus_s_power,666,True,18650.0,18650.0,256,1000000
10000,0.7,0.1,0.00016194730306966316,0.9210340371976184,0.00017583205020567063,0.9476565699895791,0.7,one_minus_s_power,667,True,40387.0,40387.0,256,1000000
10000,0.7,0.1,0.00016194730306966316,0.9210340371976184,0.00017583205020567063,0.9476565699895791,0.7,one_minus_s_power,668,True,5812.0,5812.0,256,1000000
10000,0.7,0.1,0.00016194730306966316,0.9210340371976184,0.00017583205020567063,0.9476565699895791,0.7,one_minus_s_power,669,True,29835.0,29835.0,256,1000000
10000,0.7,0.1,0.00016194730306966316,0.9210340371976184,0.00017583205020567063,0.9476565699895791,0.7,one_minus_s_power,670,True,36925.0,36925.0,256,1000000
10000,0.7,0.1,0.00016194730306966316,0.9210340371976184,0.00017583205020567063,0.9476565699895791,0.7,one_minus_s_power,671,True,6091.0,6091.0,256,1000000
10000,0.7,0.1,0.00016194730306966316,0.9210340371976184,0.00017583205020567063,0.9476565699895791,0.7,one_minus_s_power,672,True,45272.0,45272.0,256,1000000
10000,0.7,0.1,0.00016194730306966316,0.9210340371976184,0.00017583205020567063,0.9476565699895791,0.7,one_minus_s_power,673,True,68355.0,68355.0,256,1000000
10000,0.7,0.1,0.00016194730306966316,0.9210340371976184,0.00017583205020567063,0.9476565699895791,0.7,one_minus_s_power,674,True,40045.0,40045.0,256,1000000
10000,0.7,0.1,0.00016194730306966316,0.9210340371976184,0.00017583205020567063,0.9476565699895791,0.7,one_minus_s_power,675,True,2743.0,2743.0,256,1000000
10000,0.7,0.1,0.00016194730306966316,0.9210340371976184,0.00017583205020567063,0.9476565699895791,0.7,one_minus_s_power,676,True,3916.0,3916.0,256,1000000
10000,0.7,0.1,0.00016194730306966316,0.9210340371976184,0.00017583205020567063,0.9476565699895791,0.7,one_minus_s_power,677,True,49151.0,49151.0,256,1000000
10000,0.7,0.1,0.00016194730306966316,0.9210340371976184,0.00017583205020567063,0.9476565699895791,0.7,one_minus_s_power,678,True,24374.0,24374.0,256,1000000
10000,0.7,0.1,0.00016194730306966316,0.9210340371976184,0.00017583205020567063,0.9476565699895791,0.7,one_minus_s_power,679,True,37387.0,37387.0,256,1000000
10000,0.7,0.1,0.00016194730306966316,0.9210340371976184,0.00017583205020567063,0.9476565699895791,0.7,one_minus_s_power,680,True,6425.0,6425.0,256,1000000
10000,0.7,0.1,0.00016194730306966316,0.9210340371976184,0.00017583205020567063,0.9476565699895791,0.7,one_minus_s_power,681,True,42679.0,42679.0,256,1000000
10000,0.7,0.1,0.00016194730306966316,0.9210340371976184,0.00017583205020567063,0.9476565699895791,0.7,one_minus_s_power,682,True,11161.0,11161.0,256,1000000
10000,0.7,0.1,0.00016194730306966316,0.9210340371976184,0.00017583205020567063,0.9476565699895791,0.7,one_minus_s_power,683,True,42087.0,42087.0,256,1000000
10000,0.7,0.1,0.00016194730306966316,0.9210340371976184,0.00017583205020567063,0.9476565699895791,0.7,one_minus_s_power,684,True,69963.0,69963.0,256,1000000
10000,0.7,0.1,0.00016194730306966316,0.9210340371976184,0.00017583205020567063,0.9476565699895791,0.7,one_minus_s_power,685,True,46554.0,46554.0,256,1000000
10000,0.7,0.1,0.00016194730306966316,0.9210340371976184,0.00017583205020567063,0.9476565699895791,0.7,one_minus_s_power,686,True,11635.0,11635.0,256,1000000
10000,0.7,0.1,0.00016194730306966316,0.9210340371976184,0.00017583205020567063,0.9476565699895791,0.7,one_minus_s_power,687,True,49094.0,49094.0,256,1000000
10000,0.7,0.1,0.00016194730306966316,0.9210340371976184,0.00017583205020567063,0.9476565699895791,0.7,one_minus_s_power,688,True,53470.0,53470.0,256,1000000
10000,0.7,0.1,0.00016194730306966316,0.9210340371976184,0.00017583205020567063,0.9476565699895791,0.7,one_minus_s_power,689,True,21447.0,21447.0,256,1000000
10000,0.7,0.1,0.00016194730306966316,0.9210340371976184,0.00017583205020567063,0.9476565699895791,0.7,one_minus_s_power,690,True,18338.0,18338.0,256,1000000
10000,0.7,0.1,0.00016194730306966316,0.9210340371976184,0.00017583205020567063,0.9476565699895791,0.7,one_minus_s_power,691,True,24377.0,24377.0,256,1000000
10000,0.7,0.1,0.00016194730306966316,0.9210340371976184,0.00017583205020567063,0.9476565699895791,0.7,one_minus_s_power,692,True,40065.0,40065.0,256,1000000
10000,0.7,0.1,0.00016194730306966316,0.9210340371976184,0.00017583205020567063,0.9476565699895791,0.7,one_minus_s_power,693,True,37685.0,37685.0,256,1000000
10000,0.7,0.1,0.00016194730306966316,0.9210340371976184,0.00017583205020567063,0.9476565699895791,0.7,one_minus_s_power,694,True,28185.0,28185.0,256,1000000
10000,0.7,0.1,0.00016194730306966316,0.9210340371976184,0.00017583205020567063,0.9476565699895791,0.7,one_minus_s_power,695,True,13404.0,13404.0,256,1000000
10000,0.7,0.1,0.00016194730306966316,0.9210340371976184,0.00017583205020567063,0.9476565699895791,0.7,one_minus_s_power,696,True,16230.0,16230.0,256,1000000
10000,0.7,0.1,0.00016194730306966316,0.9210340371976184,0.00017583205020567063,0.9476565699895791,0.7,one_minus_s_power,697,True,12747.0,12747.0,256,1000000
10000,0.7,0.1,0.00016194730306966316,0.9210340371976184,0.00017583205020567063,0.9476565699895791,0.7,one_minus_s_power,698,True,8136.0,8136.0,256,1000000
10000,0.7,0.1,0.00016194730306966316,0.9210340371976184,0.00017583205020567063,0.9476565699895791,0.7,one_minus_s_power,699,True,7571.0,7571.0,256,1000000
10000,0.7,0.1,0.00016194730306966316,0.9210340371976184,0.00017583205020567063,0.9476565699895791,0.7,one_minus_s_power,700,True,61874.0,61874.0,256,1000000
10000,0.7,0.1,0.00016194730306966316,0.9210340371976184,0.00017583205020567063,0.9476565699895791,0.7,one_minus_s_power,701,True,94608.0,94608.0,256,1000000
10000,0.7,0.1,0.00016194730306966316,0.9210340371976184,0.00017583205020567063,0.9476565699895791,0.7,one_minus_s_power,702,True,13159.0,13159.0,256,1000000
10000,0.7,0.1,0.00016194730306966316,0.9210340371976184,0.00017583205020567063,0.9476565699895791,0.7,one_minus_s_power,703,True,25934.0,25934.0,256,1000000
10000,0.7,0.1,0.00016194730306966316,0.9210340371976184,0.00017583205020567063,0.9476565699895791,0.7,one_minus_s_power,704,True,6761.0,6761.0,256,1000000
10000,0.7,0.1,0.00016194730306966316,0.9210340371976184,0.00017583205020567063,0.9476565699895791,0.7,one_minus_s_power,705,True,48525.0,48525.0,256,1000000
10000,0.7,0.1,0.00016194730306966316,0.9210340371976184,0.00017583205020567063,0.9476565699895791,0.7,one_minus_s_power,706,True,4232.0,4232.0,256,1000000
10000,0.7,0.1,0.00016194730306966316,0.9210340371976184,0.00017583205020567063,0.9476565699895791,0.7,one_minus_s_power,707,True,13186.0,13186.0,256,1000000
10000,0.7,0.1,0.00016194730306966316,0.9210340371976184,0.00017583205020567063,0.9476565699895791,0.7,one_minus_s_power,708,True,42523.0,42523.0,256,1000000
10000,0.7,0.1,0.00016194730306966316,0.9210340371976184,0.00017583205020567063,0.9476565699895791,0.7,one_minus_s_power,709,True,22130.0,22130.0,256,1000000
10000,0.7,0.1,0.00016194730306966316,0.9210340371976184,0.00017583205020567063,0.9476565699895791,0.7,one_minus_s_power,710,True,46981.0,46981.0,256,1000000
10000,0.7,0.1,0.00016194730306966316,0.9210340371976184,0.00017583205020567063,0.9476565699895791,0.7,one_minus_s_power,711,True,17649.0,17649.0,256,1000000
10000,0.7,0.1,0.00016194730306966316,0.9210340371976184,0.00017583205020567063,0.9476565699895791,0.7,one_minus_s_power,712,True,73499.0,73499.0,256,1000000
10000,0.7,0.1,0.00016194730306966316,0.9210340371976184,0.00017583205020567063,0.9476565699895791,0.7,one_minus_s_power,713,True,16660.0,16660.0,256,1000000
10000,0.7,0.1,0.00016194730306966316,0.9210340371976184,0.00017583205020567063,0.9476565699895791,0.7,one_minus_s_power,714,True,15458.0,15458.0,256,1000000
10000,0.7,0.1,0.00016194730306966316,0.9210340371976184,0.00017583205020567063,0.9476565699895791,0.7,one_minus_s_power,715,True,32133.0,32133.0,256,1000000
10000,0.7,0.1,0.00016194730306966316,0.9210340371976184,0.00017583205020567063,0.9476565699895791,0.7,one_minus_s_power,716,True,21425.0,21425.0,256,1000000
10000,0.7,0.1,0.00016194730306966316,0.9210340371976184,0.00017583205020567063,0.9476565699895791,0.7,one_minus_s_power,717,True,9215.0,9215.0,256,1000000
10000,0.7,0.1,0.00016194730306966316,0.9210340371976184,0.00017583205020567063,0.9476565699895791,0.7,one_minus_s_power,718,True,17850.0,17850.0,256,1000000
10000,0.7,0.1,0.00016194730306966316,0.9210340371976184,0.00017583205020567063,0.9476565699895791,0.7,one_minus_s_power,719,True,33652.0,33652.0,256,1000000
10000,0.7,0.1,0.00016194730306966316,0.9210340371976184,0.00017583205020567063,0.9476565699895791,0.7,one_minus_s_power,720,True,41709.0,41709.0,256,1000000
10000,0.7,0.1,0.00016194730306966316,0.9210340371976184,0.00017583205020567063,0.9476565699895791,0.7,one_minus_s_power,721,True,32436.0,32436.0,256,1000000
10000,0.7,0.1,0.00016194730306966316,0.9210340371976184,0.00017583205020567063,0.9476565699895791,0.7,one_minus_s_power,722,True,28164.0,28164.0,256,1000000
10000,0.7,0.1,0.00016194730306966316,0.9210340371976184,0.00017583205020567063,0.9476565699895791,0.7,one_minus_s_power,723,True,4339.0,4339.0,256,1000000
10000,0.7,0.1,0.00016194730306966316,0.9210340371976184,0.00017583205020567063,0.9476565699895791,0.7,one_minus_s_power,724,True,8287.0,8287.0,256,1000000
10000,0.7,0.1,0.00016194730306966316,0.9210340371976184,0.00017583205020567063,0.9476565699895791,0.7,one_minus_s_power,725,True,10012.0,10012.0,256,1000000
10000,0.7,0.1,0.00016194730306966316,0.9210340371976184,0.00017583205020567063,0.9476565699895791,0.7,one_minus_s_power,726,True,6670.0,6670.0,256,1000000
10000,0.7,0.1,0.00016194730306966316,0.9210340371976184,0.00017583205020567063,0.9476565699895791,0.7,one_minus_s_power,727,True,2966.0,2966.0,256,1000000
10000,0.7,0.1,0.00016194730306966316,0.9210340371976184,0.00017583205020567063,0.9476565699895791,0.7,one_minus_s_power,728,True,23111.0,23111.0,256,1000000
10000,0.7,0.1,0.00016194730306966316,0.9210340371976184,0.00017583205020567063,0.9476565699895791,0.7,one_minus_s_power,729,True,13154.0,13154.0,256,1000000
10000,0.7,0.1,0.00016194730306966316,0.9210340371976184,0.00017583205020567063,0.9476565699895791,0.7,one_minus_s_power,730,True,40445.0,40445.0,256,1000000
10000,0.7,0.1,0.00016194730306966316,0.9210340371976184,0.00017583205020567063,0.9476565699895791,0.7,one_minus_s_power,731,True,11858.0,11858.0,256,1000000
10000,0.7,0.1,0.00016194730306966316,0.9210340371976184,0.00017583205020567063,0.9476565699895791,0.7,one_minus_s_power,732,True,9758.0,9758.0,256,1000000
10000,0.7,0.1,0.00016194730306966316,0.9210340371976184,0.00017583205020567063,0.9476565699895791,0.7,one_minus_s_power,733,True,5255.0,5255.0,256,1000000
10000,0.7,0.1,0.00016194730306966316,0.9210340371976184,0.00017583205020567063,0.9476565699895791,0.7,one_minus_s_power,734,True,11687.0,11687.0,256,1000000
10000,0.7,0.1,0.00016194730306966316,0.9210340371976184,0.00017583205020567063,0.9476565699895791,0.7,one_minus_s_power,735,True,42881.0,42881.0,256,1000000
10000,0.7,0.1,0.00016194730306966316,0.9210340371976184,0.00017583205020567063,0.9476565699895791,0.7,one_minus_s_power,736,True,45331.0,45331.0,256,1000000
10000,0.7,0.1,0.00016194730306966316,0.9210340371976184,0.00017583205020567063,0.9476565699895791,0.7,one_minus_s_power,737,True,54226.0,54226.0,256,1000000
10000,0.7,0.1,0.00016194730306966316,0.9210340371976184,0.00017583205020567063,0.9476565699895791,0.7,one_minus_s_power,738,True,14107.0,14107.0,256,1000000
10000,0.7,0.1,0.00016194730306966316,0.9210340371976184,0.00017583205020567063,0.9476565699895791,0.7,one_minus_s_power,739,True,17939.0,17939.0,256,1000000
10000,0.7,0.1,0.00016194730306966316,0.9210340371976184,0.00017583205020567063,0.9476565699895791,0.7,one_minus_s_power,740,True,27148.0,27148.0,256,1000000
10000,0.7,0.1,0.00016194730306966316,0.9210340371976184,0.00017583205020567063,0.9476565699895791,0.7,one_minus_s_power,741,True,4399.0,4399.0,256,1000000
10000,0.7,0.1,0.00016194730306966316,0.9210340371976184,0.00017583205020567063,0.9476565699895791,0.7,one_minus_s_power,742,True,6337.0,6337.0,256,1000000
10000,0.7,0.1,0.00016194730306966316,0.9210340371976184,0.00017583205020567063,0.9476565699895791,0.7,one_minus_s_power,743,True,9821.0,9821.0,256,1000000
10000,0.7,0.1,0.00016194730306966316,0.9210340371976184,0.00017583205020567063,0.9476565699895791,0.7,one_minus_s_power,744,True,36405.0,36405.0,256,1000000
10000,0.7,0.1,0.00016194730306966316,0.9210340371976184,0.00017583205020567063,0.9476565699895791,0.7,one_minus_s_power,745,True,19948.0,19948.0,256,1000000
10000,0.7,0.1,0.00016194730306966316,0.9210340371976184,0.00017583205020567063,0.9476565699895791,0.7,one_minus_s_power,746,True,23466.0,23466.0,256,1000000
10000,0.7,0.1,0.00016194730306966316,0.9210340371976184,0.00017583205020567063,0.9476565699895791,0.7,one_minus_s_power,747,True,27657.0,27657.0,256,1000000
10000,0.7,0.1,0.00016194730306966316,0.9210340371976184,0.00017583205020567063,0.9476565699895791,0.7,one_minus_s_power,748,True,18334.0,18334.0,256,1000000
10000,0.7,0.1,0.00016194730306966316,0.9210340371976184,0.00017583205020567063,0.9476565699895791,0.7,one_minus_s_power,749,True,29130.0,29130.0,256,1000000
10000,0.7,0.1,0.00016194730306966316,0.9210340371976184,0.00017583205020567063,0.9476565699895791,0.7,one_minus_s_power,750,True,6186.0,6186.0,256,1000000
10000,0.7,0.1,0.00016194730306966316,0.9210340371976184,0.00017583205020567063,0.9476565699895791,0.7,one_minus_s_power,751,True,30352.0,30352.0,256,1000000
10000,0.7,0.1,0.00016194730306966316,0.9210340371976184,0.00017583205020567063,0.9476565699895791,0.7,one_minus_s_power,752,True,31857.0,31857.0,256,1000000
10000,0.7,0.1,0.00016194730306966316,0.9210340371976184,0.00017583205020567063,0.9476565699895791,0.7,one_minus_s_power,753,True,33161.0,33161.0,256,1000000
10000,0.7,0.1,0.00016194730306966316,0.9210340371976184,0.00017583205020567063,0.9476565699895791,0.7,one_minus_s_power,754,True,37263.0,37263.0,256,1000000
10000,0.7,0.1,0.00016194730306966316,0.9210340371976184,0.00017583205020567063,0.9476565699895791,0.7,one_minus_s_power,755,True,23058.0,23058.0,256,1000000
10000,0.7,0.1,0.00016194730306966316,0.9210340371976184,0.00017583205020567063,0.9476565699895791,0.7,one_minus_s_power,756,True,8972.0,8972.0,256,1000000
10000,0.7,0.1,0.00016194730306966316,0.9210340371976184,0.00017583205020567063,0.9476565699895791,0.7,one_minus_s_power,757,True,15351.0,15351.0,256,1000000
10000,0.7,0.1,0.00016194730306966316,0.9210340371976184,0.00017583205020567063,0.9476565699895791,0.7,one_minus_s_power,758,True,15639.0,15639.0,256,1000000
10000,0.7,0.1,0.00016194730306966316,0.9210340371976184,0.00017583205020567063,0.9476565699895791,0.7,one_minus_s_power,759,True,8889.0,8889.0,256,1000000
10000,0.7,0.1,0.00016194730306966316,0.9210340371976184,0.00017583205020567063,0.9476565699895791,0.7,one_minus_s_power,760,True,51258.0,51258.0,256,1000000
10000,0.7,0.1,0.00016194730306966316,0.9210340371976184,0.00017583205020567063,0.9476565699895791,0.7,one_minus_s_power,761,True,2916.0,2916.0,256,1000000
10000,0.7,0.1,0.00016194730306966316,0.9210340371976184,0.00017583205020567063,0.9476565699895791,0.7,one_minus_s_power,762,True,3320.0,3320.0,256,1000000
10000,0.7,0.1,0.00016194730306966316,0.9210340371976184,0.00017583205020567063,0.9476565699895791,0.7,one_minus_s_power,763,True,15203.0,15203.0,256,1000000
10000,0.7,0.1,0.00016194730306966316,0.9210340371976184,0.00017583205020567063,0.9476565699895791,0.7,one_minus_s_power,764,True,43790.0,43790.0,256,1000000
10000,0.7,0.1,0.00016194730306966316,0.9210340371976184,0.00017583205020567063,0.9476565699895791,0.7,one_minus_s_power,765,True,21262.0,21262.0,256,1000000
10000,0.7,0.1,0.00016194730306966316,0.9210340371976184,0.00017583205020567063,0.9476565699895791,0.7,one_minus_s_power,766,True,5476.0,5476.0,256,1000000
10000,0.7,0.1,0.00016194730306966316,0.9210340371976184,0.00017583205020567063,0.9476565699895791,0.7,one_minus_s_power,767,True,26908.0,26908.0,256,1000000
10000,0.7,0.1,0.00016194730306966316,0.9210340371976184,0.00017583205020567063,0.9476565699895791,0.7,one_minus_s_power,768,True,48762.0,48762.0,256,1000000
10000,0.7,0.1,0.00016194730306966316,0.9210340371976184,0.00017583205020567063,0.9476565699895791,0.7,one_minus_s_power,769,True,12806.0,12806.0,256,1000000
10000,0.7,0.1,0.00016194730306966316,0.9210340371976184,0.00017583205020567063,0.9476565699895791,0.7,one_minus_s_power,770,True,5140.0,5140.0,256,1000000
10000,0.7,0.1,0.00016194730306966316,0.9210340371976184,0.00017583205020567063,0.9476565699895791,0.7,one_minus_s_power,771,True,25573.0,25573.0,256,1000000
10000,0.7,0.1,0.00016194730306966316,0.9210340371976184,0.00017583205020567063,0.9476565699895791,0.7,one_minus_s_power,772,True,20333.0,20333.0,256,1000000
10000,0.7,0.1,0.00016194730306966316,0.9210340371976184,0.00017583205020567063,0.9476565699895791,0.7,one_minus_s_power,773,True,10798.0,10798.0,256,1000000
10000,0.7,0.1,0.00016194730306966316,0.9210340371976184,0.00017583205020567063,0.9476565699895791,0.7,one_minus_s_power,774,True,6045.0,6045.0,256,1000000
10000,0.7,0.1,0.00016194730306966316,0.9210340371976184,0.00017583205020567063,0.9476565699895791,0.7,one_minus_s_power,775,True,24287.0,24287.0,256,1000000
10000,0.7,0.1,0.00016194730306966316,0.9210340371976184,0.00017583205020567063,0.9476565699895791,0.7,one_minus_s_power,776,True,71343.0,71343.0,256,1000000
10000,0.7,0.1,0.00016194730306966316,0.9210340371976184,0.00017583205020567063,0.9476565699895791,0.7,one_minus_s_power,777,True,31565.0,31565.0,256,1000000
10000,0.7,0.1,0.00016194730306966316,0.9210340371976184,0.00017583205020567063,0.9476565699895791,0.7,one_minus_s_power,778,True,41294.0,41294.0,256,1000000
10000,0.7,0.1,0.00016194730306966316,0.9210340371976184,0.00017583205020567063,0.9476565699895791,0.7,one_minus_s_power,779,True,13164.0,13164.0,256,1000000
10000,0.7,0.1,0.00016194730306966316,0.9210340371976184,0.00017583205020567063,0.9476565699895791,0.7,one_minus_s_power,780,True,5135.0,5135.0,256,1000000
10000,0.7,0.1,0.00016194730306966316,0.9210340371976184,0.00017583205020567063,0.9476565699895791,0.7,one_minus_s_power,781,True,10196.0,10196.0,256,1000000
10000,0.7,0.1,0.00016194730306966316,0.9210340371976184,0.00017583205020567063,0.9476565699895791,0.7,one_minus_s_power,782,True,7697.0,7697.0,256,1000000
10000,0.7,0.1,0.00016194730306966316,0.9210340371976184,0.00017583205020567063,0.9476565699895791,0.7,one_minus_s_power,783,True,22201.0,22201.0,256,1000000
10000,0.7,0.1,0.00016194730306966316,0.9210340371976184,0.00017583205020567063,0.9476565699895791,0.7,one_minus_s_power,784,True,20709.0,20709.0,256,1000000
10000,0.7,0.1,0.00016194730306966316,0.9210340371976184,0.00017583205020567063,0.9476565699895791,0.7,one_minus_s_power,785,True,22192.0,22192.0,256,1000000
10000,0.7,0.1,0.00016194730306966316,0.9210340371976184,0.00017583205020567063,0.9476565699895791,0.7,one_minus_s_power,786,True,8960.0,8960.0,256,1000000
10000,0.7,0.1,0.00016194730306966316,0.9210340371976184,0.00017583205020567063,0.9476565699895791,0.7,one_minus_s_power,787,True,36390.0,36390.0,256,1000000
10000,0.7,0.1,0.00016194730306966316,0.9210340371976184,0.00017583205020567063,0.9476565699895791,0.7,one_minus_s_power,788,True,11813.0,11813.0,256,1000000
10000,0.7,0.1,0.00016194730306966316,0.9210340371976184,0.00017583205020567063,0.9476565699895791,0.7,one_minus_s_power,789,True,15152.0,15152.0,256,1000000
10000,0.7,0.1,0.00016194730306966316,0.9210340371976184,0.00017583205020567063,0.9476565699895791,0.7,one_minus_s_power,790,True,8060.0,8060.0,256,1000000
10000,0.7,0.1,0.00016194730306966316,0.9210340371976184,0.00017583205020567063,0.9476565699895791,0.7,one_minus_s_power,791,True,68718.0,68718.0,256,1000000
10000,0.7,0.1,0.00016194730306966316,0.9210340371976184,0.00017583205020567063,0.9476565699895791,0.7,one_minus_s_power,792,True,3867.0,3867.0,256,1000000
10000,0.7,0.1,0.00016194730306966316,0.9210340371976184,0.00017583205020567063,0.9476565699895791,0.7,one_minus_s_power,793,True,90247.0,90247.0,256,1000000
10000,0.7,0.1,0.00016194730306966316,0.9210340371976184,0.00017583205020567063,0.9476565699895791,0.7,one_minus_s_power,794,True,7588.0,7588.0,256,1000000
10000,0.7,0.1,0.00016194730306966316,0.9210340371976184,0.00017583205020567063,0.9476565699895791,0.7,one_minus_s_power,795,True,3819.0,3819.0,256,1000000
10000,0.7,0.1,0.00016194730306966316,0.9210340371976184,0.00017583205020567063,0.9476565699895791,0.7,one_minus_s_power,796,True,15999.0,15999.0,256,1000000
10000,0.7,0.1,0.00016194730306966316,0.9210340371976184,0.00017583205020567063,0.9476565699895791,0.7,one_minus_s_power,797,True,15006.0,15006.0,256,1000000
10000,0.7,0.1,0.00016194730306966316,0.9210340371976184,0.00017583205020567063,0.9476565699895791,0.7,one_minus_s_power,798,True,23220.0,23220.0,256,1000000
10000,0.7,0.1,0.00016194730306966316,0.9210340371976184,0.00017583205020567063,0.9476565699895791,0.7,one_minus_s_power,799,True,6640.0,6640.0,256,1000000
10000,0.7,0.1,0.00016194730306966316,0.9210340371976184,0.00017583205020567063,0.9476565699895791,0.7,one_minus_s_power,800,True,34201.0,34201.0,256,1000000
10000,0.7,0.1,0.00016194730306966316,0.9210340371976184,0.00017583205020567063,0.9476565699895791,0.7,one_minus_s_power,801,True,7898.0,7898.0,256,1000000
10000,0.7,0.1,0.00016194730306966316,0.9210340371976184,0.00017583205020567063,0.9476565699895791,0.7,one_minus_s_power,802,True,2176.0,2176.0,256,1000000
10000,0.7,0.1,0.00016194730306966316,0.9210340371976184,0.00017583205020567063,0.9476565699895791,0.7,one_minus_s_power,803,True,16462.0,16462.0,256,1000000
10000,0.7,0.1,0.00016194730306966316,0.9210340371976184,0.00017583205020567063,0.9476565699895791,0.7,one_minus_s_power,804,True,13067.0,13067.0,256,1000000
10000,0.7,0.1,0.00016194730306966316,0.9210340371976184,0.00017583205020567063,0.9476565699895791,0.7,one_minus_s_power,805,True,123998.0,123998.0,256,1000000
10000,0.7,0.1,0.00016194730306966316,0.9210340371976184,0.00017583205020567063,0.9476565699895791,0.7,one_minus_s_power,806,True,40181.0,40181.0,256,1000000
10000,0.7,0.1,0.00016194730306966316,0.9210340371976184,0.00017583205020567063,0.9476565699895791,0.7,one_minus_s_power,807,True,52299.0,52299.0,256,1000000
10000,0.7,0.1,0.00016194730306966316,0.9210340371976184,0.00017583205020567063,0.9476565699895791,0.7,one_minus_s_power,808,True,4980.0,4980.0,256,1000000
10000,0.7,0.1,0.00016194730306966316,0.9210340371976184,0.00017583205020567063,0.9476565699895791,0.7,one_minus_s_power,809,True,32970.0,32970.0,256,1000000
10000,0.7,0.1,0.00016194730306966316,0.9210340371976184,0.00017583205020567063,0.9476565699895791,0.7,one_minus_s_power,810,True,25128.0,25128.0,256,1000000
10000,0.7,0.1,0.00016194730306966316,0.9210340371976184,0.00017583205020567063,0.9476565699895791,0.7,one_minus_s_power,811,True,114978.0,114978.0,256,1000000
10000,0.7,0.1,0.00016194730306966316,0.9210340371976184,0.00017583205020567063,0.9476565699895791,0.7,one_minus_s_power,812,True,13123.0,13123.0,256,1000000
10000,0.7,0.1,0.00016194730306966316,0.9210340371976184,0.00017583205020567063,0.9476565699895791,0.7,one_minus_s_power,813,True,12005.0,12005.0,256,1000000
10000,0.7,0.1,0.00016194730306966316,0.9210340371976184,0.00017583205020567063,0.9476565699895791,0.7,one_minus_s_power,814,True,3660.0,3660.0,256,1000000
10000,0.7,0.1,0.00016194730306966316,0.9210340371976184,0.00017583205020567063,0.9476565699895791,0.7,one_minus_s_power,815,True,117983.0,117983.0,256,1000000
10000,0.7,0.1,0.00016194730306966316,0.9210340371976184,0.00017583205020567063,0.9476565699895791,0.7,one_minus_s_power,816,True,43833.0,43833.0,256,1000000
10000,0.7,0.1,0.00016194730306966316,0.9210340371976184,0.00017583205020567063,0.9476565699895791,0.7,one_minus_s_power,817,True,43916.0,43916.0,256,1000000
10000,0.7,0.1,0.00016194730306966316,0.9210340371976184,0.00017583205020567063,0.9476565699895791,0.7,one_minus_s_power,818,True,15336.0,15336.0,256,1000000
10000,0.7,0.1,0.00016194730306966316,0.9210340371976184,0.00017583205020567063,0.9476565699895791,0.7,one_minus_s_power,819,True,5048.0,5048.0,256,1000000
10000,0.7,0.1,0.00016194730306966316,0.9210340371976184,0.00017583205020567063,0.9476565699895791,0.7,one_minus_s_power,820,True,6256.0,6256.0,256,1000000
10000,0.7,0.1,0.00016194730306966316,0.9210340371976184,0.00017583205020567063,0.9476565699895791,0.7,one_minus_s_power,821,True,18094.0,18094.0,256,1000000
10000,0.7,0.1,0.00016194730306966316,0.9210340371976184,0.00017583205020567063,0.9476565699895791,0.7,one_minus_s_power,822,True,5816.0,5816.0,256,1000000
10000,0.7,0.1,0.00016194730306966316,0.9210340371976184,0.00017583205020567063,0.9476565699895791,0.7,one_minus_s_power,823,True,57492.0,57492.0,256,1000000
10000,0.7,0.1,0.00016194730306966316,0.9210340371976184,0.00017583205020567063,0.9476565699895791,0.7,one_minus_s_power,824,True,6333.0,6333.0,256,1000000
10000,0.7,0.1,0.00016194730306966316,0.9210340371976184,0.00017583205020567063,0.9476565699895791,0.7,one_minus_s_power,825,True,8573.0,8573.0,256,1000000
10000,0.7,0.1,0.00016194730306966316,0.9210340371976184,0.00017583205020567063,0.9476565699895791,0.7,one_minus_s_power,826,True,32310.0,32310.0,256,1000000
10000,0.7,0.1,0.00016194730306966316,0.9210340371976184,0.00017583205020567063,0.9476565699895791,0.7,one_minus_s_power,827,True,16284.0,16284.0,256,1000000
10000,0.7,0.1,0.00016194730306966316,0.9210340371976184,0.00017583205020567063,0.9476565699895791,0.7,one_minus_s_power,828,True,14654.0,14654.0,256,1000000
10000,0.7,0.1,0.00016194730306966316,0.9210340371976184,0.00017583205020567063,0.9476565699895791,0.7,one_minus_s_power,829,True,34682.0,34682.0,256,1000000
10000,0.7,0.1,0.00016194730306966316,0.9210340371976184,0.00017583205020567063,0.9476565699895791,0.7,one_minus_s_power,830,True,15398.0,15398.0,256,1000000
10000,0.7,0.1,0.00016194730306966316,0.9210340371976184,0.00017583205020567063,0.9476565699895791,0.7,one_minus_s_power,831,True,6524.0,6524.0,256,1000000
10000,0.7,0.1,0.00016194730306966316,0.9210340371976184,0.00017583205020567063,0.9476565699895791,0.7,one_minus_s_power,832,True,9027.0,9027.0,256,1000000
10000,0.7,0.1,0.00016194730306966316,0.9210340371976184,0.00017583205020567063,0.9476565699895791,0.7,one_minus_s_power,833,True,44506.0,44506.0,256,1000000
10000,0.7,0.1,0.00016194730306966316,0.9210340371976184,0.00017583205020567063,0.9476565699895791,0.7,one_minus_s_power,834,True,34138.0,34138.0,256,1000000
10000,0.7,0.1,0.00016194730306966316,0.9210340371976184,0.00017583205020567063,0.9476565699895791,0.7,one_minus_s_power,835,True,3354.0,3354.0,256,1000000
10000,0.7,0.1,0.00016194730306966316,0.9210340371976184,0.00017583205020567063,0.9476565699895791,0.7,one_minus_s_power,836,True,62021.0,62021.0,256,1000000
10000,0.7,0.1,0.00016194730306966316,0.9210340371976184,0.00017583205020567063,0.9476565699895791,0.7,one_minus_s_power,837,True,35270.0,35270.0,256,1000000
10000,0.7,0.1,0.00016194730306966316,0.9210340371976184,0.00017583205020567063,0.9476565699895791,0.7,one_minus_s_power,838,True,2767.0,2767.0,256,1000000
10000,0.7,0.1,0.00016194730306966316,0.9210340371976184,0.00017583205020567063,0.9476565699895791,0.7,one_minus_s_power,839,True,35848.0,35848.0,256,1000000
10000,0.7,0.1,0.00016194730306966316,0.9210340371976184,0.00017583205020567063,0.9476565699895791,0.7,one_minus_s_power,840,True,5332.0,5332.0,256,1000000
10000,0.7,0.1,0.00016194730306966316,0.9210340371976184,0.00017583205020567063,0.9476565699895791,0.7,one_minus_s_power,841,True,106064.0,106064.0,256,1000000
10000,0.7,0.1,0.00016194730306966316,0.9210340371976184,0.00017583205020567063,0.9476565699895791,0.7,one_minus_s_power,842,True,80680.0,80680.0,256,1000000
10000,0.7,0.1,0.00016194730306966316,0.9210340371976184,0.00017583205020567063,0.9476565699895791,0.7,one_minus_s_power,843,True,13951.0,13951.0,256,1000000
10000,0.7,0.1,0.00016194730306966316,0.9210340371976184,0.00017583205020567063,0.9476565699895791,0.7,one_minus_s_power,844,True,20546.0,20546.0,256,1000000
10000,0.7,0.1,0.00016194730306966316,0.9210340371976184,0.00017583205020567063,0.9476565699895791,0.7,one_minus_s_power,845,True,35812.0,35812.0,256,1000000
10000,0.7,0.1,0.00016194730306966316,0.9210340371976184,0.00017583205020567063,0.9476565699895791,0.7,one_minus_s_power,846,True,38602.0,38602.0,256,1000000
10000,0.7,0.1,0.00016194730306966316,0.9210340371976184,0.00017583205020567063,0.9476565699895791,0.7,one_minus_s_power,847,True,10424.0,10424.0,256,1000000
10000,0.7,0.1,0.00016194730306966316,0.9210340371976184,0.00017583205020567063,0.9476565699895791,0.7,one_minus_s_power,848,True,12235.0,12235.0,256,1000000
10000,0.7,0.1,0.00016194730306966316,0.9210340371976184,0.00017583205020567063,0.9476565699895791,0.7,one_minus_s_power,849,True,43425.0,43425.0,256,1000000
10000,0.7,0.1,0.00016194730306966316,0.9210340371976184,0.00017583205020567063,0.9476565699895791,0.7,one_minus_s_power,850,True,6035.0,6035.0,256,1000000
10000,0.7,0.1,0.00016194730306966316,0.9210340371976184,0.00017583205020567063,0.9476565699895791,0.7,one_minus_s_power,851,True,26427.0,26427.0,256,1000000
10000,0.7,0.1,0.00016194730306966316,0.9210340371976184,0.00017583205020567063,0.9476565699895791,0.7,one_minus_s_power,852,True,18814.0,18814.0,256,1000000
10000,0.7,0.1,0.00016194730306966316,0.9210340371976184,0.00017583205020567063,0.9476565699895791,0.7,one_minus_s_power,853,True,67534.0,67534.0,256,1000000
10000,0.7,0.1,0.00016194730306966316,0.9210340371976184,0.00017583205020567063,0.9476565699895791,0.7,one_minus_s_power,854,True,55922.0,55922.0,256,1000000
10000,0.7,0.1,0.00016194730306966316,0.9210340371976184,0.00017583205020567063,0.9476565699895791,0.7,one_minus_s_power,855,True,15828.0,15828.0,256,1000000
10000,0.7,0.1,0.00016194730306966316,0.9210340371976184,0.00017583205020567063,0.9476565699895791,0.7,one_minus_s_power,856,True,4446.0,4446.0,256,1000000
10000,0.7,0.1,0.00016194730306966316,0.9210340371976184,0.00017583205020567063,0.9476565699895791,0.7,one_minus_s_power,857,True,9604.0,9604.0,256,1000000
10000,0.7,0.1,0.00016194730306966316,0.9210340371976184,0.00017583205020567063,0.9476565699895791,0.7,one_minus_s_power,858,True,71738.0,71738.0,256,1000000
10000,0.7,0.1,0.00016194730306966316,0.9210340371976184,0.00017583205020567063,0.9476565699895791,0.7,one_minus_s_power,859,True,58446.0,58446.0,256,1000000
10000,0.7,0.1,0.00016194730306966316,0.9210340371976184,0.00017583205020567063,0.9476565699895791,0.7,one_minus_s_power,860,True,38553.0,38553.0,256,1000000
10000,0.7,0.1,0.00016194730306966316,0.9210340371976184,0.00017583205020567063,0.9476565699895791,0.7,one_minus_s_power,861,True,35454.0,35454.0,256,1000000
10000,0.7,0.1,0.00016194730306966316,0.9210340371976184,0.00017583205020567063,0.9476565699895791,0.7,one_minus_s_power,862,True,24501.0,24501.0,256,1000000
10000,0.7,0.1,0.00016194730306966316,0.9210340371976184,0.00017583205020567063,0.9476565699895791,0.7,one_minus_s_power,863,True,4716.0,4716.0,256,1000000
10000,0.7,0.1,0.00016194730306966316,0.9210340371976184,0.00017583205020567063,0.9476565699895791,0.7,one_minus_s_power,864,True,29514.0,29514.0,256,1000000
10000,0.7,0.1,0.00016194730306966316,0.9210340371976184,0.00017583205020567063,0.9476565699895791,0.7,one_minus_s_power,865,True,39912.0,39912.0,256,1000000
10000,0.7,0.1,0.00016194730306966316,0.9210340371976184,0.00017583205020567063,0.9476565699895791,0.7,one_minus_s_power,866,True,8651.0,8651.0,256,1000000
10000,0.7,0.1,0.00016194730306966316,0.9210340371976184,0.00017583205020567063,0.9476565699895791,0.7,one_minus_s_power,867,True,24371.0,24371.0,256,1000000
10000,0.7,0.1,0.00016194730306966316,0.9210340371976184,0.00017583205020567063,0.9476565699895791,0.7,one_minus_s_power,868,True,9939.0,9939.0,256,1000000
10000,0.7,0.1,0.00016194730306966316,0.9210340371976184,0.00017583205020567063,0.9476565699895791,0.7,one_minus_s_power,869,True,9086.0,9086.0,256,1000000
10000,0.7,0.1,0.00016194730306966316,0.9210340371976184,0.00017583205020567063,0.9476565699895791,0.7,one_minus_s_power,870,True,125641.0,125641.0,256,1000000
10000,0.7,0.1,0.00016194730306966316,0.9210340371976184,0.00017583205020567063,0.9476565699895791,0.7,one_minus_s_power,871,True,41890.0,41890.0,256,1000000
10000,0.7,0.1,0.00016194730306966316,0.9210340371976184,0.00017583205020567063,0.9476565699895791,0.7,one_minus_s_power,872,True,58779.0,58779.0,256,1000000
10000,0.7,0.1,0.00016194730306966316,0.9210340371976184,0.00017583205020567063,0.9476565699895791,0.7,one_minus_s_power,873,True,1530.0,1530.0,256,1000000
10000,0.7,0.1,0.00016194730306966316,0.9210340371976184,0.00017583205020567063,0.9476565699895791,0.7,one_minus_s_power,874,True,33229.0,33229.0,256,1000000
10000,0.7,0.1,0.00016194730306966316,0.9210340371976184,0.00017583205020567063,0.9476565699895791,0.7,one_minus_s_power,875,True,33037.0,33037.0,256,1000000
10000,0.7,0.1,0.00016194730306966316,0.9210340371976184,0.00017583205020567063,0.9476565699895791,0.7,one_minus_s_power,876,True,33920.0,33920.0,256,1000000
10000,0.7,0.1,0.00016194730306966316,0.9210340371976184,0.00017583205020567063,0.9476565699895791,0.7,one_minus_s_power,877,True,41577.0,41577.0,256,1000000
10000,0.7,0.1,0.00016194730306966316,0.9210340371976184,0.00017583205020567063,0.9476565699895791,0.7,one_minus_s_power,878,True,7834.0,7834.0,256,1000000
10000,0.7,0.1,0.00016194730306966316,0.9210340371976184,0.00017583205020567063,0.9476565699895791,0.7,one_minus_s_power,879,True,28002.0,28002.0,256,1000000
10000,0.7,0.1,0.00016194730306966316,0.9210340371976184,0.00017583205020567063,0.9476565699895791,0.7,one_minus_s_power,880,True,3960.0,3960.0,256,1000000
10000,0.7,0.1,0.00016194730306966316,0.9210340371976184,0.00017583205020567063,0.9476565699895791,0.7,one_minus_s_power,881,True,81383.0,81383.0,256,1000000
10000,0.7,0.1,0.00016194730306966316,0.9210340371976184,0.00017583205020567063,0.9476565699895791,0.7,one_minus_s_power,882,True,30420.0,30420.0,256,1000000
10000,0.7,0.1,0.00016194730306966316,0.9210340371976184,0.00017583205020567063,0.9476565699895791,0.7,one_minus_s_power,883,True,27545.0,27545.0,256,1000000
10000,0.7,0.1,0.00016194730306966316,0.9210340371976184,0.00017583205020567063,0.9476565699895791,0.7,one_minus_s_power,884,True,28593.0,28593.0,256,1000000
10000,0.7,0.1,0.00016194730306966316,0.9210340371976184,0.00017583205020567063,0.9476565699895791,0.7,one_minus_s_power,885,True,29398.0,29398.0,256,1000000
10000,0.7,0.1,0.00016194730306966316,0.9210340371976184,0.00017583205020567063,0.9476565699895791,0.7,one_minus_s_power,886,True,7154.0,7154.0,256,1000000
10000,0.7,0.1,0.00016194730306966316,0.9210340371976184,0.00017583205020567063,0.9476565699895791,0.7,one_minus_s_power,887,True,113587.0,113587.0,256,1000000
10000,0.7,0.1,0.00016194730306966316,0.9210340371976184,0.00017583205020567063,0.9476565699895791,0.7,one_minus_s_power,888,True,9715.0,9715.0,256,1000000
10000,0.7,0.1,0.00016194730306966316,0.9210340371976184,0.00017583205020567063,0.9476565699895791,0.7,one_minus_s_power,889,True,30424.0,30424.0,256,1000000
10000,0.7,0.1,0.00016194730306966316,0.9210340371976184,0.00017583205020567063,0.9476565699895791,0.7,one_minus_s_power,890,True,24435.0,24435.0,256,1000000
10000,0.7,0.1,0.00016194730306966316,0.9210340371976184,0.00017583205020567063,0.9476565699895791,0.7,one_minus_s_power,891,True,47794.0,47794.0,256,1000000
10000,0.7,0.1,0.00016194730306966316,0.9210340371976184,0.00017583205020567063,0.9476565699895791,0.7,one_minus_s_power,892,True,10502.0,10502.0,256,1000000
10000,0.7,0.1,0.00016194730306966316,0.9210340371976184,0.00017583205020567063,0.9476565699895791,0.7,one_minus_s_power,893,True,18017.0,18017.0,256,1000000
10000,0.7,0.1,0.00016194730306966316,0.9210340371976184,0.00017583205020567063,0.9476565699895791,0.7,one_minus_s_power,894,True,12343.0,12343.0,256,1000000
10000,0.7,0.1,0.00016194730306966316,0.9210340371976184,0.00017583205020567063,0.9476565699895791,0.7,one_minus_s_power,895,True,3138.0,3138.0,256,1000000
10000,0.7,0.1,0.00016194730306966316,0.9210340371976184,0.00017583205020567063,0.9476565699895791,0.7,one_minus_s_power,896,True,7207.0,7207.0,256,1000000
10000,0.7,0.1,0.00016194730306966316,0.9210340371976184,0.00017583205020567063,0.9476565699895791,0.7,one_minus_s_power,897,True,8665.0,8665.0,256,1000000
10000,0.7,0.1,0.00016194730306966316,0.9210340371976184,0.00017583205020567063,0.9476565699895791,0.7,one_minus_s_power,898,True,15948.0,15948.0,256,1000000
10000,0.7,0.1,0.00016194730306966316,0.9210340371976184,0.00017583205020567063,0.9476565699895791,0.7,one_minus_s_power,899,True,23227.0,23227.0,256,1000000
10000,0.7,0.1,0.00016194730306966316,0.9210340371976184,0.00017583205020567063,0.9476565699895791,0.7,one_minus_s_power,900,True,3334.0,3334.0,256,1000000
10000,0.7,0.1,0.00016194730306966316,0.9210340371976184,0.00017583205020567063,0.9476565699895791,0.7,one_minus_s_power,901,True,32959.0,32959.0,256,1000000
10000,0.7,0.1,0.00016194730306966316,0.9210340371976184,0.00017583205020567063,0.9476565699895791,0.7,one_minus_s_power,902,True,58582.0,58582.0,256,1000000
10000,0.7,0.1,0.00016194730306966316,0.9210340371976184,0.00017583205020567063,0.9476565699895791,0.7,one_minus_s_power,903,True,21749.0,21749.0,256,1000000
10000,0.7,0.1,0.00016194730306966316,0.9210340371976184,0.00017583205020567063,0.9476565699895791,0.7,one_minus_s_power,904,True,33263.0,33263.0,256,1000000
10000,0.7,0.1,0.00016194730306966316,0.9210340371976184,0.00017583205020567063,0.9476565699895791,0.7,one_minus_s_power,905,True,45165.0,45165.0,256,1000000
10000,0.7,0.1,0.00016194730306966316,0.9210340371976184,0.00017583205020567063,0.9476565699895791,0.7,one_minus_s_power,906,True,3229.0,3229.0,256,1000000
10000,0.7,0.1,0.00016194730306966316,0.9210340371976184,0.00017583205020567063,0.9476565699895791,0.7,one_minus_s_power,907,True,7284.0,7284.0,256,1000000
10000,0.7,0.1,0.00016194730306966316,0.9210340371976184,0.00017583205020567063,0.9476565699895791,0.7,one_minus_s_power,908,True,26857.0,26857.0,256,1000000
10000,0.7,0.1,0.00016194730306966316,0.9210340371976184,0.00017583205020567063,0.9476565699895791,0.7,one_minus_s_power,909,True,14570.0,14570.0,256,1000000
10000,0.7,0.1,0.00016194730306966316,0.9210340371976184,0.00017583205020567063,0.9476565699895791,0.7,one_minus_s_power,910,True,22656.0,22656.0,256,1000000
10000,0.7,0.1,0.00016194730306966316,0.9210340371976184,0.00017583205020567063,0.9476565699895791,0.7,one_minus_s_power,911,True,26496.0,26496.0,256,1000000
10000,0.7,0.1,0.00016194730306966316,0.9210340371976184,0.00017583205020567063,0.9476565699895791,0.7,one_minus_s_power,912,True,31184.0,31184.0,256,1000000
10000,0.7,0.1,0.00016194730306966316,0.9210340371976184,0.00017583205020567063,0.9476565699895791,0.7,one_minus_s_power,913,True,77296.0,77296.0,256,1000000
10000,0.7,0.1,0.00016194730306966316,0.9210340371976184,0.00017583205020567063,0.9476565699895791,0.7,one_minus_s_power,914,True,25888.0,25888.0,256,1000000
10000,0.7,0.1,0.00016194730306966316,0.9210340371976184,0.00017583205020567063,0.9476565699895791,0.7,one_minus_s_power,915,True,68894.0,68894.0,256,1000000
10000,0.7,0.1,0.00016194730306966316,0.9210340371976184,0.00017583205020567063,0.9476565699895791,0.7,one_minus_s_power,916,True,23230.0,23230.0,256,1000000
10000,0.7,0.1,0.00016194730306966316,0.9210340371976184,0.00017583205020567063,0.9476565699895791,0.7,one_minus_s_power,917,True,38197.0,38197.0,256,1000000
10000,0.7,0.1,0.00016194730306966316,0.9210340371976184,0.00017583205020567063,0.9476565699895791,0.7,one_minus_s_power,918,True,10046.0,10046.0,256,1000000
10000,0.7,0.1,0.00016194730306966316,0.9210340371976184,0.00017583205020567063,0.9476565699895791,0.7,one_minus_s_power,919,True,16398.0,16398.0,256,1000000
10000,0.7,0.1,0.00016194730306966316,0.9210340371976184,0.00017583205020567063,0.9476565699895791,0.7,one_minus_s_power,920,True,5425.0,5425.0,256,1000000
10000,0.7,0.1,0.00016194730306966316,0.9210340371976184,0.00017583205020567063,0.9476565699895791,0.7,one_minus_s_power,921,True,76556.0,76556.0,256,1000000
10000,0.7,0.1,0.00016194730306966316,0.9210340371976184,0.00017583205020567063,0.9476565699895791,0.7,one_minus_s_power,922,True,4805.0,4805.0,256,1000000
10000,0.7,0.1,0.00016194730306966316,0.9210340371976184,0.00017583205020567063,0.9476565699895791,0.7,one_minus_s_power,923,True,7525.0,7525.0,256,1000000
10000,0.7,0.1,0.00016194730306966316,0.9210340371976184,0.00017583205020567063,0.9476565699895791,0.7,one_minus_s_power,924,True,16508.0,16508.0,256,1000000
10000,0.7,0.1,0.00016194730306966316,0.9210340371976184,0.00017583205020567063,0.9476565699895791,0.7,one_minus_s_power,925,True,46295.0,46295.0,256,1000000
10000,0.7,0.1,0.00016194730306966316,0.9210340371976184,0.00017583205020567063,0.9476565699895791,0.7,one_minus_s_power,926,True,6324.0,6324.0,256,1000000
10000,0.7,0.1,0.00016194730306966316,0.9210340371976184,0.00017583205020567063,0.9476565699895791,0.7,one_minus_s_power,927,True,79616.0,79616.0,256,1000000
10000,0.7,0.1,0.00016194730306966316,0.9210340371976184,0.00017583205020567063,0.9476565699895791,0.7,one_minus_s_power,928,True,4134.0,4134.0,256,1000000
10000,0.7,0.1,0.00016194730306966316,0.9210340371976184,0.00017583205020567063,0.9476565699895791,0.7,one_minus_s_power,929,True,7058.0,7058.0,256,1000000
10000,0.7,0.1,0.00016194730306966316,0.9210340371976184,0.00017583205020567063,0.9476565699895791,0.7,one_minus_s_power,930,True,39211.0,39211.0,256,1000000
10000,0.7,0.1,0.00016194730306966316,0.9210340371976184,0.00017583205020567063,0.9476565699895791,0.7,one_minus_s_power,931,True,23693.0,23693.0,256,1000000
10000,0.7,0.1,0.00016194730306966316,0.9210340371976184,0.00017583205020567063,0.9476565699895791,0.7,one_minus_s_power,932,True,73481.0,73481.0,256,1000000
10000,0.7,0.1,0.00016194730306966316,0.9210340371976184,0.00017583205020567063,0.9476565699895791,0.7,one_minus_s_power,933,True,36200.0,36200.0,256,1000000
10000,0.7,0.1,0.00016194730306966316,0.9210340371976184,0.00017583205020567063,0.9476565699895791,0.7,one_minus_s_power,934,True,11940.0,11940.0,256,1000000
10000,0.7,0.1,0.00016194730306966316,0.9210340371976184,0.00017583205020567063,0.9476565699895791,0.7,one_minus_s_power,935,True,34469.0,34469.0,256,1000000
10000,0.7,0.1,0.00016194730306966316,0.9210340371976184,0.00017583205020567063,0.9476565699895791,0.7,one_minus_s_power,936,True,12714.0,12714.0,256,1000000
10000,0.7,0.1,0.00016194730306966316,0.9210340371976184,0.00017583205020567063,0.9476565699895791,0.7,one_minus_s_power,937,True,42449.0,42449.0,256,1000000
10000,0.7,0.1,0.00016194730306966316,0.9210340371976184,0.00017583205020567063,0.9476565699895791,0.7,one_minus_s_power,938,True,18309.0,18309.0,256,1000000
10000,0.7,0.1,0.00016194730306966316,0.9210340371976184,0.00017583205020567063,0.9476565699895791,0.7,one_minus_s_power,939,True,41499.0,41499.0,256,1000000
10000,0.7,0.1,0.00016194730306966316,0.9210340371976184,0.00017583205020567063,0.9476565699895791,0.7,one_minus_s_power,940,True,22235.0,22235.0,256,1000000
10000,0.7,0.1,0.00016194730306966316,0.9210340371976184,0.00017583205020567063,0.9476565699895791,0.7,one_minus_s_power,941,True,11218.0,11218.0,256,1000000
10000,0.7,0.1,0.00016194730306966316,0.9210340371976184,0.00017583205020567063,0.9476565699895791,0.7,one_minus_s_power,942,True,30666.0,30666.0,256,1000000
10000,0.7,0.1,0.00016194730306966316,0.9210340371976184,0.00017583205020567063,0.9476565699895791,0.7,one_minus_s_power,943,True,27884.0,27884.0,256,1000000
10000,0.7,0.1,0.00016194730306966316,0.9210340371976184,0.00017583205020567063,0.9476565699895791,0.7,one_minus_s_power,944,True,20549.0,20549.0,256,1000000
10000,0.7,0.1,0.00016194730306966316,0.9210340371976184,0.00017583205020567063,0.9476565699895791,0.7,one_minus_s_power,945,True,32160.0,32160.0,256,1000000
10000,0.7,0.1,0.00016194730306966316,0.9210340371976184,0.00017583205020567063,0.9476565699895791,0.7,one_minus_s_power,946,True,30662.0,30662.0,256,1000000
10000,0.7,0.1,0.00016194730306966316,0.9210340371976184,0.00017583205020567063,0.9476565699895791,0.7,one_minus_s_power,947,True,14599.0,14599.0,256,1000000
10000,0.7,0.1,0.00016194730306966316,0.9210340371976184,0.00017583205020567063,0.9476565699895791,0.7,one_minus_s_power,948,True,3452.0,3452.0,256,1000000
10000,0.7,0.1,0.00016194730306966316,0.9210340371976184,0.00017583205020567063,0.9476565699895791,0.7,one_minus_s_power,949,True,29722.0,29722.0,256,1000000
10000,0.7,0.1,0.00016194730306966316,0.9210340371976184,0.00017583205020567063,0.9476565699895791,0.7,one_minus_s_power,950,True,77606.0,77606.0,256,1000000
10000,0.7,0.1,0.00016194730306966316,0.9210340371976184,0.00017583205020567063,0.9476565699895791,0.7,one_minus_s_power,951,True,4634.0,4634.0,256,1000000
10000,0.7,0.1,0.00016194730306966316,0.9210340371976184,0.00017583205020567063,0.9476565699895791,0.7,one_minus_s_power,952,True,65649.0,65649.0,256,1000000
10000,0.7,0.1,0.00016194730306966316,0.9210340371976184,0.00017583205020567063,0.9476565699895791,0.7,one_minus_s_power,953,True,49994.0,49994.0,256,1000000
10000,0.7,0.1,0.00016194730306966316,0.9210340371976184,0.00017583205020567063,0.9476565699895791,0.7,one_minus_s_power,954,True,23958.0,23958.0,256,1000000
10000,0.7,0.1,0.00016194730306966316,0.9210340371976184,0.00017583205020567063,0.9476565699895791,0.7,one_minus_s_power,955,True,9455.0,9455.0,256,1000000
10000,0.7,0.1,0.00016194730306966316,0.9210340371976184,0.00017583205020567063,0.9476565699895791,0.7,one_minus_s_power,956,True,11642.0,11642.0,256,1000000
10000,0.7,0.1,0.00016194730306966316,0.9210340371976184,0.00017583205020567063,0.9476565699895791,0.7,one_minus_s_power,957,True,5461.0,5461.0,256,1000000
10000,0.7,0.1,0.00016194730306966316,0.9210340371976184,0.00017583205020567063,0.9476565699895791,0.7,one_minus_s_power,958,True,21708.0,21708.0,256,1000000
10000,0.7,0.1,0.00016194730306966316,0.9210340371976184,0.00017583205020567063,0.9476565699895791,0.7,one_minus_s_power,959,True,14500.0,14500.0,256,1000000
10000,0.7,0.1,0.00016194730306966316,0.9210340371976184,0.00017583205020567063,0.9476565699895791,0.7,one_minus_s_power,960,True,4179.0,4179.0,256,1000000
10000,0.7,0.1,0.00016194730306966316,0.9210340371976184,0.00017583205020567063,0.9476565699895791,0.7,one_minus_s_power,961,True,25445.0,25445.0,256,1000000
10000,0.7,0.1,0.00016194730306966316,0.9210340371976184,0.00017583205020567063,0.9476565699895791,0.7,one_minus_s_power,962,True,16110.0,16110.0,256,1000000
10000,0.7,0.1,0.00016194730306966316,0.9210340371976184,0.00017583205020567063,0.9476565699895791,0.7,one_minus_s_power,963,True,53355.0,53355.0,256,1000000
10000,0.7,0.1,0.00016194730306966316,0.9210340371976184,0.00017583205020567063,0.9476565699895791,0.7,one_minus_s_power,964,True,46393.0,46393.0,256,1000000
10000,0.7,0.1,0.00016194730306966316,0.9210340371976184,0.00017583205020567063,0.9476565699895791,0.7,one_minus_s_power,965,True,29684.0,29684.0,256,1000000
10000,0.7,0.1,0.00016194730306966316,0.9210340371976184,0.00017583205020567063,0.9476565699895791,0.7,one_minus_s_power,966,True,27652.0,27652.0,256,1000000
10000,0.7,0.1,0.00016194730306966316,0.9210340371976184,0.00017583205020567063,0.9476565699895791,0.7,one_minus_s_power,967,True,25532.0,25532.0,256,1000000
10000,0.7,0.1,0.00016194730306966316,0.9210340371976184,0.00017583205020567063,0.9476565699895791,0.7,one_minus_s_power,968,True,13519.0,13519.0,256,1000000
10000,0.7,0.1,0.00016194730306966316,0.9210340371976184,0.00017583205020567063,0.9476565699895791,0.7,one_minus_s_power,969,True,8734.0,8734.0,256,1000000
10000,0.7,0.1,0.00016194730306966316,0.9210340371976184,0.00017583205020567063,0.9476565699895791,0.7,one_minus_s_power,970,True,21813.0,21813.0,256,1000000
10000,0.7,0.1,0.00016194730306966316,0.9210340371976184,0.00017583205020567063,0.9476565699895791,0.7,one_minus_s_power,971,True,4890.0,4890.0,256,1000000
10000,0.7,0.1,0.00016194730306966316,0.9210340371976184,0.00017583205020567063,0.9476565699895791,0.7,one_minus_s_power,972,True,58968.0,58968.0,256,1000000
10000,0.7,0.1,0.00016194730306966316,0.9210340371976184,0.00017583205020567063,0.9476565699895791,0.7,one_minus_s_power,973,True,18343.0,18343.0,256,1000000
10000,0.7,0.1,0.00016194730306966316,0.9210340371976184,0.00017583205020567063,0.9476565699895791,0.7,one_minus_s_power,974,True,61863.0,61863.0,256,1000000
10000,0.7,0.1,0.00016194730306966316,0.9210340371976184,0.00017583205020567063,0.9476565699895791,0.7,one_minus_s_power,975,True,6009.0,6009.0,256,1000000
10000,0.7,0.1,0.00016194730306966316,0.9210340371976184,0.00017583205020567063,0.9476565699895791,0.7,one_minus_s_power,976,True,5609.0,5609.0,256,1000000
10000,0.7,0.1,0.00016194730306966316,0.9210340371976184,0.00017583205020567063,0.9476565699895791,0.7,one_minus_s_power,977,True,45285.0,45285.0,256,1000000
10000,0.7,0.1,0.00016194730306966316,0.9210340371976184,0.00017583205020567063,0.9476565699895791,0.7,one_minus_s_power,978,True,7230.0,7230.0,256,1000000
10000,0.7,0.1,0.00016194730306966316,0.9210340371976184,0.00017583205020567063,0.9476565699895791,0.7,one_minus_s_power,979,True,55819.0,55819.0,256,1000000
10000,0.7,0.1,0.00016194730306966316,0.9210340371976184,0.00017583205020567063,0.9476565699895791,0.7,one_minus_s_power,980,True,13979.0,13979.0,256,1000000
10000,0.7,0.1,0.00016194730306966316,0.9210340371976184,0.00017583205020567063,0.9476565699895791,0.7,one_minus_s_power,981,True,5739.0,5739.0,256,1000000
10000,0.7,0.1,0.00016194730306966316,0.9210340371976184,0.00017583205020567063,0.9476565699895791,0.7,one_minus_s_power,982,True,10771.0,10771.0,256,1000000
10000,0.7,0.1,0.00016194730306966316,0.9210340371976184,0.00017583205020567063,0.9476565699895791,0.7,one_minus_s_power,983,True,17027.0,17027.0,256,1000000
10000,0.7,0.1,0.00016194730306966316,0.9210340371976184,0.00017583205020567063,0.9476565699895791,0.7,one_minus_s_power,984,True,24233.0,24233.0,256,1000000
10000,0.7,0.1,0.00016194730306966316,0.9210340371976184,0.00017583205020567063,0.9476565699895791,0.7,one_minus_s_power,985,True,6371.0,6371.0,256,1000000
10000,0.7,0.1,0.00016194730306966316,0.9210340371976184,0.00017583205020567063,0.9476565699895791,0.7,one_minus_s_power,986,True,11171.0,11171.0,256,1000000
10000,0.7,0.1,0.00016194730306966316,0.9210340371976184,0.00017583205020567063,0.9476565699895791,0.7,one_minus_s_power,987,True,5894.0,5894.0,256,1000000
10000,0.7,0.1,0.00016194730306966316,0.9210340371976184,0.00017583205020567063,0.9476565699895791,0.7,one_minus_s_power,988,True,9268.0,9268.0,256,1000000
10000,0.7,0.1,0.00016194730306966316,0.9210340371976184,0.00017583205020567063,0.9476565699895791,0.7,one_minus_s_power,989,True,6616.0,6616.0,256,1000000
10000,0.7,0.1,0.00016194730306966316,0.9210340371976184,0.00017583205020567063,0.9476565699895791,0.7,one_minus_s_power,990,True,13396.0,13396.0,256,1000000
10000,0.7,0.1,0.00016194730306966316,0.9210340371976184,0.00017583205020567063,0.9476565699895791,0.7,one_minus_s_power,991,True,7333.0,7333.0,256,1000000
10000,0.7,0.1,0.00016194730306966316,0.9210340371976184,0.00017583205020567063,0.9476565699895791,0.7,one_minus_s_power,992,True,17462.0,17462.0,256,1000000
10000,0.7,0.1,0.00016194730306966316,0.9210340371976184,0.00017583205020567063,0.9476565699895791,0.7,one_minus_s_power,993,True,7836.0,7836.0,256,1000000
10000,0.7,0.1,0.00016194730306966316,0.9210340371976184,0.00017583205020567063,0.9476565699895791,0.7,one_minus_s_power,994,True,59133.0,59133.0,256,1000000
10000,0.7,0.1,0.00016194730306966316,0.9210340371976184,0.00017583205020567063,0.9476565699895791,0.7,one_minus_s_power,995,True,14024.0,14024.0,256,1000000
10000,0.7,0.1,0.00016194730306966316,0.9210340371976184,0.00017583205020567063,0.9476565699895791,0.7,one_minus_s_power,996,True,52851.0,52851.0,256,1000000
10000,0.7,0.1,0.00016194730306966316,0.9210340371976184,0.00017583205020567063,0.9476565699895791,0.7,one_minus_s_power,997,True,30575.0,30575.0,256,1000000
10000,0.7,0.1,0.00016194730306966316,0.9210340371976184,0.00017583205020567063,0.9476565699895791,0.7,one_minus_s_power,998,True,56293.0,56293.0,256,1000000
10000,0.7,0.1,0.00016194730306966316,0.9210340371976184,0.00017583205020567063,0.9476565699895791,0.7,one_minus_s_power,999,True,19682.0,19682.0,256,1000000
