N,psi,delta,u,u_div_s,s,effective_beta,psi_check,selection_mode,path_index,hit_x0_zero,t_0,first_loss_time,num_classes,T_MAX
10000,2.0,0.3,0.008758443453476887,2.763102111592855,0.0031697863849222273,0.5143932673972327,2.0,one_minus_s_power,0,True,4352.0,4352.0,256,1000000
10000,2.0,0.3,0.008758443453476887,2.763102111592855,0.0031697863849222273,0.5143932673972327,2.0,one_minus_s_power,1,True,2733.0,2733.0,256,1000000
10000,2.0,0.3,0.008758443453476887,2.763102111592855,0.0031697863849222273,0.5143932673972327,2.0,one_minus_s_power,2,True,2734.0,2734.0,256,1000000
10000,2.0,0.3,0.008758443453476887,2.763102111592855,0.0031697863849222273,0.5143932673972327,2.0,one_minus_s_power,3,True,7037.0,7037.0,256,1000000
10000,2.0,0.3,0.008758443453476887,2.763102111592855,0.0031697863849222273,0.5143932673972327,2.0,one_minus_s_power,4,True,4353.0,4353.0,256,1000000
10000,2.0,0.3,0.008758443453476887,2.763102111592855,0.0031697863849222273,0.5143932673972327,2.0,one_minus_s_power,5,True,943.0,943.0,256,1000000
10000,2.0,0.3,0.008758443453476887,2.763102111592855,0.0031697863849222273,0.5143932673972327,2.0,one_minus_s_power,6,True,976.0,976.0,256,1000000
10000,2.0,0.3,0.008758443453476887,2.763102111592855,0.0031697863849222273,0.5143932673972327,2.0,one_minus_s_power,7,True,1921.0,1921.0,256,1000000
10000,2.0,0.3,0.008758443453476887,2.763102111592855,0.0031697863849222273,0.5143932673972327,2.0,one_minus_s_power,8,True,1901.0,1901.0,256,1000000
10000,2.0,0.3,0.008758443453476887,2.763102111592855,0.0031697863849222273,0.5143932673972327,2.0,one_minus_s_power,9,True,536.0,536.0,256,1000000
10000,2.0,0.3,0.008758443453476887,2.763102111592855,0.0031697863849222273,0.5143932673972327,2.0,one_minus_s_power,10,True,1236.0,1236.0,256,1000000
10000,2.0,0.3,0.008758443453476887,2.763102111592855,0.0031697863849222273,0.5143932673972327,2.0,one_minus_s_power,11,True,14087.0,14087.0,256,1000000
10000,2.0,0.3,0.008758443453476887,2.763102111592855,0.0031697863849222273,0.5143932673972327,2.0,one_minus_s_power,12,True,1250.0,1250.0,256,1000000
10000,2.0,0.3,0.008758443453476887,2.763102111592855,0.0031697863849222273,0.5143932673972327,2.0,one_minus_s_power,13,True,974.0,974.0,256,1000000
10000,2.0,0.3,0.008758443453476887,2.763102111592855,0.0031697863849222273,0.5143932673972327,2.0,one_minus_s_power,14,True,762.0,762.0,256,1000000
10000,2.0,0.3,0.008758443453476887,2.763102111592855,0.0031697863849222273,0.5143932673972327,2.0,one_minus_s_power,15,True,596.0,596.0,256,1000000
10000,2.0,0.3,0.008758443453476887,2.763102111592855,0.0031697863849222273,0.5143932673972327,2.0,one_minus_s_power,16,True,3931.0,3931.0,256,1000000
10000,2.0,0.3,0.008758443453476887,2.763102111592855,0.0031697863849222273,0.5143932673972327,2.0,one_minus_s_power,17,True,2132.0,2132.0,256,1000000
10000,2.0,0.3,0.008758443453476887,2.763102111592855,0.0031697863849222273,0.5143932673972327,2.0,one_minus_s_power,18,True,2498.0,2498.0,256,1000000
10000,2.0,0.3,0.008758443453476887,2.763102111592855,0.0031697863849222273,0.5143932673972327,2.0,one_minus_s_power,19,True,11462.0,11462.0,256,1000000
10000,2.0,0.3,0.008758443453476887,2.763102111592855,0.0031697863849222273,0.5143932673972327,2.0,one_minus_s_power,20,True,9742.0,9742.0,256,1000000
10000,2.0,0.3,0.008758443453476887,2.763102111592855,0.0031697863849222273,0.5143932673972327,2.0,one_minus_s_power,21,True,688.0,688.0,256,1000000
10000,2.0,0.3,0.008758443453476887,2.763102111592855,0.0031697863849222273,0.5143932673972327,2.0,one_minus_s_power,22,True,1335.0,1335.0,256,1000000
10000,2.0,0.3,0.008758443453476887,2.763102111592855,0.0031697863849222273,0.5143932673972327,2.0,one_minus_s_power,23,True,9805.0,9805.0,256,1000000
10000,2.0,0.3,0.008758443453476887,2.763102111592855,0.0031697863849222273,0.5143932673972327,2.0,one_minus_s_power,24,True,1155.0,1155.0,256,1000000
10000,2.0,0.3,0.008758443453476887,2.763102111592855,0.0031697863849222273,0.5143932673972327,2.0,one_minus_s_power,25,True,12688.0,12688.0,256,1000000
10000,2.0,0.3,0.008758443453476887,2.763102111592855,0.0031697863849222273,0.5143932673972327,2.0,one_minus_s_power,26,True,1310.0,1310.0,256,1000000
10000,2.0,0.3,0.008758443453476887,2.763102111592855,0.0031697863849222273,0.5143932673972327,2.0,one_minus_s_power,27,True,1169.0,1169.0,256,1000000
10000,2.0,0.3,0.008758443453476887,2.763102111592855,0.0031697863849222273,0.5143932673972327,2.0,one_minus_s_power,28,True,3728.0,3728.0,256,1000000
10000,2.0,0.3,0.008758443453476887,2.763102111592855,0.0031697863849222273,0.5143932673972327,2.0,one_minus_s_power,29,True,2872.0,2872.0,256,1000000
10000,2.0,0.3,0.008758443453476887,2.763102111592855,0.0031697863849222273,0.5143932673972327,2.0,one_minus_s_power,30,True,6357.0,6357.0,256,1000000
10000,2.0,0.3,0.008758443453476887,2.763102111592855,0.0031697863849222273,0.5143932673972327,2.0,one_minus_s_power,31,True,1304.0,1304.0,256,1000000
10000,2.0,0.3,0.008758443453476887,2.763102111592855,0.0031697863849222273,0.5143932673972327,2.0,one_minus_s_power,32,True,490.0,490.0,256,1000000
10000,2.0,0.3,0.008758443453476887,2.763102111592855,0.0031697863849222273,0.5143932673972327,2.0,one_minus_s_power,33,True,3505.0,3505.0,256,1000000
10000,2.0,0.3,0.008758443453476887,2.763102111592855,0.0031697863849222273,0.5143932673972327,2.0,one_minus_s_power,34,True,1124.0,1124.0,256,1000000
10000,2.0,0.3,0.008758443453476887,2.763102111592855,0.0031697863849222273,0.5143932673972327,2.0,one_minus_s_power,35,True,760.0,760.0,256,1000000
10000,2.0,0.3,0.008758443453476887,2.763102111592855,0.0031697863849222273,0.5143932673972327,2.0,one_minus_s_power,36,True,7522.0,7522.0,256,1000000
10000,2.0,0.3,0.008758443453476887,2.763102111592855,0.0031697863849222273,0.5143932673972327,2.0,one_minus_s_power,37,True,3581.0,3581.0,256,1000000
10000,2.0,0.3,0.008758443453476887,2.763102111592855,0.0031697863849222273,0.5143932673972327,2.0,one_minus_s_power,38,True,4500.0,4500.0,256,1000000
10000,2.0,0.3,0.008758443453476887,2.763102111592855,0.0031697863849222273,0.5143932673972327,2.0,one_minus_s_power,39,True,2918.0,2918.0,256,1000000
10000,2.0,0.3,0.008758443453476887,2.763102111592855,0.0031697863849222273,0.5143932673972327,2.0,one_minus_s_power,40,True,4291.0,4291.0,256,1000000
10000,2.0,0.3,0.008758443453476887,2.763102111592855,0.0031697863849222273,0.5143932673972327,2.0,one_minus_s_power,41,True,689.0,689.0,256,1000000
10000,2.0,0.3,0.008758443453476887,2.763102111592855,0.0031697863849222273,0.5143932673972327,2.0,one_minus_s_power,42,True,3253.0,3253.0,256,1000000
10000,2.0,0.3,0.008758443453476887,2.763102111592855,0.0031697863849222273,0.5143932673972327,2.0,one_minus_s_power,43,True,1568.0,1568.0,256,1000000
10000,2.0,0.3,0.008758443453476887,2.763102111592855,0.0031697863849222273,0.5143932673972327,2.0,one_minus_s_power,44,True,2184.0,2184.0,256,1000000
10000,2.0,0.3,0.008758443453476887,2.763102111592855,0.0031697863849222273,0.5143932673972327,2.0,one_minus_s_power,45,True,1898.0,1898.0,256,1000000
10000,2.0,0.3,0.008758443453476887,2.763102111592855,0.0031697863849222273,0.5143932673972327,2.0,one_minus_s_power,46,True,1646.0,1646.0,256,1000000
10000,2.0,0.3,0.008758443453476887,2.763102111592855,0.0031697863849222273,0.5143932673972327,2.0,one_minus_s_power,47,True,4164.0,4164.0,256,1000000
10000,2.0,0.3,0.008758443453476887,2.763102111592855,0.0031697863849222273,0.5143932673972327,2.0,one_minus_s_power,48,True,1858.0,1858.0,256,1000000
10000,2.0,0.3,0.008758443453476887,2.763102111592855,0.0031697863849222273,0.5143932673972327,2.0,one_minus_s_power,49,True,1137.0,1137.0,256,1000000
10000,2.0,0.3,0.008758443453476887,2.763102111592855,0.0031697863849222273,0.5143932673972327,2.0,one_minus_s_power,50,True,3289.0,3289.0,256,1000000
10000,2.0,0.3,0.008758443453476887,2.763102111592855,0.0031697863849222273,0.5143932673972327,2.0,one_minus_s_power,51,True,1532.0,1532.0,256,1000000
10000,2.0,0.3,0.008758443453476887,2.763102111592855,0.0031697863849222273,0.5143932673972327,2.0,one_minus_s_power,52,True,1508.0,1508.0,256,1000000
10000,2.0,0.3,0.008758443453476887,2.763102111592855,0.0031697863849222273,0.5143932673972327,2.0,one_minus_s_power,53,True,8537.0,8537.0,256,1000000
10000,2.0,0.3,0.008758443453476887,2.763102111592855,0.0031697863849222273,0.5143932673972327,2.0,one_minus_s_power,54,True,626.0,626.0,256,1000000
10000,2.0,0.3,0.008758443453476887,2.763102111592855,0.0031697863849222273,0.5143932673972327,2.0,one_minus_s_power,55,True,1000.0,1000.0,256,1000000
10000,2.0,0.3,0.008758443453476887,2.763102111592855,0.0031697863849222273,0.5143932673972327,2.0,one_minus_s_power,56,True,8808.0,8808.0,256,1000000
10000,2.0,0.3,0.008758443453476887,2.763102111592855,0.0031697863849222273,0.5143932673972327,2.0,one_minus_s_power,57,True,7222.0,7222.0,256,1000000
10000,2.0,0.3,0.008758443453476887,2.763102111592855,0.0031697863849222273,0.5143932673972327,2.0,one_minus_s_power,58,True,2834.0,2834.0,256,1000000
10000,2.0,0.3,0.008758443453476887,2.763102111592855,0.0031697863849222273,0.5143932673972327,2.0,one_minus_s_power,59,True,1716.0,1716.0,256,1000000
10000,2.0,0.3,0.008758443453476887,2.763102111592855,0.0031697863849222273,0.5143932673972327,2.0,one_minus_s_power,60,True,401.0,401.0,256,1000000
10000,2.0,0.3,0.008758443453476887,2.763102111592855,0.0031697863849222273,0.5143932673972327,2.0,one_minus_s_power,61,True,2106.0,2106.0,256,1000000
10000,2.0,0.3,0.008758443453476887,2.763102111592855,0.0031697863849222273,0.5143932673972327,2.0,one_minus_s_power,62,True,12440.0,12440.0,256,1000000
10000,2.0,0.3,0.008758443453476887,2.763102111592855,0.0031697863849222273,0.5143932673972327,2.0,one_minus_s_power,63,True,1559.0,1559.0,256,1000000
10000,2.0,0.3,0.008758443453476887,2.763102111592855,0.0031697863849222273,0.5143932673972327,2.0,one_minus_s_power,64,True,794.0,794.0,256,1000000
10000,2.0,0.3,0.008758443453476887,2.763102111592855,0.0031697863849222273,0.5143932673972327,2.0,one_minus_s_power,65,True,1169.0,1169.0,256,1000000
10000,2.0,0.3,0.008758443453476887,2.763102111592855,0.0031697863849222273,0.5143932673972327,2.0,one_minus_s_power,66,True,5663.0,5663.0,256,1000000
10000,2.0,0.3,0.008758443453476887,2.763102111592855,0.0031697863849222273,0.5143932673972327,2.0,one_minus_s_power,67,True,7256.0,7256.0,256,1000000
10000,2.0,0.3,0.008758443453476887,2.763102111592855,0.0031697863849222273,0.5143932673972327,2.0,one_minus_s_power,68,True,2196.0,2196.0,256,1000000
10000,2.0,0.3,0.008758443453476887,2.763102111592855,0.0031697863849222273,0.5143932673972327,2.0,one_minus_s_power,69,True,1245.0,1245.0,256,1000000
10000,2.0,0.3,0.008758443453476887,2.763102111592855,0.0031697863849222273,0.5143932673972327,2.0,one_minus_s_power,70,True,584.0,584.0,256,1000000
10000,2.0,0.3,0.008758443453476887,2.763102111592855,0.0031697863849222273,0.5143932673972327,2.0,one_minus_s_power,71,True,644.0,644.0,256,1000000
10000,2.0,0.3,0.008758443453476887,2.763102111592855,0.0031697863849222273,0.5143932673972327,2.0,one_minus_s_power,72,True,2017.0,2017.0,256,1000000
10000,2.0,0.3,0.008758443453476887,2.763102111592855,0.0031697863849222273,0.5143932673972327,2.0,one_minus_s_power,73,True,528.0,528.0,256,1000000
10000,2.0,0.3,0.008758443453476887,2.763102111592855,0.0031697863849222273,0.5143932673972327,2.0,one_minus_s_power,74,True,1272.0,1272.0,256,1000000
10000,2.0,0.3,0.008758443453476887,2.763102111592855,0.0031697863849222273,0.5143932673972327,2.0,one_minus_s_power,75,True,932.0,932.0,256,1000000
10000,2.0,0.3,0.008758443453476887,2.763102111592855,0.0031697863849222273,0.5143932673972327,2.0,one_minus_s_power,76,True,1401.0,1401.0,256,1000000
10000,2.0,0.3,0.008758443453476887,2.763102111592855,0.0031697863849222273,0.5143932673972327,2.0,one_minus_s_power,77,True,3860.0,3860.0,256,1000000
10000,2.0,0.3,0.008758443453476887,2.763102111592855,0.0031697863849222273,0.5143932673972327,2.0,one_minus_s_power,78,True,335.0,335.0,256,1000000
10000,2.0,0.3,0.008758443453476887,2.763102111592855,0.0031697863849222273,0.5143932673972327,2.0,one_minus_s_power,79,True,3514.0,3514.0,256,1000000
10000,2.0,0.3,0.008758443453476887,2.763102111592855,0.0031697863849222273,0.5143932673972327,2.0,one_minus_s_power,80,True,7095.0,7095.0,256,1000000
10000,2.0,0.3,0.008758443453476887,2.763102111592855,0.0031697863849222273,0.5143932673972327,2.0,one_minus_s_power,81,True,2230.0,2230.0,256,1000000
10000,2.0,0.3,0.008758443453476887,2.763102111592855,0.0031697863849222273,0.5143932673972327,2.0,one_minus_s_power,82,True,4145.0,4145.0,256,1000000
10000,2.0,0.3,0.008758443453476887,2.763102111592855,0.0031697863849222273,0.5143932673972327,2.0,one_minus_s_power,83,True,1052.0,1052.0,256,1000000
10000,2.0,0.3,0.008758443453476887,2.763102111592855,0.0031697863849222273,0.5143932673972327,2.0,one_minus_s_power,84,True,2522.0,2522.0,256,1000000
10000,2.0,0.3,0.008758443453476887,2.763102111592855,0.0031697863849222273,0.5143932673972327,2.0,one_minus_s_power,85,True,239.0,239.0,256,1000000
10000,2.0,0.3,0.008758443453476887,2.763102111592855,0.0031697863849222273,0.5143932673972327,2.0,one_minus_s_power,86,True,1396.0,1396.0,256,1000000
10000,2.0,0.3,0.008758443453476887,2.763102111592855,0.0031697863849222273,0.5143932673972327,2.0,one_minus_s_power,87,True,2522.0,2522.0,256,1000000
10000,2.0,0.3,0.008758443453476887,2.763102111592855,0.0031697863849222273,0.5143932673972327,2.0,one_minus_s_power,88,True,2728.0,2728.0,256,1000000
10000,2.0,0.3,0.008758443453476887,2.763102111592855,0.0031697863849222273,0.5143932673972327,2.0,one_minus_s_power,89,True,851.0,851.0,256,1000000
10000,2.0,0.3,0.008758443453476887,2.763102111592855,0.0031697863849222273,0.5143932673972327,2.0,one_minus_s_power,90,True,3283.0,3283.0,256,1000000
10000,2.0,0.3,0.008758443453476887,2.763102111592855,0.0031697863849222273,0.5143932673972327,2.0,one_minus_s_power,91,True,3294.0,3294.0,256,1000000
10000,2.0,0.3,0.008758443453476887,2.763102111592855,0.0031697863849222273,0.5143932673972327,2.0,one_minus_s_power,92,True,531.0,531.0,256,1000000
10000,2.0,0.3,0.008758443453476887,2.763102111592855,0.0031697863849222273,0.5143932673972327,2.0,one_minus_s_power,93,True,1341.0,1341.0,256,1000000
10000,2.0,0.3,0.008758443453476887,2.763102111592855,0.0031697863849222273,0.5143932673972327,2.0,one_minus_s_power,94,True,3643.0,3643.0,256,1000000
10000,2.0,0.3,0.008758443453476887,2.763102111592855,0.0031697863849222273,0.5143932673972327,2.0,one_minus_s_power,95,True,816.0,816.0,256,1000000
10000,2.0,0.3,0.008758443453476887,2.763102111592855,0.0031697863849222273,0.5143932673972327,2.0,one_minus_s_power,96,True,3534.0,3534.0,256,1000000
10000,2.0,0.3,0.008758443453476887,2.763102111592855,0.0031697863849222273,0.5143932673972327,2.0,one_minus_s_power,97,True,1784.0,1784.0,256,1000000
10000,2.0,0.3,0.008758443453476887,2.763102111592855,0.0031697863849222273,0.5143932673972327,2.0,one_minus_s_power,98,True,902.0,902.0,256,1000000
10000,2.0,0.3,0.008758443453476887,2.763102111592855,0.0031697863849222273,0.5143932673972327,2.0,one_minus_s_power,99,True,4200.0,4200.0,256,1000000
10000,2.0,0.3,0.008758443453476887,2.763102111592855,0.0031697863849222273,0.5143932673972327,2.0,one_minus_s_power,100,True,945.0,945.0,256,1000000
10000,2.0,0.3,0.008758443453476887,2.763102111592855,0.0031697863849222273,0.5143932673972327,2.0,one_minus_s_power,101,True,1062.0,1062.0,256,1000000
10000,2.0,0.3,0.008758443453476887,2.763102111592855,0.0031697863849222273,0.5143932673972327,2.0,one_minus_s_power,102,True,1199.0,1199.0,256,1000000
10000,2.0,0.3,0.008758443453476887,2.763102111592855,0.0031697863849222273,0.5143932673972327,2.0,one_minus_s_power,103,True,8122.0,8122.0,256,1000000
10000,2.0,0.3,0.008758443453476887,2.763102111592855,0.0031697863849222273,0.5143932673972327,2.0,one_minus_s_power,104,True,6177.0,6177.0,256,1000000
10000,2.0,0.3,0.008758443453476887,2.763102111592855,0.0031697863849222273,0.5143932673972327,2.0,one_minus_s_power,105,True,473.0,473.0,256,1000000
10000,2.0,0.3,0.008758443453476887,2.763102111592855,0.0031697863849222273,0.5143932673972327,2.0,one_minus_s_power,106,True,796.0,796.0,256,1000000
10000,2.0,0.3,0.008758443453476887,2.763102111592855,0.0031697863849222273,0.5143932673972327,2.0,one_minus_s_power,107,True,3075.0,3075.0,256,1000000
10000,2.0,0.3,0.008758443453476887,2.763102111592855,0.0031697863849222273,0.5143932673972327,2.0,one_minus_s_power,108,True,319.0,319.0,256,1000000
10000,2.0,0.3,0.008758443453476887,2.763102111592855,0.0031697863849222273,0.5143932673972327,2.0,one_minus_s_power,109,True,3774.0,3774.0,256,1000000
10000,2.0,0.3,0.008758443453476887,2.763102111592855,0.0031697863849222273,0.5143932673972327,2.0,one_minus_s_power,110,True,945.0,945.0,256,1000000
10000,2.0,0.3,0.008758443453476887,2.763102111592855,0.0031697863849222273,0.5143932673972327,2.0,one_minus_s_power,111,True,1322.0,1322.0,256,1000000
10000,2.0,0.3,0.008758443453476887,2.763102111592855,0.0031697863849222273,0.5143932673972327,2.0,one_minus_s_power,112,True,3116.0,3116.0,256,1000000
10000,2.0,0.3,0.008758443453476887,2.763102111592855,0.0031697863849222273,0.5143932673972327,2.0,one_minus_s_power,113,True,9310.0,9310.0,256,1000000
10000,2.0,0.3,0.008758443453476887,2.763102111592855,0.0031697863849222273,0.5143932673972327,2.0,one_minus_s_power,114,True,3478.0,3478.0,256,1000000
10000,2.0,0.3,0.008758443453476887,2.763102111592855,0.0031697863849222273,0.5143932673972327,2.0,one_minus_s_power,115,True,2148.0,2148.0,256,1000000
10000,2.0,0.3,0.008758443453476887,2.763102111592855,0.0031697863849222273,0.5143932673972327,2.0,one_minus_s_power,116,True,1920.0,1920.0,256,1000000
10000,2.0,0.3,0.008758443453476887,2.763102111592855,0.0031697863849222273,0.5143932673972327,2.0,one_minus_s_power,117,True,2848.0,2848.0,256,1000000
10000,2.0,0.3,0.008758443453476887,2.763102111592855,0.0031697863849222273,0.5143932673972327,2.0,one_minus_s_power,118,True,1427.0,1427.0,256,1000000
10000,2.0,0.3,0.008758443453476887,2.763102111592855,0.0031697863849222273,0.5143932673972327,2.0,one_minus_s_power,119,True,450.0,450.0,256,1000000
10000,2.0,0.3,0.008758443453476887,2.763102111592855,0.0031697863849222273,0.5143932673972327,2.0,one_minus_s_power,120,True,2705.0,2705.0,256,1000000
10000,2.0,0.3,0.008758443453476887,2.763102111592855,0.0031697863849222273,0.5143932673972327,2.0,one_minus_s_power,121,True,270.0,270.0,256,1000000
10000,2.0,0.3,0.008758443453476887,2.763102111592855,0.0031697863849222273,0.5143932673972327,2.0,one_minus_s_power,122,True,3993.0,3993.0,256,1000000
10000,2.0,0.3,0.008758443453476887,2.763102111592855,0.0031697863849222273,0.5143932673972327,2.0,one_minus_s_power,123,True,741.0,741.0,256,1000000
10000,2.0,0.3,0.008758443453476887,2.763102111592855,0.0031697863849222273,0.5143932673972327,2.0,one_minus_s_power,124,True,1087.0,1087.0,256,1000000
10000,2.0,0.3,0.008758443453476887,2.763102111592855,0.0031697863849222273,0.5143932673972327,2.0,one_minus_s_power,125,True,6210.0,6210.0,256,1000000
10000,2.0,0.3,0.008758443453476887,2.763102111592855,0.0031697863849222273,0.5143932673972327,2.0,one_minus_s_power,126,True,1063.0,1063.0,256,1000000
10000,2.0,0.3,0.008758443453476887,2.763102111592855,0.0031697863849222273,0.5143932673972327,2.0,one_minus_s_power,127,True,3306.0,3306.0,256,1000000
10000,2.0,0.3,0.008758443453476887,2.763102111592855,0.0031697863849222273,0.5143932673972327,2.0,one_minus_s_power,128,True,5341.0,5341.0,256,1000000
10000,2.0,0.3,0.008758443453476887,2.763102111592855,0.0031697863849222273,0.5143932673972327,2.0,one_minus_s_power,129,True,1575.0,1575.0,256,1000000
10000,2.0,0.3,0.008758443453476887,2.763102111592855,0.0031697863849222273,0.5143932673972327,2.0,one_minus_s_power,130,True,7125.0,7125.0,256,1000000
10000,2.0,0.3,0.008758443453476887,2.763102111592855,0.0031697863849222273,0.5143932673972327,2.0,one_minus_s_power,131,True,1053.0,1053.0,256,1000000
10000,2.0,0.3,0.008758443453476887,2.763102111592855,0.0031697863849222273,0.5143932673972327,2.0,one_minus_s_power,132,True,11190.0,11190.0,256,1000000
10000,2.0,0.3,0.008758443453476887,2.763102111592855,0.0031697863849222273,0.5143932673972327,2.0,one_minus_s_power,133,True,2319.0,2319.0,256,1000000
10000,2.0,0.3,0.008758443453476887,2.763102111592855,0.0031697863849222273,0.5143932673972327,2.0,one_minus_s_power,134,True,1420.0,1420.0,256,1000000
10000,2.0,0.3,0.008758443453476887,2.763102111592855,0.0031697863849222273,0.5143932673972327,2.0,one_minus_s_power,135,True,1830.0,1830.0,256,1000000
10000,2.0,0.3,0.008758443453476887,2.763102111592855,0.0031697863849222273,0.5143932673972327,2.0,one_minus_s_power,136,True,4184.0,4184.0,256,1000000
10000,2.0,0.3,0.008758443453476887,2.763102111592855,0.0031697863849222273,0.5143932673972327,2.0,one_minus_s_power,137,True,1840.0,1840.0,256,1000000
10000,2.0,0.3,0.008758443453476887,2.763102111592855,0.0031697863849222273,0.5143932673972327,2.0,one_minus_s_power,138,True,5873.0,5873.0,256,1000000
10000,2.0,0.3,0.008758443453476887,2.763102111592855,0.0031697863849222273,0.5143932673972327,2.0,one_minus_s_power,139,True,2167.0,2167.0,256,1000000
10000,2.0,0.3,0.008758443453476887,2.763102111592855,0.0031697863849222273,0.5143932673972327,2.0,one_minus_s_power,140,True,6019.0,6019.0,256,1000000
10000,2.0,0.3,0.008758443453476887,2.763102111592855,0.0031697863849222273,0.5143932673972327,2.0,one_minus_s_power,141,True,2064.0,2064.0,256,1000000
10000,2.0,0.3,0.008758443453476887,2.763102111592855,0.0031697863849222273,0.5143932673972327,2.0,one_minus_s_power,142,True,881.0,881.0,256,1000000
10000,2.0,0.3,0.008758443453476887,2.763102111592855,0.0031697863849222273,0.5143932673972327,2.0,one_minus_s_power,143,True,870.0,870.0,256,1000000
10000,2.0,0.3,0.008758443453476887,2.763102111592855,0.0031697863849222273,0.5143932673972327,2.0,one_minus_s_power,144,True,582.0,582.0,256,1000000
10000,2.0,0.3,0.008758443453476887,2.763102111592855,0.0031697863849222273,0.5143932673972327,2.0,one_minus_s_power,145,True,549.0,549.0,256,1000000
10000,2.0,0.3,0.008758443453476887,2.763102111592855,0.0031697863849222273,0.5143932673972327,2.0,one_minus_s_power,146,True,2338.0,2338.0,256,1000000
10000,2.0,0.3,0.008758443453476887,2.763102111592855,0.0031697863849222273,0.5143932673972327,2.0,one_minus_s_power,147,True,1488.0,1488.0,256,1000000
10000,2.0,0.3,0.008758443453476887,2.763102111592855,0.0031697863849222273,0.5143932673972327,2.0,one_minus_s_power,148,True,1352.0,1352.0,256,1000000
10000,2.0,0.3,0.008758443453476887,2.763102111592855,0.0031697863849222273,0.5143932673972327,2.0,one_minus_s_power,149,True,2260.0,2260.0,256,1000000
10000,2.0,0.3,0.008758443453476887,2.763102111592855,0.0031697863849222273,0.5143932673972327,2.0,one_minus_s_power,150,True,6430.0,6430.0,256,1000000
10000,2.0,0.3,0.008758443453476887,2.763102111592855,0.0031697863849222273,0.5143932673972327,2.0,one_minus_s_power,151,True,11224.0,11224.0,256,1000000
10000,2.0,0.3,0.008758443453476887,2.763102111592855,0.0031697863849222273,0.5143932673972327,2.0,one_minus_s_power,152,True,1290.0,1290.0,256,1000000
10000,2.0,0.3,0.008758443453476887,2.763102111592855,0.0031697863849222273,0.5143932673972327,2.0,one_minus_s_power,153,True,577.0,577.0,256,1000000
10000,2.0,0.3,0.008758443453476887,2.763102111592855,0.0031697863849222273,0.5143932673972327,2.0,one_minus_s_power,154,True,574.0,574.0,256,1000000
10000,2.0,0.3,0.008758443453476887,2.763102111592855,0.0031697863849222273,0.5143932673972327,2.0,one_minus_s_power,155,True,685.0,685.0,256,1000000
10000,2.0,0.3,0.008758443453476887,2.763102111592855,0.0031697863849222273,0.5143932673972327,2.0,one_minus_s_power,156,True,2160.0,2160.0,256,1000000
10000,2.0,0.3,0.008758443453476887,2.763102111592855,0.0031697863849222273,0.5143932673972327,2.0,one_minus_s_power,157,True,1276.0,1276.0,256,1000000
10000,2.0,0.3,0.008758443453476887,2.763102111592855,0.0031697863849222273,0.5143932673972327,2.0,one_minus_s_power,158,True,865.0,865.0,256,1000000
10000,2.0,0.3,0.008758443453476887,2.763102111592855,0.0031697863849222273,0.5143932673972327,2.0,one_minus_s_power,159,True,6771.0,6771.0,256,1000000
10000,2.0,0.3,0.008758443453476887,2.763102111592855,0.0031697863849222273,0.5143932673972327,2.0,one_minus_s_power,160,True,5512.0,5512.0,256,1000000
10000,2.0,0.3,0.008758443453476887,2.763102111592855,0.0031697863849222273,0.5143932673972327,2.0,one_minus_s_power,161,True,5236.0,5236.0,256,1000000
10000,2.0,0.3,0.008758443453476887,2.763102111592855,0.0031697863849222273,0.5143932673972327,2.0,one_minus_s_power,162,True,3164.0,3164.0,256,1000000
10000,2.0,0.3,0.008758443453476887,2.763102111592855,0.0031697863849222273,0.5143932673972327,2.0,one_minus_s_power,163,True,4543.0,4543.0,256,1000000
10000,2.0,0.3,0.008758443453476887,2.763102111592855,0.0031697863849222273,0.5143932673972327,2.0,one_minus_s_power,164,True,282.0,282.0,256,1000000
10000,2.0,0.3,0.008758443453476887,2.763102111592855,0.0031697863849222273,0.5143932673972327,2.0,one_minus_s_power,165,True,755.0,755.0,256,1000000
10000,2.0,0.3,0.008758443453476887,2.763102111592855,0.0031697863849222273,0.5143932673972327,2.0,one_minus_s_power,166,True,3708.0,3708.0,256,1000000
10000,2.0,0.3,0.008758443453476887,2.763102111592855,0.0031697863849222273,0.5143932673972327,2.0,one_minus_s_power,167,True,1903.0,1903.0,256,1000000
10000,2.0,0.3,0.008758443453476887,2.763102111592855,0.0031697863849222273,0.5143932673972327,2.0,one_minus_s_power,168,True,1555.0,1555.0,256,1000000
10000,2.0,0.3,0.008758443453476887,2.763102111592855,0.0031697863849222273,0.5143932673972327,2.0,one_minus_s_power,169,True,1433.0,1433.0,256,1000000
10000,2.0,0.3,0.008758443453476887,2.763102111592855,0.0031697863849222273,0.5143932673972327,2.0,one_minus_s_power,170,True,1075.0,1075.0,256,1000000
10000,2.0,0.3,0.008758443453476887,2.763102111592855,0.0031697863849222273,0.5143932673972327,2.0,one_minus_s_power,171,True,1225.0,1225.0,256,1000000
10000,2.0,0.3,0.008758443453476887,2.763102111592855,0.0031697863849222273,0.5143932673972327,2.0,one_minus_s_power,172,True,2285.0,2285.0,256,1000000
10000,2.0,0.3,0.008758443453476887,2.763102111592855,0.0031697863849222273,0.5143932673972327,2.0,one_minus_s_power,173,True,1920.0,1920.0,256,1000000
10000,2.0,0.3,0.008758443453476887,2.763102111592855,0.0031697863849222273,0.5143932673972327,2.0,one_minus_s_power,174,True,691.0,691.0,256,1000000
10000,2.0,0.3,0.008758443453476887,2.763102111592855,0.0031697863849222273,0.5143932673972327,2.0,one_minus_s_power,175,True,1284.0,1284.0,256,1000000
10000,2.0,0.3,0.008758443453476887,2.763102111592855,0.0031697863849222273,0.5143932673972327,2.0,one_minus_s_power,176,True,6477.0,6477.0,256,1000000
10000,2.0,0.3,0.008758443453476887,2.763102111592855,0.0031697863849222273,0.5143932673972327,2.0,one_minus_s_power,177,True,6648.0,6648.0,256,1000000
10000,2.0,0.3,0.008758443453476887,2.763102111592855,0.0031697863849222273,0.5143932673972327,2.0,one_minus_s_power,178,True,320.0,320.0,256,1000000
10000,2.0,0.3,0.008758443453476887,2.763102111592855,0.0031697863849222273,0.5143932673972327,2.0,one_minus_s_power,179,True,1302.0,1302.0,256,1000000
10000,2.0,0.3,0.008758443453476887,2.763102111592855,0.0031697863849222273,0.5143932673972327,2.0,one_minus_s_power,180,True,998.0,998.0,256,1000000
10000,2.0,0.3,0.008758443453476887,2.763102111592855,0.0031697863849222273,0.5143932673972327,2.0,one_minus_s_power,181,True,687.0,687.0,256,1000000
10000,2.0,0.3,0.008758443453476887,2.763102111592855,0.0031697863849222273,0.5143932673972327,2.0,one_minus_s_power,182,True,1808.0,1808.0,256,1000000
10000,2.0,0.3,0.008758443453476887,2.763102111592855,0.0031697863849222273,0.5143932673972327,2.0,one_minus_s_power,183,True,7558.0,7558.0,256,1000000
10000,2.0,0.3,0.008758443453476887,2.763102111592855,0.0031697863849222273,0.5143932673972327,2.0,one_minus_s_power,184,True,3104.0,3104.0,256,1000000
10000,2.0,0.3,0.008758443453476887,2.763102111592855,0.0031697863849222273,0.5143932673972327,2.0,one_minus_s_power,185,True,428.0,428.0,256,1000000
10000,2.0,0.3,0.008758443453476887,2.763102111592855,0.0031697863849222273,0.5143932673972327,2.0,one_minus_s_power,186,True,480.0,480.0,256,1000000
10000,2.0,0.3,0.008758443453476887,2.763102111592855,0.0031697863849222273,0.5143932673972327,2.0,one_minus_s_power,187,True,1135.0,1135.0,256,1000000
10000,2.0,0.3,0.008758443453476887,2.763102111592855,0.0031697863849222273,0.5143932673972327,2.0,one_minus_s_power,188,True,379.0,379.0,256,1000000
10000,2.0,0.3,0.008758443453476887,2.763102111592855,0.0031697863849222273,0.5143932673972327,2.0,one_minus_s_power,189,True,3724.0,3724.0,256,1000000
10000,2.0,0.3,0.008758443453476887,2.763102111592855,0.0031697863849222273,0.5143932673972327,2.0,one_minus_s_power,190,True,7196.0,7196.0,256,1000000
10000,2.0,0.3,0.008758443453476887,2.763102111592855,0.0031697863849222273,0.5143932673972327,2.0,one_minus_s_power,191,True,4628.0,4628.0,256,1000000
10000,2.0,0.3,0.008758443453476887,2.763102111592855,0.0031697863849222273,0.5143932673972327,2.0,one_minus_s_power,192,True,3185.0,3185.0,256,1000000
10000,2.0,0.3,0.008758443453476887,2.763102111592855,0.0031697863849222273,0.5143932673972327,2.0,one_minus_s_power,193,True,6241.0,6241.0,256,1000000
10000,2.0,0.3,0.008758443453476887,2.763102111592855,0.0031697863849222273,0.5143932673972327,2.0,one_minus_s_power,194,True,1784.0,1784.0,256,1000000
10000,2.0,0.3,0.008758443453476887,2.763102111592855,0.0031697863849222273,0.5143932673972327,2.0,one_minus_s_power,195,True,2817.0,2817.0,256,1000000
10000,2.0,0.3,0.008758443453476887,2.763102111592855,0.0031697863849222273,0.5143932673972327,2.0,one_minus_s_power,196,True,1893.0,1893.0,256,1000000
10000,2.0,0.3,0.008758443453476887,2.763102111592855,0.0031697863849222273,0.5143932673972327,2.0,one_minus_s_power,197,True,2066.0,2066.0,256,1000000
10000,2.0,0.3,0.008758443453476887,2.763102111592855,0.0031697863849222273,0.5143932673972327,2.0,one_minus_s_power,198,True,2296.0,2296.0,256,1000000
10000,2.0,0.3,0.008758443453476887,2.763102111592855,0.0031697863849222273,0.5143932673972327,2.0,one_minus_s_power,199,True,2451.0,2451.0,256,1000000
10000,2.0,0.3,0.008758443453476887,2.763102111592855,0.0031697863849222273,0.5143932673972327,2.0,one_minus_s_power,200,True,1001.0,1001.0,256,1000000
10000,2.0,0.3,0.008758443453476887,2.763102111592855,0.0031697863849222273,0.5143932673972327,2.0,one_minus_s_power,201,True,749.0,749.0,256,1000000
10000,2.0,0.3,0.008758443453476887,2.763102111592855,0.0031697863849222273,0.5143932673972327,2.0,one_minus_s_power,202,True,1901.0,1901.0,256,1000000
10000,2.0,0.3,0.008758443453476887,2.763102111592855,0.0031697863849222273,0.5143932673972327,2.0,one_minus_s_power,203,True,1708.0,1708.0,256,1000000
10000,2.0,0.3,0.008758443453476887,2.763102111592855,0.0031697863849222273,0.5143932673972327,2.0,one_minus_s_power,204,True,489.0,489.0,256,1000000
10000,2.0,0.3,0.008758443453476887,2.763102111592855,0.0031697863849222273,0.5143932673972327,2.0,one_minus_s_power,205,True,1502.0,1502.0,256,1000000
10000,2.0,0.3,0.008758443453476887,2.763102111592855,0.0031697863849222273,0.5143932673972327,2.0,one_minus_s_power,206,True,981.0,981.0,256,1000000
10000,2.0,0.3,0.008758443453476887,2.763102111592855,0.0031697863849222273,0.5143932673972327,2.0,one_minus_s_power,207,True,1785.0,1785.0,256,1000000
10000,2.0,0.3,0.008758443453476887,2.763102111592855,0.0031697863849222273,0.5143932673972327,2.0,one_minus_s_power,208,True,1487.0,1487.0,256,1000000
10000,2.0,0.3,0.008758443453476887,2.763102111592855,0.0031697863849222273,0.5143932673972327,2.0,one_minus_s_power,209,True,3337.0,3337.0,256,1000000
10000,2.0,0.3,0.008758443453476887,2.763102111592855,0.0031697863849222273,0.5143932673972327,2.0,one_minus_s_power,210,True,3990.0,3990.0,256,1000000
10000,2.0,0.3,0.008758443453476887,2.763102111592855,0.0031697863849222273,0.5143932673972327,2.0,one_minus_s_power,211,True,2973.0,2973.0,256,1000000
10000,2.0,0.3,0.008758443453476887,2.763102111592855,0.0031697863849222273,0.5143932673972327,2.0,one_minus_s_power,212,True,3188.0,3188.0,256,1000000
10000,2.0,0.3,0.008758443453476887,2.763102111592855,0.0031697863849222273,0.5143932673972327,2.0,one_minus_s_power,213,True,1810.0,1810.0,256,1000000
10000,2.0,0.3,0.008758443453476887,2.763102111592855,0.0031697863849222273,0.5143932673972327,2.0,one_minus_s_power,214,True,312.0,312.0,256,1000000
10000,2.0,0.3,0.008758443453476887,2.763102111592855,0.0031697863849222273,0.5143932673972327,2.0,one_minus_s_power,215,True,408.0,408.0,256,1000000
10000,2.0,0.3,0.008758443453476887,2.763102111592855,0.0031697863849222273,0.5143932673972327,2.0,one_minus_s_power,216,True,2375.0,2375.0,256,1000000
10000,2.0,0.3,0.008758443453476887,2.763102111592855,0.0031697863849222273,0.5143932673972327,2.0,one_minus_s_power,217,True,2098.0,2098.0,256,1000000
10000,2.0,0.3,0.008758443453476887,2.763102111592855,0.0031697863849222273,0.5143932673972327,2.0,one_minus_s_power,218,True,1934.0,1934.0,256,1000000
10000,2.0,0.3,0.008758443453476887,2.763102111592855,0.0031697863849222273,0.5143932673972327,2.0,one_minus_s_power,219,True,8103.0,8103.0,256,1000000
10000,2.0,0.3,0.008758443453476887,2.763102111592855,0.0031697863849222273,0.5143932673972327,2.0,one_minus_s_power,220,True,704.0,704.0,256,1000000
10000,2.0,0.3,0.008758443453476887,2.763102111592855,0.0031697863849222273,0.5143932673972327,2.0,one_minus_s_power,221,True,435.0,435.0,256,1000000
10000,2.0,0.3,0.008758443453476887,2.763102111592855,0.0031697863849222273,0.5143932673972327,2.0,one_minus_s_power,222,True,2741.0,2741.0,256,1000000
10000,2.0,0.3,0.008758443453476887,2.763102111592855,0.0031697863849222273,0.5143932673972327,2.0,one_minus_s_power,223,True,224.0,224.0,256,1000000
10000,2.0,0.3,0.008758443453476887,2.763102111592855,0.0031697863849222273,0.5143932673972327,2.0,one_minus_s_power,224,True,1668.0,1668.0,256,1000000
10000,2.0,0.3,0.008758443453476887,2.763102111592855,0.0031697863849222273,0.5143932673972327,2.0,one_minus_s_power,225,True,4819.0,4819.0,256,1000000
10000,2.0,0.3,0.008758443453476887,2.763102111592855,0.0031697863849222273,0.5143932673972327,2.0,one_minus_s_power,226,True,2870.0,2870.0,256,1000000
10000,2.0,0.3,0.008758443453476887,2.763102111592855,0.0031697863849222273,0.5143932673972327,2.0,one_minus_s_power,227,True,3053.0,3053.0,256,1000000
10000,2.0,0.3,0.008758443453476887,2.763102111592855,0.0031697863849222273,0.5143932673972327,2.0,one_minus_s_power,228,True,1381.0,1381.0,256,1000000
10000,2.0,0.3,0.008758443453476887,2.763102111592855,0.0031697863849222273,0.5143932673972327,2.0,one_minus_s_power,229,True,2292.0,2292.0,256,1000000
10000,2.0,0.3,0.008758443453476887,2.763102111592855,0.0031697863849222273,0.5143932673972327,2.0,one_minus_s_power,230,True,1993.0,1993.0,256,1000000
10000,2.0,0.3,0.008758443453476887,2.763102111592855,0.0031697863849222273,0.5143932673972327,2.0,one_minus_s_power,231,True,1970.0,1970.0,256,1000000
10000,2.0,0.3,0.008758443453476887,2.763102111592855,0.0031697863849222273,0.5143932673972327,2.0,one_minus_s_power,232,True,2328.0,2328.0,256,1000000
10000,2.0,0.3,0.008758443453476887,2.763102111592855,0.0031697863849222273,0.5143932673972327,2.0,one_minus_s_power,233,True,1560.0,1560.0,256,1000000
10000,2.0,0.3,0.008758443453476887,2.763102111592855,0.0031697863849222273,0.5143932673972327,2.0,one_minus_s_power,234,True,829.0,829.0,256,1000000
10000,2.0,0.3,0.008758443453476887,2.763102111592855,0.0031697863849222273,0.5143932673972327,2.0,one_minus_s_power,235,True,10841.0,10841.0,256,1000000
10000,2.0,0.3,0.008758443453476887,2.763102111592855,0.0031697863849222273,0.5143932673972327,2.0,one_minus_s_power,236,True,3403.0,3403.0,256,1000000
10000,2.0,0.3,0.008758443453476887,2.763102111592855,0.0031697863849222273,0.5143932673972327,2.0,one_minus_s_power,237,True,3947.0,3947.0,256,1000000
10000,2.0,0.3,0.008758443453476887,2.763102111592855,0.0031697863849222273,0.5143932673972327,2.0,one_minus_s_power,238,True,2704.0,2704.0,256,1000000
10000,2.0,0.3,0.008758443453476887,2.763102111592855,0.0031697863849222273,0.5143932673972327,2.0,one_minus_s_power,239,True,4060.0,4060.0,256,1000000
10000,2.0,0.3,0.008758443453476887,2.763102111592855,0.0031697863849222273,0.5143932673972327,2.0,one_minus_s_power,240,True,320.0,320.0,256,1000000
10000,2.0,0.3,0.008758443453476887,2.763102111592855,0.0031697863849222273,0.5143932673972327,2.0,one_minus_s_power,241,True,5414.0,5414.0,256,1000000
10000,2.0,0.3,0.008758443453476887,2.763102111592855,0.0031697863849222273,0.5143932673972327,2.0,one_minus_s_power,242,True,1495.0,1495.0,256,1000000
10000,2.0,0.3,0.008758443453476887,2.763102111592855,0.0031697863849222273,0.5143932673972327,2.0,one_minus_s_power,243,True,1103.0,1103.0,256,1000000
10000,2.0,0.3,0.008758443453476887,2.763102111592855,0.0031697863849222273,0.5143932673972327,2.0,one_minus_s_power,244,True,2805.0,2805.0,256,1000000
10000,2.0,0.3,0.008758443453476887,2.763102111592855,0.0031697863849222273,0.5143932673972327,2.0,one_minus_s_power,245,True,451.0,451.0,256,1000000
10000,2.0,0.3,0.008758443453476887,2.763102111592855,0.0031697863849222273,0.5143932673972327,2.0,one_minus_s_power,246,True,3021.0,3021.0,256,1000000
10000,2.0,0.3,0.008758443453476887,2.763102111592855,0.0031697863849222273,0.5143932673972327,2.0,one_minus_s_power,247,True,2496.0,2496.0,256,1000000
10000,2.0,0.3,0.008758443453476887,2.763102111592855,0.0031697863849222273,0.5143932673972327,2.0,one_minus_s_power,248,True,5407.0,5407.0,256,1000000
10000,2.0,0.3,0.008758443453476887,2.763102111592855,0.0031697863849222273,0.5143932673972327,2.0,one_minus_s_power,249,True,1244.0,1244.0,256,1000000
10000,2.0,0.3,0.008758443453476887,2.763102111592855,0.0031697863849222273,0.5143932673972327,2.0,one_minus_s_power,250,True,979.0,979.0,256,1000000
10000,2.0,0.3,0.008758443453476887,2.763102111592855,0.0031697863849222273,0.5143932673972327,2.0,one_minus_s_power,251,True,1657.0,1657.0,256,1000000
10000,2.0,0.3,0.008758443453476887,2.763102111592855,0.0031697863849222273,0.5143932673972327,2.0,one_minus_s_power,252,True,4346.0,4346.0,256,1000000
10000,2.0,0.3,0.008758443453476887,2.763102111592855,0.0031697863849222273,0.5143932673972327,2.0,one_minus_s_power,253,True,1428.0,1428.0,256,1000000
10000,2.0,0.3,0.008758443453476887,2.763102111592855,0.0031697863849222273,0.5143932673972327,2.0,one_minus_s_power,254,True,970.0,970.0,256,1000000
10000,2.0,0.3,0.008758443453476887,2.763102111592855,0.0031697863849222273,0.5143932673972327,2.0,one_minus_s_power,255,True,2933.0,2933.0,256,1000000
10000,2.0,0.3,0.008758443453476887,2.763102111592855,0.0031697863849222273,0.5143932673972327,2.0,one_minus_s_power,256,True,2919.0,2919.0,256,1000000
10000,2.0,0.3,0.008758443453476887,2.763102111592855,0.0031697863849222273,0.5143932673972327,2.0,one_minus_s_power,257,True,1270.0,1270.0,256,1000000
10000,2.0,0.3,0.008758443453476887,2.763102111592855,0.0031697863849222273,0.5143932673972327,2.0,one_minus_s_power,258,True,973.0,973.0,256,1000000
10000,2.0,0.3,0.008758443453476887,2.763102111592855,0.0031697863849222273,0.5143932673972327,2.0,one_minus_s_power,259,True,2843.0,2843.0,256,1000000
10000,2.0,0.3,0.008758443453476887,2.763102111592855,0.0031697863849222273,0.5143932673972327,2.0,one_minus_s_power,260,True,625.0,625.0,256,1000000
10000,2.0,0.3,0.008758443453476887,2.763102111592855,0.0031697863849222273,0.5143932673972327,2.0,one_minus_s_power,261,True,1640.0,1640.0,256,1000000
10000,2.0,0.3,0.008758443453476887,2.763102111592855,0.0031697863849222273,0.5143932673972327,2.0,one_minus_s_power,262,True,1130.0,1130.0,256,1000000
10000,2.0,0.3,0.008758443453476887,2.763102111592855,0.0031697863849222273,0.5143932673972327,2.0,one_minus_s_power,263,True,497.0,497.0,256,1000000
10000,2.0,0.3,0.008758443453476887,2.763102111592855,0.0031697863849222273,0.5143932673972327,2.0,one_minus_s_power,264,True,2329.0,2329.0,256,1000000
10000,2.0,0.3,0.008758443453476887,2.763102111592855,0.0031697863849222273,0.5143932673972327,2.0,one_minus_s_power,265,True,2414.0,2414.0,256,1000000
10000,2.0,0.3,0.008758443453476887,2.763102111592855,0.0031697863849222273,0.5143932673972327,2.0,one_minus_s_power,266,True,9956.0,9956.0,256,1000000
10000,2.0,0.3,0.008758443453476887,2.763102111592855,0.0031697863849222273,0.5143932673972327,2.0,one_minus_s_power,267,True,10996.0,10996.0,256,1000000
10000,2.0,0.3,0.008758443453476887,2.763102111592855,0.0031697863849222273,0.5143932673972327,2.0,one_minus_s_power,268,True,4658.0,4658.0,256,1000000
10000,2.0,0.3,0.008758443453476887,2.763102111592855,0.0031697863849222273,0.5143932673972327,2.0,one_minus_s_power,269,True,1575.0,1575.0,256,1000000
10000,2.0,0.3,0.008758443453476887,2.763102111592855,0.0031697863849222273,0.5143932673972327,2.0,one_minus_s_power,270,True,7479.0,7479.0,256,1000000
10000,2.0,0.3,0.008758443453476887,2.763102111592855,0.0031697863849222273,0.5143932673972327,2.0,one_minus_s_power,271,True,3166.0,3166.0,256,1000000
10000,2.0,0.3,0.008758443453476887,2.763102111592855,0.0031697863849222273,0.5143932673972327,2.0,one_minus_s_power,272,True,5888.0,5888.0,256,1000000
10000,2.0,0.3,0.008758443453476887,2.763102111592855,0.0031697863849222273,0.5143932673972327,2.0,one_minus_s_power,273,True,1843.0,1843.0,256,1000000
10000,2.0,0.3,0.008758443453476887,2.763102111592855,0.0031697863849222273,0.5143932673972327,2.0,one_minus_s_power,274,True,3249.0,3249.0,256,1000000
10000,2.0,0.3,0.008758443453476887,2.763102111592855,0.0031697863849222273,0.5143932673972327,2.0,one_minus_s_power,275,True,4016.0,4016.0,256,1000000
10000,2.0,0.3,0.008758443453476887,2.763102111592855,0.0031697863849222273,0.5143932673972327,2.0,one_minus_s_power,276,True,2307.0,2307.0,256,1000000
10000,2.0,0.3,0.008758443453476887,2.763102111592855,0.0031697863849222273,0.5143932673972327,2.0,one_minus_s_power,277,True,6276.0,6276.0,256,1000000
10000,2.0,0.3,0.008758443453476887,2.763102111592855,0.0031697863849222273,0.5143932673972327,2.0,one_minus_s_power,278,True,5746.0,5746.0,256,1000000
10000,2.0,0.3,0.008758443453476887,2.763102111592855,0.0031697863849222273,0.5143932673972327,2.0,one_minus_s_power,279,True,8339.0,8339.0,256,1000000
10000,2.0,0.3,0.008758443453476887,2.763102111592855,0.0031697863849222273,0.5143932673972327,2.0,one_minus_s_power,280,True,7476.0,7476.0,256,1000000
10000,2.0,0.3,0.008758443453476887,2.763102111592855,0.0031697863849222273,0.5143932673972327,2.0,one_minus_s_power,281,True,786.0,786.0,256,1000000
10000,2.0,0.3,0.008758443453476887,2.763102111592855,0.0031697863849222273,0.5143932673972327,2.0,one_minus_s_power,282,True,4363.0,4363.0,256,1000000
10000,2.0,0.3,0.008758443453476887,2.763102111592855,0.0031697863849222273,0.5143932673972327,2.0,one_minus_s_power,283,True,2085.0,2085.0,256,1000000
10000,2.0,0.3,0.008758443453476887,2.763102111592855,0.0031697863849222273,0.5143932673972327,2.0,one_minus_s_power,284,True,2885.0,2885.0,256,1000000
10000,2.0,0.3,0.008758443453476887,2.763102111592855,0.0031697863849222273,0.5143932673972327,2.0,one_minus_s_power,285,True,7427.0,7427.0,256,1000000
10000,2.0,0.3,0.008758443453476887,2.763102111592855,0.0031697863849222273,0.5143932673972327,2.0,one_minus_s_power,286,True,1823.0,1823.0,256,1000000
10000,2.0,0.3,0.008758443453476887,2.763102111592855,0.0031697863849222273,0.5143932673972327,2.0,one_minus_s_power,287,True,5924.0,5924.0,256,1000000
10000,2.0,0.3,0.008758443453476887,2.763102111592855,0.0031697863849222273,0.5143932673972327,2.0,one_minus_s_power,288,True,873.0,873.0,256,1000000
10000,2.0,0.3,0.008758443453476887,2.763102111592855,0.0031697863849222273,0.5143932673972327,2.0,one_minus_s_power,289,True,2122.0,2122.0,256,1000000
10000,2.0,0.3,0.008758443453476887,2.763102111592855,0.0031697863849222273,0.5143932673972327,2.0,one_minus_s_power,290,True,1603.0,1603.0,256,1000000
10000,2.0,0.3,0.008758443453476887,2.763102111592855,0.0031697863849222273,0.5143932673972327,2.0,one_minus_s_power,291,True,1055.0,1055.0,256,1000000
10000,2.0,0.3,0.008758443453476887,2.763102111592855,0.0031697863849222273,0.5143932673972327,2.0,one_minus_s_power,292,True,5558.0,5558.0,256,1000000
10000,2.0,0.3,0.008758443453476887,2.763102111592855,0.0031697863849222273,0.5143932673972327,2.0,one_minus_s_power,293,True,6887.0,6887.0,256,1000000
10000,2.0,0.3,0.008758443453476887,2.763102111592855,0.0031697863849222273,0.5143932673972327,2.0,one_minus_s_power,294,True,1147.0,1147.0,256,1000000
10000,2.0,0.3,0.008758443453476887,2.763102111592855,0.0031697863849222273,0.5143932673972327,2.0,one_minus_s_power,295,True,1984.0,1984.0,256,1000000
10000,2.0,0.3,0.008758443453476887,2.763102111592855,0.0031697863849222273,0.5143932673972327,2.0,one_minus_s_power,296,True,5266.0,5266.0,256,1000000
10000,2.0,0.3,0.008758443453476887,2.763102111592855,0.0031697863849222273,0.5143932673972327,2.0,one_minus_s_power,297,True,1788.0,1788.0,256,1000000
10000,2.0,0.3,0.008758443453476887,2.763102111592855,0.0031697863849222273,0.5143932673972327,2.0,one_minus_s_power,298,True,3247.0,3247.0,256,1000000
10000,2.0,0.3,0.008758443453476887,2.763102111592855,0.0031697863849222273,0.5143932673972327,2.0,one_minus_s_power,299,True,1134.0,1134.0,256,1000000
10000,2.0,0.3,0.008758443453476887,2.763102111592855,0.0031697863849222273,0.5143932673972327,2.0,one_minus_s_power,300,True,1522.0,1522.0,256,1000000
10000,2.0,0.3,0.008758443453476887,2.763102111592855,0.0031697863849222273,0.5143932673972327,2.0,one_minus_s_power,301,True,3623.0,3623.0,256,1000000
10000,2.0,0.3,0.008758443453476887,2.763102111592855,0.0031697863849222273,0.5143932673972327,2.0,one_minus_s_power,302,True,392.0,392.0,256,1000000
10000,2.0,0.3,0.008758443453476887,2.763102111592855,0.0031697863849222273,0.5143932673972327,2.0,one_minus_s_power,303,True,732.0,732.0,256,1000000
10000,2.0,0.3,0.008758443453476887,2.763102111592855,0.0031697863849222273,0.5143932673972327,2.0,one_minus_s_power,304,True,1661.0,1661.0,256,1000000
10000,2.0,0.3,0.008758443453476887,2.763102111592855,0.0031697863849222273,0.5143932673972327,2.0,one_minus_s_power,305,True,2019.0,2019.0,256,1000000
10000,2.0,0.3,0.008758443453476887,2.763102111592855,0.0031697863849222273,0.5143932673972327,2.0,one_minus_s_power,306,True,1085.0,1085.0,256,1000000
10000,2.0,0.3,0.008758443453476887,2.763102111592855,0.0031697863849222273,0.5143932673972327,2.0,one_minus_s_power,307,True,3321.0,3321.0,256,1000000
10000,2.0,0.3,0.008758443453476887,2.763102111592855,0.0031697863849222273,0.5143932673972327,2.0,one_minus_s_power,308,True,2438.0,2438.0,256,1000000
10000,2.0,0.3,0.008758443453476887,2.763102111592855,0.0031697863849222273,0.5143932673972327,2.0,one_minus_s_power,309,True,3690.0,3690.0,256,1000000
10000,2.0,0.3,0.008758443453476887,2.763102111592855,0.0031697863849222273,0.5143932673972327,2.0,one_minus_s_power,310,True,5114.0,5114.0,256,1000000
10000,2.0,0.3,0.008758443453476887,2.763102111592855,0.0031697863849222273,0.5143932673972327,2.0,one_minus_s_power,311,True,2419.0,2419.0,256,1000000
10000,2.0,0.3,0.008758443453476887,2.763102111592855,0.0031697863849222273,0.5143932673972327,2.0,one_minus_s_power,312,True,547.0,547.0,256,1000000
10000,2.0,0.3,0.008758443453476887,2.763102111592855,0.0031697863849222273,0.5143932673972327,2.0,one_minus_s_power,313,True,654.0,654.0,256,1000000
10000,2.0,0.3,0.008758443453476887,2.763102111592855,0.0031697863849222273,0.5143932673972327,2.0,one_minus_s_power,314,True,4776.0,4776.0,256,1000000
10000,2.0,0.3,0.008758443453476887,2.763102111592855,0.0031697863849222273,0.5143932673972327,2.0,one_minus_s_power,315,True,5267.0,5267.0,256,1000000
10000,2.0,0.3,0.008758443453476887,2.763102111592855,0.0031697863849222273,0.5143932673972327,2.0,one_minus_s_power,316,True,3774.0,3774.0,256,1000000
10000,2.0,0.3,0.008758443453476887,2.763102111592855,0.0031697863849222273,0.5143932673972327,2.0,one_minus_s_power,317,True,1189.0,1189.0,256,1000000
10000,2.0,0.3,0.008758443453476887,2.763102111592855,0.0031697863849222273,0.5143932673972327,2.0,one_minus_s_power,318,True,5444.0,5444.0,256,1000000
10000,2.0,0.3,0.008758443453476887,2.763102111592855,0.0031697863849222273,0.5143932673972327,2.0,one_minus_s_power,319,True,1373.0,1373.0,256,1000000
10000,2.0,0.3,0.008758443453476887,2.763102111592855,0.0031697863849222273,0.5143932673972327,2.0,one_minus_s_power,320,True,2398.0,2398.0,256,1000000
10000,2.0,0.3,0.008758443453476887,2.763102111592855,0.0031697863849222273,0.5143932673972327,2.0,one_minus_s_power,321,True,4241.0,4241.0,256,1000000
10000,2.0,0.3,0.008758443453476887,2.763102111592855,0.0031697863849222273,0.5143932673972327,2.0,one_minus_s_power,322,True,1606.0,1606.0,256,1000000
10000,2.0,0.3,0.008758443453476887,2.763102111592855,0.0031697863849222273,0.5143932673972327,2.0,one_minus_s_power,323,True,8656.0,8656.0,256,1000000
10000,2.0,0.3,0.008758443453476887,2.763102111592855,0.0031697863849222273,0.5143932673972327,2.0,one_minus_s_power,324,True,5982.0,5982.0,256,1000000
10000,2.0,0.3,0.008758443453476887,2.763102111592855,0.0031697863849222273,0.5143932673972327,2.0,one_minus_s_power,325,True,3340.0,3340.0,256,1000000
10000,2.0,0.3,0.008758443453476887,2.763102111592855,0.0031697863849222273,0.5143932673972327,2.0,one_minus_s_power,326,True,1539.0,1539.0,256,1000000
10000,2.0,0.3,0.008758443453476887,2.763102111592855,0.0031697863849222273,0.5143932673972327,2.0,one_minus_s_power,327,True,750.0,750.0,256,1000000
10000,2.0,0.3,0.008758443453476887,2.763102111592855,0.0031697863849222273,0.5143932673972327,2.0,one_minus_s_power,328,True,2907.0,2907.0,256,1000000
10000,2.0,0.3,0.008758443453476887,2.763102111592855,0.0031697863849222273,0.5143932673972327,2.0,one_minus_s_power,329,True,2721.0,2721.0,256,1000000
10000,2.0,0.3,0.008758443453476887,2.763102111592855,0.0031697863849222273,0.5143932673972327,2.0,one_minus_s_power,330,True,1197.0,1197.0,256,1000000
10000,2.0,0.3,0.008758443453476887,2.763102111592855,0.0031697863849222273,0.5143932673972327,2.0,one_minus_s_power,331,True,8226.0,8226.0,256,1000000
10000,2.0,0.3,0.008758443453476887,2.763102111592855,0.0031697863849222273,0.5143932673972327,2.0,one_minus_s_power,332,True,876.0,876.0,256,1000000
10000,2.0,0.3,0.008758443453476887,2.763102111592855,0.0031697863849222273,0.5143932673972327,2.0,one_minus_s_power,333,True,4082.0,4082.0,256,1000000
10000,2.0,0.3,0.008758443453476887,2.763102111592855,0.0031697863849222273,0.5143932673972327,2.0,one_minus_s_power,334,True,1770.0,1770.0,256,1000000
10000,2.0,0.3,0.008758443453476887,2.763102111592855,0.0031697863849222273,0.5143932673972327,2.0,one_minus_s_power,335,True,12650.0,12650.0,256,1000000
10000,2.0,0.3,0.008758443453476887,2.763102111592855,0.0031697863849222273,0.5143932673972327,2.0,one_minus_s_power,336,True,1420.0,1420.0,256,1000000
10000,2.0,0.3,0.008758443453476887,2.763102111592855,0.0031697863849222273,0.5143932673972327,2.0,one_minus_s_power,337,True,1202.0,1202.0,256,1000000
10000,2.0,0.3,0.008758443453476887,2.763102111592855,0.0031697863849222273,0.5143932673972327,2.0,one_minus_s_power,338,True,1938.0,1938.0,256,1000000
10000,2.0,0.3,0.008758443453476887,2.763102111592855,0.0031697863849222273,0.5143932673972327,2.0,one_minus_s_power,339,True,2353.0,2353.0,256,1000000
10000,2.0,0.3,0.008758443453476887,2.763102111592855,0.0031697863849222273,0.5143932673972327,2.0,one_minus_s_power,340,True,5811.0,5811.0,256,1000000
10000,2.0,0.3,0.008758443453476887,2.763102111592855,0.0031697863849222273,0.5143932673972327,2.0,one_minus_s_power,341,True,3005.0,3005.0,256,1000000
10000,2.0,0.3,0.008758443453476887,2.763102111592855,0.0031697863849222273,0.5143932673972327,2.0,one_minus_s_power,342,True,2381.0,2381.0,256,1000000
10000,2.0,0.3,0.008758443453476887,2.763102111592855,0.0031697863849222273,0.5143932673972327,2.0,one_minus_s_power,343,True,3731.0,3731.0,256,1000000
10000,2.0,0.3,0.008758443453476887,2.763102111592855,0.0031697863849222273,0.5143932673972327,2.0,one_minus_s_power,344,True,2094.0,2094.0,256,1000000
10000,2.0,0.3,0.008758443453476887,2.763102111592855,0.0031697863849222273,0.5143932673972327,2.0,one_minus_s_power,345,True,9295.0,9295.0,256,1000000
10000,2.0,0.3,0.008758443453476887,2.763102111592855,0.0031697863849222273,0.5143932673972327,2.0,one_minus_s_power,346,True,4774.0,4774.0,256,1000000
10000,2.0,0.3,0.008758443453476887,2.763102111592855,0.0031697863849222273,0.5143932673972327,2.0,one_minus_s_power,347,True,250.0,250.0,256,1000000
10000,2.0,0.3,0.008758443453476887,2.763102111592855,0.0031697863849222273,0.5143932673972327,2.0,one_minus_s_power,348,True,1708.0,1708.0,256,1000000
10000,2.0,0.3,0.008758443453476887,2.763102111592855,0.0031697863849222273,0.5143932673972327,2.0,one_minus_s_power,349,True,6616.0,6616.0,256,1000000
10000,2.0,0.3,0.008758443453476887,2.763102111592855,0.0031697863849222273,0.5143932673972327,2.0,one_minus_s_power,350,True,1485.0,1485.0,256,1000000
10000,2.0,0.3,0.008758443453476887,2.763102111592855,0.0031697863849222273,0.5143932673972327,2.0,one_minus_s_power,351,True,2512.0,2512.0,256,1000000
10000,2.0,0.3,0.008758443453476887,2.763102111592855,0.0031697863849222273,0.5143932673972327,2.0,one_minus_s_power,352,True,1109.0,1109.0,256,1000000
10000,2.0,0.3,0.008758443453476887,2.763102111592855,0.0031697863849222273,0.5143932673972327,2.0,one_minus_s_power,353,True,761.0,761.0,256,1000000
10000,2.0,0.3,0.008758443453476887,2.763102111592855,0.0031697863849222273,0.5143932673972327,2.0,one_minus_s_power,354,True,1752.0,1752.0,256,1000000
10000,2.0,0.3,0.008758443453476887,2.763102111592855,0.0031697863849222273,0.5143932673972327,2.0,one_minus_s_power,355,True,5124.0,5124.0,256,1000000
10000,2.0,0.3,0.008758443453476887,2.763102111592855,0.0031697863849222273,0.5143932673972327,2.0,one_minus_s_power,356,True,2527.0,2527.0,256,1000000
10000,2.0,0.3,0.008758443453476887,2.763102111592855,0.0031697863849222273,0.5143932673972327,2.0,one_minus_s_power,357,True,1767.0,1767.0,256,1000000
10000,2.0,0.3,0.008758443453476887,2.763102111592855,0.0031697863849222273,0.5143932673972327,2.0,one_minus_s_power,358,True,4144.0,4144.0,256,1000000
10000,2.0,0.3,0.008758443453476887,2.763102111592855,0.0031697863849222273,0.5143932673972327,2.0,one_minus_s_power,359,True,222.0,222.0,256,1000000
10000,2.0,0.3,0.008758443453476887,2.763102111592855,0.0031697863849222273,0.5143932673972327,2.0,one_minus_s_power,360,True,7722.0,7722.0,256,1000000
10000,2.0,0.3,0.008758443453476887,2.763102111592855,0.0031697863849222273,0.5143932673972327,2.0,one_minus_s_power,361,True,2470.0,2470.0,256,1000000
10000,2.0,0.3,0.008758443453476887,2.763102111592855,0.0031697863849222273,0.5143932673972327,2.0,one_minus_s_power,362,True,2429.0,2429.0,256,1000000
10000,2.0,0.3,0.008758443453476887,2.763102111592855,0.0031697863849222273,0.5143932673972327,2.0,one_minus_s_power,363,True,4346.0,4346.0,256,1000000
10000,2.0,0.3,0.008758443453476887,2.763102111592855,0.0031697863849222273,0.5143932673972327,2.0,one_minus_s_power,364,True,2975.0,2975.0,256,1000000
10000,2.0,0.3,0.008758443453476887,2.763102111592855,0.0031697863849222273,0.5143932673972327,2.0,one_minus_s_power,365,True,3611.0,3611.0,256,1000000
10000,2.0,0.3,0.008758443453476887,2.763102111592855,0.0031697863849222273,0.5143932673972327,2.0,one_minus_s_power,366,True,1458.0,1458.0,256,1000000
10000,2.0,0.3,0.008758443453476887,2.763102111592855,0.0031697863849222273,0.5143932673972327,2.0,one_minus_s_power,367,True,1037.0,1037.0,256,1000000
10000,2.0,0.3,0.008758443453476887,2.763102111592855,0.0031697863849222273,0.5143932673972327,2.0,one_minus_s_power,368,True,746.0,746.0,256,1000000
10000,2.0,0.3,0.008758443453476887,2.763102111592855,0.0031697863849222273,0.5143932673972327,2.0,one_minus_s_power,369,True,332.0,332.0,256,1000000
10000,2.0,0.3,0.008758443453476887,2.763102111592855,0.0031697863849222273,0.5143932673972327,2.0,one_minus_s_power,370,True,8734.0,8734.0,256,1000000
10000,2.0,0.3,0.008758443453476887,2.763102111592855,0.0031697863849222273,0.5143932673972327,2.0,one_minus_s_power,371,True,419.0,419.0,256,1000000
10000,2.0,0.3,0.008758443453476887,2.763102111592855,0.0031697863849222273,0.5143932673972327,2.0,one_minus_s_power,372,True,916.0,916.0,256,1000000
10000,2.0,0.3,0.008758443453476887,2.763102111592855,0.0031697863849222273,0.5143932673972327,2.0,one_minus_s_power,373,True,5145.0,5145.0,256,1000000
10000,2.0,0.3,0.008758443453476887,2.763102111592855,0.0031697863849222273,0.5143932673972327,2.0,one_minus_s_power,374,True,3080.0,3080.0,256,1000000
10000,2.0,0.3,0.008758443453476887,2.763102111592855,0.0031697863849222273,0.5143932673972327,2.0,one_minus_s_power,375,True,1233.0,1233.0,256,1000000
10000,2.0,0.3,0.008758443453476887,2.763102111592855,0.0031697863849222273,0.5143932673972327,2.0,one_minus_s_power,376,True,5563.0,5563.0,256,1000000
10000,2.0,0.3,0.008758443453476887,2.763102111592855,0.0031697863849222273,0.5143932673972327,2.0,one_minus_s_power,377,True,3666.0,3666.0,256,1000000
10000,2.0,0.3,0.008758443453476887,2.763102111592855,0.0031697863849222273,0.5143932673972327,2.0,one_minus_s_power,378,True,2280.0,2280.0,256,1000000
10000,2.0,0.3,0.008758443453476887,2.763102111592855,0.0031697863849222273,0.5143932673972327,2.0,one_minus_s_power,379,True,1077.0,1077.0,256,1000000
10000,2.0,0.3,0.008758443453476887,2.763102111592855,0.0031697863849222273,0.5143932673972327,2.0,one_minus_s_power,380,True,7105.0,7105.0,256,1000000
10000,2.0,0.3,0.008758443453476887,2.763102111592855,0.0031697863849222273,0.5143932673972327,2.0,one_minus_s_power,381,True,7330.0,7330.0,256,1000000
10000,2.0,0.3,0.008758443453476887,2.763102111592855,0.0031697863849222273,0.5143932673972327,2.0,one_minus_s_power,382,True,8216.0,8216.0,256,1000000
10000,2.0,0.3,0.008758443453476887,2.763102111592855,0.0031697863849222273,0.5143932673972327,2.0,one_minus_s_power,383,True,3547.0,3547.0,256,1000000
10000,2.0,0.3,0.008758443453476887,2.763102111592855,0.0031697863849222273,0.5143932673972327,2.0,one_minus_s_power,384,True,4829.0,4829.0,256,1000000
10000,2.0,0.3,0.008758443453476887,2.763102111592855,0.0031697863849222273,0.5143932673972327,2.0,one_minus_s_power,385,True,1774.0,1774.0,256,1000000
10000,2.0,0.3,0.008758443453476887,2.763102111592855,0.0031697863849222273,0.5143932673972327,2.0,one_minus_s_power,386,True,2886.0,2886.0,256,1000000
10000,2.0,0.3,0.008758443453476887,2.763102111592855,0.0031697863849222273,0.5143932673972327,2.0,one_minus_s_power,387,True,520.0,520.0,256,1000000
10000,2.0,0.3,0.008758443453476887,2.763102111592855,0.0031697863849222273,0.5143932673972327,2.0,one_minus_s_power,388,True,2353.0,2353.0,256,1000000
10000,2.0,0.3,0.008758443453476887,2.763102111592855,0.0031697863849222273,0.5143932673972327,2.0,one_minus_s_power,389,True,1417.0,1417.0,256,1000000
10000,2.0,0.3,0.008758443453476887,2.763102111592855,0.0031697863849222273,0.5143932673972327,2.0,one_minus_s_power,390,True,1873.0,1873.0,256,1000000
10000,2.0,0.3,0.008758443453476887,2.763102111592855,0.0031697863849222273,0.5143932673972327,2.0,one_minus_s_power,391,True,1298.0,1298.0,256,1000000
10000,2.0,0.3,0.008758443453476887,2.763102111592855,0.0031697863849222273,0.5143932673972327,2.0,one_minus_s_power,392,True,2202.0,2202.0,256,1000000
10000,2.0,0.3,0.008758443453476887,2.763102111592855,0.0031697863849222273,0.5143932673972327,2.0,one_minus_s_power,393,True,2814.0,2814.0,256,1000000
10000,2.0,0.3,0.008758443453476887,2.763102111592855,0.0031697863849222273,0.5143932673972327,2.0,one_minus_s_power,394,True,2089.0,2089.0,256,1000000
10000,2.0,0.3,0.008758443453476887,2.763102111592855,0.0031697863849222273,0.5143932673972327,2.0,one_minus_s_power,395,True,8498.0,8498.0,256,1000000
10000,2.0,0.3,0.008758443453476887,2.763102111592855,0.0031697863849222273,0.5143932673972327,2.0,one_minus_s_power,396,True,2676.0,2676.0,256,1000000
10000,2.0,0.3,0.008758443453476887,2.763102111592855,0.0031697863849222273,0.5143932673972327,2.0,one_minus_s_power,397,True,1453.0,1453.0,256,1000000
10000,2.0,0.3,0.008758443453476887,2.763102111592855,0.0031697863849222273,0.5143932673972327,2.0,one_minus_s_power,398,True,2386.0,2386.0,256,1000000
10000,2.0,0.3,0.008758443453476887,2.763102111592855,0.0031697863849222273,0.5143932673972327,2.0,one_minus_s_power,399,True,1062.0,1062.0,256,1000000
10000,2.0,0.3,0.008758443453476887,2.763102111592855,0.0031697863849222273,0.5143932673972327,2.0,one_minus_s_power,400,True,4004.0,4004.0,256,1000000
10000,2.0,0.3,0.008758443453476887,2.763102111592855,0.0031697863849222273,0.5143932673972327,2.0,one_minus_s_power,401,True,8029.0,8029.0,256,1000000
10000,2.0,0.3,0.008758443453476887,2.763102111592855,0.0031697863849222273,0.5143932673972327,2.0,one_minus_s_power,402,True,525.0,525.0,256,1000000
10000,2.0,0.3,0.008758443453476887,2.763102111592855,0.0031697863849222273,0.5143932673972327,2.0,one_minus_s_power,403,True,6934.0,6934.0,256,1000000
10000,2.0,0.3,0.008758443453476887,2.763102111592855,0.0031697863849222273,0.5143932673972327,2.0,one_minus_s_power,404,True,972.0,972.0,256,1000000
10000,2.0,0.3,0.008758443453476887,2.763102111592855,0.0031697863849222273,0.5143932673972327,2.0,one_minus_s_power,405,True,2829.0,2829.0,256,1000000
10000,2.0,0.3,0.008758443453476887,2.763102111592855,0.0031697863849222273,0.5143932673972327,2.0,one_minus_s_power,406,True,713.0,713.0,256,1000000
10000,2.0,0.3,0.008758443453476887,2.763102111592855,0.0031697863849222273,0.5143932673972327,2.0,one_minus_s_power,407,True,786.0,786.0,256,1000000
10000,2.0,0.3,0.008758443453476887,2.763102111592855,0.0031697863849222273,0.5143932673972327,2.0,one_minus_s_power,408,True,1366.0,1366.0,256,1000000
10000,2.0,0.3,0.008758443453476887,2.763102111592855,0.0031697863849222273,0.5143932673972327,2.0,one_minus_s_power,409,True,832.0,832.0,256,1000000
10000,2.0,0.3,0.008758443453476887,2.763102111592855,0.0031697863849222273,0.5143932673972327,2.0,one_minus_s_power,410,True,1501.0,1501.0,256,1000000
10000,2.0,0.3,0.008758443453476887,2.763102111592855,0.0031697863849222273,0.5143932673972327,2.0,one_minus_s_power,411,True,811.0,811.0,256,1000000
10000,2.0,0.3,0.008758443453476887,2.763102111592855,0.0031697863849222273,0.5143932673972327,2.0,one_minus_s_power,412,True,380.0,380.0,256,1000000
10000,2.0,0.3,0.008758443453476887,2.763102111592855,0.0031697863849222273,0.5143932673972327,2.0,one_minus_s_power,413,True,5720.0,5720.0,256,1000000
10000,2.0,0.3,0.008758443453476887,2.763102111592855,0.0031697863849222273,0.5143932673972327,2.0,one_minus_s_power,414,True,3482.0,3482.0,256,1000000
10000,2.0,0.3,0.008758443453476887,2.763102111592855,0.0031697863849222273,0.5143932673972327,2.0,one_minus_s_power,415,True,1306.0,1306.0,256,1000000
10000,2.0,0.3,0.008758443453476887,2.763102111592855,0.0031697863849222273,0.5143932673972327,2.0,one_minus_s_power,416,True,959.0,959.0,256,1000000
10000,2.0,0.3,0.008758443453476887,2.763102111592855,0.0031697863849222273,0.5143932673972327,2.0,one_minus_s_power,417,True,6521.0,6521.0,256,1000000
10000,2.0,0.3,0.008758443453476887,2.763102111592855,0.0031697863849222273,0.5143932673972327,2.0,one_minus_s_power,418,True,2079.0,2079.0,256,1000000
10000,2.0,0.3,0.008758443453476887,2.763102111592855,0.0031697863849222273,0.5143932673972327,2.0,one_minus_s_power,419,True,2226.0,2226.0,256,1000000
10000,2.0,0.3,0.008758443453476887,2.763102111592855,0.0031697863849222273,0.5143932673972327,2.0,one_minus_s_power,420,True,2151.0,2151.0,256,1000000
10000,2.0,0.3,0.008758443453476887,2.763102111592855,0.0031697863849222273,0.5143932673972327,2.0,one_minus_s_power,421,True,7144.0,7144.0,256,1000000
10000,2.0,0.3,0.008758443453476887,2.763102111592855,0.0031697863849222273,0.5143932673972327,2.0,one_minus_s_power,422,True,2127.0,2127.0,256,1000000
10000,2.0,0.3,0.008758443453476887,2.763102111592855,0.0031697863849222273,0.5143932673972327,2.0,one_minus_s_power,423,True,1256.0,1256.0,256,1000000
10000,2.0,0.3,0.008758443453476887,2.763102111592855,0.0031697863849222273,0.5143932673972327,2.0,one_minus_s_power,424,True,3037.0,3037.0,256,1000000
10000,2.0,0.3,0.008758443453476887,2.763102111592855,0.0031697863849222273,0.5143932673972327,2.0,one_minus_s_power,425,True,2224.0,2224.0,256,1000000
10000,2.0,0.3,0.008758443453476887,2.763102111592855,0.0031697863849222273,0.5143932673972327,2.0,one_minus_s_power,426,True,989.0,989.0,256,1000000
10000,2.0,0.3,0.008758443453476887,2.763102111592855,0.0031697863849222273,0.5143932673972327,2.0,one_minus_s_power,427,True,3180.0,3180.0,256,1000000
10000,2.0,0.3,0.008758443453476887,2.763102111592855,0.0031697863849222273,0.5143932673972327,2.0,one_minus_s_power,428,True,2332.0,2332.0,256,1000000
10000,2.0,0.3,0.008758443453476887,2.763102111592855,0.0031697863849222273,0.5143932673972327,2.0,one_minus_s_power,429,True,1274.0,1274.0,256,1000000
10000,2.0,0.3,0.008758443453476887,2.763102111592855,0.0031697863849222273,0.5143932673972327,2.0,one_minus_s_power,430,True,2558.0,2558.0,256,1000000
10000,2.0,0.3,0.008758443453476887,2.763102111592855,0.0031697863849222273,0.5143932673972327,2.0,one_minus_s_power,431,True,1637.0,1637.0,256,1000000
10000,2.0,0.3,0.008758443453476887,2.763102111592855,0.0031697863849222273,0.5143932673972327,2.0,one_minus_s_power,432,True,642.0,642.0,256,1000000
10000,2.0,0.3,0.008758443453476887,2.763102111592855,0.0031697863849222273,0.5143932673972327,2.0,one_minus_s_power,433,True,3402.0,3402.0,256,1000000
10000,2.0,0.3,0.008758443453476887,2.763102111592855,0.0031697863849222273,0.5143932673972327,2.0,one_minus_s_power,434,True,697.0,697.0,256,1000000
10000,2.0,0.3,0.008758443453476887,2.763102111592855,0.0031697863849222273,0.5143932673972327,2.0,one_minus_s_power,435,True,2957.0,2957.0,256,1000000
10000,2.0,0.3,0.008758443453476887,2.763102111592855,0.0031697863849222273,0.5143932673972327,2.0,one_minus_s_power,436,True,5316.0,5316.0,256,1000000
10000,2.0,0.3,0.008758443453476887,2.763102111592855,0.0031697863849222273,0.5143932673972327,2.0,one_minus_s_power,437,True,998.0,998.0,256,1000000
10000,2.0,0.3,0.008758443453476887,2.763102111592855,0.0031697863849222273,0.5143932673972327,2.0,one_minus_s_power,438,True,10144.0,10144.0,256,1000000
10000,2.0,0.3,0.008758443453476887,2.763102111592855,0.0031697863849222273,0.5143932673972327,2.0,one_minus_s_power,439,True,1201.0,1201.0,256,1000000
10000,2.0,0.3,0.008758443453476887,2.763102111592855,0.0031697863849222273,0.5143932673972327,2.0,one_minus_s_power,440,True,2514.0,2514.0,256,1000000
10000,2.0,0.3,0.008758443453476887,2.763102111592855,0.0031697863849222273,0.5143932673972327,2.0,one_minus_s_power,441,True,3555.0,3555.0,256,1000000
10000,2.0,0.3,0.008758443453476887,2.763102111592855,0.0031697863849222273,0.5143932673972327,2.0,one_minus_s_power,442,True,12977.0,12977.0,256,1000000
10000,2.0,0.3,0.008758443453476887,2.763102111592855,0.0031697863849222273,0.5143932673972327,2.0,one_minus_s_power,443,True,2731.0,2731.0,256,1000000
10000,2.0,0.3,0.008758443453476887,2.763102111592855,0.0031697863849222273,0.5143932673972327,2.0,one_minus_s_power,444,True,3788.0,3788.0,256,1000000
10000,2.0,0.3,0.008758443453476887,2.763102111592855,0.0031697863849222273,0.5143932673972327,2.0,one_minus_s_power,445,True,3457.0,3457.0,256,1000000
10000,2.0,0.3,0.008758443453476887,2.763102111592855,0.0031697863849222273,0.5143932673972327,2.0,one_minus_s_power,446,True,909.0,909.0,256,1000000
10000,2.0,0.3,0.008758443453476887,2.763102111592855,0.0031697863849222273,0.5143932673972327,2.0,one_minus_s_power,447,True,1189.0,1189.0,256,1000000
10000,2.0,0.3,0.008758443453476887,2.763102111592855,0.0031697863849222273,0.5143932673972327,2.0,one_minus_s_power,448,True,5332.0,5332.0,256,1000000
10000,2.0,0.3,0.008758443453476887,2.763102111592855,0.0031697863849222273,0.5143932673972327,2.0,one_minus_s_power,449,True,7074.0,7074.0,256,1000000
10000,2.0,0.3,0.008758443453476887,2.763102111592855,0.0031697863849222273,0.5143932673972327,2.0,one_minus_s_power,450,True,484.0,484.0,256,1000000
10000,2.0,0.3,0.008758443453476887,2.763102111592855,0.0031697863849222273,0.5143932673972327,2.0,one_minus_s_power,451,True,452.0,452.0,256,1000000
10000,2.0,0.3,0.008758443453476887,2.763102111592855,0.0031697863849222273,0.5143932673972327,2.0,one_minus_s_power,452,True,7402.0,7402.0,256,1000000
10000,2.0,0.3,0.008758443453476887,2.763102111592855,0.0031697863849222273,0.5143932673972327,2.0,one_minus_s_power,453,True,7168.0,7168.0,256,1000000
10000,2.0,0.3,0.008758443453476887,2.763102111592855,0.0031697863849222273,0.5143932673972327,2.0,one_minus_s_power,454,True,7745.0,7745.0,256,1000000
10000,2.0,0.3,0.008758443453476887,2.763102111592855,0.0031697863849222273,0.5143932673972327,2.0,one_minus_s_power,455,True,1079.0,1079.0,256,1000000
10000,2.0,0.3,0.008758443453476887,2.763102111592855,0.0031697863849222273,0.5143932673972327,2.0,one_minus_s_power,456,True,2771.0,2771.0,256,1000000
10000,2.0,0.3,0.008758443453476887,2.763102111592855,0.0031697863849222273,0.5143932673972327,2.0,one_minus_s_power,457,True,626.0,626.0,256,1000000
10000,2.0,0.3,0.008758443453476887,2.763102111592855,0.0031697863849222273,0.5143932673972327,2.0,one_minus_s_power,458,True,3190.0,3190.0,256,1000000
10000,2.0,0.3,0.008758443453476887,2.763102111592855,0.0031697863849222273,0.5143932673972327,2.0,one_minus_s_power,459,True,1046.0,1046.0,256,1000000
10000,2.0,0.3,0.008758443453476887,2.763102111592855,0.0031697863849222273,0.5143932673972327,2.0,one_minus_s_power,460,True,2545.0,2545.0,256,1000000
10000,2.0,0.3,0.008758443453476887,2.763102111592855,0.0031697863849222273,0.5143932673972327,2.0,one_minus_s_power,461,True,8031.0,8031.0,256,1000000
10000,2.0,0.3,0.008758443453476887,2.763102111592855,0.0031697863849222273,0.5143932673972327,2.0,one_minus_s_power,462,True,735.0,735.0,256,1000000
10000,2.0,0.3,0.008758443453476887,2.763102111592855,0.0031697863849222273,0.5143932673972327,2.0,one_minus_s_power,463,True,595.0,595.0,256,1000000
10000,2.0,0.3,0.008758443453476887,2.763102111592855,0.0031697863849222273,0.5143932673972327,2.0,one_minus_s_power,464,True,294.0,294.0,256,1000000
10000,2.0,0.3,0.008758443453476887,2.763102111592855,0.0031697863849222273,0.5143932673972327,2.0,one_minus_s_power,465,True,1087.0,1087.0,256,1000000
10000,2.0,0.3,0.008758443453476887,2.763102111592855,0.0031697863849222273,0.5143932673972327,2.0,one_minus_s_power,466,True,4922.0,4922.0,256,1000000
10000,2.0,0.3,0.008758443453476887,2.763102111592855,0.0031697863849222273,0.5143932673972327,2.0,one_minus_s_power,467,True,2319.0,2319.0,256,1000000
10000,2.0,0.3,0.008758443453476887,2.763102111592855,0.0031697863849222273,0.5143932673972327,2.0,one_minus_s_power,468,True,7317.0,7317.0,256,1000000
10000,2.0,0.3,0.008758443453476887,2.763102111592855,0.0031697863849222273,0.5143932673972327,2.0,one_minus_s_power,469,True,1446.0,1446.0,256,1000000
10000,2.0,0.3,0.008758443453476887,2.763102111592855,0.0031697863849222273,0.5143932673972327,2.0,one_minus_s_power,470,True,4239.0,4239.0,256,1000000
10000,2.0,0.3,0.008758443453476887,2.763102111592855,0.0031697863849222273,0.5143932673972327,2.0,one_minus_s_power,471,True,3805.0,3805.0,256,1000000
10000,2.0,0.3,0.008758443453476887,2.763102111592855,0.0031697863849222273,0.5143932673972327,2.0,one_minus_s_power,472,True,1265.0,1265.0,256,1000000
10000,2.0,0.3,0.008758443453476887,2.763102111592855,0.0031697863849222273,0.5143932673972327,2.0,one_minus_s_power,473,True,731.0,731.0,256,1000000
10000,2.0,0.3,0.008758443453476887,2.763102111592855,0.0031697863849222273,0.5143932673972327,2.0,one_minus_s_power,474,True,3998.0,3998.0,256,1000000
10000,2.0,0.3,0.008758443453476887,2.763102111592855,0.0031697863849222273,0.5143932673972327,2.0,one_minus_s_power,475,True,2792.0,2792.0,256,1000000
10000,2.0,0.3,0.008758443453476887,2.763102111592855,0.0031697863849222273,0.5143932673972327,2.0,one_minus_s_power,476,True,1244.0,1244.0,256,1000000
10000,2.0,0.3,0.008758443453476887,2.763102111592855,0.0031697863849222273,0.5143932673972327,2.0,one_minus_s_power,477,True,7616.0,7616.0,256,1000000
10000,2.0,0.3,0.008758443453476887,2.763102111592855,0.0031697863849222273,0.5143932673972327,2.0,one_minus_s_power,478,True,555.0,555.0,256,1000000
10000,2.0,0.3,0.008758443453476887,2.763102111592855,0.0031697863849222273,0.5143932673972327,2.0,one_minus_s_power,479,True,2259.0,2259.0,256,1000000
10000,2.0,0.3,0.008758443453476887,2.763102111592855,0.0031697863849222273,0.5143932673972327,2.0,one_minus_s_power,480,True,1529.0,1529.0,256,1000000
10000,2.0,0.3,0.008758443453476887,2.763102111592855,0.0031697863849222273,0.5143932673972327,2.0,one_minus_s_power,481,True,580.0,580.0,256,1000000
10000,2.0,0.3,0.008758443453476887,2.763102111592855,0.0031697863849222273,0.5143932673972327,2.0,one_minus_s_power,482,True,3232.0,3232.0,256,1000000
10000,2.0,0.3,0.008758443453476887,2.763102111592855,0.0031697863849222273,0.5143932673972327,2.0,one_minus_s_power,483,True,424.0,424.0,256,1000000
10000,2.0,0.3,0.008758443453476887,2.763102111592855,0.0031697863849222273,0.5143932673972327,2.0,one_minus_s_power,484,True,651.0,651.0,256,1000000
10000,2.0,0.3,0.008758443453476887,2.763102111592855,0.0031697863849222273,0.5143932673972327,2.0,one_minus_s_power,485,True,6099.0,6099.0,256,1000000
10000,2.0,0.3,0.008758443453476887,2.763102111592855,0.0031697863849222273,0.5143932673972327,2.0,one_minus_s_power,486,True,3165.0,3165.0,256,1000000
10000,2.0,0.3,0.008758443453476887,2.763102111592855,0.0031697863849222273,0.5143932673972327,2.0,one_minus_s_power,487,True,1936.0,1936.0,256,1000000
10000,2.0,0.3,0.008758443453476887,2.763102111592855,0.0031697863849222273,0.5143932673972327,2.0,one_minus_s_power,488,True,724.0,724.0,256,1000000
10000,2.0,0.3,0.008758443453476887,2.763102111592855,0.0031697863849222273,0.5143932673972327,2.0,one_minus_s_power,489,True,565.0,565.0,256,1000000
10000,2.0,0.3,0.008758443453476887,2.763102111592855,0.0031697863849222273,0.5143932673972327,2.0,one_minus_s_power,490,True,2230.0,2230.0,256,1000000
10000,2.0,0.3,0.008758443453476887,2.763102111592855,0.0031697863849222273,0.5143932673972327,2.0,one_minus_s_power,491,True,779.0,779.0,256,1000000
10000,2.0,0.3,0.008758443453476887,2.763102111592855,0.0031697863849222273,0.5143932673972327,2.0,one_minus_s_power,492,True,1082.0,1082.0,256,1000000
10000,2.0,0.3,0.008758443453476887,2.763102111592855,0.0031697863849222273,0.5143932673972327,2.0,one_minus_s_power,493,True,1852.0,1852.0,256,1000000
10000,2.0,0.3,0.008758443453476887,2.763102111592855,0.0031697863849222273,0.5143932673972327,2.0,one_minus_s_power,494,True,4013.0,4013.0,256,1000000
10000,2.0,0.3,0.008758443453476887,2.763102111592855,0.0031697863849222273,0.5143932673972327,2.0,one_minus_s_power,495,True,3176.0,3176.0,256,1000000
10000,2.0,0.3,0.008758443453476887,2.763102111592855,0.0031697863849222273,0.5143932673972327,2.0,one_minus_s_power,496,True,3415.0,3415.0,256,1000000
10000,2.0,0.3,0.008758443453476887,2.763102111592855,0.0031697863849222273,0.5143932673972327,2.0,one_minus_s_power,497,True,2504.0,2504.0,256,1000000
10000,2.0,0.3,0.008758443453476887,2.763102111592855,0.0031697863849222273,0.5143932673972327,2.0,one_minus_s_power,498,True,1089.0,1089.0,256,1000000
10000,2.0,0.3,0.008758443453476887,2.763102111592855,0.0031697863849222273,0.5143932673972327,2.0,one_minus_s_power,499,True,3966.0,3966.0,256,1000000
10000,2.0,0.3,0.008758443453476887,2.763102111592855,0.0031697863849222273,0.5143932673972327,2.0,one_minus_s_power,500,True,1394.0,1394.0,256,1000000
10000,2.0,0.3,0.008758443453476887,2.763102111592855,0.0031697863849222273,0.5143932673972327,2.0,one_minus_s_power,501,True,2423.0,2423.0,256,1000000
10000,2.0,0.3,0.008758443453476887,2.763102111592855,0.0031697863849222273,0.5143932673972327,2.0,one_minus_s_power,502,True,621.0,621.0,256,1000000
10000,2.0,0.3,0.008758443453476887,2.763102111592855,0.0031697863849222273,0.5143932673972327,2.0,one_minus_s_power,503,True,3453.0,3453.0,256,1000000
10000,2.0,0.3,0.008758443453476887,2.763102111592855,0.0031697863849222273,0.5143932673972327,2.0,one_minus_s_power,504,True,690.0,690.0,256,1000000
10000,2.0,0.3,0.008758443453476887,2.763102111592855,0.0031697863849222273,0.5143932673972327,2.0,one_minus_s_power,505,True,3933.0,3933.0,256,1000000
10000,2.0,0.3,0.008758443453476887,2.763102111592855,0.0031697863849222273,0.5143932673972327,2.0,one_minus_s_power,506,True,1367.0,1367.0,256,1000000
10000,2.0,0.3,0.008758443453476887,2.763102111592855,0.0031697863849222273,0.5143932673972327,2.0,one_minus_s_power,507,True,1927.0,1927.0,256,1000000
10000,2.0,0.3,0.008758443453476887,2.763102111592855,0.0031697863849222273,0.5143932673972327,2.0,one_minus_s_power,508,True,2085.0,2085.0,256,1000000
10000,2.0,0.3,0.008758443453476887,2.763102111592855,0.0031697863849222273,0.5143932673972327,2.0,one_minus_s_power,509,True,178.0,178.0,256,1000000
10000,2.0,0.3,0.008758443453476887,2.763102111592855,0.0031697863849222273,0.5143932673972327,2.0,one_minus_s_power,510,True,1423.0,1423.0,256,1000000
10000,2.0,0.3,0.008758443453476887,2.763102111592855,0.0031697863849222273,0.5143932673972327,2.0,one_minus_s_power,511,True,4690.0,4690.0,256,1000000
10000,2.0,0.3,0.008758443453476887,2.763102111592855,0.0031697863849222273,0.5143932673972327,2.0,one_minus_s_power,512,True,906.0,906.0,256,1000000
10000,2.0,0.3,0.008758443453476887,2.763102111592855,0.0031697863849222273,0.5143932673972327,2.0,one_minus_s_power,513,True,2157.0,2157.0,256,1000000
10000,2.0,0.3,0.008758443453476887,2.763102111592855,0.0031697863849222273,0.5143932673972327,2.0,one_minus_s_power,514,True,1666.0,1666.0,256,1000000
10000,2.0,0.3,0.008758443453476887,2.763102111592855,0.0031697863849222273,0.5143932673972327,2.0,one_minus_s_power,515,True,2573.0,2573.0,256,1000000
10000,2.0,0.3,0.008758443453476887,2.763102111592855,0.0031697863849222273,0.5143932673972327,2.0,one_minus_s_power,516,True,538.0,538.0,256,1000000
10000,2.0,0.3,0.008758443453476887,2.763102111592855,0.0031697863849222273,0.5143932673972327,2.0,one_minus_s_power,517,True,2219.0,2219.0,256,1000000
10000,2.0,0.3,0.008758443453476887,2.763102111592855,0.0031697863849222273,0.5143932673972327,2.0,one_minus_s_power,518,True,1469.0,1469.0,256,1000000
10000,2.0,0.3,0.008758443453476887,2.763102111592855,0.0031697863849222273,0.5143932673972327,2.0,one_minus_s_power,519,True,3166.0,3166.0,256,1000000
10000,2.0,0.3,0.008758443453476887,2.763102111592855,0.0031697863849222273,0.5143932673972327,2.0,one_minus_s_power,520,True,1500.0,1500.0,256,1000000
10000,2.0,0.3,0.008758443453476887,2.763102111592855,0.0031697863849222273,0.5143932673972327,2.0,one_minus_s_power,521,True,498.0,498.0,256,1000000
10000,2.0,0.3,0.008758443453476887,2.763102111592855,0.0031697863849222273,0.5143932673972327,2.0,one_minus_s_power,522,True,1138.0,1138.0,256,1000000
10000,2.0,0.3,0.008758443453476887,2.763102111592855,0.0031697863849222273,0.5143932673972327,2.0,one_minus_s_power,523,True,3490.0,3490.0,256,1000000
10000,2.0,0.3,0.008758443453476887,2.763102111592855,0.0031697863849222273,0.5143932673972327,2.0,one_minus_s_power,524,True,1736.0,1736.0,256,1000000
10000,2.0,0.3,0.008758443453476887,2.763102111592855,0.0031697863849222273,0.5143932673972327,2.0,one_minus_s_power,525,True,2950.0,2950.0,256,1000000
10000,2.0,0.3,0.008758443453476887,2.763102111592855,0.0031697863849222273,0.5143932673972327,2.0,one_minus_s_power,526,True,1659.0,1659.0,256,1000000
10000,2.0,0.3,0.008758443453476887,2.763102111592855,0.0031697863849222273,0.5143932673972327,2.0,one_minus_s_power,527,True,2753.0,2753.0,256,1000000
10000,2.0,0.3,0.008758443453476887,2.763102111592855,0.0031697863849222273,0.5143932673972327,2.0,one_minus_s_power,528,True,998.0,998.0,256,1000000
10000,2.0,0.3,0.008758443453476887,2.763102111592855,0.0031697863849222273,0.5143932673972327,2.0,one_minus_s_power,529,True,6557.0,6557.0,256,1000000
10000,2.0,0.3,0.008758443453476887,2.763102111592855,0.0031697863849222273,0.5143932673972327,2.0,one_minus_s_power,530,True,440.0,440.0,256,1000000
10000,2.0,0.3,0.008758443453476887,2.763102111592855,0.0031697863849222273,0.5143932673972327,2.0,one_minus_s_power,531,True,1197.0,1197.0,256,1000000
10000,2.0,0.3,0.008758443453476887,2.763102111592855,0.0031697863849222273,0.5143932673972327,2.0,one_minus_s_power,532,True,3602.0,3602.0,256,1000000
10000,2.0,0.3,0.008758443453476887,2.763102111592855,0.0031697863849222273,0.5143932673972327,2.0,one_minus_s_power,533,True,1400.0,1400.0,256,1000000
10000,2.0,0.3,0.008758443453476887,2.763102111592855,0.0031697863849222273,0.5143932673972327,2.0,one_minus_s_power,534,True,3442.0,3442.0,256,1000000
10000,2.0,0.3,0.008758443453476887,2.763102111592855,0.0031697863849222273,0.5143932673972327,2.0,one_minus_s_power,535,True,4895.0,4895.0,256,1000000
10000,2.0,0.3,0.008758443453476887,2.763102111592855,0.0031697863849222273,0.5143932673972327,2.0,one_minus_s_power,536,True,2094.0,2094.0,256,1000000
10000,2.0,0.3,0.008758443453476887,2.763102111592855,0.0031697863849222273,0.5143932673972327,2.0,one_minus_s_power,537,True,2898.0,2898.0,256,1000000
10000,2.0,0.3,0.008758443453476887,2.763102111592855,0.0031697863849222273,0.5143932673972327,2.0,one_minus_s_power,538,True,9381.0,9381.0,256,1000000
10000,2.0,0.3,0.008758443453476887,2.763102111592855,0.0031697863849222273,0.5143932673972327,2.0,one_minus_s_power,539,True,1202.0,1202.0,256,1000000
10000,2.0,0.3,0.008758443453476887,2.763102111592855,0.0031697863849222273,0.5143932673972327,2.0,one_minus_s_power,540,True,1135.0,1135.0,256,1000000
10000,2.0,0.3,0.008758443453476887,2.763102111592855,0.0031697863849222273,0.5143932673972327,2.0,one_minus_s_power,541,True,1296.0,1296.0,256,1000000
10000,2.0,0.3,0.008758443453476887,2.763102111592855,0.0031697863849222273,0.5143932673972327,2.0,one_minus_s_power,542,True,1762.0,1762.0,256,1000000
10000,2.0,0.3,0.008758443453476887,2.763102111592855,0.0031697863849222273,0.5143932673972327,2.0,one_minus_s_power,543,True,3469.0,3469.0,256,1000000
10000,2.0,0.3,0.008758443453476887,2.763102111592855,0.0031697863849222273,0.5143932673972327,2.0,one_minus_s_power,544,True,2304.0,2304.0,256,1000000
10000,2.0,0.3,0.008758443453476887,2.763102111592855,0.0031697863849222273,0.5143932673972327,2.0,one_minus_s_power,545,True,3655.0,3655.0,256,1000000
10000,2.0,0.3,0.008758443453476887,2.763102111592855,0.0031697863849222273,0.5143932673972327,2.0,one_minus_s_power,546,True,1583.0,1583.0,256,1000000
10000,2.0,0.3,0.008758443453476887,2.763102111592855,0.0031697863849222273,0.5143932673972327,2.0,one_minus_s_power,547,True,4847.0,4847.0,256,1000000
10000,2.0,0.3,0.008758443453476887,2.763102111592855,0.0031697863849222273,0.5143932673972327,2.0,one_minus_s_power,548,True,1033.0,1033.0,256,1000000
10000,2.0,0.3,0.008758443453476887,2.763102111592855,0.0031697863849222273,0.5143932673972327,2.0,one_minus_s_power,549,True,585.0,585.0,256,1000000
10000,2.0,0.3,0.008758443453476887,2.763102111592855,0.0031697863849222273,0.5143932673972327,2.0,one_minus_s_power,550,True,2541.0,2541.0,256,1000000
10000,2.0,0.3,0.008758443453476887,2.763102111592855,0.0031697863849222273,0.5143932673972327,2.0,one_minus_s_power,551,True,1024.0,1024.0,256,1000000
10000,2.0,0.3,0.008758443453476887,2.763102111592855,0.0031697863849222273,0.5143932673972327,2.0,one_minus_s_power,552,True,1203.0,1203.0,256,1000000
10000,2.0,0.3,0.008758443453476887,2.763102111592855,0.0031697863849222273,0.5143932673972327,2.0,one_minus_s_power,553,True,734.0,734.0,256,1000000
10000,2.0,0.3,0.008758443453476887,2.763102111592855,0.0031697863849222273,0.5143932673972327,2.0,one_minus_s_power,554,True,17736.0,17736.0,256,1000000
10000,2.0,0.3,0.008758443453476887,2.763102111592855,0.0031697863849222273,0.5143932673972327,2.0,one_minus_s_power,555,True,1491.0,1491.0,256,1000000
10000,2.0,0.3,0.008758443453476887,2.763102111592855,0.0031697863849222273,0.5143932673972327,2.0,one_minus_s_power,556,True,2336.0,2336.0,256,1000000
10000,2.0,0.3,0.008758443453476887,2.763102111592855,0.0031697863849222273,0.5143932673972327,2.0,one_minus_s_power,557,True,5075.0,5075.0,256,1000000
10000,2.0,0.3,0.008758443453476887,2.763102111592855,0.0031697863849222273,0.5143932673972327,2.0,one_minus_s_power,558,True,2066.0,2066.0,256,1000000
10000,2.0,0.3,0.008758443453476887,2.763102111592855,0.0031697863849222273,0.5143932673972327,2.0,one_minus_s_power,559,True,1965.0,1965.0,256,1000000
10000,2.0,0.3,0.008758443453476887,2.763102111592855,0.0031697863849222273,0.5143932673972327,2.0,one_minus_s_power,560,True,903.0,903.0,256,1000000
10000,2.0,0.3,0.008758443453476887,2.763102111592855,0.0031697863849222273,0.5143932673972327,2.0,one_minus_s_power,561,True,4069.0,4069.0,256,1000000
10000,2.0,0.3,0.008758443453476887,2.763102111592855,0.0031697863849222273,0.5143932673972327,2.0,one_minus_s_power,562,True,7990.0,7990.0,256,1000000
10000,2.0,0.3,0.008758443453476887,2.763102111592855,0.0031697863849222273,0.5143932673972327,2.0,one_minus_s_power,563,True,2313.0,2313.0,256,1000000
10000,2.0,0.3,0.008758443453476887,2.763102111592855,0.0031697863849222273,0.5143932673972327,2.0,one_minus_s_power,564,True,891.0,891.0,256,1000000
10000,2.0,0.3,0.008758443453476887,2.763102111592855,0.0031697863849222273,0.5143932673972327,2.0,one_minus_s_power,565,True,4700.0,4700.0,256,1000000
10000,2.0,0.3,0.008758443453476887,2.763102111592855,0.0031697863849222273,0.5143932673972327,2.0,one_minus_s_power,566,True,7966.0,7966.0,256,1000000
10000,2.0,0.3,0.008758443453476887,2.763102111592855,0.0031697863849222273,0.5143932673972327,2.0,one_minus_s_power,567,True,574.0,574.0,256,1000000
10000,2.0,0.3,0.008758443453476887,2.763102111592855,0.0031697863849222273,0.5143932673972327,2.0,one_minus_s_power,568,True,4099.0,4099.0,256,1000000
10000,2.0,0.3,0.008758443453476887,2.763102111592855,0.0031697863849222273,0.5143932673972327,2.0,one_minus_s_power,569,True,7240.0,7240.0,256,1000000
10000,2.0,0.3,0.008758443453476887,2.763102111592855,0.0031697863849222273,0.5143932673972327,2.0,one_minus_s_power,570,True,306.0,306.0,256,1000000
10000,2.0,0.3,0.008758443453476887,2.763102111592855,0.0031697863849222273,0.5143932673972327,2.0,one_minus_s_power,571,True,5955.0,5955.0,256,1000000
10000,2.0,0.3,0.008758443453476887,2.763102111592855,0.0031697863849222273,0.5143932673972327,2.0,one_minus_s_power,572,True,1397.0,1397.0,256,1000000
10000,2.0,0.3,0.008758443453476887,2.763102111592855,0.0031697863849222273,0.5143932673972327,2.0,one_minus_s_power,573,True,1813.0,1813.0,256,1000000
10000,2.0,0.3,0.008758443453476887,2.763102111592855,0.0031697863849222273,0.5143932673972327,2.0,one_minus_s_power,574,True,3275.0,3275.0,256,1000000
10000,2.0,0.3,0.008758443453476887,2.763102111592855,0.0031697863849222273,0.5143932673972327,2.0,one_minus_s_power,575,True,3777.0,3777.0,256,1000000
10000,2.0,0.3,0.008758443453476887,2.763102111592855,0.0031697863849222273,0.5143932673972327,2.0,one_minus_s_power,576,True,409.0,409.0,256,1000000
10000,2.0,0.3,0.008758443453476887,2.763102111592855,0.0031697863849222273,0.5143932673972327,2.0,one_minus_s_power,577,True,3462.0,3462.0,256,1000000
10000,2.0,0.3,0.008758443453476887,2.763102111592855,0.0031697863849222273,0.5143932673972327,2.0,one_minus_s_power,578,True,2339.0,2339.0,256,1000000
10000,2.0,0.3,0.008758443453476887,2.763102111592855,0.0031697863849222273,0.5143932673972327,2.0,one_minus_s_power,579,True,1855.0,1855.0,256,1000000
10000,2.0,0.3,0.008758443453476887,2.763102111592855,0.0031697863849222273,0.5143932673972327,2.0,one_minus_s_power,580,True,2428.0,2428.0,256,1000000
10000,2.0,0.3,0.008758443453476887,2.763102111592855,0.0031697863849222273,0.5143932673972327,2.0,one_minus_s_power,581,True,5391.0,5391.0,256,1000000
10000,2.0,0.3,0.008758443453476887,2.763102111592855,0.0031697863849222273,0.5143932673972327,2.0,one_minus_s_power,582,True,1074.0,1074.0,256,1000000
10000,2.0,0.3,0.008758443453476887,2.763102111592855,0.0031697863849222273,0.5143932673972327,2.0,one_minus_s_power,583,True,1007.0,1007.0,256,1000000
10000,2.0,0.3,0.008758443453476887,2.763102111592855,0.0031697863849222273,0.5143932673972327,2.0,one_minus_s_power,584,True,2160.0,2160.0,256,1000000
10000,2.0,0.3,0.008758443453476887,2.763102111592855,0.0031697863849222273,0.5143932673972327,2.0,one_minus_s_power,585,True,3913.0,3913.0,256,1000000
10000,2.0,0.3,0.008758443453476887,2.763102111592855,0.0031697863849222273,0.5143932673972327,2.0,one_minus_s_power,586,True,2842.0,2842.0,256,1000000
10000,2.0,0.3,0.008758443453476887,2.763102111592855,0.0031697863849222273,0.5143932673972327,2.0,one_minus_s_power,587,True,2299.0,2299.0,256,1000000
10000,2.0,0.3,0.008758443453476887,2.763102111592855,0.0031697863849222273,0.5143932673972327,2.0,one_minus_s_power,588,True,1882.0,1882.0,256,1000000
10000,2.0,0.3,0.008758443453476887,2.763102111592855,0.0031697863849222273,0.5143932673972327,2.0,one_minus_s_power,589,True,3049.0,3049.0,256,1000000
10000,2.0,0.3,0.008758443453476887,2.763102111592855,0.0031697863849222273,0.5143932673972327,2.0,one_minus_s_power,590,True,643.0,643.0,256,1000000
10000,2.0,0.3,0.008758443453476887,2.763102111592855,0.0031697863849222273,0.5143932673972327,2.0,one_minus_s_power,591,True,1694.0,1694.0,256,1000000
10000,2.0,0.3,0.008758443453476887,2.763102111592855,0.0031697863849222273,0.5143932673972327,2.0,one_minus_s_power,592,True,1114.0,1114.0,256,1000000
10000,2.0,0.3,0.008758443453476887,2.763102111592855,0.0031697863849222273,0.5143932673972327,2.0,one_minus_s_power,593,True,1620.0,1620.0,256,1000000
10000,2.0,0.3,0.008758443453476887,2.763102111592855,0.0031697863849222273,0.5143932673972327,2.0,one_minus_s_power,594,True,1062.0,1062.0,256,1000000
10000,2.0,0.3,0.008758443453476887,2.763102111592855,0.0031697863849222273,0.5143932673972327,2.0,one_minus_s_power,595,True,5697.0,5697.0,256,1000000
10000,2.0,0.3,0.008758443453476887,2.763102111592855,0.0031697863849222273,0.5143932673972327,2.0,one_minus_s_power,596,True,2270.0,2270.0,256,1000000
10000,2.0,0.3,0.008758443453476887,2.763102111592855,0.0031697863849222273,0.5143932673972327,2.0,one_minus_s_power,597,True,2940.0,2940.0,256,1000000
10000,2.0,0.3,0.008758443453476887,2.763102111592855,0.0031697863849222273,0.5143932673972327,2.0,one_minus_s_power,598,True,7687.0,7687.0,256,1000000
10000,2.0,0.3,0.008758443453476887,2.763102111592855,0.0031697863849222273,0.5143932673972327,2.0,one_minus_s_power,599,True,2428.0,2428.0,256,1000000
10000,2.0,0.3,0.008758443453476887,2.763102111592855,0.0031697863849222273,0.5143932673972327,2.0,one_minus_s_power,600,True,2967.0,2967.0,256,1000000
10000,2.0,0.3,0.008758443453476887,2.763102111592855,0.0031697863849222273,0.5143932673972327,2.0,one_minus_s_power,601,True,2062.0,2062.0,256,1000000
10000,2.0,0.3,0.008758443453476887,2.763102111592855,0.0031697863849222273,0.5143932673972327,2.0,one_minus_s_power,602,True,4443.0,4443.0,256,1000000
10000,2.0,0.3,0.008758443453476887,2.763102111592855,0.0031697863849222273,0.5143932673972327,2.0,one_minus_s_power,603,True,6338.0,6338.0,256,1000000
10000,2.0,0.3,0.008758443453476887,2.763102111592855,0.0031697863849222273,0.5143932673972327,2.0,one_minus_s_power,604,True,2836.0,2836.0,256,1000000
10000,2.0,0.3,0.008758443453476887,2.763102111592855,0.0031697863849222273,0.5143932673972327,2.0,one_minus_s_power,605,True,3849.0,3849.0,256,1000000
10000,2.0,0.3,0.008758443453476887,2.763102111592855,0.0031697863849222273,0.5143932673972327,2.0,one_minus_s_power,606,True,781.0,781.0,256,1000000
10000,2.0,0.3,0.008758443453476887,2.763102111592855,0.0031697863849222273,0.5143932673972327,2.0,one_minus_s_power,607,True,2793.0,2793.0,256,1000000
10000,2.0,0.3,0.008758443453476887,2.763102111592855,0.0031697863849222273,0.5143932673972327,2.0,one_minus_s_power,608,True,6995.0,6995.0,256,1000000
10000,2.0,0.3,0.008758443453476887,2.763102111592855,0.0031697863849222273,0.5143932673972327,2.0,one_minus_s_power,609,True,6110.0,6110.0,256,1000000
10000,2.0,0.3,0.008758443453476887,2.763102111592855,0.0031697863849222273,0.5143932673972327,2.0,one_minus_s_power,610,True,3832.0,3832.0,256,1000000
10000,2.0,0.3,0.008758443453476887,2.763102111592855,0.0031697863849222273,0.5143932673972327,2.0,one_minus_s_power,611,True,613.0,613.0,256,1000000
10000,2.0,0.3,0.008758443453476887,2.763102111592855,0.0031697863849222273,0.5143932673972327,2.0,one_minus_s_power,612,True,6054.0,6054.0,256,1000000
10000,2.0,0.3,0.008758443453476887,2.763102111592855,0.0031697863849222273,0.5143932673972327,2.0,one_minus_s_power,613,True,6076.0,6076.0,256,1000000
10000,2.0,0.3,0.008758443453476887,2.763102111592855,0.0031697863849222273,0.5143932673972327,2.0,one_minus_s_power,614,True,659.0,659.0,256,1000000
10000,2.0,0.3,0.008758443453476887,2.763102111592855,0.0031697863849222273,0.5143932673972327,2.0,one_minus_s_power,615,True,10239.0,10239.0,256,1000000
10000,2.0,0.3,0.008758443453476887,2.763102111592855,0.0031697863849222273,0.5143932673972327,2.0,one_minus_s_power,616,True,500.0,500.0,256,1000000
10000,2.0,0.3,0.008758443453476887,2.763102111592855,0.0031697863849222273,0.5143932673972327,2.0,one_minus_s_power,617,True,505.0,505.0,256,1000000
10000,2.0,0.3,0.008758443453476887,2.763102111592855,0.0031697863849222273,0.5143932673972327,2.0,one_minus_s_power,618,True,4939.0,4939.0,256,1000000
10000,2.0,0.3,0.008758443453476887,2.763102111592855,0.0031697863849222273,0.5143932673972327,2.0,one_minus_s_power,619,True,6432.0,6432.0,256,1000000
10000,2.0,0.3,0.008758443453476887,2.763102111592855,0.0031697863849222273,0.5143932673972327,2.0,one_minus_s_power,620,True,859.0,859.0,256,1000000
10000,2.0,0.3,0.008758443453476887,2.763102111592855,0.0031697863849222273,0.5143932673972327,2.0,one_minus_s_power,621,True,2894.0,2894.0,256,1000000
10000,2.0,0.3,0.008758443453476887,2.763102111592855,0.0031697863849222273,0.5143932673972327,2.0,one_minus_s_power,622,True,8292.0,8292.0,256,1000000
10000,2.0,0.3,0.008758443453476887,2.763102111592855,0.0031697863849222273,0.5143932673972327,2.0,one_minus_s_power,623,True,2061.0,2061.0,256,1000000
10000,2.0,0.3,0.008758443453476887,2.763102111592855,0.0031697863849222273,0.5143932673972327,2.0,one_minus_s_power,624,True,385.0,385.0,256,1000000
10000,2.0,0.3,0.008758443453476887,2.763102111592855,0.0031697863849222273,0.5143932673972327,2.0,one_minus_s_power,625,True,3615.0,3615.0,256,1000000
10000,2.0,0.3,0.008758443453476887,2.763102111592855,0.0031697863849222273,0.5143932673972327,2.0,one_minus_s_power,626,True,3716.0,3716.0,256,1000000
10000,2.0,0.3,0.008758443453476887,2.763102111592855,0.0031697863849222273,0.5143932673972327,2.0,one_minus_s_power,627,True,5808.0,5808.0,256,1000000
10000,2.0,0.3,0.008758443453476887,2.763102111592855,0.0031697863849222273,0.5143932673972327,2.0,one_minus_s_power,628,True,6268.0,6268.0,256,1000000
10000,2.0,0.3,0.008758443453476887,2.763102111592855,0.0031697863849222273,0.5143932673972327,2.0,one_minus_s_power,629,True,1419.0,1419.0,256,1000000
10000,2.0,0.3,0.008758443453476887,2.763102111592855,0.0031697863849222273,0.5143932673972327,2.0,one_minus_s_power,630,True,6664.0,6664.0,256,1000000
10000,2.0,0.3,0.008758443453476887,2.763102111592855,0.0031697863849222273,0.5143932673972327,2.0,one_minus_s_power,631,True,7785.0,7785.0,256,1000000
10000,2.0,0.3,0.008758443453476887,2.763102111592855,0.0031697863849222273,0.5143932673972327,2.0,one_minus_s_power,632,True,502.0,502.0,256,1000000
10000,2.0,0.3,0.008758443453476887,2.763102111592855,0.0031697863849222273,0.5143932673972327,2.0,one_minus_s_power,633,True,7312.0,7312.0,256,1000000
10000,2.0,0.3,0.008758443453476887,2.763102111592855,0.0031697863849222273,0.5143932673972327,2.0,one_minus_s_power,634,True,828.0,828.0,256,1000000
10000,2.0,0.3,0.008758443453476887,2.763102111592855,0.0031697863849222273,0.5143932673972327,2.0,one_minus_s_power,635,True,1941.0,1941.0,256,1000000
10000,2.0,0.3,0.008758443453476887,2.763102111592855,0.0031697863849222273,0.5143932673972327,2.0,one_minus_s_power,636,True,212.0,212.0,256,1000000
10000,2.0,0.3,0.008758443453476887,2.763102111592855,0.0031697863849222273,0.5143932673972327,2.0,one_minus_s_power,637,True,946.0,946.0,256,1000000
10000,2.0,0.3,0.008758443453476887,2.763102111592855,0.0031697863849222273,0.5143932673972327,2.0,one_minus_s_power,638,True,13871.0,13871.0,256,1000000
10000,2.0,0.3,0.008758443453476887,2.763102111592855,0.0031697863849222273,0.5143932673972327,2.0,one_minus_s_power,639,True,4636.0,4636.0,256,1000000
10000,2.0,0.3,0.008758443453476887,2.763102111592855,0.0031697863849222273,0.5143932673972327,2.0,one_minus_s_power,640,True,367.0,367.0,256,1000000
10000,2.0,0.3,0.008758443453476887,2.763102111592855,0.0031697863849222273,0.5143932673972327,2.0,one_minus_s_power,641,True,1549.0,1549.0,256,1000000
10000,2.0,0.3,0.008758443453476887,2.763102111592855,0.0031697863849222273,0.5143932673972327,2.0,one_minus_s_power,642,True,1054.0,1054.0,256,1000000
10000,2.0,0.3,0.008758443453476887,2.763102111592855,0.0031697863849222273,0.5143932673972327,2.0,one_minus_s_power,643,True,2366.0,2366.0,256,1000000
10000,2.0,0.3,0.008758443453476887,2.763102111592855,0.0031697863849222273,0.5143932673972327,2.0,one_minus_s_power,644,True,3376.0,3376.0,256,1000000
10000,2.0,0.3,0.008758443453476887,2.763102111592855,0.0031697863849222273,0.5143932673972327,2.0,one_minus_s_power,645,True,3312.0,3312.0,256,1000000
10000,2.0,0.3,0.008758443453476887,2.763102111592855,0.0031697863849222273,0.5143932673972327,2.0,one_minus_s_power,646,True,5294.0,5294.0,256,1000000
10000,2.0,0.3,0.008758443453476887,2.763102111592855,0.0031697863849222273,0.5143932673972327,2.0,one_minus_s_power,647,True,611.0,611.0,256,1000000
10000,2.0,0.3,0.008758443453476887,2.763102111592855,0.0031697863849222273,0.5143932673972327,2.0,one_minus_s_power,648,True,6505.0,6505.0,256,1000000
10000,2.0,0.3,0.008758443453476887,2.763102111592855,0.0031697863849222273,0.5143932673972327,2.0,one_minus_s_power,649,True,709.0,709.0,256,1000000
10000,2.0,0.3,0.008758443453476887,2.763102111592855,0.0031697863849222273,0.5143932673972327,2.0,one_minus_s_power,650,True,494.0,494.0,256,1000000
10000,2.0,0.3,0.008758443453476887,2.763102111592855,0.0031697863849222273,0.5143932673972327,2.0,one_minus_s_power,651,True,390.0,390.0,256,1000000
10000,2.0,0.3,0.008758443453476887,2.763102111592855,0.0031697863849222273,0.5143932673972327,2.0,one_minus_s_power,652,True,713.0,713.0,256,1000000
10000,2.0,0.3,0.008758443453476887,2.763102111592855,0.0031697863849222273,0.5143932673972327,2.0,one_minus_s_power,653,True,6374.0,6374.0,256,1000000
10000,2.0,0.3,0.008758443453476887,2.763102111592855,0.0031697863849222273,0.5143932673972327,2.0,one_minus_s_power,654,True,4034.0,4034.0,256,1000000
10000,2.0,0.3,0.008758443453476887,2.763102111592855,0.0031697863849222273,0.5143932673972327,2.0,one_minus_s_power,655,True,1351.0,1351.0,256,1000000
10000,2.0,0.3,0.008758443453476887,2.763102111592855,0.0031697863849222273,0.5143932673972327,2.0,one_minus_s_power,656,True,10437.0,10437.0,256,1000000
10000,2.0,0.3,0.008758443453476887,2.763102111592855,0.0031697863849222273,0.5143932673972327,2.0,one_minus_s_power,657,True,5066.0,5066.0,256,1000000
10000,2.0,0.3,0.008758443453476887,2.763102111592855,0.0031697863849222273,0.5143932673972327,2.0,one_minus_s_power,658,True,3357.0,3357.0,256,1000000
10000,2.0,0.3,0.008758443453476887,2.763102111592855,0.0031697863849222273,0.5143932673972327,2.0,one_minus_s_power,659,True,3126.0,3126.0,256,1000000
10000,2.0,0.3,0.008758443453476887,2.763102111592855,0.0031697863849222273,0.5143932673972327,2.0,one_minus_s_power,660,True,930.0,930.0,256,1000000
10000,2.0,0.3,0.008758443453476887,2.763102111592855,0.0031697863849222273,0.5143932673972327,2.0,one_minus_s_power,661,True,2138.0,2138.0,256,1000000
10000,2.0,0.3,0.008758443453476887,2.763102111592855,0.0031697863849222273,0.5143932673972327,2.0,one_minus_s_power,662,True,1084.0,1084.0,256,1000000
10000,2.0,0.3,0.008758443453476887,2.763102111592855,0.0031697863849222273,0.5143932673972327,2.0,one_minus_s_power,663,True,1994.0,1994.0,256,1000000
10000,2.0,0.3,0.008758443453476887,2.763102111592855,0.0031697863849222273,0.5143932673972327,2.0,one_minus_s_power,664,True,507.0,507.0,256,1000000
10000,2.0,0.3,0.008758443453476887,2.763102111592855,0.0031697863849222273,0.5143932673972327,2.0,one_minus_s_power,665,True,1139.0,1139.0,256,1000000
10000,2.0,0.3,0.008758443453476887,2.763102111592855,0.0031697863849222273,0.5143932673972327,2.0,one_minus_s_power,666,True,1832.0,1832.0,256,1000000
10000,2.0,0.3,0.008758443453476887,2.763102111592855,0.0031697863849222273,0.5143932673972327,2.0,one_minus_s_power,667,True,2060.0,2060.0,256,1000000
10000,2.0,0.3,0.008758443453476887,2.763102111592855,0.0031697863849222273,0.5143932673972327,2.0,one_minus_s_power,668,True,635.0,635.0,256,1000000
10000,2.0,0.3,0.008758443453476887,2.763102111592855,0.0031697863849222273,0.5143932673972327,2.0,one_minus_s_power,669,True,2915.0,2915.0,256,1000000
10000,2.0,0.3,0.008758443453476887,2.763102111592855,0.0031697863849222273,0.5143932673972327,2.0,one_minus_s_power,670,True,443.0,443.0,256,1000000
10000,2.0,0.3,0.008758443453476887,2.763102111592855,0.0031697863849222273,0.5143932673972327,2.0,one_minus_s_power,671,True,452.0,452.0,256,1000000
10000,2.0,0.3,0.008758443453476887,2.763102111592855,0.0031697863849222273,0.5143932673972327,2.0,one_minus_s_power,672,True,9441.0,9441.0,256,1000000
10000,2.0,0.3,0.008758443453476887,2.763102111592855,0.0031697863849222273,0.5143932673972327,2.0,one_minus_s_power,673,True,4698.0,4698.0,256,1000000
10000,2.0,0.3,0.008758443453476887,2.763102111592855,0.0031697863849222273,0.5143932673972327,2.0,one_minus_s_power,674,True,3003.0,3003.0,256,1000000
10000,2.0,0.3,0.008758443453476887,2.763102111592855,0.0031697863849222273,0.5143932673972327,2.0,one_minus_s_power,675,True,2238.0,2238.0,256,1000000
10000,2.0,0.3,0.008758443453476887,2.763102111592855,0.0031697863849222273,0.5143932673972327,2.0,one_minus_s_power,676,True,1204.0,1204.0,256,1000000
10000,2.0,0.3,0.008758443453476887,2.763102111592855,0.0031697863849222273,0.5143932673972327,2.0,one_minus_s_power,677,True,1097.0,1097.0,256,1000000
10000,2.0,0.3,0.008758443453476887,2.763102111592855,0.0031697863849222273,0.5143932673972327,2.0,one_minus_s_power,678,True,765.0,765.0,256,1000000
10000,2.0,0.3,0.008758443453476887,2.763102111592855,0.0031697863849222273,0.5143932673972327,2.0,one_minus_s_power,679,True,1958.0,1958.0,256,1000000
10000,2.0,0.3,0.008758443453476887,2.763102111592855,0.0031697863849222273,0.5143932673972327,2.0,one_minus_s_power,680,True,3126.0,3126.0,256,1000000
10000,2.0,0.3,0.008758443453476887,2.763102111592855,0.0031697863849222273,0.5143932673972327,2.0,one_minus_s_power,681,True,2697.0,2697.0,256,1000000
10000,2.0,0.3,0.008758443453476887,2.763102111592855,0.0031697863849222273,0.5143932673972327,2.0,one_minus_s_power,682,True,3056.0,3056.0,256,1000000
10000,2.0,0.3,0.008758443453476887,2.763102111592855,0.0031697863849222273,0.5143932673972327,2.0,one_minus_s_power,683,True,2511.0,2511.0,256,1000000
10000,2.0,0.3,0.008758443453476887,2.763102111592855,0.0031697863849222273,0.5143932673972327,2.0,one_minus_s_power,684,True,2443.0,2443.0,256,1000000
10000,2.0,0.3,0.008758443453476887,2.763102111592855,0.0031697863849222273,0.5143932673972327,2.0,one_minus_s_power,685,True,4066.0,4066.0,256,1000000
10000,2.0,0.3,0.008758443453476887,2.763102111592855,0.0031697863849222273,0.5143932673972327,2.0,one_minus_s_power,686,True,1300.0,1300.0,256,1000000
10000,2.0,0.3,0.008758443453476887,2.763102111592855,0.0031697863849222273,0.5143932673972327,2.0,one_minus_s_power,687,True,994.0,994.0,256,1000000
10000,2.0,0.3,0.008758443453476887,2.763102111592855,0.0031697863849222273,0.5143932673972327,2.0,one_minus_s_power,688,True,7699.0,7699.0,256,1000000
10000,2.0,0.3,0.008758443453476887,2.763102111592855,0.0031697863849222273,0.5143932673972327,2.0,one_minus_s_power,689,True,706.0,706.0,256,1000000
10000,2.0,0.3,0.008758443453476887,2.763102111592855,0.0031697863849222273,0.5143932673972327,2.0,one_minus_s_power,690,True,522.0,522.0,256,1000000
10000,2.0,0.3,0.008758443453476887,2.763102111592855,0.0031697863849222273,0.5143932673972327,2.0,one_minus_s_power,691,True,2141.0,2141.0,256,1000000
10000,2.0,0.3,0.008758443453476887,2.763102111592855,0.0031697863849222273,0.5143932673972327,2.0,one_minus_s_power,692,True,1857.0,1857.0,256,1000000
10000,2.0,0.3,0.008758443453476887,2.763102111592855,0.0031697863849222273,0.5143932673972327,2.0,one_minus_s_power,693,True,1632.0,1632.0,256,1000000
10000,2.0,0.3,0.008758443453476887,2.763102111592855,0.0031697863849222273,0.5143932673972327,2.0,one_minus_s_power,694,True,1140.0,1140.0,256,1000000
10000,2.0,0.3,0.008758443453476887,2.763102111592855,0.0031697863849222273,0.5143932673972327,2.0,one_minus_s_power,695,True,2777.0,2777.0,256,1000000
10000,2.0,0.3,0.008758443453476887,2.763102111592855,0.0031697863849222273,0.5143932673972327,2.0,one_minus_s_power,696,True,526.0,526.0,256,1000000
10000,2.0,0.3,0.008758443453476887,2.763102111592855,0.0031697863849222273,0.5143932673972327,2.0,one_minus_s_power,697,True,2213.0,2213.0,256,1000000
10000,2.0,0.3,0.008758443453476887,2.763102111592855,0.0031697863849222273,0.5143932673972327,2.0,one_minus_s_power,698,True,2877.0,2877.0,256,1000000
10000,2.0,0.3,0.008758443453476887,2.763102111592855,0.0031697863849222273,0.5143932673972327,2.0,one_minus_s_power,699,True,1112.0,1112.0,256,1000000
10000,2.0,0.3,0.008758443453476887,2.763102111592855,0.0031697863849222273,0.5143932673972327,2.0,one_minus_s_power,700,True,4988.0,4988.0,256,1000000
10000,2.0,0.3,0.008758443453476887,2.763102111592855,0.0031697863849222273,0.5143932673972327,2.0,one_minus_s_power,701,True,2385.0,2385.0,256,1000000
10000,2.0,0.3,0.008758443453476887,2.763102111592855,0.0031697863849222273,0.5143932673972327,2.0,one_minus_s_power,702,True,4308.0,4308.0,256,1000000
10000,2.0,0.3,0.008758443453476887,2.763102111592855,0.0031697863849222273,0.5143932673972327,2.0,one_minus_s_power,703,True,2684.0,2684.0,256,1000000
10000,2.0,0.3,0.008758443453476887,2.763102111592855,0.0031697863849222273,0.5143932673972327,2.0,one_minus_s_power,704,True,3008.0,3008.0,256,1000000
10000,2.0,0.3,0.008758443453476887,2.763102111592855,0.0031697863849222273,0.5143932673972327,2.0,one_minus_s_power,705,True,3313.0,3313.0,256,1000000
10000,2.0,0.3,0.008758443453476887,2.763102111592855,0.0031697863849222273,0.5143932673972327,2.0,one_minus_s_power,706,True,514.0,514.0,256,1000000
10000,2.0,0.3,0.008758443453476887,2.763102111592855,0.0031697863849222273,0.5143932673972327,2.0,one_minus_s_power,707,True,4589.0,4589.0,256,1000000
10000,2.0,0.3,0.008758443453476887,2.763102111592855,0.0031697863849222273,0.5143932673972327,2.0,one_minus_s_power,708,True,735.0,735.0,256,1000000
10000,2.0,0.3,0.008758443453476887,2.763102111592855,0.0031697863849222273,0.5143932673972327,2.0,one_minus_s_power,709,True,1049.0,1049.0,256,1000000
10000,2.0,0.3,0.008758443453476887,2.763102111592855,0.0031697863849222273,0.5143932673972327,2.0,one_minus_s_power,710,True,712.0,712.0,256,1000000
10000,2.0,0.3,0.008758443453476887,2.763102111592855,0.0031697863849222273,0.5143932673972327,2.0,one_minus_s_power,711,True,2219.0,2219.0,256,1000000
10000,2.0,0.3,0.008758443453476887,2.763102111592855,0.0031697863849222273,0.5143932673972327,2.0,one_minus_s_power,712,True,3743.0,3743.0,256,1000000
10000,2.0,0.3,0.008758443453476887,2.763102111592855,0.0031697863849222273,0.5143932673972327,2.0,one_minus_s_power,713,True,825.0,825.0,256,1000000
10000,2.0,0.3,0.008758443453476887,2.763102111592855,0.0031697863849222273,0.5143932673972327,2.0,one_minus_s_power,714,True,4465.0,4465.0,256,1000000
10000,2.0,0.3,0.008758443453476887,2.763102111592855,0.0031697863849222273,0.5143932673972327,2.0,one_minus_s_power,715,True,790.0,790.0,256,1000000
10000,2.0,0.3,0.008758443453476887,2.763102111592855,0.0031697863849222273,0.5143932673972327,2.0,one_minus_s_power,716,True,10081.0,10081.0,256,1000000
10000,2.0,0.3,0.008758443453476887,2.763102111592855,0.0031697863849222273,0.5143932673972327,2.0,one_minus_s_power,717,True,5947.0,5947.0,256,1000000
10000,2.0,0.3,0.008758443453476887,2.763102111592855,0.0031697863849222273,0.5143932673972327,2.0,one_minus_s_power,718,True,3119.0,3119.0,256,1000000
10000,2.0,0.3,0.008758443453476887,2.763102111592855,0.0031697863849222273,0.5143932673972327,2.0,one_minus_s_power,719,True,1217.0,1217.0,256,1000000
10000,2.0,0.3,0.008758443453476887,2.763102111592855,0.0031697863849222273,0.5143932673972327,2.0,one_minus_s_power,720,True,4089.0,4089.0,256,1000000
10000,2.0,0.3,0.008758443453476887,2.763102111592855,0.0031697863849222273,0.5143932673972327,2.0,one_minus_s_power,721,True,2442.0,2442.0,256,1000000
10000,2.0,0.3,0.008758443453476887,2.763102111592855,0.0031697863849222273,0.5143932673972327,2.0,one_minus_s_power,722,True,1242.0,1242.0,256,1000000
10000,2.0,0.3,0.008758443453476887,2.763102111592855,0.0031697863849222273,0.5143932673972327,2.0,one_minus_s_power,723,True,4260.0,4260.0,256,1000000
10000,2.0,0.3,0.008758443453476887,2.763102111592855,0.0031697863849222273,0.5143932673972327,2.0,one_minus_s_power,724,True,2439.0,2439.0,256,1000000
10000,2.0,0.3,0.008758443453476887,2.763102111592855,0.0031697863849222273,0.5143932673972327,2.0,one_minus_s_power,725,True,4762.0,4762.0,256,1000000
10000,2.0,0.3,0.008758443453476887,2.763102111592855,0.0031697863849222273,0.5143932673972327,2.0,one_minus_s_power,726,True,6634.0,6634.0,256,1000000
10000,2.0,0.3,0.008758443453476887,2.763102111592855,0.0031697863849222273,0.5143932673972327,2.0,one_minus_s_power,727,True,4100.0,4100.0,256,1000000
10000,2.0,0.3,0.008758443453476887,2.763102111592855,0.0031697863849222273,0.5143932673972327,2.0,one_minus_s_power,728,True,1852.0,1852.0,256,1000000
10000,2.0,0.3,0.008758443453476887,2.763102111592855,0.0031697863849222273,0.5143932673972327,2.0,one_minus_s_power,729,True,1941.0,1941.0,256,1000000
10000,2.0,0.3,0.008758443453476887,2.763102111592855,0.0031697863849222273,0.5143932673972327,2.0,one_minus_s_power,730,True,898.0,898.0,256,1000000
10000,2.0,0.3,0.008758443453476887,2.763102111592855,0.0031697863849222273,0.5143932673972327,2.0,one_minus_s_power,731,True,1459.0,1459.0,256,1000000
10000,2.0,0.3,0.008758443453476887,2.763102111592855,0.0031697863849222273,0.5143932673972327,2.0,one_minus_s_power,732,True,2590.0,2590.0,256,1000000
10000,2.0,0.3,0.008758443453476887,2.763102111592855,0.0031697863849222273,0.5143932673972327,2.0,one_minus_s_power,733,True,2810.0,2810.0,256,1000000
10000,2.0,0.3,0.008758443453476887,2.763102111592855,0.0031697863849222273,0.5143932673972327,2.0,one_minus_s_power,734,True,552.0,552.0,256,1000000
10000,2.0,0.3,0.008758443453476887,2.763102111592855,0.0031697863849222273,0.5143932673972327,2.0,one_minus_s_power,735,True,867.0,867.0,256,1000000
10000,2.0,0.3,0.008758443453476887,2.763102111592855,0.0031697863849222273,0.5143932673972327,2.0,one_minus_s_power,736,True,6277.0,6277.0,256,1000000
10000,2.0,0.3,0.008758443453476887,2.763102111592855,0.0031697863849222273,0.5143932673972327,2.0,one_minus_s_power,737,True,470.0,470.0,256,1000000
10000,2.0,0.3,0.008758443453476887,2.763102111592855,0.0031697863849222273,0.5143932673972327,2.0,one_minus_s_power,738,True,1753.0,1753.0,256,1000000
10000,2.0,0.3,0.008758443453476887,2.763102111592855,0.0031697863849222273,0.5143932673972327,2.0,one_minus_s_power,739,True,3274.0,3274.0,256,1000000
10000,2.0,0.3,0.008758443453476887,2.763102111592855,0.0031697863849222273,0.5143932673972327,2.0,one_minus_s_power,740,True,567.0,567.0,256,1000000
10000,2.0,0.3,0.008758443453476887,2.763102111592855,0.0031697863849222273,0.5143932673972327,2.0,one_minus_s_power,741,True,1685.0,1685.0,256,1000000
10000,2.0,0.3,0.008758443453476887,2.763102111592855,0.0031697863849222273,0.5143932673972327,2.0,one_minus_s_power,742,True,568.0,568.0,256,1000000
10000,2.0,0.3,0.008758443453476887,2.763102111592855,0.0031697863849222273,0.5143932673972327,2.0,one_minus_s_power,743,True,6369.0,6369.0,256,1000000
10000,2.0,0.3,0.008758443453476887,2.763102111592855,0.0031697863849222273,0.5143932673972327,2.0,one_minus_s_power,744,True,1130.0,1130.0,256,1000000
10000,2.0,0.3,0.008758443453476887,2.763102111592855,0.0031697863849222273,0.5143932673972327,2.0,one_minus_s_power,745,True,950.0,950.0,256,1000000
10000,2.0,0.3,0.008758443453476887,2.763102111592855,0.0031697863849222273,0.5143932673972327,2.0,one_minus_s_power,746,True,565.0,565.0,256,1000000
10000,2.0,0.3,0.008758443453476887,2.763102111592855,0.0031697863849222273,0.5143932673972327,2.0,one_minus_s_power,747,True,1335.0,1335.0,256,1000000
10000,2.0,0.3,0.008758443453476887,2.763102111592855,0.0031697863849222273,0.5143932673972327,2.0,one_minus_s_power,748,True,4520.0,4520.0,256,1000000
10000,2.0,0.3,0.008758443453476887,2.763102111592855,0.0031697863849222273,0.5143932673972327,2.0,one_minus_s_power,749,True,407.0,407.0,256,1000000
10000,2.0,0.3,0.008758443453476887,2.763102111592855,0.0031697863849222273,0.5143932673972327,2.0,one_minus_s_power,750,True,4097.0,4097.0,256,1000000
10000,2.0,0.3,0.008758443453476887,2.763102111592855,0.0031697863849222273,0.5143932673972327,2.0,one_minus_s_power,751,True,1453.0,1453.0,256,1000000
10000,2.0,0.3,0.008758443453476887,2.763102111592855,0.0031697863849222273,0.5143932673972327,2.0,one_minus_s_power,752,True,8355.0,8355.0,256,1000000
10000,2.0,0.3,0.008758443453476887,2.763102111592855,0.0031697863849222273,0.5143932673972327,2.0,one_minus_s_power,753,True,1065.0,1065.0,256,1000000
10000,2.0,0.3,0.008758443453476887,2.763102111592855,0.0031697863849222273,0.5143932673972327,2.0,one_minus_s_power,754,True,10117.0,10117.0,256,1000000
10000,2.0,0.3,0.008758443453476887,2.763102111592855,0.0031697863849222273,0.5143932673972327,2.0,one_minus_s_power,755,True,473.0,473.0,256,1000000
10000,2.0,0.3,0.008758443453476887,2.763102111592855,0.0031697863849222273,0.5143932673972327,2.0,one_minus_s_power,756,True,2375.0,2375.0,256,1000000
10000,2.0,0.3,0.008758443453476887,2.763102111592855,0.0031697863849222273,0.5143932673972327,2.0,one_minus_s_power,757,True,760.0,760.0,256,1000000
10000,2.0,0.3,0.008758443453476887,2.763102111592855,0.0031697863849222273,0.5143932673972327,2.0,one_minus_s_power,758,True,1177.0,1177.0,256,1000000
10000,2.0,0.3,0.008758443453476887,2.763102111592855,0.0031697863849222273,0.5143932673972327,2.0,one_minus_s_power,759,True,1446.0,1446.0,256,1000000
10000,2.0,0.3,0.008758443453476887,2.763102111592855,0.0031697863849222273,0.5143932673972327,2.0,one_minus_s_power,760,True,3044.0,3044.0,256,1000000
10000,2.0,0.3,0.008758443453476887,2.763102111592855,0.0031697863849222273,0.5143932673972327,2.0,one_minus_s_power,761,True,4517.0,4517.0,256,1000000
10000,2.0,0.3,0.008758443453476887,2.763102111592855,0.0031697863849222273,0.5143932673972327,2.0,one_minus_s_power,762,True,2622.0,2622.0,256,1000000
10000,2.0,0.3,0.008758443453476887,2.763102111592855,0.0031697863849222273,0.5143932673972327,2.0,one_minus_s_power,763,True,312.0,312.0,256,1000000
10000,2.0,0.3,0.008758443453476887,2.763102111592855,0.0031697863849222273,0.5143932673972327,2.0,one_minus_s_power,764,True,1436.0,1436.0,256,1000000
10000,2.0,0.3,0.008758443453476887,2.763102111592855,0.0031697863849222273,0.5143932673972327,2.0,one_minus_s_power,765,True,4463.0,4463.0,256,1000000
10000,2.0,0.3,0.008758443453476887,2.763102111592855,0.0031697863849222273,0.5143932673972327,2.0,one_minus_s_power,766,True,4689.0,4689.0,256,1000000
10000,2.0,0.3,0.008758443453476887,2.763102111592855,0.0031697863849222273,0.5143932673972327,2.0,one_minus_s_power,767,True,2007.0,2007.0,256,1000000
10000,2.0,0.3,0.008758443453476887,2.763102111592855,0.0031697863849222273,0.5143932673972327,2.0,one_minus_s_power,768,True,2341.0,2341.0,256,1000000
10000,2.0,0.3,0.008758443453476887,2.763102111592855,0.0031697863849222273,0.5143932673972327,2.0,one_minus_s_power,769,True,12284.0,12284.0,256,1000000
10000,2.0,0.3,0.008758443453476887,2.763102111592855,0.0031697863849222273,0.5143932673972327,2.0,one_minus_s_power,770,True,846.0,846.0,256,1000000
10000,2.0,0.3,0.008758443453476887,2.763102111592855,0.0031697863849222273,0.5143932673972327,2.0,one_minus_s_power,771,True,1900.0,1900.0,256,1000000
10000,2.0,0.3,0.008758443453476887,2.763102111592855,0.0031697863849222273,0.5143932673972327,2.0,one_minus_s_power,772,True,3887.0,3887.0,256,1000000
10000,2.0,0.3,0.008758443453476887,2.763102111592855,0.0031697863849222273,0.5143932673972327,2.0,one_minus_s_power,773,True,4171.0,4171.0,256,1000000
10000,2.0,0.3,0.008758443453476887,2.763102111592855,0.0031697863849222273,0.5143932673972327,2.0,one_minus_s_power,774,True,11919.0,11919.0,256,1000000
10000,2.0,0.3,0.008758443453476887,2.763102111592855,0.0031697863849222273,0.5143932673972327,2.0,one_minus_s_power,775,True,882.0,882.0,256,1000000
10000,2.0,0.3,0.008758443453476887,2.763102111592855,0.0031697863849222273,0.5143932673972327,2.0,one_minus_s_power,776,True,408.0,408.0,256,1000000
10000,2.0,0.3,0.008758443453476887,2.763102111592855,0.0031697863849222273,0.5143932673972327,2.0,one_minus_s_power,777,True,711.0,711.0,256,1000000
10000,2.0,0.3,0.008758443453476887,2.763102111592855,0.0031697863849222273,0.5143932673972327,2.0,one_minus_s_power,778,True,1615.0,1615.0,256,1000000
10000,2.0,0.3,0.008758443453476887,2.763102111592855,0.0031697863849222273,0.5143932673972327,2.0,one_minus_s_power,779,True,447.0,447.0,256,1000000
10000,2.0,0.3,0.008758443453476887,2.763102111592855,0.0031697863849222273,0.5143932673972327,2.0,one_minus_s_power,780,True,5172.0,5172.0,256,1000000
10000,2.0,0.3,0.008758443453476887,2.763102111592855,0.0031697863849222273,0.5143932673972327,2.0,one_minus_s_power,781,True,1129.0,1129.0,256,1000000
10000,2.0,0.3,0.008758443453476887,2.763102111592855,0.0031697863849222273,0.5143932673972327,2.0,one_minus_s_power,782,True,10037.0,10037.0,256,1000000
10000,2.0,0.3,0.008758443453476887,2.763102111592855,0.0031697863849222273,0.5143932673972327,2.0,one_minus_s_power,783,True,568.0,568.0,256,1000000
10000,2.0,0.3,0.008758443453476887,2.763102111592855,0.0031697863849222273,0.5143932673972327,2.0,one_minus_s_power,784,True,5406.0,5406.0,256,1000000
10000,2.0,0.3,0.008758443453476887,2.763102111592855,0.0031697863849222273,0.5143932673972327,2.0,one_minus_s_power,785,True,9289.0,9289.0,256,1000000
10000,2.0,0.3,0.008758443453476887,2.763102111592855,0.0031697863849222273,0.5143932673972327,2.0,one_minus_s_power,786,True,2320.0,2320.0,256,1000000
10000,2.0,0.3,0.008758443453476887,2.763102111592855,0.0031697863849222273,0.5143932673972327,2.0,one_minus_s_power,787,True,4090.0,4090.0,256,1000000
10000,2.0,0.3,0.008758443453476887,2.763102111592855,0.0031697863849222273,0.5143932673972327,2.0,one_minus_s_power,788,True,2497.0,2497.0,256,1000000
10000,2.0,0.3,0.008758443453476887,2.763102111592855,0.0031697863849222273,0.5143932673972327,2.0,one_minus_s_power,789,True,799.0,799.0,256,1000000
10000,2.0,0.3,0.008758443453476887,2.763102111592855,0.0031697863849222273,0.5143932673972327,2.0,one_minus_s_power,790,True,5323.0,5323.0,256,1000000
10000,2.0,0.3,0.008758443453476887,2.763102111592855,0.0031697863849222273,0.5143932673972327,2.0,one_minus_s_power,791,True,3310.0,3310.0,256,1000000
10000,2.0,0.3,0.008758443453476887,2.763102111592855,0.0031697863849222273,0.5143932673972327,2.0,one_minus_s_power,792,True,6063.0,6063.0,256,1000000
10000,2.0,0.3,0.008758443453476887,2.763102111592855,0.0031697863849222273,0.5143932673972327,2.0,one_minus_s_power,793,True,2910.0,2910.0,256,1000000
10000,2.0,0.3,0.008758443453476887,2.763102111592855,0.0031697863849222273,0.5143932673972327,2.0,one_minus_s_power,794,True,22060.0,22060.0,256,1000000
10000,2.0,0.3,0.008758443453476887,2.763102111592855,0.0031697863849222273,0.5143932673972327,2.0,one_minus_s_power,795,True,916.0,916.0,256,1000000
10000,2.0,0.3,0.008758443453476887,2.763102111592855,0.0031697863849222273,0.5143932673972327,2.0,one_minus_s_power,796,True,3816.0,3816.0,256,1000000
10000,2.0,0.3,0.008758443453476887,2.763102111592855,0.0031697863849222273,0.5143932673972327,2.0,one_minus_s_power,797,True,1510.0,1510.0,256,1000000
10000,2.0,0.3,0.008758443453476887,2.763102111592855,0.0031697863849222273,0.5143932673972327,2.0,one_minus_s_power,798,True,6501.0,6501.0,256,1000000
10000,2.0,0.3,0.008758443453476887,2.763102111592855,0.0031697863849222273,0.5143932673972327,2.0,one_minus_s_power,799,True,1003.0,1003.0,256,1000000
10000,2.0,0.3,0.008758443453476887,2.763102111592855,0.0031697863849222273,0.5143932673972327,2.0,one_minus_s_power,800,True,1755.0,1755.0,256,1000000
10000,2.0,0.3,0.008758443453476887,2.763102111592855,0.0031697863849222273,0.5143932673972327,2.0,one_minus_s_power,801,True,4190.0,4190.0,256,1000000
10000,2.0,0.3,0.008758443453476887,2.763102111592855,0.0031697863849222273,0.5143932673972327,2.0,one_minus_s_power,802,True,1824.0,1824.0,256,1000000
10000,2.0,0.3,0.008758443453476887,2.763102111592855,0.0031697863849222273,0.5143932673972327,2.0,one_minus_s_power,803,True,2792.0,2792.0,256,1000000
10000,2.0,0.3,0.008758443453476887,2.763102111592855,0.0031697863849222273,0.5143932673972327,2.0,one_minus_s_power,804,True,24710.0,24710.0,256,1000000
10000,2.0,0.3,0.008758443453476887,2.763102111592855,0.0031697863849222273,0.5143932673972327,2.0,one_minus_s_power,805,True,2893.0,2893.0,256,1000000
10000,2.0,0.3,0.008758443453476887,2.763102111592855,0.0031697863849222273,0.5143932673972327,2.0,one_minus_s_power,806,True,519.0,519.0,256,1000000
10000,2.0,0.3,0.008758443453476887,2.763102111592855,0.0031697863849222273,0.5143932673972327,2.0,one_minus_s_power,807,True,749.0,749.0,256,1000000
10000,2.0,0.3,0.008758443453476887,2.763102111592855,0.0031697863849222273,0.5143932673972327,2.0,one_minus_s_power,808,True,2519.0,2519.0,256,1000000
10000,2.0,0.3,0.008758443453476887,2.763102111592855,0.0031697863849222273,0.5143932673972327,2.0,one_minus_s_power,809,True,624.0,624.0,256,1000000
10000,2.0,0.3,0.008758443453476887,2.763102111592855,0.0031697863849222273,0.5143932673972327,2.0,one_minus_s_power,810,True,2322.0,2322.0,256,1000000
10000,2.0,0.3,0.008758443453476887,2.763102111592855,0.0031697863849222273,0.5143932673972327,2.0,one_minus_s_power,811,True,1164.0,1164.0,256,1000000
10000,2.0,0.3,0.008758443453476887,2.763102111592855,0.0031697863849222273,0.5143932673972327,2.0,one_minus_s_power,812,True,3856.0,3856.0,256,1000000
10000,2.0,0.3,0.008758443453476887,2.763102111592855,0.0031697863849222273,0.5143932673972327,2.0,one_minus_s_power,813,True,3939.0,3939.0,256,1000000
10000,2.0,0.3,0.008758443453476887,2.763102111592855,0.0031697863849222273,0.5143932673972327,2.0,one_minus_s_power,814,True,4712.0,4712.0,256,1000000
10000,2.0,0.3,0.008758443453476887,2.763102111592855,0.0031697863849222273,0.5143932673972327,2.0,one_minus_s_power,815,True,762.0,762.0,256,1000000
10000,2.0,0.3,0.008758443453476887,2.763102111592855,0.0031697863849222273,0.5143932673972327,2.0,one_minus_s_power,816,True,3978.0,3978.0,256,1000000
10000,2.0,0.3,0.008758443453476887,2.763102111592855,0.0031697863849222273,0.5143932673972327,2.0,one_minus_s_power,817,True,877.0,877.0,256,1000000
10000,2.0,0.3,0.008758443453476887,2.763102111592855,0.0031697863849222273,0.5143932673972327,2.0,one_minus_s_power,818,True,5237.0,5237.0,256,1000000
10000,2.0,0.3,0.008758443453476887,2.763102111592855,0.0031697863849222273,0.5143932673972327,2.0,one_minus_s_power,819,True,1549.0,1549.0,256,1000000
10000,2.0,0.3,0.008758443453476887,2.763102111592855,0.0031697863849222273,0.5143932673972327,2.0,one_minus_s_power,820,True,1842.0,1842.0,256,1000000
10000,2.0,0.3,0.008758443453476887,2.763102111592855,0.0031697863849222273,0.5143932673972327,2.0,one_minus_s_power,821,True,597.0,597.0,256,1000000
10000,2.0,0.3,0.008758443453476887,2.763102111592855,0.0031697863849222273,0.5143932673972327,2.0,one_minus_s_power,822,True,1682.0,1682.0,256,1000000
10000,2.0,0.3,0.008758443453476887,2.763102111592855,0.0031697863849222273,0.5143932673972327,2.0,one_minus_s_power,823,True,3769.0,3769.0,256,1000000
10000,2.0,0.3,0.008758443453476887,2.763102111592855,0.0031697863849222273,0.5143932673972327,2.0,one_minus_s_power,824,True,5622.0,5622.0,256,1000000
10000,2.0,0.3,0.008758443453476887,2.763102111592855,0.0031697863849222273,0.5143932673972327,2.0,one_minus_s_power,825,True,1558.0,1558.0,256,1000000
10000,2.0,0.3,0.008758443453476887,2.763102111592855,0.0031697863849222273,0.5143932673972327,2.0,one_minus_s_power,826,True,4035.0,4035.0,256,1000000
10000,2.0,0.3,0.008758443453476887,2.763102111592855,0.0031697863849222273,0.5143932673972327,2.0,one_minus_s_power,827,True,7517.0,7517.0,256,1000000
10000,2.0,0.3,0.008758443453476887,2.763102111592855,0.0031697863849222273,0.5143932673972327,2.0,one_minus_s_power,828,True,2731.0,2731.0,256,1000000
10000,2.0,0.3,0.008758443453476887,2.763102111592855,0.0031697863849222273,0.5143932673972327,2.0,one_minus_s_power,829,True,2640.0,2640.0,256,1000000
10000,2.0,0.3,0.008758443453476887,2.763102111592855,0.0031697863849222273,0.5143932673972327,2.0,one_minus_s_power,830,True,547.0,547.0,256,1000000
10000,2.0,0.3,0.008758443453476887,2.763102111592855,0.0031697863849222273,0.5143932673972327,2.0,one_minus_s_power,831,True,2765.0,2765.0,256,1000000
10000,2.0,0.3,0.008758443453476887,2.763102111592855,0.0031697863849222273,0.5143932673972327,2.0,one_minus_s_power,832,True,7260.0,7260.0,256,1000000
10000,2.0,0.3,0.008758443453476887,2.763102111592855,0.0031697863849222273,0.5143932673972327,2.0,one_minus_s_power,833,True,10794.0,10794.0,256,1000000
10000,2.0,0.3,0.008758443453476887,2.763102111592855,0.0031697863849222273,0.5143932673972327,2.0,one_minus_s_power,834,True,1790.0,1790.0,256,1000000
10000,2.0,0.3,0.008758443453476887,2.763102111592855,0.0031697863849222273,0.5143932673972327,2.0,one_minus_s_power,835,True,2614.0,2614.0,256,1000000
10000,2.0,0.3,0.008758443453476887,2.763102111592855,0.0031697863849222273,0.5143932673972327,2.0,one_minus_s_power,836,True,3971.0,3971.0,256,1000000
10000,2.0,0.3,0.008758443453476887,2.763102111592855,0.0031697863849222273,0.5143932673972327,2.0,one_minus_s_power,837,True,8056.0,8056.0,256,1000000
10000,2.0,0.3,0.008758443453476887,2.763102111592855,0.0031697863849222273,0.5143932673972327,2.0,one_minus_s_power,838,True,3394.0,3394.0,256,1000000
10000,2.0,0.3,0.008758443453476887,2.763102111592855,0.0031697863849222273,0.5143932673972327,2.0,one_minus_s_power,839,True,2981.0,2981.0,256,1000000
10000,2.0,0.3,0.008758443453476887,2.763102111592855,0.0031697863849222273,0.5143932673972327,2.0,one_minus_s_power,840,True,425.0,425.0,256,1000000
10000,2.0,0.3,0.008758443453476887,2.763102111592855,0.0031697863849222273,0.5143932673972327,2.0,one_minus_s_power,841,True,6458.0,6458.0,256,1000000
10000,2.0,0.3,0.008758443453476887,2.763102111592855,0.0031697863849222273,0.5143932673972327,2.0,one_minus_s_power,842,True,4380.0,4380.0,256,1000000
10000,2.0,0.3,0.008758443453476887,2.763102111592855,0.0031697863849222273,0.5143932673972327,2.0,one_minus_s_power,843,True,2391.0,2391.0,256,1000000
10000,2.0,0.3,0.008758443453476887,2.763102111592855,0.0031697863849222273,0.5143932673972327,2.0,one_minus_s_power,844,True,1387.0,1387.0,256,1000000
10000,2.0,0.3,0.008758443453476887,2.763102111592855,0.0031697863849222273,0.5143932673972327,2.0,one_minus_s_power,845,True,4515.0,4515.0,256,1000000
10000,2.0,0.3,0.008758443453476887,2.763102111592855,0.0031697863849222273,0.5143932673972327,2.0,one_minus_s_power,846,True,2203.0,2203.0,256,1000000
10000,2.0,0.3,0.008758443453476887,2.763102111592855,0.0031697863849222273,0.5143932673972327,2.0,one_minus_s_power,847,True,625.0,625.0,256,1000000
10000,2.0,0.3,0.008758443453476887,2.763102111592855,0.0031697863849222273,0.5143932673972327,2.0,one_minus_s_power,848,True,3951.0,3951.0,256,1000000
10000,2.0,0.3,0.008758443453476887,2.763102111592855,0.0031697863849222273,0.5143932673972327,2.0,one_minus_s_power,849,True,809.0,809.0,256,1000000
10000,2.0,0.3,0.008758443453476887,2.763102111592855,0.0031697863849222273,0.5143932673972327,2.0,one_minus_s_power,850,True,2805.0,2805.0,256,1000000
10000,2.0,0.3,0.008758443453476887,2.763102111592855,0.0031697863849222273,0.5143932673972327,2.0,one_minus_s_power,851,True,6325.0,6325.0,256,1000000
10000,2.0,0.3,0.008758443453476887,2.763102111592855,0.0031697863849222273,0.5143932673972327,2.0,one_minus_s_power,852,True,1252.0,1252.0,256,1000000
10000,2.0,0.3,0.008758443453476887,2.763102111592855,0.0031697863849222273,0.5143932673972327,2.0,one_minus_s_power,853,True,2178.0,2178.0,256,1000000
10000,2.0,0.3,0.008758443453476887,2.763102111592855,0.0031697863849222273,0.5143932673972327,2.0,one_minus_s_power,854,True,641.0,641.0,256,1000000
10000,2.0,0.3,0.008758443453476887,2.763102111592855,0.0031697863849222273,0.5143932673972327,2.0,one_minus_s_power,855,True,7729.0,7729.0,256,1000000
10000,2.0,0.3,0.008758443453476887,2.763102111592855,0.0031697863849222273,0.5143932673972327,2.0,one_minus_s_power,856,True,2499.0,2499.0,256,1000000
10000,2.0,0.3,0.008758443453476887,2.763102111592855,0.0031697863849222273,0.5143932673972327,2.0,one_minus_s_power,857,True,2209.0,2209.0,256,1000000
10000,2.0,0.3,0.008758443453476887,2.763102111592855,0.0031697863849222273,0.5143932673972327,2.0,one_minus_s_power,858,True,7645.0,7645.0,256,1000000
10000,2.0,0.3,0.008758443453476887,2.763102111592855,0.0031697863849222273,0.5143932673972327,2.0,one_minus_s_power,859,True,5198.0,5198.0,256,1000000
10000,2.0,0.3,0.008758443453476887,2.763102111592855,0.0031697863849222273,0.5143932673972327,2.0,one_minus_s_power,860,True,3724.0,3724.0,256,1000000
10000,2.0,0.3,0.008758443453476887,2.763102111592855,0.0031697863849222273,0.5143932673972327,2.0,one_minus_s_power,861,True,289.0,289.0,256,1000000
10000,2.0,0.3,0.008758443453476887,2.763102111592855,0.0031697863849222273,0.5143932673972327,2.0,one_minus_s_power,862,True,222.0,222.0,256,1000000
10000,2.0,0.3,0.008758443453476887,2.763102111592855,0.0031697863849222273,0.5143932673972327,2.0,one_minus_s_power,863,True,2031.0,2031.0,256,1000000
10000,2.0,0.3,0.008758443453476887,2.763102111592855,0.0031697863849222273,0.5143932673972327,2.0,one_minus_s_power,864,True,710.0,710.0,256,1000000
10000,2.0,0.3,0.008758443453476887,2.763102111592855,0.0031697863849222273,0.5143932673972327,2.0,one_minus_s_power,865,True,1078.0,1078.0,256,1000000
10000,2.0,0.3,0.008758443453476887,2.763102111592855,0.0031697863849222273,0.5143932673972327,2.0,one_minus_s_power,866,True,1666.0,1666.0,256,1000000
10000,2.0,0.3,0.008758443453476887,2.763102111592855,0.0031697863849222273,0.5143932673972327,2.0,one_minus_s_power,867,True,1782.0,1782.0,256,1000000
10000,2.0,0.3,0.008758443453476887,2.763102111592855,0.0031697863849222273,0.5143932673972327,2.0,one_minus_s_power,868,True,946.0,946.0,256,1000000
10000,2.0,0.3,0.008758443453476887,2.763102111592855,0.0031697863849222273,0.5143932673972327,2.0,one_minus_s_power,869,True,2226.0,2226.0,256,1000000
10000,2.0,0.3,0.008758443453476887,2.763102111592855,0.0031697863849222273,0.5143932673972327,2.0,one_minus_s_power,870,True,585.0,585.0,256,1000000
10000,2.0,0.3,0.008758443453476887,2.763102111592855,0.0031697863849222273,0.5143932673972327,2.0,one_minus_s_power,871,True,4680.0,4680.0,256,1000000
10000,2.0,0.3,0.008758443453476887,2.763102111592855,0.0031697863849222273,0.5143932673972327,2.0,one_minus_s_power,872,True,502.0,502.0,256,1000000
10000,2.0,0.3,0.008758443453476887,2.763102111592855,0.0031697863849222273,0.5143932673972327,2.0,one_minus_s_power,873,True,1373.0,1373.0,256,1000000
10000,2.0,0.3,0.008758443453476887,2.763102111592855,0.0031697863849222273,0.5143932673972327,2.0,one_minus_s_power,874,True,6554.0,6554.0,256,1000000
10000,2.0,0.3,0.008758443453476887,2.763102111592855,0.0031697863849222273,0.5143932673972327,2.0,one_minus_s_power,875,True,289.0,289.0,256,1000000
10000,2.0,0.3,0.008758443453476887,2.763102111592855,0.0031697863849222273,0.5143932673972327,2.0,one_minus_s_power,876,True,2286.0,2286.0,256,1000000
10000,2.0,0.3,0.008758443453476887,2.763102111592855,0.0031697863849222273,0.5143932673972327,2.0,one_minus_s_power,877,True,4264.0,4264.0,256,1000000
10000,2.0,0.3,0.008758443453476887,2.763102111592855,0.0031697863849222273,0.5143932673972327,2.0,one_minus_s_power,878,True,792.0,792.0,256,1000000
10000,2.0,0.3,0.008758443453476887,2.763102111592855,0.0031697863849222273,0.5143932673972327,2.0,one_minus_s_power,879,True,6214.0,6214.0,256,1000000
10000,2.0,0.3,0.008758443453476887,2.763102111592855,0.0031697863849222273,0.5143932673972327,2.0,one_minus_s_power,880,True,1300.0,1300.0,256,1000000
10000,2.0,0.3,0.008758443453476887,2.763102111592855,0.0031697863849222273,0.5143932673972327,2.0,one_minus_s_power,881,True,1190.0,1190.0,256,1000000
10000,2.0,0.3,0.008758443453476887,2.763102111592855,0.0031697863849222273,0.5143932673972327,2.0,one_minus_s_power,882,True,423.0,423.0,256,1000000
10000,2.0,0.3,0.008758443453476887,2.763102111592855,0.0031697863849222273,0.5143932673972327,2.0,one_minus_s_power,883,True,1011.0,1011.0,256,1000000
10000,2.0,0.3,0.008758443453476887,2.763102111592855,0.0031697863849222273,0.5143932673972327,2.0,one_minus_s_power,884,True,857.0,857.0,256,1000000
10000,2.0,0.3,0.008758443453476887,2.763102111592855,0.0031697863849222273,0.5143932673972327,2.0,one_minus_s_power,885,True,8266.0,8266.0,256,1000000
10000,2.0,0.3,0.008758443453476887,2.763102111592855,0.0031697863849222273,0.5143932673972327,2.0,one_minus_s_power,886,True,576.0,576.0,256,1000000
10000,2.0,0.3,0.008758443453476887,2.763102111592855,0.0031697863849222273,0.5143932673972327,2.0,one_minus_s_power,887,True,636.0,636.0,256,1000000
10000,2.0,0.3,0.008758443453476887,2.763102111592855,0.0031697863849222273,0.5143932673972327,2.0,one_minus_s_power,888,True,4999.0,4999.0,256,1000000
10000,2.0,0.3,0.008758443453476887,2.763102111592855,0.0031697863849222273,0.5143932673972327,2.0,one_minus_s_power,889,True,435.0,435.0,256,1000000
10000,2.0,0.3,0.008758443453476887,2.763102111592855,0.0031697863849222273,0.5143932673972327,2.0,one_minus_s_power,890,True,1573.0,1573.0,256,1000000
10000,2.0,0.3,0.008758443453476887,2.763102111592855,0.0031697863849222273,0.5143932673972327,2.0,one_minus_s_power,891,True,527.0,527.0,256,1000000
10000,2.0,0.3,0.008758443453476887,2.763102111592855,0.0031697863849222273,0.5143932673972327,2.0,one_minus_s_power,892,True,680.0,680.0,256,1000000
10000,2.0,0.3,0.008758443453476887,2.763102111592855,0.0031697863849222273,0.5143932673972327,2.0,one_minus_s_power,893,True,654.0,654.0,256,1000000
10000,2.0,0.3,0.008758443453476887,2.763102111592855,0.0031697863849222273,0.5143932673972327,2.0,one_minus_s_power,894,True,2633.0,2633.0,256,1000000
10000,2.0,0.3,0.008758443453476887,2.763102111592855,0.0031697863849222273,0.5143932673972327,2.0,one_minus_s_power,895,True,2591.0,2591.0,256,1000000
10000,2.0,0.3,0.008758443453476887,2.763102111592855,0.0031697863849222273,0.5143932673972327,2.0,one_minus_s_power,896,True,9205.0,9205.0,256,1000000
10000,2.0,0.3,0.008758443453476887,2.763102111592855,0.0031697863849222273,0.5143932673972327,2.0,one_minus_s_power,897,True,1232.0,1232.0,256,1000000
10000,2.0,0.3,0.008758443453476887,2.763102111592855,0.0031697863849222273,0.5143932673972327,2.0,one_minus_s_power,898,True,3482.0,3482.0,256,1000000
10000,2.0,0.3,0.008758443453476887,2.763102111592855,0.0031697863849222273,0.5143932673972327,2.0,one_minus_s_power,899,True,2241.0,2241.0,256,1000000
10000,2.0,0.3,0.008758443453476887,2.763102111592855,0.0031697863849222273,0.5143932673972327,2.0,one_minus_s_power,900,True,960.0,960.0,256,1000000
10000,2.0,0.3,0.008758443453476887,2.763102111592855,0.0031697863849222273,0.5143932673972327,2.0,one_minus_s_power,901,True,5415.0,5415.0,256,1000000
10000,2.0,0.3,0.008758443453476887,2.763102111592855,0.0031697863849222273,0.5143932673972327,2.0,one_minus_s_power,902,True,2451.0,2451.0,256,1000000
10000,2.0,0.3,0.008758443453476887,2.763102111592855,0.0031697863849222273,0.5143932673972327,2.0,one_minus_s_power,903,True,1615.0,1615.0,256,1000000
10000,2.0,0.3,0.008758443453476887,2.763102111592855,0.0031697863849222273,0.5143932673972327,2.0,one_minus_s_power,904,True,701.0,701.0,256,1000000
10000,2.0,0.3,0.008758443453476887,2.763102111592855,0.0031697863849222273,0.5143932673972327,2.0,one_minus_s_power,905,True,8838.0,8838.0,256,1000000
10000,2.0,0.3,0.008758443453476887,2.763102111592855,0.0031697863849222273,0.5143932673972327,2.0,one_minus_s_power,906,True,12680.0,12680.0,256,1000000
10000,2.0,0.3,0.008758443453476887,2.763102111592855,0.0031697863849222273,0.5143932673972327,2.0,one_minus_s_power,907,True,1540.0,1540.0,256,1000000
10000,2.0,0.3,0.008758443453476887,2.763102111592855,0.0031697863849222273,0.5143932673972327,2.0,one_minus_s_power,908,True,852.0,852.0,256,1000000
10000,2.0,0.3,0.008758443453476887,2.763102111592855,0.0031697863849222273,0.5143932673972327,2.0,one_minus_s_power,909,True,4863.0,4863.0,256,1000000
10000,2.0,0.3,0.008758443453476887,2.763102111592855,0.0031697863849222273,0.5143932673972327,2.0,one_minus_s_power,910,True,757.0,757.0,256,1000000
10000,2.0,0.3,0.008758443453476887,2.763102111592855,0.0031697863849222273,0.5143932673972327,2.0,one_minus_s_power,911,True,405.0,405.0,256,1000000
10000,2.0,0.3,0.008758443453476887,2.763102111592855,0.0031697863849222273,0.5143932673972327,2.0,one_minus_s_power,912,True,1525.0,1525.0,256,1000000
10000,2.0,0.3,0.008758443453476887,2.763102111592855,0.0031697863849222273,0.5143932673972327,2.0,one_minus_s_power,913,True,1394.0,1394.0,256,1000000
10000,2.0,0.3,0.008758443453476887,2.763102111592855,0.0031697863849222273,0.5143932673972327,2.0,one_minus_s_power,914,True,2700.0,2700.0,256,1000000
10000,2.0,0.3,0.008758443453476887,2.763102111592855,0.0031697863849222273,0.5143932673972327,2.0,one_minus_s_power,915,True,1875.0,1875.0,256,1000000
10000,2.0,0.3,0.008758443453476887,2.763102111592855,0.0031697863849222273,0.5143932673972327,2.0,one_minus_s_power,916,True,4829.0,4829.0,256,1000000
10000,2.0,0.3,0.008758443453476887,2.763102111592855,0.0031697863849222273,0.5143932673972327,2.0,one_minus_s_power,917,True,2610.0,2610.0,256,1000000
10000,2.0,0.3,0.008758443453476887,2.763102111592855,0.0031697863849222273,0.5143932673972327,2.0,one_minus_s_power,918,True,402.0,402.0,256,1000000
10000,2.0,0.3,0.008758443453476887,2.763102111592855,0.0031697863849222273,0.5143932673972327,2.0,one_minus_s_power,919,True,2644.0,2644.0,256,1000000
10000,2.0,0.3,0.008758443453476887,2.763102111592855,0.0031697863849222273,0.5143932673972327,2.0,one_minus_s_power,920,True,856.0,856.0,256,1000000
10000,2.0,0.3,0.008758443453476887,2.763102111592855,0.0031697863849222273,0.5143932673972327,2.0,one_minus_s_power,921,True,927.0,927.0,256,1000000
10000,2.0,0.3,0.008758443453476887,2.763102111592855,0.0031697863849222273,0.5143932673972327,2.0,one_minus_s_power,922,True,1919.0,1919.0,256,1000000
10000,2.0,0.3,0.008758443453476887,2.763102111592855,0.0031697863849222273,0.5143932673972327,2.0,one_minus_s_power,923,True,1077.0,1077.0,256,1000000
10000,2.0,0.3,0.008758443453476887,2.763102111592855,0.0031697863849222273,0.5143932673972327,2.0,one_minus_s_power,924,True,364.0,364.0,256,1000000
10000,2.0,0.3,0.008758443453476887,2.763102111592855,0.0031697863849222273,0.5143932673972327,2.0,one_minus_s_power,925,True,4771.0,4771.0,256,1000000
10000,2.0,0.3,0.008758443453476887,2.763102111592855,0.0031697863849222273,0.5143932673972327,2.0,one_minus_s_power,926,True,5536.0,5536.0,256,1000000
10000,2.0,0.3,0.008758443453476887,2.763102111592855,0.0031697863849222273,0.5143932673972327,2.0,one_minus_s_power,927,True,1510.0,1510.0,256,1000000
10000,2.0,0.3,0.008758443453476887,2.763102111592855,0.0031697863849222273,0.5143932673972327,2.0,one_minus_s_power,928,True,729.0,729.0,256,1000000
10000,2.0,0.3,0.008758443453476887,2.763102111592855,0.0031697863849222273,0.5143932673972327,2.0,one_minus_s_power,929,True,1821.0,1821.0,256,1000000
10000,2.0,0.3,0.008758443453476887,2.763102111592855,0.0031697863849222273,0.5143932673972327,2.0,one_minus_s_power,930,True,669.0,669.0,256,1000000
10000,2.0,0.3,0.008758443453476887,2.763102111592855,0.0031697863849222273,0.5143932673972327,2.0,one_minus_s_power,931,True,975.0,975.0,256,1000000
10000,2.0,0.3,0.008758443453476887,2.763102111592855,0.0031697863849222273,0.5143932673972327,2.0,one_minus_s_power,932,True,1688.0,1688.0,256,1000000
10000,2.0,0.3,0.008758443453476887,2.763102111592855,0.0031697863849222273,0.5143932673972327,2.0,one_minus_s_power,933,True,818.0,818.0,256,1000000
10000,2.0,0.3,0.008758443453476887,2.763102111592855,0.0031697863849222273,0.5143932673972327,2.0,one_minus_s_power,934,True,3846.0,3846.0,256,1000000
10000,2.0,0.3,0.008758443453476887,2.763102111592855,0.0031697863849222273,0.5143932673972327,2.0,one_minus_s_power,935,True,1402.0,1402.0,256,1000000
10000,2.0,0.3,0.008758443453476887,2.763102111592855,0.0031697863849222273,0.5143932673972327,2.0,one_minus_s_power,936,True,12496.0,12496.0,256,1000000
10000,2.0,0.3,0.008758443453476887,2.763102111592855,0.0031697863849222273,0.5143932673972327,2.0,one_minus_s_power,937,True,2492.0,2492.0,256,1000000
10000,2.0,0.3,0.008758443453476887,2.763102111592855,0.0031697863849222273,0.5143932673972327,2.0,one_minus_s_power,938,True,1037.0,1037.0,256,1000000
10000,2.0,0.3,0.008758443453476887,2.763102111592855,0.0031697863849222273,0.5143932673972327,2.0,one_minus_s_power,939,True,1674.0,1674.0,256,1000000
10000,2.0,0.3,0.008758443453476887,2.763102111592855,0.0031697863849222273,0.5143932673972327,2.0,one_minus_s_power,940,True,386.0,386.0,256,1000000
10000,2.0,0.3,0.008758443453476887,2.763102111592855,0.0031697863849222273,0.5143932673972327,2.0,one_minus_s_power,941,True,1170.0,1170.0,256,1000000
10000,2.0,0.3,0.008758443453476887,2.763102111592855,0.0031697863849222273,0.5143932673972327,2.0,one_minus_s_power,942,True,844.0,844.0,256,1000000
10000,2.0,0.3,0.008758443453476887,2.763102111592855,0.0031697863849222273,0.5143932673972327,2.0,one_minus_s_power,943,True,685.0,685.0,256,1000000
10000,2.0,0.3,0.008758443453476887,2.763102111592855,0.0031697863849222273,0.5143932673972327,2.0,one_minus_s_power,944,True,2488.0,2488.0,256,1000000
10000,2.0,0.3,0.008758443453476887,2.763102111592855,0.0031697863849222273,0.5143932673972327,2.0,one_minus_s_power,945,True,922.0,922.0,256,1000000
10000,2.0,0.3,0.008758443453476887,2.763102111592855,0.0031697863849222273,0.5143932673972327,2.0,one_minus_s_power,946,True,209.0,209.0,256,1000000
10000,2.0,0.3,0.008758443453476887,2.763102111592855,0.0031697863849222273,0.5143932673972327,2.0,one_minus_s_power,947,True,5153.0,5153.0,256,1000000
10000,2.0,0.3,0.008758443453476887,2.763102111592855,0.0031697863849222273,0.5143932673972327,2.0,one_minus_s_power,948,True,4815.0,4815.0,256,1000000
10000,2.0,0.3,0.008758443453476887,2.763102111592855,0.0031697863849222273,0.5143932673972327,2.0,one_minus_s_power,949,True,695.0,695.0,256,1000000
10000,2.0,0.3,0.008758443453476887,2.763102111592855,0.0031697863849222273,0.5143932673972327,2.0,one_minus_s_power,950,True,1505.0,1505.0,256,1000000
10000,2.0,0.3,0.008758443453476887,2.763102111592855,0.0031697863849222273,0.5143932673972327,2.0,one_minus_s_power,951,True,2765.0,2765.0,256,1000000
10000,2.0,0.3,0.008758443453476887,2.763102111592855,0.0031697863849222273,0.5143932673972327,2.0,one_minus_s_power,952,True,8278.0,8278.0,256,1000000
10000,2.0,0.3,0.008758443453476887,2.763102111592855,0.0031697863849222273,0.5143932673972327,2.0,one_minus_s_power,953,True,684.0,684.0,256,1000000
10000,2.0,0.3,0.008758443453476887,2.763102111592855,0.0031697863849222273,0.5143932673972327,2.0,one_minus_s_power,954,True,1793.0,1793.0,256,1000000
10000,2.0,0.3,0.008758443453476887,2.763102111592855,0.0031697863849222273,0.5143932673972327,2.0,one_minus_s_power,955,True,637.0,637.0,256,1000000
10000,2.0,0.3,0.008758443453476887,2.763102111592855,0.0031697863849222273,0.5143932673972327,2.0,one_minus_s_power,956,True,1948.0,1948.0,256,1000000
10000,2.0,0.3,0.008758443453476887,2.763102111592855,0.0031697863849222273,0.5143932673972327,2.0,one_minus_s_power,957,True,2089.0,2089.0,256,1000000
10000,2.0,0.3,0.008758443453476887,2.763102111592855,0.0031697863849222273,0.5143932673972327,2.0,one_minus_s_power,958,True,778.0,778.0,256,1000000
10000,2.0,0.3,0.008758443453476887,2.763102111592855,0.0031697863849222273,0.5143932673972327,2.0,one_minus_s_power,959,True,1993.0,1993.0,256,1000000
10000,2.0,0.3,0.008758443453476887,2.763102111592855,0.0031697863849222273,0.5143932673972327,2.0,one_minus_s_power,960,True,1448.0,1448.0,256,1000000
10000,2.0,0.3,0.008758443453476887,2.763102111592855,0.0031697863849222273,0.5143932673972327,2.0,one_minus_s_power,961,True,649.0,649.0,256,1000000
10000,2.0,0.3,0.008758443453476887,2.763102111592855,0.0031697863849222273,0.5143932673972327,2.0,one_minus_s_power,962,True,1264.0,1264.0,256,1000000
10000,2.0,0.3,0.008758443453476887,2.763102111592855,0.0031697863849222273,0.5143932673972327,2.0,one_minus_s_power,963,True,4855.0,4855.0,256,1000000
10000,2.0,0.3,0.008758443453476887,2.763102111592855,0.0031697863849222273,0.5143932673972327,2.0,one_minus_s_power,964,True,1621.0,1621.0,256,1000000
10000,2.0,0.3,0.008758443453476887,2.763102111592855,0.0031697863849222273,0.5143932673972327,2.0,one_minus_s_power,965,True,3412.0,3412.0,256,1000000
10000,2.0,0.3,0.008758443453476887,2.763102111592855,0.0031697863849222273,0.5143932673972327,2.0,one_minus_s_power,966,True,358.0,358.0,256,1000000
10000,2.0,0.3,0.008758443453476887,2.763102111592855,0.0031697863849222273,0.5143932673972327,2.0,one_minus_s_power,967,True,2594.0,2594.0,256,1000000
10000,2.0,0.3,0.008758443453476887,2.763102111592855,0.0031697863849222273,0.5143932673972327,2.0,one_minus_s_power,968,True,3080.0,3080.0,256,1000000
10000,2.0,0.3,0.008758443453476887,2.763102111592855,0.0031697863849222273,0.5143932673972327,2.0,one_minus_s_power,969,True,1609.0,1609.0,256,1000000
10000,2.0,0.3,0.008758443453476887,2.763102111592855,0.0031697863849222273,0.5143932673972327,2.0,one_minus_s_power,970,True,3569.0,3569.0,256,1000000
10000,2.0,0.3,0.008758443453476887,2.763102111592855,0.0031697863849222273,0.5143932673972327,2.0,one_minus_s_power,971,True,1816.0,1816.0,256,1000000
10000,2.0,0.3,0.008758443453476887,2.763102111592855,0.0031697863849222273,0.5143932673972327,2.0,one_minus_s_power,972,True,1244.0,1244.0,256,1000000
10000,2.0,0.3,0.008758443453476887,2.763102111592855,0.0031697863849222273,0.5143932673972327,2.0,one_minus_s_power,973,True,7088.0,7088.0,256,1000000
10000,2.0,0.3,0.008758443453476887,2.763102111592855,0.0031697863849222273,0.5143932673972327,2.0,one_minus_s_power,974,True,2533.0,2533.0,256,1000000
10000,2.0,0.3,0.008758443453476887,2.763102111592855,0.0031697863849222273,0.5143932673972327,2.0,one_minus_s_power,975,True,927.0,927.0,256,1000000
10000,2.0,0.3,0.008758443453476887,2.763102111592855,0.0031697863849222273,0.5143932673972327,2.0,one_minus_s_power,976,True,3104.0,3104.0,256,1000000
10000,2.0,0.3,0.008758443453476887,2.763102111592855,0.0031697863849222273,0.5143932673972327,2.0,one_minus_s_power,977,True,12768.0,12768.0,256,1000000
10000,2.0,0.3,0.008758443453476887,2.763102111592855,0.0031697863849222273,0.5143932673972327,2.0,one_minus_s_power,978,True,1912.0,1912.0,256,1000000
10000,2.0,0.3,0.008758443453476887,2.763102111592855,0.0031697863849222273,0.5143932673972327,2.0,one_minus_s_power,979,True,3848.0,3848.0,256,1000000
10000,2.0,0.3,0.008758443453476887,2.763102111592855,0.0031697863849222273,0.5143932673972327,2.0,one_minus_s_power,980,True,5651.0,5651.0,256,1000000
10000,2.0,0.3,0.008758443453476887,2.763102111592855,0.0031697863849222273,0.5143932673972327,2.0,one_minus_s_power,981,True,617.0,617.0,256,1000000
10000,2.0,0.3,0.008758443453476887,2.763102111592855,0.0031697863849222273,0.5143932673972327,2.0,one_minus_s_power,982,True,345.0,345.0,256,1000000
10000,2.0,0.3,0.008758443453476887,2.763102111592855,0.0031697863849222273,0.5143932673972327,2.0,one_minus_s_power,983,True,4048.0,4048.0,256,1000000
10000,2.0,0.3,0.008758443453476887,2.763102111592855,0.0031697863849222273,0.5143932673972327,2.0,one_minus_s_power,984,True,286.0,286.0,256,1000000
10000,2.0,0.3,0.008758443453476887,2.763102111592855,0.0031697863849222273,0.5143932673972327,2.0,one_minus_s_power,985,True,1890.0,1890.0,256,1000000
10000,2.0,0.3,0.008758443453476887,2.763102111592855,0.0031697863849222273,0.5143932673972327,2.0,one_minus_s_power,986,True,3090.0,3090.0,256,1000000
10000,2.0,0.3,0.008758443453476887,2.763102111592855,0.0031697863849222273,0.5143932673972327,2.0,one_minus_s_power,987,True,1615.0,1615.0,256,1000000
10000,2.0,0.3,0.008758443453476887,2.763102111592855,0.0031697863849222273,0.5143932673972327,2.0,one_minus_s_power,988,True,1286.0,1286.0,256,1000000
10000,2.0,0.3,0.008758443453476887,2.763102111592855,0.0031697863849222273,0.5143932673972327,2.0,one_minus_s_power,989,True,4612.0,4612.0,256,1000000
10000,2.0,0.3,0.008758443453476887,2.763102111592855,0.0031697863849222273,0.5143932673972327,2.0,one_minus_s_power,990,True,7760.0,7760.0,256,1000000
10000,2.0,0.3,0.008758443453476887,2.763102111592855,0.0031697863849222273,0.5143932673972327,2.0,one_minus_s_power,991,True,4929.0,4929.0,256,1000000
10000,2.0,0.3,0.008758443453476887,2.763102111592855,0.0031697863849222273,0.5143932673972327,2.0,one_minus_s_power,992,True,686.0,686.0,256,1000000
10000,2.0,0.3,0.008758443453476887,2.763102111592855,0.0031697863849222273,0.5143932673972327,2.0,one_minus_s_power,993,True,763.0,763.0,256,1000000
10000,2.0,0.3,0.008758443453476887,2.763102111592855,0.0031697863849222273,0.5143932673972327,2.0,one_minus_s_power,994,True,3212.0,3212.0,256,1000000
10000,2.0,0.3,0.008758443453476887,2.763102111592855,0.0031697863849222273,0.5143932673972327,2.0,one_minus_s_power,995,True,4210.0,4210.0,256,1000000
10000,2.0,0.3,0.008758443453476887,2.763102111592855,0.0031697863849222273,0.5143932673972327,2.0,one_minus_s_power,996,True,6933.0,6933.0,256,1000000
10000,2.0,0.3,0.008758443453476887,2.763102111592855,0.0031697863849222273,0.5143932673972327,2.0,one_minus_s_power,997,True,733.0,733.0,256,1000000
10000,2.0,0.3,0.008758443453476887,2.763102111592855,0.0031697863849222273,0.5143932673972327,2.0,one_minus_s_power,998,True,1461.0,1461.0,256,1000000
10000,2.0,0.3,0.008758443453476887,2.763102111592855,0.0031697863849222273,0.5143932673972327,2.0,one_minus_s_power,999,True,671.0,671.0,256,1000000
